offset_GHz,folded_incident_density_per_GHz,nonparametric_recovery_per_GHz
-7.500000000000000000e+00,3.679381454638018870e-03,1.421092566625390026e-02
-7.497500000000000497e+00,3.679387766688398207e-03,1.387267884568300566e-02
-7.495000000000000107e+00,3.679406653660147360e-03,1.353443202511199137e-02
-7.492499999999999716e+00,3.679438165059977558e-03,1.319618520454097534e-02
-7.490000000000000213e+00,3.679482252035825782e-03,1.285793838397008074e-02
-7.487499999999999822e+00,3.679538964421901273e-03,1.251969156339906644e-02
-7.485000000000000320e+00,3.679608253693229195e-03,1.218144474282817184e-02
-7.482499999999999929e+00,3.679690170011521138e-03,1.184319792225715581e-02
-7.480000000000000426e+00,3.679784665179182315e-03,1.150495110168626295e-02
-7.477500000000000036e+00,3.679891789686017770e-03,1.116670428111524692e-02
-7.475000000000000533e+00,3.680011495661046454e-03,1.082845746054435232e-02
-7.472500000000000142e+00,3.680143833922284828e-03,1.025484231929550509e-02
-7.469999999999999751e+00,3.680288756926430264e-03,9.681227178046657861e-03
-7.467500000000000249e+00,3.680446315819592244e-03,9.107612036798015329e-03
-7.464999999999999858e+00,3.680616463385317800e-03,8.533996895549168099e-03
-7.462500000000000355e+00,3.680799251099172061e-03,7.960381754300523832e-03
-7.459999999999999964e+00,3.680994632071846618e-03,7.386766613051677470e-03
-7.457500000000000462e+00,3.681202658107592032e-03,6.813151471803034070e-03
-7.455000000000000071e+00,3.681423282644898012e-03,6.239536330554186841e-03
-7.452500000000000568e+00,3.681656557817705819e-03,5.665921189305543441e-03
-7.450000000000000178e+00,3.681902437391948099e-03,5.092306048056696212e-03
-7.447499999999999787e+00,3.682160973831494037e-03,4.647731854004823887e-03
-7.445000000000000284e+00,3.682432121229953399e-03,4.203157659953110289e-03
-7.442499999999999893e+00,3.682715932382311149e-03,3.758583465901238398e-03
-7.440000000000000391e+00,3.683012361709618251e-03,3.314009271849524367e-03
-7.437500000000000000e+00,3.683321462337851848e-03,2.869435077797652476e-03
-7.435000000000000497e+00,3.683643189017164234e-03,2.424860883745938445e-03
-7.432500000000000107e+00,3.683977595203698566e-03,1.980286689694066554e-03
-7.429999999999999716e+00,3.684324635977653892e-03,1.535712495642194662e-03
-7.427500000000000213e+00,3.684684365126641298e-03,1.091138301590481065e-03
-7.424999999999999822e+00,3.685056738059367450e-03,6.465641075387437231e-04
-7.422500000000000320e+00,3.685441808897279691e-03,5.819076967848808759e-04
-7.419999999999999929e+00,3.685839533377710704e-03,5.172512860309949351e-04
-7.417500000000000426e+00,3.686249965955590638e-03,4.525948752771320879e-04
-7.415000000000000036e+00,3.686673062698653681e-03,3.879384645232462556e-04
-7.412500000000000533e+00,3.687108878395074264e-03,3.232820537693833541e-04
-7.410000000000000142e+00,3.687557369443462095e-03,2.586256430154975218e-04
-7.407499999999999751e+00,3.688018590966421571e-03,1.939692322616116352e-04
-7.405000000000000249e+00,3.688492499693674705e-03,1.293128215077487880e-04
-7.402499999999999858e+00,3.688979151083320550e-03,6.465641075386295566e-05
-7.400000000000000355e+00,3.689478502197023925e-03,0.000000000000000000e+00
-7.397499999999999964e+00,3.689990608827547602e-03,0.000000000000000000e+00
-7.395000000000000462e+00,3.690515428369683156e-03,0.000000000000000000e+00
-7.392500000000000071e+00,3.691053016953820855e-03,0.000000000000000000e+00
-7.390000000000000568e+00,3.691603332306456556e-03,0.000000000000000000e+00
-7.387500000000000178e+00,3.692166430895843510e-03,0.000000000000000000e+00
-7.384999999999999787e+00,3.692742270782669017e-03,0.000000000000000000e+00
-7.382500000000000284e+00,3.693330908773760548e-03,0.000000000000000000e+00
-7.379999999999999893e+00,3.693932303263523700e-03,0.000000000000000000e+00
-7.377500000000000391e+00,3.694546511398424417e-03,0.000000000000000000e+00
-7.375000000000000000e+00,3.695173491907771841e-03,0.000000000000000000e+00
-7.372500000000000497e+00,3.695813302279210826e-03,0.000000000000000000e+00
-7.370000000000000107e+00,3.696465901577308810e-03,0.000000000000000000e+00
-7.367499999999999716e+00,3.697131347631479794e-03,0.000000000000000000e+00
-7.365000000000000213e+00,3.697809599842734329e-03,0.000000000000000000e+00
-7.362499999999999822e+00,3.698500716382849707e-03,0.000000000000000000e+00
-7.360000000000000320e+00,3.699204656990699031e-03,0.000000000000000000e+00
-7.357499999999999929e+00,3.699921480181488868e-03,0.000000000000000000e+00
-7.355000000000000426e+00,3.700651146032548147e-03,0.000000000000000000e+00
-7.352500000000000036e+00,3.701393713403933455e-03,0.000000000000000000e+00
-7.350000000000000533e+00,3.702149142711900522e-03,0.000000000000000000e+00
-7.347500000000000142e+00,3.702917493162838272e-03,0.000000000000000000e+00
-7.344999999999999751e+00,3.703698725513234619e-03,0.000000000000000000e+00
-7.342500000000000249e+00,3.704492899316340782e-03,0.000000000000000000e+00
-7.339999999999999858e+00,3.705299975670118054e-03,0.000000000000000000e+00
-7.337500000000000355e+00,3.706120014476104590e-03,0.000000000000000000e+00
-7.334999999999999964e+00,3.706952977174860896e-03,0.000000000000000000e+00
-7.332500000000000462e+00,3.707798924017392111e-03,0.000000000000000000e+00
-7.330000000000000071e+00,3.708657816787276455e-03,0.000000000000000000e+00
-7.327500000000000568e+00,3.709529716087117159e-03,0.000000000000000000e+00
-7.325000000000000178e+00,3.710414584044927858e-03,0.000000000000000000e+00
-7.322499999999999787e+00,3.711312481615445472e-03,0.000000000000000000e+00
-7.320000000000000284e+00,3.712223371272303871e-03,0.000000000000000000e+00
-7.317499999999999893e+00,3.713147314324088868e-03,0.000000000000000000e+00
-7.315000000000000391e+00,3.714084273591535586e-03,0.000000000000000000e+00
-7.312500000000000000e+00,3.715034310738325133e-03,0.000000000000000000e+00
-7.310000000000000497e+00,3.715997388933058899e-03,0.000000000000000000e+00
-7.307500000000000107e+00,3.716973570196527733e-03,0.000000000000000000e+00
-7.304999999999999716e+00,3.717962818046385842e-03,0.000000000000000000e+00
-7.302500000000000213e+00,3.718965194861774144e-03,0.000000000000000000e+00
-7.299999999999999822e+00,3.719980664511179924e-03,0.000000000000000000e+00
-7.297500000000000320e+00,3.721009289733512304e-03,0.000000000000000000e+00
-7.294999999999999929e+00,3.722051034749155902e-03,0.000000000000000000e+00
-7.292500000000000426e+00,3.723105962658746545e-03,0.000000000000000000e+00
-7.290000000000000036e+00,3.724174038035925772e-03,0.000000000000000000e+00
-7.287500000000000533e+00,3.725255324344298180e-03,0.000000000000000000e+00
-7.285000000000000142e+00,3.726349786512777110e-03,0.000000000000000000e+00
-7.282499999999999751e+00,3.727457488369328911e-03,0.000000000000000000e+00
-7.280000000000000249e+00,3.728578395199467956e-03,0.000000000000000000e+00
-7.277499999999999858e+00,3.729712571197831700e-03,0.000000000000000000e+00
-7.275000000000000355e+00,3.730859982007663552e-03,0.000000000000000000e+00
-7.272499999999999964e+00,3.732020692191808167e-03,0.000000000000000000e+00
-7.270000000000000462e+00,3.733194667753135347e-03,0.000000000000000000e+00
-7.267500000000000071e+00,3.734381973624769941e-03,0.000000000000000000e+00
-7.265000000000000568e+00,3.735582576170507017e-03,0.000000000000000000e+00
-7.262500000000000178e+00,3.736796540695381825e-03,0.000000000000000000e+00
-7.259999999999999787e+00,3.738023833926070166e-03,0.000000000000000000e+00
-7.257500000000000284e+00,3.739264521541263691e-03,0.000000000000000000e+00
-7.254999999999999893e+00,3.740518570632500421e-03,0.000000000000000000e+00
-7.252500000000000391e+00,3.741786047254292476e-03,0.000000000000000000e+00
-7.250000000000000000e+00,3.743066918863810315e-03,0.000000000000000000e+00
-7.247500000000000497e+00,3.744361251894017233e-03,3.957953037476552843e-04
-7.245000000000000107e+00,3.745669014170029381e-03,7.915906074954511895e-04
-7.242499999999999716e+00,3.746990272504325918e-03,1.187385911243247095e-03
-7.240000000000000213e+00,3.748324995092069001e-03,1.583181214990902379e-03
-7.237499999999999822e+00,3.749673249127743850e-03,1.978976518738698176e-03
-7.235000000000000320e+00,3.751035003178332817e-03,2.374771822486353677e-03
-7.232499999999999929e+00,3.752410324822014632e-03,2.770567126234149257e-03
-7.230000000000000426e+00,3.753799182999546444e-03,3.166362429981804758e-03
-7.227500000000000036e+00,3.755201645675790723e-03,3.562157733729600338e-03
-7.225000000000000533e+00,3.756617682166789058e-03,3.957953037477255839e-03
-7.222500000000000142e+00,3.758047360825714830e-03,4.511373602906555355e-03
-7.219999999999999751e+00,3.759490651346560769e-03,5.064794168335854004e-03
-7.217500000000000249e+00,3.760947622472943577e-03,5.618214733764956628e-03
-7.214999999999999858e+00,3.762418244278936067e-03,6.171635299194256144e-03
-7.212500000000000355e+00,3.763902585901025572e-03,6.725055864623358769e-03
-7.209999999999999964e+00,3.765400617794846441e-03,7.278476430052657417e-03
-7.207500000000000462e+00,3.766912409492749036e-03,7.831896995481760909e-03
-7.205000000000000071e+00,3.768437931834413800e-03,8.385317560911060425e-03
-7.202500000000000568e+00,3.769977254749178226e-03,8.938738126340162182e-03
-7.200000000000000178e+00,3.771530349463421243e-03,9.492158691769461698e-03
-7.197499999999999787e+00,3.773097286307254376e-03,9.780761845590742187e-03
-7.195000000000000284e+00,3.774678036895162334e-03,1.006936499941192033e-02
-7.192499999999999893e+00,3.776272671959542485e-03,1.035796815323320082e-02
-7.190000000000000391e+00,3.777881163505899219e-03,1.064657130705437896e-02
-7.187500000000000000e+00,3.779503582672379992e-03,1.093517446087565945e-02
-7.185000000000000497e+00,3.781139901857256611e-03,1.122377761469683759e-02
-7.182500000000000107e+00,3.782790192606601092e-03,1.151238076851811808e-02
-7.179999999999999716e+00,3.784454427714324491e-03,1.180098392233939857e-02
-7.177500000000000213e+00,3.786132679136898407e-03,1.208958707616057671e-02
-7.174999999999999822e+00,3.787824920066387626e-03,1.237819022998169760e-02
-7.172500000000000320e+00,3.789531222872576360e-03,1.221800637506208383e-02
-7.169999999999999929e+00,3.791251561147774771e-03,1.205782252014241107e-02
-7.167500000000000426e+00,3.792986007677996620e-03,1.189763866522279730e-02
-7.165000000000000036e+00,3.794734536458621577e-03,1.173745481030312628e-02
-7.162500000000000533e+00,3.796497220694380545e-03,1.157727095538351077e-02
-7.160000000000000142e+00,3.798274034786357310e-03,1.141708710046383975e-02
-7.157499999999999751e+00,3.800065052360932037e-03,1.125690324554416699e-02
-7.155000000000000249e+00,3.801870248227735404e-03,1.109671939062455322e-02
-7.152499999999999858e+00,3.803689696437460074e-03,1.093653553570488220e-02
-7.150000000000000355e+00,3.805523372210830625e-03,1.077635168078526669e-02
-7.147499999999999964e+00,3.807371350026344213e-03,1.031741737603652717e-02
-7.145000000000000462e+00,3.809233605518335102e-03,9.858483071287952454e-03
-7.142500000000000071e+00,3.811110213595891340e-03,9.399548766539212938e-03
-7.140000000000000568e+00,3.813001150310109735e-03,8.940614461790638220e-03
-7.137500000000000178e+00,3.814906491003522415e-03,8.481680157041898704e-03
-7.134999999999999787e+00,3.816826212146980698e-03,8.022745852293160923e-03
-7.132500000000000284e+00,3.818760389519660486e-03,7.563811547544584471e-03
-7.129999999999999893e+00,3.820709000014741070e-03,7.104877242795844955e-03
-7.127500000000000391e+00,3.822672119851668136e-03,6.645942938047269370e-03
-7.125000000000000000e+00,3.824649726349059736e-03,6.187008633298530721e-03
-7.122500000000000497e+00,3.826641896169219979e-03,5.751237321682490730e-03
-7.120000000000000107e+00,3.828648607059447449e-03,5.315466010066295481e-03
-7.117499999999999716e+00,3.830669936128535021e-03,4.879694698450101099e-03
-7.115000000000000213e+00,3.832705861555581704e-03,4.443923386834061108e-03
-7.112499999999999822e+00,3.834756460898992077e-03,4.008152075217865859e-03
-7.110000000000000320e+00,3.836821712772436367e-03,3.572380763601826301e-03
-7.107499999999999929e+00,3.838901695188088117e-03,3.136609451985631052e-03
-7.105000000000000426e+00,3.840996387197446581e-03,2.700838140369591061e-03
-7.102500000000000036e+00,3.843105867269179521e-03,2.265066828753396246e-03
-7.100000000000000533e+00,3.845230114896150582e-03,1.829295517137356471e-03
-7.097500000000000142e+00,3.847369209007325992e-03,1.646365965423594912e-03
-7.094999999999999751e+00,3.849523129540385023e-03,1.463436413709833135e-03
-7.092500000000000249e+00,3.851691955887877935e-03,1.280506861996136628e-03
-7.089999999999999858e+00,3.853875668435229572e-03,1.097577310282375068e-03
-7.087500000000000355e+00,3.856074347043208107e-03,9.146477585686782355e-04
-7.084999999999999964e+00,3.858287972548506747e-03,7.317182068549165676e-04
-7.082500000000000462e+00,3.860516625282489882e-03,5.487886551412200602e-04
-7.080000000000000071e+00,3.862760286537490588e-03,3.658591034274582838e-04
-7.077500000000000568e+00,3.865019037119613293e-03,1.829295517137617764e-04
-7.075000000000000178e+00,3.867292858779943030e-03,0.000000000000000000e+00
-7.072499999999999787e+00,3.869581832803370078e-03,0.000000000000000000e+00
-7.070000000000000284e+00,3.871885941402916382e-03,0.000000000000000000e+00
-7.067499999999999893e+00,3.874205266346705898e-03,0.000000000000000000e+00
-7.065000000000000391e+00,3.876539790313513010e-03,0.000000000000000000e+00
-7.062500000000000000e+00,3.878889595557919769e-03,0.000000000000000000e+00
-7.060000000000000497e+00,3.881254665228782430e-03,0.000000000000000000e+00
-7.057500000000000107e+00,3.883635082071333969e-03,0.000000000000000000e+00
-7.054999999999999716e+00,3.886030829707994103e-03,0.000000000000000000e+00
-7.052500000000000213e+00,3.888441991378836522e-03,0.000000000000000000e+00
-7.049999999999999822e+00,3.890868551183424440e-03,5.040954787210797281e-17
-7.047500000000000320e+00,3.893310592861484818e-03,1.418902631329850854e-04
-7.044999999999999929e+00,3.895768100993877298e-03,2.837805262659701708e-04
-7.042500000000000426e+00,3.898241159823369589e-03,4.256707893989048678e-04
-7.040000000000000036e+00,3.900729754416368267e-03,5.675610525318899261e-04
-7.037500000000000533e+00,3.903233969523233274e-03,7.094513156648246232e-04
-7.035000000000000142e+00,3.905753790700431435e-03,8.513415787978097357e-04
-7.032499999999999751e+00,3.908289303209522281e-03,9.932318419307948482e-04
-7.030000000000000249e+00,3.910840493101176707e-03,1.135122105063729545e-03
-7.027499999999999858e+00,3.913407446153731838e-03,1.277012368196714549e-03
-7.025000000000000355e+00,3.915990148915321316e-03,1.418902631329649246e-03
-7.022499999999999964e+00,3.918588687685518532e-03,1.670505695932835311e-03
-7.020000000000000462e+00,3.921203049515038612e-03,1.922108760535932038e-03
-7.017500000000000071e+00,3.923833321228442118e-03,2.173711825139118103e-03
-7.015000000000000568e+00,3.926479490383779671e-03,2.425314889742215263e-03
-7.012500000000000178e+00,3.929141644335484851e-03,2.676917954345401328e-03
-7.009999999999999787e+00,3.931819771153020372e-03,2.928521018948587393e-03
-7.007500000000000284e+00,3.934513958725821547e-03,3.180124083551684119e-03
-7.004999999999999893e+00,3.937224195639191064e-03,3.431727148154870184e-03
-7.002500000000000391e+00,3.939950570322273138e-03,3.683330212757966911e-03
-7.000000000000000000e+00,3.942693071880790968e-03,3.934933277361152976e-03
-6.997500000000000497e+00,3.945451789288712506e-03,4.151638717484866688e-03
-6.995000000000000107e+00,3.948226712176762000e-03,4.368344157608581267e-03
-6.992499999999999716e+00,3.951017930068683771e-03,4.585049597732448502e-03
-6.990000000000000213e+00,3.953825433125015242e-03,4.801755037856163082e-03
-6.987499999999999822e+00,3.956649311424449179e-03,5.018460477979876794e-03
-6.985000000000000320e+00,3.959489555662190803e-03,5.235165918103744896e-03
-6.982499999999999929e+00,3.962346256476626666e-03,5.451871358227458608e-03
-6.980000000000000426e+00,3.965219405103123651e-03,5.668576798351173188e-03
-6.977500000000000036e+00,3.968109092744643608e-03,5.885282238475040423e-03
-6.975000000000000533e+00,3.971015311181622619e-03,6.101987678598600612e-03
-6.972500000000000142e+00,3.973938152187352774e-03,6.168879623048805633e-03
-6.969999999999999751e+00,3.976877608092058668e-03,6.235771567499010654e-03
-6.967500000000000249e+00,3.979833771244918952e-03,6.302663511949121132e-03
-6.964999999999999858e+00,3.982806634531388564e-03,6.369555456399326153e-03
-6.962500000000000355e+00,3.985796290881480144e-03,6.436447400849483469e-03
-6.959999999999999964e+00,3.988802733741019825e-03,6.503339345299640785e-03
-6.957500000000000462e+00,3.991826056627147817e-03,6.570231289749845806e-03
-6.955000000000000071e+00,3.994866253551264748e-03,6.637123234200003989e-03
-6.952500000000000568e+00,3.997923418622742822e-03,6.704015178650161305e-03
-6.950000000000000178e+00,4.000997546424234913e-03,6.770907123100366326e-03
-6.947499999999999787e+00,4.004088731663450577e-03,6.669551128318560763e-03
-6.945000000000000284e+00,4.007196969499454003e-03,6.568195133536755201e-03
-6.942499999999999893e+00,4.010322355244073066e-03,6.466839138754877647e-03
-6.940000000000000391e+00,4.013464884638894697e-03,6.365483143973144076e-03
-6.937500000000000000e+00,4.016624653605097885e-03,6.264127149191266522e-03
-6.935000000000000497e+00,4.019801658472765826e-03,6.162771154409461827e-03
-6.932500000000000107e+00,4.022995995778808065e-03,6.061415159627656264e-03
-6.929999999999999716e+00,4.026207662447125329e-03,5.960059164845778711e-03
-6.927500000000000213e+00,4.029436755636756247e-03,5.858703170063973148e-03
-6.924999999999999822e+00,4.032683272871431628e-03,5.757347175282167585e-03
-6.922500000000000320e+00,4.035947311937800042e-03,5.554179728081367132e-03
-6.919999999999999929e+00,4.039228870965802694e-03,5.351012280880711527e-03
-6.917500000000000426e+00,4.042528048376686431e-03,5.147844833680055923e-03
-6.915000000000000036e+00,4.045844842912076772e-03,4.944677386479255470e-03
-6.912500000000000533e+00,4.049179353633661389e-03,4.741509939278743847e-03
-6.910000000000000142e+00,4.052531579901677734e-03,4.538342492077943394e-03
-6.907499999999999751e+00,4.055901621425032737e-03,4.335175044877143807e-03
-6.905000000000000249e+00,4.059289478188170264e-03,4.132007597676632185e-03
-6.902499999999999858e+00,4.062695250553839676e-03,3.928840150475831731e-03
-6.900000000000000355e+00,4.066118939137415046e-03,3.725672703275175694e-03
-6.897499999999999964e+00,4.069560644962159045e-03,3.519137551978073365e-03
-6.895000000000000462e+00,4.073020369280917589e-03,3.312602400680824451e-03
-6.892500000000000071e+00,4.076498213783859986e-03,3.106067249383722122e-03
-6.890000000000000568e+00,4.079994180367771915e-03,2.899532098086619793e-03
-6.887500000000000178e+00,4.083508371397439295e-03,2.692996946789370447e-03
-6.884999999999999787e+00,4.087040789420291406e-03,2.486461795492268118e-03
-6.882500000000000284e+00,4.090591537481691291e-03,2.279926644195165789e-03
-6.879999999999999893e+00,4.094160618786898791e-03,2.073391492897916875e-03
-6.877500000000000391e+00,4.097748137069739255e-03,1.866856341600961347e-03
-6.875000000000000000e+00,4.101354096199751054e-03,1.660321190303712217e-03
-6.872500000000000497e+00,4.104978600606041042e-03,1.528552818706297714e-03
-6.870000000000000107e+00,4.108621654829724967e-03,1.396784447108883210e-03
-6.867499999999999716e+00,4.112283364002967088e-03,1.265016075511375031e-03
-6.865000000000000213e+00,4.115963733345078500e-03,1.133247703913960527e-03
-6.862499999999999822e+00,4.119662868698631755e-03,1.001479332316545807e-03
-6.860000000000000320e+00,4.123380775969141647e-03,8.697109607190377364e-04
-6.857499999999999929e+00,4.127117561716301536e-03,7.379425891216231242e-04
-6.855000000000000426e+00,4.130873232539448818e-03,6.061742175242086205e-04
-6.852500000000000036e+00,4.134647895723495351e-03,4.744058459267004417e-04
-6.850000000000000533e+00,4.138441558568433341e-03,3.426374743293796672e-04
-6.847500000000000142e+00,4.142254329092882013e-03,3.083737268964270800e-04
-6.844999999999999751e+00,4.146086215304751674e-03,2.741099794634745471e-04
-6.842500000000000249e+00,4.149937325963849039e-03,2.398462320305706406e-04
-6.839999999999999858e+00,4.153807669794630161e-03,2.055824845976180534e-04
-6.837500000000000355e+00,4.157697356305558103e-03,1.713187371646898336e-04
-6.834999999999999964e+00,4.161606394945166834e-03,1.370549897317615868e-04
-6.832500000000000462e+00,4.165534895979505249e-03,1.027912422988090267e-04
-6.830000000000000071e+00,4.169482869588969805e-03,6.852749486588077983e-05
-6.827500000000000568e+00,4.173450426805278175e-03,3.426374743295253298e-05
-6.825000000000000178e+00,4.177437578548806076e-03,0.000000000000000000e+00
-6.822499999999999787e+00,4.181444436625354234e-03,0.000000000000000000e+00
-6.820000000000000284e+00,4.185471012703623379e-03,0.000000000000000000e+00
-6.817499999999999893e+00,4.189517419372013919e-03,0.000000000000000000e+00
-6.815000000000000391e+00,4.193583669055945921e-03,0.000000000000000000e+00
-6.812500000000000000e+00,4.197669875135018498e-03,0.000000000000000000e+00
-6.810000000000000497e+00,4.201776050799768854e-03,0.000000000000000000e+00
-6.807500000000000107e+00,4.205902310229988478e-03,0.000000000000000000e+00
-6.804999999999999716e+00,4.210048667390121555e-03,0.000000000000000000e+00
-6.802500000000000213e+00,4.214215237268598320e-03,0.000000000000000000e+00
-6.799999999999999822e+00,4.218402034612740194e-03,0.000000000000000000e+00
-6.797500000000000320e+00,4.222609175229407805e-03,0.000000000000000000e+00
-6.794999999999999929e+00,4.226836674657009386e-03,0.000000000000000000e+00
-6.792500000000000426e+00,4.231084649529438454e-03,0.000000000000000000e+00
-6.790000000000000036e+00,4.235353116186293954e-03,0.000000000000000000e+00
-6.787500000000000533e+00,4.239642192098084031e-03,0.000000000000000000e+00
-6.785000000000000142e+00,4.243951894413844350e-03,0.000000000000000000e+00
-6.782499999999999751e+00,4.248282341450491072e-03,0.000000000000000000e+00
-6.780000000000000249e+00,4.252633551176364553e-03,0.000000000000000000e+00
-6.777499999999999858e+00,4.257005642763798253e-03,0.000000000000000000e+00
-6.775000000000000355e+00,4.261398635010266167e-03,0.000000000000000000e+00
-6.772499999999999964e+00,4.265812647953160647e-03,1.002287497332634989e-04
-6.770000000000000462e+00,4.270247701228868827e-03,2.004574994665982298e-04
-6.767500000000000071e+00,4.274703915750389938e-03,3.006862491998617422e-04
-6.765000000000000568e+00,4.279181312001512257e-03,4.009149989331252275e-04
-6.762500000000000178e+00,4.283680011781577229e-03,5.011437486664599992e-04
-6.759999999999999787e+00,4.288200036432349149e-03,6.013724983997234845e-04
-6.757500000000000284e+00,4.292741508648993676e-03,7.016012481329869698e-04
-6.754999999999999893e+00,4.297304450641477314e-03,8.018299978663216872e-04
-6.752500000000000391e+00,4.301888986011580783e-03,9.020587475995139404e-04
-6.750000000000000000e+00,4.306495137847739761e-03,1.002287497332848658e-03
-6.747500000000000497e+00,4.311123030668597041e-03,1.356926936693303486e-03
-6.745000000000000107e+00,4.315772688451489231e-03,1.711566376053758314e-03
-6.742499999999999716e+00,4.320444236642913272e-03,2.066205815414465328e-03
-6.740000000000000213e+00,4.325137700119744896e-03,2.420845254774920373e-03
-6.737499999999999822e+00,4.329853205267259614e-03,2.775484694135374984e-03
-6.735000000000000320e+00,4.334590777872667465e-03,3.130124133496081998e-03
-6.732499999999999929e+00,4.339350545270860213e-03,3.484763572856537043e-03
-6.730000000000000426e+00,4.344132534170310096e-03,3.839403012216991654e-03
-6.727500000000000036e+00,4.348936872867186811e-03,4.194042451577699102e-03
-6.725000000000000533e+00,4.353763589002292329e-03,4.548681890937901311e-03
-6.722500000000000142e+00,4.358612811844264114e-03,5.059711186501450290e-03
-6.719999999999999751e+00,4.363484569977645749e-03,5.570740482064998403e-03
-6.717500000000000249e+00,4.368378993655378482e-03,6.081769777627821401e-03
-6.714999999999999858e+00,4.373296112417109950e-03,6.592799073191369513e-03
-6.712500000000000355e+00,4.378236057511485785e-03,7.103828368754555936e-03
-6.709999999999999964e+00,4.383198859445359107e-03,7.614857664317740624e-03
-6.707500000000000462e+00,4.388184650475289786e-03,8.125886959881289603e-03
-6.705000000000000071e+00,4.393193462086627740e-03,8.636916255444476026e-03
-6.702500000000000568e+00,4.398225427556424691e-03,9.147945551007660714e-03
-6.700000000000000178e+00,4.403280579360797052e-03,9.658974846571209694e-03
-6.697499999999999787e+00,4.408359051809146098e-03,1.006797426121177480e-02
-6.695000000000000284e+00,4.413460878380608826e-03,1.047697367585233991e-02
-6.692499999999999893e+00,4.418586194429791232e-03,1.088597309049319471e-02
-6.690000000000000391e+00,4.423735034451256772e-03,1.129497250513347012e-02
-6.687500000000000000e+00,4.428907534857688677e-03,1.170397191977432493e-02
-6.685000000000000497e+00,4.434103731171474931e-03,1.211297133441489003e-02
-6.682500000000000107e+00,4.439323760876331786e-03,1.252197074905545514e-02
-6.679999999999999716e+00,4.444567660535608811e-03,1.293097016369630994e-02
-6.677500000000000213e+00,4.449835568716984172e-03,1.333996957833687505e-02
-6.674999999999999822e+00,4.455127523037919965e-03,1.374896899297744016e-02
-6.672500000000000320e+00,4.460443663163441395e-03,1.380475845390614388e-02
-6.669999999999999929e+00,4.465784027778361628e-03,1.386054791483480771e-02
-6.667500000000000426e+00,4.471148757658876920e-03,1.391633737576347153e-02
-6.665000000000000036e+00,4.476537892570311983e-03,1.397212683669217526e-02
-6.662500000000000533e+00,4.481951574413827778e-03,1.402791629762079918e-02
-6.660000000000000142e+00,4.487389844049182591e-03,1.408370575854950291e-02
-6.657499999999999751e+00,4.492852844516644420e-03,1.413949521947820663e-02
-6.655000000000000249e+00,4.498340617784054793e-03,1.419528468040683056e-02
-6.652499999999999858e+00,4.503853308044966641e-03,1.425107414133553428e-02
-6.650000000000000355e+00,4.509390958389880751e-03,1.430686360226419811e-02
-6.647499999999999964e+00,4.514953714179946453e-03,1.394137943122508196e-02
-6.645000000000000462e+00,4.520541619642376788e-03,1.357589526018570560e-02
-6.642500000000000071e+00,4.526154821320887284e-03,1.321041108914658771e-02
-6.640000000000000568e+00,4.531793364594314914e-03,1.284492691810747156e-02
-6.637500000000000178e+00,4.537457397203703037e-03,1.247944274706809520e-02
-6.634999999999999787e+00,4.543146965694080767e-03,1.211395857602897905e-02
-6.632500000000000284e+00,4.548862219019139501e-03,1.174847440498986290e-02
-6.629999999999999893e+00,4.554603204905412032e-03,1.138299023395048654e-02
-6.627500000000000391e+00,4.560370073534537189e-03,1.101750606291162886e-02
-6.625000000000000000e+00,4.566162873829640936e-03,1.065202189187225250e-02
-6.622500000000000497e+00,4.571981757216504044e-03,1.006487797056976503e-02
-6.620000000000000107e+00,4.577826773830525817e-03,9.477734049267277569e-03
-6.617499999999999716e+00,4.583698076356984737e-03,8.890590127964372036e-03
-6.615000000000000213e+00,4.589595716159473003e-03,8.303446206661884571e-03
-6.612499999999999822e+00,4.595519847199350770e-03,7.716302285359396239e-03
-6.610000000000000320e+00,4.601470522084240289e-03,7.129158364056491573e-03
-6.607499999999999929e+00,4.607447896068210709e-03,6.542014442754003241e-03
-6.605000000000000426e+00,4.613452023019411555e-03,5.954870521451515776e-03
-6.602500000000000036e+00,4.619483059500402618e-03,5.367726600148611110e-03
-6.600000000000000533e+00,4.625541060658152487e-03,4.780582678846539979e-03
-6.597500000000000142e+00,4.631626184380861939e-03,4.344719282855071321e-03
-6.594999999999999751e+00,4.637738487108203356e-03,3.908855886863602663e-03
-6.592500000000000249e+00,4.643878128072881882e-03,3.472992490872754169e-03
-6.589999999999999858e+00,4.650045165026274983e-03,3.037129094881285511e-03
-6.587500000000000355e+00,4.656239758562072048e-03,2.601265698890126935e-03
-6.584999999999999964e+00,4.662461967759982950e-03,2.165402302898968359e-03
-6.582500000000000462e+00,4.668711954592824794e-03,1.729538906907499701e-03
-6.580000000000000071e+00,4.674989779487041808e-03,1.293675510916341125e-03
-6.577500000000000568e+00,4.681295605812421309e-03,8.578121149251825492e-04
-6.575000000000000178e+00,4.687629495359869024e-03,4.219487189337137287e-04
-6.572499999999999787e+00,4.693991612914978108e-03,3.797538470403483786e-04
-6.570000000000000284e+00,4.700382021651478698e-03,3.375589751469829742e-04
-6.567499999999999893e+00,4.706800887789346945e-03,2.953641032535876459e-04
-6.565000000000000391e+00,4.713248275903877613e-03,2.531692313602522198e-04
-6.562500000000000000e+00,4.719724353668434610e-03,2.109743594668568372e-04
-6.560000000000000497e+00,4.726229187078986177e-03,1.687794875734914871e-04
-6.557500000000000107e+00,4.732762945281632216e-03,1.265846156801260828e-04
-6.554999999999999716e+00,4.739325695712170994e-03,8.438974378673075446e-05
-6.552500000000000213e+00,4.745917609009151807e-03,4.219487189336535013e-05
-6.549999999999999822e+00,4.752538754067895527e-03,0.000000000000000000e+00
-6.547500000000000320e+00,4.759189303039539250e-03,0.000000000000000000e+00
-6.544999999999999929e+00,4.765869326298690159e-03,0.000000000000000000e+00
-6.542500000000000426e+00,4.772578997529506456e-03,0.000000000000000000e+00
-6.540000000000000036e+00,4.779318388606165757e-03,0.000000000000000000e+00
-6.537500000000000533e+00,4.786087674766310168e-03,0.000000000000000000e+00
-6.535000000000000142e+00,4.792886929404726465e-03,0.000000000000000000e+00
-6.532499999999999751e+00,4.799716329333496116e-03,0.000000000000000000e+00
-6.530000000000000249e+00,4.806575949488532500e-03,0.000000000000000000e+00
-6.527499999999999858e+00,4.813465968278119421e-03,0.000000000000000000e+00
-6.525000000000000355e+00,4.820386462200705949e-03,0.000000000000000000e+00
-6.522499999999999964e+00,4.827337611282458800e-03,0.000000000000000000e+00
-6.520000000000000462e+00,4.834319493606027696e-03,0.000000000000000000e+00
-6.517500000000000071e+00,4.841332290837297228e-03,0.000000000000000000e+00
-6.515000000000000568e+00,4.848376082665397692e-03,0.000000000000000000e+00
-6.512500000000000178e+00,4.855451052418456939e-03,0.000000000000000000e+00
-6.509999999999999787e+00,4.862557281414462036e-03,0.000000000000000000e+00
-6.507500000000000284e+00,4.869694954666777854e-03,0.000000000000000000e+00
-6.504999999999999893e+00,4.876864155144813515e-03,0.000000000000000000e+00
-6.502500000000000391e+00,4.884065069570488193e-03,0.000000000000000000e+00
-6.500000000000000000e+00,4.891297782587964230e-03,0.000000000000000000e+00
-6.497500000000000497e+00,4.898562482651277854e-03,0.000000000000000000e+00
-6.495000000000000107e+00,4.905859256102856197e-03,0.000000000000000000e+00
-6.492499999999999716e+00,4.913188293152921833e-03,0.000000000000000000e+00
-6.490000000000000213e+00,4.920549681866152707e-03,0.000000000000000000e+00
-6.487499999999999822e+00,4.927943614233394783e-03,0.000000000000000000e+00
-6.485000000000000320e+00,4.935370180066174332e-03,0.000000000000000000e+00
-6.482499999999999929e+00,4.942829573160877413e-03,0.000000000000000000e+00
-6.480000000000000426e+00,4.950321885100282711e-03,0.000000000000000000e+00
-6.477500000000000036e+00,4.957847311511542725e-03,0.000000000000000000e+00
-6.475000000000000533e+00,4.965405945774682521e-03,0.000000000000000000e+00
-6.472500000000000142e+00,4.972997985372892490e-03,0.000000000000000000e+00
-6.469999999999999751e+00,4.980623525508705990e-03,0.000000000000000000e+00
-6.467500000000000249e+00,4.988282765548088596e-03,0.000000000000000000e+00
-6.464999999999999858e+00,4.995975802542045562e-03,0.000000000000000000e+00
-6.462500000000000355e+00,5.003702837766062748e-03,0.000000000000000000e+00
-6.459999999999999964e+00,5.011463970145992909e-03,0.000000000000000000e+00
-6.457500000000000462e+00,5.019259402893807599e-03,0.000000000000000000e+00
-6.455000000000000071e+00,5.027089236837579272e-03,0.000000000000000000e+00
-6.452500000000000568e+00,5.034953677153100951e-03,0.000000000000000000e+00
-6.450000000000000178e+00,5.042852826598227811e-03,0.000000000000000000e+00
-6.447499999999999787e+00,5.050786892340468695e-03,1.903715055911054578e-05
-6.445000000000000284e+00,5.058755979095577032e-03,3.807430111822109156e-05
-6.442499999999999893e+00,5.066760296051429045e-03,5.711145167734516616e-05
-6.440000000000000391e+00,5.074799949909719089e-03,7.614860223644218313e-05
-6.437500000000000000e+00,5.082875151907734375e-03,9.518575279556625772e-05
-6.435000000000000497e+00,5.090986010762558849e-03,1.142229033546767933e-04
-6.432500000000000107e+00,5.099132739790204934e-03,1.332600539137873425e-04
-6.429999999999999716e+00,5.107315449752184572e-03,1.522972044729114171e-04
-6.427500000000000213e+00,5.115534356073608672e-03,1.713343550320219663e-04
-6.424999999999999822e+00,5.123789571590703709e-03,1.903715055911325154e-04
-6.422500000000000320e+00,5.132081313867661171e-03,6.406706524234137730e-04
-6.419999999999999929e+00,5.140409697845965339e-03,1.090969799255375001e-03
-6.417500000000000426e+00,5.148774943260401270e-03,1.541268946087336229e-03
-6.415000000000000036e+00,5.157177167188570915e-03,1.991568092919617731e-03
-6.412500000000000533e+00,5.165616591567259198e-03,2.441867239751259119e-03
-6.410000000000000142e+00,5.174093335641988430e-03,2.892166386583540187e-03
-6.407499999999999751e+00,5.182607623583669609e-03,3.342465533415821689e-03
-6.405000000000000249e+00,5.191159576837728502e-03,3.792764680247463077e-03
-6.402499999999999858e+00,5.199749421842313722e-03,4.243063827079743278e-03
-6.400000000000000355e+00,5.208377282275463566e-03,4.693362973911705156e-03
-6.397499999999999964e+00,5.217043386875554363e-03,5.339725640644738675e-03
-6.395000000000000462e+00,5.225747861586821190e-03,5.986088307378231894e-03
-6.392500000000000071e+00,5.234490937481520861e-03,6.632450974111266280e-03
-6.390000000000000568e+00,5.243272742804070199e-03,7.278813640844299798e-03
-6.387500000000000178e+00,5.252093510995261075e-03,7.925176307577792151e-03
-6.384999999999999787e+00,5.260953372634146266e-03,8.571538974310826536e-03
-6.382500000000000284e+00,5.269852563565369935e-03,9.217901641043860922e-03
-6.379999999999999893e+00,5.278791216737463605e-03,9.864264307777353274e-03
-6.377500000000000391e+00,5.287769570434492500e-03,1.051062697450992969e-02
-6.375000000000000000e+00,5.296787760010608116e-03,1.115698964124342205e-02
-6.372500000000000497e+00,5.305846026225673022e-03,1.159447808675362866e-02
-6.370000000000000107e+00,5.314944506875693593e-03,1.203196653226383528e-02
-6.367499999999999716e+00,5.324083445233345271e-03,1.246945497777435415e-02
-6.365000000000000213e+00,5.333262981573735559e-03,1.290694342328456076e-02
-6.362499999999999822e+00,5.342483361720122906e-03,1.334443186879476911e-02
-6.360000000000000320e+00,5.351744728464148670e-03,1.378192031430528625e-02
-6.357499999999999929e+00,5.361047330217964813e-03,1.421940875981549286e-02
-6.355000000000000426e+00,5.370391312328728385e-03,1.465689720532569948e-02
-6.352500000000000036e+00,5.379776925836133629e-03,1.509438565083621835e-02
-6.350000000000000533e+00,5.389204318681613953e-03,1.553187409634611445e-02
-6.347500000000000142e+00,5.398673744572844019e-03,1.551662316432648840e-02
-6.344999999999999751e+00,5.408185354085289116e-03,1.550137223230686236e-02
-6.342500000000000249e+00,5.417739403634788328e-03,1.548612130028725886e-02
-6.339999999999999858e+00,5.427336046471593553e-03,1.547087036826763282e-02
-6.337500000000000355e+00,5.436975541760869814e-03,1.545561943624801718e-02
-6.334999999999999964e+00,5.446658045468822339e-03,1.544036850422840154e-02
-6.332500000000000462e+00,5.456383819552203425e-03,1.542511757220877550e-02
-6.330000000000000071e+00,5.466153022735074744e-03,1.540986664018916159e-02
-6.327500000000000568e+00,5.475965919808255776e-03,1.539461570816954596e-02
-6.325000000000000178e+00,5.485822672296920832e-03,1.537936477614991991e-02
-6.322499999999999787e+00,5.495723547869583135e-03,1.495160018595457878e-02
-6.320000000000000284e+00,5.505668710896060788e-03,1.452383559575923765e-02
-6.317499999999999893e+00,5.515658431966175175e-03,1.409607100556359294e-02
-6.315000000000000391e+00,5.525692878339151862e-03,1.366830641536855538e-02
-6.312500000000000000e+00,5.535772323572111381e-03,1.324054182517291067e-02
-6.310000000000000497e+00,5.545896937858149460e-03,1.281277723497756954e-02
-6.307500000000000107e+00,5.556066997767475542e-03,1.238501264478222667e-02
-6.304999999999999716e+00,5.566282676473577329e-03,1.195724805458658196e-02
-6.302500000000000213e+00,5.576544253606507441e-03,1.152948346439124083e-02
-6.299999999999999822e+00,5.586851905367156562e-03,1.110171887419589970e-02
-6.297500000000000320e+00,5.597205914492894667e-03,1.052010550915546613e-02
-6.294999999999999929e+00,5.607606460259771490e-03,9.938492144115443697e-03
-6.292500000000000426e+00,5.618053828561110803e-03,9.356878779075422994e-03
-6.290000000000000036e+00,5.628548201797101309e-03,8.775265414034989428e-03
-6.287500000000000533e+00,5.639089869066263305e-03,8.193652048995381590e-03
-6.285000000000000142e+00,5.649679015942480308e-03,7.612038683954946289e-03
-6.282499999999999751e+00,5.660315934780323424e-03,7.030425318914512722e-03
-6.280000000000000249e+00,5.671000814377307603e-03,6.448811953874904884e-03
-6.277499999999999858e+00,5.681733950395518803e-03,5.867198588834470450e-03
-6.275000000000000355e+00,5.692515534908017608e-03,5.285585223794448881e-03
-6.272499999999999964e+00,5.703345866936199333e-03,4.855406738855323756e-03
-6.270000000000000462e+00,5.714225141881677274e-03,4.425228253915892453e-03
-6.267500000000000071e+00,5.725153662178129356e-03,3.995049768976767328e-03
-6.265000000000000568e+00,5.736131626608850960e-03,3.564871284037642203e-03
-6.262500000000000178e+00,5.747159341074789887e-03,3.134692799098210900e-03
-6.259999999999999787e+00,5.758237007795177949e-03,2.704514314159085775e-03
-6.257500000000000284e+00,5.769364936193272994e-03,2.274335829219960217e-03
-6.254999999999999893e+00,5.780543331979989471e-03,1.844157344280529347e-03
-6.252500000000000391e+00,5.791772508157189657e-03,1.413978859341709967e-03
-6.250000000000000000e+00,5.803052673984156196e-03,9.838003744022788804e-04
-6.247500000000000497e+00,5.814384146098820240e-03,8.854203369620649569e-04
-6.245000000000000107e+00,5.825767137366182589e-03,7.870402995218510334e-04
-6.242499999999999716e+00,5.837201968118882131e-03,6.886602620815672872e-04
-6.240000000000000213e+00,5.848688854886832655e-03,5.902802246413533637e-04
-6.237499999999999822e+00,5.860228121756731745e-03,4.919001872011394402e-04
-6.235000000000000320e+00,5.871819988983217713e-03,3.935201497608556941e-04
-6.232499999999999929e+00,5.883464784467728331e-03,2.951401123206417705e-04
-6.230000000000000426e+00,5.895162732250803193e-03,1.967600748804278470e-04
-6.227500000000000036e+00,5.906914164110834385e-03,9.838003744014399247e-05
-6.225000000000000533e+00,5.918719307936326848e-03,0.000000000000000000e+00
-6.222500000000000142e+00,5.930578499445555811e-03,2.032785838576127977e-04
-6.219999999999999751e+00,5.942491970438568312e-03,4.065571677152255954e-04
-6.217500000000000249e+00,5.954460060638161988e-03,6.098357515725495075e-04
-6.214999999999999858e+00,5.966483005820122885e-03,8.131143354301622510e-04
-6.212500000000000355e+00,5.978561149777496253e-03,1.016392919287630687e-03
-6.209999999999999964e+00,5.990694732328325986e-03,1.219671503145099015e-03
-6.207500000000000462e+00,6.002884101402095919e-03,1.422950087002711759e-03
-6.205000000000000071e+00,6.015129500926328331e-03,1.626228670860180086e-03
-6.202500000000000568e+00,6.027431283035511456e-03,1.829507254717648414e-03
-6.200000000000000178e+00,6.039789695835033959e-03,2.032785838575261374e-03
-6.197499999999999787e+00,6.052205095733926600e-03,2.356604421093549777e-03
-6.195000000000000284e+00,6.064677735085256642e-03,2.680423003611838179e-03
-6.192499999999999893e+00,6.077207974643438274e-03,3.004241586130356433e-03
-6.190000000000000391e+00,6.089796071080543979e-03,3.328060168648414984e-03
-6.187500000000000000e+00,6.102442389568432657e-03,3.651878751166933237e-03
-6.185000000000000497e+00,6.115147191170971878e-03,3.975697333685222074e-03
-6.182500000000000107e+00,6.127910845551646363e-03,4.299515916203510042e-03
-6.179999999999999716e+00,6.140733618239653697e-03,4.623334498722028729e-03
-6.177500000000000213e+00,6.153615883465019323e-03,4.947153081240317565e-03
-6.174999999999999822e+00,6.166557911298284692e-03,5.270971663758605534e-03
-6.172500000000000320e+00,6.179560080612532882e-03,5.481596571578464284e-03
-6.169999999999999929e+00,6.192622666096828793e-03,5.692221479398173849e-03
-6.167500000000000426e+00,6.205746051345219574e-03,5.902846387217882546e-03
-6.165000000000000036e+00,6.218930515743894757e-03,6.113471295037741296e-03
-6.162500000000000533e+00,6.232176447687850195e-03,6.324096202857300807e-03
-6.160000000000000142e+00,6.245484131340369068e-03,6.534721110677159557e-03
-6.157499999999999751e+00,6.258853959978614816e-03,6.745346018497018308e-03
-6.155000000000000249e+00,6.272286222624946436e-03,6.955970926316577818e-03
-6.152499999999999858e+00,6.285781317521332845e-03,7.166595834136436569e-03
-6.150000000000000355e+00,6.299339538632816454e-03,7.377220741956146133e-03
-6.147499999999999964e+00,6.312961289250941521e-03,7.333334286181570141e-03
-6.145000000000000462e+00,6.326646868368099655e-03,7.289447830406962925e-03
-6.142500000000000071e+00,6.340396684411933256e-03,7.245561374632386933e-03
-6.140000000000000568e+00,6.354211041489046807e-03,7.201674918857810942e-03
-6.137500000000000178e+00,6.368090353251075822e-03,7.157788463083203725e-03
-6.134999999999999787e+00,6.382034929007581771e-03,7.113902007308627734e-03
-6.132500000000000284e+00,6.396045187723763126e-03,7.070015551534051743e-03
-6.129999999999999893e+00,6.410121444002736882e-03,7.026129095759444526e-03
-6.127500000000000391e+00,6.424264122214790214e-03,6.982242639984899760e-03
-6.125000000000000000e+00,6.438473542348706856e-03,6.938356184210292543e-03
-6.122500000000000497e+00,6.452750134273627959e-03,6.676304609395400554e-03
-6.120000000000000107e+00,6.467094223457883762e-03,6.414253034580508564e-03
-6.117499999999999716e+00,6.481506245364806323e-03,6.152201459765430092e-03
-6.115000000000000213e+00,6.495986531038493161e-03,5.890149884950538102e-03
-6.112499999999999822e+00,6.510535521633761813e-03,5.628098310135646112e-03
-6.110000000000000320e+00,6.525153553868683239e-03,5.366046735320567640e-03
-6.107499999999999929e+00,6.539841074688358159e-03,5.103995160505675650e-03
-6.105000000000000426e+00,6.554598426585095394e-03,4.841943585690783661e-03
-6.102500000000000036e+00,6.569426062396222475e-03,4.579892010875705188e-03
-6.100000000000000533e+00,6.584324330489662452e-03,4.317840436060999681e-03
-6.097500000000000142e+00,6.599293689698497098e-03,4.023343335953925674e-03
-6.094999999999999751e+00,6.614334494370827620e-03,3.728846235846852535e-03
-6.092500000000000249e+00,6.629447209440967291e-03,3.434349135740197463e-03
-6.089999999999999858e+00,6.644632195343670202e-03,3.139852035633123456e-03
-6.087500000000000355e+00,6.659889923222135459e-03,2.845354935526259350e-03
-6.084999999999999964e+00,6.675220759706234491e-03,2.550857835419395245e-03
-6.082500000000000462e+00,6.690625182258351164e-03,2.256360735312321238e-03
-6.080000000000000071e+00,6.706103563814441899e-03,1.961863635205457132e-03
-6.077500000000000568e+00,6.721656388268139326e-03,1.667366535098592593e-03
-6.075000000000000178e+00,6.737284034974815213e-03,1.372869434991519236e-03
-6.072499999999999787e+00,6.752986994373975406e-03,1.235582491492386763e-03
-6.070000000000000284e+00,6.768765652355970830e-03,1.098295547993254507e-03
-6.067499999999999893e+00,6.784620506023453061e-03,9.610086044940244557e-04
-6.065000000000000391e+00,6.800551947919643986e-03,8.237216609949895609e-04
-6.062500000000000000e+00,6.816560481929985656e-03,6.864347174957596181e-04
-6.060000000000000497e+00,6.832646507371033587e-03,5.491477739966272534e-04
-6.057500000000000107e+00,6.848810535033047694e-03,4.118608304974947804e-04
-6.054999999999999716e+00,6.865052971129018307e-03,2.745738869982649460e-04
-6.052500000000000213e+00,6.881374333478708187e-03,1.372869434991324730e-04
-6.049999999999999822e+00,6.897775035317361969e-03,0.000000000000000000e+00
-6.047500000000000320e+00,6.914255601621460343e-03,0.000000000000000000e+00
-6.044999999999999929e+00,6.930816452776698312e-03,0.000000000000000000e+00
-6.042500000000000426e+00,6.947458121046625953e-03,0.000000000000000000e+00
-6.040000000000000036e+00,6.964181034098735831e-03,0.000000000000000000e+00
-6.037500000000000533e+00,6.980985731615772620e-03,0.000000000000000000e+00
-6.035000000000000142e+00,6.997872648680915006e-03,0.000000000000000000e+00
-6.032499999999999751e+00,7.014842332532496630e-03,0.000000000000000000e+00
-6.030000000000000249e+00,7.031895225806086315e-03,0.000000000000000000e+00
-6.027499999999999858e+00,7.049031883433860661e-03,0.000000000000000000e+00
-6.025000000000000355e+00,7.066252755743465501e-03,0.000000000000000000e+00
-6.022499999999999964e+00,7.083558405502783477e-03,1.682914123338037572e-04
-6.020000000000000462e+00,7.100949290874136038e-03,3.365828246677271020e-04
-6.017500000000000071e+00,7.118425982605760052e-03,5.048742370015309134e-04
-6.015000000000000568e+00,7.135988946840871559e-03,6.731656493353346165e-04
-6.012500000000000178e+00,7.153638762455577331e-03,8.414570616692580154e-04
-6.009999999999999787e+00,7.171375903723229729e-03,1.009748474003061827e-03
-6.007500000000000284e+00,7.189200957798478307e-03,1.178039886336865530e-03
-6.004999999999999893e+00,7.207114407236949599e-03,1.346331298670788929e-03
-6.002500000000000391e+00,7.225116847627567271e-03,1.514622711004472936e-03
-6.000000000000000000e+00,7.243208769962825380e-03,1.682914123338396335e-03
-5.997500000000000497e+00,7.261390778420550619e-03,2.313047713477812788e-03
-5.995000000000000107e+00,7.279663372594339515e-03,2.943181303617229023e-03
-5.992499999999999716e+00,7.298027165412877305e-03,3.573314893757093252e-03
-5.990000000000000213e+00,7.316482665227335910e-03,4.203448483896509921e-03
-5.987499999999999822e+00,7.335030493885218508e-03,4.833582074035926157e-03
-5.985000000000000320e+00,7.353671168662697516e-03,5.463715664175789952e-03
-5.982499999999999929e+00,7.372405320492409798e-03,6.093849254315207055e-03
-5.980000000000000426e+00,7.391233475746100158e-03,6.723982844454623291e-03
-5.977500000000000036e+00,7.410156274613926425e-03,7.354116434594487085e-03
-5.975000000000000533e+00,7.429174252736645175e-03,7.984250024733456630e-03
-5.972500000000000142e+00,7.448288059737566413e-03,8.909626559918819994e-03
-5.969999999999999751e+00,7.467498240704503569e-03,9.835003095104183357e-03
-5.967500000000000249e+00,7.486805454873300507e-03,1.076037963028823007e-02
-5.964999999999999858e+00,7.506210256960315144e-03,1.168575616547359343e-02
-5.962500000000000355e+00,7.525713315998451211e-03,1.261113270065829933e-02
-5.959999999999999964e+00,7.545315196517810193e-03,1.353650923584300350e-02
-5.957500000000000462e+00,7.565016577535805566e-03,1.446188577102836686e-02
-5.955000000000000071e+00,7.584818033586584150e-03,1.538726230621307277e-02
-5.952499999999999680e+00,7.604720253864441330e-03,1.631263884139777867e-02
-5.950000000000000178e+00,7.624723823101160064e-03,1.723801537658314204e-02
-5.947499999999999787e+00,7.644829440864611865e-03,1.802591126577018574e-02
-5.945000000000000284e+00,7.665037702282963099e-03,1.881380715495722944e-02
-5.942499999999999893e+00,7.685349317498580551e-03,1.960170304414483519e-02
-5.940000000000000391e+00,7.705764892238881232e-03,2.038959893333132031e-02
-5.937500000000000000e+00,7.726285147426330963e-03,2.117749482251892607e-02
-5.935000000000000497e+00,7.746910699595118896e-03,2.196539071170596977e-02
-5.932500000000000107e+00,7.767642280658147713e-03,2.275328660089301347e-02
-5.929999999999999716e+00,7.788480518168863255e-03,2.354118249008061575e-02
-5.927500000000000213e+00,7.809426155245657863e-03,2.432907837926766292e-02
-5.924999999999999822e+00,7.830479830678294811e-03,2.511697426845470663e-02
-5.922500000000000320e+00,7.851642299011014556e-03,2.534556508345448336e-02
-5.919999999999999929e+00,7.872914210492182666e-03,2.557415589845410051e-02
-5.917500000000000426e+00,7.894296331316323634e-03,2.580274671345371418e-02
-5.915000000000000036e+00,7.915789323418074772e-03,2.603133752845349091e-02
-5.912500000000000533e+00,7.937393964873154517e-03,2.625992834345294499e-02
-5.910000000000000142e+00,7.959110929534779152e-03,2.648851915845272173e-02
-5.907499999999999751e+00,7.980941007595169362e-03,2.671710997345250194e-02
-5.905000000000000249e+00,8.002884885064431505e-03,2.694570078845195255e-02
-5.902499999999999858e+00,8.024943364492588549e-03,2.717429160345172928e-02
-5.900000000000000355e+00,8.047117144289954449e-03,2.740288241845134642e-02
-5.897499999999999964e+00,8.069407039611380811e-03,2.691786590980578195e-02
-5.895000000000000462e+00,8.091813761516564868e-03,2.643284940115987400e-02
-5.892500000000000071e+00,8.114338138017655050e-03,2.594783289251431299e-02
-5.889999999999999680e+00,8.136980893079279187e-03,2.546281638386874852e-02
-5.887500000000000178e+00,8.159742867829064897e-03,2.497779987522284056e-02
-5.884999999999999787e+00,8.182624799397436588e-03,2.449278336657727956e-02
-5.882500000000000284e+00,8.205627542292802737e-03,2.400776685793171508e-02
-5.879999999999999893e+00,8.228751847078632359e-03,2.352275034928580713e-02
-5.877500000000000391e+00,8.251998581914310113e-03,2.303773384064058960e-02
-5.875000000000000000e+00,8.275368511070736038e-03,2.255271733199468165e-02
-5.872500000000000497e+00,8.298862516635382644e-03,2.159042337701028505e-02
-5.870000000000000107e+00,8.322481376866530667e-03,2.062812942202588498e-02
-5.867499999999999716e+00,8.346225988063744189e-03,1.966583546704080490e-02
-5.865000000000000213e+00,8.370097142759739747e-03,1.870354151205640830e-02
-5.862499999999999822e+00,8.394095751756909182e-03,1.774124755707200823e-02
-5.860000000000000320e+00,8.418222622155899226e-03,1.677895360208692815e-02
-5.857499999999999929e+00,8.442478679559715579e-03,1.581665964710253156e-02
-5.855000000000000426e+00,8.466864745937921835e-03,1.485436569211813322e-02
-5.852500000000000036e+00,8.491381761998600605e-03,1.389207173713305141e-02
-5.850000000000000533e+00,8.516030564888510054e-03,1.292977778214933829e-02
-5.847500000000000142e+00,8.540812110733137993e-03,1.201992487364005741e-02
-5.844999999999999751e+00,8.565727252171761313e-03,1.111007196513077652e-02
-5.842500000000000249e+00,8.590776961067147360e-03,1.020021905662278801e-02
-5.839999999999999858e+00,8.615962105874156243e-03,9.290366148113507125e-03
-5.837500000000000355e+00,8.641283674520317676e-03,8.380513239604873293e-03
-5.834999999999999964e+00,8.666742551607502579e-03,7.470660331096238595e-03
-5.832500000000000462e+00,8.692339741463326816e-03,6.560807422586957711e-03
-5.830000000000000071e+00,8.718076145175536473e-03,5.650954514078323880e-03
-5.827499999999999680e+00,8.743952783815778923e-03,4.741101605569689181e-03
-5.825000000000000178e+00,8.769970575305343491e-03,3.831248697060408298e-03
-5.822499999999999787e+00,8.796130557811790776e-03,3.448123827354421939e-03
-5.820000000000000284e+00,8.822433666446157993e-03,3.064998957648435579e-03
-5.817499999999999893e+00,8.848880956832710226e-03,2.681874087942176868e-03
-5.815000000000000391e+00,8.875473381637171560e-03,2.298749218236462860e-03
-5.812500000000000000e+00,8.902212014310234914e-03,1.915624348530204149e-03
-5.810000000000000497e+00,8.929097825445896086e-03,1.532499478824217790e-03
-5.807500000000000107e+00,8.956131906700377093e-03,1.149374609118231430e-03
-5.804999999999999716e+00,8.983315246979447707e-03,7.662497394119727190e-04
-5.802500000000000213e+00,9.010648956532954848e-03,3.831248697059863595e-04
-5.799999999999999822e+00,9.038134042971428250e-03,0.000000000000000000e+00
-5.797500000000000320e+00,9.065771635536021625e-03,0.000000000000000000e+00
-5.794999999999999929e+00,9.093562760944669601e-03,0.000000000000000000e+00
-5.792500000000000426e+00,9.121508567838278528e-03,0.000000000000000000e+00
-5.790000000000000036e+00,9.149610102454660068e-03,0.000000000000000000e+00
-5.787500000000000533e+00,9.177868533252754937e-03,0.000000000000000000e+00
-5.785000000000000142e+00,9.206284926413442829e-03,0.000000000000000000e+00
-5.782499999999999751e+00,9.234860470642656041e-03,0.000000000000000000e+00
-5.780000000000000249e+00,9.263596252498151537e-03,0.000000000000000000e+00
-5.777499999999999858e+00,9.292493481372279471e-03,0.000000000000000000e+00
-5.775000000000000355e+00,9.321553264644937692e-03,0.000000000000000000e+00
-5.772499999999999964e+00,9.350776832846031603e-03,0.000000000000000000e+00
-5.770000000000000462e+00,9.380165314633448839e-03,0.000000000000000000e+00
-5.767500000000000071e+00,9.409719962136926102e-03,0.000000000000000000e+00
-5.764999999999999680e+00,9.439441925760660643e-03,0.000000000000000000e+00
-5.762500000000000178e+00,9.469332479708346406e-03,0.000000000000000000e+00
-5.759999999999999787e+00,9.499392796610243647e-03,0.000000000000000000e+00
-5.757500000000000284e+00,9.529624173230636860e-03,0.000000000000000000e+00
-5.754999999999999893e+00,9.560027804918208930e-03,0.000000000000000000e+00
-5.752500000000000391e+00,9.590605011496951271e-03,0.000000000000000000e+00
-5.750000000000000000e+00,9.621357011538813828e-03,0.000000000000000000e+00
-5.747500000000000497e+00,9.652285148439267853e-03,0.000000000000000000e+00
-5.745000000000000107e+00,9.683390664511898685e-03,0.000000000000000000e+00
-5.742499999999999716e+00,9.714674927248942091e-03,0.000000000000000000e+00
-5.740000000000000213e+00,9.746139203237344506e-03,0.000000000000000000e+00
-5.737499999999999822e+00,9.777784884604833263e-03,0.000000000000000000e+00
-5.735000000000000320e+00,9.809613262757133773e-03,0.000000000000000000e+00
-5.732499999999999929e+00,9.841625755010881618e-03,0.000000000000000000e+00
-5.730000000000000426e+00,9.873823678150449312e-03,0.000000000000000000e+00
-5.727500000000000036e+00,9.906208475248807002e-03,0.000000000000000000e+00
-5.725000000000000533e+00,9.938781489043537268e-03,0.000000000000000000e+00
-5.722500000000000142e+00,9.971544188946622825e-03,0.000000000000000000e+00
-5.719999999999999751e+00,1.000449794423893986e-02,0.000000000000000000e+00
-5.717500000000000249e+00,1.003764425126872119e-02,0.000000000000000000e+00
-5.714999999999999858e+00,1.007098450646603388e-02,0.000000000000000000e+00
-5.712500000000000355e+00,1.010452023372994564e-02,0.000000000000000000e+00
-5.709999999999999964e+00,1.013825285726041928e-02,0.000000000000000000e+00
-5.707500000000000462e+00,1.017218392913738986e-02,0.000000000000000000e+00
-5.705000000000000071e+00,1.020631490196958861e-02,0.000000000000000000e+00
-5.702499999999999680e+00,1.024064735666489930e-02,0.000000000000000000e+00
-5.700000000000000178e+00,1.027518277489592076e-02,0.000000000000000000e+00
-5.697499999999999787e+00,1.030992276706293662e-02,0.000000000000000000e+00
-5.695000000000000284e+00,1.034486884457568728e-02,0.000000000000000000e+00
-5.692499999999999893e+00,1.038002264800937449e-02,0.000000000000000000e+00
-5.690000000000000391e+00,1.041538571920169916e-02,0.000000000000000000e+00
-5.687500000000000000e+00,1.045095972960371003e-02,0.000000000000000000e+00
-5.685000000000000497e+00,1.048674625219133023e-02,0.000000000000000000e+00
-5.682500000000000107e+00,1.052274699001122180e-02,0.000000000000000000e+00
-5.679999999999999716e+00,1.055896354790712872e-02,0.000000000000000000e+00
-5.677500000000000213e+00,1.059539766126072965e-02,0.000000000000000000e+00
-5.674999999999999822e+00,1.063205096753236378e-02,0.000000000000000000e+00
-5.672500000000000320e+00,1.066892523519927596e-02,0.000000000000000000e+00
-5.669999999999999929e+00,1.070602213510841137e-02,0.000000000000000000e+00
-5.667500000000000426e+00,1.074334346961258908e-02,0.000000000000000000e+00
-5.665000000000000036e+00,1.078089094373649304e-02,0.000000000000000000e+00
-5.662500000000000533e+00,1.081866639451129798e-02,0.000000000000000000e+00
-5.660000000000000142e+00,1.085667156195227988e-02,0.000000000000000000e+00
-5.657499999999999751e+00,1.089490831859331321e-02,0.000000000000000000e+00
-5.655000000000000249e+00,1.093337844027580594e-02,0.000000000000000000e+00
-5.652499999999999858e+00,1.097208383588380888e-02,0.000000000000000000e+00
-5.650000000000000355e+00,1.101102631794367674e-02,0.000000000000000000e+00
-5.647499999999999964e+00,1.105020783256074196e-02,2.112706319739746997e-04
-5.645000000000000462e+00,1.108963022982902870e-02,4.225412639480995072e-04
-5.642500000000000071e+00,1.112929549397096742e-02,6.338118959220742340e-04
-5.639999999999999680e+00,1.116920551355631876e-02,8.450825278960488523e-04
-5.637500000000000178e+00,1.120936231184449343e-02,1.056353159870173633e-03
-5.634999999999999787e+00,1.124976781681398703e-02,1.267623791844148468e-03
-5.632500000000000284e+00,1.129042409170908680e-02,1.478894423818123086e-03
-5.629999999999999893e+00,1.133133310487666016e-02,1.690165055792247975e-03
-5.627500000000000391e+00,1.137249696051858931e-02,1.901435687766072540e-03
-5.625000000000000000e+00,1.141391766833749905e-02,2.112706319740197212e-03
-5.622500000000000497e+00,1.145559737449462941e-02,3.111136472404786753e-03
-5.620000000000000107e+00,1.149753813106297803e-02,4.109566625069376727e-03
-5.617499999999999716e+00,1.153974212719331705e-02,5.107996777734676204e-03
-5.615000000000000213e+00,1.158221145837340198e-02,6.106426930399266179e-03
-5.612499999999999822e+00,1.162494835780301938e-02,7.104857083063855286e-03
-5.610000000000000320e+00,1.166795496545904899e-02,8.103287235729155630e-03
-5.607499999999999929e+00,1.171123355968018039e-02,9.101717388393744737e-03
-5.605000000000000426e+00,1.175478632603804002e-02,1.010014754105833384e-02
-5.602500000000000036e+00,1.179861558913183027e-02,1.109857769372363419e-02
-5.600000000000000533e+00,1.184272358126536168e-02,1.209700784638751379e-02
-5.597500000000000142e+00,1.188711267445216949e-02,1.351725762024733393e-02
-5.594999999999999751e+00,1.193178514889908434e-02,1.493750739410715581e-02
-5.592500000000000249e+00,1.197674342522257393e-02,1.635775716796495846e-02
-5.589999999999999858e+00,1.202198983273629514e-02,1.777800694182477687e-02
-5.587500000000000355e+00,1.206752684188248763e-02,1.919825671568358913e-02
-5.584999999999999964e+00,1.211335683232231571e-02,2.061850648954240139e-02
-5.582500000000000462e+00,1.215948232558215249e-02,2.203875626340222327e-02
-5.580000000000000071e+00,1.220590575294751810e-02,2.345900603726103206e-02
-5.577499999999999680e+00,1.225262968832488766e-02,2.487925581111984780e-02
-5.575000000000000178e+00,1.229965661593830119e-02,2.629950558497966620e-02
-5.572499999999999787e+00,1.234698916340880130e-02,2.745429736529750656e-02
-5.570000000000000284e+00,1.239462986925295683e-02,2.860908914561535038e-02
-5.567499999999999893e+00,1.244258141617990247e-02,2.976388092593401299e-02
-5.565000000000000391e+00,1.249084639839284465e-02,3.091867270625103456e-02
-5.562500000000000000e+00,1.253942755510462428e-02,3.207346448656969717e-02
-5.560000000000000497e+00,1.258832753764046151e-02,3.322825626688753753e-02
-5.557500000000000107e+00,1.263754914317434357e-02,3.438304804720537788e-02
-5.554999999999999716e+00,1.268709508163316617e-02,3.553783982752404397e-02
-5.552500000000000213e+00,1.273696820965358918e-02,3.669263160784188432e-02
-5.549999999999999822e+00,1.278717129728739951e-02,3.784742338815972468e-02
-5.547500000000000320e+00,1.283770726218130473e-02,3.819785683150906525e-02
-5.544999999999999929e+00,1.288857893608210542e-02,3.854829027485815601e-02
-5.542500000000000426e+00,1.293978929924069834e-02,3.889872371820724678e-02
-5.540000000000000036e+00,1.299134124671666619e-02,3.924915716155658735e-02
-5.537500000000000533e+00,1.304323782300793357e-02,3.959959060490543525e-02
-5.535000000000000142e+00,1.309548198815440809e-02,3.995002404825477582e-02
-5.532499999999999751e+00,1.314807685259405771e-02,4.030045749160411639e-02
-5.530000000000000249e+00,1.320102544306604904e-02,4.065089093495295736e-02
-5.527499999999999858e+00,1.325433093769378193e-02,4.100132437830229792e-02
-5.525000000000000355e+00,1.330799643168712257e-02,4.135175782165138869e-02
-5.522499999999999964e+00,1.336202517265451008e-02,4.076394381694292690e-02
-5.520000000000000462e+00,1.341642032610319488e-02,4.017612981223404878e-02
-5.517500000000000071e+00,1.347118521098206352e-02,3.958831580752558699e-02
-5.514999999999999680e+00,1.352632306497940883e-02,3.900050180281712520e-02
-5.512500000000000178e+00,1.358183728029734201e-02,3.841268779810824707e-02
-5.509999999999999787e+00,1.363773116874802092e-02,3.782487379339978528e-02
-5.507500000000000284e+00,1.369400819775999992e-02,3.723705978869132349e-02
-5.504999999999999893e+00,1.375067175527286412e-02,3.664924578398244537e-02
-5.502500000000000391e+00,1.380772538597681114e-02,3.606143177927439991e-02
-5.500000000000000000e+00,1.386517255600539823e-02,3.547361777456552179e-02
-5.497500000000000497e+00,1.392301688941064743e-02,3.424689823282069112e-02
-5.495000000000000107e+00,1.398126193265210662e-02,3.302017869107586046e-02
-5.492499999999999716e+00,1.403991139130977318e-02,3.179345914933015549e-02
-5.490000000000000213e+00,1.409896889436965291e-02,3.056673960758532482e-02
-5.487499999999999822e+00,1.415843823117497388e-02,2.934002006584049416e-02
-5.485000000000000320e+00,1.421832311550873251e-02,2.811330052409479266e-02
-5.482499999999999929e+00,1.427862742278448310e-02,2.688658098234995852e-02
-5.480000000000000426e+00,1.433935495392560378e-02,2.565986144060512786e-02
-5.477500000000000036e+00,1.440050967279729935e-02,2.443314189885942636e-02
-5.475000000000000533e+00,1.446209546988253859e-02,2.320642235711546653e-02
-5.472500000000000142e+00,1.452411639995654022e-02,2.190641124905432988e-02
-5.469999999999999751e+00,1.458657644555879686e-02,2.060640014099319323e-02
-5.467500000000000249e+00,1.464947975491292902e-02,1.930638903293390232e-02
-5.464999999999999858e+00,1.471283040519400474e-02,1.800637792487276567e-02
-5.462500000000000355e+00,1.477663264069479197e-02,1.670636681681255190e-02
-5.459999999999999964e+00,1.484089063588885787e-02,1.540635570875233812e-02
-5.457500000000000462e+00,1.490560873384481379e-02,1.410634460069119973e-02
-5.455000000000000071e+00,1.497079120908566437e-02,1.280633349263098596e-02
-5.452499999999999680e+00,1.503644250625170431e-02,1.150632238457077218e-02
-5.450000000000000178e+00,1.510256700275641045e-02,1.020631127650963553e-02
-5.447499999999999787e+00,1.516916924770041891e-02,9.372210274360635515e-03
-5.445000000000000284e+00,1.523625372432323676e-02,8.538109272211635500e-03
-5.442499999999999893e+00,1.530382508917004988e-02,7.704008270062042210e-03
-5.440000000000000391e+00,1.537188793433938265e-02,6.869907267913634603e-03
-5.437500000000000000e+00,1.544044702690514949e-02,6.035806265764042181e-03
-5.435000000000000497e+00,1.550950707096008900e-02,5.201705263615042166e-03
-5.432500000000000107e+00,1.557907294729377057e-02,4.367604261466041284e-03
-5.429999999999999716e+00,1.564914947523316641e-02,3.533503259316448861e-03
-5.427500000000000213e+00,1.571974165257841380e-02,2.699402257167448846e-03
-5.424999999999999822e+00,1.579085441724026664e-02,1.865301255018447964e-03
-5.422500000000000320e+00,1.586249288743562733e-02,1.678771129516510273e-03
-5.419999999999999929e+00,1.593466212312208072e-02,1.492241004014705288e-03
-5.417500000000000426e+00,1.600736736645558267e-02,1.305710878512900304e-03
-5.415000000000000036e+00,1.608061380302180238e-02,1.119180753010962613e-03
-5.412500000000000533e+00,1.615440680255809253e-02,9.326506275092902266e-04
-5.410000000000000142e+00,1.622875167998194534e-02,7.461205020073526442e-04
-5.407499999999999751e+00,1.630365393637962096e-02,5.595903765054151702e-04
-5.405000000000000249e+00,1.637911901983185939e-02,3.730602510037426753e-04
-5.402499999999999858e+00,1.645515256667120368e-02,1.865301255018049845e-04
-5.400000000000000355e+00,1.653176016210480825e-02,0.000000000000000000e+00
-5.397499999999999964e+00,1.660894758174479360e-02,0.000000000000000000e+00
-5.395000000000000462e+00,1.668672055202730098e-02,0.000000000000000000e+00
-5.392500000000000071e+00,1.676508499201441460e-02,0.000000000000000000e+00
-5.389999999999999680e+00,1.684404677361618641e-02,0.000000000000000000e+00
-5.387500000000000178e+00,1.692361196366545112e-02,0.000000000000000000e+00
-5.384999999999999787e+00,1.700378658393901510e-02,0.000000000000000000e+00
-5.382500000000000284e+00,1.708457685351050942e-02,0.000000000000000000e+00
-5.379999999999999893e+00,1.716598894857221391e-02,0.000000000000000000e+00
-5.377500000000000391e+00,1.724802924506735335e-02,0.000000000000000000e+00
-5.375000000000000000e+00,1.733070407831327833e-02,0.000000000000000000e+00
-5.372500000000000497e+00,1.741401998591585176e-02,0.000000000000000000e+00
-5.370000000000000107e+00,1.749798346719437167e-02,0.000000000000000000e+00
-5.367499999999999716e+00,1.758260122638137524e-02,0.000000000000000000e+00
-5.365000000000000213e+00,1.766787993185001474e-02,0.000000000000000000e+00
-5.362499999999999822e+00,1.775382645960136077e-02,0.000000000000000000e+00
-5.360000000000000320e+00,1.784044765229568161e-02,0.000000000000000000e+00
-5.357499999999999929e+00,1.792775056302957359e-02,0.000000000000000000e+00
-5.355000000000000426e+00,1.801574221417252819e-02,0.000000000000000000e+00
-5.352500000000000036e+00,1.810442984143724801e-02,0.000000000000000000e+00
-5.350000000000000533e+00,1.819382065252155012e-02,0.000000000000000000e+00
-5.347500000000000142e+00,1.828392207147502835e-02,1.260392149037584347e-04
-5.344999999999999751e+00,1.837474149714794433e-02,2.520784298075168695e-04
-5.342500000000000249e+00,1.846628654785707063e-02,3.781176447110962211e-04
-5.339999999999999858e+00,1.855856481964279422e-02,5.041568596148546287e-04
-5.337500000000000355e+00,1.865158413123748152e-02,6.301960745185235897e-04
-5.334999999999999964e+00,1.874535228213175184e-02,7.562352894221924422e-04
-5.332500000000000462e+00,1.883987729784878176e-02,8.822745043259509583e-04
-5.330000000000000071e+00,1.893516718782166028e-02,1.008313719229619702e-03
-5.327499999999999680e+00,1.903123019097644961e-02,1.134352934133288663e-03
-5.325000000000000178e+00,1.912807453342257880e-02,1.260392149037047179e-03
-5.322499999999999787e+00,1.922570867434796049e-02,1.982909631333086217e-03
-5.320000000000000284e+00,1.932414106352395994e-02,2.705427113629125038e-03
-5.317499999999999893e+00,1.942338038751681775e-02,3.427944595925677337e-03
-5.315000000000000391e+00,1.952343532700837395e-02,4.150462078221203548e-03
-5.312500000000000000e+00,1.962431480332752290e-02,4.872979560517755847e-03
-5.310000000000000497e+00,1.972602773558922162e-02,5.595497042813794668e-03
-5.307500000000000107e+00,1.982858328754970312e-02,6.318014525109833489e-03
-5.304999999999999716e+00,1.993199062456565626e-02,7.040532007406385788e-03
-5.302500000000000213e+00,2.003625916077696884e-02,7.763049489702424609e-03
-5.299999999999999822e+00,2.014139831588870541e-02,8.485566971998464297e-03
-5.297500000000000320e+00,2.024741776268598401e-02,9.722361540624537002e-03
-5.294999999999999929e+00,2.035432718364034096e-02,1.095915610924973020e-02
-5.292500000000000426e+00,2.046213651876152909e-02,1.219595067787492340e-02
-5.290000000000000036e+00,2.057085572203076404e-02,1.343274524650099611e-02
-5.287500000000000533e+00,2.068049500959370096e-02,1.466953981512530980e-02
-5.285000000000000142e+00,2.079106461602385145e-02,1.590633438375138251e-02
-5.282499999999999751e+00,2.090257504286090542e-02,1.714312895237745521e-02
-5.280000000000000249e+00,2.101503681470727122e-02,1.837992352100176890e-02
-5.277499999999999858e+00,2.112846072811752976e-02,1.961671808962783814e-02
-5.275000000000000355e+00,2.124285760753052976e-02,2.085351265825303307e-02
-5.272499999999999964e+00,2.135823855451357556e-02,2.222087038662302200e-02
-5.270000000000000462e+00,2.147461470353543775e-02,2.358822811499398237e-02
-5.267500000000000071e+00,2.159199747157114838e-02,2.495558584336396782e-02
-5.264999999999999680e+00,2.171039831371750564e-02,2.632294357173395674e-02
-5.262500000000000178e+00,2.182982897316409002e-02,2.769030130010491711e-02
-5.259999999999999787e+00,2.195030123665610983e-02,2.905765902847490256e-02
-5.257500000000000284e+00,2.207182718483740105e-02,3.042501675684489149e-02
-5.254999999999999893e+00,2.219441894756379527e-02,3.179237448521585185e-02
-5.252500000000000391e+00,2.231808895462434814e-02,3.315973221358486933e-02
-5.250000000000000000e+00,2.244284969090949364e-02,3.452708994195582970e-02
-5.247500000000000497e+00,2.256871394751705853e-02,3.558377851094176453e-02
-5.245000000000000107e+00,2.269569457677969582e-02,3.664046707992769936e-02
-5.242499999999999716e+00,2.282380474376155197e-02,3.769715564891438359e-02
-5.240000000000000213e+00,2.295305768115034686e-02,3.875384421790031841e-02
-5.237499999999999822e+00,2.308346694115157374e-02,3.981053278688624630e-02
-5.235000000000000320e+00,2.321504615025003770e-02,4.086722135587293747e-02
-5.232499999999999929e+00,2.334780926150882563e-02,4.192390992485886536e-02
-5.230000000000000426e+00,2.348177030920554215e-02,4.298059849384480019e-02
-5.227500000000000036e+00,2.361694366154399455e-02,4.403728706283148442e-02
-5.225000000000000533e+00,2.375334377517027140e-02,4.509397563181666985e-02
-5.222500000000000142e+00,2.389098544830524362e-02,4.552952070835297044e-02
-5.219999999999999751e+00,2.402988357514656073e-02,4.596506578488927103e-02
-5.217500000000000249e+00,2.417005339943013170e-02,4.640061086142495406e-02
-5.214999999999999858e+00,2.431151026872435325e-02,4.683615593796125465e-02
-5.212500000000000355e+00,2.445426988842955979e-02,4.727170101449724993e-02
-5.209999999999999964e+00,2.459834807597098202e-02,4.770724609103323827e-02
-5.207500000000000462e+00,2.474376101524457597e-02,4.814279116756953886e-02
-5.205000000000000071e+00,2.489052501071720852e-02,4.857833624410552720e-02
-5.202499999999999680e+00,2.503865674232761893e-02,4.901388132064152248e-02
-5.200000000000000178e+00,2.518817301950118659e-02,4.944942639717782307e-02
-5.197499999999999787e+00,2.533909103651708558e-02,4.918565718457162950e-02
-5.195000000000000284e+00,2.549142812644460132e-02,4.892188797196543593e-02
-5.192499999999999893e+00,2.564520201698637994e-02,4.865811875935906194e-02
-5.190000000000000391e+00,2.580043058434700401e-02,4.839434954675305572e-02
-5.187500000000000000e+00,2.595713210956188816e-02,4.813058033414667480e-02
-5.185000000000000497e+00,2.611532503230722113e-02,4.786681112154048123e-02
-5.182500000000000107e+00,2.627502820772631073e-02,4.760304190893428766e-02
-5.179999999999999716e+00,2.643626066019022502e-02,4.733927269632791368e-02
-5.177500000000000213e+00,2.659904184063451374e-02,4.707550348372172011e-02
-5.174999999999999822e+00,2.676339138028021800e-02,4.681173427111552654e-02
-5.172500000000000320e+00,2.692932934849353449e-02,4.600949184604714165e-02
-5.169999999999999929e+00,2.709687600647838965e-02,4.520724942097932575e-02
-5.167500000000000426e+00,2.726605206567206743e-02,4.440500699591150985e-02
-5.165000000000000036e+00,2.743687844142137303e-02,4.360276457084312496e-02
-5.162500000000000533e+00,2.760937651192893819e-02,4.280052214577588499e-02
-5.160000000000000142e+00,2.778356787192356320e-02,4.199827972070749316e-02
-5.157499999999999751e+00,2.795947459217288170e-02,4.119603729563911521e-02
-5.155000000000000249e+00,2.813711897316195990e-02,4.039379487057186829e-02
-5.152499999999999858e+00,2.831652380518553599e-02,3.959155244550348340e-02
-5.150000000000000355e+00,2.849771212205098533e-02,3.878931002043566750e-02
-5.147499999999999964e+00,2.868070746176638527e-02,3.777557941559574195e-02
-5.145000000000000462e+00,2.886553362028054445e-02,3.676184881075509475e-02
-5.142500000000000071e+00,2.905221491278632551e-02,3.574811820591516920e-02
-5.139999999999999680e+00,2.924077592751274726e-02,3.473438760107524365e-02
-5.137500000000000178e+00,2.943124178766141907e-02,3.372065699623460339e-02
-5.134999999999999787e+00,2.962363790526798338e-02,3.270692639139467783e-02
-5.132500000000000284e+00,2.981799024379016769e-02,3.169319578655475228e-02
-5.129999999999999893e+00,3.001432507205707353e-02,3.067946518171410508e-02
-5.127500000000000391e+00,3.021266922752880238e-02,2.966573457687490117e-02
-5.125000000000000000e+00,3.041304987035175697e-02,2.865200397203425398e-02
-5.122500000000000497e+00,3.061549474731231624e-02,2.780128078127307861e-02
-5.120000000000000107e+00,3.082003194601798390e-02,2.695055759051190325e-02
-5.117499999999999716e+00,3.102669015956709478e-02,2.609983439975012073e-02
-5.115000000000000213e+00,3.123549844087717201e-02,2.524911120898894537e-02
-5.112499999999999822e+00,3.144648646809530823e-02,2.439838801822777001e-02
-5.110000000000000320e+00,3.165968429909599841e-02,2.354766482746599096e-02
-5.107499999999999929e+00,3.187512263765679421e-02,2.269694163670481213e-02
-5.105000000000000426e+00,3.209283258815023854e-02,2.184621844594363677e-02
-5.102500000000000036e+00,3.231284592251234405e-02,2.099549525518185772e-02
-5.100000000000000533e+00,3.253519483515288774e-02,2.014477206442128604e-02
-5.097500000000000142e+00,3.275991221074546489e-02,1.975737303726790919e-02
-5.094999999999999751e+00,3.298703137938371194e-02,1.936997401011453235e-02
-5.092500000000000249e+00,3.321658638522177742e-02,1.898257498296170367e-02
-5.089999999999999858e+00,3.344861174190731645e-02,1.859517595580832683e-02
-5.087500000000000355e+00,3.368314270210317346e-02,1.820777692865522407e-02
-5.084999999999999964e+00,3.392021501322676352e-02,1.782037790150212478e-02
-5.082500000000000462e+00,3.415986518788868137e-02,1.743297887434874793e-02
-5.080000000000000071e+00,3.440213025997014562e-02,1.704557984719564517e-02
-5.077499999999999680e+00,3.464704805601452609e-02,1.665818082004254241e-02
-5.075000000000000178e+00,3.489465695167750375e-02,1.627078179288916557e-02
-5.072499999999999787e+00,3.514499614410915990e-02,1.648724789830610660e-02
-5.070000000000000284e+00,3.539810540881525164e-02,1.670371400372304763e-02
-5.067499999999999893e+00,3.565402537306893577e-02,1.692018010914014131e-02
-5.065000000000000391e+00,3.591279727322247567e-02,1.713664621455692968e-02
-5.062500000000000000e+00,3.617446322919282142e-02,1.735311231997402337e-02
-5.060000000000000497e+00,3.643906600226450021e-02,1.756957842539096440e-02
-5.057500000000000107e+00,3.670664927069527267e-02,1.778604453080790543e-02
-5.054999999999999716e+00,3.697725738805440754e-02,1.800251063622499911e-02
-5.052500000000000213e+00,3.725093565999706979e-02,1.821897674164194014e-02
-5.049999999999999822e+00,3.752773010318637831e-02,1.843544284705888117e-02
-5.047500000000000320e+00,3.780768772328713112e-02,1.921098923483285231e-02
-5.044999999999999929e+00,3.809085627452282741e-02,1.998653562260627528e-02
-5.042500000000000426e+00,3.837728453894314468e-02,2.076208201037969478e-02
-5.040000000000000036e+00,3.866702208667104762e-02,2.153762839815366592e-02
-5.037500000000000533e+00,3.896011955650246356e-02,2.231317478592653725e-02
-5.035000000000000142e+00,3.925662841690008564e-02,2.308872117370050839e-02
-5.032499999999999751e+00,3.955660124798723171e-02,2.386426756147448300e-02
-5.030000000000000249e+00,3.986009150335222129e-02,2.463981394924735085e-02
-5.027499999999999858e+00,4.016715379350168508e-02,2.541536033702132547e-02
-5.025000000000000355e+00,4.047784364853983935e-02,2.619090672479474496e-02
-5.022499999999999964e+00,4.079221780315374357e-02,2.733197774285842790e-02
-5.020000000000000462e+00,4.111033396023762443e-02,2.847304876092291923e-02
-5.017500000000000071e+00,4.143225107748420982e-02,2.961411977898660217e-02
-5.014999999999999680e+00,4.175802913203024297e-02,3.075519079705028164e-02
-5.012500000000000178e+00,4.208772940873437007e-02,3.189626181511477643e-02
-5.009999999999999787e+00,4.242141426592398179e-02,3.303733283317845937e-02
-5.007500000000000284e+00,4.275914742544451030e-02,3.417840385124214231e-02
-5.004999999999999893e+00,4.310099373959439678e-02,3.531947486930663016e-02
-5.002500000000000391e+00,4.344701948303750921e-02,3.646054588736950125e-02
-5.000000000000000000e+00,4.379729212101778763e-02,3.760161690543399604e-02
-4.997500000000000497e+00,4.415188060323186475e-02,3.884562727697448564e-02
-4.995000000000000107e+00,4.451085513342249028e-02,4.008963764851496830e-02
-4.992499999999999716e+00,4.487428746531592350e-02,4.133364802005633915e-02
-4.990000000000000213e+00,4.524225067369916364e-02,4.257765839159682875e-02
-4.987499999999999822e+00,4.561481945253307441e-02,4.382166876313731141e-02
-4.985000000000000320e+00,4.599206988762623294e-02,4.506567913467868225e-02
-4.982499999999999929e+00,4.637407975704459229e-02,4.630968950621916491e-02
-4.980000000000000426e+00,4.676092830550192952e-02,4.755369987775965451e-02
-4.977500000000000036e+00,4.715269654719204950e-02,4.879771024930102535e-02
-4.975000000000000533e+00,4.754946704202678981e-02,5.004172062084062678e-02
-4.972500000000000142e+00,4.795132420102840576e-02,5.114838726622262383e-02
-4.969999999999999751e+00,4.835835406455222391e-02,5.225505391160462088e-02
-4.967500000000000249e+00,4.877064461038509852e-02,5.336172055698504973e-02
-4.964999999999999858e+00,4.918828553410333621e-02,5.446838720236704678e-02
-4.962500000000000355e+00,4.961136856003257184e-02,5.557505384774825974e-02
-4.959999999999999964e+00,5.003998722390133602e-02,5.668172049312947269e-02
-4.957500000000000462e+00,5.047423718682961247e-02,5.778838713851146974e-02
-4.955000000000000071e+00,5.091421602044934186e-02,5.889505378389268270e-02
-4.952499999999999680e+00,5.136002352410320992e-02,6.000172042927389565e-02
-4.950000000000000178e+00,5.181176151261454588e-02,6.110838707465589270e-02
-4.947499999999999787e+00,5.226953413688908284e-02,6.193074927813632669e-02
-4.945000000000000284e+00,5.273344767453334858e-02,6.275311148161676067e-02
-4.942499999999999893e+00,5.320361085406648260e-02,6.357547368509776364e-02
-4.940000000000000391e+00,5.368013464859808931e-02,6.439783588857761476e-02
-4.937500000000000000e+00,5.416313260387372458e-02,6.522019809205863161e-02
-4.935000000000000497e+00,5.465272063524050788e-02,6.604256029553906560e-02
-4.932500000000000107e+00,5.514901735976456693e-02,6.686492249901949958e-02
-4.929999999999999716e+00,5.565214389673046186e-02,6.768728470250050255e-02
-4.927500000000000213e+00,5.616222420408733401e-02,6.850964690598093654e-02
-4.924999999999999822e+00,5.667938488274554959e-02,6.933200910946137052e-02
-4.922500000000000320e+00,5.720375551762845595e-02,6.984641323497708942e-02
-4.919999999999999929e+00,5.773546848605000392e-02,7.036081736049246138e-02
-4.917500000000000426e+00,5.827465930366867997e-02,7.087522148600781946e-02
-4.915000000000000036e+00,5.882146643725276458e-02,7.138962561152353836e-02
-4.912500000000000533e+00,5.937603165585488008e-02,7.190402973703853562e-02
-4.910000000000000142e+00,5.993849984829530825e-02,7.241843386255425452e-02
-4.907499999999999751e+00,6.050901937990077473e-02,7.293283798806998730e-02
-4.905000000000000249e+00,6.108774191505936951e-02,7.344724211358497068e-02
-4.902499999999999858e+00,6.167482277989624895e-02,7.396164623910070346e-02
-4.900000000000000355e+00,6.227042079028119459e-02,7.447605036461606154e-02
-4.897499999999999964e+00,6.287469862083951144e-02,7.476780107272347486e-02
-4.895000000000000462e+00,6.348782263882556121e-02,7.505955178083111023e-02
-4.892500000000000071e+00,6.410996327989973431e-02,7.535130248893852356e-02
-4.889999999999999680e+00,6.474129488831055490e-02,7.564305319704595076e-02
-4.887500000000000178e+00,6.538199609990234806e-02,7.593480390515357226e-02
-4.884999999999999787e+00,6.603224968908594228e-02,7.622655461326098558e-02
-4.882500000000000284e+00,6.669224295957652815e-02,7.651830532136841279e-02
-4.879999999999999893e+00,6.736216759867140469e-02,7.681005602947603428e-02
-4.877500000000000391e+00,6.804222007625698732e-02,7.710180673758325332e-02
-4.875000000000000000e+00,6.873260150695185977e-02,7.739355744569087481e-02
-4.872500000000000497e+00,6.943351805796767195e-02,7.761147512565973183e-02
-4.870000000000000107e+00,7.014518081971912733e-02,7.782939280562858886e-02
-4.867499999999999716e+00,7.086780622316792011e-02,7.804731048559758466e-02
-4.865000000000000213e+00,7.160161591955228888e-02,7.826522816556644169e-02
-4.862499999999999822e+00,7.234683720789390760e-02,7.848314584553529871e-02
-4.860000000000000320e+00,7.310370292455037333e-02,7.870106352550430839e-02
-4.857499999999999929e+00,7.387245188161922771e-02,7.891898120547316542e-02
-4.855000000000000426e+00,7.465332876707600485e-02,7.913689888544200857e-02
-4.852500000000000036e+00,7.544658459486873470e-02,7.935481656541101825e-02
-4.850000000000000533e+00,7.625247661646418484e-02,7.957273424537972262e-02
-4.847500000000000142e+00,7.707126878349131183e-02,7.987550182777762575e-02
-4.844999999999999751e+00,7.790323167158548501e-02,8.017826941017552889e-02
-4.842500000000000249e+00,7.874864295651000379e-02,8.048103699257300181e-02
-4.839999999999999858e+00,7.960778735126049221e-02,8.078380457497090494e-02
-4.837500000000000355e+00,8.048095709666810982e-02,8.108657215736858603e-02
-4.834999999999999964e+00,8.136845191280688006e-02,8.138933973976626712e-02
-4.832500000000000462e+00,8.227057950516386553e-02,8.169210732216417026e-02
-4.830000000000000071e+00,8.318765553147670910e-02,8.199487490456186523e-02
-4.827499999999999680e+00,8.412000412464668009e-02,8.229764248695954632e-02
-4.825000000000000178e+00,8.506795787622596638e-02,8.260041006935744945e-02
-4.822499999999999787e+00,8.603185837734590724e-02,8.311764710241108245e-02
-4.820000000000000284e+00,8.701205622017396668e-02,8.363488413546471545e-02
-4.817499999999999893e+00,8.800891155823374612e-02,8.415212116851870927e-02
-4.815000000000000391e+00,8.902279412726173125e-02,8.466935820157198145e-02
-4.812500000000000000e+00,9.005408382640801845e-02,8.518659523462597527e-02
-4.810000000000000497e+00,9.110317076004023629e-02,8.570383226767960827e-02
-4.807500000000000107e+00,9.217045584143770953e-02,8.622106930073324127e-02
-4.804999999999999716e+00,9.325635085721691031e-02,8.673830633378723509e-02
-4.802500000000000213e+00,9.436127909526390023e-02,8.725554336684086809e-02
-4.799999999999999822e+00,9.548567543359408327e-02,8.777278039989450109e-02
-4.797500000000000320e+00,9.662998699441037453e-02,8.859539401002525238e-02
-4.794999999999999929e+00,9.779467325935836675e-02,8.941800762015542081e-02
-4.792500000000000426e+00,9.898020675175410454e-02,9.024062123028560312e-02
-4.790000000000000036e+00,1.001870731803537751e-01,9.106323484041635441e-02
-4.787500000000000533e+00,1.014157721519608618e-01,9.188584845054593997e-02
-4.785000000000000142e+00,1.026668173460054401e-01,9.270846206067669126e-02
-4.782499999999999751e+00,1.039407372599164825e-01,9.353107567080745643e-02
-4.780000000000000249e+00,1.052380754169909421e-01,9.435368928093704199e-02
-4.777499999999999858e+00,1.065593911471113681e-01,9.517630289106779329e-02
-4.775000000000000355e+00,1.079052598305822452e-01,9.599891650119796171e-02
-4.772499999999999964e+00,1.092762737169779286e-01,9.720038543164344347e-02
-4.770000000000000462e+00,1.106730422078375659e-01,9.840185436208977177e-02
-4.767500000000000071e+00,1.120961927166477384e-01,9.960332329253523964e-02
-4.764999999999999680e+00,1.135463709935131682e-01,1.008047922229807214e-01
-4.762500000000000178e+00,1.150242420295122386e-01,1.020062611534270497e-01
-4.759999999999999787e+00,1.165304904267007446e-01,1.032077300838725176e-01
-4.757500000000000284e+00,1.180658213503273102e-01,1.044091990143179993e-01
-4.754999999999999893e+00,1.196309609477817504e-01,1.056106679447643276e-01
-4.752500000000000391e+00,1.212266573524154734e-01,1.068121368752089489e-01
-4.750000000000000000e+00,1.228536811553154334e-01,1.080136058056552772e-01
-4.747500000000000497e+00,1.245128264647501343e-01,1.096913119893331567e-01
-4.745000000000000107e+00,1.262049114349255707e-01,1.113690181730110362e-01
-4.742499999999999716e+00,1.279307793853629027e-01,1.130467243566901092e-01
-4.740000000000000213e+00,1.296912993910832312e-01,1.147244305403679887e-01
-4.737499999999999822e+00,1.314873674665147096e-01,1.164021367240458682e-01
-4.735000000000000320e+00,1.333199072218495262e-01,1.180798429077249551e-01
-4.732499999999999929e+00,1.351898711163757594e-01,1.197575490914028346e-01
-4.730000000000000426e+00,1.370982411860499073e-01,1.214352552750807140e-01
-4.727500000000000036e+00,1.390460303714468326e-01,1.231129614587597870e-01
-4.725000000000000533e+00,1.410342833218889980e-01,1.247906676424364730e-01
-4.722500000000000142e+00,1.430640778035004723e-01,1.271082026979155066e-01
-4.719999999999999751e+00,1.451365255855185943e-01,1.294257377533945541e-01
-4.717500000000000249e+00,1.472527739342204545e-01,1.317432728088702987e-01
-4.714999999999999858e+00,1.494140065873093004e-01,1.340608078643493462e-01
-4.712500000000000355e+00,1.516214453397330131e-01,1.363783429198267561e-01
-4.709999999999999964e+00,1.538763511122754890e-01,1.386958779753041382e-01
-4.707500000000000462e+00,1.561800256354996252e-01,1.410134130307831857e-01
-4.705000000000000071e+00,1.585338126188603758e-01,1.433309480862605956e-01
-4.702499999999999680e+00,1.609390995391612456e-01,1.456484831417379777e-01
-4.700000000000000178e+00,1.633973189166218476e-01,1.479660181972170252e-01
-4.697499999999999787e+00,1.659099502143092930e-01,1.511756716058094419e-01
-4.695000000000000284e+00,1.684785212276155020e-01,1.543853250144018585e-01
-4.692499999999999893e+00,1.711046101010839926e-01,1.575949784229965511e-01
-4.690000000000000391e+00,1.737898468376418148e-01,1.608046318315866641e-01
-4.687500000000000000e+00,1.765359154390522545e-01,1.640142852401813567e-01
-4.685000000000000497e+00,1.793445555409609871e-01,1.672239386487737733e-01
-4.682500000000000107e+00,1.822175646828124440e-01,1.704335920573661900e-01
-4.679999999999999716e+00,1.851568000742582765e-01,1.736432454659608826e-01
-4.677500000000000213e+00,1.881641809997235126e-01,1.768528988745532993e-01
-4.674999999999999822e+00,1.912416907209111561e-01,1.800625522831457159e-01
-4.672500000000000320e+00,1.943913790202141112e-01,1.844919923892494873e-01
-4.669999999999999929e+00,1.976153642428580270e-01,1.889214324953500945e-01
-4.667500000000000426e+00,2.009158359819268047e-01,1.933508726014507295e-01
-4.665000000000000036e+00,2.042950572619993133e-01,1.977803127075545009e-01
-4.662500000000000533e+00,2.077553673665817335e-01,2.022097528136519717e-01
-4.660000000000000142e+00,2.112991841627815948e-01,2.066391929197557431e-01
-4.657499999999999751e+00,2.149290070692567167e-01,2.110686330258595145e-01
-4.655000000000000249e+00,2.186474195183751024e-01,2.154980731319569853e-01
-4.652499999999999858e+00,2.224570920592231493e-01,2.199275132380607567e-01
-4.650000000000000355e+00,2.263607849496039603e-01,2.243569533441613639e-01
-4.647499999999999964e+00,2.303613513839678495e-01,2.303538935670805532e-01
-4.645000000000000462e+00,2.344617402022668162e-01,2.363508337900040168e-01
-4.642500000000000071e+00,2.386649992265963693e-01,2.423477740129232338e-01
-4.639999999999999680e+00,2.429742780670311464e-01,2.483447142358424231e-01
-4.637500000000000178e+00,2.473928315429624325e-01,2.543416544587658867e-01
-4.634999999999999787e+00,2.519240225572184078e-01,2.603385946816850760e-01
-4.632500000000000284e+00,2.565713255681218441e-01,2.663355349046043208e-01
-4.629999999999999893e+00,2.613383294919814359e-01,2.723324751275277844e-01
-4.627500000000000391e+00,2.662287411792901848e-01,2.783294153504426993e-01
-4.625000000000000000e+00,2.712463882915064350e-01,2.843263555733661629e-01
-4.622500000000000497e+00,2.763952227189284683e-01,2.921672474948689424e-01
-4.620000000000000107e+00,2.816793233599124702e-01,3.000081394163717219e-01
-4.617499999999999716e+00,2.871028993980767607e-01,3.078490313378800525e-01
-4.615000000000000213e+00,2.926702928899026501e-01,3.156899232593828319e-01
-4.612499999999999822e+00,2.983859817941754144e-01,3.235308151808856114e-01
-4.610000000000000320e+00,3.042545822463545990e-01,3.313717071023939420e-01
-4.607499999999999929e+00,3.102808512025089227e-01,3.392125990238967215e-01
-4.605000000000000426e+00,3.164696882448121973e-01,3.470534909453995009e-01
-4.602500000000000036e+00,3.228261376644920855e-01,3.548943828669078315e-01
-4.600000000000000533e+00,3.293553896010249504e-01,3.627352747884050599e-01
-4.597500000000000142e+00,3.360627813424295063e-01,3.725158758919716595e-01
-4.594999999999999751e+00,3.429537975497444213e-01,3.822964769955382591e-01
-4.592500000000000249e+00,3.500340704968228356e-01,3.920770780990909254e-01
-4.589999999999999858e+00,3.573093790698909644e-01,4.018576792026575251e-01
-4.587500000000000355e+00,3.647856476011607785e-01,4.116382803062171858e-01
-4.584999999999999964e+00,3.724689432589576854e-01,4.214188814097768465e-01
-4.582500000000000462e+00,3.803654730482458612e-01,4.311994825133434461e-01
-4.580000000000000071e+00,3.884815791182373301e-01,4.409800836169031069e-01
-4.577499999999999680e+00,3.968237334065923827e-01,4.507606847204627121e-01
-4.575000000000000178e+00,4.053985302869654861e-01,4.605412858240293117e-01
-4.572499999999999787e+00,4.142126782207265490e-01,4.720754238811314951e-01
-4.570000000000000284e+00,4.232729890452766042e-01,4.836095619382337341e-01
-4.567499999999999893e+00,4.325863658666664335e-01,4.951436999953441331e-01
-4.565000000000000391e+00,4.421597881501677652e-01,5.066778380524381564e-01
-4.562500000000000000e+00,4.520002949390984348e-01,5.182119761095485000e-01
-4.560000000000000497e+00,4.621149647527252879e-01,5.297461141666507389e-01
-4.557500000000000107e+00,4.725108930524925532e-01,5.412802522237529779e-01
-4.554999999999999716e+00,4.831951657814881340e-01,5.528143902808633214e-01
-4.552500000000000213e+00,4.941748298230870251e-01,5.643485283379655604e-01
-4.549999999999999822e+00,5.054568588365772053e-01,5.758826663950677993e-01
-4.547500000000000320e+00,5.170481152726045249e-01,5.886382206402839268e-01
-4.544999999999999929e+00,5.289553069811140373e-01,6.013937748854909504e-01
-4.542500000000000426e+00,5.411849391757308503e-01,6.141493291306979740e-01
-4.540000000000000036e+00,5.537432601290701584e-01,6.269048833759139905e-01
-4.537500000000000533e+00,5.666362013342974846e-01,6.396604376211120213e-01
-4.535000000000000142e+00,5.798693104834997669e-01,6.524159918663280378e-01
-4.532499999999999751e+00,5.934476779886065367e-01,6.651715461115441652e-01
-4.530000000000000249e+00,6.073758553960951767e-01,6.779271003567420850e-01
-4.527499999999999858e+00,6.216577664427708205e-01,6.906826546019582125e-01
-4.525000000000000355e+00,6.362966091431384585e-01,7.034382088471652361e-01
-4.522499999999999964e+00,6.512947497243498640e-01,7.165347920983996532e-01
-4.520000000000000462e+00,6.666536068952544358e-01,7.296313753496432852e-01
-4.517500000000000071e+00,6.823735274016017316e-01,7.427279586008777024e-01
-4.514999999999999680e+00,6.984536515289270220e-01,7.558245418521120085e-01
-4.512500000000000178e+00,7.148917697327432652e-01,7.689211251033557515e-01
-4.509999999999999787e+00,7.316841693372371225e-01,7.820177083545900576e-01
-4.507500000000000284e+00,7.488254728278548322e-01,7.951142916058244747e-01
-4.504999999999999893e+00,7.663084670902535755e-01,8.082108748570682177e-01
-4.502500000000000391e+00,7.841239256111687261e-01,8.213074581082933090e-01
-4.500000000000000000e+00,8.022604235606882739e-01,8.344040413595369410e-01
-4.497500000000000497e+00,8.207041484264063769e-01,8.466852274589835581e-01
-4.495000000000000107e+00,8.394387068562146892e-01,8.589664135584302862e-01
-4.492499999999999716e+00,8.584449312060381532e-01,8.712475996578856741e-01
-4.490000000000000213e+00,8.777006873517287922e-01,8.835287857573322912e-01
-4.487499999999999822e+00,8.971806882385989779e-01,8.958099718567789083e-01
-4.485000000000000320e+00,9.168563157577850342e-01,9.080911579562342961e-01
-4.482499999999999929e+00,9.366954564920222381e-01,9.203723440556810242e-01
-4.480000000000000426e+00,9.566623549926073222e-01,9.326535301551276413e-01
-4.477500000000000036e+00,9.767174911773587320e-01,9.449347162545830292e-01
-4.475000000000000533e+00,9.968174864811532032e-01,9.572159023540209866e-01
-4.472500000000000142e+00,1.016915046195542516e+00,9.673922062018078805e-01
-4.469999999999999751e+00,1.036958943284046697e+00,9.775685100495946633e-01
-4.467500000000000249e+00,1.056894051512458077e+00,9.877448138973671243e-01
-4.464999999999999858e+00,1.076661433251105304e+00,9.979211177451539072e-01
-4.462500000000000355e+00,1.096198489458910963e+00,1.008097421592933696e+00
-4.459999999999999964e+00,1.115439176396371579e+00,1.018273725440713262e+00
-4.457500000000000462e+00,1.134314295228391334e+00,1.028450029288500156e+00
-4.455000000000000071e+00,1.152751857114741707e+00,1.038626333136279722e+00
-4.452499999999999680e+00,1.170677527371705384e+00,1.048802636984059289e+00
-4.450000000000000178e+00,1.188015148080060479e+00,1.058978940831846183e+00
-4.447499999999999787e+00,1.204687338884807390e+00,1.065820030227747406e+00
-4.445000000000000284e+00,1.220616170960117541e+00,1.072661119623648851e+00
-4.442499999999999893e+00,1.235723909028340728e+00,1.079502209019554959e+00
-4.440000000000000391e+00,1.249933811231811909e+00,1.086343298415451519e+00
-4.437500000000000000e+00,1.263170976447320681e+00,1.093184387811357627e+00
-4.435000000000000497e+00,1.275363223634721876e+00,1.100025477207258850e+00
-4.432500000000000107e+00,1.286441987953798938e+00,1.106866566603160296e+00
-4.429999999999999716e+00,1.296343213997320554e+00,1.113707655999066404e+00
-4.427500000000000213e+00,1.305008227519324437e+00,1.120548745394967849e+00
-4.424999999999999822e+00,1.312384563782873714e+00,1.127389834790869072e+00
-4.422500000000000320e+00,1.318426733034769427e+00,1.129930422110108301e+00
-4.419999999999999929e+00,1.323096901860950192e+00,1.132471009429345532e+00
-4.417500000000000426e+00,1.326365473151825292e+00,1.135011596748582985e+00
-4.415000000000000036e+00,1.328211547235747414e+00,1.137552184067821992e+00
-4.412500000000000533e+00,1.328623252211080130e+00,1.140092771387057446e+00
-4.410000000000000142e+00,1.327597932640123934e+00,1.142633358706296676e+00
-4.407499999999999751e+00,1.325142192283483844e+00,1.145173946025535905e+00
-4.405000000000000249e+00,1.321271788384788204e+00,1.147714533344771359e+00
-4.402499999999999858e+00,1.316011381853351869e+00,1.150255120664010589e+00
-4.400000000000000355e+00,1.309394149432800747e+00,1.152795707983247819e+00
-4.397499999999999964e+00,1.301461270298722495e+00,1.150513428946335903e+00
-4.395000000000000462e+00,1.292261300411607250e+00,1.148231149909422655e+00
-4.392500000000000071e+00,1.281849453147123175e+00,1.145948870872510739e+00
-4.389999999999999680e+00,1.270286804207408249e+00,1.143666591835599045e+00
-4.387500000000000178e+00,1.257639442472562541e+00,1.141384312798685574e+00
-4.384999999999999787e+00,1.243977586330826002e+00,1.139102033761773658e+00
-4.382500000000000284e+00,1.229374687122781085e+00,1.136819754724861964e+00
-4.379999999999999893e+00,1.213906537764166682e+00,1.134537475687948493e+00
-4.377500000000000391e+00,1.197650405449542488e+00,1.132255196651038354e+00
-4.375000000000000000e+00,1.180684202732621646e+00,1.129972917614124883e+00
-4.372500000000000497e+00,1.163085711349649554e+00,1.122900363242437027e+00
-4.370000000000000107e+00,1.144931868041350054e+00,1.115827808870749394e+00
-4.367499999999999716e+00,1.126298121466261293e+00,1.108755254499056653e+00
-4.365000000000000213e+00,1.107257864187416008e+00,1.101682700127368797e+00
-4.362499999999999822e+00,1.087881943768160165e+00,1.094610145755681163e+00
-4.360000000000000320e+00,1.068238252279253730e+00,1.087537591383988200e+00
-4.357499999999999929e+00,1.048391394084364991e+00,1.080465037012300566e+00
-4.355000000000000426e+00,1.028402427623410054e+00,1.073392482640612711e+00
-4.352500000000000036e+00,1.008328678115281818e+00,1.066319928268919970e+00
-4.350000000000000533e+00,9.882236145906364566e-01,1.059247373897237221e+00
-4.347500000000000142e+00,9.681367864911160082e-01,1.047993484271694475e+00
-4.344999999999999751e+00,9.481138121320323853e-01,1.036739594646151508e+00
-4.342500000000000249e+00,9.281964136710570967e-01,1.025485705020624749e+00
-4.339999999999999858e+00,9.084224907279491168e-01,1.014231815395082004e+00
-4.337500000000000355e+00,8.888262275215884634e-01,1.002977925769547252e+00
-4.334999999999999964e+00,8.694382261862007022e-01,9.917240361440123886e-01
-4.332500000000000462e+00,8.502856618801518662e-01,9.804701465184695319e-01
-4.330000000000000071e+00,8.313924532531502543e-01,9.692162568929347799e-01
-4.327499999999999680e+00,8.127794448964367202e-01,9.579623672674000279e-01
-4.325000000000000178e+00,7.944645964024728002e-01,9.467084776418571712e-01
-4.322499999999999787e+00,7.764631757361157849e-01,9.323832311238881010e-01
-4.320000000000000284e+00,7.587879525968490579e-01,9.180579846059190308e-01
-4.317499999999999893e+00,7.414493904860226525e-01,9.037327380879397465e-01
-4.315000000000000391e+00,7.244558341030518100e-01,8.894074915699808903e-01
-4.312500000000000000e+00,7.078136916574659931e-01,8.750822450520016060e-01
-4.310000000000000497e+00,6.915276095067605100e-01,8.607569985340325358e-01
-4.307500000000000107e+00,6.756006394113788227e-01,8.464317520160634656e-01
-4.304999999999999716e+00,6.600343964314503431e-01,8.321065054980841813e-01
-4.302500000000000213e+00,6.448292082926425639e-01,8.177812589801151111e-01
-4.299999999999999822e+00,6.299842546991510916e-01,8.034560124621460409e-01
-4.297500000000000320e+00,6.154976978060958670e-01,7.875118208832321276e-01
-4.294999999999999929e+00,6.013668026436804759e-01,7.715676293043295386e-01
-4.292500000000000426e+00,5.875880489643618976e-01,7.556234377254269496e-01
-4.290000000000000036e+00,5.741572335073277245e-01,7.396792461465130364e-01
-4.287500000000000533e+00,5.610695643115283238e-01,7.237350545676217717e-01
-4.285000000000000142e+00,5.483197461874174117e-01,7.077908629887078584e-01
-4.282499999999999751e+00,5.359020590647471938e-01,6.918466714097939452e-01
-4.280000000000000249e+00,5.238104283797125893e-01,6.759024798309026805e-01
-4.277499999999999858e+00,5.120384892523963671e-01,6.599582882519887672e-01
-4.275000000000000355e+00,5.005796436275687933e-01,6.440140966730861782e-01
-4.272499999999999964e+00,4.894271121281151826e-01,6.280328978294577036e-01
-4.270000000000000462e+00,4.785739797756682345e-01,6.120516989858179047e-01
-4.267500000000000071e+00,4.680132373039249116e-01,5.960705001421894300e-01
-4.264999999999999680e+00,4.577378171838439314e-01,5.800893012985609554e-01
-4.262500000000000178e+00,4.477406260499421364e-01,5.641081024549211564e-01
-4.259999999999999787e+00,4.380145726027291353e-01,5.481269036112926818e-01
-4.257500000000000284e+00,4.285525926345380432e-01,5.321457047676642071e-01
-4.254999999999999893e+00,4.193476702064283246e-01,5.161645059240244082e-01
-4.252500000000000391e+00,4.103928565802961725e-01,5.001833070804072578e-01
-4.250000000000000000e+00,4.016812858869288072e-01,4.842021082367674589e-01
-4.247500000000000497e+00,3.932061890927079917e-01,4.696658674150775981e-01
-4.245000000000000107e+00,3.849609052013965860e-01,4.551296265933876817e-01
-4.242499999999999716e+00,3.769388912156362292e-01,4.405933857716874957e-01
-4.240000000000000213e+00,3.691337297541218976e-01,4.260571449499975794e-01
-4.237499999999999822e+00,3.615391358151853196e-01,4.115209041283077185e-01
-4.235000000000000320e+00,3.541489615466381635e-01,3.969846633066075325e-01
-4.232499999999999929e+00,3.469572004831668610e-01,3.824484224849176162e-01
-4.230000000000000426e+00,3.399579900794417187e-01,3.679121816632277553e-01
-4.227500000000000036e+00,3.331456139751688417e-01,3.533759408415275693e-01
-4.224999999999999645e+00,3.265145027927933707e-01,3.388397000198394848e-01
-4.222500000000000142e+00,3.200592348831075018e-01,3.269231335715865328e-01
-4.219999999999999751e+00,3.137745357959050296e-01,3.150065671233250875e-01
-4.217500000000000249e+00,3.076552778736583726e-01,3.030900006750806286e-01
-4.214999999999999858e+00,3.016964787252608415e-01,2.911734342268191833e-01
-4.212500000000000355e+00,2.958932999637943206e-01,2.792568677785662312e-01
-4.209999999999999964e+00,2.902410449482951127e-01,2.673403013303132791e-01
-4.207500000000000462e+00,2.847351569022920637e-01,2.554237348820518338e-01
-4.205000000000000071e+00,2.793712161346226241e-01,2.435071684337988540e-01
-4.202499999999999680e+00,2.741449377265315346e-01,2.315906019855458742e-01
-4.200000000000000178e+00,2.690521683982973200e-01,2.196740355372844566e-01
-4.197499999999999787e+00,2.640888839126695475e-01,2.110928731700708882e-01
-4.195000000000000284e+00,2.592511857179544688e-01,2.025117108028573476e-01
-4.192499999999999893e+00,2.545352981830184547e-01,1.939305484356377007e-01
-4.190000000000000391e+00,2.499375651181846014e-01,1.853493860684302386e-01
-4.187500000000000000e+00,2.454544469307045895e-01,1.767682237012105917e-01
-4.185000000000000497e+00,2.410825171011893031e-01,1.681870613339970233e-01
-4.182500000000000107e+00,2.368184593272683602e-01,1.596058989667834549e-01
-4.179999999999999716e+00,2.326590640143209876e-01,1.510247365995638080e-01
-4.177500000000000213e+00,2.286012254580976344e-01,1.424435742323502674e-01
-4.174999999999999822e+00,2.246419383933920821e-01,1.338624118651366990e-01
-4.172500000000000320e+00,2.207782952529185327e-01,1.288002748150403609e-01
-4.169999999999999929e+00,2.170074828055647831e-01,1.237381377649476311e-01
-4.167500000000000426e+00,2.133267795181589266e-01,1.186760007148548873e-01
-4.165000000000000036e+00,2.097335523054876805e-01,1.136138636647585631e-01
-4.162499999999999645e+00,2.062252540132079870e-01,1.085517266146658194e-01
-4.160000000000000142e+00,2.027994202944110036e-01,1.034895895645730757e-01
-4.157499999999999751e+00,1.994536672254043075e-01,9.842745251447673760e-02
-4.155000000000000249e+00,1.961856883178535738e-01,9.336531546438760210e-02
-4.152499999999999858e+00,1.929932522741126810e-01,8.830317841429127790e-02
-4.150000000000000355e+00,1.898742001395525847e-01,8.324104136419853417e-02
-4.147499999999999964e+00,1.868264432002569031e-01,8.136488362809619901e-02
-4.145000000000000462e+00,1.838479602767873478e-01,7.948872589199253158e-02
-4.142500000000000071e+00,1.809367957641462299e-01,7.761256815589019642e-02
-4.139999999999999680e+00,1.780910570657112668e-01,7.573641041978786126e-02
-4.137500000000000178e+00,1.753089127732028740e-01,7.386025268368417995e-02
-4.134999999999999787e+00,1.725885902376717296e-01,7.198409494758184479e-02
-4.132500000000000284e+00,1.699283738856387505e-01,7.010793721147950963e-02
-4.129999999999999893e+00,1.673266029226946339e-01,6.823177947537584220e-02
-4.127500000000000391e+00,1.647816697808760222e-01,6.635562173927483931e-02
-4.125000000000000000e+00,1.622920179495254966e-01,6.447946400317117188e-02
-4.122500000000000497e+00,1.598561405482261943e-01,6.503907628429081433e-02
-4.120000000000000107e+00,1.574725782789788142e-01,6.559868856541047066e-02
-4.117499999999999716e+00,1.551399181185586229e-01,6.615830084653051557e-02
-4.115000000000000213e+00,1.528567913857223626e-01,6.671791312765017190e-02
-4.112499999999999822e+00,1.506218725466070552e-01,6.727752540876981435e-02
-4.110000000000000320e+00,1.484338773905252984e-01,6.783713768988985926e-02
-4.107499999999999929e+00,1.462915619419468960e-01,6.839674997100951559e-02
-4.105000000000000426e+00,1.441937207384281772e-01,6.895636225212915804e-02
-4.102500000000000036e+00,1.421391858427604182e-01,6.951597453324920295e-02
-4.099999999999999645e+00,1.401268252166709694e-01,7.007558681436987236e-02
-4.097500000000000142e+00,1.381555418268592128e-01,7.206846872844743790e-02
-4.094999999999999751e+00,1.362242721082758401e-01,7.406135064252641897e-02
-4.092500000000000249e+00,1.343319851579646562e-01,7.605423255660258286e-02
-4.089999999999999858e+00,1.324776812819506988e-01,7.804711447068156394e-02
-4.087500000000000355e+00,1.306603912710496140e-01,8.003999638475912948e-02
-4.084999999999999964e+00,1.288791750256566282e-01,8.203287829883669502e-02
-4.082500000000000462e+00,1.271331209079568370e-01,8.402576021291567610e-02
-4.080000000000000071e+00,1.254213444391877041e-01,8.601864212699325551e-02
-4.077499999999999680e+00,1.237429877229768022e-01,8.801152404107082106e-02
-4.075000000000000178e+00,1.220972182099446801e-01,9.000440595514980213e-02
-4.072499999999999787e+00,1.204832281871913852e-01,9.237536318634156918e-02
-4.070000000000000284e+00,1.189002336054079678e-01,9.474632041753332234e-02
-4.067499999999999893e+00,1.173474736298338456e-01,9.711727764872676860e-02
-4.065000000000000391e+00,1.158242095253398940e-01,9.948823487991684256e-02
-4.062500000000000000e+00,1.143297242644729372e-01,1.018591921111103027e-01
-4.060000000000000497e+00,1.128633214662672496e-01,1.042301493423020559e-01
-4.057500000000000107e+00,1.114243250572780064e-01,1.066011065734938229e-01
-4.054999999999999716e+00,1.100120782601605174e-01,1.089720638046872692e-01
-4.052500000000000213e+00,1.086259433038728461e-01,1.113430210358790362e-01
-4.049999999999999822e+00,1.072653004583299097e-01,1.137139782670707894e-01
-4.047500000000000320e+00,1.059295477902208876e-01,1.155515581296402972e-01
-4.044999999999999929e+00,1.046181002403061000e-01,1.173891379922085004e-01
-4.042500000000000426e+00,1.033303894215440860e-01,1.192267178547767037e-01
-4.040000000000000036e+00,1.020658627358431020e-01,1.210642977173462254e-01
-4.037499999999999645e+00,1.008239832114311424e-01,1.229018775799144148e-01
-4.035000000000000142e+00,9.960422865610452092e-02,1.247394574424826319e-01
-4.032499999999999751e+00,9.840609153099905138e-02,1.265770373050521258e-01
-4.030000000000000249e+00,9.722907813759136542e-02,1.284146171676190384e-01
-4.027499999999999858e+00,9.607270852524067706e-02,1.302521970301885323e-01
-4.025000000000000355e+00,9.493651570940370155e-02,1.320897768927567495e-01
-4.022499999999999964e+00,9.382004561050742708e-02,1.327814558195780092e-01
-4.020000000000000462e+00,9.272285630103098419e-02,1.334731347463997686e-01
-4.017500000000000071e+00,9.164451797345277151e-02,1.341648136732210561e-01
-4.014999999999999680e+00,9.058461221402566710e-02,1.348564926000423159e-01
-4.012500000000000178e+00,8.954273199771498049e-02,1.355481715268640752e-01
-4.009999999999999787e+00,8.851848098665583697e-02,1.362398504536853350e-01
-4.007500000000000284e+00,8.751147355015538587e-02,1.369315293805065947e-01
-4.004999999999999893e+00,8.652133408597498243e-02,1.376232083073283541e-01
-4.002500000000000391e+00,8.554769706361518844e-02,1.383148872341491420e-01
-4.000000000000000000e+00,8.459020636670595839e-02,1.390065661609709013e-01
-3.997500000000000053e+00,8.364851535792923454e-02,1.383226224134068705e-01
-3.995000000000000107e+00,8.272228624093003191e-02,1.376386786658428119e-01
-3.992500000000000160e+00,8.181119014535712108e-02,1.369547349182782814e-01
-3.990000000000000213e+00,8.091490650682896246e-02,1.362707911707142505e-01
-3.987500000000000266e+00,8.003312317068793369e-02,1.355868474231501919e-01
-3.984999999999999876e+00,7.916553578866621088e-02,1.349029036755856614e-01
-3.982499999999999929e+00,7.831184794005716099e-02,1.342189599280216306e-01
-3.979999999999999982e+00,7.747177054382897721e-02,1.335350161804575719e-01
-3.977500000000000036e+00,7.664502199601444521e-02,1.328510724328930415e-01
-3.975000000000000089e+00,7.583132759611611873e-02,1.321671286853290106e-01
-3.972500000000000142e+00,7.503041969960731750e-02,1.302584556167390717e-01
-3.970000000000000195e+00,7.424203715755862965e-02,1.283497825481491328e-01
-3.967500000000000249e+00,7.346592548322740390e-02,1.264411094795592216e-01
-3.965000000000000302e+00,7.270183630391753582e-02,1.245324364109679227e-01
-3.962499999999999911e+00,7.194952754071205769e-02,1.226237633423779838e-01
-3.959999999999999964e+00,7.120876287165131546e-02,1.207150902737880588e-01
-3.957500000000000018e+00,7.047931192373539655e-02,1.188064172051967737e-01
-3.955000000000000071e+00,6.976094974657416625e-02,1.168977441366068348e-01
-3.952500000000000124e+00,6.905345701585199891e-02,1.149890710680168959e-01
-3.950000000000000178e+00,6.835661951666902048e-02,1.130803979994256109e-01
-3.947500000000000231e+00,6.767022835771902001e-02,1.103948893531659647e-01
-3.945000000000000284e+00,6.699407946359765831e-02,1.077093807069063186e-01
-3.942499999999999893e+00,6.632797379900452761e-02,1.050238720606447573e-01
-3.939999999999999947e+00,6.567171686934623887e-02,1.023383634143851112e-01
-3.937500000000000000e+00,6.502511895432380729e-02,9.965285476812546506e-02
-3.935000000000000053e+00,6.438799461620971221e-02,9.696734612186581892e-02
-3.932500000000000107e+00,6.376016294222962288e-02,9.428183747560617278e-02
-3.930000000000000160e+00,6.314144705993834927e-02,9.159632882934461151e-02
-3.927500000000000213e+00,6.253167438784623666e-02,8.891082018308496537e-02
-3.925000000000000266e+00,6.193067615736282117e-02,8.622531153682531924e-02
-3.922499999999999876e+00,6.133828767116070169e-02,8.336603360674176011e-02
-3.919999999999999929e+00,6.075434783119199045e-02,8.050675567666024102e-02
-3.917499999999999982e+00,6.017869940431942732e-02,7.764747774657870805e-02
-3.915000000000000036e+00,5.961118855594872701e-02,7.478819981649514892e-02
-3.912500000000000089e+00,5.905166512249084010e-02,7.192892188641362983e-02
-3.910000000000000142e+00,5.849998215018393372e-02,6.906964395633211073e-02
-3.907500000000000195e+00,5.795599617398375369e-02,6.621036602625057776e-02
-3.905000000000000249e+00,5.741956676118176867e-02,6.335108809616904479e-02
-3.902500000000000302e+00,5.689055679634838492e-02,6.049181016608549954e-02
-3.899999999999999911e+00,5.636883202937976317e-02,5.763253223600397351e-02
-3.897499999999999964e+00,5.585426136614764225e-02,5.519372863120167172e-02
-3.895000000000000018e+00,5.534671642063459379e-02,5.275492502639764214e-02
-3.892500000000000071e+00,5.484607181096818468e-02,5.031612142159534035e-02
-3.890000000000000124e+00,5.435220471532717368e-02,4.787731781679303855e-02
-3.887500000000000178e+00,5.386499517306136964e-02,4.543851421198900203e-02
-3.885000000000000231e+00,5.338432564407565722e-02,4.299971060718670024e-02
-3.882500000000000284e+00,5.291008131475635062e-02,4.056090700238440538e-02
-3.879999999999999893e+00,5.244214966055917027e-02,3.812210339758036887e-02
-3.877499999999999947e+00,5.198042075648547089e-02,3.568329979277806707e-02
-3.875000000000000000e+00,5.152478684261894287e-02,3.324449618797576528e-02
-3.872500000000000053e+00,5.107514263891083095e-02,3.166511889365596771e-02
-3.870000000000000107e+00,5.063138491342841774e-02,3.008574159933617015e-02
-3.867500000000000160e+00,5.019341280122768117e-02,2.850636430501525195e-02
-3.865000000000000213e+00,4.976112737509198747e-02,2.692698701069545786e-02
-3.862500000000000266e+00,4.933443196828392330e-02,2.534760971637566029e-02
-3.859999999999999876e+00,4.891323174756947306e-02,2.376823242205473863e-02
-3.857499999999999929e+00,4.849743403965516703e-02,2.218885512773494453e-02
-3.854999999999999982e+00,4.808694790630609062e-02,2.060947783341514697e-02
-3.852500000000000036e+00,4.768168447428991485e-02,1.903010053909422877e-02
-3.850000000000000089e+00,4.728155651240827789e-02,1.745072324477443121e-02
-3.847500000000000142e+00,4.688647876478106019e-02,1.691886739279762839e-02
-3.845000000000000195e+00,4.649636752962403585e-02,1.638701154082082209e-02
-3.842500000000000249e+00,4.611114099571761438e-02,1.585515568884401927e-02
-3.839999999999999858e+00,4.573071882277510852e-02,1.532329983686683654e-02
-3.837499999999999911e+00,4.535502248095130140e-02,1.479144398489003198e-02
-3.834999999999999964e+00,4.498397483265367119e-02,1.425958813291322742e-02
-3.832500000000000018e+00,4.461750047495765398e-02,1.372773228093604470e-02
-3.830000000000000071e+00,4.425552532272487849e-02,1.319587642895924187e-02
-3.827500000000000124e+00,4.389797695379691472e-02,1.266402057698243558e-02
-3.825000000000000178e+00,4.354478419329479294e-02,1.213216472500525459e-02
-3.822500000000000231e+00,4.319587746147440094e-02,1.255954179084236948e-02
-3.820000000000000284e+00,4.285118835908584278e-02,1.298691885667948610e-02
-3.817499999999999893e+00,4.251065001778282088e-02,1.341429592251690457e-02
-3.814999999999999947e+00,4.217419668643047209e-02,1.384167298835402120e-02
-3.812500000000000000e+00,4.184176408396526187e-02,1.426905005419113609e-02
-3.810000000000000053e+00,4.151328898654666616e-02,1.469642712002825098e-02
-3.807500000000000107e+00,4.118870958277397187e-02,1.512380418586536761e-02
-3.805000000000000160e+00,4.086796506158263398e-02,1.555118125170278608e-02
-3.802500000000000213e+00,4.055099596972849135e-02,1.597855831753990097e-02
-3.800000000000000266e+00,4.023774380033866283e-02,1.640593538337701759e-02
-3.797499999999999876e+00,3.992815135257919701e-02,1.747342490338603047e-02
-3.794999999999999929e+00,3.962216232077254291e-02,1.854091442339428353e-02
-3.792499999999999982e+00,3.931972165617404064e-02,1.960840394340253659e-02
-3.790000000000000036e+00,3.902077515657487172e-02,2.067589346341154946e-02
-3.787500000000000089e+00,3.872526983011204821e-02,2.174338298341980252e-02
-3.785000000000000142e+00,3.843315348528284631e-02,2.281087250342805905e-02
-3.782500000000000195e+00,3.814437509672249232e-02,2.387836202343631212e-02
-3.780000000000000249e+00,3.785888439555511187e-02,2.494585154344456518e-02
-3.777499999999999858e+00,3.757663223707684297e-02,2.601334106345357805e-02
-3.774999999999999911e+00,3.729757019137812379e-02,2.708083058346183111e-02
-3.772499999999999964e+00,3.702165091287214216e-02,2.833896119045042211e-02
-3.770000000000000018e+00,3.674882773112362472e-02,2.959709179743990823e-02
-3.767500000000000071e+00,3.647905502216976931e-02,3.085522240442850270e-02
-3.765000000000000124e+00,3.621228779949504234e-02,3.211335301141709370e-02
-3.762500000000000178e+00,3.594848208709257309e-02,3.337148361840658328e-02
-3.760000000000000231e+00,3.568759451052988529e-02,3.462961422539517081e-02
-3.757500000000000284e+00,3.542958267170201458e-02,3.588774483238376528e-02
-3.754999999999999893e+00,3.517440473993497380e-02,3.714587543937325487e-02
-3.752499999999999947e+00,3.492201982838675361e-02,3.840400604636184240e-02
-3.750000000000000000e+00,3.467238758513756236e-02,3.966213665335043687e-02
-3.747500000000000053e+00,3.442546857119651443e-02,4.065812561774846678e-02
-3.745000000000000107e+00,3.418122385153247317e-02,4.165411458214648976e-02
-3.742500000000000160e+00,3.393961537464671580e-02,4.265010354654522745e-02
-3.740000000000000213e+00,3.370060556349990799e-02,4.364609251094325737e-02
-3.737500000000000266e+00,3.346415769661360839e-02,4.464208147534128035e-02
-3.734999999999999876e+00,3.323023549885136679e-02,4.563807043974001804e-02
-3.732499999999999929e+00,3.299880352401639988e-02,4.663405940413804796e-02
-3.729999999999999982e+00,3.276982674544468704e-02,4.763004836853607094e-02
-3.727500000000000036e+00,3.254327094006735643e-02,4.862603733293480862e-02
-3.725000000000000089e+00,3.231910227877940467e-02,4.962202629733283854e-02
-3.722500000000000142e+00,3.209728771193566532e-02,5.002017541943881707e-02
-3.720000000000000195e+00,3.187779455945942420e-02,5.041832454154479559e-02
-3.717500000000000249e+00,3.166059089774514446e-02,5.081647366365077412e-02
-3.714999999999999858e+00,3.144564514947194994e-02,5.121462278575703714e-02
-3.712499999999999911e+00,3.123292647188683976e-02,5.161277190786302260e-02
-3.709999999999999964e+00,3.102240434629237320e-02,5.201092102996900113e-02
-3.707500000000000018e+00,3.081404896768519946e-02,5.240907015207526415e-02
-3.705000000000000071e+00,3.060783083388671569e-02,5.280721927418124267e-02
-3.702500000000000124e+00,3.040372113651532496e-02,5.320536839628722120e-02
-3.700000000000000178e+00,3.020169134973071240e-02,5.360351751839348422e-02
-3.697500000000000231e+00,3.000171362251871296e-02,5.326878918195476764e-02
-3.695000000000000284e+00,2.980376036702150205e-02,5.293406084551604412e-02
-3.692499999999999893e+00,2.960780465211516194e-02,5.259933250907709162e-02
-3.689999999999999947e+00,2.941381979129992219e-02,5.226460417263836811e-02
-3.687500000000000000e+00,2.922177973755217539e-02,5.192987583619965153e-02
-3.685000000000000053e+00,2.903165867074929823e-02,5.159514749976093495e-02
-3.682500000000000107e+00,2.884343139377911272e-02,5.126041916332221143e-02
-3.680000000000000160e+00,2.865707291947596283e-02,5.092569082688325893e-02
-3.677500000000000213e+00,2.847255886797096791e-02,5.059096249044453542e-02
-3.675000000000000266e+00,2.828986505311684510e-02,5.025623415400581884e-02
-3.672499999999999876e+00,2.810896788106514305e-02,4.928045879573027255e-02
-3.669999999999999929e+00,2.792984393615646418e-02,4.830468343745542015e-02
-3.667499999999999982e+00,2.775247038071144631e-02,4.732890807918056081e-02
-3.665000000000000036e+00,2.757682454036700787e-02,4.635313272090501452e-02
-3.662500000000000089e+00,2.740288430506681444e-02,4.537735736263016212e-02
-3.660000000000000142e+00,2.723062771382353878e-02,4.440158200435530972e-02
-3.657500000000000195e+00,2.706003335689833797e-02,4.342580664608045732e-02
-3.655000000000000249e+00,2.689107995996957781e-02,4.245003128780559798e-02
-3.652499999999999858e+00,2.672374678748939969e-02,4.147425592953005169e-02
-3.649999999999999911e+00,2.655801322624176675e-02,4.049848057125519929e-02
-3.647499999999999964e+00,2.639385918986622906e-02,3.916243522676434580e-02
-3.645000000000000018e+00,2.623126470178749337e-02,3.782638988227254861e-02
-3.642500000000000071e+00,2.607021030089608574e-02,3.649034453778170206e-02
-3.640000000000000124e+00,2.591067662383395726e-02,3.515429919329084857e-02
-3.637500000000000178e+00,2.575264481182370363e-02,3.381825384879905139e-02
-3.635000000000000231e+00,2.559609609229263755e-02,3.248220850430819789e-02
-3.632500000000000284e+00,2.544101218684377552e-02,3.114616315981734440e-02
-3.629999999999999893e+00,2.528737489220280951e-02,2.981011781532554722e-02
-3.627499999999999947e+00,2.513516648932308944e-02,2.847407247083469720e-02
-3.625000000000000000e+00,2.498436932364142549e-02,2.713802712634384717e-02
-3.622500000000000053e+00,2.483496621530968326e-02,2.581754761800320042e-02
-3.620000000000000107e+00,2.468694003874507756e-02,2.449706810966255366e-02
-3.617500000000000160e+00,2.454027413398301299e-02,2.317658860132097015e-02
-3.615000000000000213e+00,2.439495188550804342e-02,2.185610909298032339e-02
-3.612500000000000266e+00,2.425095713472127934e-02,2.053562958463967664e-02
-3.609999999999999876e+00,2.410827375803939465e-02,1.921515007629809313e-02
-3.607499999999999929e+00,2.396688608047246177e-02,1.789467056795744637e-02
-3.604999999999999982e+00,2.382677845297719726e-02,1.657419105961679962e-02
-3.602500000000000036e+00,2.368793566714025994e-02,1.525371155127521784e-02
-3.600000000000000089e+00,2.355034253177428968e-02,1.393323204293457282e-02
-3.597500000000000142e+00,2.341398428870265086e-02,1.297049258047892721e-02
-3.595000000000000195e+00,2.327884618858494514e-02,1.200775311802328160e-02
-3.592500000000000249e+00,2.314491390780100757e-02,1.104501365556763773e-02
-3.589999999999999858e+00,2.301217312349456909e-02,1.008227419311130690e-02
-3.587499999999999911e+00,2.288060993155108594e-02,9.119534730655663030e-03
-3.584999999999999964e+00,2.275021042084987566e-02,8.156795268200015686e-03
-3.582500000000000018e+00,2.262096109233328531e-02,7.194055805743687464e-03
-3.580000000000000071e+00,2.249284843245559148e-02,6.231316343288041855e-03
-3.577500000000000124e+00,2.236585933334156451e-02,5.268576880832397114e-03
-3.575000000000000178e+00,2.223998066542091576e-02,4.305837418376066289e-03
-3.572500000000000231e+00,2.211519969867437388e-02,3.875253676538520896e-03
-3.570000000000000284e+00,2.199150367444362847e-02,3.444669934700975503e-03
-3.567499999999999893e+00,2.186888022776323909e-02,3.014086192863123931e-03
-3.564999999999999947e+00,2.174731695833583348e-02,2.583502451025578538e-03
-3.562500000000000000e+00,2.162680185394774343e-02,2.152918709188033144e-03
-3.560000000000000053e+00,2.150732286060108925e-02,1.722334967350487751e-03
-3.557500000000000107e+00,2.138886830701126202e-02,1.291751225512941924e-03
-3.555000000000000160e+00,2.127142647388564553e-02,8.611674836750907863e-04
-3.552500000000000213e+00,2.115498601950325380e-02,4.305837418375453932e-04
-3.550000000000000266e+00,2.103953554813044538e-02,0.000000000000000000e+00
-3.547499999999999876e+00,2.092506403668199788e-02,0.000000000000000000e+00
-3.544999999999999929e+00,2.081156040226485662e-02,0.000000000000000000e+00
-3.542499999999999982e+00,2.069901392991989678e-02,0.000000000000000000e+00
-3.540000000000000036e+00,2.058741383928539351e-02,0.000000000000000000e+00
-3.537500000000000089e+00,2.047674971341975278e-02,0.000000000000000000e+00
-3.535000000000000142e+00,2.036701106457509958e-02,0.000000000000000000e+00
-3.532500000000000195e+00,2.025818776410099123e-02,0.000000000000000000e+00
-3.530000000000000249e+00,2.015026960732087258e-02,0.000000000000000000e+00
-3.527499999999999858e+00,2.004324674451679958e-02,0.000000000000000000e+00
-3.524999999999999911e+00,1.993710924489958472e-02,0.000000000000000000e+00
-3.522499999999999964e+00,1.983184752867526990e-02,3.878610797880237683e-04
-3.520000000000000018e+00,1.972745193010227646e-02,7.757221595763231408e-04
-3.517500000000000071e+00,1.962391313063894388e-02,1.163583239364347072e-03
-3.515000000000000124e+00,1.952122172107955897e-02,1.551444319152370677e-03
-3.512500000000000178e+00,1.941936863578536468e-02,1.939305398940670104e-03
-3.510000000000000231e+00,1.931834471389043753e-02,2.327166478728694143e-03
-3.507500000000000284e+00,1.921814113461756818e-02,2.715027558516717749e-03
-3.504999999999999893e+00,1.911874897754677061e-02,3.102888638305017176e-03
-3.502499999999999947e+00,1.902015965901654795e-02,3.490749718093040781e-03
-3.500000000000000000e+00,1.892236449144813967e-02,3.878610797881064821e-03
-3.497500000000000053e+00,1.882535512083370957e-02,4.706320337368426546e-03
-3.495000000000000107e+00,1.872912308510834775e-02,5.534029876855787837e-03
-3.492500000000000160e+00,1.863366025272726947e-02,6.361739416343737200e-03
-3.490000000000000213e+00,1.853895838007776908e-02,7.189448955831099358e-03
-3.487500000000000266e+00,1.844500955114802832e-02,8.017158495318459782e-03
-3.484999999999999876e+00,1.835180573397156636e-02,8.844868034806410012e-03
-3.482499999999999929e+00,1.825933922138873317e-02,9.672577574293770436e-03
-3.479999999999999982e+00,1.816760218651718509e-02,1.050028711378113259e-02
-3.477500000000000036e+00,1.807658712460909547e-02,1.132799665326908282e-02
-3.475000000000000089e+00,1.798628640753944033e-02,1.215570619275644325e-02
-3.472500000000000142e+00,1.789669272676018899e-02,1.322546760244402118e-02
-3.470000000000000195e+00,1.780779864680195196e-02,1.429522901213159738e-02
-3.467500000000000249e+00,1.771959704932685870e-02,1.536499042181917532e-02
-3.464999999999999858e+00,1.763208068563489397e-02,1.643475183150751306e-02
-3.462499999999999911e+00,1.754524262181915081e-02,1.750451324119509100e-02
-3.459999999999999964e+00,1.745907579027075260e-02,1.857427465088266894e-02
-3.457500000000000018e+00,1.737357343593852813e-02,1.964403606057100321e-02
-3.455000000000000071e+00,1.728872866682534121e-02,2.071379747025858115e-02
-3.452500000000000124e+00,1.720453490135524788e-02,2.178355887994615908e-02
-3.450000000000000178e+00,1.712098541785484970e-02,2.285332028963449683e-02
-3.447500000000000231e+00,1.703807380303074687e-02,2.383771787371712428e-02
-3.445000000000000284e+00,1.695579350042871955e-02,2.482211545779975173e-02
-3.442499999999999893e+00,1.687413826002479023e-02,2.580651304188308001e-02
-3.439999999999999947e+00,1.679310168565640790e-02,2.679091062596570746e-02
-3.437500000000000000e+00,1.671267768572923251e-02,2.777530821004833839e-02
-3.435000000000000053e+00,1.663286001961333457e-02,2.875970579413096584e-02
-3.432500000000000107e+00,1.655364274947047909e-02,2.974410337821359329e-02
-3.430000000000000160e+00,1.647501978560861335e-02,3.072850096229692157e-02
-3.427500000000000213e+00,1.639698533943132266e-02,3.171289854637954903e-02
-3.425000000000000266e+00,1.631953346774512106e-02,3.269729613046217648e-02
-3.422499999999999876e+00,1.624265852683542954e-02,3.327642162716196866e-02
-3.419999999999999929e+00,1.616635471571921043e-02,3.385554712386135146e-02
-3.417499999999999982e+00,1.609061653135076403e-02,3.443467262056072731e-02
-3.415000000000000036e+00,1.601543831081433944e-02,3.501379811726051949e-02
-3.412500000000000089e+00,1.594081468766215398e-02,3.559292361395990228e-02
-3.410000000000000142e+00,1.586674013304142233e-02,3.617204911065928508e-02
-3.407500000000000195e+00,1.579320941316858171e-02,3.675117460735866093e-02
-3.405000000000000249e+00,1.572021712938323837e-02,3.733030010405804372e-02
-3.402499999999999858e+00,1.564775817676305678e-02,3.790942560075783591e-02
-3.399999999999999911e+00,1.557582728309898044e-02,3.848855109745721870e-02
-3.397499999999999964e+00,1.550441946865388498e-02,3.846923712991245220e-02
-3.395000000000000018e+00,1.543352958405204423e-02,3.844992316236766489e-02
-3.392500000000000071e+00,1.536315277118698377e-02,3.843060919482289839e-02
-3.390000000000000124e+00,1.529328400001851718e-02,3.841129522727812495e-02
-3.387500000000000178e+00,1.522391853063316883e-02,3.839198125973334458e-02
-3.385000000000000231e+00,1.515505144894310416e-02,3.837266729218857808e-02
-3.382500000000000284e+00,1.508667812990286544e-02,3.835335332464380464e-02
-3.379999999999999893e+00,1.501879377210445232e-02,3.833403935709902427e-02
-3.377499999999999947e+00,1.495139386215420946e-02,3.831472538955425083e-02
-3.375000000000000000e+00,1.488447370815800495e-02,3.829541142200948434e-02
-3.372500000000000053e+00,1.481802890526234991e-02,3.768134382532144222e-02
-3.370000000000000107e+00,1.475205486802294748e-02,3.706727622863339316e-02
-3.367500000000000160e+00,1.468654729711568740e-02,3.645320863194491390e-02
-3.365000000000000213e+00,1.462150171058200152e-02,3.583914103525686484e-02
-3.362500000000000266e+00,1.455691391171231447e-02,3.522507343856882273e-02
-3.359999999999999876e+00,1.449277951916407015e-02,3.461100584188034346e-02
-3.357499999999999929e+00,1.442909443602244726e-02,3.399693824519229440e-02
-3.354999999999999982e+00,1.436585437878291037e-02,3.338287064850425229e-02
-3.352500000000000036e+00,1.430305534759462351e-02,3.276880305181577302e-02
-3.350000000000000089e+00,1.424069315410164509e-02,3.215473545512772396e-02
-3.347500000000000142e+00,1.417876389287360712e-02,3.114794764336816651e-02
-3.345000000000000195e+00,1.411726346809912686e-02,3.014115983160860560e-02
-3.342500000000000249e+00,1.405618806620772578e-02,2.913437201984904815e-02
-3.339999999999999858e+00,1.399553368141088529e-02,2.812758420808877252e-02
-3.337499999999999911e+00,1.393529658951879122e-02,2.712079639632921507e-02
-3.334999999999999964e+00,1.387547287232259938e-02,2.611400858456965762e-02
-3.332500000000000018e+00,1.381605889261189671e-02,2.510722077280938200e-02
-3.330000000000000071e+00,1.375705081739087010e-02,2.410043296104982455e-02
-3.327500000000000124e+00,1.369844509410213067e-02,2.309364514929026363e-02
-3.325000000000000178e+00,1.364023797267022164e-02,2.208685733752999147e-02
-3.322500000000000231e+00,1.358242598293602985e-02,2.101803080088286702e-02
-3.320000000000000284e+00,1.352500545552312063e-02,1.994920426423573909e-02
-3.317499999999999893e+00,1.346797300048677842e-02,1.888037772758785482e-02
-3.314999999999999947e+00,1.341132502699587253e-02,1.781155119094073036e-02
-3.312500000000000000e+00,1.335505822320314645e-02,1.674272465429360243e-02
-3.310000000000000053e+00,1.329916907473625842e-02,1.567389811764647797e-02
-3.307500000000000107e+00,1.324365434579303363e-02,1.460507158099935178e-02
-3.305000000000000160e+00,1.318851059643676160e-02,1.353624504435146578e-02
-3.302500000000000213e+00,1.313373466492149567e-02,1.246741850770433958e-02
-3.300000000000000266e+00,1.307932318378456429e-02,1.139859197105721512e-02
-3.297499999999999876e+00,1.302527306340758341e-02,1.060126010289614250e-02
-3.294999999999999929e+00,1.297158100690017947e-02,9.803928234735635391e-03
-3.292499999999999982e+00,1.291824399490126493e-02,9.006596366575128285e-03
-3.290000000000000036e+00,1.286525879924815818e-02,8.209264498414053923e-03
-3.287500000000000089e+00,1.281262246902368021e-02,7.411932630253547684e-03
-3.285000000000000142e+00,1.276033184300368398e-02,6.614600762093041444e-03
-3.282500000000000195e+00,1.270838403695574367e-02,5.817268893932534338e-03
-3.280000000000000249e+00,1.265677595485909142e-02,5.019937025772027231e-03
-3.277499999999999858e+00,1.260550477745965917e-02,4.222605157610953737e-03
-3.274999999999999911e+00,1.255456747225617425e-02,3.425273289450447931e-03
-3.272499999999999964e+00,1.250396128331743642e-02,3.082745960505475953e-03
-3.270000000000000018e+00,1.245368324002847117e-02,2.740218631560261114e-03
-3.267500000000000071e+00,1.240373064817438219e-02,2.397691302615289136e-03
-3.265000000000000124e+00,1.235410059744080497e-02,2.055163973670317591e-03
-3.262500000000000178e+00,1.230479045377100809e-02,1.712636644725102318e-03
-3.260000000000000231e+00,1.225579736561253387e-02,1.370109315780130340e-03
-3.257500000000000284e+00,1.220711875755353150e-02,1.027581986835158796e-03
-3.254999999999999893e+00,1.215875183531042215e-02,6.850546578899435225e-04
-3.252499999999999947e+00,1.211069408064764305e-02,3.425273289449719781e-04
-3.250000000000000000e+00,1.206294275510061062e-02,0.000000000000000000e+00
-3.247500000000000053e+00,1.201549539618487587e-02,0.000000000000000000e+00
-3.245000000000000107e+00,1.196834931984697148e-02,0.000000000000000000e+00
-3.242500000000000160e+00,1.192150211796932230e-02,0.000000000000000000e+00
-3.240000000000000213e+00,1.187495115954276780e-02,0.000000000000000000e+00
-3.237500000000000266e+00,1.182869408947304600e-02,0.000000000000000000e+00
-3.234999999999999876e+00,1.178272832846826053e-02,0.000000000000000000e+00
-3.232499999999999929e+00,1.173705157315175530e-02,0.000000000000000000e+00
-3.229999999999999982e+00,1.169166129465967416e-02,0.000000000000000000e+00
-3.227500000000000036e+00,1.164655524006552589e-02,0.000000000000000000e+00
-3.225000000000000089e+00,1.160173092968096002e-02,0.000000000000000000e+00
-3.222500000000000142e+00,1.155718615979927852e-02,0.000000000000000000e+00
-3.220000000000000195e+00,1.151291849869039673e-02,0.000000000000000000e+00
-3.217500000000000249e+00,1.146892579067108550e-02,0.000000000000000000e+00
-3.214999999999999858e+00,1.142520565078812729e-02,0.000000000000000000e+00
-3.212499999999999911e+00,1.138175597021900097e-02,0.000000000000000000e+00
-3.209999999999999964e+00,1.133857440963928313e-02,0.000000000000000000e+00
-3.207500000000000018e+00,1.129565890595806733e-02,0.000000000000000000e+00
-3.205000000000000071e+00,1.125300716436260402e-02,0.000000000000000000e+00
-3.202500000000000124e+00,1.121061716639703935e-02,0.000000000000000000e+00
-3.200000000000000178e+00,1.116848666067544321e-02,0.000000000000000000e+00
-3.197500000000000231e+00,1.112661367231013859e-02,0.000000000000000000e+00
-3.195000000000000284e+00,1.108499599228737927e-02,0.000000000000000000e+00
-3.192499999999999893e+00,1.104363168825131178e-02,0.000000000000000000e+00
-3.189999999999999947e+00,1.100251859253540028e-02,0.000000000000000000e+00
-3.187500000000000000e+00,1.096165481430691133e-02,0.000000000000000000e+00
-3.185000000000000053e+00,1.092103822624996938e-02,0.000000000000000000e+00
-3.182500000000000107e+00,1.088066697807636013e-02,0.000000000000000000e+00
-3.180000000000000160e+00,1.084053898185041373e-02,0.000000000000000000e+00
-3.177500000000000213e+00,1.080065242687582548e-02,0.000000000000000000e+00
-3.175000000000000266e+00,1.076100526365524231e-02,0.000000000000000000e+00
-3.172499999999999876e+00,1.072159572015736473e-02,1.365375168627607047e-04
-3.169999999999999929e+00,1.068242178440631865e-02,2.730750337254243734e-04
-3.167499999999999982e+00,1.064348172213520731e-02,4.096125505880880962e-04
-3.165000000000000036e+00,1.060477355799765466e-02,5.461500674508487467e-04
-3.162500000000000089e+00,1.056629559461486415e-02,6.826875843135124695e-04
-3.160000000000000142e+00,1.052804589240264460e-02,8.192251011761761924e-04
-3.157500000000000195e+00,1.049002279001797107e-02,9.557626180388398068e-04
-3.155000000000000249e+00,1.045222438279425417e-02,1.092300134901503638e-03
-3.152499999999999858e+00,1.041464904459532027e-02,1.228837651764264289e-03
-3.149999999999999911e+00,1.037729490485157953e-02,1.365375168626928011e-03
-3.147499999999999964e+00,1.034016037182630340e-02,1.750568642297843040e-03
-3.145000000000000018e+00,1.030324360824721140e-02,2.135762115969031504e-03
-3.142500000000000071e+00,1.026654305599282446e-02,2.520955589639946315e-03
-3.140000000000000124e+00,1.023005691031023817e-02,2.906149063310861560e-03
-3.137500000000000178e+00,1.019378364592891072e-02,3.291342536982050024e-03
-3.135000000000000231e+00,1.015772148985858055e-02,3.676536010652964835e-03
-3.132500000000000284e+00,1.012186894893598102e-02,4.061729484323880514e-03
-3.129999999999999893e+00,1.008622428119677374e-02,4.446922957995068544e-03
-3.127499999999999947e+00,1.005078602486132559e-02,4.832116431665983355e-03
-3.125000000000000000e+00,1.001555246827333379e-02,5.217309905336898167e-03
-3.122500000000000053e+00,9.980522180332577348e-03,5.742849452476793404e-03
-3.120000000000000107e+00,9.945693478992241945e-03,6.268388999616688641e-03
-3.117500000000000160e+00,9.911064963145997664e-03,6.793928546756957711e-03
-3.115000000000000213e+00,9.876634979676373466e-03,7.319468093896852948e-03
-3.112500000000000266e+00,9.842402156802857252e-03,7.845007641036749052e-03
-3.109999999999999876e+00,9.808364869675225903e-03,8.370547188177018122e-03
-3.107499999999999929e+00,9.774521775188645470e-03,8.896086735316912492e-03
-3.104999999999999982e+00,9.740871276114436775e-03,9.421626282456806861e-03
-3.102500000000000036e+00,9.707412057390946494e-03,9.947165829597075931e-03
-3.100000000000000089e+00,9.674142548782682649e-03,1.047270537673697204e-02
-3.097500000000000142e+00,9.641061462654466202e-03,1.093851617352515314e-02
-3.095000000000000195e+00,9.608167255152129382e-03,1.140432697031333598e-02
-3.092500000000000249e+00,9.575458665465793814e-03,1.187013776710151708e-02
-3.089999999999999858e+00,9.542934175526589236e-03,1.233594856389002951e-02
-3.087499999999999911e+00,9.510592550765386427e-03,1.280175936067821235e-02
-3.084999999999999964e+00,9.478432298316900873e-03,1.326757015746639345e-02
-3.082500000000000018e+00,9.446452209283326060e-03,1.373338095425490589e-02
-3.080000000000000071e+00,9.414650815437047848e-03,1.419919175104308873e-02
-3.077500000000000124e+00,9.383026932995669478e-03,1.466500254783126983e-02
-3.075000000000000178e+00,9.351579117817723080e-03,1.513081334461978227e-02
-3.072500000000000231e+00,9.320306210695730384e-03,1.535703257746063796e-02
-3.070000000000000284e+00,9.289206791036399083e-03,1.558325181030149366e-02
-3.067499999999999893e+00,9.258279723679849887e-03,1.580947104314250895e-02
-3.064999999999999947e+00,9.227523611056895683e-03,1.603569027598336291e-02
-3.062500000000000000e+00,9.196937341541861280e-03,1.626190950882422034e-02
-3.060000000000000053e+00,9.166519540078446951e-03,1.648812874166507431e-02
-3.057500000000000107e+00,9.136269118074649698e-03,1.671434797450593174e-02
-3.055000000000000160e+00,9.106184722489217565e-03,1.694056720734694529e-02
-3.052500000000000213e+00,9.076265287275170693e-03,1.716678644018780273e-02
-3.050000000000000266e+00,9.046509480921002128e-03,1.739300567302865669e-02
-3.047499999999999876e+00,9.016916259449690718e-03,1.729523874036856951e-02
-3.044999999999999929e+00,8.987484312405277440e-03,1.719747180770855519e-02
-3.042499999999999982e+00,8.958212617416895507e-03,1.709970487504853739e-02
-3.040000000000000036e+00,8.929099884622811872e-03,1.700193794238845021e-02
-3.037500000000000089e+00,8.900145112806163647e-03,1.690417100972843589e-02
-3.035000000000000142e+00,8.871347032248825051e-03,1.680640407706841810e-02
-3.032500000000000195e+00,8.842704662446992936e-03,1.670863714440840031e-02
-3.030000000000000249e+00,8.814216753387714778e-03,1.661087021174838252e-02
-3.027499999999999858e+00,8.785882344850042686e-03,1.651310327908829881e-02
-3.024999999999999911e+00,8.757700206096891496e-03,1.641533634642828102e-02
-3.022499999999999964e+00,8.729669396771966641e-03,1.603276557783269232e-02
-3.020000000000000018e+00,8.701788704996051352e-03,1.565019480923683301e-02
-3.017500000000000071e+00,8.674057209868444446e-03,1.526762404064124432e-02
-3.015000000000000124e+00,8.646473717960229469e-03,1.488505327204565735e-02
-3.012500000000000178e+00,8.619037327427019057e-03,1.450248250344979804e-02
-3.010000000000000231e+00,8.591746862892678249e-03,1.411991173485420935e-02
-3.007500000000000284e+00,8.564601441180609218e-03,1.373734096625862065e-02
-3.004999999999999893e+00,8.537599904578484916e-03,1.335477019766276134e-02
-3.002499999999999947e+00,8.510741388198336810e-03,1.297219942906717438e-02
-3.000000000000000000e+00,8.484024751613391049e-03,1.258962866047158569e-02
-2.997500000000000053e+00,8.457449147854777596e-03,1.206598292431273513e-02
-2.995000000000000107e+00,8.431013453408233924e-03,1.154233718815388630e-02
-2.992500000000000160e+00,8.404716838864080206e-03,1.101869145199466452e-02
-2.990000000000000213e+00,8.378558197264020582e-03,1.049504571583581396e-02
-2.987500000000000266e+00,8.352536716400205466e-03,9.971399979676963399e-03
-2.984999999999999876e+00,8.326651305518325066e-03,9.447754243517741610e-03
-2.982499999999999929e+00,8.300901169270871044e-03,8.924108507358892786e-03
-2.979999999999999982e+00,8.275285232762170928e-03,8.400462771200042228e-03
-2.977500000000000036e+00,8.249802717170030483e-03,7.876817035040820439e-03
-2.975000000000000089e+00,8.224452563121232088e-03,7.353171298881970748e-03
-2.972500000000000142e+00,8.199234007991249712e-03,6.879895557504093692e-03
-2.970000000000000195e+00,8.174146007601698974e-03,6.406619816126217504e-03
-2.967500000000000249e+00,8.149187815206191191e-03,5.933344074748340448e-03
-2.964999999999999858e+00,8.124358401500830773e-03,5.460068333370127723e-03
-2.962499999999999911e+00,8.099657035305322592e-03,4.986792591992250667e-03
-2.959999999999999964e+00,8.075082701877912481e-03,4.513516850614374479e-03
-2.957500000000000018e+00,8.050634685299557641e-03,4.040241109236161754e-03
-2.955000000000000071e+00,8.026311985084983586e-03,3.566965367858284698e-03
-2.952500000000000124e+00,8.002113900279359676e-03,3.093689626480408510e-03
-2.950000000000000178e+00,7.978039444356124082e-03,2.620413885102194917e-03
-2.947500000000000231e+00,7.954087931033842346e-03,2.358372496592012809e-03
-2.944999999999999840e+00,7.930258387452961133e-03,2.096331108081830701e-03
-2.942499999999999893e+00,7.906550141722479275e-03,1.834289719571462109e-03
-2.939999999999999947e+00,7.882962234365190751e-03,1.572248331061279784e-03
-2.937500000000000000e+00,7.859494007603532242e-03,1.310206942551097459e-03
-2.935000000000000053e+00,7.836144515064811730e-03,1.048165554040915350e-03
-2.932500000000000107e+00,7.812913112814429129e-03,7.861241655307330250e-04
-2.930000000000000160e+00,7.789798867312492346e-03,5.240827770203646506e-04
-2.927500000000000213e+00,7.766801148203712583e-03,2.620413885101825421e-04
-2.925000000000000266e+00,7.743919034515106201e-03,0.000000000000000000e+00
-2.922499999999999876e+00,7.721151909212836846e-03,0.000000000000000000e+00
-2.919999999999999929e+00,7.698498863631801289e-03,0.000000000000000000e+00
-2.917499999999999982e+00,7.675959293807630562e-03,0.000000000000000000e+00
-2.915000000000000036e+00,7.653532303129460118e-03,0.000000000000000000e+00
-2.912500000000000089e+00,7.631217300456134833e-03,0.000000000000000000e+00
-2.910000000000000142e+00,7.609013400983764830e-03,0.000000000000000000e+00
-2.907500000000000195e+00,7.586920026154062892e-03,0.000000000000000000e+00
-2.905000000000000249e+00,7.564936302727237778e-03,0.000000000000000000e+00
-2.902499999999999858e+00,7.543061664493500365e-03,0.000000000000000000e+00
-2.899999999999999911e+00,7.521295249540610288e-03,0.000000000000000000e+00
-2.897499999999999964e+00,7.499636503777733568e-03,2.088960391112962603e-04
-2.895000000000000018e+00,7.478084576388496253e-03,4.177920782227409480e-04
-2.892500000000000071e+00,7.456638925176832522e-03,6.266881173340372625e-04
-2.890000000000000124e+00,7.435298710196234194e-03,8.355841564453334687e-04
-2.887500000000000178e+00,7.414063400926465021e-03,1.044480195556778210e-03
-2.885000000000000231e+00,7.392932168069183199e-03,1.253376234668074525e-03
-2.882499999999999840e+00,7.371904492566052486e-03,1.462272273779370623e-03
-2.879999999999999893e+00,7.350979555550787338e-03,1.671168312890815473e-03
-2.877499999999999947e+00,7.330156849217641518e-03,1.880064352002111788e-03
-2.875000000000000000e+00,7.309435564920828410e-03,2.088960391113408102e-03
-2.872500000000000053e+00,7.288815205902535177e-03,2.558976084502806794e-03
-2.870000000000000107e+00,7.268294973530347279e-03,3.028991777892205053e-03
-2.867500000000000160e+00,7.247874381895394284e-03,3.499007471281937679e-03
-2.865000000000000213e+00,7.227552642175683224e-03,3.969023164671335938e-03
-2.862500000000000266e+00,7.207329279115591916e-03,4.439038858060734630e-03
-2.859999999999999876e+00,7.187203513506169525e-03,4.909054551450467256e-03
-2.857499999999999929e+00,7.167174880554052531e-03,5.379070244839865081e-03
-2.854999999999999982e+00,7.147242610469373668e-03,5.849085938229263773e-03
-2.852500000000000036e+00,7.127406248734561786e-03,6.319101631618996399e-03
-2.850000000000000089e+00,7.107665034789206228e-03,6.789117325008395092e-03
-2.847500000000000142e+00,7.088018524209202705e-03,7.402550603113199935e-03
-2.845000000000000195e+00,7.068465965478012113e-03,8.015983881218005647e-03
-2.842500000000000249e+00,7.049006924086701278e-03,8.629417159322810491e-03
-2.839999999999999858e+00,7.029640657381428133e-03,9.242850437428050750e-03
-2.837499999999999911e+00,7.010366740593850648e-03,9.856283715532855594e-03
-2.834999999999999964e+00,6.991184439754816876e-03,1.046971699363766044e-02
-2.832500000000000018e+00,6.972093339666468083e-03,1.108315027174290243e-02
-2.830000000000000071e+00,6.953092714870881368e-03,1.169658354984770554e-02
-2.827500000000000124e+00,6.934182159573346396e-03,1.231001682795251212e-02
-2.825000000000000178e+00,6.915360956657329479e-03,1.292345010605775238e-02
-2.822500000000000231e+00,6.896628709568495240e-03,1.346100852951875697e-02
-2.819999999999999840e+00,6.877984709364605431e-03,1.399856695297976156e-02
-2.817499999999999893e+00,6.859428568572630697e-03,1.453612537644114605e-02
-2.814999999999999947e+00,6.840959586261961475e-03,1.507368379990215064e-02
-2.812500000000000000e+00,6.822577383884300892e-03,1.561124222336315523e-02
-2.810000000000000053e+00,6.804281268361150707e-03,1.614880064682415808e-02
-2.807500000000000107e+00,6.786070869917072354e-03,1.668635907028516441e-02
-2.805000000000000160e+00,6.767945503169208593e-03,1.722391749374654890e-02
-2.802500000000000213e+00,6.749904806965158037e-03,1.776147591720755176e-02
-2.800000000000000266e+00,6.731948103465328938e-03,1.829903434066855808e-02
-2.797499999999999876e+00,6.714075039994818993e-03,1.853887850806966095e-02
-2.794999999999999929e+00,6.696284946106982952e-03,1.877872267547059729e-02
-2.792499999999999982e+00,6.678577477461675876e-03,1.901856684287153015e-02
-2.790000000000000036e+00,6.660951970858502991e-03,1.925841101027263649e-02
-2.787500000000000089e+00,6.643408090152670004e-03,1.949825517767356936e-02
-2.785000000000000142e+00,6.625945179246448685e-03,1.973809934507450223e-02
-2.782500000000000195e+00,6.608562910053569078e-03,1.997794351247543856e-02
-2.780000000000000249e+00,6.591260633438482050e-03,2.021778767987637143e-02
-2.777499999999999858e+00,6.574038029239529131e-03,2.045763184727747777e-02
-2.774999999999999911e+00,6.556894455145701253e-03,2.069747601467841064e-02
-2.772499999999999964e+00,6.539829598789508036e-03,2.051828389022632149e-02
-2.770000000000000018e+00,6.522842824548774794e-03,2.033909176577410396e-02
-2.767500000000000071e+00,6.505933827722644967e-03,2.015989964132201481e-02
-2.765000000000000124e+00,6.489101979245974830e-03,1.998070751686992566e-02
-2.762500000000000178e+00,6.472346981958566892e-03,1.980151539241770814e-02
-2.760000000000000231e+00,6.455668213222752298e-03,1.962232326796561552e-02
-2.757499999999999840e+00,6.439065383297424075e-03,1.944313114351352637e-02
-2.754999999999999893e+00,6.422537875844989280e-03,1.926393901906130884e-02
-2.752499999999999947e+00,6.406085408422783171e-03,1.908474689460921969e-02
-2.750000000000000000e+00,6.389707370869584721e-03,1.890555477015713054e-02
-2.747500000000000053e+00,6.373403487924144371e-03,1.835854084433938965e-02
-2.745000000000000107e+00,6.357173155479286381e-03,1.781152691852164530e-02
-2.742500000000000160e+00,6.341016105340277834e-03,1.726451299270351583e-02
-2.740000000000000213e+00,6.324931739334723434e-03,1.671749906688577147e-02
-2.737500000000000266e+00,6.308919796222005501e-03,1.617048514106803059e-02
-2.734999999999999876e+00,6.292979683647369378e-03,1.562347121524989939e-02
-2.732499999999999929e+00,6.277111147214452583e-03,1.507645728943215677e-02
-2.729999999999999982e+00,6.261313600271084696e-03,1.452944336361441414e-02
-2.727500000000000036e+00,6.245586795157737417e-03,1.398242943779628294e-02
-2.725000000000000089e+00,6.229930150812488208e-03,1.343541551197854032e-02
-2.722500000000000142e+00,6.214343426207098904e-03,1.274882243761498585e-02
-2.720000000000000195e+00,6.198826045759301025e-03,1.206222936325142964e-02
-2.717500000000000249e+00,6.183377774968981666e-03,1.137563628888787343e-02
-2.714999999999999858e+00,6.167998043626130543e-03,1.068904321452383149e-02
-2.712499999999999911e+00,6.152686623657587471e-03,1.000245014016027528e-02
-2.709999999999999964e+00,6.137442950118795169e-03,9.315857065796720807e-03
-2.707500000000000018e+00,6.122266801265280160e-03,8.629263991432677139e-03
-2.705000000000000071e+00,6.107157617313971852e-03,7.942670917069120928e-03
-2.702500000000000124e+00,6.092115182752244271e-03,7.256077842705566452e-03
-2.700000000000000178e+00,6.077138942856685246e-03,6.569484768341522785e-03
-2.697500000000000231e+00,6.062228688251510705e-03,6.056394827040414985e-03
-2.694999999999999840e+00,6.047383869173172596e-03,5.543304885739307186e-03
-2.692499999999999893e+00,6.032604282290051148e-03,5.030214944437834228e-03
-2.689999999999999947e+00,6.017889382700002121e-03,4.517125003136725561e-03
-2.687500000000000000e+00,6.003238973025237790e-03,4.004035061835617762e-03
-2.685000000000000053e+00,5.988652513128668586e-03,3.490945120534509963e-03
-2.682500000000000107e+00,5.974129811497016183e-03,2.977855179233401730e-03
-2.680000000000000160e+00,5.959670332664253160e-03,2.464765237931929205e-03
-2.677500000000000213e+00,5.945273890894877018e-03,1.951675296630821406e-03
-2.675000000000000266e+00,5.930939955301045390e-03,1.438585355329712523e-03
-2.672499999999999876e+00,5.916668345839388304e-03,1.294726819796669735e-03
-2.669999999999999929e+00,5.902458536109765272e-03,1.150868284263729079e-03
-2.667499999999999982e+00,5.888310351677775341e-03,1.007009748730788423e-03
-2.665000000000000036e+00,5.874223270541209692e-03,8.631512131977457430e-04
-2.662500000000000089e+00,5.860197123793338576e-03,7.192926776648051954e-04
-2.660000000000000142e+00,5.846231393742455651e-03,5.754341421318645393e-04
-2.657500000000000195e+00,5.832325916929041558e-03,4.315756065989238832e-04
-2.655000000000000249e+00,5.818480179886542300e-03,2.877170710659834440e-04
-2.652499999999999858e+00,5.804694024524178694e-03,1.438585355329406561e-04
-2.649999999999999911e+00,5.790966941515976116e-03,0.000000000000000000e+00
-2.647499999999999964e+00,5.777298778063801044e-03,0.000000000000000000e+00
-2.645000000000000018e+00,5.763689028898981090e-03,0.000000000000000000e+00
-2.642500000000000071e+00,5.750137546440435218e-03,0.000000000000000000e+00
-2.640000000000000124e+00,5.736643829396713239e-03,0.000000000000000000e+00
-2.637500000000000178e+00,5.723207735329908195e-03,0.000000000000000000e+00
-2.635000000000000231e+00,5.709828766845641800e-03,0.000000000000000000e+00
-2.632499999999999840e+00,5.696506786577545771e-03,0.000000000000000000e+00
-2.629999999999999893e+00,5.683241300949680441e-03,0.000000000000000000e+00
-2.627499999999999947e+00,5.670032177596891383e-03,0.000000000000000000e+00
-2.625000000000000000e+00,5.656878926684983690e-03,0.000000000000000000e+00
-2.622500000000000053e+00,5.643781420780446569e-03,0.000000000000000000e+00
-2.620000000000000107e+00,5.630739173715605325e-03,0.000000000000000000e+00
-2.617500000000000160e+00,5.617752062921168438e-03,0.000000000000000000e+00
-2.615000000000000213e+00,5.604819605821531429e-03,0.000000000000000000e+00
-2.612500000000000266e+00,5.591941684645463165e-03,0.000000000000000000e+00
-2.609999999999999876e+00,5.579117820336815595e-03,0.000000000000000000e+00
-2.607499999999999929e+00,5.566347899857192368e-03,0.000000000000000000e+00
-2.604999999999999982e+00,5.553631447598422581e-03,0.000000000000000000e+00
-2.602500000000000036e+00,5.540968355191623791e-03,0.000000000000000000e+00
-2.600000000000000089e+00,5.528358150406366758e-03,0.000000000000000000e+00
-2.597500000000000142e+00,5.515800729480774788e-03,0.000000000000000000e+00
-2.595000000000000195e+00,5.503295623493316066e-03,0.000000000000000000e+00
-2.592500000000000249e+00,5.490842733227991462e-03,0.000000000000000000e+00
-2.589999999999999858e+00,5.478441593004551406e-03,0.000000000000000000e+00
-2.587499999999999911e+00,5.466092108093276170e-03,0.000000000000000000e+00
-2.584999999999999964e+00,5.453793815988146158e-03,0.000000000000000000e+00
-2.582500000000000018e+00,5.441546626387596536e-03,0.000000000000000000e+00
-2.580000000000000071e+00,5.429350079894414323e-03,0.000000000000000000e+00
-2.577500000000000124e+00,5.417204090577661807e-03,0.000000000000000000e+00
-2.575000000000000178e+00,5.405108202084876225e-03,0.000000000000000000e+00
-2.572500000000000231e+00,5.393062332799258320e-03,0.000000000000000000e+00
-2.569999999999999840e+00,5.381066029349991509e-03,0.000000000000000000e+00
-2.567499999999999893e+00,5.369119214379883959e-03,0.000000000000000000e+00
-2.564999999999999947e+00,5.357221437437186852e-03,0.000000000000000000e+00
-2.562500000000000000e+00,5.345372625370522872e-03,0.000000000000000000e+00
-2.560000000000000053e+00,5.333572330586323039e-03,0.000000000000000000e+00
-2.557500000000000107e+00,5.321820484086156253e-03,0.000000000000000000e+00
-2.555000000000000160e+00,5.310116641074779341e-03,0.000000000000000000e+00
-2.552500000000000213e+00,5.298460736654588520e-03,0.000000000000000000e+00
-2.550000000000000266e+00,5.286852328770194100e-03,0.000000000000000000e+00
-2.547499999999999876e+00,5.275291356574187372e-03,0.000000000000000000e+00
-2.544999999999999929e+00,5.263777380692424498e-03,0.000000000000000000e+00
-2.542499999999999982e+00,5.252310344278820348e-03,0.000000000000000000e+00
-2.540000000000000036e+00,5.240889810583262282e-03,0.000000000000000000e+00
-2.537500000000000089e+00,5.229515726711997554e-03,0.000000000000000000e+00
-2.535000000000000142e+00,5.218187658483218472e-03,0.000000000000000000e+00
-2.532500000000000195e+00,5.206905556907989729e-03,0.000000000000000000e+00
-2.530000000000000249e+00,5.195668990317506460e-03,0.000000000000000000e+00
-2.527499999999999858e+00,5.184477913581368377e-03,0.000000000000000000e+00
-2.524999999999999911e+00,5.173331897489133122e-03,0.000000000000000000e+00
-2.522499999999999964e+00,5.162230900723258423e-03,0.000000000000000000e+00
-2.520000000000000018e+00,5.151174496478593164e-03,0.000000000000000000e+00
-2.517500000000000071e+00,5.140162647205672938e-03,0.000000000000000000e+00
-2.515000000000000124e+00,5.129194928452315144e-03,0.000000000000000000e+00
-2.512500000000000178e+00,5.118271306392934220e-03,0.000000000000000000e+00
-2.510000000000000231e+00,5.107391358876800860e-03,0.000000000000000000e+00
-2.507499999999999840e+00,5.096555055759840330e-03,0.000000000000000000e+00
-2.504999999999999893e+00,5.085761977141407993e-03,0.000000000000000000e+00
-2.502499999999999947e+00,5.075012096516975241e-03,0.000000000000000000e+00
-2.500000000000000000e+00,5.064304996186215491e-03,0.000000000000000000e+00
-2.497500000000000053e+00,5.053640653242930970e-03,0.000000000000000000e+00
-2.495000000000000107e+00,5.043018652137850472e-03,0.000000000000000000e+00
-2.492500000000000160e+00,5.032438973523002852e-03,0.000000000000000000e+00
-2.490000000000000213e+00,5.021901203951456907e-03,0.000000000000000000e+00
-2.487500000000000266e+00,5.011405327594329294e-03,0.000000000000000000e+00
-2.484999999999999876e+00,5.000950933059237179e-03,0.000000000000000000e+00
-2.482499999999999929e+00,4.990538007997520273e-03,0.000000000000000000e+00
-2.479999999999999982e+00,4.980166143024940262e-03,0.000000000000000000e+00
-2.477500000000000036e+00,4.969835329235118039e-03,0.000000000000000000e+00
-2.475000000000000089e+00,4.959545159205207276e-03,0.000000000000000000e+00
-2.472500000000000142e+00,4.949295627434513456e-03,0.000000000000000000e+00
-2.470000000000000195e+00,4.939086328416203604e-03,0.000000000000000000e+00
-2.467500000000000249e+00,4.928917260018803037e-03,0.000000000000000000e+00
-2.464999999999999858e+00,4.918788018606752750e-03,0.000000000000000000e+00
-2.462499999999999911e+00,4.908698605382398258e-03,0.000000000000000000e+00
-2.459999999999999964e+00,4.898648618537197394e-03,0.000000000000000000e+00
-2.457500000000000018e+00,4.888638062572526859e-03,0.000000000000000000e+00
-2.455000000000000071e+00,4.878666537463507979e-03,0.000000000000000000e+00
-2.452500000000000124e+00,4.868734050976616587e-03,0.000000000000000000e+00
-2.450000000000000178e+00,4.858840204827558247e-03,0.000000000000000000e+00
-2.447500000000000231e+00,4.848985010015017562e-03,2.265567923019586234e-04
-2.444999999999999840e+00,4.839168069952871215e-03,4.531135846039172467e-04
-2.442499999999999893e+00,4.829389398839156917e-03,6.796703769060369283e-04
-2.439999999999999947e+00,4.819648601744934424e-03,9.062271692079954975e-04
-2.437500000000000000e+00,4.809945696035466609e-03,1.132783961509954175e-03
-2.435000000000000053e+00,4.800280288397525130e-03,1.359340753811912744e-03
-2.432500000000000107e+00,4.790652399332919441e-03,1.585897546113871313e-03
-2.430000000000000160e+00,4.781061637104178086e-03,1.812454338415990995e-03
-2.427500000000000213e+00,4.771508025318606412e-03,2.039011130717949781e-03
-2.425000000000000266e+00,4.761991173774308451e-03,2.265567923019908350e-03
-2.422499999999999876e+00,4.752511109154733057e-03,2.805458306122924576e-03
-2.419999999999999929e+00,4.743067442754437396e-03,3.345348689225556994e-03
-2.417499999999999982e+00,4.733660204303483630e-03,3.885239072328189412e-03
-2.415000000000000036e+00,4.724289006554292271e-03,4.425129455431205637e-03
-2.412500000000000089e+00,4.714953882255020802e-03,4.965019838533838055e-03
-2.410000000000000142e+00,4.705654445577761406e-03,5.504910221636470473e-03
-2.407500000000000195e+00,4.696390732260946263e-03,6.044800604739102891e-03
-2.405000000000000249e+00,4.687162357858481489e-03,6.584690987841735309e-03
-2.402499999999999858e+00,4.677969361071471037e-03,7.124581370944751968e-03
-2.399999999999999911e+00,4.668811358799440821e-03,7.664471754047384386e-03
-2.397499999999999964e+00,4.659688392679228915e-03,8.227529133287961316e-03
-2.395000000000000018e+00,4.650600080918079055e-03,8.790586512528937232e-03
-2.392500000000000071e+00,4.641546468063259892e-03,9.353643891769512428e-03
-2.390000000000000124e+00,4.632527173594786114e-03,9.916701271010089358e-03
-2.387500000000000178e+00,4.623542244943676036e-03,1.047975865025106527e-02
-2.385000000000000231e+00,4.614591302826650393e-03,1.104281602949164047e-02
-2.382499999999999840e+00,4.605674397534117309e-03,1.160587340873221740e-02
-2.379999999999999893e+00,4.596791150984388431e-03,1.216893078797319332e-02
-2.377499999999999947e+00,4.587941616302739639e-03,1.273198816721377025e-02
-2.375000000000000000e+00,4.579125416574340857e-03,1.329504554645434544e-02
-2.372500000000000053e+00,4.570342607735348832e-03,1.355558064011726238e-02
-2.370000000000000107e+00,4.561592814003775573e-03,1.381611573378017759e-02
-2.367500000000000160e+00,4.552876094103178346e-03,1.407665082744327840e-02
-2.365000000000000213e+00,4.544192073350753272e-03,1.433718592110619534e-02
-2.362500000000000266e+00,4.535540813234589276e-03,1.459772101476911228e-02
-2.359999999999999876e+00,4.526921940137746889e-03,1.485825610843221310e-02
-2.357499999999999929e+00,4.518335518290522539e-03,1.511879120209512831e-02
-2.354999999999999982e+00,4.509781175108800756e-03,1.537932629575804525e-02
-2.352500000000000036e+00,4.501258977543379745e-03,1.563986138942114607e-02
-2.350000000000000089e+00,4.492768554010630189e-03,1.590039648308406300e-02
-2.347500000000000142e+00,4.484309974160527977e-03,1.571502629706985135e-02
-2.345000000000000195e+00,4.475882867377729141e-03,1.552965611105563970e-02
-2.342500000000000249e+00,4.467487305990601801e-03,1.534428592504142805e-02
-2.339999999999999858e+00,4.459122920320489347e-03,1.515891573902708456e-02
-2.337499999999999911e+00,4.450789785353760457e-03,1.497354555301287291e-02
-2.334999999999999964e+00,4.442487532317141927e-03,1.478817536699866125e-02
-2.332500000000000018e+00,4.434216238835262704e-03,1.460280518098431950e-02
-2.330000000000000071e+00,4.425975537009359251e-03,1.441743499497010784e-02
-2.327500000000000124e+00,4.417765507082969077e-03,1.423206480895589619e-02
-2.325000000000000178e+00,4.409585782001143248e-03,1.404669462294155270e-02
-2.322500000000000231e+00,4.401436444607404602e-03,1.352485492573998922e-02
-2.319999999999999840e+00,4.393317128660904729e-03,1.300301522853842401e-02
-2.317499999999999893e+00,4.385227919586310967e-03,1.248117553133648930e-02
-2.314999999999999947e+00,4.377168451926743281e-03,1.195933583413492582e-02
-2.312500000000000000e+00,4.369138813670582142e-03,1.143749613693336060e-02
-2.310000000000000053e+00,4.361138640115630287e-03,1.091565643973179713e-02
-2.307500000000000107e+00,4.353168021795879479e-03,1.039381674253023191e-02
-2.305000000000000160e+00,4.345226594734695295e-03,9.871977045328297201e-03
-2.302500000000000213e+00,4.337314451994908615e-03,9.350137348126733722e-03
-2.300000000000000266e+00,4.329431230296698283e-03,8.828297650925168508e-03
-2.297499999999999876e+00,4.321577025214761759e-03,8.261603742227695280e-03
-2.294999999999999929e+00,4.313751474137639090e-03,7.694909833530626242e-03
-2.292499999999999982e+00,4.305954675135808228e-03,7.128215924833557204e-03
-2.290000000000000036e+00,4.298186266238003712e-03,6.561522016136083976e-03
-2.287500000000000089e+00,4.290446347994619943e-03,5.994828107439014939e-03
-2.285000000000000142e+00,4.282734559046557157e-03,5.428134198741945034e-03
-2.282500000000000195e+00,4.275051002408827676e-03,4.861440290044875129e-03
-2.280000000000000249e+00,4.267395317307174675e-03,4.294746381347806091e-03
-2.277499999999999858e+00,4.259767609206040889e-03,3.728052472650333730e-03
-2.274999999999999911e+00,4.252167517888614211e-03,3.161358563953263826e-03
-2.272499999999999964e+00,4.244595151254227337e-03,2.845222707558004924e-03
-2.270000000000000018e+00,4.237050149616521447e-03,2.529086851162521375e-03
-2.267500000000000071e+00,4.229532623295548244e-03,2.212950994767262040e-03
-2.265000000000000124e+00,4.222042213108754237e-03,1.896815138372003138e-03
-2.262500000000000178e+00,4.214579031783031483e-03,1.580679281976519589e-03
-2.260000000000000231e+00,4.207142720613484335e-03,1.264543425581260471e-03
-2.257499999999999840e+00,4.199733394719896290e-03,9.484075691860013521e-04
-2.254999999999999893e+00,4.192350695848942772e-03,6.322717127905178036e-04
-2.252499999999999947e+00,4.184994741500647382e-03,3.161358563952589018e-04
-2.250000000000000000e+00,4.177665173847180252e-03,0.000000000000000000e+00
-2.247500000000000053e+00,4.170362112755851038e-03,0.000000000000000000e+00
-2.245000000000000107e+00,4.163085200798898738e-03,0.000000000000000000e+00
-2.242500000000000160e+00,4.155834560198600793e-03,0.000000000000000000e+00
-2.240000000000000213e+00,4.148609833901887797e-03,0.000000000000000000e+00
-2.237500000000000266e+00,4.141411146473920890e-03,0.000000000000000000e+00
-2.234999999999999876e+00,4.134238141210984027e-03,0.000000000000000000e+00
-2.232499999999999929e+00,4.127090945009928742e-03,0.000000000000000000e+00
-2.229999999999999982e+00,4.119969201491503405e-03,0.000000000000000000e+00
-2.227500000000000036e+00,4.112873039872700157e-03,0.000000000000000000e+00
-2.225000000000000089e+00,4.105802104074024982e-03,0.000000000000000000e+00
-2.222500000000000142e+00,4.098756525621691411e-03,0.000000000000000000e+00
-2.220000000000000195e+00,4.091735948711975289e-03,0.000000000000000000e+00
-2.217500000000000249e+00,4.084740507169243133e-03,0.000000000000000000e+00
-2.214999999999999858e+00,4.077769845441027267e-03,0.000000000000000000e+00
-2.212499999999999911e+00,4.070824099640308821e-03,0.000000000000000000e+00
-2.209999999999999964e+00,4.063902914441806444e-03,0.000000000000000000e+00
-2.207500000000000018e+00,4.057006428236805545e-03,0.000000000000000000e+00
-2.205000000000000071e+00,4.050134285903368193e-03,0.000000000000000000e+00
-2.202500000000000124e+00,4.043286628101780758e-03,0.000000000000000000e+00
-2.200000000000000178e+00,4.036463099889893782e-03,0.000000000000000000e+00
-2.197500000000000231e+00,4.029663844187490046e-03,0.000000000000000000e+00
-2.194999999999999840e+00,4.022888506208733422e-03,0.000000000000000000e+00
-2.192499999999999893e+00,4.016137231124202595e-03,0.000000000000000000e+00
-2.189999999999999947e+00,4.009409664281439988e-03,0.000000000000000000e+00
-2.187500000000000000e+00,4.002705953092629623e-03,0.000000000000000000e+00
-2.185000000000000053e+00,3.996025743015539991e-03,0.000000000000000000e+00
-2.182500000000000107e+00,3.989369183696188023e-03,0.000000000000000000e+00
-2.180000000000000160e+00,3.982735920679851202e-03,0.000000000000000000e+00
-2.177500000000000213e+00,3.976126105837835857e-03,0.000000000000000000e+00
-2.175000000000000266e+00,3.969539384780060472e-03,0.000000000000000000e+00
-2.172499999999999876e+00,3.962975911596245196e-03,0.000000000000000000e+00
-2.169999999999999929e+00,3.956435331938159584e-03,0.000000000000000000e+00
-2.167499999999999982e+00,3.949917802106147832e-03,0.000000000000000000e+00
-2.165000000000000036e+00,3.943422967771914936e-03,0.000000000000000000e+00
-2.162500000000000089e+00,3.936950987439119878e-03,0.000000000000000000e+00
-2.160000000000000142e+00,3.930501506777215118e-03,0.000000000000000000e+00
-2.157500000000000195e+00,3.924074686486925950e-03,0.000000000000000000e+00
-2.155000000000000249e+00,3.917670172212767317e-03,0.000000000000000000e+00
-2.152499999999999858e+00,3.911288126845611016e-03,0.000000000000000000e+00
-2.149999999999999911e+00,3.904928195984439833e-03,0.000000000000000000e+00
-2.147499999999999964e+00,3.898590544703667542e-03,1.197751483046547414e-04
-2.145000000000000018e+00,3.892274818534073675e-03,2.395502966093945927e-04
-2.142500000000000071e+00,3.885981184728562899e-03,3.593254449140493613e-04
-2.140000000000000124e+00,3.879709288728351840e-03,4.791005932187040756e-04
-2.137500000000000178e+00,3.873459299958693404e-03,5.988757415234438998e-04
-2.135000000000000231e+00,3.867230863749848268e-03,7.186508898280987226e-04
-2.132499999999999840e+00,3.861024151694146620e-03,8.384260381327534369e-04
-2.129999999999999893e+00,3.854838808989466317e-03,9.582011864374932611e-04
-2.127499999999999947e+00,3.848675009390389260e-03,1.077976334742148084e-03
-2.125000000000000000e+00,3.842532397941128466e-03,1.197751483046802798e-03
-2.122500000000000053e+00,3.836411150553505935e-03,1.561774128149995538e-03
-2.120000000000000107e+00,3.830310912097492984e-03,1.925796773253188061e-03
-2.117500000000000160e+00,3.824231860637363443e-03,2.289819418356639491e-03
-2.115000000000000213e+00,3.818173640847341132e-03,2.653842063459832014e-03
-2.112499999999999822e+00,3.812136432940708280e-03,3.017864708563024537e-03
-2.109999999999999876e+00,3.806119881375012639e-03,3.381887353666476401e-03
-2.107499999999999929e+00,3.800124168508209332e-03,3.745909998769668924e-03
-2.104999999999999982e+00,3.794148938560929721e-03,4.109932643872861446e-03
-2.102500000000000036e+00,3.788194376031634152e-03,4.473955288976312443e-03
-2.100000000000000089e+00,3.782260124883449464e-03,4.837977934079504966e-03
-2.097500000000000142e+00,3.776346371752311096e-03,5.264101932283125028e-03
-2.095000000000000195e+00,3.770452760322971775e-03,5.690225930486745957e-03
-2.092500000000000249e+00,3.764579479365716495e-03,6.116349928690366020e-03
-2.089999999999999858e+00,3.758726172266713475e-03,6.542473926894289658e-03
-2.087499999999999911e+00,3.752893029927438766e-03,6.968597925097909720e-03
-2.084999999999999964e+00,3.747079695415209740e-03,7.394721923301530650e-03
-2.082500000000000018e+00,3.741286361760261855e-03,7.820845921505453421e-03
-2.080000000000000071e+00,3.735512671690650877e-03,8.246969919709074351e-03
-2.077500000000000124e+00,3.729758820362888416e-03,8.673093917912695280e-03
-2.075000000000000178e+00,3.724024450145602474e-03,9.099217916116618052e-03
-2.072500000000000231e+00,3.718309758319699940e-03,9.327522891967695434e-03
-2.069999999999999840e+00,3.712614386874407875e-03,9.555827867818772817e-03
-2.067499999999999893e+00,3.706938535212634962e-03,9.784132843670013263e-03
-2.064999999999999947e+00,3.701281844924430610e-03,1.001243781952108891e-02
-2.062500000000000000e+00,3.695644517533290627e-03,1.024074279537216803e-02
-2.060000000000000053e+00,3.690026194210136151e-03,1.046904777122324368e-02
-2.057500000000000107e+00,3.684427078597603787e-03,1.069735274707432279e-02
-2.055000000000000160e+00,3.678846811427367077e-03,1.092565772292556150e-02
-2.052500000000000213e+00,3.673285598460490457e-03,1.115396269877663889e-02
-2.049999999999999822e+00,3.667743079969495654e-03,1.138226767462771627e-02
-2.047499999999999876e+00,3.662219463832800705e-03,1.126549163223323526e-02
-2.044999999999999929e+00,3.656714389844319731e-03,1.114871558983883751e-02
-2.042499999999999982e+00,3.651228067998995176e-03,1.103193954744443803e-02
-2.040000000000000036e+00,3.645760137592975701e-03,1.091516350504995701e-02
-2.037500000000000089e+00,3.640310810736856455e-03,1.079838746265555927e-02
-2.035000000000000142e+00,3.634879726208888745e-03,1.068161142026116152e-02
-2.032500000000000195e+00,3.629467098236160896e-03,1.056483537786676377e-02
-2.030000000000000249e+00,3.624072565059265755e-03,1.044805933547236429e-02
-2.027499999999999858e+00,3.618696343021671202e-03,1.033128329307788328e-02
-2.024999999999999911e+00,3.613338069807008925e-03,1.021450725068348553e-02
-2.022499999999999964e+00,3.607997963875016634e-03,9.817859594187209812e-03
-2.020000000000000018e+00,3.602675662333290271e-03,9.421211937690651336e-03
-2.017500000000000071e+00,3.597371385758742039e-03,9.024564281194375620e-03
-2.015000000000000124e+00,3.592084770662940744e-03,8.627916624698098169e-03
-2.012500000000000178e+00,3.586816039740820927e-03,8.231268968201539693e-03
-2.010000000000000231e+00,3.581564828888829724e-03,7.834621311705263977e-03
-2.007499999999999840e+00,3.576331362920852960e-03,7.437973655208988261e-03
-2.004999999999999893e+00,3.571115277099094244e-03,7.041325998712429785e-03
-2.002499999999999947e+00,3.565916798357462742e-03,6.644678342216154068e-03
-2.000000000000000000e+00,3.560735561304448869e-03,6.248030685719877485e-03
-1.997500000000000053e+00,3.555571794995804856e-03,5.820639355096149381e-03
-1.995000000000000107e+00,3.550425133367166117e-03,5.393248024472421277e-03
-1.992499999999999938e+00,3.545295807597468457e-03,4.965856693848389597e-03
-1.989999999999999991e+00,3.540183450930102418e-03,4.538465363224661493e-03
-1.987500000000000044e+00,3.535088296669959898e-03,4.111074032600933389e-03
-1.985000000000000098e+00,3.530009977348667893e-03,3.683682701976901709e-03
-1.982500000000000151e+00,3.524948728398870704e-03,3.256291371353174039e-03
-1.979999999999999982e+00,3.519904181621614364e-03,2.828900040729445935e-03
-1.977500000000000036e+00,3.514876574579528165e-03,2.401508710105414255e-03
-1.975000000000000089e+00,3.509865538324022111e-03,1.974117379481685718e-03
-1.972500000000000142e+00,3.504871312550566706e-03,1.776705641533559300e-03
-1.969999999999999973e+00,3.499893527541505286e-03,1.579293903585432665e-03
-1.967500000000000027e+00,3.494932425128134158e-03,1.381882165637165951e-03
-1.965000000000000080e+00,3.489987634804471960e-03,1.184470427689039533e-03
-1.962500000000000133e+00,3.485059400541013971e-03,9.870586897409128983e-04
-1.959999999999999964e+00,3.480147351024491433e-03,7.896469517927864803e-04
-1.957500000000000018e+00,3.475251732367286121e-03,5.922352138445195497e-04
-1.955000000000000071e+00,3.470372172429857065e-03,3.948234758963931317e-04
-1.952500000000000124e+00,3.465508919470603345e-03,1.974117379482667137e-04
-1.949999999999999956e+00,3.460661600504303693e-03,0.000000000000000000e+00
-1.947500000000000009e+00,3.455830465939075963e-03,0.000000000000000000e+00
-1.945000000000000062e+00,3.451015141924686832e-03,0.000000000000000000e+00
-1.942500000000000115e+00,3.446215881023455881e-03,0.000000000000000000e+00
-1.939999999999999947e+00,3.441432308500983785e-03,0.000000000000000000e+00
-1.937500000000000000e+00,3.436664679077775213e-03,0.000000000000000000e+00
-1.935000000000000053e+00,3.431912617116048437e-03,0.000000000000000000e+00
-1.932500000000000107e+00,3.427176379499282787e-03,0.000000000000000000e+00
-1.929999999999999938e+00,3.422455589667168854e-03,0.000000000000000000e+00
-1.927499999999999991e+00,3.417750506670471852e-03,0.000000000000000000e+00
-1.925000000000000044e+00,3.413060753007540749e-03,0.000000000000000000e+00
-1.922500000000000098e+00,3.408386589901462541e-03,0.000000000000000000e+00
-1.919999999999999929e+00,3.403727638889708119e-03,0.000000000000000000e+00
-1.917499999999999982e+00,3.399084163372847935e-03,0.000000000000000000e+00
-1.915000000000000036e+00,3.394455783908654350e-03,0.000000000000000000e+00
-1.912500000000000089e+00,3.389842766080676008e-03,0.000000000000000000e+00
-1.910000000000000142e+00,3.385244729446804535e-03,0.000000000000000000e+00
-1.907499999999999973e+00,3.380661941780074582e-03,0.000000000000000000e+00
-1.905000000000000027e+00,3.376094021619282376e-03,0.000000000000000000e+00
-1.902500000000000080e+00,3.371541238932134529e-03,0.000000000000000000e+00
-1.900000000000000133e+00,3.367003211219517927e-03,0.000000000000000000e+00
-1.897499999999999964e+00,3.362480210649779026e-03,0.000000000000000000e+00
-1.895000000000000018e+00,3.357971853666398814e-03,0.000000000000000000e+00
-1.892500000000000071e+00,3.353478414645084775e-03,0.000000000000000000e+00
-1.890000000000000124e+00,3.348999508952177351e-03,0.000000000000000000e+00
-1.887499999999999956e+00,3.344535413177362592e-03,0.000000000000000000e+00
-1.885000000000000009e+00,3.340085741590464834e-03,0.000000000000000000e+00
-1.882500000000000062e+00,3.335650773001897634e-03,0.000000000000000000e+00
-1.880000000000000115e+00,3.331230120565638764e-03,0.000000000000000000e+00
-1.877499999999999947e+00,3.326824065319695326e-03,0.000000000000000000e+00
-1.875000000000000000e+00,3.322432219282687657e-03,0.000000000000000000e+00
-1.872500000000000053e+00,3.318054865727590712e-03,0.000000000000000000e+00
-1.870000000000000107e+00,3.313691615517711572e-03,0.000000000000000000e+00
-1.867499999999999938e+00,3.309342754168897744e-03,0.000000000000000000e+00
-1.864999999999999991e+00,3.305007891369470419e-03,0.000000000000000000e+00
-1.862500000000000044e+00,3.300687314885610273e-03,0.000000000000000000e+00
-1.860000000000000098e+00,3.296380633211216330e-03,0.000000000000000000e+00
-1.857499999999999929e+00,3.292088136370722312e-03,0.000000000000000000e+00
-1.854999999999999982e+00,3.287809431643516980e-03,0.000000000000000000e+00
-1.852500000000000036e+00,3.283544811320680563e-03,0.000000000000000000e+00
-1.850000000000000089e+00,3.279293881447625358e-03,0.000000000000000000e+00
-1.847500000000000142e+00,3.275056936590366608e-03,0.000000000000000000e+00
-1.844999999999999973e+00,3.270833581539988374e-03,0.000000000000000000e+00
-1.842500000000000027e+00,3.266624113146278895e-03,0.000000000000000000e+00
-1.840000000000000080e+00,3.262428134926140515e-03,0.000000000000000000e+00
-1.837500000000000133e+00,3.258245946022313329e-03,0.000000000000000000e+00
-1.834999999999999964e+00,3.254077148657178332e-03,0.000000000000000000e+00
-1.832500000000000018e+00,3.249922044275338744e-03,0.000000000000000000e+00
-1.830000000000000071e+00,3.245780233784864924e-03,0.000000000000000000e+00
-1.827500000000000124e+00,3.241652020941784580e-03,0.000000000000000000e+00
-1.824999999999999956e+00,3.237537005319264961e-03,0.000000000000000000e+00
-1.822500000000000009e+00,3.233435492994410701e-03,0.000000000000000000e+00
-1.820000000000000062e+00,3.229347082185295061e-03,0.000000000000000000e+00
-1.817500000000000115e+00,3.225272081300017881e-03,0.000000000000000000e+00
-1.814999999999999947e+00,3.221210087181070915e-03,0.000000000000000000e+00
-1.812500000000000000e+00,3.217161410577761959e-03,0.000000000000000000e+00
-1.810000000000000053e+00,3.213125646936605250e-03,0.000000000000000000e+00
-1.807500000000000107e+00,3.209103109358403452e-03,0.000000000000000000e+00
-1.804999999999999938e+00,3.205093391872672337e-03,0.000000000000000000e+00
-1.802499999999999991e+00,3.201096809942768299e-03,0.000000000000000000e+00
-1.800000000000000044e+00,3.197112956161444076e-03,0.000000000000000000e+00
-1.797500000000000098e+00,3.193142148363909208e-03,0.000000000000000000e+00
-1.794999999999999929e+00,3.189183977684630251e-03,0.000000000000000000e+00
-1.792499999999999982e+00,3.185238764344375077e-03,0.000000000000000000e+00
-1.790000000000000036e+00,3.181306097997993031e-03,0.000000000000000000e+00
-1.787500000000000089e+00,3.177386301261196904e-03,0.000000000000000000e+00
-1.785000000000000142e+00,3.173478962289324589e-03,0.000000000000000000e+00
-1.782499999999999973e+00,3.169584406105376354e-03,0.000000000000000000e+00
-1.780000000000000027e+00,3.165702219343181478e-03,0.000000000000000000e+00
-1.777500000000000080e+00,3.161832729444724512e-03,0.000000000000000000e+00
-1.775000000000000133e+00,3.157975521501750135e-03,0.000000000000000000e+00
-1.772499999999999964e+00,3.154130925387394098e-03,0.000000000000000000e+00
-1.770000000000000018e+00,3.150298524629377428e-03,0.000000000000000000e+00
-1.767500000000000071e+00,3.146478651544482290e-03,0.000000000000000000e+00
-1.765000000000000124e+00,3.142670888075327004e-03,0.000000000000000000e+00
-1.762499999999999956e+00,3.138875568995039191e-03,0.000000000000000000e+00
-1.760000000000000009e+00,3.135092274638841964e-03,0.000000000000000000e+00
-1.757500000000000062e+00,3.131321342249442606e-03,0.000000000000000000e+00
-1.755000000000000115e+00,3.127562350533530985e-03,0.000000000000000000e+00
-1.752499999999999947e+00,3.123815639216065334e-03,0.000000000000000000e+00
-1.750000000000000000e+00,3.120080785352936665e-03,0.000000000000000000e+00
-1.747500000000000053e+00,3.116358131165210699e-03,2.016772022017701799e-04
-1.745000000000000107e+00,3.112647252036368842e-03,4.033544044035403597e-04
-1.742499999999999938e+00,3.108948492696847130e-03,6.050316066054538169e-04
-1.739999999999999991e+00,3.105261426835155547e-03,8.067088088072239425e-04
-1.737500000000000044e+00,3.101586401705638731e-03,1.008386011008994068e-03
-1.735000000000000098e+00,3.097922989279750048e-03,1.210063213210907634e-03
-1.732499999999999929e+00,3.094271539349566311e-03,1.411740415412677868e-03
-1.729999999999999982e+00,3.090631622146985339e-03,1.613417617614447885e-03
-1.727500000000000036e+00,3.087003590016649743e-03,1.815094819816361451e-03
-1.725000000000000089e+00,3.083387011428280131e-03,2.016772022018131685e-03
-1.722500000000000142e+00,3.079782241293710799e-03,2.523114420933319797e-03
-1.719999999999999973e+00,3.076188846297513504e-03,3.029456819848507908e-03
-1.717500000000000027e+00,3.072607183933958978e-03,3.535799218764055542e-03
-1.715000000000000080e+00,3.069036819080235741e-03,4.042141617679243654e-03
-1.712500000000000133e+00,3.065478111827915804e-03,4.548484016594431766e-03
-1.709999999999999964e+00,3.061930625223058689e-03,5.054826415509619877e-03
-1.707500000000000018e+00,3.058394721970967255e-03,5.561168814425167944e-03
-1.705000000000000071e+00,3.054869963263422139e-03,6.067511213340355189e-03
-1.702500000000000124e+00,3.051356714435031394e-03,6.573853612255544168e-03
-1.699999999999999956e+00,3.047854534799786935e-03,7.080196011171091368e-03
-1.697500000000000009e+00,3.044363792338002951e-03,7.590068006132025605e-03
-1.695000000000000062e+00,3.040884044462615655e-03,8.099940001092960709e-03
-1.692500000000000115e+00,3.037415661815809527e-03,8.609811996053894079e-03
-1.689999999999999947e+00,3.033958199885245302e-03,9.119683991015190005e-03
-1.687500000000000000e+00,3.030512031992208758e-03,9.629555985976125110e-03
-1.685000000000000053e+00,3.027076711675697612e-03,1.013942798093706021e-02
-1.682500000000000107e+00,3.023652614952974330e-03,1.064929997589799358e-02
-1.679999999999999938e+00,3.020239293389387087e-03,1.115917197085929125e-02
-1.677499999999999991e+00,3.016837125715818042e-03,1.166904396582022635e-02
-1.675000000000000044e+00,3.013445661500517136e-03,1.217891596078115972e-02
-1.672500000000000098e+00,3.010065282205397642e-03,1.236514755854973072e-02
-1.669999999999999929e+00,3.006695535376445200e-03,1.255137915631816814e-02
-1.667499999999999982e+00,3.003336805224663536e-03,1.273761075408660730e-02
-1.665000000000000036e+00,2.999988637249792305e-03,1.292384235185517830e-02
-1.662500000000000089e+00,2.996651418430163263e-03,1.311007394962361572e-02
-1.660000000000000142e+00,2.993324692193514210e-03,1.329630554739205488e-02
-1.657499999999999973e+00,2.990008848304628528e-03,1.348253714516049230e-02
-1.655000000000000027e+00,2.986703428094315479e-03,1.366876874292906330e-02
-1.652500000000000080e+00,2.983408824132817438e-03,1.385500034069750072e-02
-1.650000000000000133e+00,2.980124575628019003e-03,1.404123193846593988e-02
-1.647499999999999964e+00,2.976851077974984518e-03,1.378905195243078537e-02
-1.645000000000000018e+00,2.973587868234161408e-03,1.353687196639545218e-02
-1.642500000000000071e+00,2.970335344644443355e-03,1.328469198036029766e-02
-1.640000000000000124e+00,2.967093042092488857e-03,1.303251199432514315e-02
-1.637499999999999956e+00,2.963861361680857499e-03,1.278033200828980996e-02
-1.635000000000000009e+00,2.960639836097197705e-03,1.252815202225465718e-02
-1.632500000000000062e+00,2.957428869328160032e-03,1.227597203621950267e-02
-1.630000000000000115e+00,2.954227991835499823e-03,1.202379205018434816e-02
-1.627499999999999947e+00,2.951037610510685947e-03,1.177161206414901497e-02
-1.625000000000000000e+00,2.947857253563170368e-03,1.151943207811386045e-02
-1.622500000000000053e+00,2.944687330810081671e-03,1.099193500996686196e-02
-1.620000000000000107e+00,2.941527368181688900e-03,1.046443794181986346e-02
-1.617499999999999938e+00,2.938377778442213730e-03,9.936940873672488531e-03
-1.614999999999999991e+00,2.935238085216214030e-03,9.409443805525490034e-03
-1.612500000000000044e+00,2.932108704236441842e-03,8.881946737378491538e-03
-1.610000000000000098e+00,2.928989156793913255e-03,8.354449669231118342e-03
-1.607499999999999929e+00,2.925879861612172821e-03,7.826952601084118111e-03
-1.604999999999999982e+00,2.922780337621459692e-03,7.299455532937120482e-03
-1.602500000000000036e+00,2.919691006558374369e-03,6.771958464789746418e-03
-1.600000000000000089e+00,2.916611384964783518e-03,6.244461396642747922e-03
-1.597500000000000142e+00,2.913541897612964820e-03,5.775297369974458604e-03
-1.594999999999999973e+00,2.910482058627755688e-03,5.306133343306169287e-03
-1.592500000000000027e+00,2.907432295840792127e-03,4.836969316637546035e-03
-1.590000000000000080e+00,2.904392120932053865e-03,4.367805289969257584e-03
-1.587500000000000133e+00,2.901361964815155590e-03,3.898641263300967833e-03
-1.584999999999999964e+00,2.898341336696677942e-03,3.429477236632678516e-03
-1.582500000000000018e+00,2.895330670596372915e-03,2.960313209964055697e-03
-1.580000000000000071e+00,2.892329473218644732e-03,2.491149183295766380e-03
-1.577500000000000124e+00,2.889338181713778982e-03,2.021985156627477062e-03
-1.574999999999999956e+00,2.886356300253804536e-03,1.552821129958854461e-03
-1.572500000000000009e+00,2.883384269144884018e-03,1.397539016962991067e-03
-1.570000000000000062e+00,2.880421589998012448e-03,1.242256903967127674e-03
-1.567500000000000115e+00,2.877468706298793970e-03,1.086974790971264281e-03
-1.564999999999999947e+00,2.874525117068295766e-03,9.316926779752906238e-04
-1.562500000000000000e+00,2.871591268996788113e-03,7.764105649794272304e-04
-1.560000000000000053e+00,2.868666658484383958e-03,6.211284519835638370e-04
-1.557500000000000107e+00,2.865751735453373698e-03,4.658463389877003352e-04
-1.554999999999999938e+00,2.862845993652717979e-03,3.105642259917267868e-04
-1.552499999999999991e+00,2.859949886261598916e-03,1.552821129958633934e-04
-1.550000000000000044e+00,2.857062904347031779e-03,0.000000000000000000e+00
-1.547500000000000098e+00,2.854185504371855014e-03,0.000000000000000000e+00
-1.544999999999999929e+00,2.851317174691889340e-03,0.000000000000000000e+00
-1.542499999999999982e+00,2.848458375079799144e-03,0.000000000000000000e+00
-1.540000000000000036e+00,2.845608591147052654e-03,0.000000000000000000e+00
-1.537500000000000089e+00,2.842768286005510365e-03,0.000000000000000000e+00
-1.535000000000000142e+00,2.839936942490667911e-03,0.000000000000000000e+00
-1.532499999999999973e+00,2.837115027080225945e-03,0.000000000000000000e+00
-1.530000000000000027e+00,2.834302019802327228e-03,0.000000000000000000e+00
-1.527500000000000080e+00,2.831498390529527120e-03,0.000000000000000000e+00
-1.525000000000000133e+00,2.828703616449690459e-03,0.000000000000000000e+00
-1.522499999999999964e+00,2.825918170858531930e-03,0.000000000000000000e+00
-1.520000000000000018e+00,2.823141528071311003e-03,0.000000000000000000e+00
-1.517500000000000071e+00,2.820374164836327805e-03,0.000000000000000000e+00
-1.515000000000000124e+00,2.817615552563255011e-03,0.000000000000000000e+00
-1.512499999999999956e+00,2.814866171482171414e-03,0.000000000000000000e+00
-1.510000000000000009e+00,2.812125490063944241e-03,0.000000000000000000e+00
-1.507500000000000062e+00,2.809393992050687131e-03,0.000000000000000000e+00
-1.505000000000000115e+00,2.806671142940475160e-03,0.000000000000000000e+00
-1.502499999999999947e+00,2.803957430018306270e-03,0.000000000000000000e+00
-1.500000000000000000e+00,2.801252315774944122e-03,0.000000000000000000e+00
-1.497500000000000053e+00,2.798556291069355904e-03,0.000000000000000000e+00
-1.495000000000000107e+00,2.795868815350944711e-03,0.000000000000000000e+00
-1.492499999999999938e+00,2.793190383084032460e-03,0.000000000000000000e+00
-1.489999999999999991e+00,2.790520450641313221e-03,0.000000000000000000e+00
-1.487500000000000044e+00,2.787859516124612837e-03,0.000000000000000000e+00
-1.485000000000000098e+00,2.785207032794626003e-03,0.000000000000000000e+00
-1.482499999999999929e+00,2.782563502423369018e-03,0.000000000000000000e+00
-1.479999999999999982e+00,2.779928375123772843e-03,0.000000000000000000e+00
-1.477500000000000036e+00,2.777302156370728588e-03,0.000000000000000000e+00
-1.475000000000000089e+00,2.774684293093639988e-03,0.000000000000000000e+00
-1.472499999999999920e+00,2.772075294503965632e-03,0.000000000000000000e+00
-1.469999999999999973e+00,2.769474604310631985e-03,0.000000000000000000e+00
-1.467500000000000027e+00,2.766882735495533856e-03,0.000000000000000000e+00
-1.465000000000000080e+00,2.764299128510293128e-03,0.000000000000000000e+00
-1.462500000000000133e+00,2.761724300142292653e-03,0.000000000000000000e+00
-1.459999999999999964e+00,2.759157687547835868e-03,0.000000000000000000e+00
-1.457500000000000018e+00,2.756599811354965620e-03,0.000000000000000000e+00
-1.455000000000000071e+00,2.754050105387184730e-03,0.000000000000000000e+00
-1.452500000000000124e+00,2.751509094148577462e-03,0.000000000000000000e+00
-1.449999999999999956e+00,2.748976208091357277e-03,0.000000000000000000e+00
-1.447500000000000009e+00,2.746451975632034376e-03,0.000000000000000000e+00
-1.445000000000000062e+00,2.743935823812780010e-03,0.000000000000000000e+00
-1.442500000000000115e+00,2.741428284999537605e-03,0.000000000000000000e+00
-1.439999999999999947e+00,2.738928782784378398e-03,0.000000000000000000e+00
-1.437500000000000000e+00,2.736437853520427930e-03,0.000000000000000000e+00
-1.435000000000000053e+00,2.733954917310636116e-03,0.000000000000000000e+00
-1.432500000000000107e+00,2.731480514532583313e-03,0.000000000000000000e+00
-1.429999999999999938e+00,2.729014061759659545e-03,0.000000000000000000e+00
-1.427499999999999991e+00,2.726556103432326277e-03,0.000000000000000000e+00
-1.425000000000000044e+00,2.724106052553999791e-03,0.000000000000000000e+00
-1.422500000000000098e+00,2.721664457667639404e-03,0.000000000000000000e+00
-1.419999999999999929e+00,2.719230728165001384e-03,0.000000000000000000e+00
-1.417499999999999982e+00,2.716805416730916356e-03,0.000000000000000000e+00
-1.415000000000000036e+00,2.714387929103974275e-03,0.000000000000000000e+00
-1.412500000000000089e+00,2.711978822151616623e-03,0.000000000000000000e+00
-1.409999999999999920e+00,2.709577497916632310e-03,0.000000000000000000e+00
-1.407499999999999973e+00,2.707184517490077765e-03,0.000000000000000000e+00
-1.405000000000000027e+00,2.704799279175660372e-03,0.000000000000000000e+00
-1.402500000000000080e+00,2.702422348330562208e-03,0.000000000000000000e+00
-1.400000000000000133e+00,2.700053119476035404e-03,0.000000000000000000e+00
-1.397499999999999964e+00,2.697692162276602978e-03,0.000000000000000000e+00
-1.395000000000000018e+00,2.695338867427687652e-03,0.000000000000000000e+00
-1.392500000000000071e+00,2.692993808944879695e-03,0.000000000000000000e+00
-1.390000000000000124e+00,2.690656373652861727e-03,0.000000000000000000e+00
-1.387499999999999956e+00,2.688327139961190111e-03,0.000000000000000000e+00
-1.385000000000000009e+00,2.686005490779013773e-03,0.000000000000000000e+00
-1.382500000000000062e+00,2.683692008954974891e-03,0.000000000000000000e+00
-1.380000000000000115e+00,2.681386073436324742e-03,0.000000000000000000e+00
-1.377499999999999947e+00,2.679088271555852066e-03,0.000000000000000000e+00
-1.375000000000000000e+00,2.676797978252901718e-03,0.000000000000000000e+00
-1.372500000000000053e+00,2.674515785390003605e-03,0.000000000000000000e+00
-1.370000000000000107e+00,2.672241063851582988e-03,0.000000000000000000e+00
-1.367499999999999938e+00,2.669974410077130544e-03,0.000000000000000000e+00
-1.364999999999999991e+00,2.667715190847983441e-03,0.000000000000000000e+00
-1.362500000000000044e+00,2.665464007227133589e-03,0.000000000000000000e+00
-1.360000000000000098e+00,2.663220221845889746e-03,0.000000000000000000e+00
-1.357499999999999929e+00,2.660984440438870190e-03,0.000000000000000000e+00
-1.354999999999999982e+00,2.658756021437454209e-03,0.000000000000000000e+00
-1.352500000000000036e+00,2.656535575297476123e-03,0.000000000000000000e+00
-1.350000000000000089e+00,2.654322456200766157e-03,0.000000000000000000e+00
-1.347499999999999920e+00,2.652117279373520688e-03,0.000000000000000000e+00
-1.344999999999999973e+00,2.649919394698283751e-03,0.000000000000000000e+00
-1.342500000000000027e+00,2.647729422221868287e-03,0.000000000000000000e+00
-1.340000000000000080e+00,2.645546707476831814e-03,0.000000000000000000e+00
-1.337500000000000133e+00,2.643371875381809837e-03,0.000000000000000000e+00
-1.334999999999999964e+00,2.641204267067516834e-03,0.000000000000000000e+00
-1.332500000000000018e+00,2.639044512376812097e-03,0.000000000000000000e+00
-1.330000000000000071e+00,2.636891947986004080e-03,0.000000000000000000e+00
-1.327500000000000124e+00,2.634747208715229345e-03,0.000000000000000000e+00
-1.324999999999999956e+00,2.632609626733304741e-03,0.000000000000000000e+00
-1.322500000000000009e+00,2.630479841891158587e-03,1.629142791047656180e-04
-1.320000000000000062e+00,2.628357181797004102e-03,3.258285582095312360e-04
-1.317500000000000115e+00,2.626242291386930629e-03,4.887428373142969082e-04
-1.314999999999999947e+00,2.624134493653570033e-03,6.516571164191782648e-04
-1.312500000000000000e+00,2.622034438674410248e-03,8.145713955239438286e-04
-1.310000000000000053e+00,2.619941444771048747e-03,9.774856746287093924e-04
-1.307500000000000107e+00,2.617856167218385842e-03,1.140399953733475065e-03
-1.304999999999999938e+00,2.615777919611090088e-03,1.303314232838356530e-03
-1.302499999999999991e+00,2.613707362479147228e-03,1.466228511943122202e-03
-1.300000000000000044e+00,2.611643804633435699e-03,1.629142791047887874e-03
-1.297500000000000098e+00,2.609587911917100444e-03,2.005253593765719128e-03
-1.294999999999999929e+00,2.607538988299426194e-03,2.381364396483283234e-03
-1.292499999999999982e+00,2.605497704996473547e-03,2.757475199200847774e-03
-1.290000000000000036e+00,2.603463361077388346e-03,3.133586001918679028e-03
-1.287500000000000089e+00,2.601436633191055951e-03,3.509696804636243568e-03
-1.284999999999999920e+00,2.599416815447240774e-03,3.885807607353807674e-03
-1.282499999999999973e+00,2.597404589988937251e-03,4.261918410071371781e-03
-1.280000000000000027e+00,2.595399245906562010e-03,4.638029212789203035e-03
-1.277500000000000080e+00,2.593401470899360257e-03,5.014140015506767141e-03
-1.275000000000000133e+00,2.591410548977044100e-03,5.390250818224331247e-03
-1.272499999999999964e+00,2.589427173458984637e-03,5.776205949857319069e-03
-1.270000000000000018e+00,2.587450623212043856e-03,6.162161081490581845e-03
-1.267500000000000071e+00,2.585481597239928236e-03,6.548116213123569666e-03
-1.265000000000000124e+00,2.583519369203701298e-03,6.934071344756558355e-03
-1.262499999999999956e+00,2.581564643857047273e-03,7.320026476389820264e-03
-1.260000000000000009e+00,2.579616689591652298e-03,7.705981608022808085e-03
-1.257500000000000062e+00,2.577676216977607421e-03,8.091936739655795907e-03
-1.255000000000000115e+00,2.575742489072220878e-03,8.477891871288785464e-03
-1.252499999999999947e+00,2.573816222330010343e-03,8.863847002922047372e-03
-1.250000000000000000e+00,2.571896674408255534e-03,9.249802134555035193e-03
-1.247500000000000053e+00,2.569984567714238451e-03,9.407945207564740592e-03
-1.245000000000000107e+00,2.568079154438914369e-03,9.566088280574447725e-03
-1.242499999999999938e+00,2.566181163012444533e-03,9.724231353584265880e-03
-1.239999999999999991e+00,2.564289840091648568e-03,9.882374426593973013e-03
-1.237500000000000044e+00,2.562405920201011548e-03,1.004051749960367841e-02
-1.235000000000000098e+00,2.560528644393658074e-03,1.019866057261349657e-02
-1.232499999999999929e+00,2.558658753361770215e-03,1.035680364562320370e-02
-1.229999999999999982e+00,2.556795482485113222e-03,1.051494671863290910e-02
-1.227500000000000036e+00,2.554939578696470079e-03,1.067308979164272725e-02
-1.225000000000000089e+00,2.553090271631734947e-03,1.083123286465243439e-02
-1.222499999999999920e+00,2.551248314539519314e-03,1.065369982524791946e-02
-1.219999999999999973e+00,2.549412931239850889e-03,1.047616678584340454e-02
-1.217500000000000027e+00,2.547584881373428541e-03,1.029863374643876471e-02
-1.215000000000000080e+00,2.545763382871124060e-03,1.012110070703424979e-02
-1.212500000000000133e+00,2.543949201843623189e-03,9.943567667629734860e-03
-1.209999999999999964e+00,2.542141550258524008e-03,9.766034628225221670e-03
-1.207500000000000018e+00,2.540341200775244734e-03,9.588501588820580110e-03
-1.205000000000000071e+00,2.538547359323041746e-03,9.410968549416065185e-03
-1.202500000000000124e+00,2.536760805190268510e-03,9.233435510011551994e-03
-1.199999999999999956e+00,2.534980738191199619e-03,9.055902470606910434e-03
-1.197500000000000009e+00,2.533207944325625936e-03,8.642987018078276268e-03
-1.195000000000000062e+00,2.531441617214014433e-03,8.230071565549642101e-03
-1.192500000000000115e+00,2.529682549651416940e-03,7.817156113021007935e-03
-1.189999999999999947e+00,2.527929928986500947e-03,7.404240660492078865e-03
-1.187500000000000000e+00,2.526184554892787863e-03,6.991325207963444699e-03
-1.185000000000000053e+00,2.524445608367323259e-03,6.578409755434810532e-03
-1.182500000000000107e+00,2.522713896048958335e-03,6.165494302906176366e-03
-1.179999999999999938e+00,2.520988592501329298e-03,5.752578850377248164e-03
-1.177499999999999991e+00,2.519270511416306542e-03,5.339663397848613130e-03
-1.175000000000000044e+00,2.517558820841189759e-03,4.926747945319978964e-03
-1.172500000000000098e+00,2.515854341610758004e-03,4.545246416737506664e-03
-1.169999999999999929e+00,2.514156235171724138e-03,4.163744888155304982e-03
-1.167499999999999982e+00,2.512465329592361834e-03,3.782243359573103300e-03
-1.165000000000000036e+00,2.510780779633555414e-03,3.400741830990630567e-03
-1.162500000000000089e+00,2.509103420690079935e-03,3.019240302408429319e-03
-1.159999999999999920e+00,2.507432400749816121e-03,2.637738773826227637e-03
-1.157499999999999973e+00,2.505768562628232863e-03,2.256237245244025955e-03
-1.155000000000000027e+00,2.504111047452016545e-03,1.874735716661553222e-03
-1.152500000000000080e+00,2.502460705553705058e-03,1.493234188079351540e-03
-1.150000000000000133e+00,2.500816671109093968e-03,1.111732659497150074e-03
-1.147499999999999964e+00,2.499179802065111186e-03,1.000559393547458768e-03
-1.145000000000000018e+00,2.497549225555755446e-03,8.893861275976884225e-04
-1.142500000000000071e+00,2.495925807242191027e-03,7.782128616479971157e-04
-1.140000000000000124e+00,2.494308667123790440e-03,6.670395956983058089e-04
-1.137499999999999956e+00,2.492698678677362795e-03,5.558663297485354638e-04
-1.135000000000000009e+00,2.491094954673307976e-03,4.446930637988441570e-04
-1.132500000000000062e+00,2.489498376507647687e-03,3.335197978491528503e-04
-1.130000000000000115e+00,2.487908049626189055e-03,2.223465318994615435e-04
-1.127499999999999947e+00,2.486324863449239451e-03,1.111732659496913068e-04
-1.125000000000000000e+00,2.484747916000616327e-03,0.000000000000000000e+00
-1.122500000000000053e+00,2.483178104832456032e-03,0.000000000000000000e+00
-1.120000000000000107e+00,2.481614520447207942e-03,0.000000000000000000e+00
-1.117499999999999938e+00,2.480058068638092434e-03,0.000000000000000000e+00
-1.114999999999999991e+00,2.478507832285808000e-03,0.000000000000000000e+00
-1.112500000000000044e+00,2.476964725536113295e-03,0.000000000000000000e+00
-1.110000000000000098e+00,2.475427823545465859e-03,0.000000000000000000e+00
-1.107499999999999929e+00,2.473898048925427060e-03,0.000000000000000000e+00
-1.104999999999999982e+00,2.472374469004193828e-03,0.000000000000000000e+00
-1.102500000000000036e+00,2.470858014974756066e-03,0.000000000000000000e+00
-1.100000000000000089e+00,2.469347746231308725e-03,0.000000000000000000e+00
-1.097499999999999920e+00,2.467844602666283051e-03,0.000000000000000000e+00
-1.094999999999999973e+00,2.466347635631792237e-03,0.000000000000000000e+00
-1.092500000000000027e+00,2.464857793839853213e-03,0.000000000000000000e+00
-1.090000000000000080e+00,2.463374120491070192e-03,0.000000000000000000e+00
-1.087500000000000133e+00,2.461897573239714161e-03,0.000000000000000000e+00
-1.084999999999999964e+00,2.460427187023314644e-03,0.000000000000000000e+00
-1.082500000000000018e+00,2.458963928562844879e-03,0.000000000000000000e+00
-1.080000000000000071e+00,2.457506824419675683e-03,0.000000000000000000e+00
-1.077500000000000124e+00,2.456056850509228881e-03,0.000000000000000000e+00
-1.074999999999999956e+00,2.454613024900775473e-03,0.000000000000000000e+00
-1.072500000000000009e+00,2.453176332833820455e-03,0.000000000000000000e+00
-1.070000000000000062e+00,2.451745783768821078e-03,0.000000000000000000e+00
-1.067500000000000115e+00,2.450322372401279956e-03,0.000000000000000000e+00
-1.064999999999999947e+00,2.448905099463333755e-03,0.000000000000000000e+00
-1.062500000000000000e+00,2.447494969241772490e-03,0.000000000000000000e+00
-1.060000000000000053e+00,2.446090973618592155e-03,0.000000000000000000e+00
-1.057500000000000107e+00,2.444694126609734276e-03,0.000000000000000000e+00
-1.054999999999999938e+00,2.443303411123277750e-03,0.000000000000000000e+00
-1.052499999999999991e+00,2.441919851044598369e-03,0.000000000000000000e+00
-1.050000000000000044e+00,2.440542420182042777e-03,0.000000000000000000e+00
-1.047500000000000098e+00,2.439172152433951614e-03,0.000000000000000000e+00
-1.044999999999999929e+00,2.437808012380667747e-03,0.000000000000000000e+00
-1.042499999999999982e+00,2.436451044079520050e-03,0.000000000000000000e+00
-1.040000000000000036e+00,2.435100202752108443e-03,0.000000000000000000e+00
-1.037500000000000089e+00,2.433756542763931049e-03,0.000000000000000000e+00
-1.034999999999999920e+00,2.432419009845975498e-03,0.000000000000000000e+00
-1.032499999999999973e+00,2.431088668823480192e-03,0.000000000000000000e+00
-1.030000000000000027e+00,2.429764455800863254e-03,0.000000000000000000e+00
-1.027500000000000080e+00,2.428447446219567183e-03,0.000000000000000000e+00
-1.024999999999999911e+00,2.427136566419472400e-03,0.000000000000000000e+00
-1.022499999999999964e+00,2.425832902616058880e-03,0.000000000000000000e+00
-1.020000000000000018e+00,2.424535371245278240e-03,0.000000000000000000e+00
-1.017500000000000071e+00,2.423245069458410030e-03,0.000000000000000000e+00
-1.015000000000000124e+00,2.421960903644164616e-03,0.000000000000000000e+00
-1.012499999999999956e+00,2.420683982054994479e-03,0.000000000000000000e+00
-1.010000000000000009e+00,2.419413200887414375e-03,0.000000000000000000e+00
-1.007500000000000062e+00,2.418149679663554250e-03,0.000000000000000000e+00
-1.005000000000000115e+00,2.416892304239673731e-03,0.000000000000000000e+00
-1.002499999999999947e+00,2.415642205579511276e-03,0.000000000000000000e+00
-1.000000000000000000e+00,2.414398259048170393e-03,0.000000000000000000e+00
-9.975000000000000533e-01,2.413161607227467999e-03,0.000000000000000000e+00
-9.949999999999999956e-01,2.411931114837313241e-03,0.000000000000000000e+00
-9.925000000000000488e-01,2.410707936257378264e-03,0.000000000000000000e+00
-9.899999999999999911e-01,2.409490925405719745e-03,0.000000000000000000e+00
-9.875000000000000444e-01,2.408281248643378853e-03,0.000000000000000000e+00
-9.849999999999999867e-01,2.407077748927334733e-03,0.000000000000000000e+00
-9.825000000000000400e-01,2.405881604787305211e-03,0.000000000000000000e+00
-9.799999999999999822e-01,2.404691648056753259e-03,0.000000000000000000e+00
-9.775000000000000355e-01,2.403509069625613288e-03,0.000000000000000000e+00
-9.749999999999999778e-01,2.402332690038167309e-03,0.000000000000000000e+00
-9.725000000000000311e-01,2.401163712740132534e-03,0.000000000000000000e+00
-9.699999999999999734e-01,2.400000946818429438e-03,0.000000000000000000e+00
-9.675000000000000266e-01,2.398845608474394278e-03,0.000000000000000000e+00
-9.649999999999999689e-01,2.397696495165294560e-03,0.000000000000000000e+00
-9.625000000000000222e-01,2.396554836052821550e-03,0.000000000000000000e+00
-9.599999999999999645e-01,2.395419416789648561e-03,0.000000000000000000e+00
-9.575000000000000178e-01,2.394291479706418032e-03,0.000000000000000000e+00
-9.550000000000000711e-01,2.393169798472178245e-03,0.000000000000000000e+00
-9.525000000000000133e-01,2.392055628800824913e-03,0.000000000000000000e+00
-9.500000000000000666e-01,2.390947732195604965e-03,0.000000000000000000e+00
-9.475000000000000089e-01,2.389847377971967158e-03,0.000000000000000000e+00
-9.450000000000000622e-01,2.388753315282211766e-03,0.000000000000000000e+00
-9.425000000000000044e-01,2.387666827266126356e-03,0.000000000000000000e+00
-9.400000000000000577e-01,2.386586650536035199e-03,0.000000000000000000e+00
-9.375000000000000000e-01,2.385514082284698190e-03,0.000000000000000000e+00
-9.350000000000000533e-01,2.384447846391247496e-03,0.000000000000000000e+00
-9.324999999999999956e-01,2.383389254335418692e-03,0.000000000000000000e+00
-9.300000000000000488e-01,2.382337017066162715e-03,0.000000000000000000e+00
-9.274999999999999911e-01,2.381292460589481182e-03,0.000000000000000000e+00
-9.250000000000000444e-01,2.380254282723901632e-03,0.000000000000000000e+00
-9.224999999999999867e-01,2.379223824245335368e-03,0.000000000000000000e+00
-9.200000000000000400e-01,2.378199769637702205e-03,0.000000000000000000e+00
-9.174999999999999822e-01,2.377183474697661114e-03,0.000000000000000000e+00
-9.150000000000000355e-01,2.376173610365549856e-03,0.000000000000000000e+00
-9.124999999999999778e-01,2.375171547714781655e-03,0.000000000000000000e+00
-9.100000000000000311e-01,2.374175943929367032e-03,0.000000000000000000e+00
-9.074999999999999734e-01,2.373188185621890288e-03,0.000000000000000000e+00
-9.050000000000000266e-01,2.372206916002826509e-03,0.000000000000000000e+00
-9.024999999999999689e-01,2.371233537492487518e-03,0.000000000000000000e+00
-9.000000000000000222e-01,2.370266679106182526e-03,0.000000000000000000e+00
-8.974999999999999645e-01,2.369307759346751894e-03,0.000000000000000000e+00
-8.950000000000000178e-01,2.368355392808816230e-03,0.000000000000000000e+00
-8.925000000000000711e-01,2.367411014359137832e-03,0.000000000000000000e+00
-8.900000000000000133e-01,2.366473223940522824e-03,0.000000000000000000e+00
-8.875000000000000666e-01,2.365543473072618304e-03,0.000000000000000000e+00
-8.850000000000000089e-01,2.364620346811818850e-03,0.000000000000000000e+00
-8.825000000000000622e-01,2.363705313624577930e-03,0.000000000000000000e+00
-8.800000000000000044e-01,2.362796943440873942e-03,0.000000000000000000e+00
-8.775000000000000577e-01,2.361896721978070258e-03,0.000000000000000000e+00
-8.750000000000000000e-01,2.361003203793987301e-03,0.000000000000000000e+00
-8.725000000000000533e-01,2.360117892166268497e-03,0.000000000000000000e+00
-8.699999999999999956e-01,2.359239326031471740e-03,0.000000000000000000e+00
-8.675000000000000488e-01,2.358369026545049495e-03,0.000000000000000000e+00
-8.649999999999999911e-01,2.357505516767176550e-03,0.000000000000000000e+00
-8.625000000000000444e-01,2.356650336056870763e-03,0.000000000000000000e+00
-8.599999999999999867e-01,2.355801991337086888e-03,0.000000000000000000e+00
-8.575000000000000400e-01,2.354962040504608722e-03,0.000000000000000000e+00
-8.549999999999999822e-01,2.354128974079655514e-03,0.000000000000000000e+00
-8.525000000000000355e-01,2.353304368838945136e-03,0.000000000000000000e+00
-8.499999999999999778e-01,2.352486698627927631e-03,0.000000000000000000e+00
-8.475000000000000311e-01,2.351677559455281948e-03,5.496679617794517558e-04
-8.449999999999999734e-01,2.350875408214795400e-03,1.099335923558903512e-03
-8.425000000000000266e-01,2.350081860505952910e-03,1.649003885338745905e-03
-8.399999999999999689e-01,2.349295355988908866e-03,2.198671847118197770e-03
-8.375000000000000222e-01,2.348517530223673180e-03,2.748339808897649634e-03
-8.349999999999999645e-01,2.347746805347056785e-03,3.298007770677101064e-03
-8.325000000000000178e-01,2.346984837259739713e-03,3.847675732456943675e-03
-8.300000000000000711e-01,2.346230030279265570e-03,4.397343694236395539e-03
-8.275000000000000133e-01,2.345484061036379620e-03,4.947011656015846970e-03
-8.250000000000000666e-01,2.344745315728830309e-03,5.496679617795689581e-03
-8.225000000000000089e-01,2.344015492115882407e-03,6.240864092616320476e-03
-8.200000000000000622e-01,2.343292957967849869e-03,6.985048567436951371e-03
-8.175000000000000044e-01,2.342579432583091759e-03,7.729233042257582266e-03
-8.150000000000000577e-01,2.341873264990099700e-03,8.473417517078741384e-03
-8.125000000000000000e-01,2.341176196447613753e-03,9.217601991899372280e-03
-8.100000000000000533e-01,2.340486556920482082e-03,9.961786466720003175e-03
-8.074999999999999956e-01,2.339806110060722519e-03,1.070597094154116316e-02
-8.050000000000000488e-01,2.339133166442189209e-03,1.145015541636179406e-02
-8.024999999999999911e-01,2.338469512553963386e-03,1.219433989118242495e-02
-8.000000000000000444e-01,2.337813439243758337e-03,1.293852436600305585e-02
-7.974999999999999867e-01,2.337166756294603229e-03,1.317469302041854827e-02
-7.950000000000000400e-01,2.336527734485425740e-03,1.341086167483387069e-02
-7.924999999999999822e-01,2.335898207362689400e-03,1.364703032924919485e-02
-7.900000000000000355e-01,2.335276425286753142e-03,1.388319898366468727e-02
-7.874999999999999778e-01,2.334664246049679946e-03,1.411936763808001143e-02
-7.850000000000000311e-01,2.334059899235879643e-03,1.435553629249533558e-02
-7.824999999999999734e-01,2.333465267379245759e-03,1.459170494691065974e-02
-7.800000000000000266e-01,2.332878558922864189e-03,1.482787360132615043e-02
-7.774999999999999689e-01,2.332301681652006273e-03,1.506404225574147458e-02
-7.750000000000000222e-01,2.331732822495648401e-03,1.530021091015679874e-02
-7.724999999999999645e-01,2.331173915015323245e-03,1.478469918870061774e-02
-7.700000000000000178e-01,2.330623124243760662e-03,1.426918746724406897e-02
-7.675000000000000711e-01,2.330082410059045126e-03,1.375367574578788797e-02
-7.650000000000000133e-01,2.329549915207746597e-03,1.323816402433170697e-02
-7.625000000000000666e-01,2.329027626439528730e-03,1.272265230287515994e-02
-7.600000000000000089e-01,2.328513663816456601e-03,1.220714058141897720e-02
-7.575000000000000622e-01,2.328010041531901331e-03,1.169162885996279620e-02
-7.550000000000000044e-01,2.327514856556028942e-03,1.117611713850661520e-02
-7.525000000000000577e-01,2.327030151114282876e-03,1.066060541705006817e-02
-7.500000000000000000e-01,2.326553998668302002e-03,1.014509369559388544e-02
-7.475000000000000533e-01,2.326088470082299502e-03,9.374093456136824501e-03
-7.449999999999999956e-01,2.325631614884132638e-03,8.603093216679217128e-03
-7.425000000000000488e-01,2.325185533200500258e-03,7.832092977222156194e-03
-7.399999999999999911e-01,2.324748250190457506e-03,7.061092737765096126e-03
-7.375000000000000444e-01,2.324321895886730539e-03,6.290092498308036059e-03
-7.349999999999999867e-01,2.323904470634822247e-03,5.519092258850426952e-03
-7.325000000000000400e-01,2.323498135036642254e-03,4.748092019393366885e-03
-7.299999999999999822e-01,2.323100864169037796e-03,3.977091779936306817e-03
-7.275000000000000355e-01,2.322714849886737837e-03,3.206091540478698577e-03
-7.249999999999999778e-01,2.322338041533370239e-03,2.435091301021638076e-03
-7.225000000000000311e-01,2.321972662920941503e-03,2.191582170919526007e-03
-7.199999999999999734e-01,2.321616637184147763e-03,1.948073040817414371e-03
-7.175000000000000266e-01,2.321272220819658224e-03,1.704563910715129263e-03
-7.149999999999999689e-01,2.320937310267715079e-03,1.461054780613017410e-03
-7.125000000000000222e-01,2.320614195458806182e-03,1.217545650510905558e-03
-7.099999999999999645e-01,2.320300745641733654e-03,9.740365204087937049e-04
-7.075000000000000178e-01,2.319999284955353257e-03,7.305273903065088136e-04
-7.049999999999999600e-01,2.319707654949088732e-03,4.870182602043967440e-04
-7.025000000000000133e-01,2.319428214768427116e-03,2.435091301022851082e-04
-7.000000000000000666e-01,2.319158777744216669e-03,0.000000000000000000e+00
-6.975000000000000089e-01,2.318901738853594574e-03,0.000000000000000000e+00
-6.950000000000000622e-01,2.318654882677693811e-03,0.000000000000000000e+00
-6.925000000000000044e-01,2.318420640877243057e-03,0.000000000000000000e+00
-6.900000000000000577e-01,2.318196768741038073e-03,0.000000000000000000e+00
-6.875000000000000000e-01,2.317985735493259449e-03,0.000000000000000000e+00
-6.850000000000000533e-01,2.317785266575432459e-03,0.000000000000000000e+00
-6.824999999999999956e-01,2.317597869684780588e-03,0.000000000000000000e+00
-6.800000000000000488e-01,2.317421239848220342e-03,0.000000000000000000e+00
-6.774999999999999911e-01,2.317257924176535731e-03,0.000000000000000000e+00
-6.750000000000000444e-01,2.317105586701713980e-03,0.000000000000000000e+00
-6.724999999999999867e-01,2.316966814920671906e-03,0.000000000000000000e+00
-6.700000000000000400e-01,2.316839241277544609e-03,0.000000000000000000e+00
-6.674999999999999822e-01,2.316725494661278032e-03,0.000000000000000000e+00
-6.650000000000000355e-01,2.316623175322039298e-03,0.000000000000000000e+00
-6.624999999999999778e-01,2.316534954581804095e-03,0.000000000000000000e+00
-6.600000000000000311e-01,2.316458399877607127e-03,0.000000000000000000e+00
-6.574999999999999734e-01,2.316396226041327663e-03,0.000000000000000000e+00
-6.550000000000000266e-01,2.316345967063990121e-03,0.000000000000000000e+00
-6.524999999999999689e-01,2.316310382403573027e-03,0.000000000000000000e+00
-6.500000000000000222e-01,2.316286971957635769e-03,0.000000000000000000e+00
-6.474999999999999645e-01,2.316278540966103684e-03,0.000000000000000000e+00
-6.450000000000000178e-01,2.316282554572095080e-03,0.000000000000000000e+00
-6.424999999999999600e-01,2.316301864995113074e-03,0.000000000000000000e+00
-6.400000000000000133e-01,2.316333901948100689e-03,0.000000000000000000e+00
-6.375000000000000666e-01,2.316381565871942355e-03,0.000000000000000000e+00
-6.350000000000000089e-01,2.316442250359842386e-03,0.000000000000000000e+00
-6.325000000000000622e-01,2.316518905360674934e-03,0.000000000000000000e+00
-6.300000000000000044e-01,2.316608887643280875e-03,0.000000000000000000e+00
-6.275000000000000577e-01,2.316715198000790683e-03,0.000000000000000000e+00
-6.250000000000000000e-01,2.316835155657264583e-03,0.000000000000000000e+00
-6.225000000000000533e-01,2.316971813636345499e-03,0.000000000000000000e+00
-6.199999999999999956e-01,2.317122452882806796e-03,0.000000000000000000e+00
-6.175000000000000488e-01,2.317290180089543166e-03,0.000000000000000000e+00
-6.149999999999999911e-01,2.317472237172172201e-03,0.000000000000000000e+00
-6.125000000000000444e-01,2.317671785987218767e-03,0.000000000000000000e+00
-6.099999999999999867e-01,2.317886028655664118e-03,0.000000000000000000e+00
-6.075000000000000400e-01,2.318118183751024467e-03,0.000000000000000000e+00
-6.049999999999999822e-01,2.318365412818605871e-03,0.000000000000000000e+00
-6.025000000000000355e-01,2.318630992763317644e-03,0.000000000000000000e+00
-5.999999999999999778e-01,2.318912043757489615e-03,0.000000000000000000e+00
-5.975000000000000311e-01,2.319211902717388963e-03,0.000000000000000000e+00
-5.949999999999999734e-01,2.319527647630726438e-03,0.000000000000000000e+00
-5.925000000000000266e-01,2.319862677170103638e-03,0.000000000000000000e+00
-5.899999999999999689e-01,2.320214026311243679e-03,0.000000000000000000e+00
-5.875000000000000222e-01,2.320585157302444083e-03,0.000000000000000000e+00
-5.849999999999999645e-01,2.320973061263761038e-03,0.000000000000000000e+00
-5.825000000000000178e-01,2.321381265912296054e-03,0.000000000000000000e+00
-5.799999999999999600e-01,2.321806717653978388e-03,0.000000000000000000e+00
-5.775000000000000133e-01,2.322253011647335257e-03,0.000000000000000000e+00
-5.750000000000000666e-01,2.322717048710030551e-03,0.000000000000000000e+00
-5.725000000000000089e-01,2.323202493498462053e-03,0.000000000000000000e+00
-5.700000000000000622e-01,2.323706200353329015e-03,0.000000000000000000e+00
-5.675000000000000044e-01,2.324231905573055732e-03,0.000000000000000000e+00
-5.650000000000000577e-01,2.324776416117572443e-03,0.000000000000000000e+00
-5.625000000000000000e-01,2.325343542165325770e-03,0.000000000000000000e+00
-5.600000000000000533e-01,2.325930042377316858e-03,0.000000000000000000e+00
-5.574999999999999956e-01,2.326539803147731345e-03,0.000000000000000000e+00
-5.550000000000000488e-01,2.327169533907204931e-03,0.000000000000000000e+00
-5.524999999999999911e-01,2.327823199705382571e-03,0.000000000000000000e+00
-5.500000000000000444e-01,2.328497459797552148e-03,0.000000000000000000e+00
-5.474999999999999867e-01,2.329196360438723096e-03,0.000000000000000000e+00
-5.450000000000000400e-01,2.329916509751308457e-03,0.000000000000000000e+00
-5.424999999999999822e-01,2.330662037862127767e-03,0.000000000000000000e+00
-5.400000000000000355e-01,2.331429500791854480e-03,0.000000000000000000e+00
-5.374999999999999778e-01,2.332223115328487233e-03,0.000000000000000000e+00
-5.350000000000000311e-01,2.333039384411670324e-03,0.000000000000000000e+00
-5.324999999999999734e-01,2.333882614410620268e-03,0.000000000000000000e+00
-5.300000000000000266e-01,2.334749254195430442e-03,0.000000000000000000e+00
-5.274999999999999689e-01,2.335643702775337584e-03,0.000000000000000000e+00
-5.250000000000000222e-01,2.336562353954242579e-03,0.000000000000000000e+00
-5.224999999999999645e-01,2.337509702587750333e-03,0.000000000000000000e+00
-5.200000000000000178e-01,2.338482086410892998e-03,0.000000000000000000e+00
-5.174999999999999600e-01,2.339484099487658744e-03,0.000000000000000000e+00
-5.150000000000000133e-01,2.340512022476965055e-03,0.000000000000000000e+00
-5.124999999999999556e-01,2.341570552180744554e-03,0.000000000000000000e+00
-5.100000000000000089e-01,2.342655911172406534e-03,0.000000000000000000e+00
-5.075000000000000622e-01,2.343772902697036087e-03,0.000000000000000000e+00
-5.050000000000000044e-01,2.344917690233932258e-03,0.000000000000000000e+00
-5.025000000000000577e-01,2.346095187365797221e-03,0.000000000000000000e+00
-5.000000000000000000e-01,2.347301497472318536e-03,0.000000000000000000e+00
-4.974999999999999978e-01,2.348541648568347462e-03,0.000000000000000000e+00
-4.949999999999999956e-01,2.349811682935350893e-03,0.000000000000000000e+00
-4.924999999999999933e-01,2.351116747329508490e-03,0.000000000000000000e+00
-4.899999999999999911e-01,2.352452821945775433e-03,0.000000000000000000e+00
-4.874999999999999889e-01,2.353825176819235396e-03,0.000000000000000000e+00
-4.849999999999999867e-01,2.355229729084530512e-03,0.000000000000000000e+00
-4.824999999999999845e-01,2.356671876838523950e-03,0.000000000000000000e+00
-4.799999999999999822e-01,2.358147473200700953e-03,0.000000000000000000e+00
-4.775000000000000355e-01,2.359662049373132970e-03,0.000000000000000000e+00
-4.750000000000000333e-01,2.361211393531793736e-03,0.000000000000000000e+00
-4.725000000000000311e-01,2.362801175307110285e-03,0.000000000000000000e+00
-4.700000000000000289e-01,2.364427117033488044e-03,0.000000000000000000e+00
-4.675000000000000266e-01,2.366095032393249458e-03,0.000000000000000000e+00
-4.650000000000000244e-01,2.367800577019798895e-03,0.000000000000000000e+00
-4.625000000000000222e-01,2.369549714592786727e-03,0.000000000000000000e+00
-4.600000000000000200e-01,2.371338033231361851e-03,0.000000000000000000e+00
-4.575000000000000178e-01,2.373171652903210971e-03,0.000000000000000000e+00
-4.550000000000000155e-01,2.375046093455468205e-03,0.000000000000000000e+00
-4.525000000000000133e-01,2.376967637805841790e-03,0.000000000000000000e+00
-4.500000000000000111e-01,2.378931736838237922e-03,0.000000000000000000e+00
-4.475000000000000089e-01,2.380944843481164978e-03,0.000000000000000000e+00
-4.450000000000000067e-01,2.383002339041383894e-03,0.000000000000000000e+00
-4.425000000000000044e-01,2.385110853950061886e-03,0.000000000000000000e+00
-4.400000000000000022e-01,2.387265699412999698e-03,0.000000000000000000e+00
-4.375000000000000000e-01,2.389473691319421011e-03,0.000000000000000000e+00
-4.349999999999999978e-01,2.391730070356920708e-03,0.000000000000000000e+00
-4.324999999999999956e-01,2.394041846329041968e-03,0.000000000000000000e+00
-4.299999999999999933e-01,2.396404189109332342e-03,0.000000000000000000e+00
-4.274999999999999911e-01,2.398824311413104860e-03,0.000000000000000000e+00
-4.249999999999999889e-01,2.401297312146799881e-03,0.000000000000000000e+00
-4.224999999999999867e-01,2.403830616520235934e-03,0.000000000000000000e+00
-4.199999999999999845e-01,2.406419252482359158e-03,0.000000000000000000e+00
-4.174999999999999822e-01,2.409070867954447599e-03,0.000000000000000000e+00
-4.150000000000000355e-01,2.411780420125562031e-03,0.000000000000000000e+00
-4.125000000000000333e-01,2.414555790533900147e-03,0.000000000000000000e+00
-4.100000000000000311e-01,2.417391866021231794e-03,0.000000000000000000e+00
-4.075000000000000289e-01,2.420296773394360439e-03,0.000000000000000000e+00
-4.050000000000000266e-01,2.423265329808210657e-03,0.000000000000000000e+00
-4.025000000000000244e-01,2.426305919802860308e-03,0.000000000000000000e+00
-4.000000000000000222e-01,2.429413291788370434e-03,0.000000000000000000e+00
-3.975000000000000200e-01,2.432596101386646885e-03,0.000000000000000000e+00
-3.950000000000000178e-01,2.435849029529039284e-03,0.000000000000000000e+00
-3.925000000000000155e-01,2.439181017232081548e-03,0.000000000000000000e+00
-3.900000000000000133e-01,2.442586679582540912e-03,0.000000000000000000e+00
-3.875000000000000111e-01,2.446075258357377404e-03,0.000000000000000000e+00
-3.850000000000000089e-01,2.449641304854643497e-03,0.000000000000000000e+00
-3.825000000000000067e-01,2.453294378128528450e-03,0.000000000000000000e+00
-3.800000000000000044e-01,2.457028968223853079e-03,0.000000000000000000e+00
-3.775000000000000022e-01,2.460854969249123836e-03,0.000000000000000000e+00
-3.750000000000000000e-01,2.464766813079817195e-03,0.000000000000000000e+00
-3.724999999999999978e-01,2.468774748037318688e-03,0.000000000000000000e+00
-3.699999999999999956e-01,2.472873151536902382e-03,0.000000000000000000e+00
-3.674999999999999933e-01,2.477072646788983350e-03,0.000000000000000000e+00
-3.649999999999999911e-01,2.481367561169760348e-03,0.000000000000000000e+00
-3.624999999999999889e-01,2.485768915124717503e-03,0.000000000000000000e+00
-3.599999999999999867e-01,2.490270991224821998e-03,0.000000000000000000e+00
-3.574999999999999845e-01,2.494885231335073998e-03,0.000000000000000000e+00
-3.549999999999999822e-01,2.499605879382204871e-03,0.000000000000000000e+00
-3.524999999999999800e-01,2.504444824865809539e-03,0.000000000000000000e+00
-3.500000000000000333e-01,2.509396280286756153e-03,0.000000000000000000e+00
-3.475000000000000311e-01,2.514472611237444574e-03,0.000000000000000000e+00
-3.450000000000000289e-01,2.519668007219933500e-03,0.000000000000000000e+00
-3.425000000000000266e-01,2.524995340861808327e-03,0.000000000000000000e+00
-3.400000000000000244e-01,2.530448788473220988e-03,0.000000000000000000e+00
-3.375000000000000222e-01,2.536041763415619946e-03,0.000000000000000000e+00
-3.350000000000000200e-01,2.541768440191426084e-03,0.000000000000000000e+00
-3.325000000000000178e-01,2.547642809658541736e-03,0.000000000000000000e+00
-3.300000000000000155e-01,2.553659057701150072e-03,0.000000000000000000e+00
-3.275000000000000133e-01,2.559831792846145766e-03,0.000000000000000000e+00
-3.250000000000000111e-01,2.566155227615771802e-03,0.000000000000000000e+00
-3.225000000000000089e-01,2.572644632185100508e-03,0.000000000000000000e+00
-3.200000000000000067e-01,2.579294263339566937e-03,0.000000000000000000e+00
-3.175000000000000044e-01,2.586120101135072451e-03,0.000000000000000000e+00
-3.150000000000000022e-01,2.593116466964941018e-03,0.000000000000000000e+00
-3.125000000000000000e-01,2.600300103764972576e-03,0.000000000000000000e+00
-3.099999999999999978e-01,2.607665421003046990e-03,0.000000000000000000e+00
-3.074999999999999956e-01,2.615229982844103577e-03,0.000000000000000000e+00
-3.049999999999999933e-01,2.622988313891424280e-03,0.000000000000000000e+00
-3.024999999999999911e-01,2.630958863906717078e-03,0.000000000000000000e+00
-2.999999999999999889e-01,2.639136303827952206e-03,0.000000000000000000e+00
-2.974999999999999867e-01,2.647540040168363303e-03,0.000000000000000000e+00
-2.949999999999999845e-01,2.656164926173900948e-03,0.000000000000000000e+00
-2.924999999999999822e-01,2.665031403935201691e-03,0.000000000000000000e+00
-2.899999999999999800e-01,2.674134550495733519e-03,0.000000000000000000e+00
-2.875000000000000333e-01,2.683495931038775307e-03,0.000000000000000000e+00
-2.850000000000000311e-01,2.693110894278788470e-03,0.000000000000000000e+00
-2.825000000000000289e-01,2.703002225876963323e-03,0.000000000000000000e+00
-2.800000000000000266e-01,2.713165601492366352e-03,0.000000000000000000e+00
-2.775000000000000244e-01,2.723625135885917019e-03,0.000000000000000000e+00
-2.750000000000000222e-01,2.734376895531976000e-03,0.000000000000000000e+00
-2.725000000000000200e-01,2.745446445740845620e-03,0.000000000000000000e+00
-2.700000000000000178e-01,2.756830317675832732e-03,0.000000000000000000e+00
-2.675000000000000155e-01,2.768555663330370901e-03,0.000000000000000000e+00
-2.650000000000000133e-01,2.780619564097707146e-03,0.000000000000000000e+00
-2.625000000000000111e-01,2.793050911643157278e-03,0.000000000000000000e+00
-2.600000000000000089e-01,2.805847436765479021e-03,0.000000000000000000e+00
-2.575000000000000067e-01,2.819039943195492375e-03,0.000000000000000000e+00
-2.550000000000000044e-01,2.832626926286084274e-03,0.000000000000000000e+00
-2.525000000000000022e-01,2.846641296633163794e-03,0.000000000000000000e+00
-2.500000000000000000e-01,2.861082448049215819e-03,0.000000000000000000e+00
-2.474999999999999978e-01,2.875985618747330455e-03,0.000000000000000000e+00
-2.449999999999999956e-01,2.891351256987627263e-03,0.000000000000000000e+00
-2.424999999999999933e-01,2.907217179509865440e-03,0.000000000000000000e+00
-2.399999999999999911e-01,2.923585071077289699e-03,0.000000000000000000e+00
-2.375000000000000167e-01,2.940495613026651578e-03,0.000000000000000000e+00
-2.350000000000000144e-01,2.957951939538397065e-03,0.000000000000000000e+00
-2.325000000000000122e-01,2.975997923754106819e-03,0.000000000000000000e+00
-2.300000000000000100e-01,2.994638398825242784e-03,0.000000000000000000e+00
-2.275000000000000078e-01,3.013920805208115256e-03,0.000000000000000000e+00
-2.250000000000000056e-01,3.033851968219281828e-03,0.000000000000000000e+00
-2.225000000000000033e-01,3.054483328068961518e-03,0.000000000000000000e+00
-2.200000000000000011e-01,3.075824047579933922e-03,0.000000000000000000e+00
-2.174999999999999989e-01,3.097930066515667581e-03,0.000000000000000000e+00
-2.149999999999999967e-01,3.120813293077668096e-03,0.000000000000000000e+00
-2.124999999999999944e-01,3.144534746406834388e-03,0.000000000000000000e+00
-2.099999999999999922e-01,3.169109563210783381e-03,0.000000000000000000e+00
-2.075000000000000178e-01,3.194604517308350430e-03,0.000000000000000000e+00
-2.050000000000000155e-01,3.221038547957139585e-03,0.000000000000000000e+00
-2.025000000000000133e-01,3.248484973370658214e-03,0.000000000000000000e+00
-2.000000000000000111e-01,3.276967219681515588e-03,0.000000000000000000e+00
-1.975000000000000089e-01,3.306566076963684923e-03,0.000000000000000000e+00
-1.950000000000000067e-01,3.337310276892233984e-03,0.000000000000000000e+00
-1.925000000000000044e-01,3.369289175512440657e-03,0.000000000000000000e+00
-1.900000000000000022e-01,3.402537793100467427e-03,0.000000000000000000e+00
-1.875000000000000000e-01,3.437155348411603719e-03,0.000000000000000000e+00
-1.849999999999999978e-01,3.473184335499616623e-03,0.000000000000000000e+00
-1.824999999999999956e-01,3.510735380263616673e-03,0.000000000000000000e+00
-1.799999999999999933e-01,3.549859885462774978e-03,0.000000000000000000e+00
-1.774999999999999911e-01,3.590681733059998201e-03,0.000000000000000000e+00
-1.750000000000000167e-01,3.633262979704021851e-03,0.000000000000000000e+00
-1.725000000000000144e-01,3.677742988842956206e-03,0.000000000000000000e+00
-1.700000000000000122e-01,3.724196603792905361e-03,0.000000000000000000e+00
-1.675000000000000100e-01,3.772781363356988386e-03,0.000000000000000000e+00
-1.650000000000000078e-01,3.823587517400196725e-03,0.000000000000000000e+00
-1.625000000000000056e-01,3.876794060626975909e-03,0.000000000000000000e+00
-1.600000000000000033e-01,3.932509885386719500e-03,0.000000000000000000e+00
-1.575000000000000011e-01,3.990939462672096587e-03,0.000000000000000000e+00
-1.549999999999999989e-01,4.052214347664472027e-03,0.000000000000000000e+00
-1.524999999999999967e-01,4.116569447884937082e-03,0.000000000000000000e+00
-1.499999999999999944e-01,4.184164007668334483e-03,0.000000000000000000e+00
-1.474999999999999922e-01,4.255269534563281553e-03,0.000000000000000000e+00
-1.449999999999999900e-01,4.330079288418236909e-03,0.000000000000000000e+00
-1.425000000000000155e-01,4.408909093586549019e-03,0.000000000000000000e+00
-1.400000000000000133e-01,4.491994245669209823e-03,0.000000000000000000e+00
-1.375000000000000111e-01,4.579704625466415185e-03,0.000000000000000000e+00
-1.350000000000000089e-01,4.672327811049979338e-03,0.000000000000000000e+00
-1.325000000000000067e-01,4.770300138644482067e-03,0.000000000000000000e+00
-1.300000000000000044e-01,4.873974669746010055e-03,0.000000000000000000e+00
-1.275000000000000022e-01,4.983870126475886675e-03,0.000000000000000000e+00
-1.250000000000000000e-01,5.100422214502894035e-03,0.000000000000000000e+00
-1.224999999999999978e-01,5.224252713065216658e-03,1.069080240576049563e-02
-1.199999999999999956e-01,5.355902498724479308e-03,2.138160481152858935e-02
-1.175000000000000072e-01,5.496123517784512642e-03,3.207240721728908672e-02
-1.150000000000000050e-01,5.645591702447670494e-03,4.276320962304958062e-02
-1.125000000000000028e-01,5.805225131790517530e-03,5.345401202881007452e-02
-1.100000000000000006e-01,5.975874898355001442e-03,6.414481443457817345e-02
-1.074999999999999983e-01,6.158673527352481920e-03,7.483561684033866734e-02
-1.049999999999999961e-01,6.354701771179897644e-03,8.552641924609916124e-02
-1.025000000000000078e-01,6.565372388830498923e-03,9.621722165186724629e-02
-1.000000000000000056e-01,6.792070879262031118e-03,1.069080240576277541e-01
-9.750000000000000333e-02,7.036581157303581704e-03,1.284002134134803463e-01
-9.500000000000000111e-02,7.300698496258623167e-03,1.498924027693329386e-01
-9.249999999999999889e-02,7.586705691617695417e-03,1.713845921252007964e-01
-8.999999999999999667e-02,7.896957175814661029e-03,1.928767814810533887e-01
-8.750000000000000833e-02,8.234417308057179544e-03,2.143689708369059810e-01
-8.500000000000000611e-02,8.602216137638818080e-03,2.358611601927585733e-01
-8.250000000000000389e-02,9.004266150367354338e-03,2.573533495486264311e-01
-8.000000000000000167e-02,9.444793232268716351e-03,2.788455389044790511e-01
-7.749999999999999944e-02,9.929055734621862472e-03,3.003377282603316156e-01
-7.499999999999999722e-02,1.046286027980765192e-02,3.218299176161994457e-01
-7.249999999999999500e-02,1.105341965404784549e-02,3.468955920617828870e-01
-7.000000000000000666e-02,1.170887514083002873e-02,3.719612665073663837e-01
-6.750000000000000444e-02,1.243935205429065084e-02,3.970269409529498805e-01
-6.500000000000000222e-02,1.325653446369045620e-02,4.220926153985511409e-01
-6.250000000000000000e-02,1.417501867135019696e-02,4.471582898441346376e-01
-5.999999999999999778e-02,1.521203611070310636e-02,4.722239642897180789e-01
-5.750000000000000250e-02,1.638928692496098918e-02,4.972896387353193948e-01
-5.500000000000000028e-02,1.773301412300601690e-02,5.223553131809028915e-01
-5.249999999999999806e-02,1.927667184886651050e-02,5.474209876264862773e-01
-5.000000000000000278e-02,2.106179714883482657e-02,5.724866620720697741e-01
-4.750000000000000056e-02,2.314225911816465003e-02,5.919796014952740659e-01
-4.499999999999999833e-02,2.558696530531598748e-02,6.114725409184644800e-01
-4.250000000000000305e-02,2.848740959851621748e-02,6.309654803416548940e-01
-4.000000000000000083e-02,3.196481680549301957e-02,6.504584197648591859e-01
-3.749999999999999861e-02,3.618539488174406238e-02,6.699513591880496000e-01
-3.500000000000000333e-02,4.137918752442767273e-02,6.894442986112400140e-01
-3.250000000000000111e-02,4.787599654580310810e-02,7.089372380344304281e-01
-2.999999999999999889e-02,5.615955049899287732e-02,7.284301774576347199e-01
-2.750000000000000014e-02,6.697044541516321281e-02,7.479231168808251340e-01
-2.500000000000000139e-02,8.149351598883927683e-02,7.674160563040155481e-01
-2.249999999999999917e-02,1.017654861493691859e-01,7.743233298518306107e-01
-2.000000000000000042e-02,1.317169925628368932e-01,7.812306033996504473e-01
-1.750000000000000167e-02,1.806850694108914357e-01,7.881378769474655099e-01
-1.499999999999999944e-02,2.766474570860209536e-01,7.950451504952805726e-01
-1.250000000000000069e-02,5.081251314956130027e-01,8.019524240431005202e-01
-1.000000000000000021e-02,1.103091815718769020e+00,8.088596975909154718e-01
-7.499999999999999722e-03,2.429804003021349246e+00,8.157669711387305345e-01
-5.000000000000000104e-03,4.634216127421288967e+00,8.226742446865455971e-01
-2.500000000000000052e-03,6.998876108467620760e+00,8.295815182343654337e-01
0.000000000000000000e+00,8.057310646245454677e+00,8.364887917821804963e-01
2.500000000000000052e-03,6.998876108467624313e+00,8.283961581419660991e-01
5.000000000000000104e-03,4.634216127421288967e+00,8.203035245017517019e-01
7.499999999999999722e-03,2.429804003021349690e+00,8.122108908615373046e-01
1.000000000000000021e-02,1.103091815718769020e+00,8.041182572213229074e-01
1.250000000000000069e-02,5.081251314956131138e-01,7.960256235811085102e-01
1.499999999999999944e-02,2.766474570860209536e-01,7.879329899408942239e-01
1.750000000000000167e-02,1.806850694108912692e-01,7.798403563006798267e-01
2.000000000000000042e-02,1.317169925628369487e-01,7.717477226604654295e-01
2.249999999999999917e-02,1.017654861493690749e-01,7.636550890202510322e-01
2.500000000000000139e-02,8.149351598883926295e-02,7.555624553800366350e-01
2.750000000000000014e-02,6.697044541516332383e-02,7.354056835796707325e-01
2.999999999999999889e-02,5.615955049899285650e-02,7.152489117793049411e-01
3.250000000000000111e-02,4.787599654580323993e-02,6.950921399789390387e-01
3.500000000000000333e-02,4.137918752442766579e-02,6.749353681785731363e-01
3.749999999999999861e-02,3.618539488174406238e-02,6.547785963782072338e-01
4.000000000000000083e-02,3.196481680549304732e-02,6.346218245778413314e-01
4.250000000000000305e-02,2.848740959851622789e-02,6.144650527774754289e-01
4.499999999999999833e-02,2.558696530531584523e-02,5.943082809771096375e-01
4.750000000000000056e-02,2.314225911816468473e-02,5.741515091767437351e-01
5.000000000000000278e-02,2.106179714883487514e-02,5.539947373763778327e-01
5.249999999999999806e-02,1.927667184886652438e-02,5.290716399258563740e-01
5.500000000000000028e-02,1.773301412300597873e-02,5.041485424753348044e-01
5.750000000000000250e-02,1.638928692496085388e-02,4.792254450248133457e-01
5.999999999999999778e-02,1.521203611070308208e-02,4.543023475742918871e-01
6.250000000000000000e-02,1.417501867135022645e-02,4.293792501237703174e-01
6.500000000000000222e-02,1.325653446369047528e-02,4.044561526732488033e-01
6.750000000000000444e-02,1.243935205429069421e-02,3.795330552227272891e-01
7.000000000000000666e-02,1.170887514083000618e-02,3.546099577722057195e-01
7.249999999999999500e-02,1.105341965404779692e-02,3.296868603216843718e-01
7.499999999999999722e-02,1.046286027980758600e-02,3.047637628711628022e-01
7.749999999999999944e-02,9.929055734621819104e-03,2.840900127291018928e-01
8.000000000000000167e-02,9.444793232268731964e-03,2.634162625870410390e-01
8.250000000000000389e-02,9.004266150367284949e-03,2.427425124449801297e-01
8.500000000000000611e-02,8.602216137638856244e-03,2.220687623029192481e-01
8.750000000000000833e-02,8.234417308057238524e-03,2.013950121608583665e-01
8.999999999999999667e-02,7.896957175814657559e-03,1.807212620187975682e-01
9.249999999999999889e-02,7.586705691617671998e-03,1.600475118767366867e-01
9.500000000000000111e-02,7.300698496258658729e-03,1.393737617346758051e-01
9.750000000000000333e-02,7.036581157303487162e-03,1.187000115926149235e-01
1.000000000000000056e-01,6.792070879262035454e-03,9.802626145055401419e-02
1.025000000000000078e-01,6.565372388830600404e-03,8.822363530549860722e-02
1.049999999999999961e-01,6.354701771179909787e-03,7.842100916044324188e-02
1.074999999999999983e-01,6.158673527352540901e-03,6.861838301538783491e-02
1.100000000000000006e-01,5.975874898355028331e-03,5.881575687033242100e-02
1.125000000000000028e-01,5.805225131790657175e-03,4.901313072527700709e-02
1.150000000000000050e-01,5.645591702447736414e-03,3.921050458022160012e-02
1.175000000000000072e-01,5.496123517784477081e-03,2.940787843516617928e-02
1.199999999999999956e-01,5.355902498724487114e-03,1.960525229011082782e-02
1.224999999999999978e-01,5.224252713065262628e-03,9.802626145055420848e-03
1.250000000000000000e-01,5.100422214502794288e-03,0.000000000000000000e+00
1.275000000000000022e-01,4.983870126475984687e-03,0.000000000000000000e+00
1.300000000000000044e-01,4.873974669745976228e-03,0.000000000000000000e+00
1.325000000000000067e-01,4.770300138644395331e-03,0.000000000000000000e+00
1.350000000000000089e-01,4.672327811049933367e-03,0.000000000000000000e+00
1.375000000000000111e-01,4.579704625466352735e-03,0.000000000000000000e+00
1.400000000000000133e-01,4.491994245669193343e-03,0.000000000000000000e+00
1.425000000000000155e-01,4.408909093586564631e-03,0.000000000000000000e+00
1.449999999999999900e-01,4.330079288418221296e-03,0.000000000000000000e+00
1.474999999999999922e-01,4.255269534563235583e-03,0.000000000000000000e+00
1.499999999999999944e-01,4.184164007668300655e-03,0.000000000000000000e+00
1.524999999999999967e-01,4.116569447884726313e-03,0.000000000000000000e+00
1.549999999999999989e-01,4.052214347664406108e-03,0.000000000000000000e+00
1.575000000000000011e-01,3.990939462672079240e-03,0.000000000000000000e+00
1.600000000000000033e-01,3.932509885386748991e-03,0.000000000000000000e+00
1.625000000000000056e-01,3.876794060627086064e-03,0.000000000000000000e+00
1.650000000000000078e-01,3.823587517400077462e-03,0.000000000000000000e+00
1.675000000000000100e-01,3.772781363357044764e-03,0.000000000000000000e+00
1.700000000000000122e-01,3.724196603792892784e-03,0.000000000000000000e+00
1.725000000000000144e-01,3.677742988842925415e-03,0.000000000000000000e+00
1.750000000000000167e-01,3.633262979704014912e-03,0.000000000000000000e+00
1.774999999999999911e-01,3.590681733059886312e-03,0.000000000000000000e+00
1.799999999999999933e-01,3.549859885462755462e-03,0.000000000000000000e+00
1.824999999999999956e-01,3.510735380263619275e-03,0.000000000000000000e+00
1.849999999999999978e-01,3.473184335499530321e-03,0.000000000000000000e+00
1.875000000000000000e-01,3.437155348411690455e-03,0.000000000000000000e+00
1.900000000000000022e-01,3.402537793100527275e-03,0.000000000000000000e+00
1.925000000000000044e-01,3.369289175512384278e-03,0.000000000000000000e+00
1.950000000000000067e-01,3.337310276892166763e-03,0.000000000000000000e+00
1.975000000000000089e-01,3.306566076963626810e-03,0.000000000000000000e+00
2.000000000000000111e-01,3.276967219681522527e-03,0.000000000000000000e+00
2.025000000000000133e-01,3.248484973370793089e-03,0.000000000000000000e+00
2.050000000000000155e-01,3.221038547957115299e-03,0.000000000000000000e+00
2.075000000000000178e-01,3.194604517308359103e-03,0.000000000000000000e+00
2.099999999999999922e-01,3.169109563210823280e-03,0.000000000000000000e+00
2.124999999999999944e-01,3.144534746406742881e-03,0.000000000000000000e+00
2.149999999999999967e-01,3.120813293077661591e-03,0.000000000000000000e+00
2.174999999999999989e-01,3.097930066515628984e-03,0.000000000000000000e+00
2.200000000000000011e-01,3.075824047579960377e-03,0.000000000000000000e+00
2.225000000000000033e-01,3.054483328069009657e-03,0.000000000000000000e+00
2.250000000000000056e-01,3.033851968219274022e-03,0.000000000000000000e+00
2.275000000000000078e-01,3.013920805208188548e-03,0.000000000000000000e+00
2.300000000000000100e-01,2.994638398825262733e-03,0.000000000000000000e+00
2.325000000000000122e-01,2.975997923753914698e-03,0.000000000000000000e+00
2.350000000000000144e-01,2.957951939538383621e-03,0.000000000000000000e+00
2.375000000000000167e-01,2.940495613026602138e-03,0.000000000000000000e+00
2.399999999999999911e-01,2.923585071077287965e-03,0.000000000000000000e+00
2.424999999999999933e-01,2.907217179509984702e-03,0.000000000000000000e+00
2.449999999999999956e-01,2.891351256987678437e-03,0.000000000000000000e+00
2.474999999999999978e-01,2.875985618747418059e-03,0.000000000000000000e+00
2.500000000000000000e-01,2.861082448049237503e-03,0.000000000000000000e+00
2.525000000000000022e-01,2.846641296633108716e-03,0.000000000000000000e+00
2.550000000000000044e-01,2.832626926286053917e-03,0.000000000000000000e+00
2.575000000000000067e-01,2.819039943195443369e-03,0.000000000000000000e+00
2.600000000000000089e-01,2.805847436765465577e-03,0.000000000000000000e+00
2.625000000000000111e-01,2.793050911643162049e-03,0.000000000000000000e+00
2.650000000000000133e-01,2.780619564097650768e-03,0.000000000000000000e+00
2.675000000000000155e-01,2.768555663330354855e-03,0.000000000000000000e+00
2.700000000000000178e-01,2.756830317675826227e-03,0.000000000000000000e+00
2.725000000000000200e-01,2.745446445740727225e-03,0.000000000000000000e+00
2.750000000000000222e-01,2.734376895531861074e-03,0.000000000000000000e+00
2.775000000000000244e-01,2.723625135885825947e-03,0.000000000000000000e+00
2.800000000000000266e-01,2.713165601492372857e-03,0.000000000000000000e+00
2.825000000000000289e-01,2.703002225876880056e-03,0.000000000000000000e+00
2.850000000000000311e-01,2.693110894278774592e-03,0.000000000000000000e+00
2.875000000000000333e-01,2.683495931038834721e-03,0.000000000000000000e+00
2.899999999999999800e-01,2.674134550495717039e-03,0.000000000000000000e+00
2.924999999999999822e-01,2.665031403935211231e-03,0.000000000000000000e+00
2.949999999999999845e-01,2.656164926173890106e-03,0.000000000000000000e+00
2.974999999999999867e-01,2.647540040168351594e-03,0.000000000000000000e+00
2.999999999999999889e-01,2.639136303827907971e-03,0.000000000000000000e+00
3.024999999999999911e-01,2.630958863906799478e-03,0.000000000000000000e+00
3.049999999999999933e-01,2.622988313891427749e-03,0.000000000000000000e+00
3.074999999999999956e-01,2.615229982844082760e-03,0.000000000000000000e+00
3.099999999999999978e-01,2.607665421003053062e-03,0.000000000000000000e+00
3.125000000000000000e-01,2.600300103764943520e-03,0.000000000000000000e+00
3.150000000000000022e-01,2.593116466964895048e-03,0.000000000000000000e+00
3.175000000000000044e-01,2.586120101135142273e-03,0.000000000000000000e+00
3.200000000000000067e-01,2.579294263339551325e-03,0.000000000000000000e+00
3.225000000000000089e-01,2.572644632185112652e-03,0.000000000000000000e+00
3.250000000000000111e-01,2.566155227615806930e-03,0.000000000000000000e+00
3.275000000000000133e-01,2.559831792846181328e-03,0.000000000000000000e+00
3.300000000000000155e-01,2.553659057701212088e-03,0.000000000000000000e+00
3.325000000000000178e-01,2.547642809658512246e-03,0.000000000000000000e+00
3.350000000000000200e-01,2.541768440191431722e-03,0.000000000000000000e+00
3.375000000000000222e-01,2.536041763415550557e-03,0.000000000000000000e+00
3.400000000000000244e-01,2.530448788473231396e-03,0.000000000000000000e+00
3.425000000000000266e-01,2.524995340861897232e-03,0.000000000000000000e+00
3.450000000000000289e-01,2.519668007219958653e-03,0.000000000000000000e+00
3.475000000000000311e-01,2.514472611237543887e-03,0.000000000000000000e+00
3.500000000000000333e-01,2.509396280286784776e-03,0.000000000000000000e+00
3.524999999999999800e-01,2.504444824865822549e-03,0.000000000000000000e+00
3.549999999999999822e-01,2.499605879382298980e-03,0.000000000000000000e+00
3.574999999999999845e-01,2.494885231335247904e-03,0.000000000000000000e+00
3.599999999999999867e-01,2.490270991224790339e-03,0.000000000000000000e+00
3.624999999999999889e-01,2.485768915124777351e-03,0.000000000000000000e+00
3.649999999999999911e-01,2.481367561169723918e-03,0.000000000000000000e+00
3.674999999999999933e-01,2.477072646789110419e-03,0.000000000000000000e+00
3.699999999999999956e-01,2.472873151536869422e-03,0.000000000000000000e+00
3.724999999999999978e-01,2.468774748037378536e-03,0.000000000000000000e+00
3.750000000000000000e-01,2.464766813079731327e-03,0.000000000000000000e+00
3.775000000000000022e-01,2.460854969249071794e-03,0.000000000000000000e+00
3.800000000000000044e-01,2.457028968223803206e-03,0.000000000000000000e+00
3.825000000000000067e-01,2.453294378128560108e-03,0.000000000000000000e+00
3.850000000000000089e-01,2.449641304854639160e-03,0.000000000000000000e+00
3.875000000000000111e-01,2.446075258357344011e-03,0.000000000000000000e+00
3.900000000000000133e-01,2.442586679582452874e-03,0.000000000000000000e+00
3.925000000000000155e-01,2.439181017232039915e-03,0.000000000000000000e+00
3.950000000000000178e-01,2.435849029529065304e-03,0.000000000000000000e+00
3.975000000000000200e-01,2.432596101386633007e-03,0.000000000000000000e+00
4.000000000000000222e-01,2.429413291788368266e-03,0.000000000000000000e+00
4.025000000000000244e-01,2.426305919802689871e-03,0.000000000000000000e+00
4.050000000000000266e-01,2.423265329808200249e-03,0.000000000000000000e+00
4.075000000000000289e-01,2.420296773394315336e-03,0.000000000000000000e+00
4.100000000000000311e-01,2.417391866021156768e-03,0.000000000000000000e+00
4.125000000000000333e-01,2.414555790533800400e-03,0.000000000000000000e+00
4.150000000000000355e-01,2.411780420125552056e-03,0.000000000000000000e+00
4.174999999999999822e-01,2.409070867954397292e-03,0.000000000000000000e+00
4.199999999999999845e-01,2.406419252482303647e-03,0.000000000000000000e+00
4.224999999999999867e-01,2.403830616520212949e-03,0.000000000000000000e+00
4.249999999999999889e-01,2.401297312146792508e-03,0.000000000000000000e+00
4.274999999999999911e-01,2.398824311413061492e-03,0.000000000000000000e+00
4.299999999999999933e-01,2.396404189109323669e-03,0.000000000000000000e+00
4.324999999999999956e-01,2.394041846329011611e-03,0.000000000000000000e+00
4.349999999999999978e-01,2.391730070356866498e-03,0.000000000000000000e+00
4.375000000000000000e-01,2.389473691319452670e-03,0.000000000000000000e+00
4.400000000000000022e-01,2.387265699412989290e-03,0.000000000000000000e+00
4.425000000000000044e-01,2.385110853949981222e-03,0.000000000000000000e+00
4.450000000000000067e-01,2.383002339041380858e-03,0.000000000000000000e+00
4.475000000000000089e-01,2.380944843481158472e-03,0.000000000000000000e+00
4.500000000000000111e-01,2.378931736838268279e-03,0.000000000000000000e+00
4.525000000000000133e-01,2.376967637805825744e-03,0.000000000000000000e+00
4.550000000000000155e-01,2.375046093455461700e-03,0.000000000000000000e+00
4.575000000000000178e-01,2.373171652903168904e-03,0.000000000000000000e+00
4.600000000000000200e-01,2.371338033231383102e-03,0.000000000000000000e+00
4.625000000000000222e-01,2.369549714592821855e-03,0.000000000000000000e+00
4.650000000000000244e-01,2.367800577019758129e-03,0.000000000000000000e+00
4.675000000000000266e-01,2.366095032393243820e-03,0.000000000000000000e+00
4.700000000000000289e-01,2.364427117033520570e-03,0.000000000000000000e+00
4.725000000000000311e-01,2.362801175307081229e-03,0.000000000000000000e+00
4.750000000000000333e-01,2.361211393531849247e-03,0.000000000000000000e+00
4.775000000000000355e-01,2.359662049373196721e-03,0.000000000000000000e+00
4.799999999999999822e-01,2.358147473200700953e-03,0.000000000000000000e+00
4.824999999999999845e-01,2.356671876838407290e-03,0.000000000000000000e+00
4.849999999999999867e-01,2.355229729084585156e-03,0.000000000000000000e+00
4.874999999999999889e-01,2.353825176819183788e-03,0.000000000000000000e+00
4.899999999999999911e-01,2.352452821945744208e-03,0.000000000000000000e+00
4.924999999999999933e-01,2.351116747329475096e-03,0.000000000000000000e+00
4.949999999999999956e-01,2.349811682935359133e-03,0.000000000000000000e+00
4.974999999999999978e-01,2.348541648568337487e-03,0.000000000000000000e+00
5.000000000000000000e-01,2.347301497472328510e-03,0.000000000000000000e+00
5.025000000000000577e-01,2.346095187365841890e-03,0.000000000000000000e+00
5.050000000000000044e-01,2.344917690233927487e-03,0.000000000000000000e+00
5.075000000000000622e-01,2.343772902697033485e-03,0.000000000000000000e+00
5.100000000000000089e-01,2.342655911172412172e-03,0.000000000000000000e+00
5.124999999999999556e-01,2.341570552180791392e-03,0.000000000000000000e+00
5.150000000000000133e-01,2.340512022476941203e-03,0.000000000000000000e+00
5.174999999999999600e-01,2.339484099487575477e-03,0.000000000000000000e+00
5.200000000000000178e-01,2.338482086410917284e-03,0.000000000000000000e+00
5.224999999999999645e-01,2.337509702587846610e-03,0.000000000000000000e+00
5.250000000000000222e-01,2.336562353954214823e-03,0.000000000000000000e+00
5.274999999999999689e-01,2.335643702775313298e-03,0.000000000000000000e+00
5.300000000000000266e-01,2.334749254195425672e-03,0.000000000000000000e+00
5.324999999999999734e-01,2.333882614410687055e-03,0.000000000000000000e+00
5.350000000000000311e-01,2.333039384411711090e-03,0.000000000000000000e+00
5.374999999999999778e-01,2.332223115328489835e-03,0.000000000000000000e+00
5.400000000000000355e-01,2.331429500791876164e-03,0.000000000000000000e+00
5.424999999999999822e-01,2.330662037862132104e-03,0.000000000000000000e+00
5.450000000000000400e-01,2.329916509751329707e-03,0.000000000000000000e+00
5.474999999999999867e-01,2.329196360438730469e-03,0.000000000000000000e+00
5.500000000000000444e-01,2.328497459797559520e-03,0.000000000000000000e+00
5.524999999999999911e-01,2.327823199705461067e-03,0.000000000000000000e+00
5.550000000000000488e-01,2.327169533907168068e-03,0.000000000000000000e+00
5.574999999999999956e-01,2.326539803147662389e-03,0.000000000000000000e+00
5.600000000000000533e-01,2.325930042377292572e-03,0.000000000000000000e+00
5.625000000000000000e-01,2.325343542165300616e-03,0.000000000000000000e+00
5.650000000000000577e-01,2.324776416117539050e-03,0.000000000000000000e+00
5.675000000000000044e-01,2.324231905572959021e-03,0.000000000000000000e+00
5.700000000000000622e-01,2.323706200353356337e-03,0.000000000000000000e+00
5.725000000000000089e-01,2.323202493498484171e-03,0.000000000000000000e+00
5.750000000000000666e-01,2.322717048710043995e-03,0.000000000000000000e+00
5.775000000000000133e-01,2.322253011647300129e-03,0.000000000000000000e+00
5.799999999999999600e-01,2.321806717653958005e-03,0.000000000000000000e+00
5.825000000000000178e-01,2.321381265912311666e-03,0.000000000000000000e+00
5.849999999999999645e-01,2.320973061263765808e-03,0.000000000000000000e+00
5.875000000000000222e-01,2.320585157302437578e-03,0.000000000000000000e+00
5.899999999999999689e-01,2.320214026311220694e-03,0.000000000000000000e+00
5.925000000000000266e-01,2.319862677170091494e-03,0.000000000000000000e+00
5.949999999999999734e-01,2.319527647630839195e-03,0.000000000000000000e+00
5.975000000000000311e-01,2.319211902717512996e-03,0.000000000000000000e+00
5.999999999999999778e-01,2.318912043757491350e-03,0.000000000000000000e+00
6.025000000000000355e-01,2.318630992763117717e-03,0.000000000000000000e+00
6.049999999999999822e-01,2.318365412818601101e-03,0.000000000000000000e+00
6.075000000000000400e-01,2.318118183751158041e-03,0.000000000000000000e+00
6.099999999999999867e-01,2.317886028655674960e-03,0.000000000000000000e+00
6.125000000000000444e-01,2.317671785987277314e-03,0.000000000000000000e+00
6.149999999999999911e-01,2.317472237172143144e-03,0.000000000000000000e+00
6.175000000000000488e-01,2.317290180089576559e-03,0.000000000000000000e+00
6.199999999999999956e-01,2.317122452882838021e-03,0.000000000000000000e+00
6.225000000000000533e-01,2.316971813636307768e-03,0.000000000000000000e+00
6.250000000000000000e-01,2.316835155657248971e-03,0.000000000000000000e+00
6.275000000000000577e-01,2.316715198000759892e-03,0.000000000000000000e+00
6.300000000000000044e-01,2.316608887643271334e-03,0.000000000000000000e+00
6.325000000000000622e-01,2.316518905360664959e-03,0.000000000000000000e+00
6.350000000000000089e-01,2.316442250359827208e-03,0.000000000000000000e+00
6.375000000000000666e-01,2.316381565872014780e-03,0.000000000000000000e+00
6.400000000000000133e-01,2.316333901948099388e-03,0.000000000000000000e+00
6.424999999999999600e-01,2.316301864995016797e-03,0.000000000000000000e+00
6.450000000000000178e-01,2.316282554572063421e-03,0.000000000000000000e+00
6.474999999999999645e-01,2.316278540966084168e-03,0.000000000000000000e+00
6.500000000000000222e-01,2.316286971957637504e-03,0.000000000000000000e+00
6.524999999999999689e-01,2.316310382403573894e-03,0.000000000000000000e+00
6.550000000000000266e-01,2.316345967063983616e-03,0.000000000000000000e+00
6.574999999999999734e-01,2.316396226041343275e-03,0.000000000000000000e+00
6.600000000000000311e-01,2.316458399877566361e-03,0.000000000000000000e+00
6.624999999999999778e-01,2.316534954581817105e-03,0.000000000000000000e+00
6.650000000000000355e-01,2.316623175322064451e-03,0.000000000000000000e+00
6.674999999999999822e-01,2.316725494661262853e-03,0.000000000000000000e+00
6.700000000000000400e-01,2.316839241277595350e-03,0.000000000000000000e+00
6.724999999999999867e-01,2.316966814920649789e-03,0.000000000000000000e+00
6.750000000000000444e-01,2.317105586701708343e-03,0.000000000000000000e+00
6.774999999999999911e-01,2.317257924176611625e-03,0.000000000000000000e+00
6.800000000000000488e-01,2.317421239848187816e-03,0.000000000000000000e+00
6.824999999999999956e-01,2.317597869684768011e-03,0.000000000000000000e+00
6.850000000000000533e-01,2.317785266575355697e-03,0.000000000000000000e+00
6.875000000000000000e-01,2.317985735493204805e-03,0.000000000000000000e+00
6.900000000000000577e-01,2.318196768741015955e-03,0.000000000000000000e+00
6.925000000000000044e-01,2.318420640877227445e-03,0.000000000000000000e+00
6.950000000000000622e-01,2.318654882677661719e-03,0.000000000000000000e+00
6.975000000000000089e-01,2.318901738853559446e-03,0.000000000000000000e+00
7.000000000000000666e-01,2.319158777744185444e-03,0.000000000000000000e+00
7.025000000000000133e-01,2.319428214768439692e-03,1.269211076230094626e-04
7.049999999999999600e-01,2.319707654949070517e-03,2.538422152460189252e-04
7.075000000000000178e-01,2.319999284955358461e-03,3.807633228690340257e-04
7.099999999999999645e-01,2.320300745641701995e-03,5.076844304920434883e-04
7.125000000000000222e-01,2.320614195458612760e-03,6.346055381150585888e-04
7.149999999999999689e-01,2.320937310267691227e-03,7.615266457380680514e-04
7.175000000000000266e-01,2.321272220819798737e-03,8.884477533610831519e-04
7.199999999999999734e-01,2.321616637184162509e-03,1.015368860984092615e-03
7.225000000000000311e-01,2.321972662920848262e-03,1.142289968607107607e-03
7.249999999999999778e-01,2.322338041533362867e-03,1.269211076230117178e-03
7.275000000000000355e-01,2.322714849886841921e-03,1.612940951443069286e-03
7.299999999999999822e-01,2.323100864169013943e-03,1.956670826656015539e-03
7.325000000000000400e-01,2.323498135036673913e-03,2.300400701868977188e-03
7.349999999999999867e-01,2.323904470634816609e-03,2.644130577081923658e-03
7.375000000000000444e-01,2.324321895886795591e-03,2.987860452294885741e-03
7.399999999999999911e-01,2.324748250190446664e-03,3.331590327507832211e-03
7.425000000000000488e-01,2.325185533200489416e-03,3.675320202720793426e-03
7.449999999999999956e-01,2.325631614884155190e-03,4.019050077933739896e-03
7.475000000000000533e-01,2.326088470082365856e-03,4.362779953146701979e-03
7.500000000000000000e-01,2.326553998668322385e-03,4.706509828359648449e-03
7.525000000000000577e-01,2.327030151114201344e-03,5.073785297936323976e-03
7.550000000000000044e-01,2.327514856556031110e-03,5.441060767512983024e-03
7.575000000000000622e-01,2.328010041532014521e-03,5.808336237089658551e-03
7.600000000000000089e-01,2.328513663816491729e-03,6.175611706666317598e-03
7.625000000000000666e-01,2.329027626439481025e-03,6.542887176242993125e-03
7.650000000000000133e-01,2.329549915207689351e-03,6.910162645819652172e-03
7.675000000000000711e-01,2.330082410059119286e-03,7.277438115396327699e-03
7.700000000000000178e-01,2.330623124243760662e-03,7.644713584972986746e-03
7.724999999999999645e-01,2.331173915015337991e-03,8.011989054549646661e-03
7.750000000000000222e-01,2.331732822495553858e-03,8.379264524126321320e-03
7.774999999999999689e-01,2.332301681652085637e-03,8.569056544989938837e-03
7.800000000000000266e-01,2.332878558922873730e-03,8.758848565853566762e-03
7.824999999999999734e-01,2.333465267379232749e-03,8.948640586717184278e-03
7.850000000000000311e-01,2.334059899235944261e-03,9.138432607580812203e-03
7.874999999999999778e-01,2.334664246049705533e-03,9.328224628444429720e-03
7.900000000000000355e-01,2.335276425286764417e-03,9.518016649308055910e-03
7.924999999999999822e-01,2.335898207362676390e-03,9.707808670171675161e-03
7.950000000000000400e-01,2.336527734485455664e-03,9.897600691035301351e-03
7.974999999999999867e-01,2.337166756294590218e-03,1.008739271189892060e-02
8.000000000000000444e-01,2.337813439243828593e-03,1.027718473276254679e-02
8.024999999999999911e-01,2.338469512553940834e-03,1.020454922828172364e-02
8.050000000000000488e-01,2.339133166442169259e-03,1.013191372380089703e-02
8.074999999999999956e-01,2.339806110060698233e-03,1.005927821932007388e-02
8.100000000000000533e-01,2.340486556920526318e-03,9.986642714839247259e-03
8.125000000000000000e-01,2.341176196447530486e-03,9.914007210358422376e-03
8.150000000000000577e-01,2.341873264990169956e-03,9.841371705877595757e-03
8.175000000000000044e-01,2.342579432583113443e-03,9.768736201396772609e-03
8.200000000000000622e-01,2.343292957967823848e-03,9.696100696915945991e-03
8.225000000000000089e-01,2.344015492115813885e-03,9.623465192435122842e-03
8.250000000000000666e-01,2.344745315728754415e-03,9.550829687954296224e-03
8.275000000000000133e-01,2.345484061036418651e-03,9.268307412240391063e-03
8.300000000000000711e-01,2.346230030279319347e-03,8.985785136526472025e-03
8.325000000000000178e-01,2.346984837259636497e-03,8.703262860812566865e-03
8.349999999999999645e-01,2.347746805347095816e-03,8.420740585098661704e-03
8.375000000000000222e-01,2.348517530223597286e-03,8.138218309384744401e-03
8.399999999999999689e-01,2.349295355988805650e-03,7.855696033670837505e-03
8.425000000000000266e-01,2.350081860505980665e-03,7.573173757956920202e-03
8.449999999999999734e-01,2.350875408214756369e-03,7.290651482243015041e-03
8.475000000000000311e-01,2.351677559455389067e-03,7.008129206529096003e-03
8.499999999999999778e-01,2.352486698627988780e-03,6.725606930815190843e-03
8.525000000000000355e-01,2.353304368838929957e-03,6.379532761798128310e-03
8.549999999999999822e-01,2.354128974079652045e-03,6.033458592781077920e-03
8.575000000000000400e-01,2.354962040504736225e-03,5.687384423764011918e-03
8.599999999999999867e-01,2.355801991337116378e-03,5.341310254746962395e-03
8.625000000000000444e-01,2.356650336056813518e-03,4.995236085729896393e-03
8.649999999999999911e-01,2.357505516767209944e-03,4.649161916712846003e-03
8.675000000000000488e-01,2.358369026545125390e-03,4.303087747695780868e-03
8.699999999999999956e-01,2.359239326031423601e-03,3.957013578678730478e-03
8.725000000000000533e-01,2.360117892166199976e-03,3.610939409661664476e-03
8.750000000000000000e-01,2.361003203794096589e-03,3.264865240644614520e-03
8.775000000000000577e-01,2.361896721977996098e-03,3.014847741292020575e-03
8.800000000000000044e-01,2.362796943440945933e-03,2.764830241939437473e-03
8.825000000000000622e-01,2.363705313624616527e-03,2.514812742586843095e-03
8.850000000000000089e-01,2.364620346811774614e-03,2.264795243234259993e-03
8.875000000000000666e-01,2.365543473072712413e-03,2.014777743881666049e-03
8.900000000000000133e-01,2.366473223940541472e-03,1.764760244529082946e-03
8.925000000000000711e-01,2.367411014359015534e-03,1.514742745176489002e-03
8.950000000000000178e-01,2.368355392808821434e-03,1.264725245823905900e-03
8.974999999999999645e-01,2.369307759346832992e-03,1.014707746471322797e-03
9.000000000000000222e-01,2.370266679106214185e-03,7.646902471187287447e-04
9.024999999999999689e-01,2.371233537492476676e-03,6.882212224068576158e-04
9.050000000000000266e-01,2.372206916002896331e-03,6.117521976949830175e-04
9.074999999999999734e-01,2.373188185621949702e-03,5.352831729831117802e-04
9.100000000000000311e-01,2.374175943929278127e-03,4.588141482712372360e-04
9.124999999999999778e-01,2.375171547714774282e-03,3.823451235593660529e-04
9.150000000000000355e-01,2.376173610365549856e-03,3.058760988474915087e-04
9.174999999999999822e-01,2.377183474697674125e-03,2.294070741356203256e-04
9.200000000000000400e-01,2.378199769637707843e-03,1.529380494237457273e-04
9.224999999999999867e-01,2.379223824245335368e-03,7.646902471187459836e-05
9.250000000000000444e-01,2.380254282723881249e-03,0.000000000000000000e+00
9.274999999999999911e-01,2.381292460589567919e-03,0.000000000000000000e+00
9.300000000000000488e-01,2.382337017066260727e-03,0.000000000000000000e+00
9.324999999999999956e-01,2.383389254335329787e-03,0.000000000000000000e+00
9.350000000000000533e-01,2.384447846391271348e-03,0.000000000000000000e+00
9.375000000000000000e-01,2.385514082284727680e-03,0.000000000000000000e+00
9.400000000000000577e-01,2.386586650536020020e-03,0.000000000000000000e+00
9.425000000000000044e-01,2.387666827266181867e-03,0.000000000000000000e+00
9.450000000000000622e-01,2.388753315282200491e-03,0.000000000000000000e+00
9.475000000000000089e-01,2.389847377972015297e-03,0.000000000000000000e+00
9.500000000000000666e-01,2.390947732195608869e-03,0.000000000000000000e+00
9.525000000000000133e-01,2.392055628800776775e-03,0.000000000000000000e+00
9.550000000000000711e-01,2.393169798472271053e-03,0.000000000000000000e+00
9.575000000000000178e-01,2.394291479706543799e-03,0.000000000000000000e+00
9.599999999999999645e-01,2.395419416789655934e-03,0.000000000000000000e+00
9.625000000000000222e-01,2.396554836053043595e-03,0.000000000000000000e+00
9.649999999999999689e-01,2.397696495165424230e-03,0.000000000000000000e+00
9.675000000000000266e-01,2.398845608474523515e-03,0.000000000000000000e+00
9.699999999999999734e-01,2.400000946818399948e-03,0.000000000000000000e+00
9.725000000000000311e-01,2.401163712740184142e-03,0.000000000000000000e+00
9.749999999999999778e-01,2.402332690038230193e-03,0.000000000000000000e+00
9.775000000000000355e-01,2.403509069625605916e-03,0.000000000000000000e+00
9.799999999999999822e-01,2.404691648056801398e-03,0.000000000000000000e+00
9.825000000000000400e-01,2.405881604787375467e-03,0.000000000000000000e+00
9.849999999999999867e-01,2.407077748927434480e-03,0.000000000000000000e+00
9.875000000000000444e-01,2.408281248643426992e-03,0.000000000000000000e+00
9.899999999999999911e-01,2.409490925405771786e-03,0.000000000000000000e+00
9.925000000000000488e-01,2.410707936257422933e-03,0.000000000000000000e+00
9.949999999999999956e-01,2.411931114837390869e-03,0.000000000000000000e+00
9.975000000000000533e-01,2.413161607227553001e-03,0.000000000000000000e+00
1.000000000000000000e+00,2.414398259048143938e-03,0.000000000000000000e+00
1.002499999999999947e+00,2.415642205579526455e-03,0.000000000000000000e+00
1.005000000000000115e+00,2.416892304239581356e-03,0.000000000000000000e+00
1.007500000000000062e+00,2.418149679663616700e-03,0.000000000000000000e+00
1.010000000000000009e+00,2.419413200887388354e-03,0.000000000000000000e+00
1.012499999999999956e+00,2.420683982054898202e-03,0.000000000000000000e+00
1.015000000000000124e+00,2.421960903644116477e-03,0.000000000000000000e+00
1.017500000000000071e+00,2.423245069458280793e-03,0.000000000000000000e+00
1.020000000000000018e+00,2.424535371245322476e-03,0.000000000000000000e+00
1.022499999999999964e+00,2.425832902616125667e-03,0.000000000000000000e+00
1.024999999999999911e+00,2.427136566419509263e-03,0.000000000000000000e+00
1.027500000000000080e+00,2.428447446219581928e-03,3.552669768816463859e-05
1.030000000000000027e+00,2.429764455800851979e-03,7.105339537632927719e-05
1.032499999999999973e+00,2.431088668823417308e-03,1.065800930644939090e-04
1.034999999999999920e+00,2.432419009845901339e-03,1.421067907526585544e-04
1.037500000000000089e+00,2.433756542763957070e-03,1.776334884408263439e-04
1.040000000000000036e+00,2.435100202752137934e-03,2.131601861289909893e-04
1.042499999999999982e+00,2.436451044079423773e-03,2.486868838171556076e-04
1.044999999999999929e+00,2.437808012380700707e-03,2.842135815053202529e-04
1.047500000000000098e+00,2.439172152434014498e-03,3.197402791934880425e-04
1.050000000000000044e+00,2.440542420182050150e-03,3.552669768816526879e-04
1.052499999999999991e+00,2.441919851044572782e-03,5.004739305205618393e-04
1.054999999999999938e+00,2.443303411123236984e-03,6.456808841594709365e-04
1.057500000000000107e+00,2.444694126609723000e-03,7.908878377983929358e-04
1.060000000000000053e+00,2.446090973618573507e-03,9.360947914373021414e-04
1.062500000000000000e+00,2.447494969241820629e-03,1.081301745076211239e-03
1.064999999999999947e+00,2.448905099463370618e-03,1.226508698715120336e-03
1.067500000000000115e+00,2.450322372401339370e-03,1.371715652354042443e-03
1.070000000000000062e+00,2.451745783768791154e-03,1.516922605992951541e-03
1.072500000000000009e+00,2.453176332833779689e-03,1.662129559631860638e-03
1.074999999999999956e+00,2.454613024900772003e-03,1.807336513270769735e-03
1.077500000000000124e+00,2.456056850509084465e-03,2.002427579804431663e-03
1.080000000000000071e+00,2.457506824419697800e-03,2.197518646338076243e-03
1.082500000000000018e+00,2.458963928562908196e-03,2.392609712871720390e-03
1.084999999999999964e+00,2.460427187023270408e-03,2.587700779405364970e-03
1.087500000000000133e+00,2.461897573239692043e-03,2.782791845939026898e-03
1.090000000000000080e+00,2.463374120491084937e-03,2.977882912472671478e-03
1.092500000000000027e+00,2.464857793839856683e-03,3.172973979006316059e-03
1.094999999999999973e+00,2.466347635631829099e-03,3.368065045539960639e-03
1.097499999999999920e+00,2.467844602666271776e-03,3.563156112073605220e-03
1.100000000000000089e+00,2.469347746231356864e-03,3.758247178607266713e-03
1.102500000000000036e+00,2.470858014974822419e-03,3.897141344628867344e-03
1.104999999999999982e+00,2.472374469004215945e-03,4.036035510650468408e-03
1.107499999999999929e+00,2.473898048925427060e-03,4.174929676672069039e-03
1.110000000000000098e+00,2.475427823545524840e-03,4.313823842693681812e-03
1.112500000000000044e+00,2.476964725536190924e-03,4.452718008715282443e-03
1.114999999999999991e+00,2.478507832285830118e-03,4.591612174736883073e-03
1.117499999999999938e+00,2.480058068638140573e-03,4.730506340758484571e-03
1.120000000000000107e+00,2.481614520447229626e-03,4.869400506780097344e-03
1.122500000000000053e+00,2.483178104832471211e-03,5.008294672801697975e-03
1.125000000000000000e+00,2.484747916000631072e-03,5.147188838823298605e-03
1.127499999999999947e+00,2.486324863449261569e-03,5.152297202207531228e-03
1.130000000000000115e+00,2.487908049626196428e-03,5.157405565591763850e-03
1.132500000000000062e+00,2.489498376507743964e-03,5.162513928975996473e-03
1.135000000000000009e+00,2.491094954673292797e-03,5.167622292360228228e-03
1.137499999999999956e+00,2.492698678677333305e-03,5.172730655744460851e-03
1.140000000000000124e+00,2.494308667123812558e-03,5.177839019128694341e-03
1.142500000000000071e+00,2.495925807242302050e-03,5.182947382512926096e-03
1.145000000000000018e+00,2.497549225555799682e-03,5.188055745897158719e-03
1.147499999999999964e+00,2.499179802065081696e-03,5.193164109281391341e-03
1.150000000000000133e+00,2.500816671109116519e-03,5.198272472665623964e-03
1.152500000000000080e+00,2.502460705553660823e-03,5.065571003271683755e-03
1.155000000000000027e+00,2.504111047452157058e-03,4.932869533877743545e-03
1.157499999999999973e+00,2.505768562628225057e-03,4.800168064483802469e-03
1.159999999999999920e+00,2.507432400749823494e-03,4.667466595089862259e-03
1.162500000000000089e+00,2.509103420690146722e-03,4.534765125695909907e-03
1.165000000000000036e+00,2.510780779633569725e-03,4.402063656301969698e-03
1.167499999999999982e+00,2.512465329592391324e-03,4.269362186908029488e-03
1.169999999999999929e+00,2.514156235171724138e-03,4.136660717514089279e-03
1.172500000000000098e+00,2.515854341610802240e-03,4.003959248120136927e-03
1.175000000000000044e+00,2.517558820841227056e-03,3.871257778726196717e-03
1.177499999999999991e+00,2.519270511416269679e-03,3.674087256186448717e-03
1.179999999999999938e+00,2.520988592501285062e-03,3.476916733646700716e-03
1.182500000000000107e+00,2.522713896049032060e-03,3.279746211106935368e-03
1.185000000000000053e+00,2.524445608367345377e-03,3.082575688567187368e-03
1.187500000000000000e+00,2.526184554892758807e-03,2.885405166027439801e-03
1.189999999999999947e+00,2.527929928986530871e-03,2.688234643487691367e-03
1.192500000000000115e+00,2.529682549651424313e-03,2.491064120947926019e-03
1.195000000000000062e+00,2.531441617214206987e-03,2.293893598408178018e-03
1.197500000000000009e+00,2.533207944325300241e-03,2.096723075868430451e-03
1.199999999999999956e+00,2.534980738191214365e-03,1.899552553328682451e-03
1.202500000000000124e+00,2.536760805190483182e-03,1.747882713667673650e-03
1.205000000000000071e+00,2.538547359322878682e-03,1.596212874006682847e-03
1.207500000000000018e+00,2.540341200775266418e-03,1.444543034345691828e-03
1.209999999999999964e+00,2.542141550258524008e-03,1.292873194684701025e-03
1.212500000000000133e+00,2.543949201843697348e-03,1.141203355023696561e-03
1.215000000000000080e+00,2.545763382871160923e-03,9.895335153627055416e-04
1.217500000000000027e+00,2.547584881373443286e-03,8.378636757017147389e-04
1.219999999999999973e+00,2.549412931239902931e-03,6.861938360407237193e-04
1.222499999999999920e+00,2.551248314539600846e-03,5.345239963797329165e-04
1.225000000000000089e+00,2.553090271631772244e-03,3.828541567187283986e-04
1.227500000000000036e+00,2.554939578696425843e-03,3.445687410468562147e-04
1.229999999999999982e+00,2.556795482485150518e-03,3.062833253749840850e-04
1.232499999999999929e+00,2.558658753361792333e-03,2.679979097031119010e-04
1.235000000000000098e+00,2.560528644393717489e-03,2.297124940312363561e-04
1.237500000000000044e+00,2.562405920200996803e-03,1.914270783593641993e-04
1.239999999999999991e+00,2.564289840091678058e-03,1.531416626874920425e-04
1.242499999999999938e+00,2.566181163012637087e-03,1.148562470156198586e-04
1.245000000000000107e+00,2.568079154438884879e-03,7.657083134374431362e-05
1.247500000000000053e+00,2.569984567714312176e-03,3.828541567187218391e-05
1.250000000000000000e+00,2.571896674408299770e-03,0.000000000000000000e+00
1.252499999999999947e+00,2.573816222330099247e-03,0.000000000000000000e+00
1.255000000000000115e+00,2.575742489072257741e-03,0.000000000000000000e+00
1.257500000000000062e+00,2.577676216977629539e-03,0.000000000000000000e+00
1.260000000000000009e+00,2.579616689591674415e-03,0.000000000000000000e+00
1.262499999999999956e+00,2.581564643857062451e-03,0.000000000000000000e+00
1.265000000000000124e+00,2.583519369203686553e-03,0.000000000000000000e+00
1.267500000000000071e+00,2.585481597239921298e-03,0.000000000000000000e+00
1.270000000000000018e+00,2.587450623212088092e-03,0.000000000000000000e+00
1.272499999999999964e+00,2.589427173458939968e-03,0.000000000000000000e+00
1.275000000000000133e+00,2.591410548977044100e-03,0.000000000000000000e+00
1.277500000000000080e+00,2.593401470899390181e-03,0.000000000000000000e+00
1.280000000000000027e+00,2.595399245906591500e-03,0.000000000000000000e+00
1.282499999999999973e+00,2.597404589989025722e-03,0.000000000000000000e+00
1.284999999999999920e+00,2.599416815447285443e-03,0.000000000000000000e+00
1.287500000000000089e+00,2.601436633191070696e-03,0.000000000000000000e+00
1.290000000000000036e+00,2.603463361077447760e-03,0.000000000000000000e+00
1.292499999999999982e+00,2.605497704996547273e-03,0.000000000000000000e+00
1.294999999999999929e+00,2.607538988299470430e-03,0.000000000000000000e+00
1.297500000000000098e+00,2.609587911917056208e-03,0.000000000000000000e+00
1.300000000000000044e+00,2.611643804633450878e-03,0.000000000000000000e+00
1.302499999999999991e+00,2.613707362479176718e-03,0.000000000000000000e+00
1.304999999999999938e+00,2.615777919611120012e-03,0.000000000000000000e+00
1.307500000000000107e+00,2.617856167218341606e-03,0.000000000000000000e+00
1.310000000000000053e+00,2.619941444771018823e-03,0.000000000000000000e+00
1.312500000000000000e+00,2.622034438674484408e-03,0.000000000000000000e+00
1.314999999999999947e+00,2.624134493653733097e-03,0.000000000000000000e+00
1.317500000000000115e+00,2.626242291386945808e-03,0.000000000000000000e+00
1.320000000000000062e+00,2.628357181797004102e-03,0.000000000000000000e+00
1.322500000000000009e+00,2.630479841891218001e-03,0.000000000000000000e+00
1.324999999999999956e+00,2.632609626733304741e-03,0.000000000000000000e+00
1.327500000000000124e+00,2.634747208715214166e-03,8.709473293232448501e-06
1.330000000000000071e+00,2.636891947986137220e-03,1.741894658646489700e-05
1.332500000000000018e+00,2.639044512376960416e-03,2.612841987969734381e-05
1.334999999999999964e+00,2.641204267067635229e-03,3.483789317292979400e-05
1.337500000000000133e+00,2.643371875381928231e-03,4.354736646616301331e-05
1.340000000000000080e+00,2.645546707476787579e-03,5.225683975939546011e-05
1.342500000000000027e+00,2.647729422221912956e-03,6.096631305262791370e-05
1.344999999999999973e+00,2.649919394698224337e-03,6.967578634586036050e-05
1.347499999999999920e+00,2.652117279373432217e-03,7.838525963909280731e-05
1.350000000000000089e+00,2.654322456200825572e-03,8.709473293232602661e-05
1.352500000000000036e+00,2.656535575297520359e-03,2.976209618833682707e-04
1.354999999999999982e+00,2.658756021437484133e-03,5.081471908344104742e-04
1.357499999999999929e+00,2.660984440438929170e-03,7.186734197854527861e-04
1.360000000000000098e+00,2.663220221845993396e-03,9.291996487365136378e-04
1.362500000000000044e+00,2.665464007227310965e-03,1.139725877687555733e-03
1.364999999999999991e+00,2.667715190847983441e-03,1.350252106638598045e-03
1.367499999999999938e+00,2.669974410077160035e-03,1.560778335589640140e-03
1.370000000000000107e+00,2.672241063851760797e-03,1.771304564540701100e-03
1.372500000000000053e+00,2.674515785390122000e-03,1.981830793491743629e-03
1.375000000000000000e+00,2.676797978252901718e-03,2.192357022442785724e-03
1.377499999999999947e+00,2.679088271555940537e-03,2.549626175560298653e-03
1.380000000000000115e+00,2.681386073436383723e-03,2.906895328677843240e-03
1.382500000000000062e+00,2.683692008955182624e-03,3.264164481795356169e-03
1.385000000000000009e+00,2.686005490779132601e-03,3.621433634912869098e-03
1.387499999999999956e+00,2.688327139961308940e-03,3.978702788030382027e-03
1.390000000000000124e+00,2.690656373652861727e-03,4.335971941147926181e-03
1.392500000000000071e+00,2.692993808944998090e-03,4.693241094265439978e-03
1.395000000000000018e+00,2.695338867427805613e-03,5.050510247382952039e-03
1.397499999999999964e+00,2.697692162276573487e-03,5.407779400500465836e-03
1.400000000000000133e+00,2.700053119476035404e-03,5.765048553618009990e-03
1.402500000000000080e+00,2.702422348330621622e-03,6.085574519685835876e-03
1.405000000000000027e+00,2.704799279175897162e-03,6.406100485753661762e-03
1.407499999999999973e+00,2.707184517490077765e-03,6.726626451821487648e-03
1.409999999999999920e+00,2.709577497916751138e-03,7.047152417889313535e-03
1.412500000000000089e+00,2.711978822151853413e-03,7.367678383957167176e-03
1.415000000000000036e+00,2.714387929104122160e-03,7.688204350024993063e-03
1.417499999999999982e+00,2.716805416731094165e-03,8.008730316092818949e-03
1.419999999999999929e+00,2.719230728165149269e-03,8.329256282160645702e-03
1.422500000000000098e+00,2.721664457667639404e-03,8.649782248228498477e-03
1.425000000000000044e+00,2.724106052554029715e-03,8.970308214296325230e-03
1.427499999999999991e+00,2.726556103432237373e-03,9.074451315315004013e-03
1.429999999999999938e+00,2.729014061759777506e-03,9.178594416333684530e-03
1.432500000000000107e+00,2.731480514532702141e-03,9.282737517352371986e-03
1.435000000000000053e+00,2.733954917310902396e-03,9.386880618371052504e-03
1.437500000000000000e+00,2.736437853520545891e-03,9.491023719389731286e-03
1.439999999999999947e+00,2.738928782784645112e-03,9.595166820408410069e-03
1.442500000000000115e+00,2.741428284999448701e-03,9.699309921427099260e-03
1.445000000000000062e+00,2.743935823812839424e-03,9.803453022445778042e-03
1.447500000000000009e+00,2.746451975632123281e-03,9.907596123464456825e-03
1.449999999999999956e+00,2.748976208091386767e-03,1.001173922448313734e-02
1.452500000000000124e+00,2.751509094148606952e-03,9.832901963724568692e-03
1.455000000000000071e+00,2.754050105387184730e-03,9.654064702965989633e-03
1.457500000000000018e+00,2.756599811354965620e-03,9.475227442207412309e-03
1.459999999999999964e+00,2.759157687547835868e-03,9.296390181448834986e-03
1.462500000000000133e+00,2.761724300142292653e-03,9.117552920690240315e-03
1.465000000000000080e+00,2.764299128510293128e-03,8.938715659931662991e-03
1.467500000000000027e+00,2.766882735495593271e-03,8.759878399173083932e-03
1.469999999999999973e+00,2.769474604310543514e-03,8.581041138414506608e-03
1.472499999999999920e+00,2.772075294504024612e-03,8.402203877655929284e-03
1.475000000000000089e+00,2.774684293093699402e-03,8.223366616897334613e-03
1.477500000000000036e+00,2.777302156370758078e-03,7.857246473132089085e-03
1.479999999999999982e+00,2.779928375123772843e-03,7.491126329366844423e-03
1.482499999999999929e+00,2.782563502423369018e-03,7.125006185601599762e-03
1.485000000000000098e+00,2.785207032794684984e-03,6.758886041836322141e-03
1.487500000000000044e+00,2.787859516124612837e-03,6.392765898071077479e-03
1.489999999999999991e+00,2.790520450641491030e-03,6.026645754305831951e-03
1.492499999999999938e+00,2.793190383084151289e-03,5.660525610540586422e-03
1.495000000000000107e+00,2.795868815351122520e-03,5.294405466775309668e-03
1.497500000000000053e+00,2.798556291069503356e-03,4.928285323010064140e-03
1.500000000000000000e+00,2.801252315775003103e-03,4.562165179244819478e-03
1.502499999999999947e+00,2.803957430018276780e-03,4.225385312761229147e-03
1.505000000000000115e+00,2.806671142940415746e-03,3.888605446277609325e-03
1.507500000000000062e+00,2.809393992050775602e-03,3.551825579794019427e-03
1.510000000000000009e+00,2.812125490063958986e-03,3.215045713310429529e-03
1.512499999999999956e+00,2.814866171482245574e-03,2.878265846826839197e-03
1.515000000000000124e+00,2.817615552563284935e-03,2.541485980343219375e-03
1.517500000000000071e+00,2.820374164836372041e-03,2.204706113859629477e-03
1.520000000000000018e+00,2.823141528071370417e-03,1.867926247376039579e-03
1.522499999999999964e+00,2.825918170858561854e-03,1.531146380892449248e-03
1.525000000000000133e+00,2.828703616449719949e-03,1.194366514408829209e-03
1.527500000000000080e+00,2.831498390529556611e-03,1.074929862967948478e-03
1.530000000000000027e+00,2.834302019802445623e-03,9.554932115270676389e-04
1.532499999999999973e+00,2.837115027080204261e-03,8.360565600861867997e-04
1.535000000000000142e+00,2.839936942490542144e-03,7.166199086452954437e-04
1.537500000000000089e+00,2.842768286005643505e-03,5.971832572044146045e-04
1.540000000000000036e+00,2.845608591147075206e-03,4.777466057635338737e-04
1.542499999999999982e+00,2.848458375079791771e-03,3.583099543226530345e-04
1.544999999999999929e+00,2.851317174691811278e-03,2.388733028817721952e-04
1.547500000000000098e+00,2.854185504372065783e-03,1.194366514408807308e-04
1.550000000000000044e+00,2.857062904346776341e-03,0.000000000000000000e+00
1.552499999999999991e+00,2.859949886261358223e-03,0.000000000000000000e+00
1.554999999999999938e+00,2.862845993652695861e-03,0.000000000000000000e+00
1.557500000000000107e+00,2.865751735453536762e-03,0.000000000000000000e+00
1.560000000000000053e+00,2.868666658484561333e-03,0.000000000000000000e+00
1.562500000000000000e+00,2.871591268996653238e-03,0.000000000000000000e+00
1.564999999999999947e+00,2.874525117068284924e-03,0.000000000000000000e+00
1.567500000000000115e+00,2.877468706298919737e-03,0.000000000000000000e+00
1.570000000000000062e+00,2.880421589998090077e-03,0.000000000000000000e+00
1.572500000000000009e+00,2.883384269144969019e-03,0.000000000000000000e+00
1.574999999999999956e+00,2.886356300254019642e-03,0.000000000000000000e+00
1.577500000000000124e+00,2.889338181713623725e-03,0.000000000000000000e+00
1.580000000000000071e+00,2.892329473218763127e-03,0.000000000000000000e+00
1.582500000000000018e+00,2.895330670596520800e-03,0.000000000000000000e+00
1.584999999999999964e+00,2.898341336696603782e-03,0.000000000000000000e+00
1.587500000000000133e+00,2.901361964815259240e-03,0.000000000000000000e+00
1.590000000000000080e+00,2.904392120932053865e-03,0.000000000000000000e+00
1.592500000000000027e+00,2.907432295841006799e-03,0.000000000000000000e+00
1.594999999999999973e+00,2.910482058627844159e-03,0.000000000000000000e+00
1.597500000000000142e+00,2.913541897613038979e-03,0.000000000000000000e+00
1.600000000000000089e+00,2.916611384964857678e-03,0.000000000000000000e+00
1.602500000000000036e+00,2.919691006558551745e-03,0.000000000000000000e+00
1.604999999999999982e+00,2.922780337621430202e-03,0.000000000000000000e+00
1.607499999999999929e+00,2.925879861612076978e-03,0.000000000000000000e+00
1.610000000000000098e+00,2.928989156793757563e-03,0.000000000000000000e+00
1.612500000000000044e+00,2.932108704236330386e-03,0.000000000000000000e+00
1.614999999999999991e+00,2.935238085216177167e-03,0.000000000000000000e+00
1.617499999999999938e+00,2.938377778442339498e-03,0.000000000000000000e+00
1.620000000000000107e+00,2.941527368181577444e-03,0.000000000000000000e+00
1.622500000000000053e+00,2.944687330809874371e-03,0.000000000000000000e+00
1.625000000000000000e+00,2.947857253563044601e-03,0.000000000000000000e+00
1.627499999999999947e+00,2.951037610510774852e-03,0.000000000000000000e+00
1.630000000000000115e+00,2.954227991835588728e-03,0.000000000000000000e+00
1.632500000000000062e+00,2.957428869328189523e-03,0.000000000000000000e+00
1.635000000000000009e+00,2.960639836097227195e-03,0.000000000000000000e+00
1.637499999999999956e+00,2.963861361680835815e-03,0.000000000000000000e+00
1.640000000000000124e+00,2.967093042092355717e-03,0.000000000000000000e+00
1.642500000000000071e+00,2.970335344644383941e-03,0.000000000000000000e+00
1.645000000000000018e+00,2.973587868234353962e-03,0.000000000000000000e+00
1.647499999999999964e+00,2.976851077974955028e-03,0.000000000000000000e+00
1.650000000000000133e+00,2.980124575628100101e-03,0.000000000000000000e+00
1.652500000000000080e+00,2.983408824132580649e-03,0.000000000000000000e+00
1.655000000000000027e+00,2.986703428094397011e-03,0.000000000000000000e+00
1.657499999999999973e+00,2.990008848304791592e-03,0.000000000000000000e+00
1.660000000000000142e+00,2.993324692193602681e-03,0.000000000000000000e+00
1.662500000000000089e+00,2.996651418430163263e-03,0.000000000000000000e+00
1.665000000000000036e+00,2.999988637249821795e-03,0.000000000000000000e+00
1.667499999999999982e+00,3.003336805224796676e-03,0.000000000000000000e+00
1.669999999999999929e+00,3.006695535376348923e-03,0.000000000000000000e+00
1.672500000000000098e+00,3.010065282205353406e-03,0.000000000000000000e+00
1.675000000000000044e+00,3.013445661500517136e-03,0.000000000000000000e+00
1.677499999999999991e+00,3.016837125715795924e-03,0.000000000000000000e+00
1.679999999999999938e+00,3.020239293389401398e-03,0.000000000000000000e+00
1.682500000000000107e+00,3.023652614952885859e-03,0.000000000000000000e+00
1.685000000000000053e+00,3.027076711675668122e-03,0.000000000000000000e+00
1.687500000000000000e+00,3.030512031992289856e-03,0.000000000000000000e+00
1.689999999999999947e+00,3.033958199885252675e-03,0.000000000000000000e+00
1.692500000000000115e+00,3.037415661815687229e-03,0.000000000000000000e+00
1.695000000000000062e+00,3.040884044462571420e-03,0.000000000000000000e+00
1.697500000000000009e+00,3.044363792338025503e-03,0.000000000000000000e+00
1.699999999999999956e+00,3.047854534799879743e-03,0.000000000000000000e+00
1.702500000000000124e+00,3.051356714434957235e-03,0.000000000000000000e+00
1.705000000000000071e+00,3.054869963263422139e-03,0.000000000000000000e+00
1.707500000000000018e+00,3.058394721971022766e-03,0.000000000000000000e+00
1.709999999999999964e+00,3.061930625223103358e-03,0.000000000000000000e+00
1.712500000000000133e+00,3.065478111827926646e-03,0.000000000000000000e+00
1.715000000000000080e+00,3.069036819080187602e-03,0.000000000000000000e+00
1.717500000000000027e+00,3.072607183934007117e-03,0.000000000000000000e+00
1.719999999999999973e+00,3.076188846297513504e-03,0.000000000000000000e+00
1.722500000000000142e+00,3.079782241293599343e-03,0.000000000000000000e+00
1.725000000000000089e+00,3.083387011428328269e-03,0.000000000000000000e+00
1.727500000000000036e+00,3.087003590016630661e-03,0.000000000000000000e+00
1.729999999999999982e+00,3.090631622147036947e-03,0.000000000000000000e+00
1.732499999999999929e+00,3.094271539349535086e-03,0.000000000000000000e+00
1.735000000000000098e+00,3.097922989279720124e-03,0.000000000000000000e+00
1.737500000000000044e+00,3.101586401705647839e-03,0.000000000000000000e+00
1.739999999999999991e+00,3.105261426835107409e-03,0.000000000000000000e+00
1.742499999999999938e+00,3.108948492696752153e-03,0.000000000000000000e+00
1.745000000000000107e+00,3.112647252036335015e-03,0.000000000000000000e+00
1.747500000000000053e+00,3.116358131165296134e-03,0.000000000000000000e+00
1.750000000000000000e+00,3.120080785352975263e-03,0.000000000000000000e+00
1.752499999999999947e+00,3.123815639215976429e-03,0.000000000000000000e+00
1.755000000000000115e+00,3.127562350533549199e-03,0.000000000000000000e+00
1.757500000000000062e+00,3.131321342249498117e-03,0.000000000000000000e+00
1.760000000000000009e+00,3.135092274638926532e-03,0.000000000000000000e+00
1.762499999999999956e+00,3.138875568994975874e-03,0.000000000000000000e+00
1.765000000000000124e+00,3.142670888075415909e-03,0.000000000000000000e+00
1.767500000000000071e+00,3.146478651544597216e-03,0.000000000000000000e+00
1.770000000000000018e+00,3.150298524629363116e-03,0.000000000000000000e+00
1.772499999999999964e+00,3.154130925387414481e-03,0.000000000000000000e+00
1.775000000000000133e+00,3.157975521501823427e-03,0.000000000000000000e+00
1.777500000000000080e+00,3.161832729444831631e-03,0.000000000000000000e+00
1.780000000000000027e+00,3.165702219343256071e-03,0.000000000000000000e+00
1.782499999999999973e+00,3.169584406105339057e-03,0.000000000000000000e+00
1.785000000000000142e+00,3.173478962289425637e-03,0.000000000000000000e+00
1.787500000000000089e+00,3.177386301261224660e-03,0.000000000000000000e+00
1.790000000000000036e+00,3.181306097997961806e-03,0.000000000000000000e+00
1.792499999999999982e+00,3.185238764344437094e-03,0.000000000000000000e+00
1.794999999999999929e+00,3.189183977684740406e-03,0.000000000000000000e+00
1.797500000000000098e+00,3.193142148363979898e-03,0.000000000000000000e+00
1.800000000000000044e+00,3.197112956161456219e-03,0.000000000000000000e+00
1.802499999999999991e+00,3.201096809943146469e-03,3.858947894994029350e-04
1.804999999999999938e+00,3.205093391872789431e-03,7.717895789988058700e-04
1.807500000000000107e+00,3.209103109358338399e-03,1.157684368498242957e-03
1.810000000000000053e+00,3.213125646936624332e-03,1.543579157997646001e-03
1.812500000000000000e+00,3.217161410577772801e-03,1.929473947497048827e-03
1.814999999999999947e+00,3.221210087181041858e-03,2.315368736996451654e-03
1.817500000000000115e+00,3.225272081299985355e-03,2.701263526495889175e-03
1.820000000000000062e+00,3.229347082185290291e-03,3.087158315995292002e-03
1.822500000000000009e+00,3.233435492994422844e-03,3.473053105494694828e-03
1.824999999999999956e+00,3.237537005319281007e-03,3.858947894994097655e-03
1.827500000000000124e+00,3.241652020941804529e-03,4.490548238173077203e-03
1.830000000000000071e+00,3.245780233784901787e-03,5.122148581352023791e-03
1.832500000000000018e+00,3.249922044275338744e-03,5.753748924530968645e-03
1.834999999999999964e+00,3.254077148657140602e-03,6.385349267709915233e-03
1.837500000000000133e+00,3.258245946022247843e-03,7.016949610888917332e-03
1.840000000000000080e+00,3.262428134926166970e-03,7.648549954067862186e-03
1.842500000000000027e+00,3.266624113146274558e-03,8.280150297246808774e-03
1.844999999999999973e+00,3.270833581540026104e-03,8.911750640425753628e-03
1.847500000000000142e+00,3.275056936590357501e-03,9.543350983604755727e-03
1.850000000000000089e+00,3.279293881447635332e-03,1.017495132678370232e-02
1.852500000000000036e+00,3.283544811320713956e-03,1.068660437440958205e-02
1.854999999999999982e+00,3.287809431643479250e-03,1.119825742203546352e-02
1.857499999999999929e+00,3.292088136370610423e-03,1.170991046966134326e-02
1.860000000000000098e+00,3.296380633211222835e-03,1.222156351728726983e-02
1.862500000000000044e+00,3.300687314885652340e-03,1.273321656491314957e-02
1.864999999999999991e+00,3.305007891369486032e-03,1.324486961253903104e-02
1.867499999999999938e+00,3.309342754168870422e-03,1.375652266016491251e-02
1.870000000000000107e+00,3.313691615517762746e-03,1.426817570779083735e-02
1.872500000000000053e+00,3.318054865727582473e-03,1.477982875541671709e-02
1.875000000000000000e+00,3.322432219282685055e-03,1.529148180304259856e-02
1.877499999999999947e+00,3.326824065319742164e-03,1.539167167093901875e-02
1.880000000000000115e+00,3.331230120565713358e-03,1.549186153883544761e-02
1.882500000000000062e+00,3.335650773001898935e-03,1.559205140673186954e-02
1.885000000000000009e+00,3.340085741590516008e-03,1.569224127462828799e-02
1.887499999999999956e+00,3.344535413177353051e-03,1.579243114252470992e-02
1.890000000000000124e+00,3.348999508952156968e-03,1.589262101042113878e-02
1.892500000000000071e+00,3.353478414645051382e-03,1.599281087831756071e-02
1.895000000000000018e+00,3.357971853666436111e-03,1.609300074621397916e-02
1.897499999999999964e+00,3.362480210649782062e-03,1.619319061411040109e-02
1.900000000000000133e+00,3.367003211219535275e-03,1.629338048200682995e-02
1.902500000000000080e+00,3.371541238932192642e-03,1.593319679340505363e-02
1.905000000000000027e+00,3.376094021619371714e-03,1.557301310480327730e-02
1.907499999999999973e+00,3.380661941780113613e-03,1.521282941620150098e-02
1.910000000000000142e+00,3.385244729446833592e-03,1.485264572759969343e-02
1.912500000000000089e+00,3.389842766080651722e-03,1.449246203899791710e-02
1.915000000000000036e+00,3.394455783908610982e-03,1.413227835039614078e-02
1.917499999999999982e+00,3.399084163372950284e-03,1.377209466179436445e-02
1.919999999999999929e+00,3.403727638889708119e-03,1.341191097319258813e-02
1.922500000000000098e+00,3.408386589901354121e-03,1.305172728459078058e-02
1.925000000000000044e+00,3.413060753007603632e-03,1.269154359598900425e-02
1.927499999999999991e+00,3.417750506670511317e-03,1.208426281009408396e-02
1.929999999999999938e+00,3.422455589667128522e-03,1.147698202419916366e-02
1.932500000000000107e+00,3.427176379499266741e-03,1.086970123830418959e-02
1.935000000000000053e+00,3.431912617116077927e-03,1.026242045240927103e-02
1.937500000000000000e+00,3.436664679077734447e-03,9.655139666514350738e-03
1.939999999999999947e+00,3.441432308500963402e-03,9.047858880619430444e-03
1.942500000000000115e+00,3.446215881023472795e-03,8.440578094724456373e-03
1.945000000000000062e+00,3.451015141924662979e-03,7.833297308829536079e-03
1.947500000000000009e+00,3.455830465939038233e-03,7.226016522934615785e-03
1.949999999999999956e+00,3.460661600504236473e-03,6.618735737039695491e-03
1.952500000000000124e+00,3.465508919470582094e-03,6.114764998639773269e-03
1.955000000000000071e+00,3.470372172429833646e-03,5.610794260239905691e-03
1.957500000000000018e+00,3.475251732367213697e-03,5.106823521840038113e-03
1.959999999999999964e+00,3.480147351024432019e-03,4.602852783440169668e-03
1.962500000000000133e+00,3.485059400541048666e-03,4.098882045040256987e-03
1.965000000000000080e+00,3.489987634804603365e-03,3.594911306640388975e-03
1.967500000000000027e+00,3.494932425128069974e-03,3.090940568240520964e-03
1.969999999999999973e+00,3.499893527541442402e-03,2.586969829840653386e-03
1.972500000000000142e+00,3.504871312550597497e-03,2.082999091440740705e-03
1.975000000000000089e+00,3.509865538323975707e-03,1.579028353040872693e-03
1.977500000000000036e+00,3.514876574579459644e-03,1.421125517736788199e-03
1.979999999999999982e+00,3.519904181621643854e-03,1.263222682432703706e-03
1.982500000000000151e+00,3.524948728398878944e-03,1.105319847128605334e-03
1.985000000000000098e+00,3.530009977348692613e-03,9.474170118245208404e-04
1.987500000000000044e+00,3.535088296669877932e-03,7.895141765204364550e-04
1.989999999999999991e+00,3.540183450930131908e-03,6.316113412163519613e-04
1.992499999999999938e+00,3.545295807597445038e-03,4.737085059122675759e-04
1.995000000000000107e+00,3.550425133367130122e-03,3.158056706081689875e-04
1.997500000000000053e+00,3.555571794995895062e-03,1.579028353040844938e-04
2.000000000000000000e+00,3.560735561304538641e-03,0.000000000000000000e+00
2.002499999999999947e+00,3.565916798357449732e-03,0.000000000000000000e+00
2.004999999999999893e+00,3.571115277099078632e-03,0.000000000000000000e+00
2.007499999999999840e+00,3.576331362920869440e-03,0.000000000000000000e+00
2.010000000000000231e+00,3.581564828888738217e-03,0.000000000000000000e+00
2.012500000000000178e+00,3.586816039740719879e-03,0.000000000000000000e+00
2.015000000000000124e+00,3.592084770662871355e-03,0.000000000000000000e+00
2.017500000000000071e+00,3.597371385758760687e-03,0.000000000000000000e+00
2.020000000000000018e+00,3.602675662333311955e-03,0.000000000000000000e+00
2.022499999999999964e+00,3.607997963875064773e-03,0.000000000000000000e+00
2.024999999999999911e+00,3.613338069806934765e-03,0.000000000000000000e+00
2.027499999999999858e+00,3.618696343021672070e-03,0.000000000000000000e+00
2.030000000000000249e+00,3.624072565059217182e-03,0.000000000000000000e+00
2.032500000000000195e+00,3.629467098236178243e-03,0.000000000000000000e+00
2.035000000000000142e+00,3.634879726208926042e-03,0.000000000000000000e+00
2.037500000000000089e+00,3.640310810736947962e-03,0.000000000000000000e+00
2.040000000000000036e+00,3.645760137592974834e-03,0.000000000000000000e+00
2.042499999999999982e+00,3.651228067999130484e-03,0.000000000000000000e+00
2.044999999999999929e+00,3.656714389844330573e-03,0.000000000000000000e+00
2.047499999999999876e+00,3.662219463832741290e-03,0.000000000000000000e+00
2.049999999999999822e+00,3.667743079969454454e-03,0.000000000000000000e+00
2.052500000000000213e+00,3.673285598460448824e-03,0.000000000000000000e+00
2.055000000000000160e+00,3.678846811427357102e-03,0.000000000000000000e+00
2.057500000000000107e+00,3.684427078597557817e-03,0.000000000000000000e+00
2.060000000000000053e+00,3.690026194210025128e-03,0.000000000000000000e+00
2.062500000000000000e+00,3.695644517533281086e-03,0.000000000000000000e+00
2.064999999999999947e+00,3.701281844924350813e-03,0.000000000000000000e+00
2.067499999999999893e+00,3.706938535212591160e-03,0.000000000000000000e+00
2.069999999999999840e+00,3.712614386874337185e-03,0.000000000000000000e+00
2.072500000000000231e+00,3.718309758319637490e-03,0.000000000000000000e+00
2.075000000000000178e+00,3.724024450145590331e-03,0.000000000000000000e+00
2.077500000000000124e+00,3.729758820362858492e-03,0.000000000000000000e+00
2.080000000000000071e+00,3.735512671690626590e-03,0.000000000000000000e+00
2.082500000000000018e+00,3.741286361760315631e-03,0.000000000000000000e+00
2.084999999999999964e+00,3.747079695415174612e-03,0.000000000000000000e+00
2.087499999999999911e+00,3.752893029927436598e-03,0.000000000000000000e+00
2.089999999999999858e+00,3.758726172266680949e-03,0.000000000000000000e+00
2.092500000000000249e+00,3.764579479365685703e-03,0.000000000000000000e+00
2.095000000000000195e+00,3.770452760322992591e-03,0.000000000000000000e+00
2.097500000000000142e+00,3.776346371752287243e-03,0.000000000000000000e+00
2.100000000000000089e+00,3.782260124883442525e-03,0.000000000000000000e+00
2.102500000000000036e+00,3.788194376031629382e-03,0.000000000000000000e+00
2.104999999999999982e+00,3.794148938560828674e-03,0.000000000000000000e+00
2.107499999999999929e+00,3.800124168508245328e-03,0.000000000000000000e+00
2.109999999999999876e+00,3.806119881375083763e-03,0.000000000000000000e+00
2.112499999999999822e+00,3.812136432940685729e-03,0.000000000000000000e+00
2.115000000000000213e+00,3.818173640847274779e-03,0.000000000000000000e+00
2.117500000000000160e+00,3.824231860637366046e-03,0.000000000000000000e+00
2.120000000000000107e+00,3.830310912097531148e-03,0.000000000000000000e+00
2.122500000000000053e+00,3.836411150553602212e-03,0.000000000000000000e+00
2.125000000000000000e+00,3.842532397941152318e-03,0.000000000000000000e+00
2.127499999999999947e+00,3.848675009390495512e-03,0.000000000000000000e+00
2.129999999999999893e+00,3.854838808989493205e-03,0.000000000000000000e+00
2.132499999999999840e+00,3.861024151694181748e-03,0.000000000000000000e+00
2.135000000000000231e+00,3.867230863749862146e-03,0.000000000000000000e+00
2.137500000000000178e+00,3.873459299958677358e-03,0.000000000000000000e+00
2.140000000000000124e+00,3.879709288728410387e-03,0.000000000000000000e+00
2.142500000000000071e+00,3.885981184728530373e-03,0.000000000000000000e+00
2.145000000000000018e+00,3.892274818534045486e-03,0.000000000000000000e+00
2.147499999999999964e+00,3.898590544703597720e-03,0.000000000000000000e+00
2.149999999999999911e+00,3.904928195984425955e-03,0.000000000000000000e+00
2.152499999999999858e+00,3.911288126845689078e-03,0.000000000000000000e+00
2.155000000000000249e+00,3.917670172212815022e-03,0.000000000000000000e+00
2.157500000000000195e+00,3.924074686486780233e-03,0.000000000000000000e+00
2.160000000000000142e+00,3.930501506777248945e-03,0.000000000000000000e+00
2.162500000000000089e+00,3.936950987439227431e-03,0.000000000000000000e+00
2.165000000000000036e+00,3.943422967771858557e-03,0.000000000000000000e+00
2.167499999999999982e+00,3.949917802106171251e-03,0.000000000000000000e+00
2.169999999999999929e+00,3.956435331938159584e-03,0.000000000000000000e+00
2.172499999999999876e+00,3.962975911596187083e-03,0.000000000000000000e+00
2.175000000000000266e+00,3.969539384780067411e-03,0.000000000000000000e+00
2.177500000000000213e+00,3.976126105837768203e-03,0.000000000000000000e+00
2.180000000000000160e+00,3.982735920679727169e-03,0.000000000000000000e+00
2.182500000000000107e+00,3.989369183696213177e-03,0.000000000000000000e+00
2.185000000000000053e+00,3.996025743015476674e-03,0.000000000000000000e+00
2.187500000000000000e+00,4.002705953092573245e-03,0.000000000000000000e+00
2.189999999999999947e+00,4.009409664281361058e-03,0.000000000000000000e+00
2.192499999999999893e+00,4.016137231124230350e-03,0.000000000000000000e+00
2.194999999999999840e+00,4.022888506208742963e-03,0.000000000000000000e+00
2.197500000000000231e+00,4.029663844187363411e-03,0.000000000000000000e+00
2.200000000000000178e+00,4.036463099889877303e-03,0.000000000000000000e+00
2.202500000000000124e+00,4.043286628101795503e-03,2.165692203713885970e-04
2.205000000000000071e+00,4.050134285903350846e-03,4.331384407427771939e-04
2.207500000000000018e+00,4.057006428236750034e-03,6.497076611141658180e-04
2.209999999999999964e+00,4.063902914441785627e-03,8.662768814855543878e-04
2.212499999999999911e+00,4.070824099640306219e-03,1.082846101856942958e-03
2.214999999999999858e+00,4.077769845440963950e-03,1.299415322228331636e-03
2.217500000000000249e+00,4.084740507169121702e-03,1.515984542599758695e-03
2.220000000000000195e+00,4.091735948711944064e-03,1.732553762971147156e-03
2.222500000000000142e+00,4.098756525621746055e-03,1.949122983342535835e-03
2.225000000000000089e+00,4.105802104074037125e-03,2.165692203713924513e-03
2.227500000000000036e+00,4.112873039872602145e-03,2.626703359058904334e-03
2.229999999999999982e+00,4.119969201491519017e-03,3.087714514403884156e-03
2.232499999999999929e+00,4.127090945009976447e-03,3.548725669748863977e-03
2.234999999999999876e+00,4.134238141211032599e-03,4.009736825093843798e-03
2.237500000000000266e+00,4.141411146473906145e-03,4.470747980438906019e-03
2.240000000000000213e+00,4.148609833901833154e-03,4.931759135783884973e-03
2.242500000000000160e+00,4.155834560198625946e-03,5.392770291128865662e-03
2.245000000000000107e+00,4.163085200798866646e-03,5.853781446473844616e-03
2.247500000000000053e+00,4.170362112755834558e-03,6.314792601818824437e-03
2.250000000000000000e+00,4.177665173847198467e-03,6.775803757163804258e-03
2.252499999999999947e+00,4.184994741500644780e-03,7.238085732954683063e-03
2.254999999999999893e+00,4.192350695848941038e-03,7.700367708745562735e-03
2.257499999999999840e+00,4.199733394719820830e-03,8.162649684536442407e-03
2.260000000000000231e+00,4.207142720613514693e-03,8.624931660327402744e-03
2.262500000000000178e+00,4.214579031783015003e-03,9.087213636118281548e-03
2.265000000000000124e+00,4.222042213108771584e-03,9.549495611909160353e-03
2.267500000000000071e+00,4.229532623295470181e-03,1.001177758770004089e-02
2.270000000000000018e+00,4.237050149616485885e-03,1.047405956349091796e-02
2.272499999999999964e+00,4.244595151254197847e-03,1.093634153928179850e-02
2.274999999999999911e+00,4.252167517888689671e-03,1.139862351507267731e-02
2.277499999999999858e+00,4.259767609206188341e-03,1.160199200531304535e-02
2.280000000000000249e+00,4.267395317307159062e-03,1.180536049555344809e-02
2.282500000000000195e+00,4.275051002408858901e-03,1.200872898579381613e-02
2.285000000000000142e+00,4.282734559046539810e-03,1.221209747603418244e-02
2.287500000000000089e+00,4.290446347994579177e-03,1.241546596627455049e-02
2.290000000000000036e+00,4.298186266238010651e-03,1.261883445651491853e-02
2.292499999999999982e+00,4.305954675135816034e-03,1.282220294675528484e-02
2.294999999999999929e+00,4.313751474137587048e-03,1.302557143699565288e-02
2.297499999999999876e+00,4.321577025214704514e-03,1.322893992723602093e-02
2.300000000000000266e+00,4.329431230296662721e-03,1.343230841747642366e-02
2.302500000000000213e+00,4.337314451994891268e-03,1.326477678571217657e-02
2.305000000000000160e+00,4.345226594734667540e-03,1.309724515394793121e-02
2.307500000000000107e+00,4.353168021795836978e-03,1.292971352218368411e-02
2.310000000000000053e+00,4.361138640115580847e-03,1.276218189041943875e-02
2.312500000000000000e+00,4.369138813670608162e-03,1.259465025865519165e-02
2.314999999999999947e+00,4.377168451926741546e-03,1.242711862689094629e-02
2.317499999999999893e+00,4.385227919586191271e-03,1.225958699512669919e-02
2.319999999999999840e+00,4.393317128660902994e-03,1.209205536336245210e-02
2.322500000000000231e+00,4.401436444607471389e-03,1.192452373159817725e-02
2.325000000000000178e+00,4.409585782001190953e-03,1.175699209983393015e-02
2.327500000000000124e+00,4.417765507082924842e-03,1.131226171970698031e-02
2.330000000000000071e+00,4.425975537009367924e-03,1.086753133958003048e-02
2.332500000000000018e+00,4.434216238835279184e-03,1.042280095945307891e-02
2.334999999999999964e+00,4.442487532317095089e-03,9.978070579326129078e-03
2.337499999999999911e+00,4.450789785353776937e-03,9.533340199199179243e-03
2.339999999999999858e+00,4.459122920320478939e-03,9.088609819072229409e-03
2.342500000000000249e+00,4.467487305990638230e-03,8.643879438945199778e-03
2.345000000000000195e+00,4.475882867377748223e-03,8.199149058818249944e-03
2.347500000000000142e+00,4.484309974160553131e-03,7.754418678691299242e-03
2.350000000000000089e+00,4.492768554010614576e-03,7.309688298564349408e-03
2.352500000000000036e+00,4.501258977543399695e-03,6.834367848218091297e-03
2.354999999999999982e+00,4.509781175108789480e-03,6.359047397871832319e-03
2.357499999999999929e+00,4.518335518290499120e-03,5.883726947525574208e-03
2.359999999999999876e+00,4.526921940137695714e-03,5.408406497179316097e-03
2.362500000000000266e+00,4.535540813234631777e-03,4.933086046832972985e-03
2.365000000000000213e+00,4.544192073350723782e-03,4.457765596486714874e-03
2.367500000000000160e+00,4.552876094103112427e-03,3.982445146140456763e-03
2.370000000000000107e+00,4.561592814003750419e-03,3.507124695794198218e-03
2.372500000000000053e+00,4.570342607735330617e-03,3.031804245447940541e-03
2.375000000000000000e+00,4.579125416574305295e-03,2.556483795101681562e-03
2.377499999999999947e+00,4.587941616302712751e-03,2.300835415591522340e-03
2.379999999999999893e+00,4.596791150984404911e-03,2.045187036081363551e-03
2.382499999999999840e+00,4.605674397534168484e-03,1.789538656571204329e-03
2.385000000000000231e+00,4.614591302826661669e-03,1.533890277060999787e-03
2.387500000000000178e+00,4.623542244943643076e-03,1.278241897550840781e-03
2.390000000000000124e+00,4.632527173594763563e-03,1.022593518040681559e-03
2.392500000000000071e+00,4.641546468063259892e-03,7.669451385305225532e-04
2.395000000000000018e+00,4.650600080917957624e-03,5.112967590203635476e-04
2.397499999999999964e+00,4.659688392678852480e-03,2.556483795102043252e-04
2.399999999999999911e+00,4.668811358799439086e-03,4.553649124439118623e-17
2.402499999999999858e+00,4.677969361071806706e-03,0.000000000000000000e+00
2.405000000000000249e+00,4.687162357858538735e-03,0.000000000000000000e+00
2.407500000000000195e+00,4.696390732260902895e-03,0.000000000000000000e+00
2.410000000000000142e+00,4.705654445577806509e-03,0.000000000000000000e+00
2.412500000000000089e+00,4.714953882255036414e-03,0.000000000000000000e+00
2.415000000000000036e+00,4.724289006554287067e-03,0.000000000000000000e+00
2.417499999999999982e+00,4.733660204303471487e-03,0.000000000000000000e+00
2.419999999999999929e+00,4.743067442754413110e-03,0.000000000000000000e+00
2.422499999999999876e+00,4.752511109154734792e-03,0.000000000000000000e+00
2.425000000000000266e+00,4.761991173774356156e-03,0.000000000000000000e+00
2.427500000000000213e+00,4.771508025318604677e-03,0.000000000000000000e+00
2.430000000000000160e+00,4.781061637104207576e-03,0.000000000000000000e+00
2.432500000000000107e+00,4.790652399332968880e-03,0.000000000000000000e+00
2.435000000000000053e+00,4.800280288397488701e-03,0.000000000000000000e+00
2.437500000000000000e+00,4.809945696035337372e-03,0.000000000000000000e+00
2.439999999999999947e+00,4.819648601744939628e-03,0.000000000000000000e+00
2.442499999999999893e+00,4.829389398839274879e-03,0.000000000000000000e+00
2.444999999999999840e+00,4.839168069952896369e-03,0.000000000000000000e+00
2.447500000000000231e+00,4.848985010014974194e-03,0.000000000000000000e+00
2.450000000000000178e+00,4.858840204827523553e-03,0.000000000000000000e+00
2.452500000000000124e+00,4.868734050976548065e-03,0.000000000000000000e+00
2.455000000000000071e+00,4.878666537463448132e-03,0.000000000000000000e+00
2.457500000000000018e+00,4.888638062572531195e-03,0.000000000000000000e+00
2.459999999999999964e+00,4.898648618537194792e-03,0.000000000000000000e+00
2.462499999999999911e+00,4.908698605382386115e-03,0.000000000000000000e+00
2.464999999999999858e+00,4.918788018606791781e-03,0.000000000000000000e+00
2.467500000000000249e+00,4.928917260018829058e-03,0.000000000000000000e+00
2.470000000000000195e+00,4.939086328416218349e-03,0.000000000000000000e+00
2.472500000000000142e+00,4.949295627434487435e-03,0.000000000000000000e+00
2.475000000000000089e+00,4.959545159205169113e-03,0.000000000000000000e+00
2.477500000000000036e+00,4.969835329235077273e-03,0.000000000000000000e+00
2.479999999999999982e+00,4.980166143024942864e-03,0.000000000000000000e+00
2.482499999999999929e+00,4.990538007997635632e-03,0.000000000000000000e+00
2.484999999999999876e+00,5.000950933059257128e-03,0.000000000000000000e+00
2.487500000000000266e+00,5.011405327594309345e-03,0.000000000000000000e+00
2.490000000000000213e+00,5.021901203951456907e-03,0.000000000000000000e+00
2.492500000000000160e+00,5.032438973522991577e-03,0.000000000000000000e+00
2.495000000000000107e+00,5.043018652137829655e-03,0.000000000000000000e+00
2.497500000000000053e+00,5.053640653242933573e-03,0.000000000000000000e+00
2.500000000000000000e+00,5.064304996186196409e-03,0.000000000000000000e+00
2.502499999999999947e+00,5.075012096516990853e-03,0.000000000000000000e+00
2.504999999999999893e+00,5.085761977141436616e-03,0.000000000000000000e+00
2.507499999999999840e+00,5.096555055759821248e-03,0.000000000000000000e+00
2.510000000000000231e+00,5.107391358876883260e-03,0.000000000000000000e+00
2.512500000000000178e+00,5.118271306392951567e-03,0.000000000000000000e+00
2.515000000000000124e+00,5.129194928452265705e-03,0.000000000000000000e+00
2.517500000000000071e+00,5.140162647205609621e-03,0.000000000000000000e+00
2.520000000000000018e+00,5.151174496478582755e-03,0.000000000000000000e+00
2.522499999999999964e+00,5.162230900723220259e-03,0.000000000000000000e+00
2.524999999999999911e+00,5.173331897489147867e-03,0.000000000000000000e+00
2.527499999999999858e+00,5.184477913581341489e-03,0.000000000000000000e+00
2.530000000000000249e+00,5.195668990317486510e-03,0.000000000000000000e+00
2.532500000000000195e+00,5.206905556908016618e-03,0.000000000000000000e+00
2.535000000000000142e+00,5.218187658483215870e-03,0.000000000000000000e+00
2.537500000000000089e+00,5.229515726712008830e-03,0.000000000000000000e+00
2.540000000000000036e+00,5.240889810583254475e-03,0.000000000000000000e+00
2.542499999999999982e+00,5.252310344278827287e-03,0.000000000000000000e+00
2.544999999999999929e+00,5.263777380692497357e-03,0.000000000000000000e+00
2.547499999999999876e+00,5.275291356574209056e-03,0.000000000000000000e+00
2.550000000000000266e+00,5.286852328770197569e-03,0.000000000000000000e+00
2.552500000000000213e+00,5.298460736654681327e-03,2.365434686545218675e-06
2.555000000000000160e+00,5.310116641074763728e-03,4.730869373090437349e-06
2.557500000000000107e+00,5.321820484086136303e-03,7.096304059635655600e-06
2.560000000000000053e+00,5.333572330586375081e-03,9.461738746180874699e-06
2.562500000000000000e+00,5.345372625370502923e-03,1.182717343272609210e-05
2.564999999999999947e+00,5.357221437437215475e-03,1.419260811927131120e-05
2.567499999999999893e+00,5.369119214379844060e-03,1.655804280581652860e-05
2.569999999999999840e+00,5.381066029349965488e-03,1.892347749236174940e-05
2.572500000000000231e+00,5.393062332799259187e-03,2.128891217890738693e-05
2.575000000000000178e+00,5.405108202084850204e-03,2.365434686545260433e-05
2.577500000000000124e+00,5.417204090577767625e-03,4.472830669177622182e-04
2.580000000000000071e+00,5.429350079894449885e-03,8.709117869700718287e-04
2.582500000000000018e+00,5.441546626387599138e-03,1.294540507022381385e-03
2.584999999999999964e+00,5.453793815988184322e-03,1.718169227074690941e-03
2.587499999999999911e+00,5.466092108093251016e-03,2.141797947127000931e-03
2.589999999999999858e+00,5.478441593004529722e-03,2.565426667179310487e-03
2.592500000000000249e+00,5.490842733228060851e-03,2.989055387231695504e-03
2.595000000000000195e+00,5.503295623493368975e-03,3.412684107284005060e-03
2.597500000000000142e+00,5.515800729480789533e-03,3.836312827336314617e-03
2.600000000000000089e+00,5.528358150406396249e-03,4.259941547388624607e-03
2.602500000000000036e+00,5.540968355191695782e-03,5.013773626700334871e-03
2.604999999999999982e+00,5.553631447598504980e-03,5.767605706012046002e-03
2.607499999999999929e+00,5.566347899857226195e-03,6.521437785323757133e-03
2.609999999999999876e+00,5.579117820336825136e-03,7.275269864635467397e-03
2.612500000000000266e+00,5.591941684645503063e-03,8.029101943947312969e-03
2.615000000000000213e+00,5.604819605821603420e-03,8.782934023259022366e-03
2.617500000000000160e+00,5.617752062921181448e-03,9.536766102570733497e-03
2.620000000000000107e+00,5.630739173715627009e-03,1.029059818188244463e-02
2.622500000000000053e+00,5.643781420780459579e-03,1.104443026119415402e-02
2.625000000000000000e+00,5.656878926685034864e-03,1.179826234050586516e-02
2.627499999999999947e+00,5.670032177596907863e-03,1.254115738043294105e-02
2.629999999999999893e+00,5.683241300949779320e-03,1.328405242036001695e-02
2.632499999999999840e+00,5.696506786577633374e-03,1.402694746028709284e-02
2.635000000000000231e+00,5.709828766845660014e-03,1.476984250021430058e-02
2.637500000000000178e+00,5.723207735330040902e-03,1.551273754014137647e-02
2.640000000000000124e+00,5.736643829396693289e-03,1.625563258006845063e-02
2.642500000000000071e+00,5.750137546440435218e-03,1.699852761999552653e-02
2.645000000000000018e+00,5.763689028898889150e-03,1.774142265992260242e-02
2.647499999999999964e+00,5.777298778063721246e-03,1.848431769984967832e-02
2.649999999999999911e+00,5.790966941516001269e-03,1.922721273977675421e-02
2.652499999999999858e+00,5.804694024524274104e-03,1.960816250705873370e-02
2.655000000000000249e+00,5.818480179886553576e-03,1.998911227434071666e-02
2.657500000000000195e+00,5.832325916929038088e-03,2.037006204162263370e-02
2.660000000000000142e+00,5.846231393742432232e-03,2.075101180890455074e-02
2.662500000000000089e+00,5.860197123793268320e-03,2.113196157618646431e-02
2.665000000000000036e+00,5.874223270541219233e-03,2.151291134346838135e-02
2.667499999999999982e+00,5.888310351677792688e-03,2.189386111075029839e-02
2.669999999999999929e+00,5.902458536109790425e-03,2.227481087803221196e-02
2.672499999999999876e+00,5.916668345839432540e-03,2.265576064531412900e-02
2.675000000000000266e+00,5.930939955301102635e-03,2.303671041259611196e-02
2.677500000000000213e+00,5.945273890894951611e-03,2.287463772794380915e-02
2.680000000000000160e+00,5.959670332664261834e-03,2.271256504329150633e-02
2.682500000000000107e+00,5.974129811496909498e-03,2.255049235863920698e-02
2.685000000000000053e+00,5.988652513128596595e-03,2.238841967398690416e-02
2.687500000000000000e+00,6.003238973025220443e-03,2.222634698933460135e-02
2.689999999999999947e+00,6.017889382700003856e-03,2.206427430468229853e-02
2.692499999999999893e+00,6.032604282290025127e-03,2.190220162002999918e-02
2.694999999999999840e+00,6.047383869173154382e-03,2.174012893537769636e-02
2.697500000000000231e+00,6.062228688251594839e-03,2.157805625072536579e-02
2.700000000000000178e+00,6.077138942856720807e-03,2.141598356607306297e-02
2.702500000000000124e+00,6.092115182752278965e-03,2.078594985941191464e-02
2.705000000000000071e+00,6.107157617314041241e-03,2.015591615275076631e-02
2.707500000000000018e+00,6.122266801265222047e-03,1.952588244608961798e-02
2.709999999999999964e+00,6.137442950118802976e-03,1.889584873942846965e-02
2.712499999999999911e+00,6.152686623657720177e-03,1.826581503276731785e-02
2.714999999999999858e+00,6.167998043626212075e-03,1.763578132610616953e-02
2.717500000000000249e+00,6.183377774969155138e-03,1.700574761944491017e-02
2.720000000000000195e+00,6.198826045759348730e-03,1.637571391278376184e-02
2.722500000000000142e+00,6.214343426207036454e-03,1.574568020612261005e-02
2.725000000000000089e+00,6.229930150812602700e-03,1.511564649946146345e-02
2.727500000000000036e+00,6.245586795157785122e-03,1.432089961141773393e-02
2.729999999999999982e+00,6.261313600271091635e-03,1.352615272337400441e-02
2.732499999999999929e+00,6.277111147214471665e-03,1.273140583533027489e-02
2.734999999999999876e+00,6.292979683647350296e-03,1.193665894728654711e-02
2.737500000000000266e+00,6.308919796222135605e-03,1.114191205924267535e-02
2.740000000000000213e+00,6.324931739334749455e-03,1.034716517119894583e-02
2.742500000000000160e+00,6.341016105340332477e-03,9.552418283155218043e-03
2.745000000000000107e+00,6.357173155479327147e-03,8.757671395111486790e-03
2.747500000000000053e+00,6.373403487924159116e-03,7.962924507067759006e-03
2.750000000000000000e+00,6.389707370869601201e-03,7.168177619024029487e-03
2.752499999999999947e+00,6.406085408422833478e-03,6.593381468929975300e-03
2.754999999999999893e+00,6.422537875845020505e-03,6.018585318835921114e-03
2.757499999999999840e+00,6.439065383297528158e-03,5.443789168741866927e-03
2.760000000000000231e+00,6.455668213222828626e-03,4.868993018647710391e-03
2.762500000000000178e+00,6.472346981958566892e-03,4.294196868553656204e-03
2.765000000000000124e+00,6.489101979245925390e-03,3.719400718459602018e-03
2.767500000000000071e+00,6.505933827722683999e-03,3.144604568365547831e-03
2.770000000000000018e+00,6.522842824548818162e-03,2.569808418271493644e-03
2.772499999999999964e+00,6.539829598789534057e-03,1.995012268177439457e-03
2.774999999999999911e+00,6.556894455145790591e-03,1.420216118083385270e-03
2.777499999999999858e+00,6.574038029239664439e-03,1.278194506274982515e-03
2.780000000000000249e+00,6.591260633438491591e-03,1.136172894466631585e-03
2.782500000000000195e+00,6.608562910053582956e-03,9.941512826583058082e-04
2.785000000000000142e+00,6.625945179246499860e-03,8.521296708499800313e-04
2.787500000000000089e+00,6.643408090152694290e-03,7.101080590416542545e-04
2.790000000000000036e+00,6.660951970858529012e-03,5.680864472333284777e-04
2.792499999999999982e+00,6.678577477461677611e-03,4.260648354250027008e-04
2.794999999999999929e+00,6.696284946107088770e-03,2.840432236166769240e-04
2.797499999999999876e+00,6.714075039994899657e-03,1.420216118083511472e-04
2.800000000000000266e+00,6.731948103465369704e-03,0.000000000000000000e+00
2.802500000000000213e+00,6.749904806965223089e-03,0.000000000000000000e+00
2.805000000000000160e+00,6.767945503169215532e-03,0.000000000000000000e+00
2.807500000000000107e+00,6.786070869917047201e-03,0.000000000000000000e+00
2.810000000000000053e+00,6.804281268361290352e-03,0.000000000000000000e+00
2.812500000000000000e+00,6.822577383884296555e-03,0.000000000000000000e+00
2.814999999999999947e+00,6.840959586261997905e-03,0.000000000000000000e+00
2.817499999999999893e+00,6.859428568572729576e-03,0.000000000000000000e+00
2.819999999999999840e+00,6.877984709364712117e-03,0.000000000000000000e+00
2.822500000000000231e+00,6.896628709568440596e-03,0.000000000000000000e+00
2.825000000000000178e+00,6.915360956657471726e-03,0.000000000000000000e+00
2.827500000000000124e+00,6.934182159573495582e-03,0.000000000000000000e+00
2.830000000000000071e+00,6.953092714870907388e-03,0.000000000000000000e+00
2.832500000000000018e+00,6.972093339666580840e-03,0.000000000000000000e+00
2.834999999999999964e+00,6.991184439754902745e-03,0.000000000000000000e+00
2.837499999999999911e+00,7.010366740593846312e-03,0.000000000000000000e+00
2.839999999999999858e+00,7.029640657381476705e-03,0.000000000000000000e+00
2.842500000000000249e+00,7.049006924086809699e-03,0.000000000000000000e+00
2.845000000000000195e+00,7.068465965478111859e-03,0.000000000000000000e+00
2.847500000000000142e+00,7.088018524209230460e-03,0.000000000000000000e+00
2.850000000000000089e+00,7.107665034789230514e-03,0.000000000000000000e+00
2.852500000000000036e+00,7.127406248734626838e-03,0.000000000000000000e+00
2.854999999999999982e+00,7.147242610469378872e-03,0.000000000000000000e+00
2.857499999999999929e+00,7.167174880554136665e-03,0.000000000000000000e+00
2.859999999999999876e+00,7.187203513506200750e-03,0.000000000000000000e+00
2.862500000000000266e+00,7.207329279115642223e-03,0.000000000000000000e+00
2.865000000000000213e+00,7.227552642175709245e-03,0.000000000000000000e+00
2.867500000000000160e+00,7.247874381895409897e-03,0.000000000000000000e+00
2.870000000000000107e+00,7.268294973530345544e-03,0.000000000000000000e+00
2.872500000000000053e+00,7.288815205902609770e-03,0.000000000000000000e+00
2.875000000000000000e+00,7.309435564920785042e-03,0.000000000000000000e+00
2.877499999999999947e+00,7.330156849217741265e-03,0.000000000000000000e+00
2.879999999999999893e+00,7.350979555550812491e-03,0.000000000000000000e+00
2.882499999999999840e+00,7.371904492566006516e-03,0.000000000000000000e+00
2.885000000000000231e+00,7.392932168069212689e-03,0.000000000000000000e+00
2.887500000000000178e+00,7.414063400926377417e-03,0.000000000000000000e+00
2.890000000000000124e+00,7.435298710196277562e-03,0.000000000000000000e+00
2.892500000000000071e+00,7.456638925176851604e-03,0.000000000000000000e+00
2.895000000000000018e+00,7.478084576388539621e-03,0.000000000000000000e+00
2.897499999999999964e+00,7.499636503777715353e-03,0.000000000000000000e+00
2.899999999999999911e+00,7.521295249540618094e-03,0.000000000000000000e+00
2.902499999999999858e+00,7.543061664493546335e-03,0.000000000000000000e+00
2.905000000000000249e+00,7.564936302727241248e-03,0.000000000000000000e+00
2.907500000000000195e+00,7.586920026154027330e-03,0.000000000000000000e+00
2.910000000000000142e+00,7.609013400983771769e-03,0.000000000000000000e+00
2.912500000000000089e+00,7.631217300456210294e-03,0.000000000000000000e+00
2.915000000000000036e+00,7.653532303129384658e-03,0.000000000000000000e+00
2.917499999999999982e+00,7.675959293807594133e-03,0.000000000000000000e+00
2.919999999999999929e+00,7.698498863631810830e-03,0.000000000000000000e+00
2.922499999999999876e+00,7.721151909212858530e-03,0.000000000000000000e+00
2.925000000000000266e+00,7.743919034515161712e-03,0.000000000000000000e+00
2.927500000000000213e+00,7.766801148203677889e-03,0.000000000000000000e+00
2.930000000000000160e+00,7.789798867312521836e-03,0.000000000000000000e+00
2.932500000000000107e+00,7.812913112814436067e-03,0.000000000000000000e+00
2.935000000000000053e+00,7.836144515064780505e-03,0.000000000000000000e+00
2.937500000000000000e+00,7.859494007603580815e-03,0.000000000000000000e+00
2.939999999999999947e+00,7.882962234365230650e-03,0.000000000000000000e+00
2.942499999999999893e+00,7.906550141722446315e-03,0.000000000000000000e+00
2.944999999999999840e+00,7.930258387452990623e-03,0.000000000000000000e+00
2.947500000000000231e+00,7.954087931033816325e-03,0.000000000000000000e+00
2.950000000000000178e+00,7.978039444356089388e-03,0.000000000000000000e+00
2.952500000000000124e+00,8.002113900279477637e-03,0.000000000000000000e+00
2.955000000000000071e+00,8.026311985084936748e-03,0.000000000000000000e+00
2.957500000000000018e+00,8.050634685299460497e-03,0.000000000000000000e+00
2.959999999999999964e+00,8.075082701877945440e-03,0.000000000000000000e+00
2.962499999999999911e+00,8.099657035305457900e-03,0.000000000000000000e+00
2.964999999999999858e+00,8.124358401500835977e-03,0.000000000000000000e+00
2.967500000000000249e+00,8.149187815206165170e-03,0.000000000000000000e+00
2.970000000000000195e+00,8.174146007601705913e-03,0.000000000000000000e+00
2.972500000000000142e+00,8.199234007991280937e-03,0.000000000000000000e+00
2.975000000000000089e+00,8.224452563121245965e-03,0.000000000000000000e+00
2.977500000000000036e+00,8.249802717170061708e-03,0.000000000000000000e+00
2.979999999999999982e+00,8.275285232762200419e-03,0.000000000000000000e+00
2.982499999999999929e+00,8.300901169270914412e-03,0.000000000000000000e+00
2.984999999999999876e+00,8.326651305518358026e-03,0.000000000000000000e+00
2.987500000000000266e+00,8.352536716400071892e-03,0.000000000000000000e+00
2.990000000000000213e+00,8.378558197264089971e-03,0.000000000000000000e+00
2.992500000000000160e+00,8.404716838864003878e-03,0.000000000000000000e+00
2.995000000000000107e+00,8.431013453408809852e-03,0.000000000000000000e+00
2.997500000000000053e+00,8.457449147854631880e-03,0.000000000000000000e+00
3.000000000000000000e+00,8.484024751613391049e-03,0.000000000000000000e+00
3.002499999999999947e+00,8.510741388199141721e-03,3.769644314352486154e-04
3.004999999999999893e+00,8.537599904578172666e-03,7.539288628704972307e-04
3.007500000000000284e+00,8.564601441180591870e-03,1.130893294305812796e-03
3.010000000000000231e+00,8.591746862892733760e-03,1.507857725741061465e-03
3.012500000000000178e+00,8.619037327427109263e-03,1.884822157176310135e-03
3.015000000000000124e+00,8.646473717960217326e-03,2.261786588611558804e-03
3.017500000000000071e+00,8.674057209868454854e-03,2.638751020046807474e-03
3.020000000000000018e+00,8.701788704996063495e-03,3.015715451482056143e-03
3.022499999999999964e+00,8.729669396771925008e-03,3.392679882917304813e-03
3.024999999999999911e+00,8.757700206096889761e-03,3.769644314352553482e-03
3.027499999999999858e+00,8.785882344849966358e-03,4.731527223062215529e-03
3.030000000000000249e+00,8.814216753387714778e-03,5.693410131772151661e-03
3.032500000000000195e+00,8.842704662447114367e-03,6.655293040481917791e-03
3.035000000000000142e+00,8.871347032248799030e-03,7.617175949191683053e-03
3.037500000000000089e+00,8.900145112806089054e-03,8.579058857901448315e-03
3.040000000000000036e+00,8.929099884622787586e-03,9.540941766611214445e-03
3.042499999999999982e+00,8.958212617416961426e-03,1.050282467532098057e-02
3.044999999999999929e+00,8.987484312405334685e-03,1.146470758403074497e-02
3.047499999999999876e+00,9.016916259449605717e-03,1.242659049274051283e-02
3.050000000000000266e+00,9.046509480921047230e-03,1.338847340145044897e-02
3.052500000000000213e+00,9.076265287275217530e-03,1.460373836278689406e-02
3.055000000000000160e+00,9.106184722489205421e-03,1.581900332412333743e-02
3.057500000000000107e+00,9.136269118074734699e-03,1.703426828545978253e-02
3.060000000000000053e+00,9.166519540078509401e-03,1.824953324679622763e-02
3.062500000000000000e+00,9.196937341541847402e-03,1.946479820813267272e-02
3.064999999999999947e+00,9.227523611056944255e-03,2.068006316946911782e-02
3.067499999999999893e+00,9.258279723679848153e-03,2.189532813080556292e-02
3.070000000000000284e+00,9.289206791036371327e-03,2.311059309214222313e-02
3.072500000000000231e+00,9.320306210695806712e-03,2.432585805347866822e-02
3.075000000000000178e+00,9.351579117817782061e-03,2.554112301481511332e-02
3.077500000000000124e+00,9.383026932995641722e-03,2.649942557389801945e-02
3.080000000000000071e+00,9.414650815437080808e-03,2.745772813298092904e-02
3.082500000000000018e+00,9.446452209283353815e-03,2.841603069206383864e-02
3.084999999999999964e+00,9.478432298316916485e-03,2.937433325114674476e-02
3.087499999999999911e+00,9.510592550765284078e-03,3.033263581022965089e-02
3.089999999999999858e+00,9.542934175526597909e-03,3.129093836931255701e-02
3.092500000000000249e+00,9.575458665465887489e-03,3.224924092839563661e-02
3.095000000000000195e+00,9.608167255152134587e-03,3.320754348747854967e-02
3.097500000000000142e+00,9.641061462654533856e-03,3.416584604656145580e-02
3.100000000000000089e+00,9.674142548782726017e-03,3.512414860564436192e-02
3.102500000000000036e+00,9.707412057390871901e-03,3.542216811621772682e-02
3.104999999999999982e+00,9.740871276114391672e-03,3.572018762679109866e-02
3.107499999999999929e+00,9.774521775188569142e-03,3.601820713736446355e-02
3.109999999999999876e+00,9.808364869675212025e-03,3.631622664793783539e-02
3.112500000000000266e+00,9.842402156802971744e-03,3.661424615851125580e-02
3.115000000000000213e+00,9.876634979676371731e-03,3.691226566908462070e-02
3.117500000000000160e+00,9.911064963145952561e-03,3.721028517965799254e-02
3.120000000000000107e+00,9.945693478992221129e-03,3.750830469023135744e-02
3.122500000000000053e+00,9.980522180332488877e-03,3.780632420080472927e-02
3.125000000000000000e+00,1.001555246827324532e-02,3.810434371137809417e-02
3.127499999999999947e+00,1.005078602486122324e-02,3.762106215714799279e-02
3.129999999999999893e+00,1.008622428119671476e-02,3.713778060291789140e-02
3.132500000000000284e+00,1.012186894893602612e-02,3.665449904868770675e-02
3.135000000000000231e+00,1.015772148985854932e-02,3.617121749445760537e-02
3.137500000000000178e+00,1.019378364592890378e-02,3.568793594022751092e-02
3.140000000000000124e+00,1.023005691031015491e-02,3.520465438599740954e-02
3.142500000000000071e+00,1.026654305599275854e-02,3.472137283176730815e-02
3.145000000000000018e+00,1.030324360824718365e-02,3.423809127753720677e-02
3.147499999999999964e+00,1.034016037182620799e-02,3.375480972330710538e-02
3.149999999999999911e+00,1.037729490485156045e-02,3.327152816907700400e-02
3.152499999999999858e+00,1.041464904459537058e-02,3.221301260577771192e-02
3.155000000000000249e+00,1.045222438279420560e-02,3.115449704247812146e-02
3.157500000000000195e+00,1.049002279001784964e-02,3.009598147917872529e-02
3.160000000000000142e+00,1.052804589240261338e-02,2.903746591587932566e-02
3.162500000000000089e+00,1.056629559461489884e-02,2.797895035257992602e-02
3.165000000000000036e+00,1.060477355799764251e-02,2.692043478928052638e-02
3.167499999999999982e+00,1.064348172213522813e-02,2.586191922598112675e-02
3.169999999999999929e+00,1.068242178440633079e-02,2.480340366268173058e-02
3.172499999999999876e+00,1.072159572015738901e-02,2.374488809938233094e-02
3.175000000000000266e+00,1.076100526365521802e-02,2.268637253608274396e-02
3.177500000000000213e+00,1.080065242687582028e-02,2.149848794110639436e-02
3.180000000000000160e+00,1.084053898185039465e-02,2.031060334613004822e-02
3.182500000000000107e+00,1.088066697807629421e-02,1.912271875115369862e-02
3.185000000000000053e+00,1.092103822625003703e-02,1.793483415617734902e-02
3.187500000000000000e+00,1.096165481430691133e-02,1.674694956120099942e-02
3.189999999999999947e+00,1.100251859253526844e-02,1.555906496622465329e-02
3.192499999999999893e+00,1.104363168825143494e-02,1.437118037124830369e-02
3.195000000000000284e+00,1.108499599228744519e-02,1.318329577627174419e-02
3.197500000000000231e+00,1.112661367231007961e-02,1.199541118129539632e-02
3.200000000000000178e+00,1.116848666067537209e-02,1.080752658631904672e-02
3.202500000000000124e+00,1.121061716639702721e-02,9.973258602669609132e-03
3.205000000000000071e+00,1.125300716436254157e-02,9.138990619020171541e-03
3.207500000000000018e+00,1.129565890595798580e-02,8.304722635370732214e-03
3.209999999999999964e+00,1.133857440963927099e-02,7.470454651721294623e-03
3.212499999999999911e+00,1.138175597021903566e-02,6.636186668071857031e-03
3.214999999999999858e+00,1.142520565078805443e-02,5.801918684422419439e-03
3.217500000000000249e+00,1.146892579067104560e-02,4.967650700772833529e-03
3.220000000000000195e+00,1.151291849869040193e-02,4.133382717123395070e-03
3.222500000000000142e+00,1.155718615979921607e-02,3.299114733473957478e-03
3.225000000000000089e+00,1.160173092968096176e-02,2.464846749824519886e-03
3.227500000000000036e+00,1.164655524006544263e-02,2.218362074842072408e-03
3.229999999999999982e+00,1.169166129465952671e-02,1.971877399859624930e-03
3.232499999999999929e+00,1.173705157315174663e-02,1.725392724877177018e-03
3.234999999999999876e+00,1.178272832846823104e-02,1.478908049894729539e-03
3.237500000000000266e+00,1.182869408947316223e-02,1.232423374912238042e-03
3.240000000000000213e+00,1.187495115954269320e-02,9.859386999297905640e-04
3.242500000000000160e+00,1.192150211796918005e-02,7.394540249473428688e-04
3.245000000000000107e+00,1.196834931984691597e-02,4.929693499648953904e-04
3.247500000000000053e+00,1.201549539618479781e-02,2.464846749824474784e-04
3.250000000000000000e+00,1.206294275510069389e-02,0.000000000000000000e+00
3.252499999999999947e+00,1.211069408064759274e-02,0.000000000000000000e+00
3.254999999999999893e+00,1.215875183531038052e-02,0.000000000000000000e+00
3.257500000000000284e+00,1.220711875755346905e-02,0.000000000000000000e+00
3.260000000000000231e+00,1.225579736561245754e-02,0.000000000000000000e+00
3.262500000000000178e+00,1.230479045377094564e-02,0.000000000000000000e+00
3.265000000000000124e+00,1.235410059744082925e-02,0.000000000000000000e+00
3.267500000000000071e+00,1.240373064817428504e-02,0.000000000000000000e+00
3.270000000000000018e+00,1.245368324002840525e-02,0.000000000000000000e+00
3.272499999999999964e+00,1.250396128331746244e-02,0.000000000000000000e+00
3.274999999999999911e+00,1.255456747225608405e-02,0.000000000000000000e+00
3.277499999999999858e+00,1.260550477745963315e-02,0.000000000000000000e+00
3.280000000000000249e+00,1.265677595485902203e-02,0.000000000000000000e+00
3.282500000000000195e+00,1.270838403695569510e-02,0.000000000000000000e+00
3.285000000000000142e+00,1.276033184300361112e-02,0.000000000000000000e+00
3.287500000000000089e+00,1.281262246902362123e-02,0.000000000000000000e+00
3.290000000000000036e+00,1.286525879924819808e-02,0.000000000000000000e+00
3.292499999999999982e+00,1.291824399490124932e-02,0.000000000000000000e+00
3.294999999999999929e+00,1.297158100690018641e-02,0.000000000000000000e+00
3.297499999999999876e+00,1.302527306340761637e-02,0.000000000000000000e+00
3.300000000000000266e+00,1.307932318378450705e-02,0.000000000000000000e+00
3.302500000000000213e+00,1.313373466492147139e-02,0.000000000000000000e+00
3.305000000000000160e+00,1.318851059643671303e-02,0.000000000000000000e+00
3.307500000000000107e+00,1.324365434579300241e-02,0.000000000000000000e+00
3.310000000000000053e+00,1.329916907473620985e-02,0.000000000000000000e+00
3.312500000000000000e+00,1.335505822320323145e-02,0.000000000000000000e+00
3.314999999999999947e+00,1.341132502699593498e-02,0.000000000000000000e+00
3.317499999999999893e+00,1.346797300048674546e-02,0.000000000000000000e+00
3.320000000000000284e+00,1.352500545552311542e-02,0.000000000000000000e+00
3.322500000000000231e+00,1.358242598293608709e-02,0.000000000000000000e+00
3.325000000000000178e+00,1.364023797267012797e-02,0.000000000000000000e+00
3.327500000000000124e+00,1.369844509410204393e-02,0.000000000000000000e+00
3.330000000000000071e+00,1.375705081739088918e-02,0.000000000000000000e+00
3.332500000000000018e+00,1.381605889261186201e-02,0.000000000000000000e+00
3.334999999999999964e+00,1.387547287232255948e-02,0.000000000000000000e+00
3.337499999999999911e+00,1.393529658951878254e-02,0.000000000000000000e+00
3.339999999999999858e+00,1.399553368141085233e-02,0.000000000000000000e+00
3.342500000000000249e+00,1.405618806620776394e-02,0.000000000000000000e+00
3.345000000000000195e+00,1.411726346809910430e-02,0.000000000000000000e+00
3.347500000000000142e+00,1.417876389287364876e-02,0.000000000000000000e+00
3.350000000000000089e+00,1.424069315410157743e-02,0.000000000000000000e+00
3.352500000000000036e+00,1.430305534759467555e-02,0.000000000000000000e+00
3.354999999999999982e+00,1.436585437878295374e-02,0.000000000000000000e+00
3.357499999999999929e+00,1.442909443602239869e-02,0.000000000000000000e+00
3.359999999999999876e+00,1.449277951916405800e-02,0.000000000000000000e+00
3.362500000000000266e+00,1.455691391171228324e-02,0.000000000000000000e+00
3.365000000000000213e+00,1.462150171058194774e-02,0.000000000000000000e+00
3.367500000000000160e+00,1.468654729711579149e-02,0.000000000000000000e+00
3.370000000000000107e+00,1.475205486802292319e-02,0.000000000000000000e+00
3.372500000000000053e+00,1.481802890526228399e-02,0.000000000000000000e+00
3.375000000000000000e+00,1.488447370815799801e-02,0.000000000000000000e+00
3.377499999999999947e+00,1.495139386215423027e-02,0.000000000000000000e+00
3.379999999999999893e+00,1.501879377210442804e-02,0.000000000000000000e+00
3.382500000000000284e+00,1.508667812990286197e-02,0.000000000000000000e+00
3.385000000000000231e+00,1.515505144894308334e-02,0.000000000000000000e+00
3.387500000000000178e+00,1.522391853063314454e-02,0.000000000000000000e+00
3.390000000000000124e+00,1.529328400001846167e-02,0.000000000000000000e+00
3.392500000000000071e+00,1.536315277118695428e-02,0.000000000000000000e+00
3.395000000000000018e+00,1.543352958405201647e-02,0.000000000000000000e+00
3.397499999999999964e+00,1.550441946865374100e-02,0.000000000000000000e+00
3.399999999999999911e+00,1.557582728309890932e-02,0.000000000000000000e+00
3.402499999999999858e+00,1.564775817676310188e-02,0.000000000000000000e+00
3.405000000000000249e+00,1.572021712938322102e-02,0.000000000000000000e+00
3.407500000000000195e+00,1.579320941316855742e-02,0.000000000000000000e+00
3.410000000000000142e+00,1.586674013304142580e-02,0.000000000000000000e+00
3.412500000000000089e+00,1.594081468766215745e-02,0.000000000000000000e+00
3.415000000000000036e+00,1.601543831081429781e-02,0.000000000000000000e+00
3.417499999999999982e+00,1.609061653135077444e-02,0.000000000000000000e+00
3.419999999999999929e+00,1.616635471571921043e-02,0.000000000000000000e+00
3.422499999999999876e+00,1.624265852683535669e-02,0.000000000000000000e+00
3.425000000000000266e+00,1.631953346774517657e-02,0.000000000000000000e+00
3.427500000000000213e+00,1.639698533943127409e-02,3.167445399938702993e-04
3.430000000000000160e+00,1.647501978560860988e-02,6.334890799877405986e-04
3.432500000000000107e+00,1.655364274947054848e-02,9.502336199816108437e-04
3.435000000000000053e+00,1.663286001961338315e-02,1.266978159975481197e-03
3.437500000000000000e+00,1.671267768572917353e-02,1.583722699969351442e-03
3.439999999999999947e+00,1.679310168565636280e-02,1.900467239963221687e-03
3.442499999999999893e+00,1.687413826002488043e-02,2.217211779957091716e-03
3.445000000000000284e+00,1.695579350042869179e-02,2.533956319951018339e-03
3.447500000000000231e+00,1.703807380303062197e-02,2.850700859944888584e-03
3.450000000000000178e+00,1.712098541785479419e-02,3.167445399938759263e-03
3.452500000000000124e+00,1.720453490135523747e-02,4.146189560328810038e-03
3.455000000000000071e+00,1.728872866682530651e-02,5.124933720718860379e-03
3.457500000000000018e+00,1.737357343593851772e-02,6.103677881108910720e-03
3.459999999999999964e+00,1.745907579027074566e-02,7.082422041498961929e-03
3.462499999999999911e+00,1.754524262181906061e-02,8.061166201889012270e-03
3.464999999999999858e+00,1.763208068563482805e-02,9.039910362279062611e-03
3.467500000000000249e+00,1.771959704932685176e-02,1.001865452266928642e-02
3.470000000000000195e+00,1.780779864680187910e-02,1.099739868305933677e-02
3.472500000000000142e+00,1.789669272676017511e-02,1.197614284344938711e-02
3.475000000000000089e+00,1.798628640753931543e-02,1.295488700383943745e-02
3.477500000000000036e+00,1.807658712460903302e-02,1.443305688508201429e-02
3.479999999999999982e+00,1.816760218651716427e-02,1.591122676632459113e-02
3.482499999999999929e+00,1.825933922138864643e-02,1.738939664756716796e-02
3.484999999999999876e+00,1.835180573397163228e-02,1.886756652880974827e-02
3.487500000000000266e+00,1.844500955114802832e-02,2.034573641005258532e-02
3.490000000000000213e+00,1.853895838007770316e-02,2.182390629129516563e-02
3.492500000000000160e+00,1.863366025272714804e-02,2.330207617253774247e-02
3.495000000000000107e+00,1.872912308510834775e-02,2.478024605378031930e-02
3.497500000000000053e+00,1.882535512083370263e-02,2.625841593502289614e-02
3.500000000000000000e+00,1.892236449144809804e-02,2.773658581626547298e-02
3.502499999999999947e+00,1.902015965901650632e-02,2.930470680348949697e-02
3.504999999999999893e+00,1.911874897754671163e-02,3.087282779071351749e-02
3.507500000000000284e+00,1.921814113461755430e-02,3.244094877793782250e-02
3.510000000000000231e+00,1.931834471389041671e-02,3.400906976516183955e-02
3.512500000000000178e+00,1.941936863578534386e-02,3.557719075238586354e-02
3.515000000000000124e+00,1.952122172107957979e-02,3.714531173960988752e-02
3.517500000000000071e+00,1.962391313063890919e-02,3.871343272683390457e-02
3.520000000000000018e+00,1.972745193010224871e-02,4.028155371405793550e-02
3.522499999999999964e+00,1.983184752867526990e-02,4.184967470128195255e-02
3.524999999999999911e+00,1.993710924489954309e-02,4.341779568850597654e-02
3.527499999999999858e+00,2.004324674451676835e-02,4.463475870644892374e-02
3.530000000000000249e+00,2.015026960732086911e-02,4.585172172439203053e-02
3.532500000000000195e+00,2.025818776410093572e-02,4.706868474233491528e-02
3.535000000000000142e+00,2.036701106457508917e-02,4.828564776027780003e-02
3.537500000000000089e+00,2.047674971341979441e-02,4.950261077822068478e-02
3.540000000000000036e+00,2.058741383928544208e-02,5.071957379616357647e-02
3.542499999999999982e+00,2.069901392991983433e-02,5.193653681410646122e-02
3.544999999999999929e+00,2.081156040226481846e-02,5.315349983204934597e-02
3.547499999999999876e+00,2.092506403668202564e-02,5.437046284999223766e-02
3.550000000000000266e+00,2.103953554813047661e-02,5.558742586793533752e-02
3.552500000000000213e+00,2.115498601950331278e-02,5.613215174156680615e-02
3.555000000000000160e+00,2.127142647388568023e-02,5.667687761519828171e-02
3.557500000000000107e+00,2.138886830701125508e-02,5.722160348882975034e-02
3.560000000000000053e+00,2.150732286060105455e-02,5.776632936246121897e-02
3.562500000000000000e+00,2.162680185394769139e-02,5.831105523609269453e-02
3.564999999999999947e+00,2.174731695833577103e-02,5.885578110972416316e-02
3.567499999999999893e+00,2.186888022776318011e-02,5.940050698335563178e-02
3.570000000000000284e+00,2.199150367444357990e-02,5.994523285698719756e-02
3.572500000000000231e+00,2.211519969867426980e-02,6.048995873061867312e-02
3.575000000000000178e+00,2.223998066542090882e-02,6.103468460425014175e-02
3.577500000000000124e+00,2.236585933334152287e-02,6.078690397349805624e-02
3.580000000000000071e+00,2.249284843245558455e-02,6.053912334274597074e-02
3.582500000000000018e+00,2.262096109233319510e-02,6.029134271199388523e-02
3.584999999999999964e+00,2.275021042084984096e-02,6.004356208124179972e-02
3.587499999999999911e+00,2.288060993155108594e-02,5.979578145048971421e-02
3.589999999999999858e+00,2.301217312349453092e-02,5.954800081973762871e-02
3.592500000000000249e+00,2.314491390780096941e-02,5.930022018898549463e-02
3.595000000000000195e+00,2.327884618858490351e-02,5.905243955823340912e-02
3.597500000000000142e+00,2.341398428870222412e-02,5.880465892748132362e-02
3.600000000000000089e+00,2.355034253177428621e-02,5.855687829672923811e-02
3.602500000000000036e+00,2.368793566714040913e-02,5.761013423349448104e-02
3.604999999999999982e+00,2.382677845297724237e-02,5.666339017025971703e-02
3.607499999999999929e+00,2.396688608047242708e-02,5.571664610702495996e-02
3.609999999999999876e+00,2.410827375803935302e-02,5.476990204379020288e-02
3.612500000000000266e+00,2.425095713472120301e-02,5.382315798055527234e-02
3.615000000000000213e+00,2.439495188550799484e-02,5.287641391732051527e-02
3.617500000000000160e+00,2.454027413398308585e-02,5.192966985408575820e-02
3.620000000000000107e+00,2.468694003874505674e-02,5.098292579085100112e-02
3.622500000000000053e+00,2.483496621530958612e-02,5.003618172761623711e-02
3.625000000000000000e+00,2.498436932364136651e-02,4.908943766438148004e-02
3.627499999999999947e+00,2.513516648932308944e-02,4.770805593776928505e-02
3.629999999999999893e+00,2.528737489220278870e-02,4.632667421115709699e-02
3.632500000000000284e+00,2.544101218684374083e-02,4.494529248454465914e-02
3.635000000000000231e+00,2.559609609229267571e-02,4.356391075793246415e-02
3.637500000000000178e+00,2.575264481182365853e-02,4.218252903132027609e-02
3.640000000000000124e+00,2.591067662383397460e-02,4.080114730470808110e-02
3.642500000000000071e+00,2.607021030089605798e-02,3.941976557809588610e-02
3.645000000000000018e+00,2.623126470178746561e-02,3.803838385148369805e-02
3.647499999999999964e+00,2.639385918986628457e-02,3.665700212487150306e-02
3.649999999999999911e+00,2.655801322624179797e-02,3.527562039825930806e-02
3.652499999999999858e+00,2.672374678748934071e-02,3.381324389858697543e-02
3.655000000000000249e+00,2.689107995996959516e-02,3.235086739891435831e-02
3.657500000000000195e+00,2.706003335689838654e-02,3.088849089924200833e-02
3.660000000000000142e+00,2.723062771382354919e-02,2.942611439956965835e-02
3.662500000000000089e+00,2.740288430506672424e-02,2.796373789989730491e-02
3.665000000000000036e+00,2.757682454036698358e-02,2.650136140022495146e-02
3.667499999999999982e+00,2.775247038071143590e-02,2.503898490055260148e-02
3.669999999999999929e+00,2.792984393615645725e-02,2.357660840088025150e-02
3.672499999999999876e+00,2.810896788106516039e-02,2.211423190120789806e-02
3.675000000000000266e+00,2.828986505311690061e-02,2.065185540153528440e-02
3.677500000000000213e+00,2.847255886797097485e-02,1.945172803433698958e-02
3.680000000000000160e+00,2.865707291947592467e-02,1.825160066713869475e-02
3.682500000000000107e+00,2.884343139377909537e-02,1.705147329994039646e-02
3.685000000000000053e+00,2.903165867074923925e-02,1.585134593274210163e-02
3.687500000000000000e+00,2.922177973755211641e-02,1.465121856554380680e-02
3.689999999999999947e+00,2.941381979129991525e-02,1.345109119834551198e-02
3.692499999999999893e+00,2.960780465211516194e-02,1.225096383114721542e-02
3.695000000000000284e+00,2.980376036702146736e-02,1.105083646394870722e-02
3.697500000000000231e+00,3.000171362251874765e-02,9.850709096750412397e-03
3.700000000000000178e+00,3.020169134973070546e-02,8.650581729552115837e-03
3.702500000000000124e+00,3.040372113651523822e-02,7.947174971119167278e-03
3.705000000000000071e+00,3.060783083388663242e-02,7.243768212686218719e-03
3.707500000000000018e+00,3.081404896768510232e-02,6.540361454253270160e-03
3.709999999999999964e+00,3.102240434629232463e-02,5.836954695820321601e-03
3.712499999999999911e+00,3.123292647188671486e-02,5.133547937387373042e-03
3.714999999999999858e+00,3.144564514947184586e-02,4.430141178954424483e-03
3.717500000000000249e+00,3.166059089774512364e-02,3.726734420521351024e-03
3.720000000000000195e+00,3.187779455945935481e-02,3.023327662088402465e-03
3.722500000000000142e+00,3.209728771193561675e-02,2.319920903655453906e-03
3.725000000000000089e+00,3.231910227877948100e-02,1.616514145222504913e-03
3.727500000000000036e+00,3.254327094006736337e-02,1.454862730700257371e-03
3.729999999999999982e+00,3.276982674544464541e-02,1.293211316178009829e-03
3.732499999999999929e+00,3.299880352401636519e-02,1.131559901655762070e-03
3.734999999999999876e+00,3.323023549885132516e-02,9.699084871335145273e-04
3.737500000000000266e+00,3.346415769661356676e-02,8.082570726112381452e-04
3.740000000000000213e+00,3.370060556349979003e-02,6.466056580889904945e-04
3.742500000000000160e+00,3.393961537464670886e-02,4.849542435667428437e-04
3.745000000000000107e+00,3.418122385153236908e-02,3.233028290444953014e-04
3.747500000000000053e+00,3.442546857119638259e-02,1.616514145222477591e-04
3.750000000000000000e+00,3.467238758513748603e-02,0.000000000000000000e+00
3.752499999999999947e+00,3.492201982838664259e-02,1.841044065149355217e-04
3.754999999999999893e+00,3.517440473993491828e-02,3.682088130298710434e-04
3.757500000000000284e+00,3.542958267170182030e-02,5.523132195448392538e-04
3.760000000000000231e+00,3.568759451052984366e-02,7.364176260597748297e-04
3.762500000000000178e+00,3.594848208709253840e-02,9.205220325747104056e-04
3.765000000000000124e+00,3.621228779949494520e-02,1.104626439089645982e-03
3.767500000000000071e+00,3.647905502216963747e-02,1.288730845604581449e-03
3.770000000000000018e+00,3.674882773112358308e-02,1.472835252119516916e-03
3.772499999999999964e+00,3.702165091287207277e-02,1.656939658634452601e-03
3.774999999999999911e+00,3.729757019137799195e-02,1.841044065149388068e-03
3.777499999999999858e+00,3.757663223707679440e-02,2.638212125801499448e-03
3.780000000000000249e+00,3.785888439555496615e-02,3.435380186453861062e-03
3.782500000000000195e+00,3.814437509672246457e-02,4.232548247106081296e-03
3.785000000000000142e+00,3.843315348528281161e-02,5.029716307758301530e-03
3.787500000000000089e+00,3.872526983011186086e-02,5.826884368410521764e-03
3.790000000000000036e+00,3.902077515657467743e-02,6.624052429062741998e-03
3.792499999999999982e+00,3.931972165617402676e-02,7.421220489714962232e-03
3.794999999999999929e+00,3.962216232077253597e-02,8.218388550367182466e-03
3.797499999999999876e+00,3.992815135257906517e-02,9.015556611019402700e-03
3.800000000000000266e+00,4.023774380033862119e-02,9.812724671671763446e-03
3.802500000000000213e+00,4.055099596972849135e-02,1.124969603566468301e-02
3.805000000000000160e+00,4.086796506158245357e-02,1.268666739965760432e-02
3.807500000000000107e+00,4.118870958277369432e-02,1.412363876365052562e-02
3.810000000000000053e+00,4.151328898654661065e-02,1.556061012764344519e-02
3.812500000000000000e+00,4.184176408396508146e-02,1.699758149163636475e-02
3.814999999999999947e+00,4.217419668643040270e-02,1.843455285562928606e-02
3.817499999999999893e+00,4.251065001778276536e-02,1.987152421962220389e-02
3.820000000000000284e+00,4.285118835908577339e-02,2.130849558361538193e-02
3.822500000000000231e+00,4.319587746147424828e-02,2.274546694760830323e-02
3.825000000000000178e+00,4.354478419329473743e-02,2.418243831160122106e-02
3.827500000000000124e+00,4.389797695379674819e-02,2.609227539784307257e-02
3.830000000000000071e+00,4.425552532272471196e-02,2.800211248408492754e-02
3.832500000000000018e+00,4.461750047495750826e-02,2.991194957032677904e-02
3.834999999999999964e+00,4.498397483265362262e-02,3.182178665656863054e-02
3.837499999999999911e+00,4.535502248095114181e-02,3.373162374281048204e-02
3.839999999999999858e+00,4.573071882277500444e-02,3.564146082905234048e-02
3.842500000000000249e+00,4.611114099571769070e-02,3.755129791529453198e-02
3.845000000000000195e+00,4.649636752962405667e-02,3.946113500153638348e-02
3.847500000000000142e+00,4.688647876478103937e-02,4.137097208777823498e-02
3.850000000000000089e+00,4.728155651240831953e-02,4.328080917402008648e-02
3.852500000000000036e+00,4.768168447428996343e-02,4.537069950288537268e-02
3.854999999999999982e+00,4.808694790630597959e-02,4.746058983175065887e-02
3.857499999999999929e+00,4.849743403965514621e-02,4.955048016061594507e-02
3.859999999999999876e+00,4.891323174756934816e-02,5.164037048948123126e-02
3.862500000000000266e+00,4.933443196828397187e-02,5.373026081834688522e-02
3.865000000000000213e+00,4.976112737509198747e-02,5.582015114721217142e-02
3.867500000000000160e+00,5.019341280122757015e-02,5.791004147607745761e-02
3.870000000000000107e+00,5.063138491342832059e-02,5.999993180494274381e-02
3.872500000000000053e+00,5.107514263891080319e-02,6.208982213380803000e-02
3.875000000000000000e+00,5.152478684261896369e-02,6.417971246267331620e-02
3.877499999999999947e+00,5.198042075648547089e-02,6.610919569420045661e-02
3.879999999999999893e+00,5.244214966055909394e-02,6.803867892572761089e-02
3.882500000000000284e+00,5.291008131475619797e-02,6.996816215725509824e-02
3.885000000000000231e+00,5.338432564407562947e-02,7.189764538878223865e-02
3.887500000000000178e+00,5.386499517306134882e-02,7.382712862030937906e-02
3.890000000000000124e+00,5.435220471532717368e-02,7.575661185183653334e-02
3.892500000000000071e+00,5.484607181096816386e-02,7.768609508336367375e-02
3.895000000000000018e+00,5.534671642063457297e-02,7.961557831489082804e-02
3.897499999999999964e+00,5.585426136614762838e-02,8.154506154641796845e-02
3.899999999999999911e+00,5.636883202937968684e-02,8.347454477794510885e-02
3.902500000000000302e+00,5.689055679634844737e-02,8.493324343547573041e-02
3.905000000000000249e+00,5.741956676118176867e-02,8.639194209300600502e-02
3.907500000000000195e+00,5.795599617398369124e-02,8.785064075053629351e-02
3.910000000000000142e+00,5.849998215018388514e-02,8.930933940806656812e-02
3.912500000000000089e+00,5.905166512249088173e-02,9.076803806559684273e-02
3.915000000000000036e+00,5.961118855594881027e-02,9.222673672312711735e-02
3.917499999999999982e+00,6.017869940431945508e-02,9.368543538065740583e-02
3.919999999999999929e+00,6.075434783119192106e-02,9.514413403818768045e-02
3.922499999999999876e+00,6.133828767116059066e-02,9.660283269571795506e-02
3.925000000000000266e+00,6.193067615736277953e-02,9.806153135324849335e-02
3.927500000000000213e+00,6.253167438784612564e-02,9.883636698389819397e-02
3.930000000000000160e+00,6.314144705993839091e-02,9.961120261454789460e-02
3.932500000000000107e+00,6.376016294222953962e-02,1.003860382451976091e-01
3.935000000000000053e+00,6.438799461620968445e-02,1.011608738758473097e-01
3.937500000000000000e+00,6.502511895432361300e-02,1.019357095064970103e-01
3.939999999999999947e+00,6.567171686934625274e-02,1.027105451371467110e-01
3.942499999999999893e+00,6.632797379900455537e-02,1.034853807677964255e-01
3.945000000000000284e+00,6.699407946359765831e-02,1.042602163984462649e-01
3.947500000000000231e+00,6.767022835771902001e-02,1.050350520290959655e-01
3.950000000000000178e+00,6.835661951666896496e-02,1.058098876597456661e-01
3.952500000000000124e+00,6.905345701585205442e-02,1.058337132085846455e-01
3.955000000000000071e+00,6.976094974657418013e-02,1.058575387574236248e-01
3.957500000000000018e+00,7.047931192373531328e-02,1.058813643062626042e-01
3.959999999999999964e+00,7.120876287165125995e-02,1.059051898551015836e-01
3.962499999999999911e+00,7.194952754071196055e-02,1.059290154039405629e-01
3.965000000000000302e+00,7.270183630391743868e-02,1.059528409527795562e-01
3.967500000000000249e+00,7.346592548322727900e-02,1.059766665016185355e-01
3.970000000000000195e+00,7.424203715755851862e-02,1.060004920504575149e-01
3.972500000000000142e+00,7.503041969960730362e-02,1.060243175992964942e-01
3.975000000000000089e+00,7.583132759611607709e-02,1.060481431481354736e-01
3.977500000000000036e+00,7.664502199601427868e-02,1.054243880465363103e-01
3.979999999999999982e+00,7.747177054382879680e-02,1.048006329449371610e-01
3.982499999999999929e+00,7.831184794005718874e-02,1.041768778433379977e-01
3.984999999999999876e+00,7.916553578866616925e-02,1.035531227417388483e-01
3.987500000000000266e+00,8.003312317068793369e-02,1.029293676401395741e-01
3.990000000000000213e+00,8.091490650682897634e-02,1.023056125385404108e-01
3.992500000000000160e+00,8.181119014535703782e-02,1.016818574369412614e-01
3.995000000000000107e+00,8.272228624093003191e-02,1.010581023353420982e-01
3.997500000000000053e+00,8.364851535792916515e-02,1.004343472337429488e-01
4.000000000000000000e+00,8.459020636670590287e-02,9.981059213214378556e-02
4.002500000000000391e+00,8.554769706361513293e-02,9.881157115919050882e-02
4.004999999999999893e+00,8.652133408597498243e-02,9.781255018623759290e-02
4.007500000000000284e+00,8.751147355015528873e-02,9.681352921328433003e-02
4.009999999999999787e+00,8.851848098665580922e-02,9.581450824033141411e-02
4.012500000000000178e+00,8.954273199771499436e-02,9.481548726737813737e-02
4.014999999999999680e+00,9.058461221402566710e-02,9.381646629442522145e-02
4.017500000000000071e+00,9.164451797345271600e-02,9.281744532147194471e-02
4.020000000000000462e+00,9.272285630103095644e-02,9.181842434851868184e-02
4.022499999999999964e+00,9.382004561050739933e-02,9.081940337556576592e-02
4.025000000000000355e+00,9.493651570940363216e-02,8.982038240261248918e-02
4.027499999999999858e+00,9.607270852524064930e-02,8.886005623817076760e-02
4.030000000000000249e+00,9.722907813759146256e-02,8.789973007372869906e-02
4.032499999999999751e+00,9.840609153099898199e-02,8.693940390928696360e-02
4.035000000000000142e+00,9.960422865610460419e-02,8.597907774484489507e-02
4.037499999999999645e+00,1.008239832114312534e-01,8.501875158040317348e-02
4.040000000000000036e+00,1.020658627358430465e-01,8.405842541596110495e-02
4.042500000000000426e+00,1.033303894215440999e-01,8.309809925151903642e-02
4.044999999999999929e+00,1.046181002403060584e-01,8.213777308707730096e-02
4.047500000000000320e+00,1.059295477902208737e-01,8.117744692263523243e-02
4.049999999999999822e+00,1.072653004583298680e-01,8.021712075819351084e-02
4.052500000000000213e+00,1.086259433038727629e-01,7.980203430434260059e-02
4.054999999999999716e+00,1.100120782601605174e-01,7.938694785049184299e-02
4.057500000000000107e+00,1.114243250572779648e-01,7.897186139664094662e-02
4.060000000000000497e+00,1.128633214662671663e-01,7.855677494279003636e-02
4.062500000000000000e+00,1.143297242644728956e-01,7.814168848893927877e-02
4.065000000000000391e+00,1.158242095253398940e-01,7.772660203508836851e-02
4.067499999999999893e+00,1.173474736298338039e-01,7.731151558123761092e-02
4.070000000000000284e+00,1.189002336054079262e-01,7.689642912738671454e-02
4.072499999999999787e+00,1.204832281871912741e-01,7.648134267353595694e-02
4.075000000000000178e+00,1.220972182099446107e-01,7.606625621968504669e-02
4.077499999999999680e+00,1.237429877229768299e-01,7.673086442546578345e-02
4.080000000000000071e+00,1.254213444391876764e-01,7.739547263124675613e-02
4.082500000000000462e+00,1.271331209079566704e-01,7.806008083702774270e-02
4.084999999999999964e+00,1.288791750256566004e-01,7.872468904280847946e-02
4.087500000000000355e+00,1.306603912710496140e-01,7.938929724858945214e-02
4.089999999999999858e+00,1.324776812819506433e-01,8.005390545437018890e-02
4.092500000000000249e+00,1.343319851579646562e-01,8.071851366015116158e-02
4.094999999999999751e+00,1.362242721082758401e-01,8.138312186593191222e-02
4.097500000000000142e+00,1.381555418268592406e-01,8.204773007171288490e-02
4.099999999999999645e+00,1.401268252166709694e-01,8.271233827749362166e-02
4.102500000000000036e+00,1.421391858427603350e-01,8.494673149854266303e-02
4.105000000000000426e+00,1.441937207384281494e-01,8.718112471959225951e-02
4.107499999999999929e+00,1.462915619419469793e-01,8.941551794064106495e-02
4.110000000000000320e+00,1.484338773905252984e-01,9.164991116169066143e-02
4.112499999999999822e+00,1.506218725466070274e-01,9.388430438273946688e-02
4.115000000000000213e+00,1.528567913857224458e-01,9.611869760378906336e-02
4.117499999999999716e+00,1.551399181185587062e-01,9.835309082483786880e-02
4.120000000000000107e+00,1.574725782789788142e-01,1.005874840458874653e-01
4.122500000000000497e+00,1.598561405482260833e-01,1.028218772669370618e-01
4.125000000000000000e+00,1.622920179495254966e-01,1.050562704879858672e-01
4.127500000000000391e+00,1.647816697808761055e-01,1.092352474434651055e-01
4.129999999999999893e+00,1.673266029226946616e-01,1.134142243989428728e-01
4.132500000000000284e+00,1.699283738856388337e-01,1.175932013544221111e-01
4.134999999999999787e+00,1.725885902376717296e-01,1.217721783098998645e-01
4.137500000000000178e+00,1.753089127732029573e-01,1.259511552653791167e-01
4.139999999999999680e+00,1.780910570657112946e-01,1.301301322208568700e-01
4.142500000000000071e+00,1.809367957641462576e-01,1.343091091763361222e-01
4.145000000000000462e+00,1.838479602767874033e-01,1.384880861318153467e-01
4.147499999999999964e+00,1.868264432002569586e-01,1.426670630872931000e-01
4.150000000000000355e+00,1.898742001395526957e-01,1.468460400427723522e-01
4.152499999999999858e+00,1.929932522741126810e-01,1.531684258697798284e-01
4.155000000000000249e+00,1.961856883178536570e-01,1.594908116967895528e-01
4.157499999999999751e+00,1.994536672254043908e-01,1.658131975237970290e-01
4.160000000000000142e+00,2.027994202944109481e-01,1.721355833508067257e-01
4.162499999999999645e+00,2.062252540132079870e-01,1.784579691778142019e-01
4.165000000000000036e+00,2.097335523054877637e-01,1.847803550048239263e-01
4.167500000000000426e+00,2.133267795181589266e-01,1.911027408318336507e-01
4.169999999999999929e+00,2.170074828055647831e-01,1.974251266588410991e-01
4.172500000000000320e+00,2.207782952529185050e-01,2.037475124858508235e-01
4.174999999999999822e+00,2.246419383933921654e-01,2.100698983128582997e-01
4.177500000000000213e+00,2.286012254580976899e-01,2.185159379666387902e-01
4.179999999999999716e+00,2.326590640143209321e-01,2.269619776204162831e-01
4.182500000000000107e+00,2.368184593272683602e-01,2.354080172741967736e-01
4.185000000000000497e+00,2.410825171011893586e-01,2.438540569279772363e-01
4.187500000000000000e+00,2.454544469307046173e-01,2.523000965817547292e-01
4.190000000000000391e+00,2.499375651181846014e-01,2.607461362355352197e-01
4.192499999999999893e+00,2.545352981830183436e-01,2.691921758893127126e-01
4.195000000000000284e+00,2.592511857179543022e-01,2.776382155430932031e-01
4.197499999999999787e+00,2.640888839126694920e-01,2.860842551968706959e-01
4.200000000000000178e+00,2.690521683982973200e-01,2.945302948506511864e-01
4.202499999999999680e+00,2.741449377265315901e-01,3.048429491042590755e-01
4.205000000000000071e+00,2.793712161346227352e-01,3.151556033578706284e-01
4.207500000000000462e+00,2.847351569022921192e-01,3.254682576114822368e-01
4.209999999999999964e+00,2.902410449482951127e-01,3.357809118650901259e-01
4.212500000000000355e+00,2.958932999637943206e-01,3.460935661187016787e-01
4.214999999999999858e+00,3.016964787252608415e-01,3.564062203723095679e-01
4.217500000000000249e+00,3.076552778736583726e-01,3.667188746259211207e-01
4.219999999999999751e+00,3.137745357959050851e-01,3.770315288795290654e-01
4.222500000000000142e+00,3.200592348831075018e-01,3.873441831331406182e-01
4.224999999999999645e+00,3.265145027927934818e-01,3.976568373867485073e-01
4.227500000000000036e+00,3.331456139751688417e-01,4.093500690440042278e-01
4.230000000000000426e+00,3.399579900794417742e-01,4.210433007012603923e-01
4.232499999999999929e+00,3.469572004831669165e-01,4.327365323585124490e-01
4.235000000000000320e+00,3.541489615466382190e-01,4.444297640157686691e-01
4.237499999999999822e+00,3.615391358151853196e-01,4.561229956730207258e-01
4.240000000000000213e+00,3.691337297541218976e-01,4.678162273302768903e-01
4.242499999999999716e+00,3.769388912156362292e-01,4.795094589875289470e-01
4.245000000000000107e+00,3.849609052013966970e-01,4.912026906447851671e-01
4.247500000000000497e+00,3.932061890927081582e-01,5.028959223020413871e-01
4.250000000000000000e+00,4.016812858869288072e-01,5.145891539592933883e-01
4.252500000000000391e+00,4.103928565802961725e-01,5.269831201394260534e-01
4.254999999999999893e+00,4.193476702064283246e-01,5.393770863195543885e-01
4.257500000000000284e+00,4.285525926345380432e-01,5.517710524996871646e-01
4.259999999999999787e+00,4.380145726027291908e-01,5.641650186798154998e-01
4.262500000000000178e+00,4.477406260499423030e-01,5.765589848599481648e-01
4.264999999999999680e+00,4.577378171838439869e-01,5.889529510400765000e-01
4.267500000000000071e+00,4.680132373039250226e-01,6.013469172202091650e-01
4.270000000000000462e+00,4.785739797756683456e-01,6.137408834003419411e-01
4.272499999999999964e+00,4.894271121281151826e-01,6.261348495804702763e-01
4.275000000000000355e+00,5.005796436275690153e-01,6.385288157606029413e-01
4.277499999999999858e+00,5.120384892523964782e-01,6.508086554820565750e-01
4.280000000000000249e+00,5.238104283797125893e-01,6.630884952035146496e-01
4.282499999999999751e+00,5.359020590647470828e-01,6.753683349249682832e-01
4.285000000000000142e+00,5.483197461874174117e-01,6.876481746464263578e-01
4.287500000000000533e+00,5.610695643115283238e-01,6.999280143678843213e-01
4.290000000000000036e+00,5.741572335073275024e-01,7.122078540893379550e-01
4.292500000000000426e+00,5.875880489643618976e-01,7.244876938107960296e-01
4.294999999999999929e+00,6.013668026436804759e-01,7.367675335322496633e-01
4.297500000000000320e+00,6.154976978060960890e-01,7.490473732537077378e-01
4.299999999999999822e+00,6.299842546991509806e-01,7.613272129751613715e-01
4.302500000000000213e+00,6.448292082926424529e-01,7.726192386175615434e-01
4.304999999999999716e+00,6.600343964314504541e-01,7.839112642599577185e-01
4.307500000000000107e+00,6.756006394113788227e-01,7.952032899023577794e-01
4.310000000000000497e+00,6.915276095067605100e-01,8.064953155447579514e-01
4.312500000000000000e+00,7.078136916574658821e-01,8.177873411871541265e-01
4.315000000000000391e+00,7.244558341030518100e-01,8.290793668295542984e-01
4.317499999999999893e+00,7.414493904860226525e-01,8.403713924719504735e-01
4.320000000000000284e+00,7.587879525968490579e-01,8.516634181143505344e-01
4.322499999999999787e+00,7.764631757361160069e-01,8.629554437567467096e-01
4.325000000000000178e+00,7.944645964024728002e-01,8.742474693991468815e-01
4.327499999999999680e+00,8.127794448964367202e-01,8.837044036845485007e-01
4.330000000000000071e+00,8.313924532531502543e-01,8.931613379699534505e-01
4.332500000000000462e+00,8.502856618801516442e-01,9.026182722553584004e-01
4.334999999999999964e+00,8.694382261862003691e-01,9.120752065407600195e-01
4.337500000000000355e+00,8.888262275215887964e-01,9.215321408261649694e-01
4.339999999999999858e+00,9.084224907279492278e-01,9.309890751115665886e-01
4.342500000000000249e+00,9.281964136710570967e-01,9.404460093969716494e-01
4.344999999999999751e+00,9.481138121320323853e-01,9.499029436823732686e-01
4.347500000000000142e+00,9.681367864911156751e-01,9.593598779677782185e-01
4.350000000000000533e+00,9.882236145906363456e-01,9.688168122531831683e-01
4.352500000000000036e+00,1.008328678115281818e+00,9.757025399812293553e-01
4.355000000000000426e+00,1.028402427623410054e+00,9.825882677092778739e-01
4.357499999999999929e+00,1.048391394084364769e+00,9.894739954373240609e-01
4.360000000000000320e+00,1.068238252279253508e+00,9.963597231653726904e-01
4.362499999999999822e+00,1.087881943768159942e+00,1.003245450893418766e+00
4.365000000000000213e+00,1.107257864187416008e+00,1.010131178621467507e+00
4.367499999999999716e+00,1.126298121466261293e+00,1.017016906349513583e+00
4.370000000000000107e+00,1.144931868041349610e+00,1.023902634077562102e+00
4.372500000000000497e+00,1.163085711349649776e+00,1.030788361805610842e+00
4.375000000000000000e+00,1.180684202732621424e+00,1.037674089533656918e+00
4.377500000000000391e+00,1.197650405449542488e+00,1.041438367893669170e+00
4.379999999999999893e+00,1.213906537764166238e+00,1.045202646253679868e+00
4.382500000000000284e+00,1.229374687122781751e+00,1.048966924613692120e+00
4.384999999999999787e+00,1.243977586330826224e+00,1.052731202973703040e+00
4.387500000000000178e+00,1.257639442472562541e+00,1.056495481333715070e+00
4.389999999999999680e+00,1.270286804207408471e+00,1.060259759693725989e+00
4.392500000000000071e+00,1.281849453147123175e+00,1.064024038053738241e+00
4.395000000000000462e+00,1.292261300411607250e+00,1.067788316413750493e+00
4.397499999999999964e+00,1.301461270298722495e+00,1.071552594773761191e+00
4.400000000000000355e+00,1.309394149432801191e+00,1.075316873133773443e+00
4.402499999999999858e+00,1.316011381853351425e+00,1.075651568660761503e+00
4.405000000000000249e+00,1.321271788384787982e+00,1.075986264187749564e+00
4.407499999999999751e+00,1.325142192283483844e+00,1.076320959714737624e+00
4.410000000000000142e+00,1.327597932640123712e+00,1.076655655241725684e+00
4.412500000000000533e+00,1.328623252211080130e+00,1.076990350768713745e+00
4.415000000000000036e+00,1.328211547235747192e+00,1.077325046295701805e+00
4.417500000000000426e+00,1.326365473151825292e+00,1.077659741822689865e+00
4.419999999999999929e+00,1.323096901860950192e+00,1.077994437349677925e+00
4.422500000000000320e+00,1.318426733034769427e+00,1.078329132876665986e+00
4.424999999999999822e+00,1.312384563782873714e+00,1.078663828403654046e+00
4.427500000000000213e+00,1.305008227519324437e+00,1.075534376809867076e+00
4.429999999999999716e+00,1.296343213997320554e+00,1.072404925216080995e+00
4.432500000000000107e+00,1.286441987953798716e+00,1.069275473622294026e+00
4.435000000000000497e+00,1.275363223634721876e+00,1.066146022028507057e+00
4.437500000000000000e+00,1.263170976447320681e+00,1.063016570434720975e+00
4.440000000000000391e+00,1.249933811231811909e+00,1.059887118840934006e+00
4.442499999999999893e+00,1.235723909028340506e+00,1.056757667247148147e+00
4.445000000000000284e+00,1.220616170960117763e+00,1.053628215653361178e+00
4.447499999999999787e+00,1.204687338884807390e+00,1.050498764059575096e+00
4.450000000000000178e+00,1.188015148080060923e+00,1.047369312465788127e+00
4.452499999999999680e+00,1.170677527371705384e+00,1.041017958390284770e+00
4.455000000000000071e+00,1.152751857114741929e+00,1.034666604314779415e+00
4.457500000000000462e+00,1.134314295228391334e+00,1.028315250239273837e+00
4.459999999999999964e+00,1.115439176396371579e+00,1.021963896163770480e+00
4.462500000000000355e+00,1.096198489458910963e+00,1.015612542088265124e+00
4.464999999999999858e+00,1.076661433251105304e+00,1.009261188012761767e+00
4.467500000000000249e+00,1.056894051512458077e+00,1.002909833937256190e+00
4.469999999999999751e+00,1.036958943284047141e+00,9.965584798617530549e-01
4.472500000000000142e+00,1.016915046195542516e+00,9.902071257862474774e-01
4.475000000000000533e+00,9.968174864811532032e-01,9.838557717107420109e-01
4.477500000000000036e+00,9.767174911773587320e-01,9.747763818628731869e-01
4.480000000000000426e+00,9.566623549926073222e-01,9.656969920150011433e-01
4.482499999999999929e+00,9.366954564920222381e-01,9.566176021671323193e-01
4.485000000000000320e+00,9.168563157577848122e-01,9.475382123192602757e-01
4.487499999999999822e+00,8.971806882385989779e-01,9.384588224713914517e-01
4.490000000000000213e+00,8.777006873517285701e-01,9.293794326235192971e-01
4.492499999999999716e+00,8.584449312060382642e-01,9.203000427756504731e-01
4.495000000000000107e+00,8.394387068562143561e-01,9.112206529277784295e-01
4.497500000000000497e+00,8.207041484264064879e-01,9.021412630799063859e-01
4.500000000000000000e+00,8.022604235606882739e-01,8.930618732320375619e-01
4.502500000000000391e+00,7.841239256111686151e-01,8.819493348122000587e-01
4.504999999999999893e+00,7.663084670902535755e-01,8.708367963923665522e-01
4.507500000000000284e+00,7.488254728278548322e-01,8.597242579725290490e-01
4.509999999999999787e+00,7.316841693372371225e-01,8.486117195526955426e-01
4.512500000000000178e+00,7.148917697327431542e-01,8.374991811328580393e-01
4.514999999999999680e+00,6.984536515289270220e-01,8.263866427130245329e-01
4.517500000000000071e+00,6.823735274016018426e-01,8.152741042931871407e-01
4.520000000000000462e+00,6.666536068952544358e-01,8.041615658733496375e-01
4.522499999999999964e+00,6.512947497243497530e-01,7.930490274535161310e-01
4.525000000000000355e+00,6.362966091431383475e-01,7.819364890336786278e-01
4.527499999999999858e+00,6.216577664427708205e-01,7.696165261911847022e-01
4.530000000000000249e+00,6.073758553960951767e-01,7.572965633486863357e-01
4.532499999999999751e+00,5.934476779886064257e-01,7.449766005061922991e-01
4.535000000000000142e+00,5.798693104834997669e-01,7.326566376636939326e-01
4.537500000000000533e+00,5.666362013342975956e-01,7.203366748211955661e-01
4.540000000000000036e+00,5.537432601290699363e-01,7.080167119787016405e-01
4.542500000000000426e+00,5.411849391757308503e-01,6.956967491362032741e-01
4.544999999999999929e+00,5.289553069811140373e-01,6.833767862937092374e-01
4.547500000000000320e+00,5.170481152726045249e-01,6.710568234512108710e-01
4.549999999999999822e+00,5.054568588365769832e-01,6.587368606087169454e-01
4.552500000000000213e+00,4.941748298230867475e-01,6.460842051344385384e-01
4.554999999999999716e+00,4.831951657814881340e-01,6.334315496601646833e-01
4.557500000000000107e+00,4.725108930524927198e-01,6.207788941858862763e-01
4.560000000000000497e+00,4.621149647527254545e-01,6.081262387116078694e-01
4.562500000000000000e+00,4.520002949390983793e-01,5.954735832373339033e-01
4.565000000000000391e+00,4.421597881501675986e-01,5.828209277630556073e-01
4.567499999999999893e+00,4.325863658666666556e-01,5.701682722887816412e-01
4.570000000000000284e+00,4.232729890452767152e-01,5.575156168145032343e-01
4.572499999999999787e+00,4.142126782207265490e-01,5.448629613402293792e-01
4.575000000000000178e+00,4.053985302869655971e-01,5.322103058659509722e-01
4.577499999999999680e+00,3.968237334065923827e-01,5.200643185354142384e-01
4.580000000000000071e+00,3.884815791182372191e-01,5.079183312048731747e-01
4.582500000000000462e+00,3.803654730482457502e-01,4.957723438743321109e-01
4.584999999999999964e+00,3.724689432589576854e-01,4.836263565437953216e-01
4.587500000000000355e+00,3.647856476011607230e-01,4.714803692132542579e-01
4.589999999999999858e+00,3.573093790698910199e-01,4.593343818827175240e-01
4.592500000000000249e+00,3.500340704968228356e-01,4.471883945521764048e-01
4.594999999999999751e+00,3.429537975497443103e-01,4.350424072216396709e-01
4.597500000000000142e+00,3.360627813424293953e-01,4.228964198910986072e-01
4.600000000000000533e+00,3.293553896010249504e-01,4.107504325605575435e-01
4.602500000000000036e+00,3.228261376644920855e-01,3.998373778840946802e-01
4.605000000000000426e+00,3.164696882448121973e-01,3.889243232076279311e-01
4.607499999999999929e+00,3.102808512025088117e-01,3.780112685311650678e-01
4.610000000000000320e+00,3.042545822463544880e-01,3.670982138546983187e-01
4.612499999999999822e+00,2.983859817941752479e-01,3.561851591782354554e-01
4.615000000000000213e+00,2.926702928899026501e-01,3.452721045017687063e-01
4.617499999999999716e+00,2.871028993980766497e-01,3.343590498253057874e-01
4.620000000000000107e+00,2.816793233599125812e-01,3.234459951488390383e-01
4.622500000000000497e+00,2.763952227189282462e-01,3.125329404723722893e-01
4.625000000000000000e+00,2.712463882915062685e-01,3.016198857959094259e-01
4.627500000000000391e+00,2.662287411792900182e-01,2.924901264338686802e-01
4.629999999999999893e+00,2.613383294919814914e-01,2.833603670718312095e-01
4.632500000000000284e+00,2.565713255681216776e-01,2.742306077097904637e-01
4.634999999999999787e+00,2.519240225572182412e-01,2.651008483477529931e-01
4.637500000000000178e+00,2.473928315429624325e-01,2.559710889857123028e-01
4.639999999999999680e+00,2.429742780670310631e-01,2.468413296236747767e-01
4.642500000000000071e+00,2.386649992265963138e-01,2.377115702616340587e-01
4.645000000000000462e+00,2.344617402022669550e-01,2.285818108995933406e-01
4.647499999999999964e+00,2.303613513839678495e-01,2.194520515375558700e-01
4.650000000000000355e+00,2.263607849496040436e-01,2.103222921755151242e-01
4.652499999999999858e+00,2.224570920592231216e-01,2.033088158394780187e-01
4.655000000000000249e+00,2.186474195183750469e-01,1.962953395034384430e-01
4.657499999999999751e+00,2.149290070692566612e-01,1.892818631674013652e-01
4.660000000000000142e+00,2.112991841627814282e-01,1.822683868313617617e-01
4.662500000000000533e+00,2.077553673665818723e-01,1.752549104953221859e-01
4.665000000000000036e+00,2.042950572619992300e-01,1.682414341592851081e-01
4.667500000000000426e+00,2.009158359819268880e-01,1.612279578232455046e-01
4.669999999999999929e+00,1.976153642428578883e-01,1.542144814872084269e-01
4.672500000000000320e+00,1.943913790202142222e-01,1.472010051511688511e-01
4.674999999999999822e+00,1.912416907209109340e-01,1.401875288151317456e-01
4.677500000000000213e+00,1.881641809997233183e-01,1.353896732363918110e-01
4.679999999999999716e+00,1.851568000742582765e-01,1.305918176576535972e-01
4.682500000000000107e+00,1.822175646828124440e-01,1.257939620789136903e-01
4.685000000000000497e+00,1.793445555409609871e-01,1.209961065001737696e-01
4.687500000000000000e+00,1.765359154390523100e-01,1.161982509214355419e-01
4.690000000000000391e+00,1.737898468376418981e-01,1.114003953426956350e-01
4.692499999999999893e+00,1.711046101010839648e-01,1.066025397639574074e-01
4.695000000000000284e+00,1.684785212276154465e-01,1.018046841852174866e-01
4.697499999999999787e+00,1.659099502143093208e-01,9.700682860647927286e-02
4.700000000000000178e+00,1.633973189166219031e-01,9.220897302773935211e-02
4.702499999999999680e+00,1.609390995391613011e-01,8.950226792104312712e-02
4.705000000000000071e+00,1.585338126188603203e-01,8.679556281434594456e-02
4.707500000000000462e+00,1.561800256354996252e-01,8.408885770764876200e-02
4.709999999999999964e+00,1.538763511122755445e-01,8.138215260095255088e-02
4.712500000000000355e+00,1.516214453397331519e-01,7.867544749425536832e-02
4.714999999999999858e+00,1.494140065873093282e-01,7.596874238755914333e-02
4.717500000000000249e+00,1.472527739342204822e-01,7.326203728086197464e-02
4.719999999999999751e+00,1.451365255855185665e-01,7.055533217416574965e-02
4.722500000000000142e+00,1.430640778035003335e-01,6.784862706746856709e-02
4.725000000000000533e+00,1.410342833218888037e-01,6.514192196077138453e-02
4.727500000000000036e+00,1.390460303714467216e-01,6.421195530996208489e-02
4.730000000000000426e+00,1.370982411860497685e-01,6.328198865915246607e-02
4.732499999999999929e+00,1.351898711163756761e-01,6.235202200834316644e-02
4.735000000000000320e+00,1.333199072218495540e-01,6.142205535753354068e-02
4.737499999999999822e+00,1.314873674665146264e-01,6.049208870672424104e-02
4.740000000000000213e+00,1.296912993910831757e-01,5.956212205591461528e-02
4.742499999999999716e+00,1.279307793853628195e-01,5.863215540510532259e-02
4.745000000000000107e+00,1.262049114349254875e-01,5.770218875429569683e-02
4.747500000000000497e+00,1.245128264647500649e-01,5.677222210348606413e-02
4.750000000000000000e+00,1.228536811553153363e-01,5.584225545267677143e-02
4.752500000000000391e+00,1.212266573524153623e-01,5.623773556562564058e-02
4.754999999999999893e+00,1.196309609477816671e-01,5.663321567857437788e-02
4.757500000000000284e+00,1.180658213503273102e-01,5.702869579152324703e-02
4.759999999999999787e+00,1.165304904267007446e-01,5.742417590447197739e-02
4.762500000000000178e+00,1.150242420295121415e-01,5.781965601742085348e-02
4.764999999999999680e+00,1.135463709935131266e-01,5.821513613036958384e-02
4.767500000000000071e+00,1.120961927166477384e-01,5.861061624331845993e-02
4.770000000000000462e+00,1.106730422078375381e-01,5.900609635626732907e-02
4.772499999999999964e+00,1.092762737169778869e-01,5.940157646921606638e-02
4.775000000000000355e+00,1.079052598305822452e-01,5.979705658216493552e-02
4.777499999999999858e+00,1.065593911471113264e-01,6.099509367127139980e-02
4.780000000000000249e+00,1.052380754169909421e-01,6.219313076037829430e-02
4.782499999999999751e+00,1.039407372599164825e-01,6.339116784948475858e-02
4.785000000000000142e+00,1.026668173460054401e-01,6.458920493859166001e-02
4.787500000000000533e+00,1.014157721519608341e-01,6.578724202769854756e-02
4.790000000000000036e+00,1.001870731803537889e-01,6.698527911680501878e-02
4.792500000000000426e+00,9.898020675175410454e-02,6.818331620591190634e-02
4.794999999999999929e+00,9.779467325935832511e-02,6.938135329501837756e-02
4.797500000000000320e+00,9.662998699441040229e-02,7.057939038412527899e-02
4.799999999999999822e+00,9.548567543359411103e-02,7.177742747323173633e-02
4.802500000000000213e+00,9.436127909526396962e-02,7.325275080929892491e-02
4.804999999999999716e+00,9.325635085721682704e-02,7.472807414536568327e-02
4.807500000000000107e+00,9.217045584143776504e-02,7.620339748143295511e-02
4.810000000000000497e+00,9.110317076004022241e-02,7.767872081750024083e-02
4.812500000000000000e+00,9.005408382640806009e-02,7.915404415356699919e-02
4.815000000000000391e+00,8.902279412726166186e-02,8.062936748963428490e-02
4.817499999999999893e+00,8.800891155823374612e-02,8.210469082570104327e-02
4.820000000000000284e+00,8.701205622017398056e-02,8.358001416176831511e-02
4.822499999999999787e+00,8.603185837734594887e-02,8.505533749783507347e-02
4.825000000000000178e+00,8.506795787622596638e-02,8.653066083390235919e-02
4.827499999999999680e+00,8.412000412464670784e-02,8.782018226960462692e-02
4.830000000000000071e+00,8.318765553147670910e-02,8.910970370530733875e-02
4.832500000000000462e+00,8.227057950516392104e-02,9.039922514101006445e-02
4.834999999999999964e+00,8.136845191280690781e-02,9.168874657671231831e-02
4.837500000000000355e+00,8.048095709666812370e-02,9.297826801241504402e-02
4.839999999999999858e+00,7.960778735126045058e-02,9.426778944811731176e-02
4.842500000000000249e+00,7.874864295650997603e-02,9.555731088382002358e-02
4.844999999999999751e+00,7.790323167158540174e-02,9.684683231952229132e-02
4.847500000000000142e+00,7.707126878349127019e-02,9.813635375522500315e-02
4.850000000000000533e+00,7.625247661646425423e-02,9.942587519092772885e-02
4.852500000000000036e+00,7.544658459486874857e-02,1.001807582667731261e-01
4.855000000000000426e+00,7.465332876707594933e-02,1.009356413426188009e-01
4.857499999999999929e+00,7.387245188161914444e-02,1.016905244184642121e-01
4.860000000000000320e+00,7.310370292455038721e-02,1.024454074943098730e-01
4.862499999999999822e+00,7.234683720789394923e-02,1.032002905701552842e-01
4.865000000000000213e+00,7.160161591955228888e-02,1.039551736460009590e-01
4.867499999999999716e+00,7.086780622316787848e-02,1.047100567218463563e-01
4.870000000000000107e+00,7.014518081971903019e-02,1.054649397976920311e-01
4.872500000000000497e+00,6.943351805796769971e-02,1.062198228735377059e-01
4.875000000000000000e+00,6.873260150695188753e-02,1.069747059493831032e-01
4.877500000000000391e+00,6.804222007625694568e-02,1.069938293742483115e-01
4.879999999999999893e+00,6.736216759867143244e-02,1.070129527991135060e-01
4.882500000000000284e+00,6.669224295957663917e-02,1.070320762239787143e-01
4.884999999999999787e+00,6.603224968908587289e-02,1.070511996488439088e-01
4.887500000000000178e+00,6.538199609990227867e-02,1.070703230737091172e-01
4.889999999999999680e+00,6.474129488831062429e-02,1.070894464985743116e-01
4.892500000000000071e+00,6.410996327989973431e-02,1.071085699234395200e-01
4.895000000000000462e+00,6.348782263882558896e-02,1.071276933483047283e-01
4.897499999999999964e+00,6.287469862083945593e-02,1.071468167731699228e-01
4.900000000000000355e+00,6.227042079028122928e-02,1.071659401980351312e-01
4.902499999999999858e+00,6.167482277989633221e-02,1.064071588093560977e-01
4.905000000000000249e+00,6.108774191505939033e-02,1.056483774206768006e-01
4.907499999999999751e+00,6.050901937990077473e-02,1.048895960319977810e-01
4.910000000000000142e+00,5.993849984829530825e-02,1.041308146433184839e-01
4.912500000000000533e+00,5.937603165585499804e-02,1.033720332546391729e-01
4.915000000000000036e+00,5.882146643725284091e-02,1.026132518659601534e-01
4.917500000000000426e+00,5.827465930366861752e-02,1.018544704772808562e-01
4.919999999999999929e+00,5.773546848605006637e-02,1.010956890886018228e-01
4.922500000000000320e+00,5.720375551762843513e-02,1.003369076999225257e-01
4.924999999999999822e+00,5.667938488274570225e-02,9.957812631124349223e-02
4.927500000000000213e+00,5.616222420408728544e-02,9.814672616481527612e-02
4.929999999999999716e+00,5.565214389673062145e-02,9.671532601838732368e-02
4.932500000000000107e+00,5.514901735976465019e-02,9.528392587195885777e-02
4.935000000000000497e+00,5.465272063524054952e-02,9.385252572553040573e-02
4.937500000000000000e+00,5.416313260387376621e-02,9.242112557910245330e-02
4.940000000000000391e+00,5.368013464859818645e-02,9.098972543267398738e-02
4.942499999999999893e+00,5.320361085406659363e-02,8.955832528624603495e-02
4.945000000000000284e+00,5.273344767453344573e-02,8.812692513981758291e-02
4.947499999999999787e+00,5.226953413688913141e-02,8.669552499338963047e-02
4.950000000000000178e+00,5.181176151261461527e-02,8.526412484696116456e-02
4.952499999999999680e+00,5.136002352410332095e-02,8.338095765618756816e-02
4.955000000000000071e+00,5.091421602044946676e-02,8.149779046541329175e-02
4.957500000000000462e+00,5.047423718682970267e-02,7.961462327463902922e-02
4.959999999999999964e+00,5.003998722390139153e-02,7.773145608386543282e-02
4.962500000000000355e+00,4.961136856003268286e-02,7.584828889309117028e-02
4.964999999999999858e+00,4.918828553410344029e-02,7.396512170231756000e-02
4.967500000000000249e+00,4.877064461038514709e-02,7.208195451154329747e-02
4.969999999999999751e+00,4.835835406455234187e-02,7.019878732076970107e-02
4.972500000000000142e+00,4.795132420102850984e-02,6.831562012999542466e-02
4.975000000000000533e+00,4.754946704202690777e-02,6.643245293922116212e-02
4.977500000000000036e+00,4.715269654719195236e-02,6.438700089480298150e-02
4.980000000000000426e+00,4.676092830550203361e-02,6.234154885038406535e-02
4.982499999999999929e+00,4.637407975704477964e-02,6.029609680596587779e-02
4.985000000000000320e+00,4.599206988762635090e-02,5.825064476154696858e-02
4.987499999999999822e+00,4.561481945253294951e-02,5.620519271712878795e-02
4.990000000000000213e+00,4.524225067369923997e-02,5.415974067270987180e-02
4.992499999999999716e+00,4.487428746531612472e-02,5.211428862829169117e-02
4.995000000000000107e+00,4.451085513342262906e-02,5.006883658387277503e-02
4.997500000000000497e+00,4.415188060323191332e-02,4.802338453945385888e-02
5.000000000000000000e+00,4.379729212101791253e-02,4.597793249503567825e-02
5.002500000000000391e+00,4.344701948303771044e-02,4.407360196631425475e-02
5.004999999999999893e+00,4.310099373959444535e-02,4.216927143759351126e-02
5.007500000000000284e+00,4.275914742544454500e-02,4.026494090887208777e-02
5.009999999999999787e+00,4.242141426592407893e-02,3.836061038015133734e-02
5.012500000000000178e+00,4.208772940873453661e-02,3.645627985142991384e-02
5.014999999999999680e+00,4.175802913203030542e-02,3.455194932270917035e-02
5.017500000000000071e+00,4.143225107748422370e-02,3.264761879398774685e-02
5.020000000000000462e+00,4.111033396023774933e-02,3.074328826526632336e-02
5.022499999999999964e+00,4.079221780315383378e-02,2.883895773654557640e-02
5.025000000000000355e+00,4.047784364853998507e-02,2.693462720782415290e-02
5.027499999999999858e+00,4.016715379350169896e-02,2.543458471786572486e-02
5.030000000000000249e+00,3.986009150335234619e-02,2.393454222790676600e-02
5.032499999999999751e+00,3.955660124798731497e-02,2.243449973794833796e-02
5.035000000000000142e+00,3.925662841690025912e-02,2.093445724798937563e-02
5.037500000000000533e+00,3.896011955650270642e-02,1.943441475803041676e-02
5.040000000000000036e+00,3.866702208667112395e-02,1.793437226807199220e-02
5.042500000000000426e+00,3.837728453894300590e-02,1.643432977811302986e-02
5.044999999999999929e+00,3.809085627452272332e-02,1.493428728815460182e-02
5.047500000000000320e+00,3.780768772328716582e-02,1.343424479819564123e-02
5.049999999999999822e+00,3.752773010318647545e-02,1.193420230823721492e-02
5.052500000000000213e+00,3.725093565999709061e-02,1.101586967434705668e-02
5.054999999999999716e+00,3.697725738805439366e-02,1.009753704045743099e-02
5.057500000000000107e+00,3.670664927069526573e-02,9.179204406567480906e-03
5.060000000000000497e+00,3.643906600226450021e-02,8.260871772677529090e-03
5.062500000000000000e+00,3.617446322919285612e-02,7.342539138787903402e-03
5.065000000000000391e+00,3.591279727322247567e-02,6.424206504897951586e-03
5.067499999999999893e+00,3.565402537306899128e-02,5.505873871008325898e-03
5.070000000000000284e+00,3.539810540881517531e-02,4.587541237118374950e-03
5.072499999999999787e+00,3.514499614410920153e-02,3.669208603228750129e-03
5.075000000000000178e+00,3.489465695167749681e-02,2.750875969338798313e-03
5.077499999999999680e+00,3.464704805601462323e-02,2.475788372404977115e-03
5.080000000000000071e+00,3.440213025997016644e-02,2.200700775471058340e-03
5.082500000000000462e+00,3.415986518788867443e-02,1.925613178537139347e-03
5.084999999999999964e+00,3.392021501322670801e-02,1.650525581603318149e-03
5.087500000000000355e+00,3.368314270210317346e-02,1.375437984669399157e-03
5.089999999999999858e+00,3.344861174190739278e-02,1.100350387735577959e-03
5.092500000000000249e+00,3.321658638522186763e-02,8.252627908016591830e-04
5.094999999999999751e+00,3.298703137938371194e-02,5.501751938678379854e-04
5.097500000000000142e+00,3.275991221074549264e-02,2.750875969339192095e-04
5.100000000000000533e+00,3.253519483515295713e-02,0.000000000000000000e+00
5.102500000000000036e+00,3.231284592251221915e-02,3.032831018411879923e-04
5.105000000000000426e+00,3.209283258815021772e-02,6.065662036824837544e-04
5.107499999999999929e+00,3.187512263765671094e-02,9.098493055236718009e-04
5.110000000000000320e+00,3.165968429909595677e-02,1.213132407364967509e-03
5.112499999999999822e+00,3.144648646809530129e-02,1.516415509206155447e-03
5.115000000000000213e+00,3.123549844087714772e-02,1.819698611047451155e-03
5.117499999999999716e+00,3.102669015956707743e-02,2.122981712888639093e-03
5.120000000000000107e+00,3.082003194601799084e-02,2.426264814729935018e-03
5.122500000000000497e+00,3.061549474731228154e-02,2.729547916571230942e-03
5.125000000000000000e+00,3.041304987035167717e-02,3.032831018412418880e-03
5.127500000000000391e+00,3.021266922752880238e-02,3.809979853938220713e-03
5.129999999999999893e+00,3.001432507205712211e-02,4.587128689463745856e-03
5.132500000000000284e+00,2.981799024379021973e-02,5.364277524989548122e-03
5.134999999999999787e+00,2.962363790526801807e-02,6.141426360515073700e-03
5.137500000000000178e+00,2.943124178766144683e-02,6.918575196040875966e-03
5.139999999999999680e+00,2.924077592751274726e-02,7.695724031566401543e-03
5.142500000000000071e+00,2.905221491278624918e-02,8.472872867092202942e-03
5.145000000000000462e+00,2.886553362028058609e-02,9.250021702618006075e-03
5.147499999999999964e+00,2.868070746176636793e-02,1.002717053814353165e-02
5.150000000000000355e+00,2.849771212205089513e-02,1.080431937366933305e-02
5.152499999999999858e+00,2.831652380518558457e-02,1.186340709820043852e-02
5.155000000000000249e+00,2.813711897316189051e-02,1.292249482273191870e-02
5.157499999999999751e+00,2.795947459217299619e-02,1.398158254726302417e-02
5.160000000000000142e+00,2.778356787192354585e-02,1.504067027179450435e-02
5.162500000000000533e+00,2.760937651192888267e-02,1.609975799632598625e-02
5.165000000000000036e+00,2.743687844142148752e-02,1.715884572085708826e-02
5.167500000000000426e+00,2.726605206567211601e-02,1.821793344538857190e-02
5.169999999999999929e+00,2.709687600647842087e-02,1.927702116991967390e-02
5.172500000000000320e+00,2.692932934849361776e-02,2.033610889445115755e-02
5.174999999999999822e+00,2.676339138028026310e-02,2.139519661898225955e-02
5.177500000000000213e+00,2.659904184063462823e-02,2.249896557333668293e-02
5.179999999999999716e+00,2.643626066019021462e-02,2.360273452769072813e-02
5.182500000000000107e+00,2.627502820772631767e-02,2.470650348204516886e-02
5.185000000000000497e+00,2.611532503230729746e-02,2.581027243639960611e-02
5.187500000000000000e+00,2.595713210956198530e-02,2.691404139075365132e-02
5.190000000000000391e+00,2.580043058434706646e-02,2.801781034510808857e-02
5.192499999999999893e+00,2.564520201698643892e-02,2.912157929946213725e-02
5.195000000000000284e+00,2.549142812644466724e-02,3.022534825381657103e-02
5.197499999999999787e+00,2.533909103651713068e-02,3.132911720817062318e-02
5.200000000000000178e+00,2.518817301950118659e-02,3.243288616252505696e-02
5.202499999999999680e+00,2.503865674232762240e-02,3.334676199658152818e-02
5.205000000000000071e+00,2.489052501071705240e-02,3.426063783063831858e-02
5.207500000000000462e+00,2.474376101524456556e-02,3.517451366469510898e-02
5.209999999999999964e+00,2.459834807597110345e-02,3.608838949875158020e-02
5.212500000000000355e+00,2.445426988842957713e-02,3.700226533280837060e-02
5.214999999999999858e+00,2.431151026872442264e-02,3.791614116686484182e-02
5.217500000000000249e+00,2.417005339943014211e-02,3.883001700092163222e-02
5.219999999999999751e+00,2.402988357514659890e-02,3.974389283497809650e-02
5.222500000000000142e+00,2.389098544830521240e-02,4.065776866903489384e-02
5.225000000000000533e+00,2.375334377517031650e-02,4.157164450309168424e-02
5.227500000000000036e+00,2.361694366154400843e-02,4.210927027214211860e-02
5.230000000000000426e+00,2.348177030920552133e-02,4.264689604119274030e-02
5.232499999999999929e+00,2.334780926150884992e-02,4.318452181024317466e-02
5.235000000000000320e+00,2.321504615025002036e-02,4.372214757929380330e-02
5.237499999999999822e+00,2.308346694115154252e-02,4.425977334834423765e-02
5.240000000000000213e+00,2.295305768115033299e-02,4.479739911739485936e-02
5.242499999999999716e+00,2.282380474376163176e-02,4.533502488644529371e-02
5.245000000000000107e+00,2.269569457677972010e-02,4.587265065549592236e-02
5.247500000000000497e+00,2.256871394751705853e-02,4.641027642454654406e-02
5.250000000000000000e+00,2.244284969090952486e-02,4.694790219359697842e-02
5.252500000000000391e+00,2.231808895462428222e-02,4.700616363287405536e-02
5.254999999999999893e+00,2.219441894756384037e-02,4.706442507215111842e-02
5.257500000000000284e+00,2.207182718483738718e-02,4.712268651142819537e-02
5.259999999999999787e+00,2.195030123665608207e-02,4.718094795070525843e-02
5.262500000000000178e+00,2.182982897316407961e-02,4.723920938998233537e-02
5.264999999999999680e+00,2.171039831371754728e-02,4.729747082925939150e-02
5.267500000000000071e+00,2.159199747157121430e-02,4.735573226853647538e-02
5.270000000000000462e+00,2.147461470353543081e-02,4.741399370781355233e-02
5.272499999999999964e+00,2.135823855451353739e-02,4.747225514709061539e-02
5.275000000000000355e+00,2.124285760753048119e-02,4.753051658636769233e-02
5.277499999999999858e+00,2.112846072811766507e-02,4.710773270966676918e-02
5.280000000000000249e+00,2.101503681470731633e-02,4.668494883296570030e-02
5.282499999999999751e+00,2.090257504286072154e-02,4.626216495626477715e-02
5.285000000000000142e+00,2.079106461602379594e-02,4.583938107956370134e-02
5.287500000000000533e+00,2.068049500959381545e-02,4.541659720286263247e-02
5.290000000000000036e+00,2.057085572203082302e-02,4.499381332616170931e-02
5.292500000000000426e+00,2.046213651876154990e-02,4.457102944946064044e-02
5.294999999999999929e+00,2.035432718364041382e-02,4.414824557275971728e-02
5.297500000000000320e+00,2.024741776268603952e-02,4.372546169605864841e-02
5.299999999999999822e+00,2.014139831588872623e-02,4.330267781935772525e-02
5.302500000000000213e+00,2.003625916077701741e-02,4.249639189837650655e-02
5.304999999999999716e+00,1.993199062456569443e-02,4.169010597739543356e-02
5.307500000000000107e+00,1.982858328754980373e-02,4.088382005641408301e-02
5.310000000000000497e+00,1.972602773558921815e-02,4.007753413543272553e-02
5.312500000000000000e+00,1.962431480332751943e-02,3.927124821445165948e-02
5.315000000000000391e+00,1.952343532700841211e-02,3.846496229347030199e-02
5.317499999999999893e+00,1.942338038751691143e-02,3.765867637248923594e-02
5.320000000000000284e+00,1.932414106352399116e-02,3.685239045150787845e-02
5.322499999999999787e+00,1.922570867434797784e-02,3.604610453052681240e-02
5.325000000000000178e+00,1.912807453342257880e-02,3.523981860954545492e-02
5.327499999999999680e+00,1.903123019097644614e-02,3.422398981705089549e-02
5.330000000000000071e+00,1.893516718782166722e-02,3.320816102455597524e-02
5.332500000000000462e+00,1.883987729784876441e-02,3.219233223206105499e-02
5.334999999999999964e+00,1.874535228213175531e-02,3.117650343956649556e-02
5.337500000000000355e+00,1.865158413123747458e-02,3.016067464707157531e-02
5.339999999999999858e+00,1.855856481964277688e-02,2.914484585457701588e-02
5.342500000000000249e+00,1.846628654785709839e-02,2.812901706208209562e-02
5.344999999999999751e+00,1.837474149714794433e-02,2.711318826958753619e-02
5.347500000000000142e+00,1.828392207147505957e-02,2.609735947709261594e-02
5.350000000000000533e+00,1.819382065252149461e-02,2.508153068459769222e-02
5.352500000000000036e+00,1.810442984143723066e-02,2.406633574820071439e-02
5.355000000000000426e+00,1.801574221417252819e-02,2.305114081180337227e-02
5.357499999999999929e+00,1.792775056302950420e-02,2.203594587540639443e-02
5.360000000000000320e+00,1.784044765229570242e-02,2.102075093900905578e-02
5.362499999999999822e+00,1.775382645960144751e-02,2.000555600261207448e-02
5.365000000000000213e+00,1.766787993185008759e-02,1.899036106621473236e-02
5.367499999999999716e+00,1.758260122638138218e-02,1.797516612981775452e-02
5.370000000000000107e+00,1.749798346719439596e-02,1.695997119342041587e-02
5.372500000000000497e+00,1.741401998591578931e-02,1.594477625702307722e-02
5.375000000000000000e+00,1.733070407831333037e-02,1.492958132062609591e-02
5.377500000000000391e+00,1.724802924506739499e-02,1.410991826520924079e-02
5.379999999999999893e+00,1.716598894857223473e-02,1.329025520979267884e-02
5.382500000000000284e+00,1.708457685351051983e-02,1.247059215437582372e-02
5.384999999999999787e+00,1.700378658393904979e-02,1.165092909895926176e-02
5.387500000000000178e+00,1.692361196366556908e-02,1.083126604354240664e-02
5.389999999999999680e+00,1.684404677361625233e-02,1.001160298812584296e-02
5.392500000000000071e+00,1.676508499201436603e-02,9.191939932708989569e-03
5.395000000000000462e+00,1.668672055202724894e-02,8.372276877292134448e-03
5.397499999999999964e+00,1.660894758174509891e-02,7.552613821875570760e-03
5.400000000000000355e+00,1.653176016210480825e-02,6.732950766458718241e-03
5.402499999999999858e+00,1.645515256667084980e-02,6.233612281099718509e-03
5.405000000000000249e+00,1.637911901983187327e-02,5.734273795740540969e-03
5.407499999999999751e+00,1.630365393637962096e-02,5.234935310381541237e-03
5.410000000000000142e+00,1.622875167998195575e-02,4.735596825022363697e-03
5.412500000000000533e+00,1.615440680255806477e-02,4.236258339663186157e-03
5.415000000000000036e+00,1.608061380302186136e-02,3.736919854304186859e-03
5.417500000000000426e+00,1.600736736645563818e-02,3.237581368945009318e-03
5.419999999999999929e+00,1.593466212312212582e-02,2.738242883586009153e-03
5.422500000000000320e+00,1.586249288743562039e-02,2.238904398226832480e-03
5.424999999999999822e+00,1.579085441724024236e-02,1.739565912867832749e-03
5.427500000000000213e+00,1.571974165257847972e-02,1.565609321580920237e-03
5.429999999999999716e+00,1.564914947523319069e-02,1.391652730294185535e-03
5.432500000000000107e+00,1.557907294729382781e-02,1.217696139007389249e-03
5.435000000000000497e+00,1.550950707096013584e-02,1.043739547720592964e-03
5.437500000000000000e+00,1.544044702690522755e-02,8.697829564338582613e-04
5.440000000000000391e+00,1.537188793433940347e-02,6.958263651470619759e-04
5.442499999999999893e+00,1.530382508916998396e-02,5.218697738603272733e-04
5.445000000000000284e+00,1.523625372432322114e-02,3.479131825735309880e-04
5.447499999999999787e+00,1.516916924770039116e-02,1.739565912867965022e-04
5.450000000000000178e+00,1.510256700275643127e-02,0.000000000000000000e+00
5.452499999999999680e+00,1.503644250625165921e-02,0.000000000000000000e+00
5.455000000000000071e+00,1.497079120908566784e-02,0.000000000000000000e+00
5.457500000000000462e+00,1.490560873384484328e-02,0.000000000000000000e+00
5.459999999999999964e+00,1.484089063588885787e-02,0.000000000000000000e+00
5.462500000000000355e+00,1.477663264069475901e-02,0.000000000000000000e+00
5.464999999999999858e+00,1.471283040519399954e-02,0.000000000000000000e+00
5.467500000000000249e+00,1.464947975491294463e-02,0.000000000000000000e+00
5.469999999999999751e+00,1.458657644555878471e-02,0.000000000000000000e+00
5.472500000000000142e+00,1.452411639995640665e-02,0.000000000000000000e+00
5.475000000000000533e+00,1.446209546988256288e-02,0.000000000000000000e+00
5.477500000000000036e+00,1.440050967279736353e-02,3.770632124943495273e-05
5.480000000000000426e+00,1.433935495392561765e-02,7.541264249888329535e-05
5.482499999999999929e+00,1.427862742278445361e-02,1.131189637483182481e-04
5.485000000000000320e+00,1.421832311550871343e-02,1.508252849977665907e-04
5.487499999999999822e+00,1.415843823117496347e-02,1.885316062472015570e-04
5.490000000000000213e+00,1.409896889436969107e-02,2.262379274966499132e-04
5.492499999999999716e+00,1.403991139130979400e-02,2.639442487460848252e-04
5.495000000000000107e+00,1.398126193265212397e-02,3.016505699955331814e-04
5.497500000000000497e+00,1.392301688941070467e-02,3.393568912449815376e-04
5.500000000000000000e+00,1.386517255600541905e-02,3.770632124944165039e-04
5.502500000000000391e+00,1.380772538597684063e-02,6.240619311598808372e-04
5.504999999999999893e+00,1.375067175527283983e-02,8.710606498252575127e-04
5.507500000000000284e+00,1.369400819776005716e-02,1.118059368490721683e-03
5.509999999999999787e+00,1.363773116874804001e-02,1.365058087156098467e-03
5.512500000000000178e+00,1.358183728029740446e-02,1.612056805821562638e-03
5.514999999999999680e+00,1.352632306497950250e-02,1.859055524486939205e-03
5.517500000000000071e+00,1.347118521098206352e-02,2.106054243152403593e-03
5.520000000000000462e+00,1.341642032610320008e-02,2.353052961817867980e-03
5.522499999999999964e+00,1.336202517265451008e-02,2.600051680483244330e-03
5.525000000000000355e+00,1.330799643168708787e-02,2.847050399148708718e-03
5.527499999999999858e+00,1.325433093769377152e-02,3.326173414165160477e-03
5.530000000000000249e+00,1.320102544306606812e-02,3.805296429181781806e-03
5.532499999999999751e+00,1.314807685259412190e-02,4.284419444198233132e-03
5.535000000000000142e+00,1.309548198815446533e-02,4.763542459214855328e-03
5.537500000000000533e+00,1.304323782300793530e-02,5.242665474231477524e-03
5.540000000000000036e+00,1.299134124671671303e-02,5.721788489247928849e-03
5.542500000000000426e+00,1.293978929924079375e-02,6.200911504264550178e-03
5.544999999999999929e+00,1.288857893608214358e-02,6.680034519281001504e-03
5.547500000000000320e+00,1.283770726218132381e-02,7.159157534297624567e-03
5.549999999999999822e+00,1.278717129728742206e-02,7.638280549314075893e-03
5.552500000000000213e+00,1.273696820965366724e-02,8.263147437427720982e-03
5.554999999999999716e+00,1.268709508163320780e-02,8.888014325541196067e-03
5.557500000000000107e+00,1.263754914317444245e-02,9.512881213654894932e-03
5.560000000000000497e+00,1.258832753764052743e-02,1.013774810176859206e-02
5.562500000000000000e+00,1.253942755510456357e-02,1.076261498988206888e-02
5.565000000000000391e+00,1.249084639839282730e-02,1.138748187799576601e-02
5.567499999999999893e+00,1.244258141617996492e-02,1.201234876610924110e-02
5.570000000000000284e+00,1.239462986925294989e-02,1.263721565422293996e-02
5.572499999999999787e+00,1.234698916340887243e-02,1.326208254233641678e-02
5.575000000000000178e+00,1.229965661593831160e-02,1.388694943045011392e-02
5.577499999999999680e+00,1.225262968832486511e-02,1.451137939378352101e-02
5.580000000000000071e+00,1.220590575294752157e-02,1.513580935711715016e-02
5.582500000000000462e+00,1.215948232558221841e-02,1.576023932045077930e-02
5.584999999999999964e+00,1.211335683232233826e-02,1.638466928378418813e-02
5.587500000000000355e+00,1.206752684188247896e-02,1.700909924711781554e-02
5.589999999999999858e+00,1.202198983273628126e-02,1.763352921045122437e-02
5.592500000000000249e+00,1.197674342522254617e-02,1.825795917378485178e-02
5.594999999999999751e+00,1.193178514889912945e-02,1.888238913711826061e-02
5.597500000000000142e+00,1.188711267445222326e-02,1.950681910045189149e-02
5.600000000000000533e+00,1.184272358126535647e-02,2.013124906378551890e-02
5.602500000000000036e+00,1.179861558913187537e-02,2.060056541715389253e-02
5.605000000000000426e+00,1.175478632603812329e-02,2.106988177052242922e-02
5.607499999999999929e+00,1.171123355968021855e-02,2.153919812389080285e-02
5.610000000000000320e+00,1.166795496545908715e-02,2.200851447725933954e-02
5.612499999999999822e+00,1.162494835780300551e-02,2.247783083062771317e-02
5.615000000000000213e+00,1.158221145837337596e-02,2.294714718399625333e-02
5.617499999999999716e+00,1.153974212719338817e-02,2.341646353736462349e-02
5.620000000000000107e+00,1.149753813106303008e-02,2.388577989073316366e-02
5.622500000000000497e+00,1.145559737449469706e-02,2.435509624410170382e-02
5.625000000000000000e+00,1.141391766833755629e-02,2.482441259747007398e-02
5.627500000000000391e+00,1.137249696051870554e-02,2.502045682663181503e-02
5.629999999999999893e+00,1.133133310487671221e-02,2.521650105579348669e-02
5.632500000000000284e+00,1.129042409170920996e-02,2.541254528495522774e-02
5.634999999999999787e+00,1.124976781681405469e-02,2.560858951411689940e-02
5.637500000000000178e+00,1.120936231184444486e-02,2.580463374327864046e-02
5.639999999999999680e+00,1.116920551355637600e-02,2.600067797244031559e-02
5.642500000000000071e+00,1.112929549397110966e-02,2.619672220160205664e-02
5.645000000000000462e+00,1.108963022982906339e-02,2.639276643076379769e-02
5.647499999999999964e+00,1.105020783256065696e-02,2.658881065992546935e-02
5.650000000000000355e+00,1.101102631794370103e-02,2.678485488908721041e-02
5.652499999999999858e+00,1.097208383588377072e-02,2.665758650157826204e-02
5.655000000000000249e+00,1.093337844027579379e-02,2.653031811406926857e-02
5.657499999999999751e+00,1.089490831859328025e-02,2.640304972656032367e-02
5.660000000000000142e+00,1.085667156195230937e-02,2.627578133905133020e-02
5.662500000000000533e+00,1.081866639451127717e-02,2.614851295154233674e-02
5.665000000000000036e+00,1.078089094373646008e-02,2.602124456403338837e-02
5.667500000000000426e+00,1.074334346961259602e-02,2.589397617652439490e-02
5.669999999999999929e+00,1.070602213510839576e-02,2.576670778901545000e-02
5.672500000000000320e+00,1.066892523519932627e-02,2.563943940150645653e-02
5.674999999999999822e+00,1.063205096753246266e-02,2.551217101399750817e-02
5.677500000000000213e+00,1.059539766126067761e-02,2.509284914311193590e-02
5.679999999999999716e+00,1.055896354790711311e-02,2.467352727222640527e-02
5.682500000000000107e+00,1.052274699001130680e-02,2.425420540134072891e-02
5.685000000000000497e+00,1.048674625219127125e-02,2.383488353045505256e-02
5.687500000000000000e+00,1.045095972960365799e-02,2.341556165956952540e-02
5.690000000000000391e+00,1.041538571920173732e-02,2.299623978868384558e-02
5.692499999999999893e+00,1.038002264800935541e-02,2.257691791779831841e-02
5.695000000000000284e+00,1.034486884457573065e-02,2.215759604691264206e-02
5.697499999999999787e+00,1.030992276706296264e-02,2.173827417602711143e-02
5.700000000000000178e+00,1.027518277489589994e-02,2.131895230514143508e-02
5.702499999999999680e+00,1.024064735666480562e-02,2.071271332154738312e-02
5.705000000000000071e+00,1.020631490196952790e-02,2.010647433795311953e-02
5.707500000000000462e+00,1.017218392913732741e-02,1.950023535435885247e-02
5.709999999999999964e+00,1.013825285726037591e-02,1.889399637076480398e-02
5.712500000000000355e+00,1.010452023372993176e-02,1.828775738717053692e-02
5.714999999999999858e+00,1.007098450646607031e-02,1.768151840357648497e-02
5.717500000000000249e+00,1.003764425126869517e-02,1.707527941998222137e-02
5.719999999999999751e+00,1.000449794423892425e-02,1.646904043638816942e-02
5.722500000000000142e+00,9.971544188946652315e-03,1.586280145279390236e-02
5.725000000000000533e+00,9.938781489043582371e-03,1.525656246919963877e-02
5.727500000000000036e+00,9.906208475248787920e-03,1.461527092162162068e-02
5.730000000000000426e+00,9.873823678150497885e-03,1.397397937404337362e-02
5.732499999999999929e+00,9.841625755010890292e-03,1.333268782646535554e-02
5.735000000000000320e+00,9.809613262757126834e-03,1.269139627888710847e-02
5.737499999999999822e+00,9.777784884604847140e-03,1.205010473130909039e-02
5.740000000000000213e+00,9.746139203237341037e-03,1.140881318373084333e-02
5.742499999999999716e+00,9.714674927249009745e-03,1.076752163615282351e-02
5.745000000000000107e+00,9.683390664511938584e-03,1.012623008857457818e-02
5.747500000000000497e+00,9.652285148439262649e-03,9.484938540996332851e-03
5.750000000000000000e+00,9.621357011538744439e-03,8.843646993418313035e-03
5.752500000000000391e+00,9.590605011496977292e-03,8.322736427340602858e-03
5.754999999999999893e+00,9.560027804918196787e-03,7.801825861263079163e-03
5.757500000000000284e+00,9.529624173230557063e-03,7.280915295185369854e-03
5.759999999999999787e+00,9.499392796610271403e-03,6.760004729107845292e-03
5.762500000000000178e+00,9.469332479708271813e-03,6.239094163030135115e-03
5.764999999999999680e+00,9.439441925760579111e-03,5.718183596952610553e-03
5.767500000000000071e+00,9.409719962137047533e-03,5.197273030874901244e-03
5.770000000000000462e+00,9.380165314633532106e-03,4.676362464797191934e-03
5.772499999999999964e+00,9.350776832846087114e-03,4.155451898719667372e-03
5.775000000000000355e+00,9.321553264644953304e-03,3.634541332641956762e-03
5.777499999999999858e+00,9.292493481372380085e-03,3.339768186019015199e-03
5.780000000000000249e+00,9.263596252498128986e-03,3.044995039395968252e-03
5.782499999999999751e+00,9.234860470642671654e-03,2.750221892773026689e-03
5.785000000000000142e+00,9.206284926413498340e-03,2.455448746149980176e-03
5.787500000000000533e+00,9.177868533252820857e-03,2.160675599526933662e-03
5.790000000000000036e+00,9.149610102454663538e-03,1.865902452903991883e-03
5.792500000000000426e+00,9.121508567838399958e-03,1.571129306280945586e-03
5.794999999999999929e+00,9.093562760944685214e-03,1.276356159658003590e-03
5.797500000000000320e+00,9.065771635536049380e-03,9.815830130349570762e-04
5.799999999999999822e+00,9.038134042971431720e-03,6.868098664120155135e-04
5.802500000000000213e+00,9.010648956533020768e-03,6.181288797707315411e-04
5.804999999999999716e+00,8.983315246979489341e-03,5.494478931295527363e-04
5.807500000000000107e+00,8.956131906700326786e-03,4.807669064883494285e-04
5.810000000000000497e+00,8.929097825445948128e-03,4.120859198471462292e-04
5.812500000000000000e+00,8.902212014310186342e-03,3.434049332059673702e-04
5.815000000000000391e+00,8.875473381637256562e-03,2.747239465647641709e-04
5.817499999999999893e+00,8.848880956832829922e-03,2.060429599235853119e-04
5.820000000000000284e+00,8.822433666446177075e-03,1.373619732823821125e-04
5.822499999999999787e+00,8.796130557811835879e-03,6.868098664120330776e-05
5.825000000000000178e+00,8.769970575305327878e-03,0.000000000000000000e+00
5.827499999999999680e+00,8.743952783815798005e-03,0.000000000000000000e+00
5.830000000000000071e+00,8.718076145175628414e-03,0.000000000000000000e+00
5.832500000000000462e+00,8.692339741463347633e-03,0.000000000000000000e+00
5.834999999999999964e+00,8.666742551607556355e-03,0.000000000000000000e+00
5.837500000000000355e+00,8.641283674520309002e-03,0.000000000000000000e+00
5.839999999999999858e+00,8.615962105874210020e-03,0.000000000000000000e+00
5.842500000000000249e+00,8.590776961067121339e-03,0.000000000000000000e+00
5.844999999999999751e+00,8.565727252171811620e-03,0.000000000000000000e+00
5.847500000000000142e+00,8.540812110733158810e-03,0.000000000000000000e+00
5.850000000000000533e+00,8.516030564888582913e-03,0.000000000000000000e+00
5.852500000000000036e+00,8.491381761998593666e-03,0.000000000000000000e+00
5.855000000000000426e+00,8.466864745937953060e-03,0.000000000000000000e+00
5.857499999999999929e+00,8.442478679559776295e-03,0.000000000000000000e+00
5.860000000000000320e+00,8.418222622155933921e-03,0.000000000000000000e+00
5.862499999999999822e+00,8.394095751756907448e-03,0.000000000000000000e+00
5.865000000000000213e+00,8.370097142759764033e-03,0.000000000000000000e+00
5.867499999999999716e+00,8.346225988063778883e-03,0.000000000000000000e+00
5.870000000000000107e+00,8.322481376866548014e-03,0.000000000000000000e+00
5.872500000000000497e+00,8.298862516635398257e-03,0.000000000000000000e+00
5.875000000000000000e+00,8.275368511070779406e-03,0.000000000000000000e+00
5.877500000000000391e+00,8.251998581914259806e-03,0.000000000000000000e+00
5.879999999999999893e+00,8.228751847078637563e-03,0.000000000000000000e+00
5.882500000000000284e+00,8.205627542292710797e-03,0.000000000000000000e+00
5.884999999999999787e+00,8.182624799397420975e-03,0.000000000000000000e+00
5.887500000000000178e+00,8.159742867828926119e-03,0.000000000000000000e+00
5.889999999999999680e+00,8.136980893079265309e-03,0.000000000000000000e+00
5.892500000000000071e+00,8.114338138017623825e-03,0.000000000000000000e+00
5.895000000000000462e+00,8.091813761516599562e-03,0.000000000000000000e+00
5.897499999999999964e+00,8.069407039611316626e-03,0.000000000000000000e+00
5.900000000000000355e+00,8.047117144289968327e-03,0.000000000000000000e+00
5.902499999999999858e+00,8.024943364492609366e-03,0.000000000000000000e+00
5.905000000000000249e+00,8.002884885064421097e-03,0.000000000000000000e+00
5.907499999999999751e+00,7.980941007595207526e-03,0.000000000000000000e+00
5.910000000000000142e+00,7.959110929534737519e-03,0.000000000000000000e+00
5.912500000000000533e+00,7.937393964873128496e-03,0.000000000000000000e+00
5.915000000000000036e+00,7.915789323418038342e-03,0.000000000000000000e+00
5.917500000000000426e+00,7.894296331316259449e-03,0.000000000000000000e+00
5.919999999999999929e+00,7.872914210492177461e-03,0.000000000000000000e+00
5.922500000000000320e+00,7.851642299011061393e-03,0.000000000000000000e+00
5.924999999999999822e+00,7.830479830678306954e-03,0.000000000000000000e+00
5.927500000000000213e+00,7.809426155245662200e-03,6.491276421982960815e-05
5.929999999999999716e+00,7.788480518168852847e-03,1.298255284396592163e-04
5.932500000000000107e+00,7.767642280658150315e-03,1.947382926595119044e-04
5.935000000000000497e+00,7.746910699595131039e-03,2.596510568793645654e-04
5.937500000000000000e+00,7.726285147426333565e-03,3.245638210991942142e-04
5.940000000000000391e+00,7.705764892238867354e-03,3.894765853190468481e-04
5.942499999999999893e+00,7.685349317498607440e-03,4.543893495388764969e-04
5.945000000000000284e+00,7.665037702282946619e-03,5.193021137587291308e-04
5.947499999999999787e+00,7.644829440864628345e-03,5.842148779785587796e-04
5.950000000000000178e+00,7.624723823101101951e-03,6.491276421984114135e-04
5.952499999999999680e+00,7.604720253864441330e-03,9.004766989421783205e-04
5.955000000000000071e+00,7.584818033586603232e-03,1.151825755686034566e-03
5.957500000000000462e+00,7.565016577535767402e-03,1.403174812429890594e-03
5.959999999999999964e+00,7.545315196517814529e-03,1.654523869173657501e-03
5.962500000000000355e+00,7.525713315998440803e-03,1.905872925917513746e-03
5.964999999999999858e+00,7.506210256960360247e-03,2.157221982661280436e-03
5.967500000000000249e+00,7.486805454873317854e-03,2.408571039405136682e-03
5.969999999999999751e+00,7.467498240704460201e-03,2.659920096148903589e-03
5.972500000000000142e+00,7.448288059737556872e-03,2.911269152892759834e-03
5.975000000000000533e+00,7.429174252736679002e-03,3.162618209636616079e-03
5.977500000000000036e+00,7.410156274613841423e-03,3.584586264908970910e-03
5.980000000000000426e+00,7.391233475746102760e-03,4.006554320181475795e-03
5.982499999999999929e+00,7.372405320492526892e-03,4.428522375453831060e-03
5.985000000000000320e+00,7.353671168662691444e-03,4.850490430726335511e-03
5.987499999999999822e+00,7.335030493885279224e-03,5.272458485998690776e-03
5.990000000000000213e+00,7.316482665227432187e-03,5.694426541271195227e-03
5.992499999999999716e+00,7.298027165413176545e-03,6.116394596543550492e-03
5.995000000000000107e+00,7.279663372593867671e-03,6.538362651816054943e-03
5.997500000000000497e+00,7.261390778420703275e-03,6.960330707088560262e-03
6.000000000000000000e+00,7.243208769962825380e-03,7.382298762360915527e-03
6.002500000000000391e+00,7.225116847626773635e-03,7.873504997116056309e-03
6.004999999999999893e+00,7.207114407237246237e-03,8.364711231871024485e-03
6.007500000000000284e+00,7.189200957798480909e-03,8.855917466626166135e-03
6.009999999999999787e+00,7.171375903723191565e-03,9.347123701381132577e-03
6.012500000000000178e+00,7.153638762455492330e-03,9.838329936136274226e-03
6.015000000000000568e+00,7.135988946840849008e-03,1.032953617089141587e-02
6.017500000000000071e+00,7.118425982605688061e-03,1.082074240564638232e-02
6.020000000000000462e+00,7.100949290874130834e-03,1.131194864040152570e-02
6.022499999999999964e+00,7.083558405502731435e-03,1.180315487515649214e-02
6.025000000000000355e+00,7.066252755743432541e-03,1.229436110991163379e-02
6.027499999999999858e+00,7.049031883433837242e-03,1.272065795965022193e-02
6.030000000000000249e+00,7.031895225806062896e-03,1.314695480938896099e-02
6.032499999999999751e+00,7.014842332532485354e-03,1.357325165912754913e-02
6.035000000000000142e+00,6.997872648680874240e-03,1.399954850886628820e-02
6.037500000000000533e+00,6.980985731615752671e-03,1.442584535860502726e-02
6.040000000000000036e+00,6.964181034098728892e-03,1.485214220834361540e-02
6.042500000000000426e+00,6.947458121046659781e-03,1.527843905808235619e-02
6.044999999999999929e+00,6.930816452776695710e-03,1.570473590782094434e-02
6.047500000000000320e+00,6.914255601621404831e-03,1.613103275755968166e-02
6.049999999999999822e+00,6.897775035317347224e-03,1.655732960729826980e-02
6.052500000000000213e+00,6.881374333478696044e-03,1.679911586841929816e-02
6.054999999999999716e+00,6.865052971129007899e-03,1.704090212954017386e-02
6.057500000000000107e+00,6.848810535033012133e-03,1.728268839066113630e-02
6.060000000000000497e+00,6.832646507371003229e-03,1.752447465178209873e-02
6.062500000000000000e+00,6.816560481929995197e-03,1.776626091290297790e-02
6.065000000000000391e+00,6.800551947919644853e-03,1.800804717402394034e-02
6.067499999999999893e+00,6.784620506023455663e-03,1.824983343514481604e-02
6.070000000000000284e+00,6.768765652355949146e-03,1.849161969626577848e-02
6.072499999999999787e+00,6.752986994373987549e-03,1.873340595738665418e-02
6.075000000000000178e+00,6.737284034974783987e-03,1.897519221850761661e-02
6.077500000000000568e+00,6.721656388268096825e-03,1.896334641166693563e-02
6.080000000000000071e+00,6.706103563814470522e-03,1.895150060482625465e-02
6.082500000000000462e+00,6.690625182258352899e-03,1.893965479798557366e-02
6.084999999999999964e+00,6.675220759706256175e-03,1.892780899114489268e-02
6.087500000000000355e+00,6.659889923222138061e-03,1.891596318430421170e-02
6.089999999999999858e+00,6.644632195343706631e-03,1.890411737746353418e-02
6.092500000000000249e+00,6.629447209440992445e-03,1.889227157062284973e-02
6.094999999999999751e+00,6.614334494370834559e-03,1.888042576378217222e-02
6.097500000000000142e+00,6.599293689698499700e-03,1.886857995694148776e-02
6.100000000000000533e+00,6.584324330489653779e-03,1.885673415010080678e-02
6.102500000000000036e+00,6.569426062396264109e-03,1.859249562718739979e-02
6.105000000000000426e+00,6.554598426585150905e-03,1.832825710427389912e-02
6.107499999999999929e+00,6.539841074688384180e-03,1.806401858136049213e-02
6.110000000000000320e+00,6.525153553868703188e-03,1.779978005844699146e-02
6.112499999999999822e+00,6.510535521633852886e-03,1.753554153553358794e-02
6.115000000000000213e+00,6.495986531038574693e-03,1.727130301262008727e-02
6.117499999999999716e+00,6.481506245364841885e-03,1.700706448970668028e-02
6.120000000000000107e+00,6.467094223457908915e-03,1.674282596679317961e-02
6.122500000000000497e+00,6.452750134273594999e-03,1.647858744387967894e-02
6.125000000000000000e+00,6.438473542348637467e-03,1.621434892096627195e-02
6.127500000000000391e+00,6.424264122214753785e-03,1.577020345478276353e-02
6.129999999999999893e+00,6.410121444002696116e-03,1.532605798859941124e-02
6.132500000000000284e+00,6.396045187723707615e-03,1.488191252241590108e-02
6.134999999999999787e+00,6.382034929007542740e-03,1.443776705623255052e-02
6.137500000000000178e+00,6.368090353251045464e-03,1.399362159004904037e-02
6.140000000000000568e+00,6.354211041489047675e-03,1.354947612386553021e-02
6.142500000000000071e+00,6.340396684411909838e-03,1.310533065768217965e-02
6.145000000000000462e+00,6.326646868368105726e-03,1.266118519149866950e-02
6.147499999999999964e+00,6.312961289250902490e-03,1.221703972531531721e-02
6.150000000000000355e+00,6.299339538632818189e-03,1.177289425913180879e-02
6.152499999999999858e+00,6.285781317521390958e-03,1.127361613698031270e-02
6.155000000000000249e+00,6.272286222624877047e-03,1.077433801482863794e-02
6.157499999999999751e+00,6.258853959978614816e-03,1.027505989267714186e-02
6.160000000000000142e+00,6.245484131340359527e-03,9.775781770525467096e-03
6.162500000000000533e+00,6.232176447687836317e-03,9.276503648373794070e-03
6.165000000000000036e+00,6.218930515743868737e-03,8.777225526222297985e-03
6.167500000000000426e+00,6.205746051345222176e-03,8.277947404070623225e-03
6.169999999999999929e+00,6.192622666096813180e-03,7.778669281919126273e-03
6.172500000000000320e+00,6.179560080612525944e-03,7.279391159767452379e-03
6.174999999999999822e+00,6.166557911298260405e-03,6.780113037615956295e-03
6.177500000000000213e+00,6.153615883465036671e-03,6.365407051158224368e-03
6.179999999999999716e+00,6.140733618239650228e-03,5.950701064700671117e-03
6.182500000000000107e+00,6.127910845551651567e-03,5.535995078242969547e-03
6.185000000000000497e+00,6.115147191171021318e-03,5.121289091785267977e-03
6.187500000000000000e+00,6.102442389568514189e-03,4.706583105327714726e-03
6.190000000000000391e+00,6.089796071080534438e-03,4.291877118870014024e-03
6.192499999999999893e+00,6.077207974643500724e-03,3.877171132412459472e-03
6.195000000000000284e+00,6.064677735085300010e-03,3.462465145954758336e-03
6.197499999999999787e+00,6.052205095733881497e-03,3.047759159497204651e-03
6.200000000000000178e+00,6.039789695835027887e-03,2.633053173039503082e-03
6.202500000000000568e+00,6.027431283035535742e-03,2.405524588835794824e-03
6.205000000000000071e+00,6.015129500926265013e-03,2.177996004632167231e-03
6.207500000000000462e+00,6.002884101402086378e-03,1.950467420428458973e-03
6.209999999999999964e+00,5.990694732328348537e-03,1.722938836224831597e-03
6.212500000000000355e+00,5.978561149777571714e-03,1.495410252021123340e-03
6.214999999999999858e+00,5.966483005820128957e-03,1.267881667817495747e-03
6.217500000000000249e+00,5.954460060638101272e-03,1.040353083613787489e-03
6.219999999999999751e+00,5.942491970438656783e-03,8.128244994101601131e-04
6.222500000000000142e+00,5.930578499445636476e-03,5.852959152064518555e-04
6.225000000000000533e+00,5.918719307936287817e-03,3.577673310027436522e-04
6.227500000000000036e+00,5.906914164110833518e-03,3.219905979024756566e-04
6.230000000000000426e+00,5.895162732250872582e-03,2.862138648021949217e-04
6.232499999999999929e+00,5.883464784467771699e-03,2.504371317019269262e-04
6.235000000000000320e+00,5.871819988983273224e-03,2.146603986016461913e-04
6.237499999999999822e+00,5.860228121756790726e-03,1.788836655013781958e-04
6.240000000000000213e+00,5.848688854886789287e-03,1.431069324010974609e-04
6.242499999999999716e+00,5.837201968118854375e-03,1.073301993008294653e-04
6.245000000000000107e+00,5.825767137366147028e-03,7.155346620054873043e-05
6.247500000000000497e+00,5.814384146098689268e-03,3.577673310026799553e-05
6.250000000000000000e+00,5.803052673984102419e-03,0.000000000000000000e+00
6.252500000000000391e+00,5.791772508157180983e-03,0.000000000000000000e+00
6.254999999999999893e+00,5.780543331979898398e-03,0.000000000000000000e+00
6.257500000000000284e+00,5.769364936193171513e-03,0.000000000000000000e+00
6.259999999999999787e+00,5.758237007795178816e-03,0.000000000000000000e+00
6.262500000000000178e+00,5.747159341074749989e-03,0.000000000000000000e+00
6.265000000000000568e+00,5.736131626608815398e-03,0.000000000000000000e+00
6.267500000000000071e+00,5.725153662178070375e-03,0.000000000000000000e+00
6.270000000000000462e+00,5.714225141881656457e-03,0.000000000000000000e+00
6.272499999999999964e+00,5.703345866936192395e-03,0.000000000000000000e+00
6.275000000000000355e+00,5.692515534907940412e-03,0.000000000000000000e+00
6.277499999999999858e+00,5.681733950395419924e-03,0.000000000000000000e+00
6.280000000000000249e+00,5.671000814377347501e-03,0.000000000000000000e+00
6.282499999999999751e+00,5.660315934780249698e-03,0.000000000000000000e+00
6.285000000000000142e+00,5.649679015942409184e-03,0.000000000000000000e+00
6.287500000000000533e+00,5.639089869066265907e-03,0.000000000000000000e+00
6.290000000000000036e+00,5.628548201797045798e-03,0.000000000000000000e+00
6.292500000000000426e+00,5.618053828561106466e-03,0.000000000000000000e+00
6.294999999999999929e+00,5.607606460259706438e-03,0.000000000000000000e+00
6.297500000000000320e+00,5.597205914492833952e-03,0.000000000000000000e+00
6.299999999999999822e+00,5.586851905367107123e-03,0.000000000000000000e+00
6.302500000000000213e+00,5.576544253606561218e-03,0.000000000000000000e+00
6.304999999999999716e+00,5.566282676473665800e-03,0.000000000000000000e+00
6.307500000000000107e+00,5.556066997767445184e-03,0.000000000000000000e+00
6.310000000000000497e+00,5.545896937858178083e-03,0.000000000000000000e+00
6.312500000000000000e+00,5.535772323572102707e-03,0.000000000000000000e+00
6.315000000000000391e+00,5.525692878339150127e-03,0.000000000000000000e+00
6.317499999999999893e+00,5.515658431966154358e-03,0.000000000000000000e+00
6.320000000000000284e+00,5.505668710895979256e-03,0.000000000000000000e+00
6.322499999999999787e+00,5.495723547869625636e-03,0.000000000000000000e+00
6.325000000000000178e+00,5.485822672296919965e-03,0.000000000000000000e+00
6.327500000000000568e+00,5.475965919808200265e-03,0.000000000000000000e+00
6.330000000000000071e+00,5.466153022734985406e-03,0.000000000000000000e+00
6.332500000000000462e+00,5.456383819552107148e-03,0.000000000000000000e+00
6.334999999999999964e+00,5.446658045468778103e-03,0.000000000000000000e+00
6.337500000000000355e+00,5.436975541760778741e-03,0.000000000000000000e+00
6.339999999999999858e+00,5.427336046471561461e-03,0.000000000000000000e+00
6.342500000000000249e+00,5.417739403634790930e-03,0.000000000000000000e+00
6.344999999999999751e+00,5.408185354085265698e-03,0.000000000000000000e+00
6.347500000000000142e+00,5.398673744572836213e-03,0.000000000000000000e+00
6.350000000000000533e+00,5.389204318681594004e-03,0.000000000000000000e+00
6.352500000000000036e+00,5.379776925836072046e-03,3.647196197348881929e-05
6.355000000000000426e+00,5.370391312328698027e-03,7.294392394699059480e-05
6.357499999999999929e+00,5.361047330218098386e-03,1.094158859204794141e-04
6.360000000000000320e+00,5.351744728464104435e-03,1.458878478939811896e-04
6.362499999999999822e+00,5.342483361719978056e-03,1.823598098674700089e-04
6.365000000000000213e+00,5.333262981573639282e-03,2.188317718409717844e-04
6.367499999999999716e+00,5.324083445233360884e-03,2.553037338144606037e-04
6.370000000000000107e+00,5.314944506875587775e-03,2.917756957879623792e-04
6.372500000000000497e+00,5.305846026225599296e-03,3.282476577614641547e-04
6.375000000000000000e+00,5.296787760010515309e-03,3.647196197349529740e-04
6.377500000000000391e+00,5.287769570434439591e-03,6.049536536048539213e-04
6.379999999999999893e+00,5.278791216737421105e-03,8.451876874746694877e-04
6.382500000000000284e+00,5.269852563565350853e-03,1.085421721344570489e-03
6.384999999999999787e+00,5.260953372634202645e-03,1.325655755214386056e-03
6.387500000000000178e+00,5.252093510995269748e-03,1.565889789084287057e-03
6.390000000000000568e+00,5.243272742804067597e-03,1.806123822954188059e-03
6.392500000000000071e+00,5.234490937481426319e-03,2.046357856824003625e-03
6.395000000000000462e+00,5.225747861586783893e-03,2.286591890693904627e-03
6.397499999999999964e+00,5.217043386875554363e-03,2.526825924563720193e-03
6.400000000000000355e+00,5.208377282275519944e-03,2.767059958433621195e-03
6.402499999999999858e+00,5.199749421842281630e-03,3.191185251467944586e-03
6.405000000000000249e+00,5.191159576837755391e-03,3.615310544502418899e-03
6.407499999999999751e+00,5.182607623583653997e-03,4.039435837536742291e-03
6.410000000000000142e+00,5.174093335641945929e-03,4.463561130571216604e-03
6.412500000000000533e+00,5.165616591567212361e-03,4.887686423605690049e-03
6.415000000000000036e+00,5.157177167188533619e-03,5.311811716640013441e-03
6.417500000000000426e+00,5.148774943260363106e-03,5.735937009674487753e-03
6.419999999999999929e+00,5.140409697845938451e-03,6.160062302708811145e-03
6.422500000000000320e+00,5.132081313867632548e-03,6.584187595743284591e-03
6.424999999999999822e+00,5.123789571590677688e-03,7.008312888777608850e-03
6.427500000000000213e+00,5.115534356073695409e-03,7.481350173564989964e-03
6.429999999999999716e+00,5.107315449752216664e-03,7.954387458352221024e-03
6.432500000000000107e+00,5.099132739790139014e-03,8.427424743139620353e-03
6.435000000000000497e+00,5.090986010762447826e-03,8.900462027927019681e-03
6.437500000000000000e+00,5.082875151907758661e-03,9.373499312714250742e-03
6.440000000000000391e+00,5.074799949909688732e-03,9.846536597501650070e-03
6.442499999999999893e+00,5.066760296051370065e-03,1.031957388228888113e-02
6.445000000000000284e+00,5.058755979095563154e-03,1.079261116707628046e-02
6.447499999999999787e+00,5.050786892340582319e-03,1.126564845186351152e-02
6.450000000000000178e+00,5.042852826598206127e-03,1.173868573665091085e-02
6.452500000000000568e+00,5.034953677153127839e-03,1.208945082129150687e-02
6.455000000000000071e+00,5.027089236837579272e-03,1.244021590593197973e-02
6.457500000000000462e+00,5.019259402893817140e-03,1.279098099057257576e-02
6.459999999999999964e+00,5.011463970145983368e-03,1.314174607521304862e-02
6.462500000000000355e+00,5.003702837766089637e-03,1.349251115985364465e-02
6.464999999999999858e+00,4.995975802542044694e-03,1.384327624449411751e-02
6.467500000000000249e+00,4.988282765548193547e-03,1.419404132913471353e-02
6.469999999999999751e+00,4.980623525508725072e-03,1.454480641377518466e-02
6.472500000000000142e+00,4.972997985372876878e-03,1.489557149841578068e-02
6.475000000000000533e+00,4.965405945774601856e-03,1.524633658305637844e-02
6.477500000000000036e+00,4.957847311511575684e-03,1.534067402579533147e-02
6.480000000000000426e+00,4.950321885100299191e-03,1.543501146853431746e-02
6.482499999999999929e+00,4.942829573160761186e-03,1.552934891127326876e-02
6.485000000000000320e+00,4.935370180066199486e-03,1.562368635401225475e-02
6.487499999999999822e+00,4.927943614233399987e-03,1.571802379675120778e-02
6.490000000000000213e+00,4.920549681866143166e-03,1.581236123949019204e-02
6.492499999999999716e+00,4.913188293152904486e-03,1.590669868222914507e-02
6.495000000000000107e+00,4.905859256102868340e-03,1.600103612496813280e-02
6.497500000000000497e+00,4.898562482651262241e-03,1.609537356770711705e-02
6.500000000000000000e+00,4.891297782587971169e-03,1.618971101044607008e-02
6.502500000000000391e+00,4.884065069570518551e-03,1.598465229953281372e-02
6.504999999999999893e+00,4.876864155144837801e-03,1.577959358861963368e-02
6.507500000000000284e+00,4.869694954666837702e-03,1.557453487770637732e-02
6.509999999999999787e+00,4.862557281414515813e-03,1.536947616679319381e-02
6.512500000000000178e+00,4.855451052418469082e-03,1.516441745587993745e-02
6.515000000000000568e+00,4.848376082665396825e-03,1.495935874496668282e-02
6.517500000000000071e+00,4.841332290837298963e-03,1.475430003405350105e-02
6.520000000000000462e+00,4.834319493606082339e-03,1.454924132314024468e-02
6.522499999999999964e+00,4.827337611282457933e-03,1.434418261222706117e-02
6.525000000000000355e+00,4.820386462200705949e-03,1.413912390131380654e-02
6.527499999999999858e+00,4.813465968278100339e-03,1.370546754393809838e-02
6.530000000000000249e+00,4.806575949488513418e-03,1.327181118656223756e-02
6.532499999999999751e+00,4.799716329333473565e-03,1.283815482918652939e-02
6.535000000000000142e+00,4.792886929404742077e-03,1.240449847181066684e-02
6.537500000000000533e+00,4.786087674766347465e-03,1.197084211443480428e-02
6.540000000000000036e+00,4.779318388606142338e-03,1.153718575705909785e-02
6.542500000000000426e+00,4.772578997529474364e-03,1.110352939968323530e-02
6.544999999999999929e+00,4.765869326298743068e-03,1.066987304230752713e-02
6.547500000000000320e+00,4.759189303039586087e-03,1.023621668493166631e-02
6.549999999999999822e+00,4.752538754067918078e-03,9.802560327555956410e-03
6.552500000000000213e+00,4.745917609009189971e-03,9.306094994172944487e-03
6.554999999999999716e+00,4.739325695712143238e-03,8.809629660790086955e-03
6.557500000000000107e+00,4.732762945281646962e-03,8.313164327407050747e-03
6.560000000000000497e+00,4.726229187078958421e-03,7.816698994024016273e-03
6.562500000000000000e+00,4.719724353668512673e-03,7.320233660641157873e-03
6.565000000000000391e+00,4.713248275903862000e-03,6.823768327258122532e-03
6.567499999999999893e+00,4.706800887789359088e-03,6.327302993875264132e-03
6.570000000000000284e+00,4.700382021651504719e-03,5.830837660492229658e-03
6.572499999999999787e+00,4.693991612915030150e-03,5.334372327109370392e-03
6.575000000000000178e+00,4.687629495359874228e-03,4.837906993726335918e-03
6.577500000000000568e+00,4.681295605812424779e-03,4.473805127538334030e-03
6.580000000000000071e+00,4.674989779487075635e-03,4.109703261350461378e-03
6.582500000000000462e+00,4.668711954592933214e-03,3.745601395162459924e-03
6.584999999999999964e+00,4.662461967759983818e-03,3.381499528974587707e-03
6.587500000000000355e+00,4.656239758562124090e-03,3.017397662786585819e-03
6.589999999999999858e+00,4.650045165026343505e-03,2.653295796598713167e-03
6.592500000000000249e+00,4.643878128072889688e-03,2.289193930410711713e-03
6.594999999999999751e+00,4.637738487108100140e-03,1.925092064222839062e-03
6.597500000000000142e+00,4.631626184380737039e-03,1.560990198034837607e-03
6.600000000000000533e+00,4.625541060658154222e-03,1.196888331846835936e-03
6.602500000000000036e+00,4.619483059501005434e-03,1.077199498662173658e-03
6.605000000000000426e+00,4.613452023019532118e-03,9.575106654774687706e-04
6.607499999999999929e+00,4.607447896068188158e-03,8.378218322928063840e-04
6.610000000000000320e+00,4.601470522084264575e-03,7.181329991081016051e-04
6.612499999999999822e+00,4.595519847199366383e-03,5.984441659234392185e-04
6.615000000000000213e+00,4.589595716159472136e-03,4.787553327387344395e-04
6.617499999999999716e+00,4.583698076356969991e-03,3.590664995540720529e-04
6.620000000000000107e+00,4.577826773830538827e-03,2.393776663693672740e-04
6.622500000000000497e+00,4.571981757216546545e-03,1.196888331846622782e-04
6.625000000000000000e+00,4.566162873829691243e-03,0.000000000000000000e+00
6.627500000000000391e+00,4.560370073534506831e-03,0.000000000000000000e+00
6.629999999999999893e+00,4.554603204905417237e-03,0.000000000000000000e+00
6.632500000000000284e+00,4.548862219019182002e-03,0.000000000000000000e+00
6.634999999999999787e+00,4.543146965694147554e-03,0.000000000000000000e+00
6.637500000000000178e+00,4.537457397203717782e-03,0.000000000000000000e+00
6.640000000000000568e+00,4.531793364594395579e-03,0.000000000000000000e+00
6.642500000000000071e+00,4.526154821320876008e-03,0.000000000000000000e+00
6.645000000000000462e+00,4.520541619642341226e-03,0.000000000000000000e+00
6.647499999999999964e+00,4.514953714179863187e-03,0.000000000000000000e+00
6.650000000000000355e+00,4.509390958389868607e-03,0.000000000000000000e+00
6.652499999999999858e+00,4.503853308045025622e-03,0.000000000000000000e+00
6.655000000000000249e+00,4.498340617784086885e-03,0.000000000000000000e+00
6.657499999999999751e+00,4.492852844516566357e-03,0.000000000000000000e+00
6.660000000000000142e+00,4.487389844049157438e-03,0.000000000000000000e+00
6.662500000000000533e+00,4.481951574413813033e-03,0.000000000000000000e+00
6.665000000000000036e+00,4.476537892570382239e-03,0.000000000000000000e+00
6.667500000000000426e+00,4.471148757658889930e-03,0.000000000000000000e+00
6.669999999999999929e+00,4.465784027778418874e-03,0.000000000000000000e+00
6.672500000000000320e+00,4.460443663163482161e-03,0.000000000000000000e+00
6.674999999999999822e+00,4.455127523037882668e-03,0.000000000000000000e+00
6.677500000000000213e+00,4.449835568716967692e-03,0.000000000000000000e+00
6.679999999999999716e+00,4.444567660535618352e-03,0.000000000000000000e+00
6.682500000000000107e+00,4.439323760876377756e-03,0.000000000000000000e+00
6.685000000000000497e+00,4.434103731171489676e-03,0.000000000000000000e+00
6.687500000000000000e+00,4.428907534857690412e-03,0.000000000000000000e+00
6.690000000000000391e+00,4.423735034451307079e-03,0.000000000000000000e+00
6.692499999999999893e+00,4.418586194429876234e-03,0.000000000000000000e+00
6.695000000000000284e+00,4.413460878380660000e-03,0.000000000000000000e+00
6.697499999999999787e+00,4.408359051809129618e-03,0.000000000000000000e+00
6.700000000000000178e+00,4.403280579360823073e-03,0.000000000000000000e+00
6.702500000000000568e+00,4.398225427556535713e-03,0.000000000000000000e+00
6.705000000000000071e+00,4.393193462086681517e-03,0.000000000000000000e+00
6.707500000000000462e+00,4.388184650475282847e-03,0.000000000000000000e+00
6.709999999999999964e+00,4.383198859445372117e-03,0.000000000000000000e+00
6.712500000000000355e+00,4.378236057511522214e-03,0.000000000000000000e+00
6.714999999999999858e+00,4.373296112417109950e-03,0.000000000000000000e+00
6.717500000000000249e+00,4.368378993655316900e-03,0.000000000000000000e+00
6.719999999999999751e+00,4.363484569977671770e-03,0.000000000000000000e+00
6.722500000000000142e+00,4.358612811844265848e-03,0.000000000000000000e+00
6.725000000000000533e+00,4.353763589002300136e-03,0.000000000000000000e+00
6.727500000000000036e+00,4.348936872867149514e-03,0.000000000000000000e+00
6.730000000000000426e+00,4.344132534170326576e-03,0.000000000000000000e+00
6.732499999999999929e+00,4.339350545270886234e-03,0.000000000000000000e+00
6.735000000000000320e+00,4.334590777872682210e-03,0.000000000000000000e+00
6.737499999999999822e+00,4.329853205267309921e-03,0.000000000000000000e+00
6.740000000000000213e+00,4.325137700119733621e-03,0.000000000000000000e+00
6.742499999999999716e+00,4.320444236642914139e-03,0.000000000000000000e+00
6.745000000000000107e+00,4.315772688451478822e-03,0.000000000000000000e+00
6.747500000000000497e+00,4.311123030668548468e-03,0.000000000000000000e+00
6.750000000000000000e+00,4.306495137847717210e-03,0.000000000000000000e+00
6.752500000000000391e+00,4.301888986011602467e-03,0.000000000000000000e+00
6.754999999999999893e+00,4.297304450641524151e-03,0.000000000000000000e+00
6.757500000000000284e+00,4.292741508648980665e-03,0.000000000000000000e+00
6.759999999999999787e+00,4.288200036432339608e-03,0.000000000000000000e+00
6.762500000000000178e+00,4.283680011781662231e-03,0.000000000000000000e+00
6.765000000000000568e+00,4.279181312001499246e-03,0.000000000000000000e+00
6.767500000000000071e+00,4.274703915750402081e-03,0.000000000000000000e+00
6.770000000000000462e+00,4.270247701228867092e-03,0.000000000000000000e+00
6.772499999999999964e+00,4.265812647953387028e-03,0.000000000000000000e+00
6.775000000000000355e+00,4.261398635010234942e-03,0.000000000000000000e+00
6.777499999999999858e+00,4.257005642763819937e-03,0.000000000000000000e+00
6.780000000000000249e+00,4.252633551176421799e-03,0.000000000000000000e+00
6.782499999999999751e+00,4.248282341450507552e-03,0.000000000000000000e+00
6.785000000000000142e+00,4.243951894413912872e-03,0.000000000000000000e+00
6.787500000000000533e+00,4.239642192097999029e-03,0.000000000000000000e+00
6.790000000000000036e+00,4.235353116186395435e-03,0.000000000000000000e+00
6.792500000000000426e+00,4.231084649529521721e-03,0.000000000000000000e+00
6.794999999999999929e+00,4.226836674656913109e-03,0.000000000000000000e+00
6.797500000000000320e+00,4.222609175229348824e-03,0.000000000000000000e+00
6.799999999999999822e+00,4.218402034612813920e-03,0.000000000000000000e+00
6.802500000000000213e+00,4.214215237268673780e-03,0.000000000000000000e+00
6.804999999999999716e+00,4.210048667390086860e-03,0.000000000000000000e+00
6.807500000000000107e+00,4.205902310229947712e-03,0.000000000000000000e+00
6.810000000000000497e+00,4.201776050799866866e-03,0.000000000000000000e+00
6.812500000000000000e+00,4.197669875135020233e-03,0.000000000000000000e+00
6.815000000000000391e+00,4.193583669055973677e-03,0.000000000000000000e+00
6.817499999999999893e+00,4.189517419372006113e-03,0.000000000000000000e+00
6.820000000000000284e+00,4.185471012703620777e-03,0.000000000000000000e+00
6.822499999999999787e+00,4.181444436625347295e-03,0.000000000000000000e+00
6.825000000000000178e+00,4.177437578548804341e-03,0.000000000000000000e+00
6.827500000000000568e+00,4.173450426805259961e-03,0.000000000000000000e+00
6.830000000000000071e+00,4.169482869588949855e-03,0.000000000000000000e+00
6.832500000000000462e+00,4.165534895979348257e-03,0.000000000000000000e+00
6.834999999999999964e+00,4.161606394945048873e-03,0.000000000000000000e+00
6.837500000000000355e+00,4.157697356305533817e-03,0.000000000000000000e+00
6.839999999999999858e+00,4.153807669794604140e-03,0.000000000000000000e+00
6.842500000000000249e+00,4.149937325963999959e-03,0.000000000000000000e+00
6.844999999999999751e+00,4.146086215304892186e-03,0.000000000000000000e+00
6.847500000000000142e+00,4.142254329092904565e-03,0.000000000000000000e+00
6.850000000000000533e+00,4.138441558568556507e-03,0.000000000000000000e+00
6.852500000000000036e+00,4.134647895723596832e-03,0.000000000000000000e+00
6.855000000000000426e+00,4.130873232539439277e-03,0.000000000000000000e+00
6.857499999999999929e+00,4.127117561716435977e-03,0.000000000000000000e+00
6.860000000000000320e+00,4.123380775969093942e-03,0.000000000000000000e+00
6.862499999999999822e+00,4.119662868698669919e-03,0.000000000000000000e+00
6.865000000000000213e+00,4.115963733345170440e-03,0.000000000000000000e+00
6.867499999999999716e+00,4.112283364002963619e-03,0.000000000000000000e+00
6.870000000000000107e+00,4.108621654829735376e-03,0.000000000000000000e+00
6.872500000000000497e+00,4.104978600606009817e-03,0.000000000000000000e+00
6.875000000000000000e+00,4.101354096199710288e-03,0.000000000000000000e+00
6.877500000000000391e+00,4.097748137069705428e-03,0.000000000000000000e+00
6.879999999999999893e+00,4.094160618786874505e-03,0.000000000000000000e+00
6.882500000000000284e+00,4.090591537481678280e-03,0.000000000000000000e+00
6.884999999999999787e+00,4.087040789420266253e-03,0.000000000000000000e+00
6.887500000000000178e+00,4.083508371397516490e-03,0.000000000000000000e+00
6.890000000000000568e+00,4.079994180367793599e-03,0.000000000000000000e+00
6.892500000000000071e+00,4.076498213783853047e-03,0.000000000000000000e+00
6.895000000000000462e+00,4.073020369280938406e-03,0.000000000000000000e+00
6.897499999999999964e+00,4.069560644962270934e-03,0.000000000000000000e+00
6.900000000000000355e+00,4.066118939137462751e-03,0.000000000000000000e+00
6.902499999999999858e+00,4.062695250553806717e-03,3.146331145954945870e-04
6.905000000000000249e+00,4.059289478188228377e-03,6.292662291911009552e-04
6.907499999999999751e+00,4.055901621424988501e-03,9.438993437865956506e-04
6.910000000000000142e+00,4.052531579901636968e-03,1.258532458382201910e-03
6.912500000000000533e+00,4.049179353633606745e-03,1.573165572977808279e-03
6.915000000000000036e+00,4.045844842911962280e-03,1.887798687573302974e-03
6.917500000000000426e+00,4.042528048376562398e-03,2.202431802168909342e-03
6.919999999999999929e+00,4.039228870965805296e-03,2.517064916764403821e-03
6.922500000000000320e+00,4.035947311937853818e-03,2.831698031360010189e-03
6.924999999999999822e+00,4.032683272871356167e-03,3.146331145955505101e-03
6.927500000000000213e+00,4.029436755636806554e-03,3.736832685660602775e-03
6.929999999999999716e+00,4.026207662447246760e-03,4.327334225365588559e-03
6.932500000000000107e+00,4.022995995778867045e-03,4.917835765070784244e-03
6.935000000000000497e+00,4.019801658472734601e-03,5.508337304775980797e-03
6.937500000000000000e+00,4.016624653605117834e-03,6.098838844480966581e-03
6.940000000000000391e+00,4.013464884638903371e-03,6.689340384186162267e-03
6.942499999999999893e+00,4.010322355244060055e-03,7.279841923891148051e-03
6.945000000000000284e+00,4.007196969499533801e-03,7.870343463596343736e-03
6.947499999999999787e+00,4.004088731663467925e-03,8.460845003301329520e-03
6.950000000000000178e+00,4.000997546424212362e-03,9.051346543006525205e-03
6.952500000000000568e+00,3.997923418622657821e-03,9.669417593342737385e-03
6.955000000000000071e+00,3.994866253551194492e-03,1.028748864367872926e-02
6.957500000000000462e+00,3.991826056627036795e-03,1.090555969401494144e-02
6.959999999999999964e+00,3.988802733741019825e-03,1.152363074435093331e-02
6.962500000000000355e+00,3.985796290881428103e-03,1.214170179468714375e-02
6.964999999999999858e+00,3.982806634531370349e-03,1.275977284502313736e-02
6.967500000000000249e+00,3.979833771244992678e-03,1.337784389535934954e-02
6.969999999999999751e+00,3.976877608092028310e-03,1.399591494569533967e-02
6.972500000000000142e+00,3.973938152187386601e-03,1.461398599603155185e-02
6.975000000000000533e+00,3.971015311181586190e-03,1.523205704636776403e-02
6.977500000000000036e+00,3.968109092744658353e-03,1.560442855878525076e-02
6.980000000000000426e+00,3.965219405103078548e-03,1.597680007120286932e-02
6.982499999999999929e+00,3.962346256476685646e-03,1.634917158362035605e-02
6.985000000000000320e+00,3.959489555662228100e-03,1.672154309603797462e-02
6.987499999999999822e+00,3.956649311424452649e-03,1.709391460845546135e-02
6.990000000000000213e+00,3.953825433125000496e-03,1.746628612087307991e-02
6.992499999999999716e+00,3.951017930068602239e-03,1.783865763329057011e-02
6.995000000000000107e+00,3.948226712176709959e-03,1.821102914570818868e-02
6.997500000000000497e+00,3.945451789288730721e-03,1.858340065812580724e-02
7.000000000000000000e+00,3.942693071880760611e-03,1.895577217054329397e-02
7.002500000000000391e+00,3.939950570322243648e-03,1.891919621477627239e-02
7.004999999999999893e+00,3.937224195639153768e-03,1.888262025900926122e-02
7.007500000000000284e+00,3.934513958725873589e-03,1.884604430324223964e-02
7.009999999999999787e+00,3.931819771152927565e-03,1.880946834747522847e-02
7.012500000000000178e+00,3.929141644335495259e-03,1.877289239170820689e-02
7.015000000000000568e+00,3.926479490383638291e-03,1.873631643594118532e-02
7.017500000000000071e+00,3.923833321228468139e-03,1.869974048017417415e-02
7.020000000000000462e+00,3.921203049515022999e-03,1.866316452440715257e-02
7.022499999999999964e+00,3.918588687685467357e-03,1.862658856864014140e-02
7.025000000000000355e+00,3.915990148915381164e-03,1.859001261287311982e-02
7.027499999999999858e+00,3.913407446153684133e-03,1.816090343022620443e-02
7.030000000000000249e+00,3.910840493101190585e-03,1.773179424757913292e-02
7.032499999999999751e+00,3.908289303209522281e-03,1.730268506493221753e-02
7.035000000000000142e+00,3.905753790700339061e-03,1.687357588228514949e-02
7.037500000000000533e+00,3.903233969523356005e-03,1.644446669963808144e-02
7.040000000000000036e+00,3.900729754416345715e-03,1.601535751699116258e-02
7.042500000000000426e+00,3.898241159823299766e-03,1.558624833434409454e-02
7.044999999999999929e+00,3.895768100993877298e-03,1.515713915169717742e-02
7.047500000000000320e+00,3.893310592861462267e-03,1.472802996905010764e-02
7.049999999999999822e+00,3.890868551183417068e-03,1.429892078640319225e-02
7.052500000000000213e+00,3.888441991378817440e-03,1.366801283161848436e-02
7.054999999999999716e+00,3.886030829707960710e-03,1.303710487683392913e-02
7.057500000000000107e+00,3.883635082071382107e-03,1.240619692204914838e-02
7.060000000000000497e+00,3.881254665228793272e-03,1.177528896726436937e-02
7.062500000000000000e+00,3.878889595557919769e-03,1.114438101247981414e-02
7.065000000000000391e+00,3.876539790313506071e-03,1.051347305769503512e-02
7.067499999999999893e+00,3.874205266346743195e-03,9.882565102910478155e-03
7.070000000000000284e+00,3.871885941402905540e-03,9.251657148125699143e-03
7.072499999999999787e+00,3.869581832803296352e-03,8.620749193341142175e-03
7.075000000000000178e+00,3.867292858779972520e-03,7.989841238556363162e-03
7.077500000000000568e+00,3.865019037119679646e-03,7.439680007469060691e-03
7.080000000000000071e+00,3.862760286537479746e-03,6.889518776381952508e-03
7.082500000000000462e+00,3.860516625282467331e-03,6.339357545294650037e-03
7.084999999999999964e+00,3.858287972548536671e-03,5.789196314207542722e-03
7.087500000000000355e+00,3.856074347043219382e-03,5.239035083120239383e-03
7.089999999999999858e+00,3.853875668435299395e-03,4.688873852033132936e-03
7.092500000000000249e+00,3.851691955887855384e-03,4.138712620945829597e-03
7.094999999999999751e+00,3.849523129540403238e-03,3.588551389858722282e-03
7.097500000000000142e+00,3.847369209007351579e-03,3.038390158771418943e-03
7.100000000000000533e+00,3.845230114896176169e-03,2.488228927684116472e-03
7.102500000000000036e+00,3.843105867269094086e-03,2.239406034915748887e-03
7.105000000000000426e+00,3.840996387197464796e-03,1.990583142147293264e-03
7.107499999999999929e+00,3.838901695188125414e-03,1.741760249378925679e-03
7.110000000000000320e+00,3.836821712772472796e-03,1.492937356610469840e-03
7.112499999999999822e+00,3.834756460898969960e-03,1.244114463842102471e-03
7.115000000000000213e+00,3.832705861555552214e-03,9.952915710736466321e-04
7.117499999999999716e+00,3.830669936128635201e-03,7.464686783052792637e-04
7.120000000000000107e+00,3.828648607059433138e-03,4.976457855368232076e-04
7.122500000000000497e+00,3.826641896169197862e-03,2.488228927683675852e-04
7.125000000000000000e+00,3.824649726349063205e-03,0.000000000000000000e+00
7.127500000000000391e+00,3.822672119851764413e-03,0.000000000000000000e+00
7.129999999999999893e+00,3.820709000014741070e-03,0.000000000000000000e+00
7.132500000000000284e+00,3.818760389519616685e-03,0.000000000000000000e+00
7.134999999999999787e+00,3.816826212146973325e-03,0.000000000000000000e+00
7.137500000000000178e+00,3.814906491003500731e-03,0.000000000000000000e+00
7.140000000000000568e+00,3.813001150310168716e-03,0.000000000000000000e+00
7.142500000000000071e+00,3.811110213595898712e-03,0.000000000000000000e+00
7.145000000000000462e+00,3.809233605518365026e-03,0.000000000000000000e+00
7.147499999999999964e+00,3.807371350026344213e-03,0.000000000000000000e+00
7.150000000000000355e+00,3.805523372210844937e-03,0.000000000000000000e+00
7.152499999999999858e+00,3.803689696437453135e-03,0.000000000000000000e+00
7.155000000000000249e+00,3.801870248227698975e-03,0.000000000000000000e+00
7.157499999999999751e+00,3.800065052360954154e-03,0.000000000000000000e+00
7.160000000000000142e+00,3.798274034786313074e-03,0.000000000000000000e+00
7.162500000000000533e+00,3.796497220694335876e-03,0.000000000000000000e+00
7.165000000000000036e+00,3.794734536458636322e-03,0.000000000000000000e+00
7.167500000000000426e+00,3.792986007678041289e-03,0.000000000000000000e+00
7.169999999999999929e+00,3.791251561147737474e-03,0.000000000000000000e+00
7.172500000000000320e+00,3.789531222872546436e-03,0.000000000000000000e+00
7.174999999999999822e+00,3.787824920066394131e-03,0.000000000000000000e+00
7.177500000000000213e+00,3.786132679136920091e-03,0.000000000000000000e+00
7.179999999999999716e+00,3.784454427714339670e-03,0.000000000000000000e+00
7.182500000000000107e+00,3.782790192606593719e-03,0.000000000000000000e+00
7.185000000000000497e+00,3.781139901857219314e-03,0.000000000000000000e+00
7.187500000000000000e+00,3.779503582672395171e-03,0.000000000000000000e+00
7.190000000000000391e+00,3.777881163505847611e-03,0.000000000000000000e+00
7.192499999999999893e+00,3.776272671959505622e-03,0.000000000000000000e+00
7.195000000000000284e+00,3.774678036895221314e-03,0.000000000000000000e+00
7.197499999999999787e+00,3.773097286307587877e-03,0.000000000000000000e+00
7.200000000000000178e+00,3.771530349463465045e-03,0.000000000000000000e+00
7.202500000000000568e+00,3.769977254749126185e-03,0.000000000000000000e+00
7.205000000000000071e+00,3.768437931834317956e-03,0.000000000000000000e+00
7.207500000000000462e+00,3.766912409492815389e-03,0.000000000000000000e+00
7.209999999999999964e+00,3.765400617794935345e-03,0.000000000000000000e+00
7.212500000000000355e+00,3.763902585901055496e-03,0.000000000000000000e+00
7.214999999999999858e+00,3.762418244278906143e-03,0.000000000000000000e+00
7.217500000000000249e+00,3.760947622473062406e-03,0.000000000000000000e+00
7.219999999999999751e+00,3.759490651346494416e-03,0.000000000000000000e+00
7.222500000000000142e+00,3.758047360825656283e-03,0.000000000000000000e+00
7.225000000000000533e+00,3.756617682166789058e-03,0.000000000000000000e+00
7.227500000000000036e+00,3.755201645675775544e-03,0.000000000000000000e+00
7.230000000000000426e+00,3.753799182999576368e-03,0.000000000000000000e+00
7.232499999999999929e+00,3.752410324821992948e-03,0.000000000000000000e+00
7.235000000000000320e+00,3.751035003178273403e-03,0.000000000000000000e+00
7.237499999999999822e+00,3.749673249127773774e-03,0.000000000000000000e+00
7.240000000000000213e+00,3.748324995092135355e-03,0.000000000000000000e+00
7.242499999999999716e+00,3.746990272504325918e-03,0.000000000000000000e+00
7.245000000000000107e+00,3.745669014170080555e-03,0.000000000000000000e+00
7.247500000000000497e+00,3.744361251894061902e-03,0.000000000000000000e+00
7.250000000000000000e+00,3.743066918863862357e-03,0.000000000000000000e+00
7.252500000000000391e+00,3.741786047254196199e-03,0.000000000000000000e+00
7.254999999999999893e+00,3.740518570632449247e-03,0.000000000000000000e+00
7.257500000000000284e+00,3.739264521541337417e-03,0.000000000000000000e+00
7.259999999999999787e+00,3.738023833926040242e-03,0.000000000000000000e+00
7.262500000000000178e+00,3.736796540695249118e-03,0.000000000000000000e+00
7.265000000000000568e+00,3.735582576170507017e-03,0.000000000000000000e+00
7.267500000000000071e+00,3.734381973624740017e-03,0.000000000000000000e+00
7.270000000000000462e+00,3.733194667753120602e-03,0.000000000000000000e+00
7.272499999999999964e+00,3.732020692191719696e-03,0.000000000000000000e+00
7.275000000000000355e+00,3.730859982007589826e-03,0.000000000000000000e+00
7.277499999999999858e+00,3.729712571197816521e-03,0.000000000000000000e+00
7.280000000000000249e+00,3.728578395199394230e-03,0.000000000000000000e+00
7.282499999999999751e+00,3.727457488369254317e-03,0.000000000000000000e+00
7.285000000000000142e+00,3.726349786512718129e-03,0.000000000000000000e+00
7.287500000000000533e+00,3.725255324344342849e-03,0.000000000000000000e+00
7.290000000000000036e+00,3.724174038035866791e-03,0.000000000000000000e+00
7.292500000000000426e+00,3.723105962658805525e-03,0.000000000000000000e+00
7.294999999999999929e+00,3.722051034749200137e-03,0.000000000000000000e+00
7.297500000000000320e+00,3.721009289733497559e-03,0.000000000000000000e+00
7.299999999999999822e+00,3.719980664511165179e-03,0.000000000000000000e+00
7.302500000000000213e+00,3.718965194861730342e-03,0.000000000000000000e+00
7.304999999999999716e+00,3.717962818046208467e-03,0.000000000000000000e+00
7.307500000000000107e+00,3.716973570196394159e-03,0.000000000000000000e+00
7.310000000000000497e+00,3.715997388932970429e-03,0.000000000000000000e+00
7.312500000000000000e+00,3.715034310738236228e-03,0.000000000000000000e+00
7.315000000000000391e+00,3.714084273591447116e-03,0.000000000000000000e+00
7.317499999999999893e+00,3.713147314324074123e-03,0.000000000000000000e+00
7.320000000000000284e+00,3.712223371272229278e-03,0.000000000000000000e+00
7.322499999999999787e+00,3.711312481615252918e-03,0.000000000000000000e+00
7.325000000000000178e+00,3.710414584044883189e-03,0.000000000000000000e+00
7.327500000000000568e+00,3.709529716087176573e-03,0.000000000000000000e+00
7.330000000000000071e+00,3.708657816787380105e-03,0.000000000000000000e+00
7.332500000000000462e+00,3.707798924017318386e-03,0.000000000000000000e+00
7.334999999999999964e+00,3.706952977174771992e-03,0.000000000000000000e+00
7.337500000000000355e+00,3.706120014476222552e-03,0.000000000000000000e+00
7.339999999999999858e+00,3.705299975669955424e-03,0.000000000000000000e+00
7.342500000000000249e+00,3.704492899316237133e-03,0.000000000000000000e+00
7.344999999999999751e+00,3.703698725513101045e-03,0.000000000000000000e+00
7.347500000000000142e+00,3.702917493162690386e-03,0.000000000000000000e+00
7.350000000000000533e+00,3.702149142711900522e-03,0.000000000000000000e+00
7.352500000000000036e+00,3.701393713403799881e-03,0.000000000000000000e+00
7.355000000000000426e+00,3.700651146032444497e-03,0.000000000000000000e+00
7.357499999999999929e+00,3.699921480181547848e-03,0.000000000000000000e+00
7.360000000000000320e+00,3.699204656990713342e-03,0.000000000000000000e+00
7.362499999999999822e+00,3.698500716382849707e-03,0.000000000000000000e+00
7.365000000000000213e+00,3.697809599842748641e-03,0.000000000000000000e+00
7.367499999999999716e+00,3.697131347631449870e-03,0.000000000000000000e+00
7.370000000000000107e+00,3.696465901577456262e-03,0.000000000000000000e+00
7.372500000000000497e+00,3.695813302279063375e-03,0.000000000000000000e+00
7.375000000000000000e+00,3.695173491907683370e-03,0.000000000000000000e+00
7.377500000000000391e+00,3.694546511398276098e-03,9.722463810531422343e-05
7.379999999999999893e+00,3.693932303263435229e-03,1.944492762105939150e-04
7.382500000000000284e+00,3.693330908773819529e-03,2.916739143159081385e-04
7.384999999999999787e+00,3.692742270782757921e-03,3.888985524211878301e-04
7.387500000000000178e+00,3.692166430895932414e-03,4.861231905265020535e-04
7.390000000000000568e+00,3.691603332306338595e-03,5.833478286318162769e-04
7.392500000000000071e+00,3.691053016953643479e-03,6.805724667370959685e-04
7.395000000000000462e+00,3.690515428369713080e-03,7.777971048424101377e-04
7.397499999999999964e+00,3.689990608827636506e-03,8.750217429476898293e-04
7.400000000000000355e+00,3.689478502196787135e-03,9.722463810530041070e-04
7.402499999999999858e+00,3.688979151083468435e-03,1.328545878344065869e-03
7.405000000000000249e+00,3.688492499693911929e-03,1.684845375635254374e-03
7.407499999999999751e+00,3.688018590966362590e-03,2.041144872926316245e-03
7.410000000000000142e+00,3.687557369443403114e-03,2.397444370217504533e-03
7.412500000000000533e+00,3.687108878394925945e-03,2.753743867508692822e-03
7.415000000000000036e+00,3.686673062698594700e-03,3.110043364799754909e-03
7.417500000000000426e+00,3.686249965955501733e-03,3.466342862090943198e-03
7.419999999999999929e+00,3.685839533377740628e-03,3.822642359382005285e-03
7.422500000000000320e+00,3.685441808896924507e-03,4.178941856673193574e-03
7.424999999999999822e+00,3.685056738059307602e-03,4.535241353964255227e-03
7.427500000000000213e+00,3.684684365126375018e-03,5.023768662020285450e-03
7.429999999999999716e+00,3.684324635977564988e-03,5.512295970076188170e-03
7.432500000000000107e+00,3.683977595203757546e-03,6.000823278132265230e-03
7.435000000000000497e+00,3.683643189016956934e-03,6.489350586188342290e-03
7.437500000000000000e+00,3.683321462337762944e-03,6.977877894244245011e-03
7.440000000000000391e+00,3.683012361709854608e-03,7.466405202300322938e-03
7.442499999999999893e+00,3.682715932382133340e-03,7.954932510356225658e-03
7.445000000000000284e+00,3.682432121230161132e-03,8.443459818412303586e-03
7.447499999999999787e+00,3.682160973831405133e-03,8.931987126468206306e-03
7.450000000000000178e+00,3.681902437391859628e-03,9.420514434524282499e-03
7.452500000000000568e+00,3.681656557817646839e-03,9.811522902529186407e-03
7.455000000000000071e+00,3.681423282644839031e-03,1.020253137053395327e-02
7.457500000000000462e+00,3.681202658107533051e-03,1.059353983853885718e-02
7.459999999999999964e+00,3.680994632071609395e-03,1.098454830654362231e-02
7.462500000000000355e+00,3.680799251099053666e-03,1.137555677454852796e-02
7.464999999999999858e+00,3.680616463385317800e-03,1.176656524255329309e-02
7.467500000000000249e+00,3.680446315819355455e-03,1.215757371055819699e-02
7.469999999999999751e+00,3.680288756926252888e-03,1.254858217856296213e-02
7.472500000000000142e+00,3.680143833922462204e-03,1.293959064656786603e-02
7.475000000000000533e+00,3.680011495660987474e-03,1.333059911457277168e-02
7.477500000000000036e+00,3.679891789685898942e-03,1.341863176974086858e-02
7.480000000000000426e+00,3.679784665179063486e-03,1.350666442490899670e-02
7.482499999999999929e+00,3.679690170011580119e-03,1.359469708007709533e-02
7.485000000000000320e+00,3.679608253693051820e-03,1.368272973524522346e-02
7.487499999999999822e+00,3.679538964421901273e-03,1.377076239041332036e-02
7.490000000000000213e+00,3.679482252035825782e-03,1.385879504558144848e-02
7.492499999999999716e+00,3.679438165060155367e-03,1.394682770074954538e-02
7.495000000000000107e+00,3.679406653660147360e-03,1.403486035591767524e-02
7.497500000000000497e+00,3.679387766688515735e-03,1.412289301108580336e-02
