offset_GHz,folded_incident_density_per_GHz,nonparametric_recovery_per_GHz
-7.500000000000000000e+00,4.097823243207311499e-03,6.020126360831403595e-03
-7.497500000000000497e+00,4.097830303603076062e-03,5.803596547569049406e-03
-7.495000000000000107e+00,4.097851484882916381e-03,5.587066734306618890e-03
-7.492499999999999716e+00,4.097886787323946726e-03,5.370536921044188373e-03
-7.490000000000000213e+00,4.097936211388313911e-03,5.154007107781834185e-03
-7.487499999999999822e+00,4.097999757723973582e-03,4.937477294519403669e-03
-7.485000000000000320e+00,4.098077427162202628e-03,4.720947481257049480e-03
-7.482499999999999929e+00,4.098169220721149288e-03,4.504417667994618964e-03
-7.480000000000000426e+00,4.098275139601985535e-03,4.287887854732264775e-03
-7.477500000000000036e+00,4.098395185192401681e-03,4.071358041469834259e-03
-7.475000000000000533e+00,4.098529359064652204e-03,3.854828228207480504e-03
-7.472500000000000142e+00,4.098677662976084844e-03,3.662046680790925768e-03
-7.469999999999999751e+00,4.098840098869206520e-03,3.469265133374371465e-03
-7.467500000000000249e+00,4.099016668872032879e-03,3.276483585957885251e-03
-7.464999999999999858e+00,4.099207375297203582e-03,3.083702038541330515e-03
-7.462500000000000355e+00,4.099412220643221770e-03,2.890920491124844734e-03
-7.459999999999999964e+00,4.099631207594106250e-03,2.698138943708289564e-03
-7.457500000000000462e+00,4.099864339019085313e-03,2.505357396291803783e-03
-7.455000000000000071e+00,4.100111617972902918e-03,2.312575848875249480e-03
-7.452500000000000568e+00,4.100373047696105784e-03,2.119794301458762832e-03
-7.450000000000000178e+00,4.100648631614990484e-03,1.927012754042208530e-03
-7.447499999999999787e+00,4.100938373341720539e-03,1.793258900932263086e-03
-7.445000000000000284e+00,4.101242276674322944e-03,1.659505047822365130e-03
-7.442499999999999893e+00,4.101560345596990016e-03,1.525751194712419469e-03
-7.440000000000000391e+00,4.101892584278948352e-03,1.391997341602521730e-03
-7.437500000000000000e+00,4.102238997078313382e-03,1.258243488492576286e-03
-7.435000000000000497e+00,4.102599588536753362e-03,1.124489635382678113e-03
-7.432500000000000107e+00,4.102974363383998790e-03,9.907357822727326686e-04
-7.429999999999999716e+00,4.103363326536293293e-03,8.569819291627872246e-04
-7.427500000000000213e+00,4.103766483096399700e-03,7.232280760528892686e-04
-7.424999999999999822e+00,4.104183838353479483e-03,5.894742229429704959e-04
-7.422500000000000320e+00,4.104615397785107631e-03,5.305268006486838763e-04
-7.419999999999999929e+00,4.105061167054900421e-03,4.715793783543763859e-04
-7.417500000000000426e+00,4.105521152014296980e-03,4.126319560600898205e-04
-7.415000000000000036e+00,4.105995358702318153e-03,3.536845337657822759e-04
-7.412500000000000533e+00,4.106483793345567374e-03,2.947371114714957105e-04
-7.410000000000000142e+00,4.106986462358470924e-03,2.357896891771881658e-04
-7.407499999999999751e+00,4.107503372344219021e-03,1.768422668828806754e-04
-7.405000000000000249e+00,4.108034530092758742e-03,1.178948445885940558e-04
-7.402499999999999858e+00,4.108579942583870555e-03,5.894742229428651115e-05
-7.400000000000000355e+00,4.109139616985272268e-03,0.000000000000000000e+00
-7.397499999999999964e+00,4.109713560653804713e-03,0.000000000000000000e+00
-7.395000000000000462e+00,4.110301781135076125e-03,0.000000000000000000e+00
-7.392500000000000071e+00,4.110904286164174248e-03,0.000000000000000000e+00
-7.390000000000000568e+00,4.111521083665426075e-03,0.000000000000000000e+00
-7.387500000000000178e+00,4.112152181753348477e-03,0.000000000000000000e+00
-7.384999999999999787e+00,4.112797588731461652e-03,0.000000000000000000e+00
-7.382500000000000284e+00,4.113457313093830427e-03,0.000000000000000000e+00
-7.379999999999999893e+00,4.114131363525538702e-03,0.000000000000000000e+00
-7.377500000000000391e+00,4.114819748901499437e-03,0.000000000000000000e+00
-7.375000000000000000e+00,4.115522478287056592e-03,0.000000000000000000e+00
-7.372500000000000497e+00,4.116239560940164813e-03,3.560016508055145366e-05
-7.370000000000000107e+00,4.116971006308675456e-03,7.120033016111556538e-05
-7.367499999999999716e+00,4.117716824033173725e-03,1.068004952416796635e-04
-7.365000000000000213e+00,4.118477023945378394e-03,1.424006603222311308e-04
-7.362499999999999822e+00,4.119251616069390803e-03,1.780008254027952289e-04
-7.360000000000000320e+00,4.120040610621690524e-03,2.136009904833466961e-04
-7.357499999999999929e+00,4.120844018012497986e-03,2.492011555639107672e-04
-7.355000000000000426e+00,4.121661848842933865e-03,2.848013206444622615e-04
-7.352500000000000036e+00,4.122494113909634314e-03,3.204014857250263326e-04
-7.350000000000000533e+00,4.123340824201440248e-03,3.560016508055778269e-04
-7.347500000000000142e+00,4.124201990902116519e-03,4.534992364195088101e-04
-7.344999999999999751e+00,4.125077625388516578e-03,5.509968220334397933e-04
-7.342500000000000249e+00,4.125967739233725798e-03,6.484944076473361362e-04
-7.339999999999999858e+00,4.126872344203501818e-03,7.459919932612671736e-04
-7.337500000000000355e+00,4.127791452261253199e-03,8.434895788751635166e-04
-7.334999999999999964e+00,4.128725075563832725e-03,9.409871644890944456e-04
-7.332500000000000462e+00,4.129673226465683383e-03,1.038484750102990680e-03
-7.330000000000000071e+00,4.130635917515819953e-03,1.135982335716921934e-03
-7.327500000000000568e+00,4.131613161461792846e-03,1.233479921330818060e-03
-7.325000000000000178e+00,4.132604971245961052e-03,1.330977506944749098e-03
-7.322499999999999787e+00,4.133611360010226200e-03,1.481302951325897278e-03
-7.320000000000000284e+00,4.134632341092126830e-03,1.631628395706992115e-03
-7.317499999999999893e+00,4.135667928028923662e-03,1.781953840088140294e-03
-7.315000000000000391e+00,4.136718134554934201e-03,1.932279284469234915e-03
-7.312500000000000000e+00,4.137782974604551148e-03,2.082604728850383311e-03
-7.310000000000000497e+00,4.138862462310175482e-03,2.232930173231477931e-03
-7.307500000000000107e+00,4.139956612005170691e-03,2.383255617612625894e-03
-7.304999999999999716e+00,4.141065438221556462e-03,2.533581061993774291e-03
-7.302500000000000213e+00,4.142188955693088676e-03,2.683906506374868911e-03
-7.299999999999999822e+00,4.143327179353006005e-03,2.834231950756024247e-03
-7.297500000000000320e+00,4.144480124337290329e-03,3.004490355762073298e-03
-7.294999999999999929e+00,4.145647805982059439e-03,3.174748760768182632e-03
-7.292500000000000426e+00,4.146830239827295830e-03,3.345007165774231250e-03
-7.290000000000000036e+00,4.148027441613773639e-03,3.515265570780340583e-03
-7.287500000000000533e+00,4.149239427286662528e-03,3.685523975786389201e-03
-7.285000000000000142e+00,4.150466212993816385e-03,3.855782380792498534e-03
-7.282499999999999751e+00,4.151707815087547077e-03,4.026040785798607434e-03
-7.280000000000000249e+00,4.152964250123914944e-03,4.196299190804656486e-03
-7.277499999999999858e+00,4.154235534864623124e-03,4.366557595810765385e-03
-7.275000000000000355e+00,4.155521686275892579e-03,4.536816000816814437e-03
-7.272499999999999964e+00,4.156822721530474378e-03,4.685016593476667296e-03
-7.270000000000000462e+00,4.158138658006824834e-03,4.833217186136467246e-03
-7.267500000000000071e+00,4.159469513290934770e-03,4.981417778796320105e-03
-7.265000000000000568e+00,4.160815305174913117e-03,5.129618371456120055e-03
-7.262500000000000178e+00,4.162176051660004469e-03,5.277818964115972913e-03
-7.259999999999999787e+00,4.163551770954812721e-03,5.426019556775825772e-03
-7.257500000000000284e+00,4.164942481477435648e-03,5.574220149435626590e-03
-7.254999999999999893e+00,4.166348201854515147e-03,5.722420742095479448e-03
-7.252500000000000391e+00,4.167768950923723091e-03,5.870621334755279398e-03
-7.250000000000000000e+00,4.169204747731747318e-03,6.018821927415132257e-03
-7.247500000000000497e+00,4.170655611537792302e-03,6.108293740031201131e-03
-7.245000000000000107e+00,4.172121561811082888e-03,6.197765552647301231e-03
-7.242499999999999716e+00,4.173602618234214905e-03,6.287237365263401330e-03
-7.240000000000000213e+00,4.175098800701202741e-03,6.376709177879470204e-03
-7.237499999999999822e+00,4.176610129320788324e-03,6.466180990495570304e-03
-7.235000000000000320e+00,4.178136624413844244e-03,6.555652803111638310e-03
-7.232499999999999929e+00,4.179678306516801563e-03,6.645124615727739277e-03
-7.230000000000000426e+00,4.181235196380261171e-03,6.734596428343807284e-03
-7.227500000000000036e+00,4.182807314971451890e-03,6.824068240959907383e-03
-7.225000000000000533e+00,4.184394683472185232e-03,6.913540053575976257e-03
-7.222500000000000142e+00,4.185997323282645774e-03,6.923765747025278569e-03
-7.219999999999999751e+00,4.187615256018995501e-03,6.933991440474581748e-03
-7.217500000000000249e+00,4.189248503516714885e-03,6.944217133923880590e-03
-7.214999999999999858e+00,4.190897087828712904e-03,6.954442827373183769e-03
-7.212500000000000355e+00,4.192561031228312501e-03,6.964668520822482611e-03
-7.209999999999999964e+00,4.194240356207447340e-03,6.974894214271784923e-03
-7.207500000000000462e+00,4.195935085479949971e-03,6.985119907721084632e-03
-7.205000000000000071e+00,4.197645241979651443e-03,6.995345601170386944e-03
-7.202500000000000568e+00,4.199370848863584471e-03,7.005571294619686654e-03
-7.200000000000000178e+00,4.201111929509552222e-03,7.015796988068988965e-03
-7.197499999999999787e+00,4.202868507520718389e-03,6.947532648079221551e-03
-7.195000000000000284e+00,4.204640606722113462e-03,6.879268308089479290e-03
-7.192499999999999893e+00,4.206428251165077355e-03,6.811003968099711876e-03
-7.190000000000000391e+00,4.208231465124649510e-03,6.742739628109968748e-03
-7.187500000000000000e+00,4.210050273103572646e-03,6.674475288120202202e-03
-7.185000000000000497e+00,4.211884699829680258e-03,6.606210948130459074e-03
-7.182500000000000107e+00,4.213734770259630613e-03,6.537946608140691659e-03
-7.179999999999999716e+00,4.215600509576954320e-03,6.469682268150924245e-03
-7.177500000000000213e+00,4.217481943195336425e-03,6.401417928161181985e-03
-7.174999999999999822e+00,4.219379096756873011e-03,6.333153588171393754e-03
-7.172500000000000320e+00,4.221291996135356772e-03,6.207328865537671721e-03
-7.169999999999999929e+00,4.223220667434202276e-03,6.081504142903905452e-03
-7.167500000000000426e+00,4.225165136990357770e-03,5.955679420270182552e-03
-7.165000000000000036e+00,4.227125431371992793e-03,5.829854697636416283e-03
-7.162500000000000533e+00,4.229101577381964155e-03,5.704029975002694250e-03
-7.160000000000000142e+00,4.231093602055947638e-03,5.578205252368927114e-03
-7.157499999999999751e+00,4.233101532666322907e-03,5.452380529735159978e-03
-7.155000000000000249e+00,4.235125396719869803e-03,5.326555807101437945e-03
-7.152499999999999858e+00,4.237165221960928138e-03,5.200731084467670809e-03
-7.150000000000000355e+00,4.239221036370569365e-03,5.074906361833948776e-03
-7.147499999999999964e+00,4.241292868169122335e-03,4.926374674700514066e-03
-7.145000000000000462e+00,4.243380745814724804e-03,4.777842987567131397e-03
-7.142500000000000071e+00,4.245484698006792880e-03,4.629311300433696687e-03
-7.140000000000000568e+00,4.247604753684383443e-03,4.480779613300314018e-03
-7.137500000000000178e+00,4.249740942029235982e-03,4.332247926166879308e-03
-7.134999999999999787e+00,4.251893292464598191e-03,4.183716239033444598e-03
-7.132500000000000284e+00,4.254061834658250454e-03,4.035184551900062797e-03
-7.129999999999999893e+00,4.256246598520785004e-03,3.886652864766627219e-03
-7.127500000000000391e+00,4.258447614209633081e-03,3.738121177633245418e-03
-7.125000000000000000e+00,4.260664912126654533e-03,3.589589490499810274e-03
-7.122500000000000497e+00,4.262898522921998445e-03,3.457873395834800464e-03
-7.120000000000000107e+00,4.265148477492402244e-03,3.326157301169743816e-03
-7.117499999999999716e+00,4.267414806984890126e-03,3.194441206504686735e-03
-7.115000000000000213e+00,4.269697542794587304e-03,3.062725111839676925e-03
-7.112499999999999822e+00,4.271996716568754980e-03,2.931009017174620278e-03
-7.110000000000000320e+00,4.274312360204782398e-03,2.799292922509610468e-03
-7.107499999999999929e+00,4.276644505854135941e-03,2.667576827844553820e-03
-7.105000000000000426e+00,4.278993185920346859e-03,2.535860733179544010e-03
-7.102500000000000036e+00,4.281358433062521472e-03,2.404144638514486929e-03
-7.100000000000000533e+00,4.283740280194433918e-03,2.272428543849477119e-03
-7.097500000000000142e+00,4.286138760486973842e-03,2.191983402402988747e-03
-7.094999999999999751e+00,4.288553907367844559e-03,2.111538260956500376e-03
-7.092500000000000249e+00,4.290985754523848547e-03,2.031093119510041060e-03
-7.089999999999999858e+00,4.293434335900291575e-03,1.950647978063552689e-03
-7.087500000000000355e+00,4.295899685704269999e-03,1.870202836617092940e-03
-7.084999999999999964e+00,4.298381838402998492e-03,1.789757695170604568e-03
-7.082500000000000462e+00,4.300880828727494595e-03,1.709312553724144819e-03
-7.080000000000000071e+00,4.303396691671129357e-03,1.628867412277656447e-03
-7.077500000000000568e+00,4.305929462493253770e-03,1.548422270831196915e-03
-7.075000000000000178e+00,4.308479176717778039e-03,1.467977129384708543e-03
-7.072499999999999787e+00,4.311045870136412037e-03,1.460244296035748948e-03
-7.070000000000000284e+00,4.313629578807601922e-03,1.452511462686792171e-03
-7.067499999999999893e+00,4.316230339060137498e-03,1.444778629337832576e-03
-7.065000000000000391e+00,4.318848187491486877e-03,1.437045795988875800e-03
-7.062500000000000000e+00,4.321483160971726495e-03,1.429312962639916421e-03
-7.060000000000000497e+00,4.324135296641959912e-03,1.421580129290959645e-03
-7.057500000000000107e+00,4.326804631917860119e-03,1.413847295942000050e-03
-7.054999999999999716e+00,4.329491204488713704e-03,1.406114462593040454e-03
-7.052500000000000213e+00,4.332195052320597130e-03,1.398381629244083678e-03
-7.049999999999999822e+00,4.334916213655223144e-03,1.390648795895151404e-03
-7.047500000000000320e+00,4.337654727013777120e-03,1.459503848874336941e-03
-7.044999999999999929e+00,4.340410631195565708e-03,1.528358901853547197e-03
-7.042500000000000426e+00,4.343183965281324950e-03,1.597213954832732733e-03
-7.040000000000000036e+00,4.345974768632290472e-03,1.666069007811942773e-03
-7.037500000000000533e+00,4.348783080894124027e-03,1.734924060791128309e-03
-7.035000000000000142e+00,4.351608941994874330e-03,1.803779113770338565e-03
-7.032499999999999751e+00,4.354452392149437030e-03,1.872634166749548605e-03
-7.030000000000000249e+00,4.357313471857890246e-03,1.941489219728734141e-03
-7.027499999999999858e+00,4.360192221909585039e-03,2.010344272707944181e-03
-7.025000000000000355e+00,4.363088683381660497e-03,2.079199325687129934e-03
-7.022499999999999964e+00,4.366002897642657157e-03,2.210542614109216840e-03
-7.020000000000000462e+00,4.368934906351628830e-03,2.341885902531256908e-03
-7.017500000000000071e+00,4.371884751461770774e-03,2.473229190953343381e-03
-7.015000000000000568e+00,4.374852475219607843e-03,2.604572479375383449e-03
-7.012500000000000178e+00,4.377838120167985153e-03,2.735915767797470356e-03
-7.009999999999999787e+00,4.380841729145640469e-03,2.867259056219557262e-03
-7.007500000000000284e+00,4.383863345290704878e-03,2.998602344641596897e-03
-7.004999999999999893e+00,4.386903012039736552e-03,3.129945633063683803e-03
-7.002500000000000391e+00,4.389960773131407028e-03,3.261288921485723871e-03
-7.000000000000000000e+00,4.393036672605207110e-03,3.392632209907810777e-03
-6.997500000000000497e+00,4.396130754806190470e-03,3.557977645618577191e-03
-6.995000000000000107e+00,4.399243064382442683e-03,3.723323081329343604e-03
-6.992499999999999716e+00,4.402373646290416373e-03,3.888668517040227545e-03
-6.990000000000000213e+00,4.405522545792867756e-03,4.054013952750993958e-03
-6.987499999999999822e+00,4.408689808463113653e-03,4.219359388461760806e-03
-6.985000000000000320e+00,4.411875480184331531e-03,4.384704824172644747e-03
-6.982499999999999929e+00,4.415079607152680267e-03,4.550050259883410726e-03
-6.980000000000000426e+00,4.418302235877134485e-03,4.715395695594177573e-03
-6.977500000000000036e+00,4.421543413182725882e-03,4.880741131305061514e-03
-6.975000000000000533e+00,4.424803186210308180e-03,5.046086567015710400e-03
-6.972500000000000142e+00,4.428081602419565131e-03,5.209200894205837616e-03
-6.969999999999999751e+00,4.431378709589088583e-03,5.372315221395963965e-03
-6.967500000000000249e+00,4.434694555819419445e-03,5.535429548585859595e-03
-6.964999999999999858e+00,4.438029189532993919e-03,5.698543875775986811e-03
-6.962500000000000355e+00,4.441382659477498447e-03,5.861658202965997801e-03
-6.959999999999999964e+00,4.444755014725109907e-03,6.024772530156008790e-03
-6.957500000000000462e+00,4.448146304676704049e-03,6.187886857346135139e-03
-6.955000000000000071e+00,4.451556579061071404e-03,6.351001184536146996e-03
-6.952500000000000568e+00,4.454985887938398871e-03,6.514115511726157118e-03
-6.950000000000000178e+00,4.458434281699961803e-03,6.677229838916284334e-03
-6.947499999999999787e+00,4.461901811072309897e-03,6.802282440863579790e-03
-6.945000000000000284e+00,4.465388527115813494e-03,6.927335042810874380e-03
-6.942499999999999893e+00,4.468894481229328253e-03,7.052387644758258307e-03
-6.940000000000000391e+00,4.472419725149225436e-03,7.177440246705465293e-03
-6.937500000000000000e+00,4.475964310953275092e-03,7.302492848652848353e-03
-6.935000000000000497e+00,4.479528291060540235e-03,7.427545450600143810e-03
-6.932500000000000107e+00,4.483111718234629450e-03,7.552598052547439267e-03
-6.929999999999999716e+00,4.486714645583853023e-03,7.677650654494823194e-03
-6.927500000000000213e+00,4.490337126564626462e-03,7.802703256442118651e-03
-6.924999999999999822e+00,4.493979214981378562e-03,7.927755858389413240e-03
-6.922500000000000320e+00,4.497640964990426773e-03,7.987176986635560055e-03
-6.919999999999999929e+00,4.501322431099093364e-03,8.046598114881665237e-03
-6.917500000000000426e+00,4.505023668170679736e-03,8.106019243127768684e-03
-6.915000000000000036e+00,4.508744731423076912e-03,8.165440371373915499e-03
-6.912500000000000533e+00,4.512485676433343473e-03,8.224861499619979047e-03
-6.910000000000000142e+00,4.516246559137041157e-03,8.284282627866125862e-03
-6.907499999999999751e+00,4.520027435832318398e-03,8.343703756112272676e-03
-6.905000000000000249e+00,4.523828363180017013e-03,8.403124884358334490e-03
-6.902499999999999858e+00,4.527649398207046240e-03,8.462546012604481305e-03
-6.900000000000000355e+00,4.531490598306341100e-03,8.521967140850586486e-03
-6.897499999999999964e+00,4.535352021241104668e-03,8.502340366558888002e-03
-6.895000000000000462e+00,4.539233725144819348e-03,8.482713592267175640e-03
-6.892500000000000071e+00,4.543135768524299116e-03,8.463086817975475420e-03
-6.890000000000000568e+00,4.547058210260529129e-03,8.443460043683776936e-03
-6.887500000000000178e+00,4.551001109612268745e-03,8.423833269392064574e-03
-6.884999999999999787e+00,4.554964526216283109e-03,8.404206495100366089e-03
-6.882500000000000284e+00,4.558948520090770097e-03,8.384579720808667605e-03
-6.879999999999999893e+00,4.562953151635855582e-03,8.364952946516953508e-03
-6.877500000000000391e+00,4.566978481637619727e-03,8.345326172225268901e-03
-6.875000000000000000e+00,4.571024571268033666e-03,8.325699397933556539e-03
-6.872500000000000497e+00,4.575091482088747274e-03,8.230494193677096587e-03
-6.870000000000000107e+00,4.579179276051404887e-03,8.135288989420636635e-03
-6.867499999999999716e+00,4.583288015501827718e-03,8.040083785164109029e-03
-6.865000000000000213e+00,4.587417763180285345e-03,7.944878580907649077e-03
-6.862499999999999822e+00,4.591568582224865407e-03,7.849673376651189124e-03
-6.860000000000000320e+00,4.595740536172343571e-03,7.754468172394661518e-03
-6.857499999999999929e+00,4.599933688961773542e-03,7.659262968138201566e-03
-6.855000000000000426e+00,4.604148104935603357e-03,7.564057763881741614e-03
-6.852500000000000036e+00,4.608383848842895897e-03,7.468852559625214008e-03
-6.850000000000000533e+00,4.612640985839540526e-03,7.373647355368821710e-03
-6.847500000000000142e+00,4.616919581493155421e-03,7.222306076405543736e-03
-6.844999999999999751e+00,4.621219701782957462e-03,7.070964797442265762e-03
-6.842500000000000249e+00,4.625541413103968075e-03,6.919623518479203761e-03
-6.839999999999999858e+00,4.629884782267308999e-03,6.768282239515925787e-03
-6.837500000000000355e+00,4.634249876504582463e-03,6.616940960552755366e-03
-6.834999999999999964e+00,4.638636763468289258e-03,6.465599681589584945e-03
-6.832500000000000462e+00,4.643045511235690224e-03,6.314258402626306971e-03
-6.830000000000000071e+00,4.647476188309710050e-03,6.162917123663137417e-03
-6.827500000000000568e+00,4.651928863622967897e-03,6.011575844699966996e-03
-6.825000000000000178e+00,4.656403606538529402e-03,5.860234565736689022e-03
-6.822499999999999787e+00,4.660900486853416028e-03,5.683902607684407360e-03
-6.820000000000000284e+00,4.665419574800254779e-03,5.507570649632125698e-03
-6.817499999999999893e+00,4.669960941050799695e-03,5.331238691579719136e-03
-6.815000000000000391e+00,4.674524656717036000e-03,5.154906733527563241e-03
-6.812500000000000000e+00,4.679110793354770113e-03,4.978574775475156679e-03
-6.810000000000000497e+00,4.683719422965333147e-03,4.802242817422875017e-03
-6.807500000000000107e+00,4.688350617998915046e-03,4.625910859370593355e-03
-6.804999999999999716e+00,4.693004451355865629e-03,4.449578901318186792e-03
-6.802500000000000213e+00,4.697680996391308955e-03,4.273246943265905130e-03
-6.799999999999999822e+00,4.702380326914826734e-03,4.096914985213623468e-03
-6.797500000000000320e+00,4.707102517196308684e-03,3.931787805130897671e-03
-6.794999999999999929e+00,4.711847641965476348e-03,3.766660625048288968e-03
-6.792500000000000426e+00,4.716615776417252930e-03,3.601533444965680699e-03
-6.790000000000000036e+00,4.721406996212007025e-03,3.436406264882954469e-03
-6.787500000000000533e+00,4.726221377480562501e-03,3.271279084800463727e-03
-6.785000000000000142e+00,4.731058996824471716e-03,3.106151904717737930e-03
-6.782499999999999751e+00,4.735919931321284741e-03,2.941024724635011699e-03
-6.780000000000000249e+00,4.740804258524758397e-03,2.775897544552520524e-03
-6.777499999999999858e+00,4.745712056469834905e-03,2.610770364469794727e-03
-6.775000000000000355e+00,4.750643403673990642e-03,2.445643184387186024e-03
-6.772499999999999964e+00,4.755598379140804459e-03,2.325372046651542467e-03
-6.770000000000000462e+00,4.760577062361829453e-03,2.205100908915813476e-03
-6.767500000000000071e+00,4.765579533321425906e-03,2.084829771180169485e-03
-6.765000000000000568e+00,4.770605872496726588e-03,1.964558633444525929e-03
-6.762500000000000178e+00,4.775656160863601604e-03,1.844287495708796937e-03
-6.759999999999999787e+00,4.780730479897029629e-03,1.724016357973153380e-03
-6.757500000000000284e+00,4.785828911576181510e-03,1.603745220237509607e-03
-6.754999999999999893e+00,4.790951538385278090e-03,1.483474082501780398e-03
-6.752500000000000391e+00,4.796098443318763151e-03,1.363202944766222276e-03
-6.750000000000000000e+00,4.801269709881983427e-03,1.242931807030493285e-03
-6.747500000000000497e+00,4.806465422096755334e-03,1.191693990733136985e-03
-6.745000000000000107e+00,4.811685664502176815e-03,1.140456174435780902e-03
-6.742499999999999716e+00,4.816930522159560898e-03,1.089218358138388174e-03
-6.740000000000000213e+00,4.822200080653512959e-03,1.037980541841031874e-03
-6.737499999999999822e+00,4.827494426097376883e-03,9.867427255436755744e-04
-6.735000000000000320e+00,4.832813645134637591e-03,9.355049092462830625e-04
-6.732499999999999929e+00,4.838157824943041876e-03,8.842670929489267629e-04
-6.730000000000000426e+00,4.843527053237004464e-03,8.330292766515705718e-04
-6.727500000000000036e+00,4.848921418272270079e-03,7.817914603541779514e-04
-6.725000000000000533e+00,4.854341008846946477e-03,7.305536440568580810e-04
-6.722500000000000142e+00,4.859785914307639294e-03,7.582199725313623802e-04
-6.719999999999999751e+00,4.865256224549802458e-03,7.858863010058665709e-04
-6.717500000000000249e+00,4.870752030023658800e-03,8.135526294803315135e-04
-6.714999999999999858e+00,4.876273421735501969e-03,8.412189579548358127e-04
-6.712500000000000355e+00,4.881820491252948299e-03,8.688852864293203793e-04
-6.709999999999999964e+00,4.887393330706452967e-03,8.965516149038049460e-04
-6.707500000000000462e+00,4.892992032794809057e-03,9.242179433783092452e-04
-6.705000000000000071e+00,4.898616690786459019e-03,9.518842718527938118e-04
-6.702500000000000568e+00,4.904267398525345018e-03,9.795506003272783785e-04
-6.700000000000000178e+00,4.909944250431850024e-03,1.007216928801782678e-03
-6.697499999999999787e+00,4.915647341509031543e-03,1.107578514604758016e-03
-6.695000000000000284e+00,4.921376767343889694e-03,1.207940100407733355e-03
-6.692499999999999893e+00,4.927132624112891442e-03,1.308301686210780034e-03
-6.690000000000000391e+00,4.932915008583808533e-03,1.408663272013684032e-03
-6.687500000000000000e+00,4.938724018121214837e-03,1.509024857816730712e-03
-6.685000000000000497e+00,4.944559750688525511e-03,1.609386443619706050e-03
-6.682500000000000107e+00,4.950422304853583678e-03,1.709748029422681389e-03
-6.679999999999999716e+00,4.956311779790010044e-03,1.810109615225727851e-03
-6.677500000000000213e+00,4.962228275283487797e-03,1.910471201028703190e-03
-6.674999999999999822e+00,4.968171891733767082e-03,2.010832786831678529e-03
-6.672500000000000320e+00,4.974142730159931622e-03,2.163186959113670531e-03
-6.669999999999999929e+00,4.980140892202671206e-03,2.315541131395554546e-03
-6.667500000000000426e+00,4.986166480130219646e-03,2.467895303677438128e-03
-6.665000000000000036e+00,4.992219596840039193e-03,2.620249475959430131e-03
-6.662500000000000533e+00,4.998300345865217334e-03,2.772603648241205726e-03
-6.660000000000000142e+00,5.004408831375975995e-03,2.924957820523197728e-03
-6.657499999999999751e+00,5.010545158186223598e-03,3.077311992805189730e-03
-6.655000000000000249e+00,5.016709431755581212e-03,3.229666165086965759e-03
-6.652499999999999858e+00,5.022901758194856479e-03,3.382020337368957762e-03
-6.650000000000000355e+00,5.029122244269047283e-03,3.534374509650841344e-03
-6.647499999999999964e+00,5.035370997403027307e-03,3.708063588615218790e-03
-6.645000000000000462e+00,5.041648125684063120e-03,3.881752667579719835e-03
-6.642500000000000071e+00,5.047953737867751263e-03,4.055441746544097281e-03
-6.640000000000000568e+00,5.054287943380542276e-03,4.229130825508475161e-03
-6.637500000000000178e+00,5.060650852325812230e-03,4.402819904472976206e-03
-6.634999999999999787e+00,5.067042575486693790e-03,4.576508983437353219e-03
-6.632500000000000284e+00,5.073463224332018517e-03,4.750198062401731099e-03
-6.629999999999999893e+00,5.079912911018702980e-03,4.923887141366232144e-03
-6.627500000000000391e+00,5.086391748398812543e-03,5.097576220330485991e-03
-6.625000000000000000e+00,5.092899850021352474e-03,5.271265299294987036e-03
-6.622500000000000497e+00,5.099437330139363830e-03,5.432157960980367288e-03
-6.620000000000000107e+00,5.106004303711930530e-03,5.593050622665748407e-03
-6.617499999999999716e+00,5.112600886411353303e-03,5.753943284351243151e-03
-6.615000000000000213e+00,5.119227194625644226e-03,5.914835946036624270e-03
-6.612499999999999822e+00,5.125883345464910500e-03,6.075728607722004522e-03
-6.610000000000000320e+00,5.132569456764392822e-03,6.236621269407499266e-03
-6.607499999999999929e+00,5.139285647091234276e-03,6.397513931092880385e-03
-6.605000000000000426e+00,5.146032035747064200e-03,6.558406592778260637e-03
-6.602500000000000036e+00,5.152808742775291835e-03,6.719299254463755380e-03
-6.600000000000000533e+00,5.159615888963297280e-03,6.880191916149022008e-03
-6.597500000000000142e+00,5.166453595849856105e-03,6.997714492232394098e-03
-6.594999999999999751e+00,5.173321985728189867e-03,7.115237068315766189e-03
-6.592500000000000249e+00,5.180221181652566731e-03,7.232759644398971746e-03
-6.589999999999999858e+00,5.187151307441632136e-03,7.350282220482343837e-03
-6.587500000000000355e+00,5.194112487685539382e-03,7.467804796565632661e-03
-6.584999999999999964e+00,5.201104847748750336e-03,7.585327372648921485e-03
-6.582500000000000462e+00,5.208128513777774901e-03,7.702849948732293575e-03
-6.580000000000000071e+00,5.215183612703656879e-03,7.820372524815582399e-03
-6.577500000000000568e+00,5.222270272249870428e-03,7.937895100898871223e-03
-6.575000000000000178e+00,5.229388620935449504e-03,8.055417676982243314e-03
-6.572499999999999787e+00,5.236538788082068137e-03,8.108659695811655521e-03
-6.570000000000000284e+00,5.243720903817745797e-03,8.161901714641065994e-03
-6.567499999999999893e+00,5.250935099084224310e-03,8.215143733470516366e-03
-6.565000000000000391e+00,5.258181505640299389e-03,8.268385752299890409e-03
-6.562500000000000000e+00,5.265460256069639036e-03,8.321627771129339046e-03
-6.560000000000000497e+00,5.272771483784012732e-03,8.374869789958751254e-03
-6.557500000000000107e+00,5.280115323031108962e-03,8.428111808788161727e-03
-6.554999999999999716e+00,5.287491908898290030e-03,8.481353827617612098e-03
-6.552500000000000213e+00,5.294901377320132899e-03,8.534595846447022571e-03
-6.549999999999999822e+00,5.302343865082190938e-03,8.587837865276434779e-03
-6.547500000000000320e+00,5.309819509829084676e-03,8.569495198204522129e-03
-6.544999999999999929e+00,5.317328450067874100e-03,8.551152531132623358e-03
-6.542500000000000426e+00,5.324870825176539722e-03,8.532809864060722851e-03
-6.540000000000000036e+00,5.332446775407545698e-03,8.514467196988810202e-03
-6.537500000000000533e+00,5.340056441895839508e-03,8.496124529916923573e-03
-6.535000000000000142e+00,5.347699966663353559e-03,8.477781862845010924e-03
-6.532499999999999751e+00,5.355377492626444552e-03,8.459439195773098275e-03
-6.530000000000000249e+00,5.363089163600693460e-03,8.441096528701211646e-03
-6.527499999999999858e+00,5.370835124308743005e-03,8.422753861629298996e-03
-6.525000000000000355e+00,5.378615520384657893e-03,8.404411194557400225e-03
-6.522499999999999964e+00,5.386430498382372041e-03,8.321840294702554514e-03
-6.520000000000000462e+00,5.394280205779892687e-03,8.239269394847649822e-03
-6.517500000000000071e+00,5.402164790987767570e-03,8.156698494992804110e-03
-6.515000000000000568e+00,5.410084403353678482e-03,8.074127595137956664e-03
-6.512500000000000178e+00,5.418039193170915389e-03,7.991556695283051973e-03
-6.509999999999999787e+00,5.426029311682695894e-03,7.908985795428206261e-03
-6.507500000000000284e+00,5.434054911091638559e-03,7.826414895573360550e-03
-6.504999999999999893e+00,5.442116144563367668e-03,7.743843995718455858e-03
-6.502500000000000391e+00,5.450213166236169554e-03,7.661273095863668260e-03
-6.500000000000000000e+00,5.458346131225259162e-03,7.578702196008763568e-03
-6.497500000000000497e+00,5.466515195632162295e-03,7.452010728287359470e-03
-6.495000000000000107e+00,5.474720516549206814e-03,7.325319260565954504e-03
-6.492499999999999716e+00,5.482962252068556211e-03,7.198627792844460201e-03
-6.490000000000000213e+00,5.491240561287671386e-03,7.071936325123056102e-03
-6.487499999999999822e+00,5.499555604318089215e-03,6.945244857401651137e-03
-6.485000000000000320e+00,5.507907542290548658e-03,6.818553389680156833e-03
-6.482499999999999929e+00,5.516296537364719088e-03,6.691861921958752735e-03
-6.480000000000000426e+00,5.524722752733818992e-03,6.565170454237348636e-03
-6.477500000000000036e+00,5.533186352634489151e-03,6.438478986515854333e-03
-6.475000000000000533e+00,5.541687502352008951e-03,6.311787518794539573e-03
-6.472500000000000142e+00,5.550226368229996959e-03,6.169505649476045468e-03
-6.469999999999999751e+00,5.558803117675661931e-03,6.027223780157551364e-03
-6.467500000000000249e+00,5.567417919169832113e-03,5.884941910839259355e-03
-6.464999999999999858e+00,5.576070942272069210e-03,5.742660041520765250e-03
-6.462500000000000355e+00,5.584762357631184275e-03,5.600378172202371760e-03
-6.459999999999999964e+00,5.593492336990448822e-03,5.458096302883979137e-03
-6.457500000000000462e+00,5.602261053197781122e-03,5.315814433565485032e-03
-6.455000000000000071e+00,5.611068680211634720e-03,5.173532564247091542e-03
-6.452500000000000568e+00,5.619915393110932328e-03,5.031250694928698919e-03
-6.450000000000000178e+00,5.628801368101525940e-03,4.888968825610204814e-03
-6.447499999999999787e+00,5.637726782525958984e-03,4.762278487446106913e-03
-6.445000000000000284e+00,5.646691814869789390e-03,4.635588149282009011e-03
-6.442499999999999893e+00,5.655696644772387378e-03,4.508897811117820904e-03
-6.440000000000000391e+00,5.664741453032618411e-03,4.382207472953812341e-03
-6.437500000000000000e+00,5.673826421619737256e-03,4.255517134789624234e-03
-6.435000000000000497e+00,5.682951733679775241e-03,4.128826796625526332e-03
-6.432500000000000107e+00,5.692117573546430845e-03,4.002136458461428431e-03
-6.429999999999999716e+00,5.701324126747229701e-03,3.875446120297240324e-03
-6.427500000000000213e+00,5.710571580015106480e-03,3.748755782133142422e-03
-6.424999999999999822e+00,5.719860121294102588e-03,3.622065443969044521e-03
-6.422500000000000320e+00,5.729189939751470201e-03,3.538740947350567639e-03
-6.419999999999999929e+00,5.738561225784027421e-03,3.455416450732149737e-03
-6.417500000000000426e+00,5.747974171029296073e-03,3.372091954113732269e-03
-6.415000000000000036e+00,5.757428968372817028e-03,3.288767457495254953e-03
-6.412500000000000533e+00,5.766925811959153561e-03,3.205442960876896466e-03
-6.410000000000000142e+00,5.776464897199642089e-03,3.122118464258419584e-03
-6.407499999999999751e+00,5.786046420783318329e-03,3.038793967639942702e-03
-6.405000000000000249e+00,5.795670580684821570e-03,2.955469471021584214e-03
-6.402499999999999858e+00,5.805337576175655621e-03,2.872144974403106898e-03
-6.400000000000000355e+00,5.815047607832140794e-03,2.788820477784689431e-03
-6.397499999999999964e+00,5.824800877546903836e-03,2.767976020619911711e-03
-6.395000000000000462e+00,5.834597588536737968e-03,2.747131563455118813e-03
-6.392500000000000071e+00,5.844437945354888191e-03,2.726287106290341093e-03
-6.390000000000000568e+00,5.854322153898494120e-03,2.705442649125562940e-03
-6.387500000000000178e+00,5.864250421421332397e-03,2.684598191960770475e-03
-6.384999999999999787e+00,5.874222956541236967e-03,2.663753734795992756e-03
-6.382500000000000284e+00,5.884239969253426093e-03,2.642909277631214603e-03
-6.379999999999999893e+00,5.894301670937718805e-03,2.622064820466422138e-03
-6.377500000000000391e+00,5.904408274371909619e-03,2.601220363301659164e-03
-6.375000000000000000e+00,5.914559993740032759e-03,2.580375906136866265e-03
-6.372500000000000497e+00,5.924757044644708183e-03,2.628899823512291858e-03
-6.370000000000000107e+00,5.934999644116459652e-03,2.677423740887717018e-03
-6.367499999999999716e+00,5.945288010626261985e-03,2.725947658263177305e-03
-6.365000000000000213e+00,5.955622364094395951e-03,2.774471575638602465e-03
-6.362499999999999822e+00,5.966002925904038967e-03,2.822995493014028058e-03
-6.360000000000000320e+00,5.976429918909635999e-03,2.871519410389487912e-03
-6.357499999999999929e+00,5.986903567450787764e-03,2.920043327764913505e-03
-6.355000000000000426e+00,5.997424097361201030e-03,2.968567245140339098e-03
-6.352500000000000036e+00,6.007991735982631462e-03,3.017091162515798952e-03
-6.350000000000000533e+00,6.018606712173860812e-03,3.065615079891189851e-03
-6.347500000000000142e+00,6.029269256325059563e-03,3.176868374330240642e-03
-6.344999999999999751e+00,6.039979600366632284e-03,3.288121668769291434e-03
-6.342500000000000249e+00,6.050737977784320133e-03,3.399374963208183931e-03
-6.339999999999999858e+00,6.061544623628093049e-03,3.510628257647234289e-03
-6.337500000000000355e+00,6.072399774526910515e-03,3.621881552086206150e-03
-6.334999999999999964e+00,6.083303668698642440e-03,3.733134846525178012e-03
-6.332500000000000462e+00,6.094256545964616550e-03,3.844388140964228370e-03
-6.330000000000000071e+00,6.105258647759865404e-03,3.955641435403199797e-03
-6.327500000000000568e+00,6.116310217148019854e-03,4.066894729842171659e-03
-6.325000000000000178e+00,6.127411498831314939e-03,4.178148024281222450e-03
-6.322499999999999787e+00,6.138562739166399281e-03,4.333153169816438000e-03
-6.320000000000000284e+00,6.149764186174268982e-03,4.488158315351653549e-03
-6.317499999999999893e+00,6.161016089556002433e-03,4.643163460886979253e-03
-6.315000000000000391e+00,6.172318700703371616e-03,4.798168606422084648e-03
-6.312500000000000000e+00,6.183672272714565640e-03,4.953173751957411219e-03
-6.310000000000000497e+00,6.195077060405335470e-03,5.108178897492626769e-03
-6.307500000000000107e+00,6.206533320324967261e-03,5.263184043027842318e-03
-6.304999999999999716e+00,6.218041310766839885e-03,5.418189188563168023e-03
-6.302500000000000213e+00,6.229601291785826812e-03,5.573194334098383572e-03
-6.299999999999999822e+00,6.241213525208665416e-03,5.728199479633599121e-03
-6.297500000000000320e+00,6.252878274651047473e-03,5.899159802206731772e-03
-6.294999999999999929e+00,6.264595805529242674e-03,6.070120124779742124e-03
-6.292500000000000426e+00,6.276366385076620133e-03,6.241080447352753344e-03
-6.290000000000000036e+00,6.288190282356093293e-03,6.412040769925885994e-03
-6.287500000000000533e+00,6.300067768276783678e-03,6.583001092498774916e-03
-6.285000000000000142e+00,6.311999115606293197e-03,6.753961415071907566e-03
-6.282499999999999751e+00,6.323984598988270818e-03,6.924921737645040216e-03
-6.280000000000000249e+00,6.336024494954730843e-03,7.095882060217929138e-03
-6.277499999999999858e+00,6.348119081943798259e-03,7.266842382791061788e-03
-6.275000000000000355e+00,6.360268640312321045e-03,7.437802705364073008e-03
-6.272499999999999964e+00,6.372473452353908697e-03,7.593395873367429771e-03
-6.270000000000000462e+00,6.384733802312188115e-03,7.748989041370897557e-03
-6.267500000000000071e+00,6.397049976398870748e-03,7.904582209374254320e-03
-6.265000000000000568e+00,6.409422262806803786e-03,8.060175377377611083e-03
-6.262500000000000178e+00,6.421850951729212581e-03,8.215768545381078869e-03
-6.259999999999999787e+00,6.434336335372575766e-03,8.371361713384435632e-03
-6.257500000000000284e+00,6.446878707976221555e-03,8.526954881387792395e-03
-6.254999999999999893e+00,6.459478365825707669e-03,8.682548049391260181e-03
-6.252500000000000391e+00,6.472135607272387278e-03,8.838141217394505922e-03
-6.250000000000000000e+00,6.484850732747422103e-03,8.993734385397973707e-03
-6.247500000000000497e+00,6.497624044781456776e-03,9.105265951079643399e-03
-6.245000000000000107e+00,6.510455848019137612e-03,9.216797516761313092e-03
-6.242499999999999716e+00,6.523346449239087949e-03,9.328329082443060846e-03
-6.240000000000000213e+00,6.536296157368594317e-03,9.439860648124730538e-03
-6.237499999999999822e+00,6.549305283504062297e-03,9.551392213806398496e-03
-6.235000000000000320e+00,6.562374140925922132e-03,9.662923779488147985e-03
-6.232499999999999929e+00,6.575503045119610208e-03,9.774455345169817677e-03
-6.230000000000000426e+00,6.588692313790762631e-03,9.885986910851485635e-03
-6.227500000000000036e+00,6.601942266886528903e-03,9.997518476533235124e-03
-6.225000000000000533e+00,6.615253226610879125e-03,1.010905004221482502e-02
-6.222500000000000142e+00,6.628625517446680090e-03,1.015630918722858732e-02
-6.219999999999999751e+00,6.642059466171345954e-03,1.020356833224235135e-02
-6.217500000000000249e+00,6.655555401878806773e-03,1.025082747725604773e-02
-6.214999999999999858e+00,6.669113655995946750e-03,1.029808662226981003e-02
-6.212500000000000355e+00,6.682734562304897159e-03,1.034534576728353937e-02
-6.209999999999999964e+00,6.696418456959760818e-03,1.039260491229726871e-02
-6.207500000000000462e+00,6.710165678509526915e-03,1.043986405731103101e-02
-6.205000000000000071e+00,6.723976567914759055e-03,1.048712320232476208e-02
-6.202500000000000568e+00,6.737851468570996670e-03,1.053438234733849142e-02
-6.200000000000000178e+00,6.751790726326523800e-03,1.058164149235225372e-02
-6.197499999999999787e+00,6.765794689505247490e-03,1.055725155507055216e-02
-6.195000000000000284e+00,6.779863708925091929e-03,1.053286161778885233e-02
-6.192499999999999893e+00,6.793998137921722531e-03,1.050847168050713341e-02
-6.190000000000000391e+00,6.808198332367097934e-03,1.048408174322545093e-02
-6.187500000000000000e+00,6.822464650693677198e-03,1.045969180594373202e-02
-6.185000000000000497e+00,6.836797453912882468e-03,1.043530186866203045e-02
-6.182500000000000107e+00,6.851197105640437213e-03,1.041091193138033062e-02
-6.179999999999999716e+00,6.865663972115284251e-03,1.038652199409861171e-02
-6.177500000000000213e+00,6.880198422224723630e-03,1.036213205681691188e-02
-6.174999999999999822e+00,6.894800827524061836e-03,1.033774211953521031e-02
-6.172500000000000320e+00,6.909471562262393257e-03,1.024900272838241179e-02
-6.169999999999999929e+00,6.924211003402722109e-03,1.016026333722967398e-02
-6.167500000000000426e+00,6.939019530647998028e-03,1.007152394607693791e-02
-6.165000000000000036e+00,6.953897526461725459e-03,9.982784554924139381e-03
-6.162500000000000533e+00,6.968845376094176189e-03,9.894045163771465756e-03
-6.160000000000000142e+00,6.983863467604343143e-03,9.805305772618667232e-03
-6.157499999999999751e+00,6.998952191886075730e-03,9.716566381465866972e-03
-6.155000000000000249e+00,7.014111942690134244e-03,9.627826990313195082e-03
-6.152499999999999858e+00,7.029343116651230738e-03,9.539087599160394823e-03
-6.150000000000000355e+00,7.044646113311003703e-03,9.450348208007658748e-03
-6.147499999999999964e+00,7.060021335145187302e-03,9.318032045601686020e-03
-6.145000000000000462e+00,7.075469187586431660e-03,9.185715883195621351e-03
-6.142500000000000071e+00,7.090990079053082797e-03,9.053399720789648622e-03
-6.140000000000000568e+00,7.106584420971864130e-03,8.921083558383675893e-03
-6.137500000000000178e+00,7.122252627807427496e-03,8.788767395977609490e-03
-6.134999999999999787e+00,7.137995117085681705e-03,8.656451233571638496e-03
-6.132500000000000284e+00,7.153812309423427697e-03,8.524135071165665767e-03
-6.129999999999999893e+00,7.169704628552590019e-03,8.391818908759599363e-03
-6.127500000000000391e+00,7.185672501350435712e-03,8.259502746353722044e-03
-6.125000000000000000e+00,7.201716357864141466e-03,8.127186583947655640e-03
-6.122500000000000497e+00,7.217836631341787920e-03,7.981412462198569577e-03
-6.120000000000000107e+00,7.234033758257520097e-03,7.835638340449483513e-03
-6.117499999999999716e+00,7.250308178342781962e-03,7.689864218700293366e-03
-6.115000000000000213e+00,7.266660334612321664e-03,7.544090096951206435e-03
-6.112499999999999822e+00,7.283090673396171166e-03,7.398315975202120372e-03
-6.110000000000000320e+00,7.299599644365985414e-03,7.252541853452930225e-03
-6.107499999999999929e+00,7.316187700567686365e-03,7.106767731703844161e-03
-6.105000000000000426e+00,7.332855298448431002e-03,6.960993609954757230e-03
-6.102500000000000036e+00,7.349602897890025570e-03,6.815219488205567951e-03
-6.100000000000000533e+00,7.366430962236298653e-03,6.669445366456585103e-03
-6.097500000000000142e+00,7.383339958327250069e-03,6.543449717737527191e-03
-6.094999999999999751e+00,7.400330356527098745e-03,6.417454069018470146e-03
-6.092500000000000249e+00,7.417402630759039640e-03,6.291458420299591778e-03
-6.089999999999999858e+00,7.434557258533900509e-03,6.165462771580533866e-03
-6.087500000000000355e+00,7.451794720985723680e-03,6.039467122861566159e-03
-6.084999999999999964e+00,7.469115502901088090e-03,5.913471474142598452e-03
-6.082500000000000462e+00,7.486520092755053618e-03,5.787475825423540540e-03
-6.080000000000000071e+00,7.504008982741808449e-03,5.661480176704572834e-03
-6.077500000000000568e+00,7.521582668810548357e-03,5.535484527985605127e-03
-6.075000000000000178e+00,7.539241650697201327e-03,5.409488879266547215e-03
-6.072499999999999787e+00,7.556986431961303444e-03,5.332662699325551627e-03
-6.070000000000000284e+00,7.574817520018108617e-03,5.255836519384556038e-03
-6.067499999999999893e+00,7.592735426176228618e-03,5.179010339443505806e-03
-6.065000000000000391e+00,7.610740665670396796e-03,5.102184159502564861e-03
-6.062500000000000000e+00,7.628833757700346704e-03,5.025357979561514629e-03
-6.060000000000000497e+00,7.647015225463718938e-03,4.948531799620519908e-03
-6.057500000000000107e+00,7.665285596195917268e-03,4.871705619679524320e-03
-6.054999999999999716e+00,7.683645401204130913e-03,4.794879439738474088e-03
-6.052500000000000213e+00,7.702095175907581852e-03,4.718053259797478499e-03
-6.049999999999999822e+00,7.720635459872471698e-03,4.641227079856482911e-03
-6.047500000000000320e+00,7.739266796853058218e-03,4.632998778247592389e-03
-6.044999999999999929e+00,7.757989734827448747e-03,4.624770476638707072e-03
-6.042500000000000426e+00,7.776804826039432177e-03,4.616542175029822621e-03
-6.040000000000000036e+00,7.795712627035302801e-03,4.608313873420931232e-03
-6.037500000000000533e+00,7.814713698706272568e-03,4.600085571812051986e-03
-6.035000000000000142e+00,7.833808606326155347e-03,4.591857270203161465e-03
-6.032499999999999751e+00,7.852997919595034251e-03,4.583628968594270943e-03
-6.030000000000000249e+00,7.872282212677467195e-03,4.575400666985391697e-03
-6.027499999999999858e+00,7.891662064247297395e-03,4.567172365376501175e-03
-6.025000000000000355e+00,7.911138057526407100e-03,4.558944063767615858e-03
-6.022499999999999964e+00,7.930710780330718981e-03,4.624887772422424034e-03
-6.020000000000000462e+00,7.950380825110016716e-03,4.690831481077279048e-03
-6.017500000000000071e+00,7.970148788994544861e-03,4.756775189732087225e-03
-6.015000000000000568e+00,7.990015273835986490e-03,4.822718898386895402e-03
-6.012500000000000178e+00,8.009980886254899207e-03,4.888662607041750416e-03
-6.009999999999999787e+00,8.030046237682867197e-03,4.954606315696557725e-03
-6.007500000000000284e+00,8.050211944410731735e-03,5.020550024351365902e-03
-6.004999999999999893e+00,8.070478627631801419e-03,5.086493733006220916e-03
-6.002500000000000391e+00,8.090846913491388931e-03,5.152437441660982255e-03
-6.000000000000000000e+00,8.111317433130479232e-03,5.218381150315837269e-03
-5.997500000000000497e+00,8.131890822736621144e-03,5.349364766540104510e-03
-5.995000000000000107e+00,8.152567723588705767e-03,5.480348382764371751e-03
-5.992499999999999716e+00,8.173348782108865937e-03,5.611331998988731799e-03
-5.990000000000000213e+00,8.194234649908500173e-03,5.742315615212999907e-03
-5.987499999999999822e+00,8.215225983840808779e-03,5.873299231437267148e-03
-5.985000000000000320e+00,8.236323446048210775e-03,6.004282847661627197e-03
-5.982499999999999929e+00,8.257527704016278183e-03,6.135266463885894438e-03
-5.980000000000000426e+00,8.278839430621876341e-03,6.266250080110161678e-03
-5.977500000000000036e+00,8.300259304188295148e-03,6.397233696334521727e-03
-5.975000000000000533e+00,8.321788008534702560e-03,6.528217312558696160e-03
-5.972500000000000142e+00,8.343426233032460657e-03,6.702643756811922475e-03
-5.969999999999999751e+00,8.365174672655692825e-03,6.877070201065148790e-03
-5.967500000000000249e+00,8.387034028038892197e-03,7.051496645318127039e-03
-5.964999999999999858e+00,8.409005005528562629e-03,7.225923089571353354e-03
-5.962500000000000355e+00,8.431088317242122973e-03,7.400349533824455636e-03
-5.959999999999999964e+00,8.453284681121230743e-03,7.574775978077558786e-03
-5.957500000000000462e+00,8.475594820991317821e-03,7.749202422330785101e-03
-5.955000000000000071e+00,8.498019466616291498e-03,7.923628866583886515e-03
-5.952499999999999680e+00,8.520559353759813576e-03,8.098055310836989665e-03
-5.950000000000000178e+00,8.543215224241278161e-03,8.272481755090215980e-03
-5.947499999999999787e+00,8.565987825997982419e-03,8.460946911791120476e-03
-5.945000000000000284e+00,8.588877913142630924e-03,8.649412068492024971e-03
-5.942499999999999893e+00,8.611886246027343483e-03,8.837877225193063041e-03
-5.940000000000000391e+00,8.635013591302051136e-03,9.026342381893832229e-03
-5.937500000000000000e+00,8.658260721979975025e-03,9.214807538594872033e-03
-5.935000000000000497e+00,8.681628417497531600e-03,9.403272695295774794e-03
-5.932500000000000107e+00,8.705117463781546217e-03,9.591737851996679290e-03
-5.929999999999999716e+00,8.728728653310311933e-03,9.780203008697717360e-03
-5.927500000000000213e+00,8.752462785182164862e-03,9.968668165398621855e-03
-5.924999999999999822e+00,8.776320665178477184e-03,1.015713332209952635e-02
-5.922500000000000320e+00,8.800303105833429465e-03,1.032832734106562886e-02
-5.919999999999999929e+00,8.824410926498858082e-03,1.049952136003160993e-02
-5.917500000000000426e+00,8.848644953415356340e-03,1.067071537899759101e-02
-5.915000000000000036e+00,8.873006019778528763e-03,1.084190939796369352e-02
-5.912500000000000533e+00,8.897494965812255407e-03,1.101310341692955316e-02
-5.910000000000000142e+00,8.922112638836405055e-03,1.118429743589565567e-02
-5.907499999999999751e+00,8.946859893341463019e-03,1.135549145486175818e-02
-5.905000000000000249e+00,8.971737591058112637e-03,1.152668547382761782e-02
-5.902499999999999858e+00,8.996746601033674129e-03,1.169787949279372033e-02
-5.900000000000000355e+00,9.021887799703373970e-03,1.186907351175970141e-02
-5.897499999999999964e+00,9.047162070968502862e-03,1.199560025249655354e-02
-5.895000000000000462e+00,9.072570306269232485e-03,1.212212699323349414e-02
-5.892500000000000071e+00,9.098113404665002582e-03,1.224865373397034628e-02
-5.889999999999999680e+00,9.123792272909044682e-03,1.237518047470719668e-02
-5.887500000000000178e+00,9.149607825530399821e-03,1.250170721544413902e-02
-5.884999999999999787e+00,9.175560984910416384e-03,1.262823395618099115e-02
-5.882500000000000284e+00,9.201652681366788780e-03,1.275476069691784155e-02
-5.879999999999999893e+00,9.227883853232079700e-03,1.288128743765478389e-02
-5.877500000000000391e+00,9.254255446939314844e-03,1.300781417839154408e-02
-5.875000000000000000e+00,9.280768417102736034e-03,1.313434091912848642e-02
-5.872500000000000497e+00,9.307423726605479342e-03,1.319731726005493773e-02
-5.870000000000000107e+00,9.334222346682314458e-03,1.326029360098138904e-02
-5.867499999999999716e+00,9.361165257009347249e-03,1.332326994190788545e-02
-5.865000000000000213e+00,9.388253445788637824e-03,1.338624628283433676e-02
-5.862499999999999822e+00,9.415487909840621408e-03,1.344922262376078807e-02
-5.860000000000000320e+00,9.442869654690377867e-03,1.351219896468728449e-02
-5.857499999999999929e+00,9.470399694662175877e-03,1.357517530561373580e-02
-5.855000000000000426e+00,9.498079052968351477e-03,1.363815164654018711e-02
-5.852500000000000036e+00,9.525908761805904415e-03,1.370112798746668352e-02
-5.850000000000000533e+00,9.553889862447517353e-03,1.376410432839308973e-02
-5.847500000000000142e+00,9.582023405340865316e-03,1.375582249942571868e-02
-5.844999999999999751e+00,9.610310450201388702e-03,1.374754067045834763e-02
-5.842500000000000249e+00,9.638752066114312372e-03,1.373925884149098872e-02
-5.839999999999999858e+00,9.667349331630232384e-03,1.373097701252361767e-02
-5.837500000000000355e+00,9.696103334868767451e-03,1.372269518355625356e-02
-5.834999999999999964e+00,9.725015173617042666e-03,1.371441335458888945e-02
-5.832500000000000462e+00,9.754085955435774780e-03,1.370613152562151840e-02
-5.830000000000000071e+00,9.783316797760647707e-03,1.369784969665415256e-02
-5.827499999999999680e+00,9.812708828010640802e-03,1.368956786768678845e-02
-5.825000000000000178e+00,9.842263183691617873e-03,1.368128603871941740e-02
-5.822499999999999787e+00,9.871981012508149189e-03,1.360572719337684380e-02
-5.820000000000000284e+00,9.901863472469655744e-03,1.353016834803427021e-02
-5.817499999999999893e+00,9.931911732004420484e-03,1.345460950269164110e-02
-5.815000000000000391e+00,9.962126970068402310e-03,1.337905065734912129e-02
-5.812500000000000000e+00,9.992510376263238903e-03,1.330349181200649392e-02
-5.810000000000000497e+00,1.002306315094691862e-02,1.322793296666392032e-02
-5.807500000000000107e+00,1.005378650535467509e-02,1.315237412132134673e-02
-5.804999999999999716e+00,1.008468166171318757e-02,1.307681527597871762e-02
-5.802500000000000213e+00,1.011574985336370289e-02,1.300125643063614403e-02
-5.799999999999999822e+00,1.014699232487995158e-02,1.292569758529357044e-02
-5.797500000000000320e+00,1.017841033219429696e-02,1.279713357791355428e-02
-5.794999999999999929e+00,1.021000514271798616e-02,1.266856957053363007e-02
-5.792500000000000426e+00,1.024177803547117634e-02,1.254000556315370586e-02
-5.790000000000000036e+00,1.027373030120662216e-02,1.241144155577368971e-02
-5.787500000000000533e+00,1.030586324254197800e-02,1.228287754839385744e-02
-5.785000000000000142e+00,1.033817817408769560e-02,1.215431354101384129e-02
-5.782499999999999751e+00,1.037067642258233079e-02,1.202574953363382514e-02
-5.780000000000000249e+00,1.040335932702371458e-02,1.189718552625399287e-02
-5.777499999999999858e+00,1.043622823880810055e-02,1.176862151887397671e-02
-5.775000000000000355e+00,1.046928452186406990e-02,1.164005751149405250e-02
-5.772499999999999964e+00,1.050252955279623243e-02,1.148028008988589109e-02
-5.770000000000000462e+00,1.053596472102221772e-02,1.132050266827761519e-02
-5.767500000000000071e+00,1.056959142891977267e-02,1.116072524666945204e-02
-5.764999999999999680e+00,1.060341109196789693e-02,1.100094782506129062e-02
-5.762500000000000178e+00,1.063742513889770827e-02,1.084117040345301472e-02
-5.759999999999999787e+00,1.067163501183733022e-02,1.068139298184485331e-02
-5.757500000000000284e+00,1.070604216646612282e-02,1.052161556023669189e-02
-5.754999999999999893e+00,1.074064807216430599e-02,1.036183813862841599e-02
-5.752500000000000391e+00,1.077545421217092174e-02,1.020206071702036733e-02
-5.750000000000000000e+00,1.081046208373731381e-02,1.004228329541209143e-02
-5.747500000000000497e+00,1.084567319828949779e-02,9.877125316723604428e-03
-5.745000000000000107e+00,1.088108908158535830e-02,9.711967338035115693e-03
-5.742499999999999716e+00,1.091671127388185204e-02,9.546809359346510732e-03
-5.740000000000000213e+00,1.095254133009637525e-02,9.381651380658021996e-03
-5.737499999999999822e+00,1.098858081997800690e-02,9.216493401969534996e-03
-5.735000000000000320e+00,1.102483132827345585e-02,9.051335423280930034e-03
-5.732499999999999929e+00,1.106129445490320294e-02,8.886177444592441299e-03
-5.730000000000000426e+00,1.109797181513160792e-02,8.721019465903954299e-03
-5.727500000000000036e+00,1.113486503974771800e-02,8.555861487215349337e-03
-5.725000000000000533e+00,1.117197577524037429e-02,8.390703508526978563e-03
-5.722500000000000142e+00,1.120930568398357044e-02,8.246482896921042069e-03
-5.719999999999999751e+00,1.124685644441663669e-02,8.102262285315107310e-03
-5.717500000000000249e+00,1.128462975123449043e-02,7.958041673709375513e-03
-5.714999999999999858e+00,1.132262731557248658e-02,7.813821062103440754e-03
-5.712500000000000355e+00,1.136085086520218640e-02,7.669600450497606609e-03
-5.709999999999999964e+00,1.139930214472151954e-02,7.525379838891773331e-03
-5.707500000000000462e+00,1.143798291575540485e-02,7.381159227285837704e-03
-5.705000000000000071e+00,1.147689495715134220e-02,7.236938615680003559e-03
-5.702499999999999680e+00,1.151604006518560860e-02,7.092718004074170281e-03
-5.700000000000000178e+00,1.155542005376453824e-02,6.948497392468234654e-03
-5.697499999999999787e+00,1.159503675463588630e-02,6.848867391812429525e-03
-5.695000000000000284e+00,1.163489201759574515e-02,6.749237391156623529e-03
-5.692499999999999893e+00,1.167498771070640991e-02,6.649607390500747277e-03
-5.690000000000000391e+00,1.171532572050853691e-02,6.549977389845012404e-03
-5.687500000000000000e+00,1.175590795224496117e-02,6.450347389189136152e-03
-5.685000000000000497e+00,1.179673633007934791e-02,6.350717388533331023e-03
-5.682500000000000107e+00,1.183781279732578490e-02,6.251087387877525894e-03
-5.679999999999999716e+00,1.187913931667375356e-02,6.151457387221649642e-03
-5.677500000000000213e+00,1.192071787042429075e-02,6.051827386565844513e-03
-5.674999999999999822e+00,1.196255046072112853e-02,5.952197385910038517e-03
-5.672500000000000320e+00,1.200463910979345482e-02,5.915684759212850620e-03
-5.669999999999999929e+00,1.204698586019407186e-02,5.879172132515688744e-03
-5.667500000000000426e+00,1.208959277504852332e-02,5.842659505818526867e-03
-5.665000000000000036e+00,1.213246193830017604e-02,5.806146879121338970e-03
-5.662500000000000533e+00,1.217559545496651151e-02,5.769634252424202248e-03
-5.660000000000000142e+00,1.221899545139133389e-02,5.733121625727014350e-03
-5.657499999999999751e+00,1.226266407550816520e-02,5.696608999029826453e-03
-5.655000000000000249e+00,1.230660349709957434e-02,5.660096372332690598e-03
-5.652499999999999858e+00,1.235081590806848782e-02,5.623583745635502701e-03
-5.650000000000000355e+00,1.239530352270485671e-02,5.587071118938340825e-03
-5.647499999999999964e+00,1.244006857796461918e-02,5.625387787790594833e-03
-5.645000000000000462e+00,1.248511333374429169e-02,5.663704456642875730e-03
-5.642500000000000071e+00,1.253044007316793731e-02,5.702021125495128871e-03
-5.639999999999999680e+00,1.257605110286981118e-02,5.740337794347382880e-03
-5.637500000000000178e+00,1.262194875328935019e-02,5.778654463199663777e-03
-5.634999999999999787e+00,1.266813537896248516e-02,5.816971132051917785e-03
-5.632500000000000284e+00,1.271461335882471261e-02,5.855287800904171794e-03
-5.629999999999999893e+00,1.276138509651189752e-02,5.893604469756452691e-03
-5.627500000000000391e+00,1.280845302067105951e-02,5.931921138608678944e-03
-5.625000000000000000e+00,1.285581958527065236e-02,5.970237807460959840e-03
-5.622500000000000497e+00,1.290348726992076971e-02,6.087313553181723964e-03
-5.620000000000000107e+00,1.295145858019162988e-02,6.204389298902488956e-03
-5.617499999999999716e+00,1.299973604794446569e-02,6.321465044623336346e-03
-5.615000000000000213e+00,1.304832223165849035e-02,6.438540790344101337e-03
-5.612499999999999822e+00,1.309721971677178277e-02,6.555616536064865461e-03
-5.610000000000000320e+00,1.314643111601849698e-02,6.672692281785712852e-03
-5.607499999999999929e+00,1.319595906977951739e-02,6.789768027506477843e-03
-5.605000000000000426e+00,1.324580624642996557e-02,6.906843773227241967e-03
-5.602500000000000036e+00,1.329597534269962023e-02,7.023919518948089358e-03
-5.600000000000000533e+00,1.334646908403198072e-02,7.140995264668771082e-03
-5.597500000000000142e+00,1.339729022495514225e-02,7.332631382783481172e-03
-5.594999999999999751e+00,1.344844154945082186e-02,7.524267500898192129e-03
-5.592500000000000249e+00,1.349992587133745474e-02,7.715903619012629867e-03
-5.589999999999999858e+00,1.355174603465074401e-02,7.907539737127339957e-03
-5.587500000000000355e+00,1.360390491403699192e-02,8.099175855241913871e-03
-5.584999999999999964e+00,1.365640541514596788e-02,8.290811973356487785e-03
-5.582500000000000462e+00,1.370925047503654577e-02,8.482448091471198742e-03
-5.580000000000000071e+00,1.376244306258138372e-02,8.674084209585772656e-03
-5.577499999999999680e+00,1.381598617888442522e-02,8.865720327700346570e-03
-5.575000000000000178e+00,1.386988285769855979e-02,9.057356445815057527e-03
-5.572499999999999787e+00,1.392413616585602698e-02,9.311441038454175770e-03
-5.570000000000000284e+00,1.397874920369855320e-02,9.565525631093294012e-03
-5.567499999999999893e+00,1.403372510552131948e-02,9.819610223732592666e-03
-5.565000000000000391e+00,1.408906704001634293e-02,1.007369481637153050e-02
-5.562500000000000000e+00,1.414477821073013494e-02,1.032777940901082742e-02
-5.560000000000000497e+00,1.420086185652102463e-02,1.058186400164994566e-02
-5.557500000000000107e+00,1.425732125203102961e-02,1.083594859428906390e-02
-5.554999999999999716e+00,1.431415970815739375e-02,1.109003318692836255e-02
-5.552500000000000213e+00,1.437138057253904699e-02,1.134411777956748080e-02
-5.549999999999999822e+00,1.442898723004357522e-02,1.159820237220659904e-02
-5.547500000000000320e+00,1.448698310326836797e-02,1.189551791507698769e-02
-5.544999999999999929e+00,1.454537165304305504e-02,1.219283345794716644e-02
-5.542500000000000426e+00,1.460415637894647498e-02,1.249014900081734346e-02
-5.540000000000000036e+00,1.466334081982539200e-02,1.278746454368773211e-02
-5.537500000000000533e+00,1.472292855432742915e-02,1.308478008655769922e-02
-5.535000000000000142e+00,1.478292320143615932e-02,1.338209562942808788e-02
-5.532499999999999751e+00,1.484332842102180187e-02,1.367941117229847653e-02
-5.530000000000000249e+00,1.490414791439234089e-02,1.397672671516844364e-02
-5.527499999999999858e+00,1.496538542486279197e-02,1.427404225803883403e-02
-5.525000000000000355e+00,1.502704473832363989e-02,1.457135780090901105e-02
-5.522499999999999964e+00,1.508912968382797141e-02,1.488708558855230887e-02
-5.520000000000000462e+00,1.515164413417929498e-02,1.520281337619583222e-02
-5.517500000000000071e+00,1.521459200653656370e-02,1.551854116383913004e-02
-5.514999999999999680e+00,1.527797726302151070e-02,1.583426895148242614e-02
-5.512500000000000178e+00,1.534180391134336296e-02,1.614999673912595121e-02
-5.509999999999999787e+00,1.540607600542606530e-02,1.646572452676924730e-02
-5.507500000000000284e+00,1.547079764605304927e-02,1.678145231441254687e-02
-5.504999999999999893e+00,1.553597298151503103e-02,1.709718010205606847e-02
-5.502500000000000391e+00,1.560160620827590744e-02,1.741290788969914252e-02
-5.500000000000000000e+00,1.566770157164208352e-02,1.772863567734266413e-02
-5.497500000000000497e+00,1.573426336645004225e-02,1.803465629644018797e-02
-5.495000000000000107e+00,1.580129593775781924e-02,1.834067691553770835e-02
-5.492499999999999716e+00,1.586880368155528173e-02,1.864669753463544730e-02
-5.490000000000000213e+00,1.593679104547850514e-02,1.895271815373297114e-02
-5.487499999999999822e+00,1.600526252954393922e-02,1.925873877283049151e-02
-5.485000000000000320e+00,1.607422268688648431e-02,1.956475939192823393e-02
-5.482499999999999929e+00,1.614367612451758291e-02,1.987078001102575431e-02
-5.480000000000000426e+00,1.621362750408881365e-02,2.017680063012327815e-02
-5.477500000000000036e+00,1.628408154267527858e-02,2.048282124922101710e-02
-5.475000000000000533e+00,1.635504301356431253e-02,2.078884186831832237e-02
-5.472500000000000142e+00,1.642651674706576553e-02,2.105681558205239196e-02
-5.469999999999999751e+00,1.649850763132762813e-02,2.132478929578646154e-02
-5.467500000000000249e+00,1.657102061317310485e-02,2.159276300952014949e-02
-5.464999999999999858e+00,1.664406069894439066e-02,2.186073672325421907e-02
-5.462500000000000355e+00,1.671763295536786084e-02,2.212871043698809784e-02
-5.459999999999999964e+00,1.679174251042738278e-02,2.239668415072197660e-02
-5.457500000000000462e+00,1.686639455425836126e-02,2.266465786445604619e-02
-5.455000000000000071e+00,1.694159434005116163e-02,2.293263157818992495e-02
-5.452499999999999680e+00,1.701734718497624477e-02,2.320060529192380372e-02
-5.450000000000000178e+00,1.709365847111826014e-02,2.346857900565787330e-02
-5.447499999999999787e+00,1.717053364643353341e-02,2.367358581012665025e-02
-5.445000000000000284e+00,1.724797822571643921e-02,2.387859261459543067e-02
-5.442499999999999893e+00,1.732599779158991091e-02,2.408359941906435334e-02
-5.440000000000000391e+00,1.740459799550556769e-02,2.428860622353298457e-02
-5.437500000000000000e+00,1.748378455876896040e-02,2.449361302800191070e-02
-5.435000000000000497e+00,1.756356327357467759e-02,2.469861983247068765e-02
-5.432500000000000107e+00,1.764394000406692073e-02,2.490362663693946460e-02
-5.429999999999999716e+00,1.772492068741193111e-02,2.510863344140838727e-02
-5.427500000000000213e+00,1.780651133489554935e-02,2.531364024587716768e-02
-5.424999999999999822e+00,1.788871803303340030e-02,2.551864705034594463e-02
-5.422500000000000320e+00,1.797154694470739708e-02,2.564293956770947666e-02
-5.419999999999999929e+00,1.805500431031552624e-02,2.576723208507292195e-02
-5.417500000000000426e+00,1.813909644894861131e-02,2.589152460243636725e-02
-5.415000000000000036e+00,1.822382975958138085e-02,2.601581711979990275e-02
-5.412500000000000533e+00,1.830921072229110477e-02,2.614010963716325783e-02
-5.410000000000000142e+00,1.839524589949149969e-02,2.626440215452679333e-02
-5.407499999999999751e+00,1.848194193719530920e-02,2.638869467189032536e-02
-5.405000000000000249e+00,1.856930556629255574e-02,2.651298718925368392e-02
-5.402499999999999858e+00,1.865734360385880308e-02,2.663727970661721595e-02
-5.400000000000000355e+00,1.874606295447994037e-02,2.676157222398066124e-02
-5.397499999999999964e+00,1.883547061160774014e-02,2.679782968633884557e-02
-5.395000000000000462e+00,1.892557365893281912e-02,2.683408714869705419e-02
-5.392500000000000071e+00,1.901637927179011464e-02,2.687034461105523853e-02
-5.389999999999999680e+00,1.910789471858215238e-02,2.690660207341342286e-02
-5.387500000000000178e+00,1.920012736223567981e-02,2.694285953577163495e-02
-5.384999999999999787e+00,1.929308466167761055e-02,2.697911699812981928e-02
-5.382500000000000284e+00,1.938677417334549319e-02,2.701537446048800362e-02
-5.379999999999999893e+00,1.948120355271806478e-02,2.705163192284621224e-02
-5.377500000000000391e+00,1.957638055588176509e-02,2.708788938520437228e-02
-5.375000000000000000e+00,1.967231304111824106e-02,2.712414684756258090e-02
-5.372500000000000497e+00,1.976900897052920325e-02,2.707758259613609816e-02
-5.370000000000000107e+00,1.986647641168362913e-02,2.703101834470961543e-02
-5.367499999999999716e+00,1.996472353930319951e-02,2.698445409328309799e-02
-5.365000000000000213e+00,2.006375863697189982e-02,2.693788984185661525e-02
-5.362499999999999822e+00,2.016359009888464560e-02,2.689132559043013251e-02
-5.360000000000000320e+00,2.026422643162147791e-02,2.684476133900361508e-02
-5.357499999999999929e+00,2.036567625596302777e-02,2.679819708757713234e-02
-5.355000000000000426e+00,2.046794830873167881e-02,2.675163283615064960e-02
-5.352500000000000036e+00,2.057105144467621244e-02,2.670506858472413564e-02
-5.350000000000000533e+00,2.067499463838398319e-02,2.665850433329768412e-02
-5.347500000000000142e+00,2.077978698623698245e-02,2.654729887098497901e-02
-5.344999999999999751e+00,2.088543770839818015e-02,2.643609340867227042e-02
-5.342500000000000249e+00,2.099195615084239325e-02,2.632488794635972143e-02
-5.339999999999999858e+00,2.109935178741999609e-02,2.621368248404701631e-02
-5.337500000000000355e+00,2.120763422196625392e-02,2.610247702173438752e-02
-5.334999999999999964e+00,2.131681319044498313e-02,2.599127155942175874e-02
-5.332500000000000462e+00,2.142689856314034663e-02,2.588006609710905362e-02
-5.330000000000000071e+00,2.153790034688457186e-02,2.576886063479642483e-02
-5.327499999999999680e+00,2.164982868733486901e-02,2.565765517248379951e-02
-5.325000000000000178e+00,2.176269387128932503e-02,2.554644971017109092e-02
-5.322499999999999787e+00,2.187650632905365627e-02,2.540023661198977101e-02
-5.320000000000000284e+00,2.199127663684793607e-02,2.525402351380844762e-02
-5.317499999999999893e+00,2.210701551926785163e-02,2.510781041562702362e-02
-5.315000000000000391e+00,2.222373385178664021e-02,2.496159731744580779e-02
-5.312500000000000000e+00,2.234144266331442030e-02,2.481538421926438032e-02
-5.310000000000000497e+00,2.246015313880063771e-02,2.466917112108306040e-02
-5.307500000000000107e+00,2.257987662189542277e-02,2.452295802290174048e-02
-5.304999999999999716e+00,2.270062461765695247e-02,2.437674492472031648e-02
-5.302500000000000213e+00,2.282240879531979155e-02,2.423053182653899310e-02
-5.299999999999999822e+00,2.294524099111215285e-02,2.408431872835767318e-02
-5.297500000000000320e+00,2.306913321113602394e-02,2.394078690740839011e-02
-5.294999999999999929e+00,2.319409763429921417e-02,2.379725508645921112e-02
-5.292500000000000426e+00,2.332014661531302963e-02,2.365372326551002866e-02
-5.290000000000000036e+00,2.344729268774389114e-02,2.351019144456074558e-02
-5.287500000000000533e+00,2.357554856713416080e-02,2.336665962361166721e-02
-5.285000000000000142e+00,2.370492715417945109e-02,2.322312780266238413e-02
-5.282499999999999751e+00,2.383544153797777579e-02,2.307959598171310106e-02
-5.280000000000000249e+00,2.396710499933869462e-02,2.293606416076402268e-02
-5.277499999999999858e+00,2.409993101416728692e-02,2.279253233981474308e-02
-5.275000000000000355e+00,2.423393325691050246e-02,2.264900051886556062e-02
-5.272499999999999964e+00,2.436912560408293141e-02,2.254902191932244351e-02
-5.270000000000000462e+00,2.450552213785755357e-02,2.244904331977925355e-02
-5.267500000000000071e+00,2.464313714973890082e-02,2.234906472023613644e-02
-5.264999999999999680e+00,2.478198514430551835e-02,2.224908612069301933e-02
-5.262500000000000178e+00,2.492208084303805526e-02,2.214910752114983283e-02
-5.259999999999999787e+00,2.506343918822056052e-02,2.204912892160671573e-02
-5.257500000000000284e+00,2.520607534693087778e-02,2.194915032206359862e-02
-5.254999999999999893e+00,2.535000471510838807e-02,2.184917172252040865e-02
-5.252500000000000391e+00,2.549524292171517770e-02,2.174919312297736440e-02
-5.250000000000000000e+00,2.564180583297783964e-02,2.164921452343417443e-02
-5.247500000000000497e+00,2.578970955672756082e-02,2.163118983850182905e-02
-5.245000000000000107e+00,2.593897044682550584e-02,2.161316515356948020e-02
-5.242499999999999716e+00,2.608960510769017804e-02,2.159514046863712095e-02
-5.240000000000000213e+00,2.624163039891485444e-02,2.157711578370477556e-02
-5.237499999999999822e+00,2.639506343999237226e-02,2.155909109877243018e-02
-5.235000000000000320e+00,2.654992161513380564e-02,2.154106641384006746e-02
-5.232499999999999929e+00,2.670622257820052387e-02,2.152304172890772208e-02
-5.230000000000000426e+00,2.686398425773480966e-02,2.150501704397537669e-02
-5.227500000000000036e+00,2.702322486210847335e-02,2.148699235904301744e-02
-5.225000000000000533e+00,2.718396288477663292e-02,2.146896767411068246e-02
-5.222500000000000142e+00,2.734621710965428817e-02,2.156324605990188326e-02
-5.219999999999999751e+00,2.751000661660412197e-02,2.165752444569308405e-02
-5.217500000000000249e+00,2.767535078705270560e-02,2.175180283148415300e-02
-5.214999999999999858e+00,2.784226930972405131e-02,2.184608121727535379e-02
-5.212500000000000355e+00,2.801078218650809512e-02,2.194035960306648866e-02
-5.209999999999999964e+00,2.818090973845277514e-02,2.203463798885762354e-02
-5.207500000000000462e+00,2.835267261189682378e-02,2.212891637464882433e-02
-5.205000000000000071e+00,2.852609178473441628e-02,2.222319476043995920e-02
-5.202499999999999680e+00,2.870118857282692726e-02,2.231747314623109407e-02
-5.200000000000000178e+00,2.887798463655228201e-02,2.241175153202229486e-02
-5.197499999999999787e+00,2.905650198751129343e-02,2.263598944573017371e-02
-5.195000000000000284e+00,2.923676299537739109e-02,2.286022735943804909e-02
-5.192499999999999893e+00,2.941879039491137465e-02,2.308446527314608754e-02
-5.190000000000000391e+00,2.960260729312854527e-02,2.330870318685380679e-02
-5.187500000000000000e+00,2.978823717663781415e-02,2.353294110056184524e-02
-5.185000000000000497e+00,2.997570391914263638e-02,2.375717901426972062e-02
-5.182500000000000107e+00,3.016503178912253308e-02,2.398141692797759947e-02
-5.179999999999999716e+00,3.035624545768498064e-02,2.420565484168563791e-02
-5.177500000000000213e+00,3.054937000660753674e-02,2.442989275539351329e-02
-5.174999999999999822e+00,3.074443093656024223e-02,2.465413066910139214e-02
-5.172500000000000320e+00,3.094145417552748162e-02,2.501030864323175104e-02
-5.169999999999999929e+00,3.114046608742039243e-02,2.536648661736186014e-02
-5.167500000000000426e+00,3.134149348089927678e-02,2.572266459149196577e-02
-5.165000000000000036e+00,3.154456361839755307e-02,2.607884256562232814e-02
-5.162500000000000533e+00,3.174970422536643744e-02,2.643502053975218050e-02
-5.160000000000000142e+00,3.195694349973261794e-02,2.679119851388253939e-02
-5.157499999999999751e+00,3.216631012158858993e-02,2.714737648801290176e-02
-5.155000000000000249e+00,3.237783326310812726e-02,2.750355446214275412e-02
-5.152499999999999858e+00,3.259154259870664094e-02,2.785973243627311649e-02
-5.150000000000000355e+00,3.280746831543927128e-02,2.821591041040322212e-02
-5.147499999999999964e+00,3.302564112365844601e-02,2.868946018893979780e-02
-5.145000000000000462e+00,3.324609226792128724e-02,2.916300996747671348e-02
-5.142500000000000071e+00,3.346885353817084102e-02,2.963655974601328916e-02
-5.139999999999999680e+00,3.369395728118326772e-02,3.011010952454986483e-02
-5.137500000000000178e+00,3.392143641230155326e-02,3.058365930308677705e-02
-5.134999999999999787e+00,3.415132442745158481e-02,3.105720908162335619e-02
-5.132500000000000284e+00,3.438365541546190007e-02,3.153075886015993534e-02
-5.129999999999999893e+00,3.461846407068003284e-02,3.200430863869684756e-02
-5.127500000000000391e+00,3.485578570591024022e-02,3.247785841723308670e-02
-5.125000000000000000e+00,3.509565626566686636e-02,3.295140819576999891e-02
-5.122500000000000497e+00,3.533811233976497101e-02,3.351258228937027683e-02
-5.120000000000000107e+00,3.558319117724545455e-02,3.407375638297056170e-02
-5.117499999999999716e+00,3.583093070065820895e-02,3.463493047657123514e-02
-5.115000000000000213e+00,3.608136952069807002e-02,3.519610457017152000e-02
-5.112499999999999822e+00,3.633454695121976497e-02,3.575727866377179792e-02
-5.110000000000000320e+00,3.659050302462635296e-02,3.631845275737247830e-02
-5.107499999999999929e+00,3.684927850765858104e-02,3.687962685097275622e-02
-5.105000000000000426e+00,3.711091491758090888e-02,3.744080094457303415e-02
-5.102500000000000036e+00,3.737545453879044521e-02,3.800197503817371453e-02
-5.100000000000000533e+00,3.764294043984722782e-02,3.856314913177359693e-02
-5.097500000000000142e+00,3.791341649095181232e-02,3.917046892919993223e-02
-5.094999999999999751e+00,3.818692738186951763e-02,3.977778872662626058e-02
-5.092500000000000249e+00,3.846351864032952067e-02,4.038510852405173546e-02
-5.089999999999999858e+00,3.874323665089590002e-02,4.099242832147806381e-02
-5.087500000000000355e+00,3.902612867434251259e-02,4.159974811890396890e-02
-5.084999999999999964e+00,3.931224286752996872e-02,4.220706791632987398e-02
-5.082500000000000462e+00,3.960162830381457055e-02,4.281438771375620234e-02
-5.080000000000000071e+00,3.989433499399089311e-02,4.342170751118210742e-02
-5.077499999999999680e+00,4.019041390779923284e-02,4.402902730860800556e-02
-5.075000000000000178e+00,4.048991699599868016e-02,4.463634710603434086e-02
-5.072499999999999787e+00,4.079289721303934468e-02,4.524175817390919258e-02
-5.070000000000000284e+00,4.109940854033618945e-02,4.584716924178403735e-02
-5.067499999999999893e+00,4.140950601017773236e-02,4.645258030965931928e-02
-5.065000000000000391e+00,4.172324573027451355e-02,4.705799137753373385e-02
-5.062500000000000000e+00,4.204068490898151683e-02,4.766340244540901577e-02
-5.060000000000000497e+00,4.236188188119990872e-02,4.826881351328386749e-02
-5.057500000000000107e+00,4.268689613499518365e-02,4.887422458115871227e-02
-5.054999999999999716e+00,4.301578833893768966e-02,4.947963564903399419e-02
-5.052500000000000213e+00,4.334862037020355274e-02,5.008504671690883897e-02
-5.049999999999999822e+00,4.368545534344442371e-02,5.069045778478369069e-02
-5.047500000000000320e+00,4.402635764046497480e-02,5.124572658517890372e-02
-5.044999999999999929e+00,4.437139294071889423e-02,5.180099538557372818e-02
-5.042500000000000426e+00,4.472062825266372860e-02,5.235626418596854570e-02
-5.040000000000000036e+00,4.507413194598593881e-02,5.291153298636375873e-02
-5.037500000000000533e+00,4.543197378474039122e-02,5.346680178675818768e-02
-5.035000000000000142e+00,4.579422496141606624e-02,5.402207058715340071e-02
-5.032499999999999751e+00,4.616095813197449577e-02,5.457733938754861375e-02
-5.030000000000000249e+00,4.653224745187521660e-02,5.513260818794303575e-02
-5.027499999999999858e+00,4.690816861313547997e-02,5.568787698833825572e-02
-5.025000000000000355e+00,4.728879888244279239e-02,5.624314578873307324e-02
-5.022499999999999964e+00,4.767421714036831210e-02,5.670702588846150694e-02
-5.020000000000000462e+00,4.806450392170203562e-02,5.717090598819026676e-02
-5.017500000000000071e+00,4.845974145696027580e-02,5.763478608791870045e-02
-5.014999999999999680e+00,4.886001371508982144e-02,5.809866618764712720e-02
-5.012500000000000178e+00,4.926540644742110481e-02,5.856254628737589396e-02
-5.009999999999999787e+00,4.967600723289711945e-02,5.902642638710432765e-02
-5.007500000000000284e+00,5.009190552463332891e-02,5.949030648683275441e-02
-5.004999999999999893e+00,5.051319269783980520e-02,5.995418658656151423e-02
-5.002500000000000391e+00,5.093996209916162865e-02,6.041806668628962179e-02
-5.000000000000000000e+00,5.137230909747205615e-02,6.088194678601838161e-02
-4.997500000000000497e+00,5.181033113618055408e-02,6.122766215086308111e-02
-4.995000000000000107e+00,5.225412778708928702e-02,6.157337751570777368e-02
-4.992499999999999716e+00,5.270380080586699323e-02,6.191909288055271604e-02
-4.990000000000000213e+00,5.315945418917625287e-02,6.226480824539740860e-02
-4.987499999999999822e+00,5.362119423352566805e-02,6.261052361024210811e-02
-4.985000000000000320e+00,5.408912959588911551e-02,6.295623897508705047e-02
-4.982499999999999929e+00,5.456337135616551315e-02,6.330195433993174303e-02
-4.980000000000000426e+00,5.504403308152629876e-02,6.364766970477643560e-02
-4.977500000000000036e+00,5.553123089272839902e-02,6.399338506962137796e-02
-4.975000000000000533e+00,5.602508353244351619e-02,6.433910043446583460e-02
-4.972500000000000142e+00,5.652571243568744325e-02,6.456166935899729231e-02
-4.969999999999999751e+00,5.703324180240305213e-02,6.478423828352875002e-02
-4.967500000000000249e+00,5.754779867228675128e-02,6.500680720805988855e-02
-4.964999999999999858e+00,5.806951300191810078e-02,6.522937613259134626e-02
-4.962500000000000355e+00,5.859851774428455340e-02,6.545194505712265132e-02
-4.959999999999999964e+00,5.913494893076864239e-02,6.567451398165394250e-02
-4.957500000000000462e+00,5.967894575569534371e-02,6.589708290618540021e-02
-4.955000000000000071e+00,6.023065066351109692e-02,6.611965183071670527e-02
-4.952499999999999680e+00,6.079020943869867938e-02,6.634222075524799644e-02
-4.950000000000000178e+00,6.135777129850642636e-02,6.656478967977945416e-02
-4.947499999999999787e+00,6.193348898860003698e-02,6.668760636374011785e-02
-4.945000000000000284e+00,6.251751888172474292e-02,6.681042304770078155e-02
-4.942499999999999893e+00,6.311002107949054141e-02,6.693323973166152852e-02
-4.940000000000000391e+00,6.371115951737441052e-02,6.705605641562210895e-02
-4.937500000000000000e+00,6.432110207306231120e-02,6.717887309958285591e-02
-4.935000000000000497e+00,6.494002067822920998e-02,6.730168978354351961e-02
-4.932500000000000107e+00,6.556809143388740713e-02,6.742450646750418330e-02
-4.929999999999999716e+00,6.620549472941071600e-02,6.754732315146493027e-02
-4.927500000000000213e+00,6.685241536537067653e-02,6.767013983542559397e-02
-4.924999999999999822e+00,6.750904268030075150e-02,6.779295651938625766e-02
-4.922500000000000320e+00,6.817557068153318189e-02,6.787287479194277495e-02
-4.919999999999999929e+00,6.885219818023122218e-02,6.795279306449922285e-02
-4.917500000000000426e+00,6.953912893077161816e-02,6.803271133705568463e-02
-4.915000000000000036e+00,7.023657177460641832e-02,6.811262960961218804e-02
-4.912500000000000533e+00,7.094474078876930601e-02,6.819254788216858043e-02
-4.910000000000000142e+00,7.166385543916289902e-02,6.827246615472509772e-02
-4.907499999999999751e+00,7.239414073880093281e-02,6.835238442728161501e-02
-4.905000000000000249e+00,7.313582741115214059e-02,6.843230269983800740e-02
-4.902499999999999858e+00,7.388915205876649128e-02,6.851222097239452469e-02
-4.900000000000000355e+00,7.465435733734010482e-02,6.859213924495097259e-02
-4.897499999999999964e+00,7.543169213540891482e-02,6.872213672398329309e-02
-4.895000000000000462e+00,7.622141175983565553e-02,6.885213420301571074e-02
-4.892500000000000071e+00,7.702377812728876394e-02,6.898213168204803125e-02
-4.889999999999999680e+00,7.783905996188601739e-02,6.911212916108035176e-02
-4.887500000000000178e+00,7.866753299921086517e-02,6.924212664011276941e-02
-4.884999999999999787e+00,7.950948019688117152e-02,6.937212411914510379e-02
-4.882500000000000284e+00,8.036519195188632225e-02,6.950212159817742430e-02
-4.879999999999999893e+00,8.123496632488055869e-02,6.963211907720984195e-02
-4.877500000000000391e+00,8.211910927165458340e-02,6.976211655624206531e-02
-4.875000000000000000e+00,8.301793488197947712e-02,6.989211403527448296e-02
-4.872500000000000497e+00,8.393176562605179913e-02,7.020055703532658564e-02
-4.870000000000000107e+00,8.486093260873857347e-02,7.050900003537868832e-02
-4.867499999999999716e+00,8.580577583185422519e-02,7.081744303543101304e-02
-4.865000000000000213e+00,8.676664446467295677e-02,7.112588603548311572e-02
-4.862499999999999822e+00,8.774389712290996124e-02,7.143432903553521840e-02
-4.860000000000000320e+00,8.873790215637628043e-02,7.174277203558754312e-02
-4.857499999999999929e+00,8.974903794554058012e-02,7.205121503563964580e-02
-4.855000000000000426e+00,9.077769320719966673e-02,7.235965803569174848e-02
-4.852500000000000036e+00,9.182426730948956006e-02,7.266810103574407320e-02
-4.850000000000000533e+00,9.288917059643198026e-02,7.297654403579595384e-02
-4.847500000000000142e+00,9.397282472224026406e-02,7.362221413719119423e-02
-4.844999999999999751e+00,9.507566299557214384e-02,7.426788423858642074e-02
-4.842500000000000249e+00,9.619813073393880531e-02,7.491355433998074520e-02
-4.839999999999999858e+00,9.734068562844404304e-02,7.555922444137598559e-02
-4.837500000000000355e+00,9.850379811904599880e-02,7.620489454277076802e-02
-4.834999999999999964e+00,9.968795178049125183e-02,7.685056464416553657e-02
-4.832500000000000462e+00,1.008936437190923324e-01,7.749623474556077696e-02
-4.830000000000000071e+00,1.021213849804702006e-01,7.814190484695555938e-02
-4.827499999999999680e+00,1.033717009683965127e-01,7.878757494835032793e-02
-4.825000000000000178e+00,1.046451318748244236e-01,7.943324504974556832e-02
-4.822499999999999787e+00,1.059422331211996166e-01,8.059566762020843600e-02
-4.820000000000000284e+00,1.072635758110918880e-01,8.175809019067131755e-02
-4.817499999999999893e+00,1.086097471941877279e-01,8.292051276113500402e-02
-4.815000000000000391e+00,1.099813511416245088e-01,8.408293533159705291e-02
-4.812500000000000000e+00,1.113790086326405804e-01,8.524535790206075325e-02
-4.810000000000000497e+00,1.128033582524488737e-01,8.640778047252362093e-02
-4.807500000000000107e+00,1.142550567012274865e-01,8.757020304298650248e-02
-4.804999999999999716e+00,1.157347793140421494e-01,8.873262561345018895e-02
-4.802500000000000213e+00,1.172432205914974851e-01,8.989504818391307051e-02
-4.799999999999999822e+00,1.187810947408199647e-01,9.105747075437593818e-02
-4.797500000000000320e+00,1.203491362270473347e-01,9.292267423544003924e-02
-4.794999999999999929e+00,1.219481003338944020e-01,9.478787771650282190e-02
-4.792500000000000426e+00,1.235787637338228578e-01,9.665308119756560457e-02
-4.790000000000000036e+00,1.252419250667236861e-01,9.851828467862970562e-02
-4.787500000000000533e+00,1.269384055265620481e-01,1.003834881596911560e-01
-4.785000000000000142e+00,1.286690494552029940e-01,1.022486916407552571e-01
-4.782499999999999751e+00,1.304347249425577282e-01,1.041138951218193720e-01
-4.780000000000000249e+00,1.322363244320422515e-01,1.059790986028808224e-01
-4.777499999999999858e+00,1.340747653302452602e-01,1.078443020839449235e-01
-4.775000000000000355e+00,1.359509906195349171e-01,1.097095055650077061e-01
-4.772499999999999964e+00,1.378659694722239037e-01,1.124520443088454086e-01
-4.770000000000000462e+00,1.398206978647273391e-01,1.151945830526850678e-01
-4.767500000000000071e+00,1.418161991900224461e-01,1.179371217965227703e-01
-4.764999999999999680e+00,1.438535248665213373e-01,1.206796605403604727e-01
-4.762500000000000178e+00,1.459337549413308732e-01,1.234221992842001320e-01
-4.759999999999999787e+00,1.480579986856670471e-01,1.261647380280378206e-01
-4.757500000000000284e+00,1.502273951800488228e-01,1.289072767718755230e-01
-4.754999999999999893e+00,1.524431138866851054e-01,1.316498155157151961e-01
-4.752500000000000391e+00,1.547063552063276393e-01,1.343923542595509557e-01
-4.750000000000000000e+00,1.570183510166560104e-01,1.371348930033906011e-01
-4.747500000000000497e+00,1.593803651891207707e-01,1.408976548785857152e-01
-4.745000000000000107e+00,1.617936940809746038e-01,1.446604167537808294e-01
-4.742499999999999716e+00,1.642596669990856184e-01,1.484231786289786359e-01
-4.740000000000000213e+00,1.667796466319367843e-01,1.521859405041737501e-01
-4.737499999999999822e+00,1.693550294460767214e-01,1.559487023793688643e-01
-4.735000000000000320e+00,1.719872460430924566e-01,1.597114642545666430e-01
-4.732499999999999929e+00,1.746777614730226635e-01,1.634742261297617572e-01
-4.730000000000000426e+00,1.774280754999004728e-01,1.672369880049568991e-01
-4.727500000000000036e+00,1.802397228149218156e-01,1.709997498801546778e-01
-4.725000000000000533e+00,1.831142731924465250e-01,1.747625117553471275e-01
-4.722500000000000142e+00,1.860533315837621104e-01,1.796363718581567570e-01
-4.719999999999999751e+00,1.890585381431476031e-01,1.845102319609663866e-01
-4.717500000000000249e+00,1.921315681803811015e-01,1.893840920637690772e-01
-4.714999999999999858e+00,1.952741320332958830e-01,1.942579521665787068e-01
-4.712500000000000355e+00,1.984879748534492117e-01,1.991318122693848669e-01
-4.709999999999999964e+00,2.017748762972691456e-01,2.040056723721910270e-01
-4.707500000000000462e+00,2.051366501143408738e-01,2.088795324750006288e-01
-4.705000000000000071e+00,2.085751436236654155e-01,2.137533925778067889e-01
-4.702499999999999680e+00,2.120922370679002578e-01,2.186272526806129490e-01
-4.700000000000000178e+00,2.156898428347005237e-01,2.235011127834225786e-01
-4.697499999999999787e+00,2.193699045334566999e-01,2.295067829550270500e-01
-4.695000000000000284e+00,2.231343959149156286e-01,2.355124531266315213e-01
-4.692499999999999893e+00,2.269853196205410262e-01,2.415181232982402670e-01
-4.690000000000000391e+00,2.309247057479536791e-01,2.475237934698404640e-01
-4.687500000000000000e+00,2.349546102186052532e-01,2.535294636414491820e-01
-4.685000000000000497e+00,2.390771129338888357e-01,2.595351338130536534e-01
-4.682500000000000107e+00,2.432943157064048345e-01,2.655408039846581247e-01
-4.679999999999999716e+00,2.476083399539818208e-01,2.715464741562668705e-01
-4.677500000000000213e+00,2.520213241454805075e-01,2.775521443278713418e-01
-4.674999999999999822e+00,2.565354209892815041e-01,2.835578144994758132e-01
-4.672500000000000320e+00,2.611527943577761635e-01,2.906322191379728248e-01
-4.669999999999999929e+00,2.658756159439921718e-01,2.977066237764648404e-01
-4.667500000000000426e+00,2.707060616497177774e-01,3.047810284149568005e-01
-4.665000000000000036e+00,2.756463077079051582e-01,3.118554330534538677e-01
-4.662500000000000533e+00,2.806985265456715117e-01,3.189298376919408318e-01
-4.660000000000000142e+00,2.858648823975612485e-01,3.260042423304378434e-01
-4.657499999999999751e+00,2.911475266817317165e-01,3.330786469689348550e-01
-4.655000000000000249e+00,2.965485931540227105e-01,3.401530516074218191e-01
-4.652499999999999858e+00,3.020701928562628535e-01,3.472274562459188307e-01
-4.650000000000000355e+00,3.077144088752852280e-01,3.543018608844108464e-01
-4.647499999999999964e+00,3.134832909278312263e-01,3.622910385095636232e-01
-4.645000000000000462e+00,3.193788497834960105e-01,3.702802161347220622e-01
-4.642500000000000071e+00,3.254030515331195472e-01,3.782693937598747835e-01
-4.639999999999999680e+00,3.315578117034238548e-01,3.862585713850275604e-01
-4.637500000000000178e+00,3.378449892104531393e-01,3.942477490101859994e-01
-4.634999999999999787e+00,3.442663801346695918e-01,4.022369266353387207e-01
-4.632500000000000284e+00,3.508237112899064147e-01,4.102261042604914976e-01
-4.629999999999999893e+00,3.575186335472609889e-01,4.182152818856499366e-01
-4.627500000000000391e+00,3.643527148643118108e-01,4.262044595107969958e-01
-4.625000000000000000e+00,3.713274329605083524e-01,4.341936371359554347e-01
-4.622500000000000497e+00,3.784441675723376752e-01,4.428535651246423011e-01
-4.620000000000000107e+00,3.857041922178454096e-01,4.515134931133291118e-01
-4.617499999999999716e+00,3.931086654004226077e-01,4.601734211020221399e-01
-4.615000000000000213e+00,4.006586211872993353e-01,4.688333490907090062e-01
-4.612499999999999822e+00,4.083549591097901943e-01,4.774932770793958170e-01
-4.610000000000000320e+00,4.161984333504003541e-01,4.861532050680888450e-01
-4.607499999999999929e+00,4.241896412066845090e-01,4.948131330567757113e-01
-4.605000000000000426e+00,4.323290108528456410e-01,5.034730610454625221e-01
-4.602500000000000036e+00,4.406167884567943616e-01,5.121329890341554947e-01
-4.600000000000000533e+00,4.490530247513360163e-01,5.207929170228362548e-01
-4.597500000000000142e+00,4.576375612015559091e-01,5.297988582855489570e-01
-4.594999999999999751e+00,4.663700159538928247e-01,5.388047995482615482e-01
-4.592500000000000249e+00,4.752497697931632459e-01,5.478107408109613718e-01
-4.589999999999999858e+00,4.842759523687493739e-01,5.568166820736740741e-01
-4.587500000000000355e+00,4.934474289772189937e-01,5.658226233363803370e-01
-4.584999999999999964e+00,5.027627882025937911e-01,5.748285645990866000e-01
-4.582500000000000462e+00,5.122203307145934970e-01,5.838345058617993022e-01
-4.580000000000000071e+00,5.218180595071046923e-01,5.928404471245054541e-01
-4.577499999999999680e+00,5.315536718224765922e-01,6.018463883872117171e-01
-4.575000000000000178e+00,5.414245529514555288e-01,6.108523296499244193e-01
-4.572499999999999787e+00,5.514277720245239767e-01,6.198164004735547961e-01
-4.570000000000000284e+00,5.615600798200621746e-01,6.287804712971850618e-01
-4.567499999999999893e+00,5.718179085117817140e-01,6.377445421208218779e-01
-4.565000000000000391e+00,5.821973731670465613e-01,6.467086129444458154e-01
-4.562500000000000000e+00,5.926942746953405283e-01,6.556726837680825204e-01
-4.560000000000000497e+00,6.033041038393494038e-01,6.646367545917128972e-01
-4.557500000000000107e+00,6.140220457079120786e-01,6.736008254153431629e-01
-4.554999999999999716e+00,6.248429842785384603e-01,6.825648962389798680e-01
-4.552500000000000213e+00,6.357615062552020024e-01,6.915289670626102447e-01
-4.549999999999999822e+00,6.467719036615561246e-01,7.004930378862406215e-01
-4.547500000000000320e+00,6.578681745861418850e-01,7.089888010980147648e-01
-4.544999999999999929e+00,6.690440215777136990e-01,7.174845643097828018e-01
-4.542500000000000426e+00,6.802928473163116774e-01,7.259803275215509499e-01
-4.540000000000000036e+00,6.916077473566071276e-01,7.344760907333250932e-01
-4.537500000000000533e+00,7.029814999487831173e-01,7.429718539450871351e-01
-4.535000000000000142e+00,7.144065531796558455e-01,7.514676171568612784e-01
-4.532499999999999751e+00,7.258750099309051462e-01,7.599633803686354216e-01
-4.530000000000000249e+00,7.373786114073341835e-01,7.684591435803974635e-01
-4.527499999999999858e+00,7.489087202294938406e-01,7.769549067921714958e-01
-4.525000000000000355e+00,7.604563042940590822e-01,7.854506700039396438e-01
-4.522499999999999964e+00,7.720119227646571325e-01,7.930427707114670044e-01
-4.520000000000000462e+00,7.835657156491295794e-01,8.006348714189996940e-01
-4.517500000000000071e+00,7.951073984329894984e-01,8.082269721265270546e-01
-4.514999999999999680e+00,8.066262631631125890e-01,8.158190728340544151e-01
-4.512500000000000178e+00,8.181111872056049394e-01,8.234111735415872158e-01
-4.509999999999999787e+00,8.295506506377261502e-01,8.310032742491145763e-01
-4.507500000000000284e+00,8.409327628826860357e-01,8.385953749566419368e-01
-4.504999999999999893e+00,8.522452987710583683e-01,8.461874756641746265e-01
-4.502500000000000391e+00,8.634757437329062535e-01,8.537795763716966579e-01
-4.500000000000000000e+00,8.746113473151857498e-01,8.613716770792293476e-01
-4.497500000000000497e+00,8.856391837088615215e-01,8.676479500676524959e-01
-4.495000000000000107e+00,8.965462174914790028e-01,8.739242230560757552e-01
-4.492499999999999716e+00,9.073193723769186203e-01,8.802004960445033444e-01
-4.490000000000000213e+00,9.179456004466054475e-01,8.864767690329264926e-01
-4.487499999999999822e+00,9.284119491444322581e-01,8.927530420213496409e-01
-4.485000000000000320e+00,9.387056232738772987e-01,8.990293150097773411e-01
-4.482499999999999929e+00,9.488140393556974139e-01,9.053055879982004894e-01
-4.480000000000000426e+00,9.587248699937669372e-01,9.115818609866236377e-01
-4.477500000000000036e+00,9.684260763502531288e-01,9.178581339750513379e-01
-4.475000000000000533e+00,9.779059274330211826e-01,9.241344069634700453e-01
-4.472500000000000142e+00,9.871530056207368231e-01,9.287375619640493296e-01
-4.469999999999999751e+00,9.961561986571938476e-01,9.333407169646286139e-01
-4.467500000000000249e+00,1.004904679190557815e+00,9.379438719652012368e-01
-4.464999999999999858e+00,1.013387873764337366e+00,9.425470269657805211e-01
-4.462500000000000355e+00,1.021595423931493940e+00,9.471501819663565858e-01
-4.459999999999999964e+00,1.029517142808516583e+00,9.517533369669325394e-01
-4.457500000000000462e+00,1.037142970864558977e+00,9.563564919675118237e-01
-4.455000000000000071e+00,1.044462935011703175e+00,9.609596469680877773e-01
-4.452499999999999680e+00,1.051467115097129756e+00,9.655628019686637309e-01
-4.450000000000000178e+00,1.058145621680748327e+00,9.701659569692430152e-01
-4.447499999999999787e+00,1.064488588512381373e+00,9.728219248570859623e-01
-4.445000000000000284e+00,1.070486182416200194e+00,9.754778927449287984e-01
-4.442499999999999893e+00,1.076128632378148486e+00,9.781338606327736329e-01
-4.440000000000000391e+00,1.081406278560057110e+00,9.807898285206145816e-01
-4.437500000000000000e+00,1.086309640790183551e+00,9.834457964084594161e-01
-4.435000000000000497e+00,1.090829504871198674e+00,9.861017642963023633e-01
-4.432500000000000107e+00,1.094957023876008240e+00,9.887577321841451994e-01
-4.429999999999999716e+00,1.098683830543073503e+00,9.914137000719900339e-01
-4.427500000000000213e+00,1.102002156006482769e+00,9.940696679598328700e-01
-4.424999999999999822e+00,1.104904949463912933e+00,9.967256358476758171e-01
-4.422500000000000320e+00,1.107385993047167672e+00,9.972659341827013746e-01
-4.419999999999999929e+00,1.109440006147839552e+00,9.978062325177265990e-01
-4.417500000000000426e+00,1.111062733778044986e+00,9.983465308527518234e-01
-4.415000000000000036e+00,1.112251014204908683e+00,9.988868291877773808e-01
-4.412500000000000533e+00,1.113002822057962860e+00,9.994271275228022722e-01
-4.410000000000000142e+00,1.113317284320672007e+00,9.999674258578278296e-01
-4.407499999999999751e+00,1.113194668013299138e+00,1.000507724192853498e+00
-4.405000000000000249e+00,1.112636339873006364e+00,1.001048022527878167e+00
-4.402499999999999858e+00,1.111644699848827189e+00,1.001588320862903947e+00
-4.400000000000000355e+00,1.110223091661772354e+00,1.002128619197929060e+00
-4.397499999999999964e+00,1.108375694945462175e+00,1.000504634969596074e+00
-4.395000000000000462e+00,1.106107404501095459e+00,9.988806507412618663e-01
-4.392500000000000071e+00,1.103423702908171489e+00,9.972566665129287689e-01
-4.389999999999999680e+00,1.100330533083638151e+00,9.956326822845957825e-01
-4.387500000000000178e+00,1.096834177353579021e+00,9.940086980562615748e-01
-4.384999999999999787e+00,1.092941149192710792e+00,9.923847138279285884e-01
-4.382500000000000284e+00,1.088658103020690326e+00,9.907607295995956020e-01
-4.379999999999999893e+00,1.083991766364857945e+00,9.891367453712613944e-01
-4.377500000000000391e+00,1.078948897369867543e+00,9.875127611429295182e-01
-4.375000000000000000e+00,1.073536269133857468e+00,9.858887769145953106e-01
-4.372500000000000497e+00,1.067760680766900894e+00,9.821766074749902486e-01
-4.370000000000000107e+00,1.061628993493938022e+00,9.784644380353852977e-01
-4.367499999999999716e+00,1.055148188654200458e+00,9.747522685957775712e-01
-4.365000000000000213e+00,1.048325443169060955e+00,9.710400991561726203e-01
-4.362499999999999822e+00,1.041168217035813637e+00,9.673279297165675583e-01
-4.360000000000000320e+00,1.033684346715368907e+00,9.636157602769599428e-01
-4.357499999999999929e+00,1.025882137956905416e+00,9.599035908373548809e-01
-4.355000000000000426e+00,1.017770451659114839e+00,9.561914213977498189e-01
-4.352500000000000036e+00,1.009358776799435420e+00,9.524792519581422034e-01
-4.350000000000000533e+00,1.000657285239634264e+00,9.487670825185398060e-01
-4.347500000000000142e+00,9.916768642873221573e-01,9.431624457123092276e-01
-4.344999999999999751e+00,9.824291241893772231e-01,9.375578089060787601e-01
-4.342500000000000249e+00,9.729263791728723909e-01,9.319531720998561752e-01
-4.339999999999999858e+00,9.631816021423369456e-01,9.263485352936257078e-01
-4.337500000000000355e+00,9.532083545982801276e-01,9.207438984873991261e-01
-4.334999999999999964e+00,9.430206946747017316e-01,9.151392616811725444e-01
-4.332500000000000462e+00,9.326330673271459037e-01,9.095346248749420770e-01
-4.330000000000000071e+00,9.220601815768314502e-01,9.039299880687154953e-01
-4.327499999999999680e+00,9.113168802880612374e-01,8.983253512624889137e-01
-4.325000000000000178e+00,9.004180082030353027e-01,8.927207144562584462e-01
-4.322499999999999787e+00,8.893782838786217226e-01,8.855243519406040820e-01
-4.320000000000000284e+00,8.782121807811916758e-01,8.783279894249496067e-01
-4.317499999999999893e+00,8.669338221334731420e-01,8.711316269092901354e-01
-4.315000000000000391e+00,8.555568932206999433e-01,8.639352643936407672e-01
-4.312500000000000000e+00,8.440945738120603226e-01,8.567389018779812959e-01
-4.310000000000000497e+00,8.325594922037709011e-01,8.495425393623269317e-01
-4.307500000000000107e+00,8.209637012108452758e-01,8.423461768466724564e-01
-4.304999999999999716e+00,8.093186752928092087e-01,8.351498143310129851e-01
-4.302500000000000213e+00,7.976353269563264403e-01,8.279534518153585099e-01
-4.299999999999999822e+00,7.859240396884938917e-01,8.207570892997041456e-01
-4.297500000000000320e+00,7.741947139811683476e-01,8.123519589115903994e-01
-4.294999999999999929e+00,7.624568225387935438e-01,8.039468285234826483e-01
-4.292500000000000426e+00,7.507194705354202080e-01,7.955416981353748973e-01
-4.290000000000000036e+00,7.389914568018566277e-01,7.871365677472611511e-01
-4.287500000000000533e+00,7.272813320679705207e-01,7.787314373591593952e-01
-4.285000000000000142e+00,7.155974508318222460e-01,7.703263069710456490e-01
-4.282499999999999751e+00,7.039480140395599772e-01,7.619211765829319027e-01
-4.280000000000000249e+00,6.923411004925276169e-01,7.535160461948301469e-01
-4.277499999999999858e+00,6.807846857008440500e-01,7.451109158067164007e-01
-4.275000000000000355e+00,6.692866477241230516e-01,7.367057854186086496e-01
-4.272499999999999964e+00,6.578547603306921232e-01,7.275280897725560081e-01
-4.270000000000000462e+00,6.464966745222140432e-01,7.183503941264968162e-01
-4.267500000000000071e+00,6.352198900746875987e-01,7.091726984804441747e-01
-4.264999999999999680e+00,6.240317192124512635e-01,6.999950028343915331e-01
-4.262500000000000178e+00,6.129392448429915596e-01,6.908173071883323413e-01
-4.259999999999999787e+00,6.019492759315729913e-01,6.816396115422795887e-01
-4.257500000000000284e+00,5.910683025907677024e-01,6.724619158962269472e-01
-4.254999999999999893e+00,5.803024533142578933e-01,6.632842202501677553e-01
-4.252500000000000391e+00,5.696574565174825633e-01,6.541065246041216641e-01
-4.250000000000000000e+00,5.591386081851374978e-01,6.449288289580624722e-01
-4.247500000000000497e+00,5.487507469957815243e-01,6.354354874562887501e-01
-4.245000000000000107e+00,5.384982378260688707e-01,6.259421459545149169e-01
-4.242499999999999716e+00,5.283849640600480901e-01,6.164488044527344224e-01
-4.240000000000000213e+00,5.184143286687360463e-01,6.069554629509607002e-01
-4.237499999999999822e+00,5.085892636047509852e-01,5.974621214491868670e-01
-4.235000000000000320e+00,4.989122466947690238e-01,5.879687799474063725e-01
-4.232499999999999929e+00,4.893853249230365465e-01,5.784754384456326504e-01
-4.230000000000000426e+00,4.800101427909868601e-01,5.689820969438589282e-01
-4.227500000000000036e+00,4.707879743152989516e-01,5.594887554420784337e-01
-4.224999999999999645e+00,4.617197571885228169e-01,5.499954139403047115e-01
-4.222500000000000142e+00,4.528061276675266478e-01,5.406308966579370656e-01
-4.219999999999999751e+00,4.440474548662116661e-01,5.312663793755626473e-01
-4.217500000000000249e+00,4.354438732980286941e-01,5.219018620932016628e-01
-4.214999999999999858e+00,4.269953127261281733e-01,5.125373448108273555e-01
-4.212500000000000355e+00,4.187015246188314777e-01,5.031728275284597096e-01
-4.209999999999999964e+00,4.105621047593446815e-01,4.938083102460919527e-01
-4.207500000000000462e+00,4.025765118061327419e-01,4.844437929637176454e-01
-4.205000000000000071e+00,3.947440818304321364e-01,4.750792756813499440e-01
-4.202499999999999680e+00,3.870640390589881741e-01,4.657147583989822426e-01
-4.200000000000000178e+00,3.795355032148844954e-01,4.563502411166079353e-01
-4.197499999999999787e+00,3.721574939723813480e-01,4.475157079264852622e-01
-4.195000000000000284e+00,3.649289331209455423e-01,4.386811747363625891e-01
-4.192499999999999893e+00,3.578486450702793586e-01,4.298466415462336432e-01
-4.190000000000000391e+00,3.509153563254864272e-01,4.210121083561172428e-01
-4.187500000000000000e+00,3.441276945250253960e-01,4.121775751659882969e-01
-4.185000000000000497e+00,3.374841875703056271e-01,4.033430419758656238e-01
-4.182500000000000107e+00,3.309832632920705064e-01,3.945085087857429507e-01
-4.179999999999999716e+00,3.246232500022905865e-01,3.856739755956140048e-01
-4.177500000000000213e+00,3.184023781782468476e-01,3.768394424054913316e-01
-4.174999999999999822e+00,3.123187834238796978e-01,3.680049092153686585e-01
-4.172500000000000320e+00,3.063705107576894515e-01,3.600323252273052166e-01
-4.169999999999999929e+00,3.005555201904909768e-01,3.520597412392474368e-01
-4.167500000000000426e+00,2.948716934833259806e-01,3.440871572511896570e-01
-4.165000000000000036e+00,2.893168419176073147e-01,3.361145732631262151e-01
-4.162499999999999645e+00,2.838887148672300520e-01,3.281419892750684353e-01
-4.160000000000000142e+00,2.785850089358387072e-01,3.201694052870106000e-01
-4.157499999999999751e+00,2.734033774111782056e-01,3.121968212989471581e-01
-4.155000000000000249e+00,2.683414397909965610e-01,3.042242373108950404e-01
-4.152499999999999858e+00,2.633967911496575276e-01,2.962516533228315985e-01
-4.150000000000000355e+00,2.585670111391217274e-01,2.882790693347738187e-01
-4.147499999999999964e+00,2.538496724499781920e-01,2.814124201067970121e-01
-4.145000000000000462e+00,2.492423485950806261e-01,2.745457708788152651e-01
-4.142500000000000071e+00,2.447426209176853107e-01,2.676791216508384585e-01
-4.139999999999999680e+00,2.403480847653003960e-01,2.608124724228615965e-01
-4.137500000000000178e+00,2.360563548077877216e-01,2.539458231948799050e-01
-4.134999999999999787e+00,2.318650695117294436e-01,2.470791739669030707e-01
-4.132500000000000284e+00,2.277718948115338427e-01,2.402125247389262364e-01
-4.129999999999999893e+00,2.237745270402247411e-01,2.333458755109445448e-01
-4.127500000000000391e+00,2.198706951991075687e-01,2.264792262829725955e-01
-4.125000000000000000e+00,2.160581626554584633e-01,2.196125770549908762e-01
-4.122500000000000497e+00,2.123347283616045800e-01,2.139975406436476213e-01
-4.120000000000000107e+00,2.086982276878197873e-01,2.083825042323043664e-01
-4.117499999999999716e+00,2.051465329564196027e-01,2.027674678209571146e-01
-4.115000000000000213e+00,2.016775537561263099e-01,1.971524314096138319e-01
-4.112499999999999822e+00,1.982892371053831260e-01,1.915373949982705770e-01
-4.110000000000000320e+00,1.949795675216132451e-01,1.859223585869233253e-01
-4.107499999999999929e+00,1.917465670414378043e-01,1.803073221755800704e-01
-4.105000000000000426e+00,1.885882952251438371e-01,1.746922857642368154e-01
-4.102500000000000036e+00,1.855028491679012459e-01,1.690772493528895637e-01
-4.099999999999999645e+00,1.824883635306036311e-01,1.634622129415471969e-01
-4.097500000000000142e+00,1.795430105951285327e-01,1.591447481874576353e-01
-4.094999999999999751e+00,1.766650003422303161e-01,1.548272834333649928e-01
-4.092500000000000249e+00,1.738525805453541295e-01,1.505098186792784842e-01
-4.089999999999999858e+00,1.711040368701591263e-01,1.461923539251858695e-01
-4.087500000000000355e+00,1.684176929674963408e-01,1.418748891710962801e-01
-4.084999999999999964e+00,1.657919105466754695e-01,1.375574244170067184e-01
-4.082500000000000462e+00,1.632250894160590660e-01,1.332399596629140759e-01
-4.080000000000000071e+00,1.607156674789731454e-01,1.289224949088245142e-01
-4.077499999999999680e+00,1.582621206746098741e-01,1.246050301547349387e-01
-4.075000000000000178e+00,1.558629628556497948e-01,1.202875654006422962e-01
-4.072499999999999787e+00,1.535167455967423600e-01,1.172209552392870779e-01
-4.070000000000000284e+00,1.512220579304255630e-01,1.141543450779318597e-01
-4.067499999999999893e+00,1.489775260095549947e-01,1.110877349165744626e-01
-4.065000000000000391e+00,1.467818126975586612e-01,1.080211247552214232e-01
-4.062500000000000000e+00,1.446336170899018558e-01,1.049545145938640262e-01
-4.060000000000000497e+00,1.425316739718039405e-01,1.018879044325088079e-01
-4.057500000000000107e+00,1.404747532186021164e-01,9.882129427115360354e-02
-4.054999999999999716e+00,1.384616591460386126e-01,9.575468410979620648e-02
-4.052500000000000213e+00,1.364912298183195427e-01,9.268807394844098824e-02
-4.049999999999999822e+00,1.345623363219216606e-01,8.962146378708576999e-02
-4.047500000000000320e+00,1.326738820130186902e-01,8.768052274468353391e-02
-4.044999999999999929e+00,1.308248017459549828e-01,8.573958170228265785e-02
-4.042500000000000426e+00,1.290140610896333973e-01,8.379864065988179567e-02
-4.040000000000000036e+00,1.272406555379110016e-01,8.185769961747955958e-02
-4.037499999999999645e+00,1.255036097193270306e-01,7.991675857507869740e-02
-4.035000000000000142e+00,1.238019766106171066e-01,7.797581753267783522e-02
-4.032499999999999751e+00,1.221348367576979288e-01,7.603487649027558526e-02
-4.030000000000000249e+00,1.205012975070072906e-01,7.409393544787609698e-02
-4.027499999999999858e+00,1.189004922494402705e-01,7.215299440547386089e-02
-4.025000000000000355e+00,1.173315796784897141e-01,7.021205336307299871e-02
-4.022499999999999964e+00,1.157937430637317744e-01,6.921257135762295953e-02
-4.020000000000000462e+00,1.142861895403494144e-01,6.821308935217219871e-02
-4.017500000000000071e+00,1.128081494150971614e-01,6.721360734672215953e-02
-4.014999999999999680e+00,1.113588754888246851e-01,6.621412534127210647e-02
-4.012500000000000178e+00,1.099376423955272103e-01,6.521464333582135953e-02
-4.009999999999999787e+00,1.085437459577297536e-01,6.421516133037130647e-02
-4.007500000000000284e+00,1.071765025579628217e-01,6.321567932492126729e-02
-4.004999999999999893e+00,1.058352485260027759e-01,6.221619731947050647e-02
-4.002500000000000391e+00,1.045193395415675991e-01,6.121671531402117505e-02
-4.000000000000000000e+00,1.032281500521157469e-01,6.021723330857042117e-02
-3.997500000000000053e+00,1.019610727054518218e-01,5.993835585268554589e-02
-3.995000000000000107e+00,1.007175177968213514e-01,5.965947839680067755e-02
-3.992500000000000160e+00,9.949691273024043048e-02,5.938060094091560798e-02
-3.990000000000000213e+00,9.829870149380222355e-02,5.910172348503073270e-02
-3.987500000000000266e+00,9.712234414876032285e-02,5.882284602914585742e-02
-3.984999999999999876e+00,9.596731633218068269e-02,5.854396857326078785e-02
-3.982499999999999929e+00,9.483310877301091846e-02,5.826509111737591257e-02
-3.979999999999999982e+00,9.371922682139328942e-02,5.798621366149104422e-02
-3.977500000000000036e+00,9.262518999109739526e-02,5.770733620560597465e-02
-3.975000000000000089e+00,9.155053151491238106e-02,5.742845874972109937e-02
-3.972500000000000142e+00,9.049479791287838581e-02,5.763562758718484419e-02
-3.970000000000000195e+00,8.945754857318921616e-02,5.784279642464858900e-02
-3.967500000000000249e+00,8.843835534562868861e-02,5.804996526211233382e-02
-3.965000000000000302e+00,8.743680214734877998e-02,5.825713409957623129e-02
-3.962499999999999911e+00,8.645248458082198384e-02,5.846430293703997610e-02
-3.959999999999999964e+00,8.548500956374227577e-02,5.867147177450372092e-02
-3.957500000000000018e+00,8.453399497067230761e-02,5.887864061196761145e-02
-3.955000000000000071e+00,8.359906928617788502e-02,5.908580944943135627e-02
-3.952500000000000124e+00,8.267987126921548524e-02,5.929297828689510802e-02
-3.950000000000000178e+00,8.177604962848551706e-02,5.950014712435899855e-02
-3.947500000000000231e+00,8.088726270849269651e-02,5.996642987238267469e-02
-3.945000000000000284e+00,8.001317818600763021e-02,6.043271262040635083e-02
-3.942499999999999893e+00,7.915347277665724102e-02,6.089899536843035310e-02
-3.939999999999999947e+00,7.830783195132781649e-02,6.136527811645402924e-02
-3.937500000000000000e+00,7.747594966210553935e-02,6.183156086447770539e-02
-3.935000000000000053e+00,7.665752807743567154e-02,6.229784361250138153e-02
-3.932500000000000107e+00,7.585227732622962238e-02,6.276412636052505767e-02
-3.930000000000000160e+00,7.505991525060905223e-02,6.323040910854905994e-02
-3.927500000000000213e+00,7.428016716702055822e-02,6.369669185657274302e-02
-3.925000000000000266e+00,7.351276563542544218e-02,6.416297460459641222e-02
-3.922499999999999876e+00,7.275745023630851571e-02,6.468703957014929062e-02
-3.919999999999999929e+00,7.201396735522272441e-02,6.521110453570179433e-02
-3.917499999999999982e+00,7.128206997462968597e-02,6.573516950125431191e-02
-3.915000000000000036e+00,7.056151747276605268e-02,6.625923446680719031e-02
-3.912500000000000089e+00,6.985207542931103075e-02,6.678329943235969401e-02
-3.910000000000000142e+00,6.915351543760091257e-02,6.730736439791219772e-02
-3.907500000000000195e+00,6.846561492317808362e-02,6.783142936346470142e-02
-3.905000000000000249e+00,6.778815696843873417e-02,6.835549432901721900e-02
-3.902500000000000302e+00,6.712093014317857542e-02,6.887955929457009741e-02
-3.899999999999999911e+00,6.646372834081454295e-02,6.940362426012260111e-02
-3.897499999999999964e+00,6.581635062009895398e-02,6.982318007217461209e-02
-3.895000000000000018e+00,6.517860105211441268e-02,7.024273588422692838e-02
-3.892500000000000071e+00,6.455028857238108431e-02,7.066229169627893936e-02
-3.890000000000000124e+00,6.393122683787619276e-02,7.108184750833095034e-02
-3.887500000000000178e+00,6.332123408881135118e-02,7.150140332038326663e-02
-3.885000000000000231e+00,6.272013301497973703e-02,7.192095913243527761e-02
-3.882500000000000284e+00,6.212775062652903940e-02,7.234051494448728858e-02
-3.879999999999999893e+00,6.154391812898599851e-02,7.276007075653960487e-02
-3.877499999999999947e+00,6.096847080239840150e-02,7.317962656859161585e-02
-3.875000000000000000e+00,6.040124788443085313e-02,7.359918238064362683e-02
-3.872500000000000053e+00,5.984209245729243259e-02,7.379930320938120347e-02
-3.870000000000000107e+00,5.929085133834079840e-02,7.399942403811876623e-02
-3.867500000000000160e+00,5.874737497425232269e-02,7.419954486685648165e-02
-3.865000000000000213e+00,5.821151733861160832e-02,7.439966569559405829e-02
-3.862500000000000266e+00,5.768313583281987206e-02,7.459978652433163493e-02
-3.859999999999999876e+00,5.716209119018243745e-02,7.479990735306935035e-02
-3.857499999999999929e+00,5.664824738308656127e-02,7.500002818180692699e-02
-3.854999999999999982e+00,5.614147153313715083e-02,7.520014901054448975e-02
-3.852500000000000036e+00,5.564163382416767445e-02,7.540026983928220516e-02
-3.850000000000000089e+00,5.514860741800413357e-02,7.560039066801978180e-02
-3.847500000000000142e+00,5.466226837290604629e-02,7.551669782743043735e-02
-3.845000000000000195e+00,5.418249556456952720e-02,7.543300498684107902e-02
-3.842500000000000249e+00,5.370917060962394213e-02,7.534931214625173457e-02
-3.839999999999999858e+00,5.324217779151321078e-02,7.526561930566232073e-02
-3.837499999999999911e+00,5.278140398870015404e-02,7.518192646507297627e-02
-3.834999999999999964e+00,5.232673860509187008e-02,7.509823362448363182e-02
-3.832500000000000018e+00,5.187807350263051731e-02,7.501454078389421798e-02
-3.830000000000000071e+00,5.143530293595190844e-02,7.493084794330487353e-02
-3.827500000000000124e+00,5.099832348906356561e-02,7.484715510271552907e-02
-3.825000000000000178e+00,5.056703401395026831e-02,7.476346226212611523e-02
-3.822500000000000231e+00,5.014133557106262296e-02,7.438057005305580283e-02
-3.820000000000000284e+00,4.972113137160259766e-02,7.399767784398547654e-02
-3.817499999999999893e+00,4.930632672156606833e-02,7.361478563491488658e-02
-3.814999999999999947e+00,4.889682896746186391e-02,7.323189342584457417e-02
-3.812500000000000000e+00,4.849254744367061110e-02,7.284900121677424789e-02
-3.810000000000000053e+00,4.809339342136745993e-02,7.246610900770393549e-02
-3.807500000000000107e+00,4.769928005897736828e-02,7.208321679863362308e-02
-3.805000000000000160e+00,4.731012235408930955e-02,7.170032458956303312e-02
-3.802500000000000213e+00,4.692583709680332033e-02,7.131743238049270683e-02
-3.800000000000000266e+00,4.654634282443883414e-02,7.093454017142239443e-02
-3.797499999999999876e+00,4.617155977758351931e-02,7.028047271986523348e-02
-3.794999999999999929e+00,4.580140985741441156e-02,6.962640526830854437e-02
-3.792499999999999982e+00,4.543581658427091330e-02,6.897233781675184139e-02
-3.790000000000000036e+00,4.507470505741958261e-02,6.831827036519469432e-02
-3.787500000000000089e+00,4.471800191598811897e-02,6.766420291363799133e-02
-3.785000000000000142e+00,4.436563530101481079e-02,6.701013546208130223e-02
-3.782500000000000195e+00,4.401753481859364825e-02,6.635606801052461312e-02
-3.780000000000000249e+00,4.367363150406090855e-02,6.570200055896791014e-02
-3.777499999999999858e+00,4.333385778721005749e-02,6.504793310741074919e-02
-3.774999999999999911e+00,4.299814745847999053e-02,6.439386565585406008e-02
-3.772499999999999964e+00,4.266643563610825890e-02,6.353132302000071008e-02
-3.770000000000000018e+00,4.233865873419477566e-02,6.266878038414674945e-02
-3.767500000000000071e+00,4.201475443167055485e-02,6.180623774829339945e-02
-3.765000000000000124e+00,4.169466164211994147e-02,6.094369511244004944e-02
-3.762500000000000178e+00,4.137832048445162086e-02,6.008115247658608882e-02
-3.760000000000000231e+00,4.106567225436907193e-02,5.921860984073273881e-02
-3.757500000000000284e+00,4.075665939663823678e-02,5.835606720487939575e-02
-3.754999999999999893e+00,4.045122547810484775e-02,5.749352456902542818e-02
-3.752499999999999947e+00,4.014931516146023893e-02,5.663098193317208512e-02
-3.750000000000000000e+00,3.985087417971042156e-02,5.576843929731873512e-02
-3.747500000000000053e+00,3.955584931134781268e-02,5.478387113326049079e-02
-3.745000000000000107e+00,3.926418835618405989e-02,5.379930296920224647e-02
-3.742500000000000160e+00,3.897584011184355296e-02,5.281473480514330826e-02
-3.740000000000000213e+00,3.869075435087528103e-02,5.183016664108506394e-02
-3.737500000000000266e+00,3.840888179848857276e-02,5.084559847702681962e-02
-3.734999999999999876e+00,3.813017411086944142e-02,4.986103031296787447e-02
-3.732499999999999929e+00,3.785458385408225351e-02,4.887646214890963015e-02
-3.729999999999999982e+00,3.758206448351848750e-02,4.789189398485138582e-02
-3.727500000000000036e+00,3.731257032389622558e-02,4.690732582079244761e-02
-3.725000000000000089e+00,3.704605654977314450e-02,4.592275765673420329e-02
-3.722500000000000142e+00,3.678247916657979844e-02,4.491423463870343469e-02
-3.720000000000000195e+00,3.652179499213449587e-02,4.390571162067266608e-02
-3.717500000000000249e+00,3.626396163864863131e-02,4.289718860264189748e-02
-3.714999999999999858e+00,3.600893749518548070e-02,4.188866558461041417e-02
-3.712499999999999911e+00,3.575668171058166839e-02,4.088014256657964557e-02
-3.709999999999999964e+00,3.550715417679463359e-02,3.987161954854887697e-02
-3.707500000000000018e+00,3.526031551268676845e-02,3.886309653051738672e-02
-3.705000000000000071e+00,3.501612704821104732e-02,3.785457351248661811e-02
-3.702500000000000124e+00,3.477455080900879181e-02,3.684605049445584951e-02
-3.700000000000000178e+00,3.453554950138469637e-02,3.583752747642436620e-02
-3.697500000000000231e+00,3.429908649767162560e-02,3.490241699247594032e-02
-3.695000000000000284e+00,3.406512582195114769e-02,3.396730650852750749e-02
-3.692499999999999893e+00,3.383363213614194731e-02,3.303219602457841547e-02
-3.689999999999999947e+00,3.360457072642313719e-02,3.209708554062998265e-02
-3.687500000000000000e+00,3.337790749000574958e-02,3.116197505668155676e-02
-3.685000000000000053e+00,3.315360892221990569e-02,3.022686457273312741e-02
-3.682500000000000107e+00,3.293164210393142305e-02,2.929175408878469805e-02
-3.680000000000000160e+00,3.271197468925530344e-02,2.835664360483560603e-02
-3.677500000000000213e+00,3.249457489358194284e-02,2.742153312088717668e-02
-3.675000000000000266e+00,3.227941148188264581e-02,2.648642263693874732e-02
-3.672499999999999876e+00,3.206645375731136116e-02,2.570988480373282217e-02
-3.669999999999999929e+00,3.185567155007067164e-02,2.493334697052745214e-02
-3.667499999999999982e+00,3.164703520655687274e-02,2.415680913732207863e-02
-3.665000000000000036e+00,3.144051557875553876e-02,2.338027130411615348e-02
-3.662500000000000089e+00,3.123608401390171735e-02,2.260373347091078344e-02
-3.660000000000000142e+00,3.103371234437523815e-02,2.182719563770540994e-02
-3.657500000000000195e+00,3.083337287784879838e-02,2.105065780450003643e-02
-3.655000000000000249e+00,3.063503838765660112e-02,2.027411997129466292e-02
-3.652499999999999858e+00,3.043868210340296490e-02,1.949758213808874124e-02
-3.649999999999999911e+00,3.024427770178022418e-02,1.872104430488336774e-02
-3.647499999999999964e+00,3.005179929761305976e-02,1.816634913804568777e-02
-3.645000000000000018e+00,2.986122143510124352e-02,1.761165397120761228e-02
-3.642500000000000071e+00,2.967251907927742974e-02,1.705695880436993231e-02
-3.640000000000000124e+00,2.948566760765218911e-02,1.650226363753225234e-02
-3.637500000000000178e+00,2.930064280206339314e-02,1.594756847069417685e-02
-3.635000000000000231e+00,2.911742084070234951e-02,1.539287330385649688e-02
-3.632500000000000284e+00,2.893597829033473304e-02,1.483817813701881691e-02
-3.629999999999999893e+00,2.875629209868829639e-02,1.428348297018074142e-02
-3.627499999999999947e+00,2.857833958702498192e-02,1.372878780334306145e-02
-3.625000000000000000e+00,2.840209844287226032e-02,1.317409263650538148e-02
-3.622500000000000053e+00,2.822754671292921139e-02,1.287568259219623243e-02
-3.620000000000000107e+00,2.805466279612214148e-02,1.257727254788708338e-02
-3.617500000000000160e+00,2.788342543682846911e-02,1.227886250357772269e-02
-3.615000000000000213e+00,2.771381371824049519e-02,1.198045245926857363e-02
-3.612500000000000266e+00,2.754580705588998216e-02,1.168204241495942632e-02
-3.609999999999999876e+00,2.737938519130537346e-02,1.138363237065006389e-02
-3.607499999999999929e+00,2.721452818582154043e-02,1.108522232634091657e-02
-3.604999999999999982e+00,2.705121641451516470e-02,1.078681228203176752e-02
-3.602500000000000036e+00,2.688943056028606643e-02,1.048840223772240683e-02
-3.600000000000000089e+00,2.672915160805680937e-02,1.018999219341325778e-02
-3.597500000000000142e+00,2.657036083911186800e-02,1.015003685298816391e-02
-3.595000000000000195e+00,2.641303982554816729e-02,1.011008151256307004e-02
-3.592500000000000249e+00,2.625717042485935931e-02,1.007012617213797791e-02
-3.589999999999999858e+00,2.610273477462548078e-02,1.003017083171285455e-02
-3.587499999999999911e+00,2.594971528732958888e-02,9.990215491287762414e-03
-3.584999999999999964e+00,2.579809464527482374e-02,9.950260150862668546e-03
-3.582500000000000018e+00,2.564785579562283563e-02,9.910304810437546921e-03
-3.580000000000000071e+00,2.549898194552635555e-02,9.870349470012453053e-03
-3.577500000000000124e+00,2.535145655737859952e-02,9.830394129587359184e-03
-3.575000000000000178e+00,2.520526334415152878e-02,9.790438789162237559e-03
-3.572500000000000231e+00,2.506038626484571180e-02,9.979326597681519029e-03
-3.570000000000000284e+00,2.491680952002437929e-02,1.016821440620080223e-02
-3.567499999999999893e+00,2.477451754745391491e-02,1.035710221472021901e-02
-3.564999999999999947e+00,2.463349501782447631e-02,1.054599002323950048e-02
-3.562500000000000000e+00,2.449372683057234393e-02,1.073487783175878195e-02
-3.560000000000000053e+00,2.435519810977779601e-02,1.092376564027806515e-02
-3.557500000000000107e+00,2.421789420016096095e-02,1.111265344879734662e-02
-3.555000000000000160e+00,2.408180066314839773e-02,1.130154125731676340e-02
-3.552500000000000213e+00,2.394690327303410082e-02,1.149042906583604487e-02
-3.550000000000000266e+00,2.381318801320741335e-02,1.167931687435532807e-02
-3.547499999999999876e+00,2.368064107247098635e-02,1.204010947042374706e-02
-3.544999999999999929e+00,2.354924884142262781e-02,1.240090206649190757e-02
-3.542499999999999982e+00,2.341899790892294428e-02,1.276169466256006982e-02
-3.540000000000000036e+00,2.328987505862353813e-02,1.312248725862848880e-02
-3.537500000000000089e+00,2.316186726557840914e-02,1.348327985469665105e-02
-3.535000000000000142e+00,2.303496169291088802e-02,1.384407245076481330e-02
-3.532500000000000195e+00,2.290914568856196668e-02,1.420486504683297554e-02
-3.530000000000000249e+00,2.278440678209067705e-02,1.456565764290113779e-02
-3.527499999999999858e+00,2.266073268155222725e-02,1.492645023896955504e-02
-3.524999999999999911e+00,2.253811127042577508e-02,1.528724283503771729e-02
-3.522499999999999964e+00,2.241653060461667665e-02,1.574362379690224384e-02
-3.520000000000000018e+00,2.229597890950611380e-02,1.620000475876709478e-02
-3.517500000000000071e+00,2.217644457707136987e-02,1.665638572063162307e-02
-3.515000000000000124e+00,2.205791616305179809e-02,1.711276668249615135e-02
-3.512500000000000178e+00,2.194038238418258638e-02,1.756914764436100229e-02
-3.510000000000000231e+00,2.182383211547087032e-02,1.802552860622553058e-02
-3.507500000000000284e+00,2.170825438753820960e-02,1.848190956809005539e-02
-3.504999999999999893e+00,2.159363838400243929e-02,1.893829052995490980e-02
-3.502499999999999947e+00,2.147997343892350808e-02,1.939467149181943462e-02
-3.500000000000000000e+00,2.136724903428624187e-02,1.985105245368396290e-02
-3.497500000000000053e+00,2.125545479754550535e-02,2.031780832303364814e-02
-3.495000000000000107e+00,2.114458049920533642e-02,2.078456419238333339e-02
-3.492500000000000160e+00,2.103461605045837957e-02,2.125132006173334823e-02
-3.490000000000000213e+00,2.092555150085790433e-02,2.171807593108303347e-02
-3.487500000000000266e+00,2.081737703604748593e-02,2.218483180043271871e-02
-3.484999999999999876e+00,2.071008297552105054e-02,2.265158766978273355e-02
-3.482499999999999929e+00,2.060365977043941005e-02,2.311834353913241880e-02
-3.479999999999999982e+00,2.049809800147467734e-02,2.358509940848210404e-02
-3.477500000000000036e+00,2.039338837670961677e-02,2.405185527783211888e-02
-3.475000000000000089e+00,2.028952172956290448e-02,2.451861114718180412e-02
-3.472500000000000142e+00,2.018648901676736371e-02,2.491327814951683345e-02
-3.470000000000000195e+00,2.008428131637320438e-02,2.530794515185185931e-02
-3.467500000000000249e+00,1.998288982580162867e-02,2.570261215418688863e-02
-3.464999999999999858e+00,1.988230585992208435e-02,2.609727915652219551e-02
-3.462499999999999911e+00,1.978252084917894726e-02,2.649194615885722484e-02
-3.459999999999999964e+00,1.968352633773916976e-02,2.688661316119225070e-02
-3.457500000000000018e+00,1.958531398168886564e-02,2.728128016352755758e-02
-3.455000000000000071e+00,1.948787554724861620e-02,2.767594716586258691e-02
-3.452500000000000124e+00,1.939120290903674146e-02,2.807061416819761623e-02
-3.450000000000000178e+00,1.929528804835000180e-02,2.846528117053292312e-02
-3.447500000000000231e+00,1.920012305149006518e-02,2.871936068084903274e-02
-3.445000000000000284e+00,1.910570010810701616e-02,2.897344019116514235e-02
-3.442499999999999893e+00,1.901201150958697558e-02,2.922751970148143238e-02
-3.439999999999999947e+00,1.891904964745507942e-02,2.948159921179754200e-02
-3.437500000000000000e+00,1.882680701182208940e-02,2.973567872211364815e-02
-3.435000000000000053e+00,1.873527618984440965e-02,2.998975823242975777e-02
-3.432500000000000107e+00,1.864444986422689535e-02,3.024383774274586739e-02
-3.430000000000000160e+00,1.855432081173816194e-02,3.049791725306215742e-02
-3.427500000000000213e+00,1.846488190176663949e-02,3.075199676337826704e-02
-3.425000000000000266e+00,1.837612609488943963e-02,3.100607627369437666e-02
-3.422499999999999876e+00,1.828804644147934144e-02,3.107422434802671954e-02
-3.419999999999999929e+00,1.820063608032436789e-02,3.114237242235901731e-02
-3.417499999999999982e+00,1.811388823728516881e-02,3.121052049669131162e-02
-3.415000000000000036e+00,1.802779622396180961e-02,3.127866857102365450e-02
-3.412500000000000089e+00,1.794235343639963287e-02,3.134681664535594880e-02
-3.410000000000000142e+00,1.785755335380260697e-02,3.141496471968824311e-02
-3.407500000000000195e+00,1.777338953728441889e-02,3.148311279402054436e-02
-3.405000000000000249e+00,1.768985562862688751e-02,3.155126086835283866e-02
-3.402499999999999858e+00,1.760694534907453548e-02,3.161940894268518154e-02
-3.399999999999999911e+00,1.752465249813654410e-02,3.168755701701747585e-02
-3.397499999999999964e+00,1.744297095242279202e-02,3.155340580003293538e-02
-3.395000000000000018e+00,1.736189466448750246e-02,3.141925458304829777e-02
-3.392500000000000071e+00,1.728141766170528809e-02,3.128510336606375730e-02
-3.390000000000000124e+00,1.720153404515479753e-02,3.115095214907921337e-02
-3.387500000000000178e+00,1.712223798853359027e-02,3.101680093209457575e-02
-3.385000000000000231e+00,1.704352373707927748e-02,3.088264971511003182e-02
-3.382500000000000284e+00,1.696538560652256084e-02,3.074849849812549135e-02
-3.379999999999999893e+00,1.688781798204434109e-02,3.061434728114085374e-02
-3.377499999999999947e+00,1.681081531726458939e-02,3.048019606415630980e-02
-3.375000000000000000e+00,1.673437213323506617e-02,3.034604484717176934e-02
-3.372500000000000053e+00,1.665848301746227639e-02,3.002378741887152050e-02
-3.370000000000000107e+00,1.658314262293414387e-02,2.970152999057127513e-02
-3.367500000000000160e+00,1.650834566717625587e-02,2.937927256227079731e-02
-3.365000000000000213e+00,1.643408693131048065e-02,2.905701513397055194e-02
-3.362500000000000266e+00,1.636036125914350908e-02,2.873475770567030310e-02
-3.359999999999999876e+00,1.628716355625673892e-02,2.841250027736982528e-02
-3.357499999999999929e+00,1.621448878912564243e-02,2.809024284906957991e-02
-3.354999999999999982e+00,1.614233198423901602e-02,2.776798542076933107e-02
-3.352500000000000036e+00,1.607068822724819213e-02,2.744572799246885672e-02
-3.350000000000000089e+00,1.599955266211570623e-02,2.712347056416860788e-02
-3.347500000000000142e+00,1.592892049029220533e-02,2.665496513498623321e-02
-3.345000000000000195e+00,1.585878696989297815e-02,2.618645970580385507e-02
-3.342500000000000249e+00,1.578914741490274401e-02,2.571795427662148040e-02
-3.339999999999999858e+00,1.571999719437833232e-02,2.524944884743876919e-02
-3.337499999999999911e+00,1.565133173167997799e-02,2.478094341825639452e-02
-3.334999999999999964e+00,1.558314650369990555e-02,2.431243798907401985e-02
-3.332500000000000018e+00,1.551543704011866184e-02,2.384393255989130864e-02
-3.330000000000000071e+00,1.544819892265879985e-02,2.337542713070893396e-02
-3.327500000000000124e+00,1.538142778436549403e-02,2.290692170152655582e-02
-3.325000000000000178e+00,1.531511930888383721e-02,2.243841627234384808e-02
-3.322500000000000231e+00,1.524926922976314186e-02,2.188624147235223444e-02
-3.320000000000000284e+00,1.518387332975760194e-02,2.133406667236062426e-02
-3.317499999999999893e+00,1.511892744015262344e-02,2.078189187236861857e-02
-3.314999999999999947e+00,1.505442744008772191e-02,2.022971707237700492e-02
-3.312500000000000000e+00,1.499036925590485798e-02,1.967754227238539128e-02
-3.310000000000000053e+00,1.492674886049275701e-02,1.912536747239378110e-02
-3.307500000000000107e+00,1.486356227265603867e-02,1.857319267240216745e-02
-3.305000000000000160e+00,1.480080555648011741e-02,1.802101787241016523e-02
-3.302500000000000213e+00,1.473847482072053114e-02,1.746884307241855158e-02
-3.300000000000000266e+00,1.467656621818770775e-02,1.691666827242693794e-02
-3.297499999999999876e+00,1.461507594515613906e-02,1.635417917906167168e-02
-3.294999999999999929e+00,1.455400024076770535e-02,1.579169008569680094e-02
-3.292499999999999982e+00,1.449333538645972315e-02,1.522920099233193367e-02
-3.290000000000000036e+00,1.443307770538707416e-02,1.466671189896666741e-02
-3.287500000000000089e+00,1.437322356186837742e-02,1.410422280560179840e-02
-3.285000000000000142e+00,1.431376936082527640e-02,1.354173371223693113e-02
-3.282500000000000195e+00,1.425471154724651177e-02,1.297924461887206213e-02
-3.280000000000000249e+00,1.419604660564472570e-02,1.241675552550719486e-02
-3.277499999999999858e+00,1.413777105953664334e-02,1.185426643214192860e-02
-3.274999999999999911e+00,1.407988147091676114e-02,1.129177733877705959e-02
-3.272499999999999964e+00,1.402237443975379999e-02,1.079167103516814191e-02
-3.270000000000000018e+00,1.396524660348070351e-02,1.029156473155887035e-02
-3.267500000000000071e+00,1.390849463650614334e-02,9.791458427949952664e-03
-3.265000000000000124e+00,1.385211524971983500e-02,9.291352124341036717e-03
-3.262500000000000178e+00,1.379610519002017963e-02,8.791245820731763416e-03
-3.260000000000000231e+00,1.374046123983360852e-02,8.291139517122847469e-03
-3.257500000000000284e+00,1.368518021665647739e-02,7.791033213513929787e-03
-3.254999999999999893e+00,1.363025897259000606e-02,7.290926909904657353e-03
-3.252499999999999947e+00,1.357569439389542769e-02,6.790820606295740539e-03
-3.250000000000000000e+00,1.352148340054244030e-02,6.290714302686823724e-03
-3.247500000000000053e+00,1.346762294577916533e-02,5.913838493959266973e-03
-3.245000000000000107e+00,1.341411001569275604e-02,5.536962685231711090e-03
-3.242500000000000160e+00,1.336094162879295985e-02,5.160086876503887192e-03
-3.240000000000000213e+00,1.330811483558611528e-02,4.783211067776330441e-03
-3.237500000000000266e+00,1.325562671817067002e-02,4.406335259048774558e-03
-3.234999999999999876e+00,1.320347438982402179e-02,4.029459450320949793e-03
-3.232499999999999929e+00,1.315165499461013604e-02,3.652583641593393909e-03
-3.229999999999999982e+00,1.310016570697886303e-02,3.275707832865837593e-03
-3.227500000000000036e+00,1.304900373138474269e-02,2.898832024138013261e-03
-3.225000000000000089e+00,1.299816630189833122e-02,2.521956215410457378e-03
-3.222500000000000142e+00,1.294765068183679688e-02,2.308046308345617498e-03
-3.220000000000000195e+00,1.289745416338568089e-02,2.094136401280777618e-03
-3.217500000000000249e+00,1.284757406724127728e-02,1.880226494215937304e-03
-3.214999999999999858e+00,1.279800774224283157e-02,1.666316587150945419e-03
-3.212499999999999911e+00,1.274875256502570019e-02,1.452406680086105323e-03
-3.209999999999999964e+00,1.269980593966439295e-02,1.238496773021265443e-03
-3.207500000000000018e+00,1.265116529733574177e-02,1.024586865956273341e-03
-3.205000000000000071e+00,1.260282809597203929e-02,8.106769588914334614e-04
-3.202500000000000124e+00,1.255479181993420131e-02,5.967670518265933647e-04
-3.200000000000000178e+00,1.250705397967516452e-02,3.828571447616015882e-04
-3.197500000000000231e+00,1.245961211142230900e-02,3.445714302854468720e-04
-3.195000000000000284e+00,1.241246377685016958e-02,3.062857158092921559e-04
-3.192499999999999893e+00,1.236560656277277577e-02,2.680000013331102263e-04
-3.189999999999999947e+00,1.231903808082523630e-02,2.297142868569555102e-04
-3.187500000000000000e+00,1.227275596716484451e-02,1.914285723808007941e-04
-3.185000000000000053e+00,1.222675788216205650e-02,1.531428579046460780e-04
-3.182500000000000107e+00,1.218104151011013304e-02,1.148571434284913618e-04
-3.180000000000000160e+00,1.213560455892457451e-02,7.657142895230943224e-05
-3.177500000000000213e+00,1.209044475986144167e-02,3.828571447615471612e-05
-3.175000000000000266e+00,1.204555986722493678e-02,0.000000000000000000e+00
-3.172499999999999876e+00,1.200094765809376490e-02,1.210881677085545667e-04
-3.169999999999999929e+00,1.195660593203723594e-02,2.421763354170231020e-04
-3.167499999999999982e+00,1.191253251084953280e-02,3.632645031254916508e-04
-3.165000000000000036e+00,1.186872523827271417e-02,4.843526708340462040e-04
-3.162500000000000089e+00,1.182518197973965630e-02,6.054408385425147799e-04
-3.160000000000000142e+00,1.178190062210419248e-02,7.265290062509833016e-04
-3.157500000000000195e+00,1.173887907339133709e-02,8.476171739594518233e-04
-3.155000000000000249e+00,1.169611526253525567e-02,9.687053416679203451e-04
-3.152499999999999858e+00,1.165360713913575139e-02,1.089793509376474952e-03
-3.149999999999999911e+00,1.161135267320429973e-02,1.210881677084943474e-03
-3.147499999999999964e+00,1.156934985492719462e-02,1.464597771006872053e-03
-3.145000000000000018e+00,1.152759669441747077e-02,1.718313864928980826e-03
-3.142500000000000071e+00,1.148609122148625677e-02,1.972029958850909405e-03
-3.140000000000000124e+00,1.144483148540072909e-02,2.225746052772837984e-03
-3.137500000000000178e+00,1.140381555466131978e-02,2.479462146694946974e-03
-3.135000000000000231e+00,1.136304151676724265e-02,2.733178240616875553e-03
-3.132500000000000284e+00,1.132250747799928500e-02,2.986894334538804131e-03
-3.129999999999999893e+00,1.128221156319142784e-02,3.240610428460912254e-03
-3.127499999999999947e+00,1.124215191552065465e-02,3.494326522382840833e-03
-3.125000000000000000e+00,1.120232669628347215e-02,3.748042616304769845e-03
-3.122500000000000053e+00,1.116273408469228845e-02,4.087453692365050281e-03
-3.120000000000000107e+00,1.112337227765777120e-02,4.426864768425330283e-03
-3.117500000000000160e+00,1.108423948959078552e-02,4.766275844485851412e-03
-3.115000000000000213e+00,1.104533395219065017e-02,5.105686920546131415e-03
-3.112500000000000266e+00,1.100665391425206634e-02,5.445097996606411417e-03
-3.109999999999999876e+00,1.096819764145961530e-02,5.784509072666932546e-03
-3.107499999999999929e+00,1.092996341619964160e-02,6.123920148727212548e-03
-3.104999999999999982e+00,1.089194953735991844e-02,6.463331224787493418e-03
-3.102500000000000036e+00,1.085415432014747057e-02,6.802742300848013679e-03
-3.100000000000000089e+00,1.081657609589254353e-02,7.142153376908294549e-03
-3.097500000000000142e+00,1.077921321187194463e-02,7.509056686097291024e-03
-3.095000000000000195e+00,1.074206403111801524e-02,7.875959995286287499e-03
-3.092500000000000249e+00,1.070512693224662769e-02,8.242863304475284841e-03
-3.089999999999999858e+00,1.066840030927138430e-02,8.609766613664542392e-03
-3.087499999999999911e+00,1.063188257143620613e-02,8.976669922853538000e-03
-3.084999999999999964e+00,1.059557214303406478e-02,9.343573232042535343e-03
-3.082500000000000018e+00,1.055946746324415257e-02,9.710476541231792894e-03
-3.080000000000000071e+00,1.052356698595573181e-02,1.007737985042078850e-02
-3.077500000000000124e+00,1.048786917960932430e-02,1.044428315960978584e-02
-3.075000000000000178e+00,1.045237252702489565e-02,1.081118646879904339e-02
-3.072500000000000231e+00,1.041707552524754297e-02,1.114617796379887421e-02
-3.070000000000000284e+00,1.038197668538024497e-02,1.148116945879870503e-02
-3.067499999999999893e+00,1.034707453243327580e-02,1.181616095379877523e-02
-3.064999999999999947e+00,1.031236760516131973e-02,1.215115244879860605e-02
-3.062500000000000000e+00,1.027785445591741093e-02,1.248614394379843687e-02
-3.060000000000000053e+00,1.024353365049326427e-02,1.282113543879826768e-02
-3.057500000000000107e+00,1.020940376797770978e-02,1.315612693379809850e-02
-3.055000000000000160e+00,1.017546340060099599e-02,1.349111842879816697e-02
-3.052500000000000213e+00,1.014171115359671811e-02,1.382610992379799952e-02
-3.050000000000000266e+00,1.010814564505013551e-02,1.416110141879783034e-02
-3.047499999999999876e+00,1.007476550576425108e-02,1.441314540163684751e-02
-3.044999999999999929e+00,1.004156937911092860e-02,1.466518938447568601e-02
-3.042499999999999982e+00,1.000855592090108166e-02,1.491723336731452625e-02
-3.040000000000000036e+00,9.975723799239813797e-03,1.516927735015354342e-02
-3.037500000000000089e+00,9.943071694399377783e-03,1.542132133299238192e-02
-3.035000000000000142e+00,9.910598298678102713e-03,1.567336531583122042e-02
-3.032500000000000195e+00,9.878302316276760253e-03,1.592540929867005892e-02
-3.030000000000000249e+00,9.846182463161238727e-03,1.617745328150889741e-02
-3.027499999999999858e+00,9.814237466941797688e-03,1.642949726434791632e-02
-3.024999999999999911e+00,9.782466066738522772e-03,1.668154124718675482e-02
-3.022499999999999964e+00,9.750867013065135647e-03,1.681553920933176807e-02
-3.020000000000000018e+00,9.719439067696794207e-03,1.694953717147687500e-02
-3.017500000000000071e+00,9.688181003556771767e-03,1.708353513362188825e-02
-3.015000000000000124e+00,9.657091604588052824e-03,1.721753309576690150e-02
-3.012500000000000178e+00,9.626169665642635154e-03,1.735153105791200842e-02
-3.010000000000000231e+00,9.595413992356333077e-03,1.748552902005701820e-02
-3.007500000000000284e+00,9.564823401040917564e-03,1.761952698220203145e-02
-3.004999999999999893e+00,9.534396718561675976e-03,1.775352494434713838e-02
-3.002499999999999947e+00,9.504132782232886309e-03,1.788752290649215163e-02
-3.000000000000000000e+00,9.474030439697772588e-03,1.802152086863716487e-02
-2.997500000000000053e+00,9.444088548826902116e-03,1.802277852439863881e-02
-2.995000000000000107e+00,9.414305977601230419e-03,1.802403618016010928e-02
-2.992500000000000160e+00,9.384681604012620054e-03,1.802529383592158321e-02
-2.990000000000000213e+00,9.355214315950015000e-03,1.802655149168305368e-02
-2.987500000000000266e+00,9.325903011102512977e-03,1.802780914744452762e-02
-2.984999999999999876e+00,9.296746596847723851e-03,1.802906680320600155e-02
-2.982499999999999929e+00,9.267743990158313142e-03,1.803032445896747202e-02
-2.979999999999999982e+00,9.238894117492070859e-03,1.803158211472894595e-02
-2.977500000000000036e+00,9.210195914701079650e-03,1.803283977049041642e-02
-2.975000000000000089e+00,9.181648326924717052e-03,1.803409742625189036e-02
-2.972500000000000142e+00,9.153250308500596524e-03,1.790916526057901095e-02
-2.970000000000000195e+00,9.125000822860506594e-03,1.778423309490612808e-02
-2.967500000000000249e+00,9.096898842443607025e-03,1.765930092923324868e-02
-2.964999999999999858e+00,9.068943348594154727e-03,1.753436876356027907e-02
-2.962499999999999911e+00,9.041133331477638549e-03,1.740943659788739967e-02
-2.959999999999999964e+00,9.013467789980678796e-03,1.728450443221451679e-02
-2.957500000000000018e+00,8.985945731629181241e-03,1.715957226654155066e-02
-2.955000000000000071e+00,8.958566172490436269e-03,1.703464010086866778e-02
-2.952500000000000124e+00,8.931328137093389255e-03,1.690970793519578838e-02
-2.950000000000000178e+00,8.904230658333346995e-03,1.678477576952281877e-02
-2.947500000000000231e+00,8.877272777393769437e-03,1.655878148524644877e-02
-2.944999999999999840e+00,8.850453543653180946e-03,1.633278720097008224e-02
-2.942499999999999893e+00,8.823772014609499934e-03,1.610679291669355265e-02
-2.939999999999999947e+00,8.797227255788365660e-03,1.588079863241718265e-02
-2.937500000000000000e+00,8.770818340669759433e-03,1.565480434814081612e-02
-2.935000000000000053e+00,8.744544350598180624e-03,1.542881006386444612e-02
-2.932500000000000107e+00,8.718404374711235041e-03,1.520281577958807612e-02
-2.930000000000000160e+00,8.692397509852050480e-03,1.497682149531154826e-02
-2.927500000000000213e+00,8.666522860499315320e-03,1.475082721103517826e-02
-2.925000000000000266e+00,8.640779538681557168e-03,1.452483292675880999e-02
-2.922499999999999876e+00,8.615166663909120878e-03,1.423601512463618449e-02
-2.919999999999999929e+00,8.589683363090683255e-03,1.394719732251376368e-02
-2.917499999999999982e+00,8.564328770466608440e-03,1.365837952039134461e-02
-2.915000000000000036e+00,8.539102027526817434e-03,1.336956171826871910e-02
-2.912500000000000089e+00,8.514002282946664044e-03,1.308074391614629829e-02
-2.910000000000000142e+00,8.489028692506462789e-03,1.279192611402387922e-02
-2.907500000000000195e+00,8.464180419028452529e-03,1.250310831190145841e-02
-2.905000000000000249e+00,8.439456632298027866e-03,1.221429050977903760e-02
-2.902499999999999858e+00,8.414856509003256282e-03,1.192547270765641210e-02
-2.899999999999999911e+00,8.390379232657119157e-03,1.163665490553399302e-02
-2.897499999999999964e+00,8.366023993538290043e-03,1.132924007610798360e-02
-2.895000000000000018e+00,8.341789988615511131e-03,1.102182524668175734e-02
-2.892500000000000071e+00,8.317676421489721139e-03,1.071441041725574791e-02
-2.890000000000000124e+00,8.293682502320119665e-03,1.040699558782974023e-02
-2.887500000000000178e+00,8.269807447767752243e-03,1.009958075840351396e-02
-2.885000000000000231e+00,8.246050480922716142e-03,9.792165928977504541e-03
-2.882499999999999840e+00,8.222410831249823623e-03,9.484751099551495118e-03
-2.879999999999999893e+00,8.198887734517075823e-03,9.177336270125268855e-03
-2.877499999999999947e+00,8.175480432742512557e-03,8.869921440699261167e-03
-2.875000000000000000e+00,8.152188174124219699e-03,8.562506611273251744e-03
-2.872500000000000053e+00,8.129010212988809631e-03,8.279273112829865430e-03
-2.870000000000000107e+00,8.105945809722719247e-03,7.996039614386477382e-03
-2.867500000000000160e+00,8.082994230721932474e-03,7.712806115942889840e-03
-2.865000000000000213e+00,8.060154748324431864e-03,7.429572617499502658e-03
-2.862500000000000266e+00,8.037426640762044411e-03,7.146339119056115477e-03
-2.859999999999999876e+00,8.014809192093443058e-03,6.863105620612527068e-03
-2.857499999999999929e+00,7.992301692157508658e-03,6.579872122169139886e-03
-2.854999999999999982e+00,7.969903436507750488e-03,6.296638623725753572e-03
-2.852500000000000036e+00,7.947613726366532100e-03,6.013405125282165163e-03
-2.850000000000000089e+00,7.925431868561448601e-03,5.730171626838777982e-03
-2.847500000000000142e+00,7.903357175480490993e-03,5.505988659360847894e-03
-2.845000000000000195e+00,7.881388965009042749e-03,5.281805691882918673e-03
-2.842500000000000249e+00,7.859526560486832653e-03,5.057622724404988585e-03
-2.839999999999999858e+00,7.837769290646492623e-03,4.833439756926899769e-03
-2.837499999999999911e+00,7.816116489570900869e-03,4.609256789448969681e-03
-2.834999999999999964e+00,7.794567496633096268e-03,4.385073821971039593e-03
-2.832500000000000018e+00,7.773121656455102106e-03,4.160890854492950777e-03
-2.830000000000000071e+00,7.751778318848740780e-03,3.936707887015021556e-03
-2.827500000000000124e+00,7.730536838775487959e-03,3.712524919537091468e-03
-2.825000000000000178e+00,7.709396576288492058e-03,3.488341952059002219e-03
-2.822500000000000231e+00,7.688356896493569841e-03,3.345683603455905809e-03
-2.819999999999999840e+00,7.667417169492228568e-03,3.203025254852809398e-03
-2.817499999999999893e+00,7.646576770343806520e-03,3.060366906249611940e-03
-2.814999999999999947e+00,7.625835079009305253e-03,2.917708557646515530e-03
-2.812500000000000000e+00,7.605191480314566627e-03,2.775050209043419119e-03
-2.810000000000000053e+00,7.584645363895730491e-03,2.632391860440322709e-03
-2.807500000000000107e+00,7.564196124162923460e-03,2.489733511837226299e-03
-2.805000000000000160e+00,7.543843160246294262e-03,2.347075163234028840e-03
-2.802500000000000213e+00,7.523585875961241211e-03,2.204416814630932430e-03
-2.800000000000000266e+00,7.503423679755785898e-03,2.061758466027836020e-03
-2.797499999999999876e+00,7.483355984676040920e-03,2.008742615140054772e-03
-2.794999999999999929e+00,7.463382208314495170e-03,1.955726764252310821e-03
-2.792499999999999982e+00,7.443501772776962150e-03,1.902710913364567087e-03
-2.790000000000000036e+00,7.423714104631755177e-03,1.849695062476785622e-03
-2.787500000000000089e+00,7.404018634876936671e-03,1.796679211589041888e-03
-2.785000000000000142e+00,7.384414798890666896e-03,1.743663360701298154e-03
-2.782500000000000195e+00,7.364902036399900882e-03,1.690647509813554420e-03
-2.780000000000000249e+00,7.345479791430856858e-03,1.637631658925810686e-03
-2.777499999999999858e+00,7.326147512279067124e-03,1.584615808038029221e-03
-2.774999999999999911e+00,7.306904651460372976e-03,1.531599957150285487e-03
-2.772499999999999964e+00,7.287750665681795234e-03,1.562588433819413073e-03
-2.770000000000000018e+00,7.268685015793885720e-03,1.593576910488562776e-03
-2.767500000000000071e+00,7.249707166762090448e-03,1.624565387157690579e-03
-2.765000000000000124e+00,7.230816587619592027e-03,1.655553863826818165e-03
-2.762500000000000178e+00,7.212012751439832517e-03,1.686542340495967868e-03
-2.760000000000000231e+00,7.193295135290217988e-03,1.717530817165095671e-03
-2.757499999999999840e+00,7.174663220205493991e-03,1.748519293834223257e-03
-2.754999999999999893e+00,7.156116491141671296e-03,1.779507770503372961e-03
-2.752499999999999947e+00,7.137654436950616535e-03,1.810496247172500763e-03
-2.750000000000000000e+00,7.119276550334942451e-03,1.841484723841628349e-03
-2.747500000000000053e+00,7.100982327822726037e-03,1.939811425626060707e-03
-2.745000000000000107e+00,7.082771269723581002e-03,2.038138127410493283e-03
-2.742500000000000160e+00,7.064642880104153935e-03,2.136464829194995464e-03
-2.740000000000000213e+00,7.046596666744628715e-03,2.234791530979427822e-03
-2.737500000000000266e+00,7.028632141114969471e-03,2.333118232763860180e-03
-2.734999999999999876e+00,7.010748818332340065e-03,2.431444934548362795e-03
-2.732499999999999929e+00,6.992946217137962876e-03,2.529771636332794719e-03
-2.729999999999999982e+00,6.975223859855065635e-03,2.628098338117227512e-03
-2.727500000000000036e+00,6.957581272366873855e-03,2.726425039901729692e-03
-2.725000000000000089e+00,6.940017984074411082e-03,2.824751741686162051e-03
-2.722500000000000142e+00,6.922533527875789766e-03,2.966810310273266128e-03
-2.720000000000000195e+00,6.905127440125042801e-03,3.108868878860370204e-03
-2.717500000000000249e+00,6.887799260610873164e-03,3.250927447447474281e-03
-2.714999999999999858e+00,6.870548532517051048e-03,3.392986016034679406e-03
-2.712499999999999911e+00,6.853374802401546867e-03,3.535044584621783482e-03
-2.709999999999999964e+00,6.836277620157549424e-03,3.677103153208887559e-03
-2.707500000000000018e+00,6.819256538993254645e-03,3.819161721796092684e-03
-2.705000000000000071e+00,6.802311115393283592e-03,3.961220290383196327e-03
-2.702500000000000124e+00,6.785440909099408821e-03,4.103278858970301271e-03
-2.700000000000000178e+00,6.768645483072195310e-03,4.245337427557505962e-03
-2.697500000000000231e+00,6.751924403472808409e-03,4.405115237894551526e-03
-2.694999999999999840e+00,6.735277239624884622e-03,4.564893048231597091e-03
-2.692499999999999893e+00,6.718703563996733345e-03,4.724670858568756279e-03
-2.689999999999999947e+00,6.702202952164071532e-03,4.884448668905801844e-03
-2.687500000000000000e+00,6.685774982793202086e-03,5.044226479242847408e-03
-2.685000000000000053e+00,6.669419237603370354e-03,5.204004289579892972e-03
-2.682500000000000107e+00,6.653135301350756974e-03,5.363782099916938537e-03
-2.680000000000000160e+00,6.636922761792197860e-03,5.523559910254097725e-03
-2.677500000000000213e+00,6.620781209668883012e-03,5.683337720591143290e-03
-2.675000000000000266e+00,6.604710238670490237e-03,5.843115530928188854e-03
-2.672499999999999876e+00,6.588709445419929124e-03,5.996315843244615952e-03
-2.669999999999999929e+00,6.572778429438201619e-03,6.149516155560934630e-03
-2.667499999999999982e+00,6.556916793128693237e-03,6.302716467877252440e-03
-2.665000000000000036e+00,6.541124141743212377e-03,6.455916780193679538e-03
-2.662500000000000089e+00,6.525400083366926854e-03,6.609117092509998216e-03
-2.660000000000000142e+00,6.509744228884329492e-03,6.762317404826316027e-03
-2.657500000000000195e+00,6.494156191965178189e-03,6.915517717142634704e-03
-2.655000000000000249e+00,6.478635589030770289e-03,7.068718029458952515e-03
-2.652499999999999858e+00,6.463182039240221791e-03,7.221918341775379613e-03
-2.649999999999999911e+00,6.447795164457278613e-03,7.375118654091698291e-03
-2.647499999999999964e+00,6.432474589237333062e-03,7.502232393258314973e-03
-2.645000000000000018e+00,6.417219940794186527e-03,7.629346132425020993e-03
-2.642500000000000071e+00,6.402030848987910749e-03,7.756459871591637675e-03
-2.640000000000000124e+00,6.386906946292156967e-03,7.883573610758254357e-03
-2.637500000000000178e+00,6.371847867782015444e-03,8.010687349924961245e-03
-2.635000000000000231e+00,6.356853251102054063e-03,8.137801089091577927e-03
-2.632499999999999840e+00,6.341922736454587255e-03,8.264914828258192875e-03
-2.629999999999999893e+00,6.327055966568256688e-03,8.392028567424899763e-03
-2.627499999999999947e+00,6.312252586686536125e-03,8.519142306591516445e-03
-2.625000000000000000e+00,6.297512244536647777e-03,8.646256045758133127e-03
-2.622500000000000053e+00,6.282834590318809621e-03,8.734260147030981775e-03
-2.620000000000000107e+00,6.268219276675333039e-03,8.822264248303830422e-03
-2.617500000000000160e+00,6.253665958680402689e-03,8.910268349576741520e-03
-2.615000000000000213e+00,6.239174293809379712e-03,8.998272450849590168e-03
-2.612500000000000266e+00,6.224743941929077734e-03,9.086276552122438815e-03
-2.609999999999999876e+00,6.210374565267704448e-03,9.174280653395351648e-03
-2.607499999999999929e+00,6.196065828405242573e-03,9.262284754668200296e-03
-2.604999999999999982e+00,6.181817398243621281e-03,9.350288855941048943e-03
-2.602500000000000036e+00,6.167628943997859568e-03,9.438292957213960041e-03
-2.600000000000000089e+00,6.153500137166693050e-03,9.526297058486808689e-03
-2.597500000000000142e+00,6.139430651523611511e-03,9.568985230304491094e-03
-2.595000000000000195e+00,6.125420163087959280e-03,9.611673402122175233e-03
-2.592500000000000249e+00,6.111468350116657129e-03,9.654361573939857638e-03
-2.589999999999999858e+00,6.097574893075611430e-03,9.697049745757571268e-03
-2.587499999999999911e+00,6.083739474631526256e-03,9.739737917575255408e-03
-2.584999999999999964e+00,6.069961779623623058e-03,9.782426089392937812e-03
-2.582500000000000018e+00,6.056241495056165734e-03,9.825114261210651442e-03
-2.580000000000000071e+00,6.042578310070306075e-03,9.867802433028335582e-03
-2.577500000000000124e+00,6.028971915937112770e-03,9.910490604846017987e-03
-2.575000000000000178e+00,6.015422006029611142e-03,9.953178776663731617e-03
-2.572500000000000231e+00,6.001928275815769653e-03,9.950398049529291314e-03
-2.569999999999999840e+00,5.988490422831536236e-03,9.947617322394851011e-03
-2.567499999999999893e+00,5.975108146674146595e-03,9.944836595260407239e-03
-2.564999999999999947e+00,5.961781148974818791e-03,9.942055868125966936e-03
-2.562500000000000000e+00,5.948509133392795335e-03,9.939275140991526633e-03
-2.560000000000000053e+00,5.935291805588476660e-03,9.936494413857086330e-03
-2.557500000000000107e+00,5.922128873217620201e-03,9.933713686722646027e-03
-2.555000000000000160e+00,5.909020045904765303e-03,9.930932959588202255e-03
-2.552500000000000213e+00,5.895965035237595367e-03,9.928152232453761952e-03
-2.550000000000000266e+00,5.882963554741119962e-03,9.925371505319321649e-03
-2.547499999999999876e+00,5.870015319871951971e-03,9.881594132994799690e-03
-2.544999999999999929e+00,5.857120047992665779e-03,9.837816760670310690e-03
-2.542499999999999982e+00,5.844277458366986013e-03,9.794039388345819955e-03
-2.540000000000000036e+00,5.831487272133634853e-03,9.750262016021297995e-03
-2.537500000000000089e+00,5.818749212302266709e-03,9.706484643696808995e-03
-2.535000000000000142e+00,5.806063003727963447e-03,9.662707271372318260e-03
-2.532500000000000195e+00,5.793428373106631300e-03,9.618929899047827525e-03
-2.530000000000000249e+00,5.780845048950084171e-03,9.575152526723336791e-03
-2.527499999999999858e+00,5.768312761582052896e-03,9.531375154398816565e-03
-2.524999999999999911e+00,5.755831243113181811e-03,9.487597782074325831e-03
-2.522499999999999964e+00,5.743400227437466497e-03,9.410286835582802947e-03
-2.520000000000000018e+00,5.731019450207301517e-03,9.332975889091226288e-03
-2.517500000000000071e+00,5.718688648830514039e-03,9.255664942599703404e-03
-2.515000000000000124e+00,5.706407562445533869e-03,9.178353996108180521e-03
-2.512500000000000178e+00,5.694175931918371569e-03,9.101043049616603861e-03
-2.510000000000000231e+00,5.681993499818478906e-03,9.023732103125080978e-03
-2.507499999999999840e+00,5.669860010416037481e-03,8.946421156633558094e-03
-2.504999999999999893e+00,5.657775209657453161e-03,8.869110210141981435e-03
-2.502499999999999947e+00,5.645738845163401042e-03,8.791799263650458551e-03
-2.500000000000000000e+00,5.633750666204658149e-03,8.714488317158935668e-03
-2.497500000000000053e+00,5.621810423700118915e-03,8.612633466830131590e-03
-2.495000000000000107e+00,5.609917870192759719e-03,8.510778616501329247e-03
-2.492500000000000160e+00,5.598072759848095846e-03,8.408923766172452310e-03
-2.490000000000000213e+00,5.586274848430474761e-03,8.307068915843649967e-03
-2.487500000000000266e+00,5.574523893301552152e-03,8.205214065514845889e-03
-2.484999999999999876e+00,5.562819653396890510e-03,8.103359215185970688e-03
-2.482499999999999929e+00,5.551161889224684974e-03,8.001504364857166610e-03
-2.479999999999999982e+00,5.539550362842729676e-03,7.899649514528362532e-03
-2.477500000000000036e+00,5.527984837856886845e-03,7.797794664199487330e-03
-2.475000000000000089e+00,5.516465079398781730e-03,7.695939813870684119e-03
-2.472500000000000142e+00,5.504990854124400951e-03,7.578987838353219014e-03
-2.470000000000000195e+00,5.493561930191556697e-03,7.462035862835753909e-03
-2.467500000000000249e+00,5.482178077259498156e-03,7.345083887318288804e-03
-2.464999999999999858e+00,5.470839066465810197e-03,7.228131911800740432e-03
-2.462499999999999911e+00,5.459544670426631947e-03,7.111179936283275327e-03
-2.459999999999999964e+00,5.448294663213716811e-03,6.994227960765811089e-03
-2.457500000000000018e+00,5.437088820354727368e-03,6.877275985248262717e-03
-2.455000000000000071e+00,5.425926918810855711e-03,6.760324009730797612e-03
-2.452500000000000124e+00,5.414808736976765326e-03,6.643372034213332507e-03
-2.450000000000000178e+00,5.403734054658741390e-03,6.526420058695784135e-03
-2.447500000000000231e+00,5.392702653075057660e-03,6.403652986307931290e-03
-2.444999999999999840e+00,5.381714314833721709e-03,6.280885913920077578e-03
-2.442499999999999893e+00,5.370768823933392590e-03,6.158118841532137129e-03
-2.439999999999999947e+00,5.359865965741623071e-03,6.035351769144284284e-03
-2.437500000000000000e+00,5.349005526995370512e-03,5.912584696756430572e-03
-2.435000000000000053e+00,5.338187295779594707e-03,5.789817624368576859e-03
-2.432500000000000107e+00,5.327411061528290054e-03,5.667050551980724014e-03
-2.430000000000000160e+00,5.316676615002804973e-03,5.544283479592783566e-03
-2.427500000000000213e+00,5.305983748293482960e-03,5.421516407204930721e-03
-2.425000000000000266e+00,5.295332254797767771e-03,5.298749334817077009e-03
-2.422499999999999876e+00,5.284721929222232183e-03,5.179018178983511682e-03
-2.419999999999999929e+00,5.274152567560928644e-03,5.059287023150030489e-03
-2.417499999999999982e+00,5.263623967097470942e-03,4.939555867316550164e-03
-2.415000000000000036e+00,5.253135926383483735e-03,4.819824711482984837e-03
-2.412500000000000089e+00,5.242688245240910601e-03,4.700093555649504512e-03
-2.410000000000000142e+00,5.232280724740909390e-03,4.580362399816023319e-03
-2.407500000000000195e+00,5.221913167205922621e-03,4.460631243982542994e-03
-2.405000000000000249e+00,5.211585376188864263e-03,4.340900088149062669e-03
-2.402499999999999858e+00,5.201297156475517131e-03,4.221168932315496475e-03
-2.399999999999999911e+00,5.191048314063647674e-03,4.101437776482016150e-03
-2.397499999999999964e+00,5.180838656165708683e-03,3.993073302089074871e-03
-2.395000000000000018e+00,5.170667991188163115e-03,3.884708827696055963e-03
-2.392500000000000071e+00,5.160536128734128682e-03,3.776344353303114250e-03
-2.390000000000000124e+00,5.150442879582957552e-03,3.667979878910172537e-03
-2.387500000000000178e+00,5.140388055693365793e-03,3.559615404517153629e-03
-2.385000000000000231e+00,5.130371470182429339e-03,3.451250930124211917e-03
-2.382499999999999840e+00,5.120392937329542628e-03,3.342886455731270204e-03
-2.379999999999999893e+00,5.110452272555385082e-03,3.234521981338251730e-03
-2.377499999999999947e+00,5.100549292425803419e-03,3.126157506945310017e-03
-2.375000000000000000e+00,5.090683814631245634e-03,3.017793032552368304e-03
-2.372500000000000053e+00,5.080855657990359688e-03,2.928498847379481986e-03
-2.370000000000000107e+00,5.071064642430072808e-03,2.839204662206596102e-03
-2.367500000000000160e+00,5.061310588989102570e-03,2.749910477033646466e-03
-2.365000000000000213e+00,5.051593319798036198e-03,2.660616291860760148e-03
-2.362500000000000266e+00,5.041912658083184257e-03,2.571322106687874264e-03
-2.359999999999999876e+00,5.032268428146731941e-03,2.482027921514924629e-03
-2.357499999999999929e+00,5.022660455370715933e-03,2.392733736342038311e-03
-2.354999999999999982e+00,5.013088566197369117e-03,2.303439551169152427e-03
-2.352500000000000036e+00,5.003552588133190239e-03,2.214145365996202791e-03
-2.350000000000000089e+00,4.994052349729131632e-03,2.124851180823316473e-03
-2.347500000000000142e+00,4.984587680585631647e-03,2.061431426245078583e-03
-2.345000000000000195e+00,4.975158411332078999e-03,1.998011671666840693e-03
-2.342500000000000249e+00,4.965764373632019536e-03,1.934591917088602803e-03
-2.339999999999999858e+00,4.956405400163404681e-03,1.871172162510319811e-03
-2.337499999999999911e+00,4.947081324623477279e-03,1.807752407932081704e-03
-2.334999999999999964e+00,4.937791981709144067e-03,1.744332653353843814e-03
-2.332500000000000018e+00,4.928537207121944791e-03,1.680912898775560821e-03
-2.330000000000000071e+00,4.919316837548664938e-03,1.617493144197322931e-03
-2.327500000000000124e+00,4.910130710666569392e-03,1.554073389619085041e-03
-2.325000000000000178e+00,4.900978665123842566e-03,1.490653635040802049e-03
-2.322500000000000231e+00,4.891860540545059713e-03,1.458516164407293314e-03
-2.319999999999999840e+00,4.882776177511803130e-03,1.426378693773784579e-03
-2.317499999999999893e+00,4.873725417568230620e-03,1.394241223140253077e-03
-2.314999999999999947e+00,4.864708103201646587e-03,1.362103752506744342e-03
-2.312500000000000000e+00,4.855724077848479897e-03,1.329966281873235824e-03
-2.310000000000000053e+00,4.846773185874681499e-03,1.297828811239727089e-03
-2.307500000000000107e+00,4.837855272582025808e-03,1.265691340606218355e-03
-2.305000000000000160e+00,4.828970184188513537e-03,1.233553869972686852e-03
-2.302500000000000213e+00,4.820117767834797978e-03,1.201416399339178117e-03
-2.300000000000000266e+00,4.811297871564655486e-03,1.169278928705669383e-03
-2.297499999999999876e+00,4.802510344331599110e-03,1.171756801521691826e-03
-2.294999999999999929e+00,4.793755035979587603e-03,1.174234674337712534e-03
-2.292499999999999982e+00,4.785031797249328540e-03,1.176712547153733026e-03
-2.290000000000000036e+00,4.776340479759373300e-03,1.179190419969755469e-03
-2.287500000000000089e+00,4.767680936012723761e-03,1.181668292785776177e-03
-2.285000000000000142e+00,4.759053019377667074e-03,1.184146165601796885e-03
-2.282500000000000195e+00,4.750456584094606138e-03,1.186624038417817594e-03
-2.280000000000000249e+00,4.741891485256973307e-03,1.189101911233838085e-03
-2.277499999999999858e+00,4.733357578818289842e-03,1.191579784049860528e-03
-2.274999999999999911e+00,4.724854721573183702e-03,1.194057656865881237e-03
-2.272499999999999964e+00,4.716382771164305023e-03,1.231679542601139214e-03
-2.270000000000000018e+00,4.707941586063409817e-03,1.269301428336424079e-03
-2.267500000000000071e+00,4.699531025579014448e-03,1.306923314071682055e-03
-2.265000000000000124e+00,4.691150949836846162e-03,1.344545199806940032e-03
-2.262500000000000178e+00,4.682801219787745620e-03,1.382167085542224680e-03
-2.260000000000000231e+00,4.674481697188552845e-03,1.419788971277482657e-03
-2.257499999999999840e+00,4.666192244609851901e-03,1.457410857012740851e-03
-2.254999999999999893e+00,4.657932725417047656e-03,1.495032742748025499e-03
-2.252499999999999947e+00,4.649703003777727085e-03,1.532654628483283476e-03
-2.250000000000000000e+00,4.641502944643488907e-03,1.570276514218541452e-03
-2.247500000000000053e+00,4.633332413757369934e-03,1.640169526912841833e-03
-2.245000000000000107e+00,4.625191277635293946e-03,1.710062539607142213e-03
-2.242500000000000160e+00,4.617079403573784262e-03,1.779955552301492033e-03
-2.240000000000000213e+00,4.608996659631565268e-03,1.849848564995792413e-03
-2.237500000000000266e+00,4.600942914637389490e-03,1.919741577690092793e-03
-2.234999999999999876e+00,4.592918038171607889e-03,1.989634590384442830e-03
-2.232499999999999929e+00,4.584921900574351686e-03,2.059527603078742993e-03
-2.229999999999999982e+00,4.576954372926478158e-03,2.129420615773043590e-03
-2.227500000000000036e+00,4.569015327058906922e-03,2.199313628467393193e-03
-2.225000000000000089e+00,4.561104635532961180e-03,2.269206641161693790e-03
-2.222500000000000142e+00,4.553222171649439452e-03,2.364822714116106023e-03
-2.220000000000000195e+00,4.545367809429987256e-03,2.460438787070517823e-03
-2.217500000000000249e+00,4.537541423625683114e-03,2.556054860024930056e-03
-2.214999999999999858e+00,4.529742889698478749e-03,2.651670932979409943e-03
-2.212499999999999911e+00,4.521972083829924743e-03,2.747287005933822177e-03
-2.209999999999999964e+00,4.514228882902673184e-03,2.842903078888233976e-03
-2.207500000000000018e+00,4.506513164509559806e-03,2.938519151842714297e-03
-2.205000000000000071e+00,4.498824806934967856e-03,3.034135224797126097e-03
-2.202500000000000124e+00,4.491163689163570234e-03,3.129751297751538330e-03
-2.200000000000000178e+00,4.483529690862479190e-03,3.225367370706018217e-03
-2.197500000000000231e+00,4.475922692389690954e-03,3.336686604019679057e-03
-2.194999999999999840e+00,4.468342574776366406e-03,3.448005837333339464e-03
-2.192499999999999893e+00,4.460789219735538519e-03,3.559325070647079235e-03
-2.189999999999999947e+00,4.453262509643749444e-03,3.670644303960740075e-03
-2.187500000000000000e+00,4.445762327550935832e-03,3.781963537274400482e-03
-2.185000000000000053e+00,4.438288557161405856e-03,3.893282770588061322e-03
-2.182500000000000107e+00,4.430841082843744484e-03,4.004602003901722163e-03
-2.180000000000000160e+00,4.423419789612151320e-03,4.115921237215461499e-03
-2.177500000000000213e+00,4.416024563136579199e-03,4.227240470529122773e-03
-2.175000000000000266e+00,4.408655289723695594e-03,4.338559703842783180e-03
-2.172499999999999876e+00,4.401311856327178203e-03,4.452849897479395531e-03
-2.169999999999999929e+00,4.393994150528924419e-03,4.567140091115926351e-03
-2.167499999999999982e+00,4.386702060549425852e-03,4.681430284752457170e-03
-2.165000000000000036e+00,4.379435475229137391e-03,4.795720478389069522e-03
-2.162500000000000089e+00,4.372194284038440591e-03,4.910010672025600341e-03
-2.160000000000000142e+00,4.364978377059357088e-03,5.024300865662131160e-03
-2.157500000000000195e+00,4.357787644995748770e-03,5.138591059298662847e-03
-2.155000000000000249e+00,4.350621979155063282e-03,5.252881252935193666e-03
-2.152499999999999858e+00,4.343481271458265319e-03,5.367171446571806018e-03
-2.149999999999999911e+00,4.336365414421765145e-03,5.481461640208336837e-03
-2.147499999999999964e+00,4.329274301167950097e-03,5.584576649871218421e-03
-2.145000000000000018e+00,4.322207825406296916e-03,5.687691659534173730e-03
-2.142500000000000071e+00,4.315165881444560717e-03,5.790806669197056181e-03
-2.140000000000000124e+00,4.308148364169859558e-03,5.893921678859937764e-03
-2.137500000000000178e+00,4.301155169059678665e-03,5.997036688522893073e-03
-2.135000000000000231e+00,4.294186192163503175e-03,6.100151698185775524e-03
-2.132499999999999840e+00,4.287241330113195255e-03,6.203266707848657108e-03
-2.129999999999999893e+00,4.280320480105160273e-03,6.306381717511612417e-03
-2.127499999999999947e+00,4.273423539910850555e-03,6.409496727174494868e-03
-2.125000000000000000e+00,4.266550407858658335e-03,6.512611736837376451e-03
-2.122500000000000053e+00,4.259700982844860130e-03,6.590708755158131149e-03
-2.120000000000000107e+00,4.252875164314986675e-03,6.668805773478884980e-03
-2.117500000000000160e+00,4.246072852275273833e-03,6.746902791799695188e-03
-2.115000000000000213e+00,4.239293947274365600e-03,6.824999810120449019e-03
-2.112499999999999822e+00,4.232538350414052040e-03,6.903096828441203717e-03
-2.109999999999999876e+00,4.225805963331268067e-03,6.981193846762013926e-03
-2.107499999999999929e+00,4.219096688209629346e-03,7.059290865082767756e-03
-2.104999999999999982e+00,4.212410427760609685e-03,7.137387883403522454e-03
-2.102500000000000036e+00,4.205747085235326740e-03,7.215484901724331795e-03
-2.100000000000000089e+00,4.199106564405765372e-03,7.293581920045086493e-03
-2.097500000000000142e+00,4.192488769576931118e-03,7.335045397885773047e-03
-2.095000000000000195e+00,4.185893605567977266e-03,7.376508875726459601e-03
-2.092500000000000249e+00,4.179320977724297614e-03,7.417972353567146154e-03
-2.089999999999999858e+00,4.172770791898343899e-03,7.459435831407862198e-03
-2.087499999999999911e+00,4.166242954462661373e-03,7.500899309248548752e-03
-2.084999999999999964e+00,4.159737372290305511e-03,7.542362787089234438e-03
-2.082500000000000018e+00,4.153253952767367585e-03,7.583826264929950482e-03
-2.080000000000000071e+00,4.146792603774444343e-03,7.625289742770637036e-03
-2.077500000000000124e+00,4.140353233698510459e-03,7.666753220611323590e-03
-2.075000000000000178e+00,4.133935751414838378e-03,7.708216698452039634e-03
-2.072500000000000231e+00,4.127540066298628768e-03,7.705508717426726335e-03
-2.069999999999999840e+00,4.121166088206760364e-03,7.702800736401413037e-03
-2.067499999999999893e+00,4.114813727490462987e-03,7.700092755376098004e-03
-2.064999999999999947e+00,4.108482894976076862e-03,7.697384774350784706e-03
-2.062500000000000000e+00,4.102173501977955487e-03,7.694676793325472275e-03
-2.060000000000000053e+00,4.095885460279754912e-03,7.691968812300158977e-03
-2.057500000000000107e+00,4.089618682147136246e-03,7.689260831274845678e-03
-2.055000000000000160e+00,4.083373080308806864e-03,7.686552850249530645e-03
-2.052500000000000213e+00,4.077148567969602830e-03,7.683844869224217347e-03
-2.049999999999999822e+00,4.070945058791459840e-03,7.681136888198904049e-03
-2.047499999999999876e+00,4.064762466906584985e-03,7.632262168106591048e-03
-2.044999999999999929e+00,4.058600706898585556e-03,7.583387448014312741e-03
-2.042499999999999982e+00,4.052459693815409214e-03,7.534512727922035302e-03
-2.040000000000000036e+00,4.046339343150490153e-03,7.485638007829722301e-03
-2.037500000000000089e+00,4.040239570856119476e-03,7.436763287737443995e-03
-2.035000000000000142e+00,4.034160293324672887e-03,7.387888567645165688e-03
-2.032500000000000195e+00,4.028101427401140598e-03,7.339013847552887382e-03
-2.030000000000000249e+00,4.022062890365183351e-03,7.290139127460609943e-03
-2.027499999999999858e+00,4.016044599944068247e-03,7.241264407368296942e-03
-2.024999999999999911e+00,4.010046474293599804e-03,7.192389687276018635e-03
-2.022499999999999964e+00,4.004068432012061925e-03,7.101676631181524056e-03
-2.020000000000000018e+00,3.998110392120653687e-03,7.010963575086965292e-03
-2.017500000000000071e+00,3.992172274077867601e-03,6.920250518992471581e-03
-2.015000000000000124e+00,3.986253997760004324e-03,6.829537462897977002e-03
-2.012500000000000178e+00,3.980355483474640188e-03,6.738824406803418238e-03
-2.010000000000000231e+00,3.974476651942347553e-03,6.648111350708924526e-03
-2.007499999999999840e+00,3.968617424309832734e-03,6.557398294614429947e-03
-2.004999999999999893e+00,3.962777722131534917e-03,6.466685238519871183e-03
-2.002499999999999947e+00,3.956957467382902875e-03,6.375972182425377471e-03
-2.000000000000000000e+00,3.951156582441777906e-03,6.285259126330882892e-03
-1.997500000000000053e+00,3.945374990102212646e-03,6.163220625556077928e-03
-1.995000000000000107e+00,3.939612613555635440e-03,6.041182124781273831e-03
-1.992499999999999938e+00,3.933869376404473123e-03,5.919143624006382998e-03
-1.989999999999999991e+00,3.928145202643629381e-03,5.797105123231578033e-03
-1.987500000000000044e+00,3.922440016674191669e-03,5.675066622456773069e-03
-1.985000000000000098e+00,3.916753743284841910e-03,5.553028121681882236e-03
-1.982500000000000151e+00,3.911086307665627600e-03,5.430989620907078139e-03
-1.979999999999999982e+00,3.905437635388915411e-03,5.308951120132273174e-03
-1.977500000000000036e+00,3.899807652424302010e-03,5.186912619357381474e-03
-1.975000000000000089e+00,3.894196285118783126e-03,5.064874118582577377e-03
-1.972500000000000142e+00,3.888603460211607129e-03,4.927021599597225347e-03
-1.969999999999999973e+00,3.883029104814775430e-03,4.789169080611872450e-03
-1.967500000000000027e+00,3.877473146428221315e-03,4.651316561626422409e-03
-1.965000000000000080e+00,3.871935512919903559e-03,4.513464042641070380e-03
-1.962500000000000133e+00,3.866416132540794436e-03,4.375611523655717483e-03
-1.959999999999999964e+00,3.860914933905877124e-03,4.237759004670365454e-03
-1.957500000000000018e+00,3.855431846008225590e-03,4.099906485684915412e-03
-1.955000000000000071e+00,3.849966798200565345e-03,3.962053966699562516e-03
-1.952500000000000124e+00,3.844519720209437028e-03,3.824201447714210486e-03
-1.949999999999999956e+00,3.839090542116301800e-03,3.686348928728760445e-03
-1.947500000000000009e+00,3.833679194372400980e-03,3.550981094178775818e-03
-1.945000000000000062e+00,3.828285607779257325e-03,3.415613259628791192e-03
-1.942500000000000115e+00,3.822909713504094985e-03,3.280245425078806565e-03
-1.939999999999999947e+00,3.817551443059993832e-03,3.144877590528725661e-03
-1.937500000000000000e+00,3.812210728321256074e-03,3.009509755978741034e-03
-1.935000000000000053e+00,3.806887501504339910e-03,2.874141921428755974e-03
-1.932500000000000107e+00,3.801581695182514910e-03,2.738774086878771347e-03
-1.929999999999999938e+00,3.796293242266616987e-03,2.603406252328690877e-03
-1.927499999999999991e+00,3.791022076020666119e-03,2.468038417778705817e-03
-1.925000000000000044e+00,3.785768130042031082e-03,2.332670583228721190e-03
-1.922500000000000098e+00,3.780531338277119593e-03,2.217826805975316000e-03
-1.919999999999999929e+00,3.775311635001676620e-03,2.102983028721992342e-03
-1.917499999999999982e+00,3.770108954836339649e-03,1.988139251468668683e-03
-1.915000000000000036e+00,3.764923232727369808e-03,1.873295474215263060e-03
-1.912500000000000089e+00,3.759754403961731821e-03,1.758451696961939401e-03
-1.910000000000000142e+00,3.754602404147895818e-03,1.643607919708615743e-03
-1.907499999999999973e+00,3.749467169231677968e-03,1.528764142455292085e-03
-1.905000000000000027e+00,3.744348635476121585e-03,1.413920365201886678e-03
-1.902500000000000080e+00,3.739246739477901111e-03,1.299076587948563019e-03
-1.900000000000000133e+00,3.734161418146918730e-03,1.184232810695239361e-03
-1.897499999999999964e+00,3.729092608723066568e-03,1.104164854228869641e-03
-1.895000000000000018e+00,3.724040248755871012e-03,1.024096897762442893e-03
-1.892500000000000071e+00,3.719004276120729726e-03,9.440289412960732813e-04
-1.890000000000000124e+00,3.713984628999018271e-03,8.639609848297035615e-04
-1.887499999999999956e+00,3.708981245894565643e-03,7.838930283632769211e-04
-1.885000000000000009e+00,3.703994065613433039e-03,7.038250718969072013e-04
-1.882500000000000062e+00,3.699023027280330406e-03,6.237571154305374815e-04
-1.880000000000000115e+00,3.694068070318559140e-03,5.436891589641677618e-04
-1.877499999999999947e+00,3.689129134466781652e-03,4.636212024977411214e-04
-1.875000000000000000e+00,3.684206159758492659e-03,3.835532460313712932e-04
-1.872500000000000053e+00,3.679299086538951810e-03,3.451979214282423496e-04
-1.870000000000000107e+00,3.674407855444726100e-03,3.068425968251134060e-04
-1.867499999999999938e+00,3.669532407420877072e-03,2.684872722219571947e-04
-1.864999999999999991e+00,3.664672683700265568e-03,2.301319476188282240e-04
-1.862500000000000044e+00,3.659828625820647861e-03,1.917766230156992804e-04
-1.860000000000000098e+00,3.655000175604148673e-03,1.534212984125430692e-04
-1.857499999999999929e+00,3.650187275174573715e-03,1.150659738094140985e-04
-1.854999999999999982e+00,3.645389866936632039e-03,7.671064920628515487e-05
-1.852500000000000036e+00,3.640607893593445898e-03,3.835532460312894359e-05
-1.850000000000000089e+00,3.635841298125602663e-03,0.000000000000000000e+00
-1.847500000000000142e+00,3.631090023808832955e-03,0.000000000000000000e+00
-1.844999999999999973e+00,3.626354014193210878e-03,0.000000000000000000e+00
-1.842500000000000027e+00,3.621633213120547656e-03,0.000000000000000000e+00
-1.840000000000000080e+00,3.616927564703695946e-03,0.000000000000000000e+00
-1.837500000000000133e+00,3.612237013344285225e-03,0.000000000000000000e+00
-1.834999999999999964e+00,3.607561503711612799e-03,0.000000000000000000e+00
-1.832500000000000018e+00,3.602900980760731769e-03,0.000000000000000000e+00
-1.830000000000000071e+00,3.598255389711137783e-03,0.000000000000000000e+00
-1.827500000000000124e+00,3.593624676064821871e-03,0.000000000000000000e+00
-1.824999999999999956e+00,3.589008785585289830e-03,0.000000000000000000e+00
-1.822500000000000009e+00,3.584407664315731722e-03,4.831621206511498983e-05
-1.820000000000000062e+00,3.579821258557322645e-03,9.663242413022997965e-05
-1.817500000000000115e+00,3.575249514887998518e-03,1.449486361953449627e-04
-1.814999999999999947e+00,3.570692380140982804e-03,1.932648482604943014e-04
-1.812500000000000000e+00,3.566149801422941260e-03,2.415810603256092709e-04
-1.810000000000000053e+00,3.561621726092931497e-03,2.898972723907242946e-04
-1.807500000000000107e+00,3.557108101780637969e-03,3.382134844558392370e-04
-1.804999999999999938e+00,3.552608876365026622e-03,3.865296965209886028e-04
-1.802499999999999991e+00,3.548123997992968029e-03,4.348459085861035452e-04
-1.800000000000000044e+00,3.543653415057625329e-03,4.831621206512185960e-04
-1.797500000000000098e+00,3.539197076217134603e-03,5.795537579868406241e-04
-1.794999999999999929e+00,3.534754930373259097e-03,6.759453953223942390e-04
-1.792499999999999982e+00,3.530326926689773825e-03,7.723370326579477455e-04
-1.790000000000000036e+00,3.525913014571182679e-03,8.687286699935697735e-04
-1.787500000000000089e+00,3.521513143681421782e-03,9.651203073291233885e-04
-1.785000000000000142e+00,3.517127263922403997e-03,1.061511944664677003e-03
-1.782499999999999973e+00,3.512755325452576131e-03,1.157903582000230618e-03
-1.780000000000000027e+00,3.508397278665485557e-03,1.254295219335852538e-03
-1.777500000000000080e+00,3.504053074208965824e-03,1.350686856671405936e-03
-1.775000000000000133e+00,3.499722662962930896e-03,1.447078494006959551e-03
-1.772499999999999964e+00,3.495405996058856962e-03,1.579929342555661236e-03
-1.770000000000000018e+00,3.491103024857783975e-03,1.712780191104457464e-03
-1.767500000000000071e+00,3.486813700969561107e-03,1.845631039653159149e-03
-1.765000000000000124e+00,3.482537976231233831e-03,1.978481888201860835e-03
-1.762499999999999956e+00,3.478275802725990136e-03,2.111332736750657062e-03
-1.760000000000000009e+00,3.474027132761165967e-03,2.244183585299358748e-03
-1.757500000000000062e+00,3.469791918888315112e-03,2.377034433848060433e-03
-1.755000000000000115e+00,3.465570113880387174e-03,2.509885282396762118e-03
-1.752499999999999947e+00,3.461361670751706386e-03,2.642736130945558346e-03
-1.750000000000000000e+00,3.457166542735652659e-03,2.775586979494260031e-03
-1.747500000000000053e+00,3.452984683304881515e-03,2.924766979963236511e-03
-1.745000000000000107e+00,3.448816046148230150e-03,3.073946980432212556e-03
-1.742499999999999938e+00,3.444660585191265667e-03,3.223126980901294854e-03
-1.739999999999999991e+00,3.440518254573547187e-03,3.372306981370271333e-03
-1.737500000000000044e+00,3.436389008668874409e-03,3.521486981839247812e-03
-1.735000000000000098e+00,3.432272802062436099e-03,3.670666982308330110e-03
-1.732499999999999929e+00,3.428169589571647587e-03,3.819846982777306589e-03
-1.729999999999999982e+00,3.424079326222588451e-03,3.969026983246282635e-03
-1.727500000000000036e+00,3.420001967271197804e-03,4.118206983715365366e-03
-1.725000000000000089e+00,3.415937468180243238e-03,4.267386984184341411e-03
-1.722500000000000142e+00,3.411885784639509967e-03,4.408370222127800525e-03
-1.719999999999999973e+00,3.407846872543063808e-03,4.549353460071260506e-03
-1.717500000000000027e+00,3.403820688010331542e-03,4.690336698014820234e-03
-1.715000000000000080e+00,3.399807187362889876e-03,4.831319935958279348e-03
-1.712500000000000133e+00,3.395806327144477218e-03,4.972303173901738461e-03
-1.709999999999999964e+00,3.391818064099029473e-03,5.113286411845198443e-03
-1.707500000000000018e+00,3.387842355191458561e-03,5.254269649788758170e-03
-1.705000000000000071e+00,3.383879157583261771e-03,5.395252887732217284e-03
-1.702500000000000124e+00,3.379928428655256615e-03,5.536236125675676398e-03
-1.699999999999999956e+00,3.375990125982951222e-03,5.677219363619236125e-03
-1.697500000000000009e+00,3.372064207358683313e-03,5.785855247708537180e-03
-1.695000000000000062e+00,3.368150630767115933e-03,5.894491131797838235e-03
-1.692500000000000115e+00,3.364249354408202584e-03,6.003127015887139289e-03
-1.689999999999999947e+00,3.360360336671673782e-03,6.111762899976517539e-03
-1.687500000000000000e+00,3.356483536160124494e-03,6.220398784065817727e-03
-1.685000000000000053e+00,3.352618911664740579e-03,6.329034668155118781e-03
-1.682500000000000107e+00,3.348766422186910414e-03,6.437670552244419836e-03
-1.679999999999999938e+00,3.344926026914184659e-03,6.546306436333798086e-03
-1.677499999999999991e+00,3.341097685242835468e-03,6.654942320423099140e-03
-1.675000000000000044e+00,3.337281356753638017e-03,6.763578204512400195e-03
-1.672500000000000098e+00,3.333477001232954765e-03,6.820750106932478053e-03
-1.669999999999999929e+00,3.329684578649990193e-03,6.877922009352515145e-03
-1.667499999999999982e+00,3.325904049178469209e-03,6.935093911772552237e-03
-1.665000000000000036e+00,3.322135373171943365e-03,6.992265814192629228e-03
-1.662500000000000089e+00,3.318378511186705244e-03,7.049437716612666320e-03
-1.660000000000000142e+00,3.314633423956977586e-03,7.106609619032703412e-03
-1.657499999999999973e+00,3.310900072418188067e-03,7.163781521452740504e-03
-1.655000000000000027e+00,3.307178417681029547e-03,7.220953423872818362e-03
-1.652500000000000080e+00,3.303468421056094013e-03,7.278125326292855454e-03
-1.650000000000000133e+00,3.299770044027407635e-03,7.335297228712892546e-03
-1.647499999999999964e+00,3.296083248276109306e-03,7.330667124564507926e-03
-1.645000000000000018e+00,3.292407995656002756e-03,7.326037020416120704e-03
-1.642500000000000071e+00,3.288744248215402354e-03,7.321406916267736084e-03
-1.640000000000000124e+00,3.285091968173327933e-03,7.316776812119351464e-03
-1.637499999999999956e+00,3.281451117942544085e-03,7.312146707970964242e-03
-1.635000000000000009e+00,3.277821660103856331e-03,7.307516603822579622e-03
-1.632500000000000062e+00,3.274203557429622262e-03,7.302886499674195002e-03
-1.630000000000000115e+00,3.270596772859175275e-03,7.298256395525810382e-03
-1.627499999999999947e+00,3.267001269521506088e-03,7.293626291377423160e-03
-1.625000000000000000e+00,3.263417010710568944e-03,7.288996187229038540e-03
-1.622500000000000053e+00,3.259843959908375558e-03,7.223142462405572270e-03
-1.620000000000000107e+00,3.256282080759768330e-03,7.157288737582106868e-03
-1.617499999999999938e+00,3.252731337096940230e-03,7.091435012758593760e-03
-1.614999999999999991e+00,3.249191692911951573e-03,7.025581287935127490e-03
-1.612500000000000044e+00,3.245663112383266082e-03,6.959727563111662088e-03
-1.610000000000000098e+00,3.242145559846966191e-03,6.893873838288148981e-03
-1.607499999999999929e+00,3.238638999824232367e-03,6.828020113464682711e-03
-1.604999999999999982e+00,3.235143396993037188e-03,6.762166388641216441e-03
-1.602500000000000036e+00,3.231658716212662194e-03,6.696312663817704201e-03
-1.600000000000000089e+00,3.228184922499416094e-03,6.630458938994237932e-03
-1.597500000000000142e+00,3.224721981048548226e-03,6.514957187083751308e-03
-1.594999999999999973e+00,3.221269857210085595e-03,6.399455435173264685e-03
-1.592500000000000027e+00,3.217828516513114231e-03,6.283953683262696530e-03
-1.590000000000000080e+00,3.214397924638418697e-03,6.168451931352209906e-03
-1.587500000000000133e+00,3.210978047444304311e-03,6.052950179441723283e-03
-1.584999999999999964e+00,3.207568850939943560e-03,5.937448427531237527e-03
-1.582500000000000018e+00,3.204170301310017410e-03,5.821946675620668504e-03
-1.580000000000000071e+00,3.200782364888654554e-03,5.706444923710181881e-03
-1.577500000000000124e+00,3.197405008183832036e-03,5.590943171799695258e-03
-1.574999999999999956e+00,3.194038197850962782e-03,5.475441419889127102e-03
-1.572500000000000009e+00,3.190681900718952014e-03,5.330776236780091805e-03
-1.570000000000000062e+00,3.187336083761890902e-03,5.186111053671056507e-03
-1.567500000000000115e+00,3.184000714125231803e-03,5.041445870562021210e-03
-1.564999999999999947e+00,3.180675759099730552e-03,4.896780687452883564e-03
-1.562500000000000000e+00,3.177361186144780653e-03,4.752115504343848267e-03
-1.560000000000000053e+00,3.174056962863423727e-03,4.607450321234812969e-03
-1.557500000000000107e+00,3.170763057027335165e-03,4.462785138125777672e-03
-1.554999999999999938e+00,3.167479436548641808e-03,4.318119955016640026e-03
-1.552499999999999991e+00,3.164206069507751254e-03,4.173454771907604728e-03
-1.550000000000000044e+00,3.160942924124039797e-03,4.028789588798569431e-03
-1.547500000000000098e+00,3.157689968783153073e-03,3.880358700786063278e-03
-1.544999999999999929e+00,3.154447172009113877e-03,3.731927812773662076e-03
-1.542499999999999982e+00,3.151214502489901089e-03,3.583496924761261308e-03
-1.540000000000000036e+00,3.147991929050809098e-03,3.435066036748755155e-03
-1.537500000000000089e+00,3.144779420680732327e-03,3.286635148736354387e-03
-1.535000000000000142e+00,3.141576946502858386e-03,3.138204260723953185e-03
-1.532499999999999973e+00,3.138384475803563355e-03,2.989773372711552416e-03
-1.530000000000000027e+00,3.135201978002508626e-03,2.841342484699045830e-03
-1.527500000000000080e+00,3.132029422680235580e-03,2.692911596686645495e-03
-1.525000000000000133e+00,3.128866779549503620e-03,2.544480708674244293e-03
-1.522499999999999964e+00,3.125714018483420013e-03,2.417290615211290222e-03
-1.520000000000000018e+00,3.122571109485298198e-03,2.290100521748245511e-03
-1.517500000000000071e+00,3.119438022717494104e-03,2.162910428285291439e-03
-1.515000000000000124e+00,3.116314728471682519e-03,2.035720334822336934e-03
-1.512499999999999956e+00,3.113201197196866377e-03,1.908530241359292657e-03
-1.510000000000000009e+00,3.110097399470180494e-03,1.781340147896338369e-03
-1.507500000000000062e+00,3.107003306025553531e-03,1.654150054433384080e-03
-1.505000000000000115e+00,3.103918887722859413e-03,1.526959960970430009e-03
-1.502499999999999947e+00,3.100844115577578494e-03,1.399769867507385298e-03
-1.500000000000000000e+00,3.097778960730840619e-03,1.272579774044431226e-03
-1.497500000000000053e+00,3.094723394477429199e-03,1.185468379452510063e-03
-1.495000000000000107e+00,3.091677388236355097e-03,1.098356984860588900e-03
-1.492499999999999938e+00,3.088640913579395863e-03,1.011245590268605938e-03
-1.489999999999999991e+00,3.085613942201961921e-03,9.241341956766848829e-04
-1.487500000000000044e+00,3.082596445950338670e-03,8.370228010847638282e-04
-1.485000000000000098e+00,3.079588396792962927e-03,7.499114064927807572e-04
-1.482499999999999929e+00,3.076589766849026353e-03,6.628000119008597025e-04
-1.479999999999999982e+00,3.073600528357920032e-03,5.756886173089385394e-04
-1.477500000000000036e+00,3.070620653708781584e-03,4.885772227169555768e-04
-1.475000000000000089e+00,3.067650115410476639e-03,4.014658281250344136e-04
-1.472499999999999920e+00,3.064688886119188750e-03,3.617752109650502232e-04
-1.469999999999999973e+00,3.061736938610947010e-03,3.220845938050659785e-04
-1.467500000000000027e+00,3.058794245807973464e-03,2.823939766450535988e-04
-1.465000000000000080e+00,3.055860780750146045e-03,2.427033594850693812e-04
-1.462500000000000133e+00,3.052936516623121037e-03,2.030127423250851636e-04
-1.459999999999999964e+00,3.050021426729439527e-03,1.633221251651009460e-04
-1.457500000000000018e+00,3.047115484516474231e-03,1.236315080050885392e-04
-1.455000000000000071e+00,3.044218663546174181e-03,8.394089084510434869e-05
-1.452500000000000124e+00,3.041330937525438434e-03,4.425027368512010400e-05
-1.449999999999999956e+00,3.038452280274910565e-03,4.559656525107727657e-06
-1.447500000000000009e+00,3.035582665758056100e-03,4.103690872597019435e-06
-1.445000000000000062e+00,3.032722068051729898e-03,3.647725220086311637e-06
-1.442500000000000115e+00,3.029870461375190269e-03,3.191759567575603839e-06
-1.439999999999999947e+00,3.027027820058246846e-03,2.735793915064572050e-06
-1.437500000000000000e+00,3.024194118574117553e-03,2.279828262553863829e-06
-1.435000000000000053e+00,3.021369331505032070e-03,1.823862610043156030e-06
-1.432500000000000107e+00,3.018553433574675069e-03,1.367896957532448232e-06
-1.429999999999999938e+00,3.015746399616037448e-03,9.119313050214160201e-07
-1.427499999999999991e+00,3.012948204602028130e-03,4.559656525107082218e-07
-1.425000000000000044e+00,3.010158823613558188e-03,0.000000000000000000e+00
-1.422500000000000098e+00,3.007378231871337022e-03,1.294303234459781130e-05
-1.419999999999999929e+00,3.004606404702982875e-03,2.588606468918642383e-05
-1.417499999999999982e+00,3.001843317574431295e-03,3.882909703377504144e-05
-1.415000000000000036e+00,2.999088946058023168e-03,5.177212937837284766e-05
-1.412500000000000089e+00,2.996343265863410550e-03,6.471516172296145849e-05
-1.409999999999999920e+00,2.993606252805909671e-03,7.765819406755008287e-05
-1.407499999999999973e+00,2.990877882837379015e-03,9.060122641213869371e-05
-1.405000000000000027e+00,2.988158132014098311e-03,1.035442587567365067e-04
-1.402500000000000080e+00,2.985446976527911158e-03,1.164872911013251175e-04
-1.400000000000000133e+00,2.982744392674668236e-03,1.294303234459137284e-04
-1.397499999999999964e+00,2.980050356885222910e-03,1.727919628992789401e-04
-1.395000000000000018e+00,2.977364845692687459e-03,2.161536023526749702e-04
-1.392500000000000071e+00,2.974687835764762249e-03,2.595152418060401819e-04
-1.390000000000000124e+00,2.972019303871142014e-03,3.028768812594053936e-04
-1.387499999999999956e+00,2.969359226914686668e-03,3.462385207128014508e-04
-1.385000000000000009e+00,2.966707581899095166e-03,3.896001601661666083e-04
-1.382500000000000062e+00,2.964064345961293662e-03,4.329617996195318742e-04
-1.380000000000000115e+00,2.961429496337920214e-03,4.763234390728971401e-04
-1.377499999999999947e+00,2.958803010398247668e-03,5.196850785262930889e-04
-1.375000000000000000e+00,2.956184865609752868e-03,5.630467179796583548e-04
-1.372500000000000053e+00,2.953575039572485864e-03,6.384491415833788361e-04
-1.370000000000000107e+00,2.950973509984376741e-03,7.138515651870993173e-04
-1.367499999999999938e+00,2.948380254674152438e-03,7.892539887908733582e-04
-1.364999999999999991e+00,2.945795251568181835e-03,8.646564123945938395e-04
-1.362500000000000044e+00,2.943218478722742920e-03,9.400588359983143207e-04
-1.360000000000000098e+00,2.940649914291282481e-03,1.015461259602088362e-03
-1.357499999999999929e+00,2.938089536557008958e-03,1.090863683205808843e-03
-1.354999999999999982e+00,2.935537323898047488e-03,1.166266106809529324e-03
-1.352500000000000036e+00,2.932993254822789664e-03,1.241668530413303365e-03
-1.350000000000000089e+00,2.930457307933981292e-03,1.317070954017023846e-03
-1.347499999999999920e+00,2.927929461963360916e-03,1.414593535393390443e-03
-1.344999999999999973e+00,2.925409695736399824e-03,1.512116116769757039e-03
-1.342500000000000027e+00,2.922897988207444515e-03,1.609638698146192808e-03
-1.340000000000000080e+00,2.920394318423387685e-03,1.707161279522559187e-03
-1.337500000000000133e+00,2.917898665559792108e-03,1.804683860898926000e-03
-1.334999999999999964e+00,2.915411008883730688e-03,1.902206442275292380e-03
-1.332500000000000018e+00,2.912931327790707885e-03,1.999729023651728149e-03
-1.330000000000000071e+00,2.910459601766939887e-03,2.097251605028094962e-03
-1.327500000000000124e+00,2.907995810426482891e-03,2.194774186404461341e-03
-1.324999999999999956e+00,2.905539933473689357e-03,2.292296767780897110e-03
-1.322500000000000009e+00,2.903091950739936870e-03,2.395325236246312675e-03
-1.320000000000000062e+00,2.900651842146502457e-03,2.498353704711728240e-03
-1.317500000000000115e+00,2.898219587741271506e-03,2.601382173177143806e-03
-1.314999999999999947e+00,2.895795167661036583e-03,2.704410641642632229e-03
-1.312500000000000000e+00,2.893378562168889400e-03,2.807439110108047794e-03
-1.310000000000000053e+00,2.890969751616710021e-03,2.910467578573463360e-03
-1.307500000000000107e+00,2.888568716481729193e-03,3.013496047038878925e-03
-1.304999999999999938e+00,2.886175437329093884e-03,3.116524515504367349e-03
-1.302499999999999991e+00,2.883789894849597951e-03,3.219552983969782914e-03
-1.300000000000000044e+00,2.881412069821150026e-03,3.322581452435198479e-03
-1.297500000000000098e+00,2.879041943146716260e-03,3.412848850621401017e-03
-1.294999999999999929e+00,2.876679495815931756e-03,3.503116248807539371e-03
-1.292499999999999982e+00,2.874324708943149127e-03,3.593383646993677290e-03
-1.290000000000000036e+00,2.871977563728842636e-03,3.683651045179879829e-03
-1.287500000000000089e+00,2.869638041497787721e-03,3.773918443366018182e-03
-1.284999999999999920e+00,2.867306123660514575e-03,3.864185841552156535e-03
-1.282499999999999973e+00,2.864981791751438234e-03,3.954453239738294455e-03
-1.280000000000000027e+00,2.862665027390076233e-03,4.044720637924496993e-03
-1.277500000000000080e+00,2.860355812319758523e-03,4.134988036110635347e-03
-1.275000000000000133e+00,2.858054128368324280e-03,4.225255434296773700e-03
-1.272499999999999964e+00,2.855759957487234279e-03,4.287292381674369032e-03
-1.270000000000000018e+00,2.853473281712043050e-03,4.349329329052008600e-03
-1.267500000000000071e+00,2.851194083201392428e-03,4.411366276429604799e-03
-1.265000000000000124e+00,2.848922344197517102e-03,4.473403223807200131e-03
-1.262499999999999956e+00,2.846658047066004914e-03,4.535440171184839699e-03
-1.260000000000000009e+00,2.844401174255428537e-03,4.597477118562435031e-03
-1.257500000000000062e+00,2.842151708337254529e-03,4.659514065940030363e-03
-1.255000000000000115e+00,2.839909631965448992e-03,4.721551013317626562e-03
-1.252499999999999947e+00,2.837674927917194136e-03,4.783587960695266129e-03
-1.250000000000000000e+00,2.835447579051462216e-03,4.845624908072861461e-03
-1.247500000000000053e+00,2.833227568350147121e-03,4.869985422687716711e-03
-1.245000000000000107e+00,2.831014878876914574e-03,4.894345937302571961e-03
-1.242499999999999938e+00,2.828809493817911313e-03,4.918706451917445426e-03
-1.239999999999999991e+00,2.826611396440669929e-03,4.943066966532300675e-03
-1.237500000000000044e+00,2.824420570135513682e-03,4.967427481147155925e-03
-1.235000000000000098e+00,2.822236998373249626e-03,4.991787995762028522e-03
-1.232499999999999929e+00,2.820060664747890515e-03,5.016148510376883772e-03
-1.229999999999999982e+00,2.817891552933621084e-03,5.040509024991739889e-03
-1.227500000000000036e+00,2.815729646726988257e-03,5.064869539606612486e-03
-1.225000000000000089e+00,2.813574930005140716e-03,5.089230054221467736e-03
-1.222499999999999920e+00,2.811427386767655252e-03,5.074102921795110334e-03
-1.219999999999999973e+00,2.809287001094022164e-03,5.058975789368753799e-03
-1.217500000000000027e+00,2.807153757186338534e-03,5.043848656942385988e-03
-1.215000000000000080e+00,2.805027639326243289e-03,5.028721524516028586e-03
-1.212500000000000133e+00,2.802908631918287017e-03,5.013594392089672051e-03
-1.209999999999999964e+00,2.800796719445991425e-03,4.998467259663314649e-03
-1.207500000000000018e+00,2.798691886515789450e-03,4.983340127236946838e-03
-1.205000000000000071e+00,2.796594117813419947e-03,4.968212994810590304e-03
-1.202500000000000124e+00,2.794503398147278866e-03,4.953085862384232901e-03
-1.199999999999999956e+00,2.792419712404470462e-03,4.937958729957865091e-03
-1.197500000000000009e+00,2.790343045595518930e-03,4.889067467986691479e-03
-1.195000000000000062e+00,2.788273382809054821e-03,4.840176206015516999e-03
-1.192500000000000115e+00,2.786210709257581387e-03,4.791284944044343387e-03
-1.189999999999999947e+00,2.784155010231643187e-03,4.742393682073134213e-03
-1.187500000000000000e+00,2.782106271145144433e-03,4.693502420101960601e-03
-1.185000000000000053e+00,2.780064477490475170e-03,4.644611158130786122e-03
-1.182500000000000107e+00,2.778029614883630993e-03,4.595719896159612509e-03
-1.179999999999999938e+00,2.776001669018794953e-03,4.546828634188403336e-03
-1.177499999999999991e+00,2.773980625713882726e-03,4.497937372217229723e-03
-1.175000000000000044e+00,2.771966470865094585e-03,4.449046110246055244e-03
-1.172500000000000098e+00,2.769959190492850016e-03,4.378033354081239947e-03
-1.169999999999999929e+00,2.767958770695365649e-03,4.307020597916475825e-03
-1.167499999999999982e+00,2.765965197695499297e-03,4.236007841751710835e-03
-1.165000000000000036e+00,2.763978457794045995e-03,4.164995085586895539e-03
-1.162500000000000089e+00,2.761998537416693496e-03,4.093982329422131416e-03
-1.159999999999999920e+00,2.760025423066934068e-03,4.022969573257366427e-03
-1.157499999999999973e+00,2.758059101373649263e-03,3.951956817092601437e-03
-1.155000000000000027e+00,2.756099559043568518e-03,3.880944060927786574e-03
-1.152500000000000080e+00,2.754146782909372600e-03,3.809931304763022018e-03
-1.150000000000000133e+00,2.752200759881332556e-03,3.738918548598257462e-03
-1.147499999999999964e+00,2.750261476996062378e-03,3.660656662927274686e-03
-1.145000000000000018e+00,2.748328921368025247e-03,3.582394777256236833e-03
-1.142500000000000071e+00,2.746403080238640944e-03,3.504132891585254057e-03
-1.140000000000000124e+00,2.744483940927261705e-03,3.425871005914271714e-03
-1.137499999999999956e+00,2.742571490880438799e-03,3.347609120243233427e-03
-1.135000000000000009e+00,2.740665717622893169e-03,3.269347234572250651e-03
-1.132500000000000062e+00,2.738766608807264701e-03,3.191085348901268309e-03
-1.130000000000000115e+00,2.736874152164403724e-03,3.112823463230285533e-03
-1.127499999999999947e+00,2.734988335553623345e-03,3.034561577559247679e-03
-1.125000000000000000e+00,2.733109146912881659e-03,2.956299691888264903e-03
-1.122500000000000053e+00,2.731236574309058810e-03,2.885730627466372242e-03
-1.120000000000000107e+00,2.729370605887777509e-03,2.815161563044479582e-03
-1.117499999999999938e+00,2.727511229924482836e-03,2.744592498622536614e-03
-1.114999999999999991e+00,2.725658434773623948e-03,2.674023434200643954e-03
-1.112500000000000044e+00,2.723812208920226539e-03,2.603454369778751294e-03
-1.110000000000000098e+00,2.721972540928424035e-03,2.532885305356808760e-03
-1.107499999999999929e+00,2.720139419493754727e-03,2.462316240934916099e-03
-1.104999999999999982e+00,2.718312833391301354e-03,2.391747176513023439e-03
-1.102500000000000036e+00,2.716492771528211583e-03,2.321178112091080471e-03
-1.100000000000000089e+00,2.714679222891887463e-03,2.250609047669187811e-03
-1.097499999999999920e+00,2.712872176602312922e-03,2.199767905227595615e-03
-1.094999999999999973e+00,2.711071621860105304e-03,2.148926762786003853e-03
-1.092500000000000027e+00,2.709277547999750565e-03,2.098085620344375662e-03
-1.090000000000000080e+00,2.707489944436419684e-03,2.047244477902783466e-03
-1.087500000000000133e+00,2.705708800720206097e-03,1.996403335461191704e-03
-1.084999999999999964e+00,2.703934106482691006e-03,1.945562193019599725e-03
-1.082500000000000018e+00,2.702165851490986957e-03,1.894721050577971534e-03
-1.080000000000000071e+00,2.700404025594257615e-03,1.843879908136379555e-03
-1.077500000000000124e+00,2.698648618778572757e-03,1.793038765694787576e-03
-1.074999999999999956e+00,2.696899621112384179e-03,1.742197623253159385e-03
-1.072500000000000009e+00,2.695157022802237203e-03,1.718007602872686146e-03
-1.070000000000000062e+00,2.693420814137714031e-03,1.693817582492212689e-03
-1.067500000000000115e+00,2.691690985547477884e-03,1.669627562111739450e-03
-1.064999999999999947e+00,2.689967527543959177e-03,1.645437541731248864e-03
-1.062500000000000000e+00,2.688250430780042381e-03,1.621247521350775624e-03
-1.060000000000000053e+00,2.686539685993236549e-03,1.597057500970302168e-03
-1.057500000000000107e+00,2.684835284062252886e-03,1.572867480589828929e-03
-1.054999999999999938e+00,2.683137215951641053e-03,1.548677460209338342e-03
-1.052499999999999991e+00,2.681445472768488603e-03,1.524487439828864886e-03
-1.050000000000000044e+00,2.679760045706125731e-03,1.500297419448391647e-03
-1.047500000000000098e+00,2.678080926102199919e-03,1.503549501447905626e-03
-1.044999999999999929e+00,2.676408105381665979e-03,1.506801583447417220e-03
-1.042499999999999982e+00,2.674741575114875872e-03,1.510053665446928813e-03
-1.040000000000000036e+00,2.673081326960175842e-03,1.513305747446442792e-03
-1.037500000000000089e+00,2.671427352723600851e-03,1.516557829445954386e-03
-1.034999999999999920e+00,2.669779644299728315e-03,1.519809911445465980e-03
-1.032499999999999973e+00,2.668138193732425521e-03,1.523061993444977573e-03
-1.030000000000000027e+00,2.666502993155133502e-03,1.526314075444491552e-03
-1.027500000000000080e+00,2.664874034852313112e-03,1.529566157444003146e-03
-1.024999999999999911e+00,2.663251311199322548e-03,1.532818239443514740e-03
-1.022499999999999964e+00,2.661634814723842172e-03,1.558497296147924160e-03
-1.020000000000000018e+00,2.660024538045994459e-03,1.584176352852351794e-03
-1.017500000000000071e+00,2.658420473939826067e-03,1.609855409556761215e-03
-1.015000000000000124e+00,2.656822615273246070e-03,1.635534466261170635e-03
-1.012499999999999956e+00,2.655230955069904416e-03,1.661213522965598269e-03
-1.010000000000000009e+00,2.653645486448625353e-03,1.686892579670007690e-03
-1.007500000000000062e+00,2.652066202685926868e-03,1.712571636374417110e-03
-1.005000000000000115e+00,2.650493097154909845e-03,1.738250693078826530e-03
-1.002499999999999947e+00,2.648926163388537307e-03,1.763929749783254165e-03
-1.000000000000000000e+00,2.647365395017513973e-03,1.789608806487663585e-03
-9.975000000000000533e-01,2.645810785834909040e-03,1.828445623593608765e-03
-9.949999999999999956e-01,2.644262329732935055e-03,1.867282440699581702e-03
-9.925000000000000488e-01,2.642720020768441098e-03,1.906119257805526882e-03
-9.899999999999999911e-01,2.641183853098938352e-03,1.944956074911472280e-03
-9.875000000000000444e-01,2.639653821048996204e-03,1.983792892017417243e-03
-9.849999999999999867e-01,2.638129919045501936e-03,2.022629709123390396e-03
-9.825000000000000400e-01,2.636612141684619749e-03,2.061466526229335360e-03
-9.799999999999999822e-01,2.635100483667332343e-03,2.100303343335280758e-03
-9.775000000000000355e-01,2.633594939865815335e-03,2.139140160441253477e-03
-9.749999999999999778e-01,2.632095505258882136e-03,2.177976977547198875e-03
-9.725000000000000311e-01,2.630602174999550121e-03,2.218848824803068120e-03
-9.699999999999999734e-01,2.629114944349213948e-03,2.259720672058937365e-03
-9.675000000000000266e-01,2.627633808746240862e-03,2.300592519314835233e-03
-9.649999999999999689e-01,2.626158763739780150e-03,2.341464366570704479e-03
-9.625000000000000222e-01,2.624689805058400514e-03,2.382336213826573724e-03
-9.599999999999999645e-01,2.623226928543513116e-03,2.423208061082442969e-03
-9.575000000000000178e-01,2.621770130219443131e-03,2.464079908338341271e-03
-9.550000000000000711e-01,2.620319406225327542e-03,2.504951755594210083e-03
-9.525000000000000133e-01,2.618874752886379310e-03,2.545823602850079328e-03
-9.500000000000000666e-01,2.617436166644866204e-03,2.586695450105977630e-03
-9.475000000000000089e-01,2.616003644132590140e-03,2.619320615208815383e-03
-9.450000000000000622e-01,2.614577182100946608e-03,2.651945780311653136e-03
-9.425000000000000044e-01,2.613156777493783924e-03,2.684570945414490890e-03
-9.400000000000000577e-01,2.611742427377781398e-03,2.717196110517352062e-03
-9.375000000000000000e-01,2.610334129015069640e-03,2.749821275620189381e-03
-9.350000000000000533e-01,2.608931879793601350e-03,2.782446440723027568e-03
-9.324999999999999956e-01,2.607535677300480692e-03,2.815071605825888307e-03
-9.300000000000000488e-01,2.606145519251372184e-03,2.847696770928726060e-03
-9.274999999999999911e-01,2.604761403564847914e-03,2.880321936031563813e-03
-9.250000000000000444e-01,2.603383328291194055e-03,2.912947101134401567e-03
-9.224999999999999867e-01,2.602011291687644085e-03,2.930261290392162116e-03
-9.200000000000000400e-01,2.600645292145782345e-03,2.947575479649910523e-03
-9.174999999999999822e-01,2.599285328268776969e-03,2.964889668907658930e-03
-9.150000000000000355e-01,2.597931398797454633e-03,2.982203858165419913e-03
-9.124999999999999778e-01,2.596583502688304575e-03,2.999518047423168320e-03
-9.100000000000000311e-01,2.595241639038908896e-03,3.016832236680916726e-03
-9.074999999999999734e-01,2.593905807166801795e-03,3.034146425938665133e-03
-9.050000000000000266e-01,2.592576006534761095e-03,3.051460615196425682e-03
-9.024999999999999689e-01,2.591252236829756379e-03,3.068774804454174089e-03
-9.000000000000000222e-01,2.589934497887903114e-03,3.086088993711922496e-03
-8.974999999999999645e-01,2.588622789774068685e-03,3.085769080961622314e-03
-8.950000000000000178e-01,2.587317112706822176e-03,3.085449168211322132e-03
-8.925000000000000711e-01,2.586017467138146224e-03,3.085129255461022384e-03
-8.900000000000000133e-01,2.584723853677520743e-03,3.084809342710722203e-03
-8.875000000000000666e-01,2.583436273173681744e-03,3.084489429960422021e-03
-8.850000000000000089e-01,2.582154726637026724e-03,3.084169517210122273e-03
-8.825000000000000622e-01,2.580879215322557426e-03,3.083849604459822091e-03
-8.800000000000000044e-01,2.579609740651334603e-03,3.083529691709522343e-03
-8.775000000000000577e-01,2.578346304295004148e-03,3.083209778959222162e-03
-8.750000000000000000e-01,2.577088908095998086e-03,3.082889866208921980e-03
-8.725000000000000533e-01,2.575837554153146639e-03,3.067688324218839982e-03
-8.699999999999999956e-01,2.574592244740815401e-03,3.052486782228747142e-03
-8.675000000000000488e-01,2.573352982396124190e-03,3.037285240238665144e-03
-8.649999999999999911e-01,2.572119769837439771e-03,3.022083698248583146e-03
-8.625000000000000444e-01,2.570892610051247768e-03,3.006882156258500714e-03
-8.599999999999999867e-01,2.569671506211544405e-03,2.991680614268407874e-03
-8.575000000000000400e-01,2.568456461766858902e-03,2.976479072278325876e-03
-8.549999999999999822e-01,2.567247480358984292e-03,2.961277530288243878e-03
-8.525000000000000355e-01,2.566044565911279607e-03,2.946075988298151038e-03
-8.499999999999999778e-01,2.564847722545957401e-03,2.930874446308069040e-03
-8.475000000000000311e-01,2.563656954674506643e-03,2.907702776049794595e-03
-8.449999999999999734e-01,2.562472266913400337e-03,2.884531105791520150e-03
-8.425000000000000266e-01,2.561293664175657257e-03,2.861359435533229224e-03
-8.399999999999999689e-01,2.560121151586153623e-03,2.838187765274954779e-03
-8.375000000000000222e-01,2.558954734574259496e-03,2.815016095016680334e-03
-8.349999999999999645e-01,2.557794418787780449e-03,2.791844424758405455e-03
-8.325000000000000178e-01,2.556640210187295734e-03,2.768672754500114529e-03
-8.300000000000000711e-01,2.555492114958965878e-03,2.745501084241840084e-03
-8.275000000000000133e-01,2.554350139610457246e-03,2.722329413983565639e-03
-8.250000000000000666e-01,2.553214290882590849e-03,2.699157743725274713e-03
-8.225000000000000089e-01,2.552084575846079624e-03,2.677147142161669102e-03
-8.200000000000000622e-01,2.550961001813373697e-03,2.655136540598063491e-03
-8.175000000000000044e-01,2.549843576435797086e-03,2.633125939034457880e-03
-8.150000000000000577e-01,2.548732307614576340e-03,2.611115337470836656e-03
-8.125000000000000000e-01,2.547627203599607450e-03,2.589104735907231045e-03
-8.100000000000000533e-01,2.546528272899352581e-03,2.567094134343625433e-03
-8.074999999999999956e-01,2.545435524381231985e-03,2.545083532780004210e-03
-8.050000000000000488e-01,2.544348967179885321e-03,2.523072931216398598e-03
-8.024999999999999911e-01,2.543268610799941445e-03,2.501062329652792987e-03
-8.000000000000000444e-01,2.542194465022489056e-03,2.479051728089187376e-03
-7.974999999999999867e-01,2.541126540009616339e-03,2.467057497201466127e-03
-7.950000000000000400e-01,2.540064846210088410e-03,2.455063266313753118e-03
-7.924999999999999822e-01,2.539009394464760393e-03,2.443069035426040543e-03
-7.900000000000000355e-01,2.537960195911999426e-03,2.431074804538319294e-03
-7.874999999999999778e-01,2.536917262094241787e-03,2.419080573650606285e-03
-7.850000000000000311e-01,2.535880604862279526e-03,2.407086342762893710e-03
-7.824999999999999734e-01,2.534850236483324193e-03,2.395092111875180702e-03
-7.800000000000000266e-01,2.533826169544821632e-03,2.383097880987459453e-03
-7.774999999999999689e-01,2.532808417063563047e-03,2.371103650099746878e-03
-7.750000000000000222e-01,2.531796992388911285e-03,2.359109419212033869e-03
-7.724999999999999645e-01,2.530791909312907640e-03,2.363257298553074308e-03
-7.700000000000000178e-01,2.529793181972587405e-03,2.367405177894118216e-03
-7.675000000000000711e-01,2.528800824962773326e-03,2.371553057235158656e-03
-7.650000000000000133e-01,2.527814853236157698e-03,2.375700936576199528e-03
-7.625000000000000666e-01,2.526835282217903406e-03,2.379848815917243003e-03
-7.600000000000000089e-01,2.525862127705400320e-03,2.383996695258283442e-03
-7.575000000000000622e-01,2.524895405984214653e-03,2.388144574599324315e-03
-7.550000000000000044e-01,2.523935133726366940e-03,2.392292453940364754e-03
-7.525000000000000577e-01,2.522981328108847912e-03,2.396440333281408663e-03
-7.500000000000000000e-01,2.522034006710039029e-03,2.400588212622449102e-03
-7.475000000000000533e-01,2.521093187630825665e-03,2.422455932797219682e-03
-7.449999999999999956e-01,2.520158889389778611e-03,2.444323652972005441e-03
-7.425000000000000488e-01,2.519231131045236976e-03,2.466191373146775587e-03
-7.399999999999999911e-01,2.518309932090680072e-03,2.488059093321546168e-03
-7.375000000000000444e-01,2.517395312578151693e-03,2.509926813496316748e-03
-7.349999999999999867e-01,2.516487293012584225e-03,2.531794533671102507e-03
-7.325000000000000400e-01,2.515585894477138929e-03,2.553662253845873087e-03
-7.299999999999999822e-01,2.514691138526300562e-03,2.575529974020643233e-03
-7.275000000000000355e-01,2.513803047314065644e-03,2.597397694195428992e-03
-7.249999999999999778e-01,2.512921643484822710e-03,2.619265414370199573e-03
-7.225000000000000311e-01,2.512046950304299645e-03,2.655153082936636665e-03
-7.199999999999999734e-01,2.511178991549606505e-03,2.691040751503073324e-03
-7.175000000000000266e-01,2.510317791641403229e-03,2.726928420069536004e-03
-7.149999999999999689e-01,2.509463375533682247e-03,2.762816088635972663e-03
-7.125000000000000222e-01,2.508615768847806231e-03,2.798703757202409756e-03
-7.099999999999999645e-01,2.507774997761242925e-03,2.834591425768846849e-03
-7.075000000000000178e-01,2.506941089144031510e-03,2.870479094335309095e-03
-7.049999999999999600e-01,2.506114070446077615e-03,2.906366762901746188e-03
-7.025000000000000133e-01,2.505293969836264699e-03,2.942254431468183280e-03
-7.000000000000000666e-01,2.504480816088554274e-03,2.978142100034645526e-03
-6.975000000000000089e-01,2.503674638723469084e-03,3.019642730380561486e-03
-6.950000000000000622e-01,2.502875467893352426e-03,3.061143360726477879e-03
-6.925000000000000044e-01,2.502083334525974628e-03,3.102643991072393838e-03
-6.900000000000000577e-01,2.501298270208545966e-03,3.144144621418339287e-03
-6.875000000000000000e-01,2.500520307334900150e-03,3.185645251764255247e-03
-6.850000000000000533e-01,2.499749478987517079e-03,3.227145882110171640e-03
-6.824999999999999956e-01,2.498985819087073349e-03,3.268646512456117089e-03
-6.800000000000000488e-01,2.498229362274333610e-03,3.310147142802033048e-03
-6.774999999999999911e-01,2.497480144062261525e-03,3.351647773147949441e-03
-6.750000000000000444e-01,2.496738200715982112e-03,3.393148403493865400e-03
-6.724999999999999867e-01,2.496003569408573354e-03,3.428938804865607620e-03
-6.700000000000000400e-01,2.495276288099888828e-03,3.464729206237324687e-03
-6.674999999999999822e-01,2.494556395694745403e-03,3.500519607609041753e-03
-6.650000000000000355e-01,2.493843931921544636e-03,3.536310008980783973e-03
-6.624999999999999778e-01,2.493138937492563392e-03,3.572100410352501039e-03
-6.600000000000000311e-01,2.492441453981873115e-03,3.607890811724218105e-03
-6.574999999999999734e-01,2.491751523989271626e-03,3.643681213095934738e-03
-6.550000000000000266e-01,2.491069191016768210e-03,3.679471614467677391e-03
-6.524999999999999689e-01,2.490394499635513459e-03,3.715262015839394024e-03
-6.500000000000000222e-01,2.489727495361329819e-03,3.751052417211111090e-03
-6.474999999999999645e-01,2.489068224825808674e-03,3.769546731022961270e-03
-6.450000000000000178e-01,2.488416735650031148e-03,3.788041044834824459e-03
-6.424999999999999600e-01,2.487773076619114246e-03,3.806535358646674638e-03
-6.400000000000000133e-01,2.487137297555667981e-03,3.825029672458524817e-03
-6.375000000000000666e-01,2.486509449497423252e-03,3.843523986270388441e-03
-6.350000000000000089e-01,2.485889584569773037e-03,3.862018300082238620e-03
-6.325000000000000622e-01,2.485277756167546259e-03,3.880512613894088799e-03
-6.300000000000000044e-01,2.484674018826155129e-03,3.899006927705938978e-03
-6.275000000000000577e-01,2.484078428407643369e-03,3.917501241517802602e-03
-6.250000000000000000e-01,2.483491041971230742e-03,3.935995555329652347e-03
-6.225000000000000533e-01,2.482911917962597401e-03,3.928294679490542535e-03
-6.199999999999999956e-01,2.482341116084174279e-03,3.920593803651428386e-03
-6.175000000000000488e-01,2.481778697488863997e-03,3.912892927812318573e-03
-6.149999999999999911e-01,2.481224724649297789e-03,3.905192051973209195e-03
-6.125000000000000444e-01,2.480679261555923144e-03,3.897491176134099816e-03
-6.099999999999999867e-01,2.480142373585165691e-03,3.889790300294985233e-03
-6.075000000000000400e-01,2.479614127703286090e-03,3.882089424455875855e-03
-6.049999999999999822e-01,2.479094592333096897e-03,3.874388548616766476e-03
-6.025000000000000355e-01,2.478583837562294608e-03,3.866687672777651460e-03
-5.999999999999999778e-01,2.478081935010389893e-03,3.858986796938542081e-03
-5.975000000000000311e-01,2.477588958041580715e-03,3.821454867199183727e-03
-5.949999999999999734e-01,2.477104981631239339e-03,3.783922937459825372e-03
-5.925000000000000266e-01,2.476630082584207332e-03,3.746391007720440564e-03
-5.899999999999999689e-01,2.476164339400666308e-03,3.708859077981082209e-03
-5.875000000000000222e-01,2.475707832500124994e-03,3.671327148241723855e-03
-5.849999999999999645e-01,2.475260644086828103e-03,3.633795218502365500e-03
-5.825000000000000178e-01,2.474822858379421148e-03,3.596263288762980691e-03
-5.799999999999999600e-01,2.474394561476221839e-03,3.558731359023622337e-03
-5.775000000000000133e-01,2.473975841590984621e-03,3.521199429284263983e-03
-5.750000000000000666e-01,2.473566788918071455e-03,3.483667499544879174e-03
-5.725000000000000089e-01,2.473167495874381127e-03,3.419485927945124272e-03
-5.700000000000000622e-01,2.472778056964467560e-03,3.355304356345368937e-03
-5.675000000000000044e-01,2.472398569029550693e-03,3.291122784745614035e-03
-5.650000000000000577e-01,2.472029131112479100e-03,3.226941213145813163e-03
-5.625000000000000000e-01,2.471669844713427801e-03,3.162759641546058261e-03
-5.600000000000000533e-01,2.471320813655807601e-03,3.098578069946303359e-03
-5.574999999999999956e-01,2.470982144348926948e-03,3.034396498346502487e-03
-5.550000000000000488e-01,2.470653945654199216e-03,2.970214926746747586e-03
-5.524999999999999911e-01,2.470336329156093066e-03,2.906033355146992250e-03
-5.500000000000000444e-01,2.470029409028553970e-03,2.841851783547237349e-03
-5.474999999999999867e-01,2.469733302314086523e-03,2.761032945062739941e-03
-5.450000000000000400e-01,2.469448128791492184e-03,2.680214106578299778e-03
-5.424999999999999822e-01,2.469174011263093084e-03,2.599395268093860050e-03
-5.400000000000000355e-01,2.468911075423785989e-03,2.518576429609362208e-03
-5.374999999999999778e-01,2.468659450157074161e-03,2.437757591124922480e-03
-5.350000000000000311e-01,2.468419267406216002e-03,2.356938752640482318e-03
-5.324999999999999734e-01,2.468190662479027679e-03,2.276119914156042590e-03
-5.300000000000000266e-01,2.467973773920780801e-03,2.195301075671544748e-03
-5.274999999999999689e-01,2.467768743829765535e-03,2.114482237187105020e-03
-5.250000000000000222e-01,2.467575717731799838e-03,2.033663398702664857e-03
-5.224999999999999645e-01,2.467394844906172727e-03,1.951222167665200586e-03
-5.200000000000000178e-01,2.467226278263057442e-03,1.868780936627677768e-03
-5.174999999999999600e-01,2.467070174680445049e-03,1.786339705590213496e-03
-5.150000000000000133e-01,2.466926694884458496e-03,1.703898474552749225e-03
-5.124999999999999556e-01,2.466796003798536405e-03,1.621457243515226189e-03
-5.100000000000000089e-01,2.466678270426216069e-03,1.539016012477761918e-03
-5.075000000000000622e-01,2.466573668213923112e-03,1.456574781440297646e-03
-5.050000000000000044e-01,2.466482374937175367e-03,1.374133550402833375e-03
-5.025000000000000577e-01,2.466404573076517830e-03,1.291692319365310340e-03
-5.000000000000000000e-01,2.466340449708489223e-03,1.209251088327846068e-03
-4.974999999999999978e-01,2.466290196895665459e-03,1.141494359356429438e-03
-4.949999999999999956e-01,2.466254011582773124e-03,1.073737630384964453e-03
-4.924999999999999933e-01,2.466232096001720088e-03,1.005980901413547823e-03
-4.899999999999999911e-01,2.466224657573099204e-03,9.382241724421310847e-04
-4.874999999999999889e-01,2.466231909328333270e-03,8.704674434707143464e-04
-4.849999999999999867e-01,2.466254069816927602e-03,8.027107144992495780e-04
-4.824999999999999845e-01,2.466291363545573649e-03,7.349539855278328397e-04
-4.799999999999999822e-01,2.466344020893555637e-03,6.671972565564161014e-04
-4.775000000000000355e-01,2.466412278569467265e-03,5.994405275849512245e-04
-4.750000000000000333e-01,2.466496379535229079e-03,5.316837986135345947e-04
-4.725000000000000311e-01,2.466596573482791790e-03,4.908441329669308061e-04
-4.700000000000000289e-01,2.466713116766523686e-03,4.500044673203271259e-04
-4.675000000000000266e-01,2.466846272901768427e-03,4.091648016736943892e-04
-4.650000000000000244e-01,2.466996312507343300e-03,3.683251360270906006e-04
-4.625000000000000222e-01,2.467163513826898212e-03,3.274854703804869205e-04
-4.600000000000000200e-01,2.467348162682630672e-03,2.866458047338831319e-04
-4.575000000000000178e-01,2.467550553021107852e-03,2.458061390872503952e-04
-4.550000000000000155e-01,2.467770986880389681e-03,2.049664734406466608e-04
-4.525000000000000133e-01,2.468009774961625862e-03,1.641268077940429265e-04
-4.500000000000000111e-01,2.468267236610387216e-03,1.232871421474102168e-04
-4.475000000000000089e-01,2.468543700417250800e-03,1.109584279326709515e-04
-4.450000000000000067e-01,2.468839504214771080e-03,9.862971371793168626e-05
-4.425000000000000044e-01,2.469154995708597051e-03,8.630099950319240743e-05
-4.400000000000000022e-01,2.469490532492488004e-03,7.397228528844437367e-05
-4.375000000000000000e-01,2.469846482712444603e-03,6.164357107370510840e-05
-4.349999999999999978e-01,2.470223225101852212e-03,4.931485685896584313e-05
-4.324999999999999956e-01,2.470621149681163833e-03,3.698614264421780937e-05
-4.299999999999999933e-01,2.471040657815493351e-03,2.465742842947854410e-05
-4.274999999999999911e-01,2.471482162952863115e-03,1.232871421473927883e-05
-4.249999999999999889e-01,2.471946090706890822e-03,0.000000000000000000e+00
-4.224999999999999867e-01,2.472432879637091133e-03,0.000000000000000000e+00
-4.199999999999999845e-01,2.472942981359271299e-03,0.000000000000000000e+00
-4.174999999999999822e-01,2.473476861371137672e-03,0.000000000000000000e+00
-4.150000000000000355e-01,2.474034999194240324e-03,0.000000000000000000e+00
-4.125000000000000333e-01,2.474617889249237750e-03,0.000000000000000000e+00
-4.100000000000000311e-01,2.475226041031927064e-03,0.000000000000000000e+00
-4.075000000000000289e-01,2.475859980042994200e-03,0.000000000000000000e+00
-4.050000000000000266e-01,2.476520248003125264e-03,0.000000000000000000e+00
-4.025000000000000244e-01,2.477207403840778893e-03,0.000000000000000000e+00
-4.000000000000000222e-01,2.477922023951255499e-03,0.000000000000000000e+00
-3.975000000000000200e-01,2.478664703248861702e-03,0.000000000000000000e+00
-3.950000000000000178e-01,2.479436055473978936e-03,0.000000000000000000e+00
-3.925000000000000155e-01,2.480236714316489018e-03,0.000000000000000000e+00
-3.900000000000000133e-01,2.481067333775930066e-03,0.000000000000000000e+00
-3.875000000000000111e-01,2.481928589362643756e-03,0.000000000000000000e+00
-3.850000000000000089e-01,2.482821178518933650e-03,0.000000000000000000e+00
-3.825000000000000067e-01,2.483745821904528688e-03,0.000000000000000000e+00
-3.800000000000000044e-01,2.484703263885365814e-03,0.000000000000000000e+00
-3.775000000000000022e-01,2.485694273912634859e-03,0.000000000000000000e+00
-3.750000000000000000e-01,2.486719647087601900e-03,0.000000000000000000e+00
-3.724999999999999978e-01,2.487780205643034485e-03,0.000000000000000000e+00
-3.699999999999999956e-01,2.488876799593336096e-03,0.000000000000000000e+00
-3.674999999999999933e-01,2.490010308329514230e-03,0.000000000000000000e+00
-3.649999999999999911e-01,2.491181641364561584e-03,0.000000000000000000e+00
-3.624999999999999889e-01,2.492391740053957402e-03,0.000000000000000000e+00
-3.599999999999999867e-01,2.493641578448116663e-03,0.000000000000000000e+00
-3.574999999999999845e-01,2.494932165151669302e-03,0.000000000000000000e+00
-3.549999999999999822e-01,2.496264544296539038e-03,0.000000000000000000e+00
-3.524999999999999800e-01,2.497639797555761734e-03,0.000000000000000000e+00
-3.500000000000000333e-01,2.499059045251145368e-03,0.000000000000000000e+00
-3.475000000000000311e-01,2.500523448538756639e-03,0.000000000000000000e+00
-3.450000000000000289e-01,2.502034210669596553e-03,0.000000000000000000e+00
-3.425000000000000266e-01,2.503592579365480734e-03,0.000000000000000000e+00
-3.400000000000000244e-01,2.505199848251990838e-03,0.000000000000000000e+00
-3.375000000000000222e-01,2.506857359446838102e-03,0.000000000000000000e+00
-3.350000000000000200e-01,2.508566505187577369e-03,0.000000000000000000e+00
-3.325000000000000178e-01,2.510328730657866714e-03,0.000000000000000000e+00
-3.300000000000000155e-01,2.512145535834501685e-03,0.000000000000000000e+00
-3.275000000000000133e-01,2.514018478580651045e-03,0.000000000000000000e+00
-3.250000000000000111e-01,2.515949176741527626e-03,0.000000000000000000e+00
-3.225000000000000089e-01,2.517939311536445367e-03,0.000000000000000000e+00
-3.200000000000000067e-01,2.519990629937096573e-03,0.000000000000000000e+00
-3.175000000000000044e-01,2.522104948395490018e-03,0.000000000000000000e+00
-3.150000000000000022e-01,2.524284155542830255e-03,0.000000000000000000e+00
-3.125000000000000000e-01,2.526530216296602079e-03,0.000000000000000000e+00
-3.099999999999999978e-01,2.528845174923800322e-03,0.000000000000000000e+00
-3.074999999999999956e-01,2.531231159576244685e-03,0.000000000000000000e+00
-3.049999999999999933e-01,2.533690385768716351e-03,0.000000000000000000e+00
-3.024999999999999911e-01,2.536225161399696584e-03,0.000000000000000000e+00
-2.999999999999999889e-01,2.538837890702945813e-03,0.000000000000000000e+00
-2.974999999999999867e-01,2.541531079817722829e-03,0.000000000000000000e+00
-2.949999999999999845e-01,2.544307341283377853e-03,0.000000000000000000e+00
-2.924999999999999822e-01,2.547169400234263002e-03,0.000000000000000000e+00
-2.899999999999999800e-01,2.550120099515435293e-03,0.000000000000000000e+00
-2.875000000000000333e-01,2.553162406590556242e-03,0.000000000000000000e+00
-2.850000000000000311e-01,2.556299419370356308e-03,0.000000000000000000e+00
-2.825000000000000289e-01,2.559534373935385288e-03,0.000000000000000000e+00
-2.800000000000000266e-01,2.562870651184764176e-03,0.000000000000000000e+00
-2.775000000000000244e-01,2.566311785491940528e-03,0.000000000000000000e+00
-2.750000000000000222e-01,2.569861472299382003e-03,0.000000000000000000e+00
-2.725000000000000200e-01,2.573523577846566039e-03,4.279102271673927401e-05
-2.700000000000000178e-01,2.577302147857500180e-03,8.558204543350895989e-05
-2.675000000000000155e-01,2.581201418503273684e-03,1.283730681502482339e-04
-2.650000000000000133e-01,2.585225826356248209e-03,1.711640908669875079e-04
-2.625000000000000111e-01,2.589380020778389493e-03,2.139551135837571938e-04
-2.600000000000000089e-01,2.593668875345817894e-03,2.567461363004964678e-04
-2.575000000000000067e-01,2.598097501889277267e-03,2.995371590172357418e-04
-2.550000000000000044e-01,2.602671263630986810e-03,3.423281817339750158e-04
-2.525000000000000022e-01,2.607395791143591376e-03,3.851192044507447017e-04
-2.500000000000000000e-01,2.612276997486381435e-03,4.279102271674839757e-04
-2.474999999999999978e-01,2.617321096400667107e-03,5.636341033519128886e-04
-2.449999999999999956e-01,2.622534619786831382e-03,6.993579795364383497e-04
-2.424999999999999933e-01,2.627924438512887258e-03,8.350818557208673169e-04
-2.399999999999999911e-01,2.633497782641573345e-03,9.708057319052962840e-04
-2.375000000000000167e-01,2.639262265304052890e-03,1.106529608089725251e-03
-2.350000000000000144e-01,2.645225906166132328e-03,1.242253484274250712e-03
-2.325000000000000122e-01,2.651397158909321681e-03,1.377977360458679679e-03
-2.300000000000000100e-01,2.657784938525470722e-03,1.513701236643108430e-03
-2.275000000000000078e-01,2.664398653057625018e-03,1.649425112827633891e-03
-2.250000000000000056e-01,2.671248235435648172e-03,1.785148989012062858e-03
-2.225000000000000033e-01,2.678344180266883923e-03,2.033223925805442093e-03
-2.200000000000000011e-01,2.685697581074918128e-03,2.281298862598821545e-03
-2.174999999999999989e-01,2.693320173099930572e-03,2.529373799392377505e-03
-2.149999999999999967e-01,2.701224376992764162e-03,2.777448736185756523e-03
-2.124999999999999944e-01,2.709423348794059907e-03,3.025523672979135974e-03
-2.099999999999999922e-01,2.717931031370560482e-03,3.273598609772515426e-03
-2.075000000000000178e-01,2.726762213006678030e-03,3.521673546566070952e-03
-2.050000000000000155e-01,2.735932588164468032e-03,3.769748483359450404e-03
-2.025000000000000133e-01,2.745458826451424757e-03,4.017823420152829422e-03
-2.000000000000000111e-01,2.755358644657915010e-03,4.265898356946385382e-03
-1.975000000000000089e-01,2.765650888284873314e-03,4.620494945778551993e-03
-1.950000000000000067e-01,2.776355617280859556e-03,4.975091534610718604e-03
-1.925000000000000044e-01,2.787494202846345359e-03,5.329688123442885214e-03
-1.900000000000000022e-01,2.799089429894858691e-03,5.684284712275304227e-03
-1.875000000000000000e-01,2.811165612528432941e-03,6.038881301107470838e-03
-1.849999999999999978e-01,2.823748717016794519e-03,6.393477889939637449e-03
-1.824999999999999956e-01,2.836866500216437235e-03,6.748074478772056461e-03
-1.799999999999999933e-01,2.850548657854484486e-03,7.102671067604222205e-03
-1.774999999999999911e-01,2.864826991295058196e-03,7.457267656436389683e-03
-1.750000000000000167e-01,2.879735587208348373e-03,7.811864245268556294e-03
-1.725000000000000144e-01,2.895311019565732519e-03,8.247931892197557166e-03
-1.700000000000000122e-01,2.911592568462080966e-03,8.683999539126250125e-03
-1.675000000000000100e-01,2.928622466162807223e-03,9.120067186054941349e-03
-1.650000000000000078e-01,2.946446165076781372e-03,9.556134832983943089e-03
-1.625000000000000056e-01,2.965112639244395481e-03,9.992202479912634314e-03
-1.600000000000000033e-01,2.984674714419313299e-03,1.042827012684132554e-02
-1.575000000000000011e-01,3.005189439813463117e-03,1.086433777377001850e-02
-1.549999999999999989e-01,3.026718497212626830e-03,1.130040542069902024e-02
-1.524999999999999967e-01,3.049328662403666228e-03,1.173647306762771146e-02
-1.499999999999999944e-01,3.073092315611290065e-03,1.217254071455640269e-02
-1.474999999999999922e-01,3.098088018292971882e-03,1.265198898604626490e-02
-1.449999999999999900e-01,3.124401154502110065e-03,1.313143725753646712e-02
-1.425000000000000155e-01,3.152124657318726431e-03,1.361088552902632934e-02
-1.400000000000000133e-01,3.181359820828842319e-03,1.409033380051619155e-02
-1.375000000000000111e-01,3.212217222349578703e-03,1.456978207200639377e-02
-1.350000000000000089e-01,3.244817758763201675e-03,1.504923034349625599e-02
-1.325000000000000067e-01,3.279293827349225986e-03,1.552867861498611821e-02
-1.300000000000000044e-01,3.315790660004125888e-03,1.600812688647598042e-02
-1.275000000000000022e-01,3.354467849097984063e-03,1.648757515796618264e-02
-1.250000000000000000e-01,3.395501081336887734e-03,1.696702342945604486e-02
-1.224999999999999978e-01,3.439084128941424616e-03,1.744475053447255494e-02
-1.199999999999999956e-01,3.485431125696806468e-03,1.792247763948940503e-02
-1.175000000000000072e-01,3.534779193041626133e-03,1.840020474450591512e-02
-1.150000000000000050e-01,3.587391460621287744e-03,1.887793184952242520e-02
-1.125000000000000028e-01,3.643560569651992792e-03,1.935565895453893875e-02
-1.100000000000000006e-01,3.703612729226301095e-03,1.983338605955578537e-02
-1.074999999999999983e-01,3.767912448472330016e-03,2.031111316457229893e-02
-1.049999999999999961e-01,3.836868054388572861e-03,2.078884026958880901e-02
-1.025000000000000078e-01,3.910938170880584076e-03,2.126656737460565910e-02
-1.000000000000000056e-01,3.990639331060800120e-03,2.174429447962216919e-02
-9.750000000000000333e-02,4.076554980197300525e-03,2.217384351760552999e-02
-9.500000000000000111e-02,4.169346140717922547e-03,2.260339255558888732e-02
-9.249999999999999889e-02,4.269764126986179062e-03,2.303294159357255344e-02
-8.999999999999999667e-02,4.378665743086132024e-03,2.346249063155591078e-02
-8.750000000000000833e-02,4.497031564048240698e-03,2.389203966953927158e-02
-8.500000000000000611e-02,4.625988003476774572e-03,2.432158870752263238e-02
-8.250000000000000389e-02,4.766834124634299584e-03,2.475113774550629503e-02
-8.000000000000000167e-02,4.921074359269387785e-03,2.518068678348965583e-02
-7.749999999999999944e-02,5.090458706916463696e-03,2.561023582147301317e-02
-7.499999999999999722e-02,5.277032391277618889e-03,2.603978485945667928e-02
-7.249999999999999500e-02,5.483197644212321926e-03,2.637847007112503750e-02
-7.000000000000000666e-02,5.711791071983472919e-03,2.671715528279339572e-02
-6.750000000000000444e-02,5.966181303244860734e-03,2.705584049446175393e-02
-6.500000000000000222e-02,6.250393164147305045e-03,2.739452570613035154e-02
-6.250000000000000000e-02,6.569266983563889876e-03,2.773321091779870975e-02
-5.999999999999999778e-02,6.928664768619814673e-03,2.807189612946706797e-02
-5.750000000000000250e-02,7.335739710698075886e-03,2.841058134113566558e-02
-5.500000000000000028e-02,7.799292108541414775e-03,2.874926655280402379e-02
-5.249999999999999806e-02,8.330244813430282003e-03,2.908795176447238201e-02
-5.000000000000000278e-02,8.942286015254990658e-03,2.942663697614074023e-02
-4.750000000000000056e-02,9.652749835687817956e-03,2.964000151333087349e-02
-4.499999999999999833e-02,1.048383985946785973e-02,2.985336605052085410e-02
-4.250000000000000305e-02,1.146435555161483440e-02,3.006673058771083470e-02
-4.000000000000000083e-02,1.263216881677878094e-02,3.028009512490096450e-02
-3.749999999999999861e-02,1.403784048040546649e-02,3.049345966209094511e-02
-3.500000000000000333e-02,1.575000178189329275e-02,3.070682419928092571e-02
-3.250000000000000111e-02,1.786352032221746877e-02,3.092018873647090632e-02
-2.999999999999999889e-02,2.051213062518994143e-02,3.113355327366103958e-02
-2.750000000000000014e-02,2.388829329070329272e-02,3.134691781085102019e-02
-2.500000000000000139e-02,2.827467723781029382e-02,3.156028234804100080e-02
-2.249999999999999917e-02,3.409346312107971316e-02,3.162572702899681121e-02
-2.000000000000000042e-02,4.197894998093078256e-02,3.169117170995267019e-02
-1.750000000000000167e-02,5.286559968419993205e-02,3.175661639090848753e-02
-1.499999999999999944e-02,6.803229274346081490e-02,3.182206107186429794e-02
-1.250000000000000069e-02,8.892274987705692246e-02,3.188750575282015692e-02
-1.000000000000000021e-02,1.164189235525778937e-01,3.195295043377597427e-02
-7.499999999999999722e-03,1.493694207249333661e-01,3.201839511473178468e-02
-5.000000000000000104e-03,1.829990663907572757e-01,3.208383979568760203e-02
-2.500000000000000052e-03,2.090121257008842326e-01,3.214928447664346101e-02
0.000000000000000000e+00,2.189056495630518351e-01,3.221472915759927141e-02
2.500000000000000052e-03,2.090121257008842881e-01,3.212410567151198493e-02
5.000000000000000104e-03,1.829990663907573312e-01,3.203348218542469150e-02
7.499999999999999722e-03,1.493694207249333661e-01,3.194285869933739808e-02
1.000000000000000021e-02,1.164189235525779215e-01,3.185223521325011159e-02
1.250000000000000069e-02,8.892274987705692246e-02,3.176161172716282510e-02
1.499999999999999944e-02,6.803229274346075939e-02,3.167098824107553168e-02
1.750000000000000167e-02,5.286559968419995287e-02,3.158036475498823825e-02
2.000000000000000042e-02,4.197894998093078256e-02,3.148974126890095177e-02
2.249999999999999917e-02,3.409346312107969929e-02,3.139911778281366528e-02
2.500000000000000139e-02,2.827467723781028688e-02,3.130849429672637185e-02
2.750000000000000014e-02,2.388829329070331353e-02,3.106941516260154981e-02
2.999999999999999889e-02,2.051213062518991714e-02,3.083033602847672777e-02
3.250000000000000111e-02,1.786352032221742367e-02,3.059125689435190226e-02
3.500000000000000333e-02,1.575000178189332051e-02,3.035217776022708022e-02
3.749999999999999861e-02,1.403784048040545261e-02,3.011309862610225818e-02
4.000000000000000083e-02,1.263216881677878267e-02,2.987401949197743614e-02
4.250000000000000305e-02,1.146435555161485174e-02,2.963494035785261410e-02
4.499999999999999833e-02,1.048383985946785453e-02,2.939586122372778859e-02
4.750000000000000056e-02,9.652749835687791935e-03,2.915678208960296655e-02
5.000000000000000278e-02,8.942286015254976780e-03,2.891770295547814451e-02
5.249999999999999806e-02,8.330244813430290676e-03,2.855331596321311269e-02
5.500000000000000028e-02,7.799292108541382683e-03,2.818892897094808087e-02
5.750000000000000250e-02,7.335739710698109713e-03,2.782454197868304904e-02
5.999999999999999778e-02,6.928664768619794724e-03,2.746015498641801722e-02
6.250000000000000000e-02,6.569266983563872529e-03,2.709576799415298540e-02
6.500000000000000222e-02,6.250393164147278156e-03,2.673138100188795357e-02
6.750000000000000444e-02,5.966181303244829509e-03,2.636699400962292175e-02
7.000000000000000666e-02,5.711791071983488531e-03,2.600260701735788993e-02
7.249999999999999500e-02,5.483197644212360958e-03,2.563822002509286158e-02
7.499999999999999722e-02,5.277032391277598072e-03,2.527383303282782975e-02
7.749999999999999944e-02,5.090458706916442012e-03,2.482086488332030036e-02
8.000000000000000167e-02,4.921074359269396459e-03,2.436789673381277097e-02
8.250000000000000389e-02,4.766834124634334278e-03,2.391492858430524157e-02
8.500000000000000611e-02,4.625988003476789318e-03,2.346196043479771218e-02
8.750000000000000833e-02,4.497031564048298811e-03,2.300899228529017931e-02
8.999999999999999667e-02,4.378665743086151106e-03,2.255602413578265339e-02
9.249999999999999889e-02,4.269764126986192072e-03,2.210305598627512400e-02
9.500000000000000111e-02,4.169346140717945098e-03,2.165008783676759460e-02
9.750000000000000333e-02,4.076554980197369046e-03,2.119711968726006521e-02
1.000000000000000056e-01,3.990639331060774966e-03,2.074415153775253581e-02
1.025000000000000078e-01,3.910938170880596219e-03,2.024915395543855356e-02
1.049999999999999961e-01,3.836868054388647021e-03,1.975415637312457479e-02
1.074999999999999983e-01,3.767912448472345629e-03,1.925915879081059601e-02
1.100000000000000006e-01,3.703612729226250355e-03,1.876416120849661376e-02
1.125000000000000028e-01,3.643560569652018379e-03,1.826916362618263151e-02
1.150000000000000050e-01,3.587391460621322872e-03,1.777416604386864926e-02
1.175000000000000072e-01,3.534779193041580163e-03,1.727916846155466701e-02
1.199999999999999956e-01,3.485431125696796494e-03,1.678417087924068823e-02
1.224999999999999978e-01,3.439084128941452805e-03,1.628917329692670946e-02
1.250000000000000000e-01,3.395501081336867785e-03,1.579417571461272721e-02
1.275000000000000022e-01,3.354467849097928119e-03,1.530809799466049601e-02
1.300000000000000044e-01,3.315790660004166654e-03,1.482202027470826307e-02
1.325000000000000067e-01,3.279293827349192159e-03,1.433594255475603187e-02
1.350000000000000089e-01,3.244817758763140526e-03,1.384986483480379893e-02
1.375000000000000111e-01,3.212217222349573499e-03,1.336378711485156773e-02
1.400000000000000133e-01,3.181359820828862702e-03,1.287770939489933653e-02
1.425000000000000155e-01,3.152124657318697808e-03,1.239163167494710359e-02
1.449999999999999900e-01,3.124401154502111366e-03,1.190555395499487759e-02
1.474999999999999922e-01,3.098088018292941958e-03,1.141947623504264639e-02
1.499999999999999944e-01,3.073092315611300040e-03,1.093339851509041345e-02
1.524999999999999967e-01,3.049328662403688345e-03,1.050483503774617654e-02
1.549999999999999989e-01,3.026718497212646346e-03,1.007627156040194136e-02
1.575000000000000011e-01,3.005189439813436229e-03,9.647708083057706177e-03
1.600000000000000033e-01,2.984674714419282941e-03,9.219144605713469262e-03
1.625000000000000056e-01,2.965112639244411961e-03,8.790581128369234082e-03
1.650000000000000078e-01,2.946446165076800454e-03,8.362017651024998902e-03
1.675000000000000100e-01,2.928622466162816330e-03,7.933454173680761987e-03
1.700000000000000122e-01,2.911592568462097880e-03,7.504890696336526806e-03
1.725000000000000144e-01,2.895311019565784995e-03,7.076327218992291626e-03
1.750000000000000167e-01,2.879735587208331025e-03,6.647763741648055578e-03
1.774999999999999911e-01,2.864826991295040415e-03,6.315442004521898585e-03
1.799999999999999933e-01,2.850548657854439383e-03,5.983120267395737255e-03
1.824999999999999956e-01,2.836866500216437235e-03,5.650798530269576792e-03
1.849999999999999978e-01,2.823748717016785845e-03,5.318476793143415461e-03
1.875000000000000000e-01,2.811165612528399547e-03,4.986155056017254131e-03
1.900000000000000022e-01,2.799089429894872569e-03,4.653833318891093668e-03
1.925000000000000044e-01,2.787494202846347961e-03,4.321511581764932337e-03
1.950000000000000067e-01,2.776355617280820524e-03,3.989189844638771007e-03
1.975000000000000089e-01,2.765650888284838186e-03,3.656868107512610544e-03
2.000000000000000111e-01,2.755358644657946235e-03,3.324546370386449647e-03
2.025000000000000133e-01,2.745458826451506289e-03,3.109785195640818109e-03
2.050000000000000155e-01,2.735932588164395607e-03,2.895024020895186571e-03
2.075000000000000178e-01,2.726762213006722699e-03,2.680262846149555032e-03
2.099999999999999922e-01,2.717931031370613391e-03,2.465501671403926096e-03
2.124999999999999944e-01,2.709423348794025212e-03,2.250740496658294558e-03
2.149999999999999967e-01,2.701224376992794954e-03,2.035979321912663453e-03
2.174999999999999989e-01,2.693320173099944016e-03,1.821218147167031698e-03
2.200000000000000011e-01,2.685697581074932005e-03,1.606456972421400377e-03
2.225000000000000033e-01,2.678344180266889561e-03,1.391695797675768839e-03
2.250000000000000056e-01,2.671248235435680699e-03,1.176934622930137300e-03
2.275000000000000078e-01,2.664398653057609839e-03,1.076874653109291275e-03
2.300000000000000100e-01,2.657784938525401333e-03,9.768146832884452499e-04
2.325000000000000122e-01,2.651397158909311273e-03,8.767547134675993331e-04
2.350000000000000144e-01,2.645225906166058603e-03,7.766947436467533080e-04
2.375000000000000167e-01,2.639262265303992609e-03,6.766347738259073912e-04
2.399999999999999911e-01,2.633497782641558600e-03,5.765748040050624502e-04
2.424999999999999933e-01,2.627924438512901136e-03,4.765148341842164251e-04
2.449999999999999956e-01,2.622534619786827479e-03,3.764548643633705083e-04
2.474999999999999978e-01,2.617321096400645856e-03,2.763948945425244831e-04
2.500000000000000000e-01,2.612276997486371027e-03,1.763349247216785393e-04
2.525000000000000022e-01,2.607395791143559717e-03,1.587014322495106772e-04
2.550000000000000044e-01,2.602671263630976835e-03,1.410679397773428423e-04
2.575000000000000067e-01,2.598097501889285506e-03,1.234344473051749802e-04
2.600000000000000089e-01,2.593668875345818327e-03,1.058009548330071182e-04
2.625000000000000111e-01,2.589380020778361737e-03,8.816746236083926964e-05
2.650000000000000133e-01,2.585225826356207443e-03,7.053396988867140758e-05
2.675000000000000155e-01,2.581201418503271516e-03,5.290047741650355908e-05
2.700000000000000178e-01,2.577302147857468521e-03,3.526698494433569702e-05
2.725000000000000200e-01,2.573523577846586422e-03,1.763349247216783496e-05
2.750000000000000222e-01,2.569861472299365956e-03,0.000000000000000000e+00
2.775000000000000244e-01,2.566311785491886752e-03,0.000000000000000000e+00
2.800000000000000266e-01,2.562870651184718639e-03,0.000000000000000000e+00
2.825000000000000289e-01,2.559534373935433427e-03,0.000000000000000000e+00
2.850000000000000311e-01,2.556299419370361078e-03,0.000000000000000000e+00
2.875000000000000333e-01,2.553162406590580094e-03,0.000000000000000000e+00
2.899999999999999800e-01,2.550120099515477794e-03,0.000000000000000000e+00
2.924999999999999822e-01,2.547169400234309405e-03,0.000000000000000000e+00
2.949999999999999845e-01,2.544307341283322341e-03,0.000000000000000000e+00
2.974999999999999867e-01,2.541531079817721962e-03,0.000000000000000000e+00
2.999999999999999889e-01,2.538837890702931067e-03,0.000000000000000000e+00
3.024999999999999911e-01,2.536225161399682706e-03,0.000000000000000000e+00
3.049999999999999933e-01,2.533690385768683825e-03,0.000000000000000000e+00
3.074999999999999956e-01,2.531231159576171393e-03,0.000000000000000000e+00
3.099999999999999978e-01,2.528845174923804659e-03,0.000000000000000000e+00
3.125000000000000000e-01,2.526530216296615956e-03,0.000000000000000000e+00
3.150000000000000022e-01,2.524284155542815076e-03,0.000000000000000000e+00
3.175000000000000044e-01,2.522104948395509534e-03,0.000000000000000000e+00
3.200000000000000067e-01,2.519990629937131701e-03,0.000000000000000000e+00
3.225000000000000089e-01,2.517939311536522562e-03,0.000000000000000000e+00
3.250000000000000111e-01,2.515949176741500738e-03,0.000000000000000000e+00
3.275000000000000133e-01,2.514018478580669260e-03,8.735815589571931022e-06
3.300000000000000155e-01,2.512145535834516431e-03,1.747163117914386204e-05
3.325000000000000178e-01,2.510328730657860209e-03,2.620744676871579137e-05
3.350000000000000200e-01,2.508566505187631145e-03,3.494326235828772409e-05
3.375000000000000222e-01,2.506857359446874531e-03,4.367907794785965341e-05
3.400000000000000244e-01,2.505199848252021629e-03,5.241489353743158274e-05
3.425000000000000266e-01,2.503592579365508490e-03,6.115070912700351885e-05
3.450000000000000289e-01,2.502034210669655100e-03,6.988652471657544817e-05
3.475000000000000311e-01,2.500523448538764012e-03,7.862234030614737750e-05
3.500000000000000333e-01,2.499059045251189170e-03,8.735815589571930683e-05
3.524999999999999800e-01,2.497639797555773877e-03,1.286249158811693068e-04
3.549999999999999822e-01,2.496264544296589779e-03,1.698916758666202420e-04
3.574999999999999845e-01,2.494932165151679277e-03,2.111584358520711500e-04
3.599999999999999867e-01,2.493641578448100617e-03,2.524251958375220580e-04
3.624999999999999889e-01,2.492391740053989928e-03,2.936919558229730202e-04
3.649999999999999911e-01,2.491181641364568090e-03,3.349587158084239282e-04
3.674999999999999933e-01,2.490010308329439204e-03,3.762254757938748363e-04
3.699999999999999956e-01,2.488876799593332627e-03,4.174922357793257443e-04
3.724999999999999978e-01,2.487780205642978106e-03,4.587589957647766523e-04
3.750000000000000000e-01,2.486719647087526873e-03,5.000257557502275603e-04
3.775000000000000022e-01,2.485694273912651773e-03,5.763833180743708519e-04
3.800000000000000044e-01,2.484703263885370585e-03,6.527408803985140350e-04
3.825000000000000067e-01,2.483745821904457564e-03,7.290984427226572182e-04
3.850000000000000089e-01,2.482821178518908496e-03,8.054560050468005097e-04
3.875000000000000111e-01,2.481928589362612098e-03,8.818135673709438013e-04
3.900000000000000133e-01,2.481067333775869351e-03,9.581711296950869844e-04
3.925000000000000155e-01,2.480236714316422231e-03,1.034528692019230168e-03
3.950000000000000178e-01,2.479436055474005390e-03,1.110886254343373351e-03
3.975000000000000200e-01,2.478664703248827442e-03,1.187243816667516751e-03
4.000000000000000222e-01,2.477922023951174401e-03,1.263601378991659934e-03
4.025000000000000244e-01,2.477207403840801878e-03,1.363184502774352890e-03
4.050000000000000266e-01,2.476520248003076258e-03,1.462767626557045847e-03
4.075000000000000289e-01,2.475859980043014150e-03,1.562350750339738803e-03
4.100000000000000311e-01,2.475226041031897573e-03,1.661933874122431543e-03
4.125000000000000333e-01,2.474617889249179203e-03,1.761516997905124716e-03
4.150000000000000355e-01,2.474034999194167032e-03,1.861100121687817455e-03
4.174999999999999822e-01,2.473476861371130299e-03,1.960683245470508027e-03
4.199999999999999845e-01,2.472942981359260457e-03,2.060266369253201200e-03
4.224999999999999867e-01,2.472432879637127996e-03,2.159849493035894373e-03
4.249999999999999889e-01,2.471946090706866536e-03,2.259432616818587113e-03
4.274999999999999911e-01,2.471482162952803267e-03,2.362905401163184916e-03
4.299999999999999933e-01,2.471040657815446080e-03,2.466378185507782719e-03
4.324999999999999956e-01,2.470621149681130006e-03,2.569850969852380956e-03
4.349999999999999978e-01,2.470223225101807543e-03,2.673323754196978760e-03
4.375000000000000000e-01,2.469846482712407740e-03,2.776796538541576997e-03
4.400000000000000022e-01,2.469490532492464151e-03,2.880269322886174800e-03
4.425000000000000044e-01,2.469154995708561923e-03,2.983742107230773037e-03
4.450000000000000067e-01,2.468839504214754600e-03,3.087214891575370840e-03
4.475000000000000089e-01,2.468543700417242560e-03,3.190687675919968644e-03
4.500000000000000111e-01,2.468267236610383747e-03,3.294160460264566881e-03
4.525000000000000133e-01,2.468009774961546065e-03,3.381032975857700597e-03
4.550000000000000155e-01,2.467770986880369298e-03,3.467905491450834314e-03
4.575000000000000178e-01,2.467550553021092240e-03,3.554778007043968464e-03
4.600000000000000200e-01,2.467348162682589038e-03,3.641650522637102181e-03
4.625000000000000222e-01,2.467163513826870457e-03,3.728523038230235898e-03
4.650000000000000244e-01,2.466996312507326820e-03,3.815395553823369614e-03
4.675000000000000266e-01,2.466846272901757585e-03,3.902268069416503331e-03
4.700000000000000289e-01,2.466713116766480317e-03,3.989140585009637481e-03
4.725000000000000311e-01,2.466596573482767937e-03,4.076013100602770764e-03
4.750000000000000333e-01,2.466496379535226911e-03,4.162885616195904914e-03
4.775000000000000355e-01,2.466412278569455989e-03,4.216547391338601458e-03
4.799999999999999822e-01,2.466344020893551734e-03,4.270209166481296267e-03
4.824999999999999845e-01,2.466291363545616150e-03,4.323870941623992811e-03
4.849999999999999867e-01,2.466254069816942347e-03,4.377532716766689355e-03
4.874999999999999889e-01,2.466231909328339342e-03,4.431194491909385899e-03
4.899999999999999911e-01,2.466224657573129996e-03,4.484856267052082443e-03
4.924999999999999933e-01,2.466232096001665878e-03,4.538518042194778987e-03
4.949999999999999956e-01,2.466254011582747104e-03,4.592179817337475531e-03
4.974999999999999978e-01,2.466290196895720970e-03,4.645841592480172075e-03
5.000000000000000000e-01,2.466340449708513509e-03,4.699503367622868619e-03
5.025000000000000577e-01,2.466404573076480533e-03,4.710539647926241004e-03
5.050000000000000044e-01,2.466482374937160622e-03,4.721575928229612522e-03
5.075000000000000622e-01,2.466573668213895357e-03,4.732612208532984040e-03
5.100000000000000089e-01,2.466678270426202191e-03,4.743648488836355558e-03
5.124999999999999556e-01,2.466796003798477424e-03,4.754684769139727075e-03
5.150000000000000133e-01,2.466926694884460231e-03,4.765721049443099461e-03
5.174999999999999600e-01,2.467070174680458493e-03,4.776757329746470979e-03
5.200000000000000178e-01,2.467226278263033590e-03,4.787793610049842497e-03
5.224999999999999645e-01,2.467394844906240382e-03,4.798829890353214014e-03
5.250000000000000222e-01,2.467575717731815017e-03,4.809866170656586400e-03
5.274999999999999689e-01,2.467768743829822347e-03,4.777473037810418821e-03
5.300000000000000266e-01,2.467973773920795980e-03,4.745079904964249508e-03
5.324999999999999734e-01,2.468190662479029414e-03,4.712686772118081929e-03
5.350000000000000311e-01,2.468419267406245059e-03,4.680293639271912616e-03
5.374999999999999778e-01,2.468659450157188219e-03,4.647900506425745037e-03
5.400000000000000355e-01,2.468911075423770377e-03,4.615507373579575724e-03
5.424999999999999822e-01,2.469174011263083543e-03,4.583114240733408146e-03
5.450000000000000400e-01,2.469448128791457923e-03,4.550721107887238832e-03
5.474999999999999867e-01,2.469733302314100400e-03,4.518327975041071254e-03
5.500000000000000444e-01,2.470029409028568716e-03,4.485934842194901941e-03
5.524999999999999911e-01,2.470336329156026713e-03,4.417501101478709009e-03
5.550000000000000488e-01,2.470653945654197482e-03,4.349067360762513476e-03
5.574999999999999956e-01,2.470982144348924780e-03,4.280633620046320545e-03
5.600000000000000533e-01,2.471320813655804131e-03,4.212199879330125012e-03
5.625000000000000000e-01,2.471669844713461194e-03,4.143766138613932080e-03
5.650000000000000577e-01,2.472029131112434865e-03,4.075332397897736547e-03
5.675000000000000044e-01,2.472398569029594928e-03,4.006898657181543616e-03
5.700000000000000622e-01,2.472778056964501821e-03,3.938464916465348083e-03
5.725000000000000089e-01,2.473167495874313906e-03,3.870031175749155151e-03
5.750000000000000666e-01,2.473566788918107884e-03,3.801597435032959618e-03
5.775000000000000133e-01,2.473975841591019749e-03,3.710741557705434391e-03
5.799999999999999600e-01,2.474394561476276483e-03,3.619885680377909597e-03
5.825000000000000178e-01,2.474822858379390356e-03,3.529029803050380467e-03
5.849999999999999645e-01,2.475260644086838945e-03,3.438173925722855240e-03
5.875000000000000222e-01,2.475707832500157086e-03,3.347318048395326543e-03
5.899999999999999689e-01,2.476164339400685824e-03,3.256462171067801316e-03
5.925000000000000266e-01,2.476630082584165699e-03,3.165606293740272185e-03
5.949999999999999734e-01,2.477104981631198573e-03,3.074750416412747392e-03
5.975000000000000311e-01,2.477588958041547756e-03,2.983894539085218262e-03
5.999999999999999778e-01,2.478081935010390761e-03,2.893038661757693468e-03
6.025000000000000355e-01,2.478583837562325833e-03,2.796553011194729405e-03
6.049999999999999822e-01,2.479094592333111642e-03,2.700067360631769244e-03
6.075000000000000400e-01,2.479614127703295631e-03,2.603581710068805181e-03
6.099999999999999867e-01,2.480142373585154849e-03,2.507096059505845020e-03
6.125000000000000444e-01,2.480679261555806484e-03,2.410610408942880957e-03
6.149999999999999911e-01,2.481224724649294319e-03,2.314124758379920797e-03
6.175000000000000488e-01,2.481778697488936855e-03,2.217639107816956733e-03
6.199999999999999956e-01,2.482341116084148692e-03,2.121153457253996573e-03
6.225000000000000533e-01,2.482911917962537986e-03,2.024667806691032509e-03
6.250000000000000000e-01,2.483491041971182603e-03,1.928182156128072566e-03
6.275000000000000577e-01,2.484078428407680665e-03,1.842429270952951944e-03
6.300000000000000044e-01,2.484674018826105689e-03,1.756676385777835225e-03
6.325000000000000622e-01,2.485277756167473834e-03,1.670923500602714820e-03
6.350000000000000089e-01,2.485889584569782144e-03,1.585170615427598101e-03
6.375000000000000666e-01,2.486509449497419783e-03,1.499417730252477479e-03
6.400000000000000133e-01,2.487137297555658873e-03,1.413664845077360760e-03
6.424999999999999600e-01,2.487773076619139833e-03,1.327911959902244041e-03
6.450000000000000178e-01,2.488416735650010765e-03,1.242159074727123419e-03
6.474999999999999645e-01,2.489068224825814312e-03,1.156406189552006917e-03
6.500000000000000222e-01,2.489727495361354105e-03,1.070653304376886295e-03
6.524999999999999689e-01,2.490394499635439733e-03,1.007975340025080071e-03
6.550000000000000266e-01,2.491069191016790328e-03,9.452973756732712448e-04
6.574999999999999734e-01,2.491751523989328004e-03,8.826194113214651292e-04
6.600000000000000311e-01,2.492441453981899136e-03,8.199414469696561947e-04
6.624999999999999778e-01,2.493138937492477523e-03,7.572634826178499708e-04
6.650000000000000355e-01,2.493843931921535528e-03,6.945855182660411447e-04
6.674999999999999822e-01,2.494556395694799179e-03,6.319075539142349207e-04
6.700000000000000400e-01,2.495276288099864542e-03,5.692295895624260946e-04
6.724999999999999867e-01,2.496003569408511338e-03,5.065516252106199791e-04
6.750000000000000444e-01,2.496738200715955657e-03,4.438736608588110446e-04
6.774999999999999911e-01,2.497480144062193003e-03,4.095204930545061003e-04
6.800000000000000488e-01,2.498229362274335778e-03,3.751673252501996382e-04
6.824999999999999956e-01,2.498985819087006996e-03,3.408141574458946940e-04
6.850000000000000533e-01,2.499749478987441185e-03,3.064609896415882318e-04
6.875000000000000000e-01,2.500520307334888441e-03,2.721078218372832876e-04
6.900000000000000577e-01,2.501298270208571987e-03,2.377546540329768254e-04
6.925000000000000044e-01,2.502083334525853631e-03,2.034014862286718812e-04
6.950000000000000622e-01,2.502875467893375845e-03,1.690483184243654190e-04
6.975000000000000089e-01,2.503674638723501177e-03,1.346951506200604748e-04
7.000000000000000666e-01,2.504480816088549937e-03,1.003419828157539855e-04
7.025000000000000133e-01,2.505293969836181432e-03,9.030778453417880654e-05
7.049999999999999600e-01,2.506114070446079350e-03,8.027358625260362754e-05
7.075000000000000178e-01,2.506941089144033678e-03,7.023938797102801486e-05
7.099999999999999645e-01,2.507774997761241190e-03,6.020518968945283585e-05
7.125000000000000222e-01,2.508615768847810134e-03,5.017099140787720961e-05
7.149999999999999689e-01,2.509463375533680513e-03,4.013679312630203739e-05
7.175000000000000266e-01,2.510317791641401061e-03,3.010259484472641793e-05
7.199999999999999734e-01,2.511178991549609975e-03,2.006839656315123892e-05
7.225000000000000311e-01,2.512046950304303115e-03,1.003419828157561268e-05
7.249999999999999778e-01,2.512921643484839190e-03,4.336808689942017736e-19
7.275000000000000355e-01,2.513803047314041358e-03,0.000000000000000000e+00
7.299999999999999822e-01,2.514691138526339593e-03,0.000000000000000000e+00
7.325000000000000400e-01,2.515585894477105969e-03,0.000000000000000000e+00
7.349999999999999867e-01,2.516487293012595501e-03,0.000000000000000000e+00
7.375000000000000444e-01,2.517395312578267919e-03,0.000000000000000000e+00
7.399999999999999911e-01,2.518309932090737752e-03,0.000000000000000000e+00
7.425000000000000488e-01,2.519231131045197945e-03,0.000000000000000000e+00
7.449999999999999956e-01,2.520158889389783816e-03,0.000000000000000000e+00
7.475000000000000533e-01,2.521093187630927580e-03,0.000000000000000000e+00
7.500000000000000000e-01,2.522034006710055509e-03,0.000000000000000000e+00
7.525000000000000577e-01,2.522981328108749900e-03,1.109447685767151633e-05
7.550000000000000044e-01,2.523935133726437196e-03,2.218895371534253800e-05
7.575000000000000622e-01,2.524895405984246312e-03,3.328343057301405772e-05
7.600000000000000089e-01,2.525862127705455831e-03,4.437790743068507600e-05
7.625000000000000666e-01,2.526835282217981468e-03,5.547238428835659572e-05
7.650000000000000133e-01,2.527814853236135147e-03,6.656686114602761400e-05
7.675000000000000711e-01,2.528800824962778963e-03,7.766133800369914050e-05
7.700000000000000178e-01,2.529793181972657661e-03,8.875581486137015200e-05
7.724999999999999645e-01,2.530791909312836950e-03,9.985029171904117706e-05
7.750000000000000222e-01,2.531796992389001924e-03,1.109447685767126900e-04
7.774999999999999689e-01,2.532808417063689248e-03,1.393762133062334367e-04
7.800000000000000266e-01,2.533826169544829005e-03,1.678076580357554845e-04
7.824999999999999734e-01,2.534850236483246564e-03,1.962391027652762312e-04
7.850000000000000311e-01,2.535880604862266515e-03,2.246705474947982518e-04
7.874999999999999778e-01,2.536917262094263905e-03,2.531019922243190256e-04
7.900000000000000355e-01,2.537960195912051468e-03,2.815334369538410463e-04
7.924999999999999822e-01,2.539009394464769500e-03,3.099648816833618201e-04
7.950000000000000400e-01,2.540064846210051547e-03,3.383963264128838407e-04
7.974999999999999867e-01,2.541126540009632818e-03,3.668277711424046145e-04
8.000000000000000444e-01,2.542194465022503801e-03,3.952592158719265810e-04
8.024999999999999911e-01,2.543268610799915425e-03,4.404427655282700969e-04
8.050000000000000488e-01,2.544348967179933460e-03,4.856263151846156186e-04
8.074999999999999956e-01,2.545435524381174305e-03,5.308098648409591887e-04
8.100000000000000533e-01,2.546528272899372964e-03,5.759934144973046562e-04
8.125000000000000000e-01,2.547627203599578394e-03,6.211769641536481722e-04
8.150000000000000577e-01,2.548732307614607565e-03,6.663605138099937481e-04
8.175000000000000044e-01,2.549843576435841756e-03,7.115440634663372640e-04
8.200000000000000622e-01,2.550961001813366325e-03,7.567276131226828399e-04
8.225000000000000089e-01,2.552084575846029751e-03,8.019111627790263559e-04
8.250000000000000666e-01,2.553214290882544878e-03,8.470947124353718233e-04
8.275000000000000133e-01,2.554350139610464619e-03,9.040881948024388770e-04
8.300000000000000711e-01,2.555492114958964143e-03,9.610816771695083159e-04
8.325000000000000178e-01,2.556640210187218105e-03,1.018075159536575370e-03
8.349999999999999645e-01,2.557794418787812107e-03,1.075068641903642423e-03
8.375000000000000222e-01,2.558954734574305900e-03,1.132062124270711862e-03
8.399999999999999689e-01,2.560121151586153623e-03,1.189055606637778916e-03
8.425000000000000266e-01,2.561293664175609119e-03,1.246049089004848355e-03
8.449999999999999734e-01,2.562472266913320973e-03,1.303042571371915408e-03
8.475000000000000311e-01,2.563656954674558251e-03,1.360036053738984847e-03
8.499999999999999778e-01,2.564847722545926176e-03,1.417029536106052118e-03
8.525000000000000355e-01,2.566044565911257055e-03,1.479023350923141990e-03
8.549999999999999822e-01,2.567247480359047176e-03,1.541017165740229695e-03
8.575000000000000400e-01,2.568456461766949542e-03,1.603010980557320001e-03
8.599999999999999867e-01,2.569671506211491062e-03,1.665004795374407705e-03
8.625000000000000444e-01,2.570892610051236492e-03,1.726998610191498012e-03
8.649999999999999911e-01,2.572119769837393367e-03,1.788992425008585499e-03
8.675000000000000488e-01,2.573352982396168425e-03,1.850986239825675806e-03
8.699999999999999956e-01,2.574592244740871345e-03,1.912980054642763293e-03
8.725000000000000533e-01,2.575837554153109343e-03,1.974973869459853600e-03
8.750000000000000000e-01,2.577088908096033214e-03,2.036967684276941304e-03
8.775000000000000577e-01,2.578346304295111701e-03,2.097414687019808367e-03
8.800000000000000044e-01,2.579609740651373634e-03,2.157861689762672393e-03
8.825000000000000622e-01,2.580879215322544849e-03,2.218308692505539456e-03
8.850000000000000089e-01,2.582154726637012412e-03,2.278755695248403483e-03
8.875000000000000666e-01,2.583436273173703428e-03,2.339202697991270546e-03
8.900000000000000133e-01,2.584723853677498625e-03,2.399649700734134573e-03
8.925000000000000711e-01,2.586017467138139285e-03,2.460096703477001635e-03
8.950000000000000178e-01,2.587317112706916718e-03,2.520543706219865662e-03
8.974999999999999645e-01,2.588622789774246060e-03,2.580990708962729689e-03
9.000000000000000222e-01,2.589934497887933038e-03,2.641437711705596752e-03
9.024999999999999689e-01,2.591252236829745103e-03,2.695535010101782897e-03
9.050000000000000266e-01,2.592576006534764999e-03,2.749632308497971210e-03
9.074999999999999734e-01,2.593905807166812637e-03,2.803729606894157355e-03
9.100000000000000311e-01,2.595241639038945759e-03,2.857826905290345668e-03
9.124999999999999778e-01,2.596583502688308478e-03,2.911924203686531813e-03
9.150000000000000355e-01,2.597931398797480220e-03,2.966021502082720127e-03
9.174999999999999822e-01,2.599285328268810362e-03,3.020118800478906271e-03
9.200000000000000400e-01,2.600645292145752421e-03,3.074216098875094585e-03
9.224999999999999867e-01,2.602011291687581201e-03,3.128313397271280730e-03
9.250000000000000444e-01,2.603383328291212270e-03,3.182410695667469043e-03
9.274999999999999911e-01,2.604761403564881742e-03,3.227783125557016301e-03
9.300000000000000488e-01,2.606145519251386929e-03,3.273155555446565727e-03
9.324999999999999956e-01,2.607535677300491968e-03,3.318527985336113418e-03
9.350000000000000533e-01,2.608931879793638213e-03,3.363900415225662844e-03
9.375000000000000000e-01,2.610334129015095227e-03,3.409272845115210102e-03
9.400000000000000577e-01,2.611742427377803082e-03,3.454645275004759528e-03
9.425000000000000044e-01,2.613156777493772648e-03,3.500017704894307219e-03
9.450000000000000622e-01,2.614577182100987374e-03,3.545390134783856645e-03
9.475000000000000089e-01,2.616003644132620064e-03,3.590762564673403903e-03
9.500000000000000666e-01,2.617436166644951205e-03,3.636134994562953329e-03
9.525000000000000133e-01,2.618874752886379310e-03,3.672729109388827434e-03
9.550000000000000711e-01,2.620319406225383053e-03,3.709323224214703275e-03
9.575000000000000178e-01,2.621770130219513821e-03,3.745917339040577380e-03
9.599999999999999645e-01,2.623226928543550412e-03,3.782511453866451486e-03
9.625000000000000222e-01,2.624689805058385336e-03,3.819105568692327327e-03
9.649999999999999689e-01,2.626158763739783620e-03,3.855699683518201432e-03
9.675000000000000266e-01,2.627633808746255607e-03,3.892293798344077273e-03
9.699999999999999734e-01,2.629114944349132416e-03,3.928887913169950945e-03
9.725000000000000311e-01,2.630602174999505452e-03,3.965482027995827219e-03
9.749999999999999778e-01,2.632095505258903820e-03,4.002076142821700891e-03
9.775000000000000355e-01,2.633594939865811432e-03,4.031424302070558269e-03
9.799999999999999822e-01,2.635100483667391323e-03,4.060772461319414779e-03
9.825000000000000400e-01,2.636612141684641867e-03,4.090120620568272157e-03
9.849999999999999867e-01,2.638129919045498466e-03,4.119468779817127800e-03
9.875000000000000444e-01,2.639653821048944162e-03,4.148816939065985178e-03
9.899999999999999911e-01,2.641183853099075395e-03,4.178165098314840821e-03
9.925000000000000488e-01,2.642720020768437195e-03,4.207513257563698199e-03
9.949999999999999956e-01,2.644262329732953703e-03,4.236861416812554709e-03
9.975000000000000533e-01,2.645810785834946336e-03,4.266209576061412087e-03
1.000000000000000000e+00,2.647365395017517876e-03,4.295557735310267730e-03
1.002499999999999947e+00,2.648926163388537307e-03,4.319685604823944591e-03
1.005000000000000115e+00,2.650493097154895100e-03,4.343813474337623187e-03
1.007500000000000062e+00,2.652066202685919496e-03,4.367941343851299181e-03
1.010000000000000009e+00,2.653645486448606705e-03,4.392069213364976042e-03
1.012499999999999956e+00,2.655230955069926967e-03,4.416197082878652903e-03
1.015000000000000124e+00,2.656822615273297678e-03,4.440324952392331499e-03
1.017500000000000071e+00,2.658420473939852088e-03,4.464452821906008360e-03
1.020000000000000018e+00,2.660024538046012674e-03,4.488580691419684354e-03
1.022499999999999964e+00,2.661634814723805309e-03,4.512708560933361215e-03
1.024999999999999911e+00,2.663251311199299996e-03,4.536836430447038077e-03
1.027500000000000080e+00,2.664874034852317015e-03,4.557141771433603425e-03
1.030000000000000027e+00,2.666502993155229779e-03,4.577447112420167906e-03
1.032499999999999973e+00,2.668138193732406873e-03,4.597752453406731520e-03
1.034999999999999920e+00,2.669779644299728315e-03,4.618057794393295133e-03
1.037500000000000089e+00,2.671427352723600851e-03,4.638363135379861349e-03
1.040000000000000036e+00,2.673081326960231353e-03,4.658668476366424963e-03
1.042499999999999982e+00,2.674741575114772223e-03,4.678973817352988576e-03
1.044999999999999929e+00,2.676408105381625647e-03,4.699279158339552190e-03
1.047500000000000098e+00,2.678080926102199919e-03,4.719584499326118406e-03
1.050000000000000044e+00,2.679760045706099710e-03,4.739889840312682019e-03
1.052499999999999991e+00,2.681445472768414443e-03,4.756305069708068912e-03
1.054999999999999938e+00,2.683137215951748172e-03,4.772720299103455806e-03
1.057500000000000107e+00,2.684835284062293652e-03,4.789135528498844434e-03
1.060000000000000053e+00,2.686539685993277315e-03,4.805550757894231327e-03
1.062500000000000000e+00,2.688250430780086617e-03,4.821965987289619088e-03
1.064999999999999947e+00,2.689967527543914941e-03,4.838381216685005981e-03
1.067500000000000115e+00,2.691690985547470511e-03,4.854796446080394609e-03
1.070000000000000062e+00,2.693420814137765639e-03,4.871211675475781502e-03
1.072500000000000009e+00,2.695157022802307459e-03,4.887626904871168396e-03
1.074999999999999956e+00,2.696899621112410200e-03,4.904042134266555289e-03
1.077500000000000124e+00,2.698648618778609620e-03,4.914711022007325208e-03
1.080000000000000071e+00,2.700404025594264987e-03,4.925379909748094261e-03
1.082500000000000018e+00,2.702165851490942287e-03,4.936048797488863313e-03
1.084999999999999964e+00,2.703934106482654143e-03,4.946717685229632365e-03
1.087500000000000133e+00,2.705708800720198291e-03,4.957386572970402284e-03
1.090000000000000080e+00,2.707489944436382821e-03,4.968055460711170469e-03
1.092500000000000027e+00,2.709277547999735820e-03,4.978724348451939521e-03
1.094999999999999973e+00,2.711071621860179030e-03,4.989393236192708574e-03
1.097499999999999920e+00,2.712872176602349784e-03,5.000062123933477626e-03
1.100000000000000089e+00,2.714679222891991112e-03,5.010731011674247545e-03
1.102500000000000036e+00,2.716492771528248879e-03,5.012298145261689930e-03
1.104999999999999982e+00,2.718312833391316099e-03,5.013865278849133182e-03
1.107499999999999929e+00,2.720139419493739549e-03,5.015432412436575567e-03
1.110000000000000098e+00,2.721972540928460898e-03,5.016999546024018819e-03
1.112500000000000044e+00,2.723812208920248657e-03,5.018566679611461204e-03
1.114999999999999991e+00,2.725658434773675556e-03,5.020133813198903588e-03
1.117499999999999938e+00,2.727511229924563935e-03,5.021700946786346841e-03
1.120000000000000107e+00,2.729370605887814372e-03,5.023268080373789225e-03
1.122500000000000053e+00,2.731236574309058810e-03,5.024835213961232477e-03
1.125000000000000000e+00,2.733109146912866914e-03,5.026402347548674862e-03
1.127499999999999947e+00,2.734988335553667580e-03,5.014860472995204092e-03
1.130000000000000115e+00,2.736874152164396785e-03,5.003318598441732455e-03
1.132500000000000062e+00,2.738766608807286819e-03,4.991776723888261685e-03
1.135000000000000009e+00,2.740665717622989446e-03,4.980234849334790916e-03
1.137499999999999956e+00,2.742571490880460917e-03,4.968692974781320146e-03
1.140000000000000124e+00,2.744483940927328058e-03,4.957151100227848509e-03
1.142500000000000071e+00,2.746403080238715103e-03,4.945609225674377739e-03
1.145000000000000018e+00,2.748328921368010502e-03,4.934067351120906969e-03
1.147499999999999964e+00,2.750261476996025516e-03,4.922525476567436199e-03
1.150000000000000133e+00,2.752200759881369852e-03,4.910983602013964562e-03
1.152500000000000080e+00,2.754146782909394717e-03,4.882881626444770563e-03
1.155000000000000027e+00,2.756099559043672168e-03,4.854779650875576565e-03
1.157499999999999973e+00,2.758059101373715617e-03,4.826677675306382566e-03
1.159999999999999920e+00,2.760025423066948813e-03,4.798575699737188567e-03
1.162500000000000089e+00,2.761998537416693496e-03,4.770473724167991966e-03
1.165000000000000036e+00,2.763978457794001326e-03,4.742371748598797968e-03
1.167499999999999982e+00,2.765965197695514043e-03,4.714269773029603969e-03
1.169999999999999929e+00,2.767958770695395573e-03,4.686167797460409970e-03
1.172500000000000098e+00,2.769959190492924175e-03,4.658065821891213369e-03
1.175000000000000044e+00,2.771966470865183489e-03,4.629963846322019370e-03
1.177499999999999991e+00,2.773980625713853235e-03,4.583678390519786532e-03
1.179999999999999938e+00,2.776001669018831816e-03,4.537392934717554560e-03
1.182500000000000107e+00,2.778029614883667855e-03,4.491107478915317384e-03
1.185000000000000053e+00,2.780064477490467797e-03,4.444822023113085413e-03
1.187500000000000000e+00,2.782106271145225965e-03,4.398536567310852574e-03
1.189999999999999947e+00,2.784155010231665305e-03,4.352251111508619735e-03
1.192500000000000115e+00,2.786210709257603505e-03,4.305965655706383427e-03
1.195000000000000062e+00,2.788273382809091684e-03,4.259680199904150588e-03
1.197500000000000009e+00,2.790343045595518930e-03,4.213394744101917749e-03
1.199999999999999956e+00,2.792419712404493014e-03,4.167109288299685778e-03
1.202500000000000124e+00,2.794503398147316162e-03,4.103847933352488056e-03
1.205000000000000071e+00,2.796594117813464182e-03,4.040586578405294671e-03
1.207500000000000018e+00,2.798691886515826312e-03,3.977325223458101286e-03
1.209999999999999964e+00,2.800796719445998798e-03,3.914063868510907901e-03
1.212500000000000133e+00,2.802908631918309135e-03,3.850802513563709312e-03
1.215000000000000080e+00,2.805027639326369490e-03,3.787541158616515927e-03
1.217500000000000027e+00,2.807153757186375397e-03,3.724279803669322542e-03
1.219999999999999973e+00,2.809287001094088951e-03,3.661018448722129157e-03
1.222499999999999920e+00,2.811427386767706860e-03,3.597757093774936205e-03
1.225000000000000089e+00,2.813574930005125537e-03,3.534495738827737182e-03
1.227500000000000036e+00,2.815729646727017747e-03,3.458739639506791877e-03
1.229999999999999982e+00,2.817891552933606339e-03,3.382983540185847005e-03
1.232499999999999929e+00,2.820060664747979420e-03,3.307227440864901700e-03
1.235000000000000098e+00,2.822236998373353276e-03,3.231471341543949889e-03
1.237500000000000044e+00,2.824420570135543172e-03,3.155715242223004584e-03
1.239999999999999991e+00,2.826611396440744089e-03,3.079959142902059278e-03
1.242499999999999938e+00,2.828809493817955982e-03,3.004203043581113973e-03
1.245000000000000107e+00,2.831014878876885084e-03,2.928446944260162596e-03
1.247500000000000053e+00,2.833227568350250771e-03,2.852690844939217291e-03
1.250000000000000000e+00,2.835447579051506451e-03,2.776934745618271985e-03
1.252499999999999947e+00,2.837674927917268296e-03,2.696135312641294909e-03
1.255000000000000115e+00,2.839909631965507972e-03,2.615335879664310460e-03
1.257500000000000062e+00,2.842151708337269708e-03,2.534536446687333383e-03
1.260000000000000009e+00,2.844401174255487517e-03,2.453737013710355873e-03
1.262499999999999956e+00,2.846658047066138054e-03,2.372937580733378796e-03
1.265000000000000124e+00,2.848922344197532281e-03,2.292138147756394781e-03
1.267500000000000071e+00,2.851194083201318268e-03,2.211338714779417271e-03
1.270000000000000018e+00,2.853473281712102030e-03,2.130539281802440194e-03
1.272499999999999964e+00,2.855759957487323183e-03,2.049739848825463118e-03
1.275000000000000133e+00,2.858054128368383694e-03,1.968940415848478669e-03
1.277500000000000080e+00,2.860355812319817503e-03,1.892437769332372399e-03
1.280000000000000027e+00,2.862665027390120468e-03,1.815935122816265913e-03
1.282499999999999973e+00,2.864981791751482470e-03,1.739432476300159644e-03
1.284999999999999920e+00,2.867306123660618225e-03,1.662929829784053157e-03
1.287500000000000089e+00,2.869638041497877060e-03,1.586427183267939949e-03
1.290000000000000036e+00,2.871977563728931107e-03,1.509924536751833680e-03
1.292499999999999982e+00,2.874324708943238032e-03,1.433421890235727410e-03
1.294999999999999929e+00,2.876679495816050151e-03,1.356919243719620924e-03
1.297500000000000098e+00,2.879041943146731005e-03,1.280416597203507933e-03
1.300000000000000044e+00,2.881412069821179516e-03,1.203913950687401447e-03
1.302499999999999991e+00,2.883789894849642186e-03,1.141211889476147733e-03
1.304999999999999938e+00,2.886175437329079139e-03,1.078509828264894018e-03
1.307500000000000107e+00,2.888568716481743938e-03,1.015807767053634883e-03
1.310000000000000053e+00,2.890969751616813670e-03,9.531057058423811693e-04
1.312500000000000000e+00,2.893378562168963126e-03,8.904036446311274552e-04
1.314999999999999947e+00,2.895795167661066507e-03,8.277015834198737411e-04
1.317500000000000115e+00,2.898219587741404646e-03,7.649995222086144976e-04
1.320000000000000062e+00,2.900651842146635597e-03,7.022974609973607835e-04
1.322500000000000009e+00,2.903091950740040953e-03,6.395953997861070694e-04
1.324999999999999956e+00,2.905539933473748337e-03,5.768933385748534638e-04
1.327500000000000124e+00,2.907995810426512381e-03,5.355710458013022979e-04
1.330000000000000071e+00,2.910459601767088206e-03,4.942487530277567698e-04
1.332500000000000018e+00,2.912931327790826280e-03,4.529264602542112960e-04
1.334999999999999964e+00,2.915411008883878573e-03,4.116041674806658222e-04
1.337500000000000133e+00,2.917898665559733127e-03,3.702818747071166079e-04
1.340000000000000080e+00,2.920394318423476590e-03,3.289595819335711341e-04
1.342500000000000027e+00,2.922897988207562477e-03,2.876372891600256060e-04
1.344999999999999973e+00,2.925409695736459238e-03,2.463149963864801322e-04
1.347499999999999920e+00,2.927929461963360916e-03,2.049927036129346042e-04
1.350000000000000089e+00,2.930457307934010783e-03,1.636704108393854170e-04
1.352500000000000036e+00,2.932993254822878568e-03,1.473033697554471761e-04
1.354999999999999982e+00,2.935537323898106902e-03,1.309363286715089082e-04
1.357499999999999929e+00,2.938089536557097863e-03,1.145692875875706674e-04
1.360000000000000098e+00,2.940649914291460290e-03,9.820224650363096287e-05
1.362500000000000044e+00,2.943218478723009200e-03,8.183520541969270849e-05
1.364999999999999991e+00,2.945795251568181835e-03,6.546816433575445410e-05
1.367499999999999938e+00,2.948380254674389227e-03,4.910112325181621327e-05
1.370000000000000107e+00,2.950973509984495136e-03,3.273408216787650877e-05
1.372500000000000053e+00,2.953575039572693163e-03,1.636704108393824083e-05
1.375000000000000000e+00,2.956184865609930244e-03,0.000000000000000000e+00
1.377499999999999947e+00,2.958803010398247668e-03,6.480803978516309450e-06
1.380000000000000115e+00,2.961429496337979195e-03,1.296160795703319488e-05
1.382500000000000062e+00,2.964064345961441548e-03,1.944241193554950179e-05
1.385000000000000009e+00,2.966707581899065676e-03,2.592321591406581378e-05
1.387499999999999956e+00,2.969359226914686668e-03,3.240401989258211900e-05
1.390000000000000124e+00,2.972019303871201428e-03,3.888482387109900359e-05
1.392500000000000071e+00,2.974687835764910568e-03,4.536562784961531897e-05
1.395000000000000018e+00,2.977364845692716949e-03,5.184643182813162757e-05
1.397499999999999964e+00,2.980050356885222910e-03,5.832723580664793617e-05
1.400000000000000133e+00,2.982744392674638746e-03,6.480803978516482076e-05
1.402500000000000080e+00,2.985446976528059043e-03,9.978212147886288586e-05
1.405000000000000027e+00,2.988158132014127801e-03,1.347562031725609510e-04
1.407499999999999973e+00,2.990877882837497843e-03,1.697302848662590432e-04
1.409999999999999920e+00,2.993606252806028066e-03,2.047043665599571083e-04
1.412500000000000089e+00,2.996343265863706754e-03,2.396784482536582904e-04
1.415000000000000036e+00,2.999088946058141563e-03,2.746525299473563555e-04
1.417499999999999982e+00,3.001843317574668085e-03,3.096266116410544477e-04
1.419999999999999929e+00,3.004606404703071346e-03,3.446006933347524857e-04
1.422500000000000098e+00,3.007378231871514398e-03,3.795747750284536679e-04
1.425000000000000044e+00,3.010158823613617168e-03,4.145488567221517601e-04
1.427499999999999991e+00,3.012948204602087544e-03,4.770087693636582962e-04
1.429999999999999938e+00,3.015746399616274238e-03,5.394686820051648865e-04
1.432500000000000107e+00,3.018553433574793464e-03,6.019285946466770062e-04
1.435000000000000053e+00,3.021369331505150465e-03,6.643885072881834880e-04
1.437500000000000000e+00,3.024194118574295362e-03,7.268484199296900783e-04
1.439999999999999947e+00,3.027027820058365241e-03,7.893083325711965602e-04
1.442500000000000115e+00,3.029870461375131288e-03,8.517682452127087883e-04
1.445000000000000062e+00,3.032722068051907274e-03,9.142281578542151618e-04
1.447500000000000009e+00,3.035582665758233909e-03,9.766880704957217520e-04
1.449999999999999956e+00,3.038452280274910565e-03,1.039147983137228342e-03
1.452500000000000124e+00,3.041330937525526905e-03,1.122371666493432755e-03
1.455000000000000071e+00,3.044218663546263085e-03,1.205595349849631747e-03
1.457500000000000018e+00,3.047115484516444740e-03,1.288819033205830522e-03
1.459999999999999964e+00,3.050021426729439527e-03,1.372042716562029514e-03
1.462500000000000133e+00,3.052936516623239865e-03,1.455266399918235878e-03
1.465000000000000080e+00,3.055860780750027650e-03,1.538490083274434653e-03
1.467500000000000027e+00,3.058794245807973464e-03,1.621713766630633428e-03
1.469999999999999973e+00,3.061736938610976066e-03,1.704937449986832420e-03
1.472499999999999920e+00,3.064688886119396050e-03,1.788161133343031195e-03
1.475000000000000089e+00,3.067650115410358244e-03,1.871384816699237560e-03
1.477500000000000036e+00,3.070620653708989317e-03,1.964682190053932374e-03
1.479999999999999982e+00,3.073600528357920032e-03,2.057979563408627623e-03
1.482499999999999929e+00,3.076589766849085333e-03,2.151276936763322437e-03
1.485000000000000098e+00,3.079588396793140736e-03,2.244574310118025925e-03
1.487500000000000044e+00,3.082596445950486989e-03,2.337871683472720740e-03
1.489999999999999991e+00,3.085613942202080750e-03,2.431169056827415555e-03
1.492499999999999938e+00,3.088640913579662143e-03,2.524466430182110803e-03
1.495000000000000107e+00,3.091677388236414078e-03,2.617763803536813857e-03
1.497500000000000053e+00,3.094723394477487746e-03,2.711061176891509106e-03
1.500000000000000000e+00,3.097778960730899599e-03,2.804358550246203920e-03
1.502499999999999947e+00,3.100844115577815717e-03,2.895326177906347789e-03
1.505000000000000115e+00,3.103918887722948317e-03,2.986293805566499465e-03
1.507500000000000062e+00,3.107003306025494550e-03,3.077261433226643333e-03
1.510000000000000009e+00,3.110097399470239474e-03,3.168229060886787202e-03
1.512499999999999956e+00,3.113201197196777473e-03,3.259196688546931071e-03
1.515000000000000124e+00,3.116314728471682519e-03,3.350164316207082747e-03
1.517500000000000071e+00,3.119438022717612065e-03,3.441131943867226615e-03
1.520000000000000018e+00,3.122571109485298198e-03,3.532099571527370484e-03
1.522499999999999964e+00,3.125714018483361032e-03,3.623067199187514353e-03
1.525000000000000133e+00,3.128866779549622015e-03,3.714034826847666029e-03
1.527500000000000080e+00,3.132029422680117619e-03,3.790927110075050128e-03
1.530000000000000027e+00,3.135201978002479569e-03,3.867819393302433795e-03
1.532499999999999973e+00,3.138384475803667004e-03,3.944711676529818328e-03
1.535000000000000142e+00,3.141576946502977214e-03,4.021603959757208933e-03
1.537500000000000089e+00,3.144779420680643423e-03,4.098496242984592600e-03
1.540000000000000036e+00,3.147991929050868078e-03,4.175388526211977133e-03
1.542499999999999982e+00,3.151214502489872032e-03,4.252280809439360799e-03
1.544999999999999929e+00,3.154447172009024972e-03,4.329173092666744466e-03
1.547500000000000098e+00,3.157689968783241544e-03,4.406065375894135938e-03
1.550000000000000044e+00,3.160942924124157758e-03,4.482957659121519604e-03
1.552499999999999991e+00,3.164206069507780310e-03,4.536768114774711487e-03
1.554999999999999938e+00,3.167479436548700789e-03,4.590578570427904237e-03
1.557500000000000107e+00,3.170763057027275317e-03,4.644389026081101324e-03
1.560000000000000053e+00,3.174056962863408549e-03,4.698199481734293206e-03
1.562500000000000000e+00,3.177361186144825322e-03,4.752009937387485956e-03
1.564999999999999947e+00,3.180675759099626902e-03,4.805820393040677839e-03
1.567500000000000115e+00,3.184000714125379255e-03,4.859630848693874926e-03
1.570000000000000062e+00,3.187336083761847100e-03,4.913441304347067676e-03
1.572500000000000009e+00,3.190681900718944641e-03,4.967251760000259558e-03
1.574999999999999956e+00,3.194038197851081611e-03,5.021062215653451441e-03
1.577500000000000124e+00,3.197405008183817291e-03,5.046971454082891002e-03
1.580000000000000071e+00,3.200782364888672769e-03,5.072880692512325360e-03
1.582500000000000018e+00,3.204170301310235551e-03,5.098789930941758849e-03
1.584999999999999964e+00,3.207568850940039837e-03,5.124699169371193207e-03
1.587500000000000133e+00,3.210978047444263545e-03,5.150608407800629299e-03
1.590000000000000080e+00,3.214397924638389640e-03,5.176517646230063656e-03
1.592500000000000027e+00,3.217828516513125073e-03,5.202426884659498013e-03
1.594999999999999973e+00,3.221269857210222638e-03,5.228336123088932370e-03
1.597500000000000142e+00,3.224721981048486643e-03,5.254245361518368462e-03
1.600000000000000089e+00,3.228184922499316781e-03,5.280154599947802820e-03
1.602500000000000036e+00,3.231658716212895514e-03,5.278128204812077007e-03
1.604999999999999982e+00,3.235143396993132164e-03,5.276101809676351194e-03
1.607499999999999929e+00,3.238638999824358135e-03,5.274075414540626248e-03
1.610000000000000098e+00,3.242145559847117980e-03,5.272049019404900436e-03
1.612500000000000044e+00,3.245663112383083068e-03,5.270022624269174623e-03
1.614999999999999991e+00,3.249191692912118540e-03,5.267996229133448810e-03
1.617499999999999938e+00,3.252731337096928521e-03,5.265969833997722997e-03
1.620000000000000107e+00,3.256282080759855500e-03,5.263943438861998052e-03
1.622500000000000053e+00,3.259843959908360379e-03,5.261917043726272239e-03
1.625000000000000000e+00,3.263417010710515168e-03,5.259890648590546426e-03
1.627499999999999947e+00,3.267001269521549022e-03,5.234373414767920160e-03
1.630000000000000115e+00,3.270596772859216041e-03,5.208856180945291292e-03
1.632500000000000062e+00,3.274203557429682110e-03,5.183338947122665026e-03
1.635000000000000009e+00,3.277821660103952608e-03,5.157821713300038760e-03
1.637499999999999956e+00,3.281451117942584417e-03,5.132304479477412494e-03
1.640000000000000124e+00,3.285091968173335306e-03,5.106787245654784493e-03
1.642500000000000071e+00,3.288744248215457865e-03,5.081270011832158227e-03
1.645000000000000018e+00,3.292407995656047425e-03,5.055752778009531961e-03
1.647499999999999964e+00,3.296083248276279309e-03,5.030235544186905695e-03
1.650000000000000133e+00,3.299770044027433222e-03,5.004718310364276827e-03
1.652500000000000080e+00,3.303468421056156897e-03,4.963537936051863261e-03
1.655000000000000027e+00,3.307178417681132330e-03,4.922357561739449695e-03
1.657499999999999973e+00,3.310900072418188067e-03,4.881177187427036129e-03
1.660000000000000142e+00,3.314633423956984959e-03,4.839996813114619094e-03
1.662500000000000089e+00,3.318378511186705244e-03,4.798816438802205528e-03
1.665000000000000036e+00,3.322135373171980662e-03,4.757636064489791095e-03
1.667499999999999982e+00,3.325904049178543802e-03,4.716455690177377529e-03
1.669999999999999929e+00,3.329684578650115526e-03,4.675275315864963963e-03
1.672500000000000098e+00,3.333477001232921372e-03,4.634094941552546927e-03
1.675000000000000044e+00,3.337281356753619803e-03,4.592914567240133361e-03
1.677499999999999991e+00,3.341097685242939118e-03,4.545645421876509489e-03
1.679999999999999938e+00,3.344926026914118306e-03,4.498376276512885616e-03
1.682500000000000107e+00,3.348766422186858806e-03,4.451107131149258274e-03
1.685000000000000053e+00,3.352618911664762696e-03,4.403837985785634401e-03
1.687500000000000000e+00,3.356483536160168729e-03,4.356568840422010529e-03
1.689999999999999947e+00,3.360360336671651665e-03,4.309299695058386656e-03
1.692500000000000115e+00,3.364249354408150976e-03,4.262030549694758447e-03
1.695000000000000062e+00,3.368150630767219583e-03,4.214761404331135441e-03
1.697500000000000009e+00,3.372064207358654257e-03,4.167492258967511569e-03
1.699999999999999956e+00,3.375990125982921298e-03,4.120223113603887696e-03
1.702500000000000124e+00,3.379928428655286539e-03,4.076344055050066910e-03
1.705000000000000071e+00,3.383879157583287792e-03,4.032464996496249593e-03
1.707500000000000018e+00,3.387842355191384401e-03,3.988585937942433143e-03
1.709999999999999964e+00,3.391818064099058963e-03,3.944706879388616694e-03
1.712500000000000133e+00,3.395806327144388747e-03,3.900827820834795907e-03
1.715000000000000080e+00,3.399807187362768011e-03,3.856948762280979024e-03
1.717500000000000027e+00,3.403820688010442998e-03,3.813069703727162574e-03
1.719999999999999973e+00,3.407846872543060339e-03,3.769190645173345691e-03
1.722500000000000142e+00,3.411885784639436241e-03,3.725311586619525338e-03
1.725000000000000089e+00,3.415937468180273162e-03,3.681432528065708455e-03
1.727500000000000036e+00,3.420001967271338750e-03,3.648629015634656352e-03
1.729999999999999982e+00,3.424079326222595823e-03,3.615825503203603814e-03
1.732499999999999929e+00,3.428169589571647587e-03,3.583021990772551710e-03
1.735000000000000098e+00,3.432272802062495080e-03,3.550218478341496571e-03
1.737500000000000044e+00,3.436389008668889154e-03,3.517414965910444467e-03
1.739999999999999991e+00,3.440518254573584050e-03,3.484611453479391930e-03
1.742499999999999938e+00,3.444660585191302964e-03,3.451807941048339826e-03
1.745000000000000107e+00,3.448816046148178542e-03,3.419004428617284687e-03
1.747500000000000053e+00,3.452984683304921847e-03,3.386200916186232149e-03
1.750000000000000000e+00,3.457166542735696461e-03,3.353397403755180046e-03
1.752499999999999947e+00,3.461361670751639599e-03,3.336308446331643588e-03
1.755000000000000115e+00,3.465570113880387174e-03,3.319219488908105396e-03
1.757500000000000062e+00,3.469791918888337663e-03,3.302130531484568504e-03
1.760000000000000009e+00,3.474027132761202397e-03,3.285041574061032046e-03
1.762499999999999956e+00,3.478275802726007049e-03,3.267952616637495589e-03
1.765000000000000124e+00,3.482537976231263755e-03,3.250863659213957396e-03
1.767500000000000071e+00,3.486813700969639170e-03,3.233774701790420938e-03
1.770000000000000018e+00,3.491103024857791347e-03,3.216685744366884047e-03
1.772499999999999964e+00,3.495405996058888187e-03,3.199596786943347589e-03
1.775000000000000133e+00,3.499722662962979035e-03,3.182507829519809397e-03
1.777500000000000080e+00,3.504053074209039550e-03,3.182116518080926274e-03
1.780000000000000027e+00,3.508397278665572293e-03,3.181725206642042718e-03
1.782499999999999973e+00,3.512755325452586973e-03,3.181333895203159595e-03
1.785000000000000142e+00,3.517127263922358027e-03,3.180942583764276039e-03
1.787500000000000089e+00,3.521513143681466017e-03,3.180551272325392916e-03
1.790000000000000036e+00,3.525913014571177041e-03,3.180159960886509794e-03
1.792499999999999982e+00,3.530326926689737396e-03,3.179768649447626237e-03
1.794999999999999929e+00,3.534754930373223969e-03,3.179377338008743115e-03
1.797500000000000098e+00,3.539197076217190114e-03,3.178986026569859558e-03
1.800000000000000044e+00,3.543653415057630967e-03,3.178594715130976436e-03
1.802499999999999991e+00,3.548123997992960656e-03,3.192330148963950284e-03
1.804999999999999938e+00,3.552608876365056113e-03,3.206065582796923698e-03
1.807500000000000107e+00,3.557108101780671796e-03,3.219801016629898413e-03
1.810000000000000053e+00,3.561621726092937135e-03,3.233536450462872261e-03
1.812500000000000000e+00,3.566149801422933887e-03,3.247271884295846109e-03
1.814999999999999947e+00,3.570692380140987141e-03,3.261007318128819523e-03
1.817500000000000115e+00,3.575249514888100000e-03,3.274742751961794672e-03
1.820000000000000062e+00,3.579821258557353437e-03,3.288478185794768086e-03
1.822500000000000009e+00,3.584407664315711773e-03,3.302213619627741934e-03
1.824999999999999956e+00,3.589008785585314984e-03,3.315949053460715348e-03
1.827500000000000124e+00,3.593624676064803222e-03,3.338434046428424840e-03
1.830000000000000071e+00,3.598255389711108292e-03,3.360919039396132596e-03
1.832500000000000018e+00,3.602900980760720059e-03,3.383404032363840786e-03
1.834999999999999964e+00,3.607561503711673948e-03,3.405889025331548543e-03
1.837500000000000133e+00,3.612237013344297802e-03,3.428374018299258467e-03
1.840000000000000080e+00,3.616927564703710692e-03,3.450859011266966658e-03
1.842500000000000027e+00,3.621633213120497349e-03,3.473344004234674848e-03
1.844999999999999973e+00,3.626354014193208276e-03,3.495828997202382604e-03
1.847500000000000142e+00,3.631090023808893237e-03,3.518313990170092529e-03
1.850000000000000089e+00,3.635841298125636490e-03,3.540798983137800719e-03
1.852500000000000036e+00,3.640607893593472352e-03,3.565066860737115678e-03
1.854999999999999982e+00,3.645389866936657192e-03,3.589334738336430637e-03
1.857499999999999929e+00,3.650187275174625757e-03,3.613602615935745596e-03
1.860000000000000098e+00,3.655000175604149974e-03,3.637870493535062724e-03
1.862500000000000044e+00,3.659828625820642223e-03,3.662138371134377249e-03
1.864999999999999991e+00,3.664672683700271640e-03,3.686406248733692208e-03
1.867499999999999938e+00,3.669532407420923042e-03,3.710674126333007167e-03
1.870000000000000107e+00,3.674407855444756024e-03,3.734942003932324294e-03
1.872500000000000053e+00,3.679299086538899768e-03,3.759209881531639253e-03
1.875000000000000000e+00,3.684206159758464470e-03,3.783477759130954212e-03
1.877499999999999947e+00,3.689129134466812010e-03,3.802411166186620353e-03
1.880000000000000115e+00,3.694068070318578655e-03,3.821344573242288229e-03
1.882500000000000062e+00,3.699023027280318697e-03,3.840277980297954370e-03
1.885000000000000009e+00,3.703994065613485948e-03,3.859211387353620511e-03
1.887499999999999956e+00,3.708981245894672329e-03,3.878144794409286653e-03
1.890000000000000124e+00,3.713984628999058169e-03,3.897078201464954095e-03
1.892500000000000071e+00,3.719004276120740568e-03,3.916011608520620670e-03
1.895000000000000018e+00,3.724040248755888360e-03,3.934945015576286377e-03
1.897499999999999964e+00,3.729092608723174988e-03,3.953878422631952952e-03
1.900000000000000133e+00,3.734161418146997227e-03,3.972811829687620394e-03
1.902500000000000080e+00,3.739246739477873355e-03,3.980535740160879091e-03
1.905000000000000027e+00,3.744348635476135029e-03,3.988259650634137787e-03
1.907499999999999973e+00,3.749467169231716565e-03,3.995983561107396484e-03
1.910000000000000142e+00,3.754602404147918803e-03,4.003707471580656048e-03
1.912500000000000089e+00,3.759754403961710137e-03,4.011431382053914745e-03
1.915000000000000036e+00,3.764923232727350293e-03,4.019155292527173441e-03
1.917499999999999982e+00,3.770108954836404267e-03,4.026879203000432138e-03
1.919999999999999929e+00,3.775311635001681390e-03,4.034603113473690834e-03
1.922500000000000098e+00,3.780531338277079260e-03,4.042327023946950398e-03
1.925000000000000044e+00,3.785768130042043659e-03,4.050050934420209095e-03
1.927499999999999991e+00,3.791022076020700380e-03,4.043039914201882606e-03
1.929999999999999938e+00,3.796293242266617421e-03,4.036028893983555250e-03
1.932500000000000107e+00,3.801581695182491057e-03,4.029017873765227895e-03
1.935000000000000053e+00,3.806887501504381544e-03,4.022006853546900539e-03
1.937500000000000000e+00,3.812210728321310717e-03,4.014995833328574050e-03
1.939999999999999947e+00,3.817551443059865462e-03,4.007984813110246694e-03
1.942500000000000115e+00,3.822909713504027331e-03,4.000973792891919338e-03
1.945000000000000062e+00,3.828285607779222197e-03,3.993962772673592850e-03
1.947500000000000009e+00,3.833679194372345903e-03,3.986951752455265494e-03
1.949999999999999956e+00,3.839090542116292692e-03,3.979940732236939005e-03
1.952500000000000124e+00,3.844519720209355496e-03,3.957667187365679178e-03
1.955000000000000071e+00,3.849966798200502461e-03,3.935393642494420217e-03
1.957500000000000018e+00,3.855431846008289774e-03,3.913120097623161257e-03
1.959999999999999964e+00,3.860914933905887532e-03,3.890846552751901864e-03
1.962500000000000133e+00,3.866416132540862090e-03,3.868573007880640735e-03
1.965000000000000080e+00,3.871935512919916569e-03,3.846299463009381775e-03
1.967500000000000027e+00,3.877473146428308051e-03,3.824025918138122381e-03
1.969999999999999973e+00,3.883029104814802318e-03,3.801752373266863421e-03
1.972500000000000142e+00,3.888603460211542077e-03,3.779478828395602293e-03
1.975000000000000089e+00,3.894196285118752768e-03,3.757205283524343332e-03
1.977500000000000036e+00,3.899807652424331066e-03,3.722245357727570984e-03
1.979999999999999982e+00,3.905437635388915411e-03,3.687285431930798635e-03
1.982500000000000151e+00,3.911086307665502700e-03,3.652325506134022817e-03
1.985000000000000098e+00,3.916753743284792470e-03,3.617365580337250468e-03
1.987500000000000044e+00,3.922440016674176057e-03,3.582405654540478119e-03
1.989999999999999991e+00,3.928145202643573003e-03,3.547445728743705770e-03
1.992499999999999938e+00,3.933869376404408938e-03,3.512485802946933421e-03
1.995000000000000107e+00,3.939612613555559112e-03,3.477525877150157603e-03
1.997500000000000053e+00,3.945374990102212646e-03,3.442565951353385254e-03
2.000000000000000000e+00,3.951156582441713722e-03,3.407606025556612905e-03
2.002499999999999947e+00,3.956957467382806598e-03,3.365215228491601901e-03
2.004999999999999893e+00,3.962777722131508897e-03,3.322824431426590897e-03
2.007499999999999840e+00,3.968617424309903857e-03,3.280433634361579458e-03
2.010000000000000231e+00,3.974476651942351023e-03,3.238042837296561081e-03
2.012500000000000178e+00,3.980355483474629780e-03,3.195652040231549643e-03
2.015000000000000124e+00,3.986253997759954884e-03,3.153261243166538639e-03
2.017500000000000071e+00,3.992172274077989899e-03,3.110870446101527634e-03
2.020000000000000018e+00,3.998110392120629401e-03,3.068479649036516630e-03
2.022499999999999964e+00,4.004068432011994270e-03,3.026088851971505192e-03
2.024999999999999911e+00,4.010046474293578987e-03,2.983698054906494188e-03
2.027499999999999858e+00,4.016044599944027481e-03,2.940953166152772153e-03
2.030000000000000249e+00,4.022062890365251005e-03,2.898208277399042312e-03
2.032500000000000195e+00,4.028101427401121516e-03,2.855463388645320278e-03
2.035000000000000142e+00,4.034160293324659009e-03,2.812718499891598244e-03
2.037500000000000089e+00,4.040239570856157640e-03,2.769973611137875776e-03
2.040000000000000036e+00,4.046339343150458061e-03,2.727228722384153741e-03
2.042499999999999982e+00,4.052459693815307733e-03,2.684483833630431707e-03
2.044999999999999929e+00,4.058600706898582086e-03,2.641738944876709672e-03
2.047499999999999876e+00,4.064762466906597996e-03,2.598994056122987638e-03
2.049999999999999822e+00,4.070945058791393921e-03,2.556249167369265170e-03
2.052500000000000213e+00,4.077148567969503951e-03,2.520914081204212592e-03
2.055000000000000160e+00,4.083373080308757425e-03,2.485578995039167821e-03
2.057500000000000107e+00,4.089618682147151858e-03,2.450243908874122616e-03
2.060000000000000053e+00,4.095885460279773994e-03,2.414908822709077845e-03
2.062500000000000000e+00,4.102173501977881762e-03,2.379573736544032640e-03
2.064999999999999947e+00,4.108482894976015279e-03,2.344238650378987869e-03
2.067499999999999893e+00,4.114813727490389261e-03,2.308903564213942664e-03
2.069999999999999840e+00,4.121166088206781181e-03,2.273568478048897893e-03
2.072500000000000231e+00,4.127540066298555042e-03,2.238233391883846617e-03
2.075000000000000178e+00,4.133935751414777662e-03,2.202898305718801412e-03
2.077500000000000124e+00,4.140353233698601532e-03,2.182202433218378545e-03
2.080000000000000071e+00,4.146792603774400975e-03,2.161506560717955678e-03
2.082500000000000018e+00,4.153253952767315543e-03,2.140810688217532811e-03
2.084999999999999964e+00,4.159737372290308113e-03,2.120114815717109944e-03
2.087499999999999911e+00,4.166242954462691730e-03,2.099418943216687077e-03
2.089999999999999858e+00,4.172770791898417625e-03,2.078723070716264210e-03
2.092500000000000249e+00,4.179320977724154500e-03,2.058027198215837440e-03
2.095000000000000195e+00,4.185893605567993746e-03,2.037331325715414573e-03
2.097500000000000142e+00,4.192488769576977956e-03,2.016635453214991706e-03
2.100000000000000089e+00,4.199106564405749760e-03,1.995939580714568840e-03
2.102500000000000036e+00,4.205747085235230463e-03,1.995457169790481548e-03
2.104999999999999982e+00,4.212410427760638308e-03,1.994974758866394689e-03
2.107499999999999929e+00,4.219096688209666643e-03,1.994492347942307398e-03
2.109999999999999876e+00,4.225805963331254189e-03,1.994009937018220539e-03
2.112499999999999822e+00,4.232538350413898517e-03,1.993527526094133247e-03
2.115000000000000213e+00,4.239293947274339579e-03,1.993045115170045956e-03
2.117500000000000160e+00,4.246072852275316334e-03,1.992562704245959097e-03
2.120000000000000107e+00,4.252875164315008359e-03,1.992080293321871805e-03
2.122500000000000053e+00,4.259700982844761251e-03,1.991597882397784947e-03
2.125000000000000000e+00,4.266550407858666141e-03,1.991115471473697655e-03
2.127499999999999947e+00,4.273423539910910403e-03,2.013906621965273758e-03
2.129999999999999893e+00,4.280320480105119507e-03,2.036697772456849860e-03
2.132499999999999840e+00,4.287241330113159693e-03,2.059488922948425962e-03
2.135000000000000231e+00,4.294186192163470216e-03,2.082280073440006402e-03
2.137500000000000178e+00,4.301155169059746319e-03,2.105071223931582504e-03
2.140000000000000124e+00,4.308148364169869099e-03,2.127862374423158606e-03
2.142500000000000071e+00,4.315165881444489593e-03,2.150653524914734709e-03
2.145000000000000018e+00,4.322207825406279569e-03,2.173444675406310811e-03
2.147499999999999964e+00,4.329274301167912800e-03,2.196235825897886913e-03
2.149999999999999911e+00,4.336365414421824126e-03,2.219026976389463016e-03
2.152499999999999858e+00,4.343481271458229757e-03,2.265153464864053719e-03
2.155000000000000249e+00,4.350621979155061547e-03,2.311279953338652229e-03
2.157500000000000195e+00,4.357787644995716678e-03,2.357406441813242933e-03
2.160000000000000142e+00,4.364978377059374436e-03,2.403532930287833203e-03
2.162500000000000089e+00,4.372194284038383345e-03,2.449659418762423907e-03
2.165000000000000036e+00,4.379435475229150401e-03,2.495785907237014611e-03
2.167499999999999982e+00,4.386702060549464016e-03,2.541912395711604881e-03
2.169999999999999929e+00,4.393994150528872378e-03,2.588038884186195585e-03
2.172499999999999876e+00,4.401311856327035088e-03,2.634165372660785855e-03
2.175000000000000266e+00,4.408655289723765851e-03,2.680291861135384798e-03
2.177500000000000213e+00,4.416024563136614761e-03,2.746762008496964232e-03
2.180000000000000160e+00,4.423419789612182546e-03,2.813232155858543231e-03
2.182500000000000107e+00,4.430841082843654279e-03,2.879702303220122665e-03
2.185000000000000053e+00,4.438288557161461367e-03,2.946172450581701664e-03
2.187500000000000000e+00,4.445762327550892463e-03,3.012642597943281098e-03
2.189999999999999947e+00,4.453262509643757250e-03,3.079112745304860097e-03
2.192499999999999893e+00,4.460789219735480406e-03,3.145582892666439530e-03
2.194999999999999840e+00,4.468342574776252782e-03,3.212053040028018530e-03
2.197500000000000231e+00,4.475922692389711771e-03,3.278523187389610107e-03
2.200000000000000178e+00,4.483529690862445363e-03,3.344993334751189106e-03
2.202500000000000124e+00,4.491163689163568500e-03,3.426128952103714518e-03
2.205000000000000071e+00,4.498824806935002550e-03,3.507264569456239930e-03
2.207500000000000018e+00,4.506513164509589296e-03,3.588400186808765775e-03
2.209999999999999964e+00,4.514228882902680123e-03,3.669535804161291187e-03
2.212499999999999911e+00,4.521972083829904794e-03,3.750671421513816599e-03
2.214999999999999858e+00,4.529742889698464003e-03,3.831807038866342011e-03
2.217500000000000249e+00,4.537541423625699594e-03,3.912942656218882168e-03
2.220000000000000195e+00,4.545367809430020216e-03,3.994078273571407579e-03
2.222500000000000142e+00,4.553222171649394349e-03,4.075213890923932991e-03
2.225000000000000089e+00,4.561104635532952506e-03,4.156349508276458403e-03
2.227500000000000036e+00,4.569015327058938147e-03,4.244512258401633188e-03
2.229999999999999982e+00,4.576954372926445198e-03,4.332675008526807973e-03
2.232499999999999929e+00,4.584921900574318726e-03,4.420837758651982759e-03
2.234999999999999876e+00,4.592918038171611358e-03,4.509000508777157544e-03
2.237500000000000266e+00,4.600942914637356530e-03,4.597163258902347074e-03
2.240000000000000213e+00,4.608996659631549656e-03,4.685326009027521860e-03
2.242500000000000160e+00,4.617079403573738292e-03,4.773488759152696645e-03
2.245000000000000107e+00,4.625191277635307824e-03,4.861651509277871430e-03
2.247500000000000053e+00,4.633332413757402027e-03,4.949814259403046215e-03
2.250000000000000000e+00,4.641502944643428191e-03,5.037977009528221001e-03
2.252499999999999947e+00,4.649703003777635145e-03,5.124547419748932790e-03
2.254999999999999893e+00,4.657932725416984339e-03,5.211117829969645447e-03
2.257499999999999840e+00,4.666192244609968995e-03,5.297688240190357237e-03
2.260000000000000231e+00,4.674481697188584937e-03,5.384258650411084639e-03
2.262500000000000178e+00,4.682801219787633730e-03,5.470829060631796428e-03
2.265000000000000124e+00,4.691150949836821009e-03,5.557399470852509085e-03
2.267500000000000071e+00,4.699531025578942457e-03,5.643969881073220875e-03
2.270000000000000018e+00,4.707941586063382929e-03,5.730540291293932664e-03
2.272499999999999964e+00,4.716382771164281604e-03,5.817110701514645321e-03
2.274999999999999911e+00,4.724854721573130793e-03,5.903681111735357111e-03
2.277499999999999858e+00,4.733357578818286372e-03,5.980155113907022722e-03
2.280000000000000249e+00,4.741891485256978511e-03,6.056629116078702212e-03
2.282500000000000195e+00,4.750456584094574913e-03,6.133103118250367823e-03
2.285000000000000142e+00,4.759053019377633247e-03,6.209577120422033435e-03
2.287500000000000089e+00,4.767680936012714220e-03,6.286051122593698179e-03
2.290000000000000036e+00,4.776340479759304779e-03,6.362525124765363790e-03
2.292499999999999982e+00,4.785031797249332877e-03,6.438999126937029402e-03
2.294999999999999929e+00,4.793755035979597144e-03,6.515473129108695013e-03
2.297499999999999876e+00,4.802510344331622529e-03,6.591947131280360625e-03
2.300000000000000266e+00,4.811297871564635537e-03,6.668421133452040114e-03
2.302500000000000213e+00,4.820117767834770223e-03,6.727478585585419842e-03
2.305000000000000160e+00,4.828970184188549966e-03,6.786536037718798701e-03
2.307500000000000107e+00,4.837855272581998919e-03,6.845593489852178429e-03
2.310000000000000053e+00,4.846773185874691907e-03,6.904650941985558156e-03
2.312500000000000000e+00,4.855724077848427855e-03,6.963708394118937016e-03
2.314999999999999947e+00,4.864708103201598015e-03,7.022765846252316743e-03
2.317499999999999893e+00,4.873725417568206333e-03,7.081823298385696470e-03
2.319999999999999840e+00,4.882776177511830885e-03,7.140880750519076198e-03
2.322500000000000231e+00,4.891860540545043233e-03,7.199938202652465466e-03
2.325000000000000178e+00,4.900978665123852974e-03,7.258995654785845193e-03
2.327500000000000124e+00,4.910130710666546841e-03,7.295403141074589294e-03
2.330000000000000071e+00,4.919316837548624172e-03,7.331810627363333395e-03
2.332500000000000018e+00,4.928537207121925709e-03,7.368218113652077496e-03
2.334999999999999964e+00,4.937791981709131056e-03,7.404625599940821597e-03
2.337499999999999911e+00,4.947081324623490289e-03,7.441033086229565698e-03
2.339999999999999858e+00,4.956405400163378661e-03,7.477440572518309798e-03
2.342500000000000249e+00,4.965764373631991781e-03,7.513848058807059971e-03
2.345000000000000195e+00,4.975158411332106755e-03,7.550255545095804072e-03
2.347500000000000142e+00,4.984587680585642923e-03,7.586663031384548173e-03
2.350000000000000089e+00,4.994052349729200153e-03,7.623070517673292273e-03
2.352500000000000036e+00,5.003552588133144269e-03,7.634305346608831130e-03
2.354999999999999982e+00,5.013088566197346566e-03,7.645540175544369120e-03
2.357499999999999929e+00,5.022660455370722872e-03,7.656775004479907977e-03
2.359999999999999876e+00,5.032268428146732808e-03,7.668009833415446834e-03
2.362500000000000266e+00,5.041912658083175583e-03,7.679244662350987426e-03
2.365000000000000213e+00,5.051593319798033596e-03,7.690479491286525415e-03
2.367500000000000160e+00,5.061310588989073947e-03,7.701714320222064272e-03
2.370000000000000107e+00,5.071064642430032042e-03,7.712949149157603129e-03
2.372500000000000053e+00,5.080855657990351881e-03,7.724183978093141119e-03
2.375000000000000000e+00,5.090683814631193592e-03,7.735418807028679976e-03
2.377499999999999947e+00,5.100549292425810358e-03,7.721939317426972441e-03
2.379999999999999893e+00,5.110452272555366868e-03,7.708459827825264038e-03
2.382499999999999840e+00,5.120392937329523546e-03,7.694980338223556503e-03
2.385000000000000231e+00,5.130371470182435410e-03,7.681500848621846365e-03
2.387500000000000178e+00,5.140388055693317221e-03,7.668021359020138830e-03
2.390000000000000124e+00,5.150442879583026941e-03,7.654541869418430428e-03
2.392500000000000071e+00,5.160536128734132151e-03,7.641062379816722892e-03
2.395000000000000018e+00,5.170667991188110206e-03,7.627582890215014490e-03
2.397499999999999964e+00,5.180838656165702612e-03,7.614103400613306954e-03
2.399999999999999911e+00,5.191048314063645940e-03,7.600623911011599419e-03
2.402499999999999858e+00,5.201297156475485906e-03,7.565758179049428614e-03
2.405000000000000249e+00,5.211585376188898958e-03,7.530892447087248268e-03
2.407500000000000195e+00,5.221913167205895732e-03,7.496026715125073993e-03
2.410000000000000142e+00,5.232280724740849542e-03,7.461160983162899718e-03
2.412500000000000089e+00,5.242688245240931418e-03,7.426295251200726311e-03
2.415000000000000036e+00,5.253135926383454245e-03,7.391429519238552036e-03
2.417499999999999982e+00,5.263623967097462268e-03,7.356563787276377761e-03
2.419999999999999929e+00,5.274152567560946858e-03,7.321698055314203486e-03
2.422499999999999876e+00,5.284721929222231315e-03,7.286832323352029211e-03
2.425000000000000266e+00,5.295332254797815476e-03,7.251966591389848865e-03
2.427500000000000213e+00,5.305983748293457807e-03,7.201441453628400734e-03
2.430000000000000160e+00,5.316676615002839668e-03,7.150916315866953470e-03
2.432500000000000107e+00,5.327411061528282248e-03,7.100391178105505338e-03
2.435000000000000053e+00,5.338187295779599044e-03,7.049866040344057207e-03
2.437500000000000000e+00,5.349005526995343623e-03,6.999340902582609943e-03
2.439999999999999947e+00,5.359865965741633480e-03,6.948815764821161811e-03
2.442499999999999893e+00,5.370768823933364834e-03,6.898290627059713680e-03
2.444999999999999840e+00,5.381714314833719107e-03,6.847765489298266416e-03
2.447500000000000231e+00,5.392702653075016894e-03,6.797240351536809611e-03
2.450000000000000178e+00,5.403734054658703226e-03,6.746715213775361479e-03
2.452500000000000124e+00,5.414808736976732366e-03,6.687893689478169312e-03
2.455000000000000071e+00,5.425926918810840965e-03,6.629072165180977146e-03
2.457500000000000018e+00,5.437088820354736909e-03,6.570250640883784979e-03
2.459999999999999964e+00,5.448294663213672576e-03,6.511429116586592812e-03
2.462499999999999911e+00,5.459544670426620672e-03,6.452607592289400645e-03
2.464999999999999858e+00,5.470839066465896065e-03,6.393786067992208479e-03
2.467500000000000249e+00,5.482178077259486880e-03,6.334964543695005904e-03
2.470000000000000195e+00,5.493561930191580983e-03,6.276143019397813737e-03
2.472500000000000142e+00,5.504990854124386206e-03,6.217321495100621570e-03
2.475000000000000089e+00,5.516465079398804282e-03,6.158499970803429403e-03
2.477500000000000036e+00,5.527984837856862559e-03,6.099431518999051845e-03
2.479999999999999982e+00,5.539550362842693247e-03,6.040363067194674286e-03
2.482499999999999929e+00,5.551161889224719669e-03,5.981294615390296728e-03
2.484999999999999876e+00,5.562819653396946888e-03,5.922226163585919169e-03
2.487500000000000266e+00,5.574523893301530468e-03,5.863157711781531202e-03
2.490000000000000213e+00,5.586274848430388892e-03,5.804089259977153643e-03
2.492500000000000160e+00,5.598072759848107122e-03,5.745020808172776085e-03
2.495000000000000107e+00,5.609917870192786607e-03,5.685952356368398526e-03
2.497500000000000053e+00,5.621810423700157079e-03,5.626883904564020968e-03
2.500000000000000000e+00,5.633750666204696313e-03,5.567815452759643409e-03
2.502499999999999947e+00,5.645738845163394970e-03,5.516225163506125774e-03
2.504999999999999893e+00,5.657775209657489590e-03,5.464634874252607272e-03
2.507499999999999840e+00,5.669860010416016664e-03,5.413044584999089637e-03
2.510000000000000231e+00,5.681993499818545693e-03,5.361454295745562461e-03
2.512500000000000178e+00,5.694175931918434887e-03,5.309864006492043959e-03
2.515000000000000124e+00,5.706407562445526063e-03,5.258273717238526324e-03
2.517500000000000071e+00,5.718688648830522712e-03,5.206683427985008689e-03
2.520000000000000018e+00,5.731019450207292844e-03,5.155093138731490186e-03
2.522499999999999964e+00,5.743400227437418792e-03,5.103502849477972551e-03
2.524999999999999911e+00,5.755831243113219975e-03,5.051912560224454916e-03
2.527499999999999858e+00,5.768312761582047692e-03,5.014259610738455546e-03
2.530000000000000249e+00,5.780845048950032997e-03,4.976606661252452705e-03
2.532500000000000195e+00,5.793428373106671199e-03,4.938953711766455937e-03
2.535000000000000142e+00,5.806063003728025029e-03,4.901300762280459168e-03
2.537500000000000089e+00,5.818749212302301403e-03,4.863647812794462399e-03
2.540000000000000036e+00,5.831487272133576739e-03,4.825994863308466498e-03
2.542499999999999982e+00,5.844277458366943512e-03,4.788341913822469730e-03
2.544999999999999929e+00,5.857120047992741239e-03,4.750688964336472961e-03
2.547499999999999876e+00,5.870015319871979727e-03,4.713036014850476192e-03
2.550000000000000266e+00,5.882963554741123431e-03,4.675383065364473352e-03
2.552500000000000213e+00,5.895965035237700318e-03,4.656105463301095197e-03
2.555000000000000160e+00,5.909020045904741884e-03,4.636827861237717910e-03
2.557500000000000107e+00,5.922128873217614130e-03,4.617550259174339755e-03
2.560000000000000053e+00,5.935291805588496609e-03,4.598272657110962468e-03
2.562500000000000000e+00,5.948509133392776253e-03,4.578995055047584313e-03
2.564999999999999947e+00,5.961781148974853485e-03,4.559717452984206158e-03
2.567499999999999893e+00,5.975108146674116237e-03,4.540439850920828871e-03
2.569999999999999840e+00,5.988490422831478990e-03,4.521162248857450716e-03
2.572500000000000231e+00,6.001928275815704601e-03,4.501884646794069959e-03
2.575000000000000178e+00,6.015422006029597264e-03,4.482607044730691805e-03
2.577500000000000124e+00,6.028971915937131852e-03,4.483641395836211914e-03
2.580000000000000071e+00,6.042578310070254900e-03,4.484675746941732891e-03
2.582500000000000018e+00,6.056241495056095478e-03,4.485710098047253000e-03
2.584999999999999964e+00,6.069961779623636935e-03,4.486744449152773977e-03
2.587499999999999911e+00,6.083739474631547073e-03,4.487778800258294086e-03
2.589999999999999858e+00,6.097574893075663471e-03,4.488813151363815063e-03
2.592500000000000249e+00,6.111468350116718712e-03,4.489847502469336039e-03
2.595000000000000195e+00,6.125420163088022597e-03,4.490881853574856149e-03
2.597500000000000142e+00,6.139430651523570745e-03,4.491916204680377125e-03
2.600000000000000089e+00,6.153500137166719071e-03,4.492950555785897235e-03
2.602500000000000036e+00,6.167628943997838752e-03,4.513577079052468952e-03
2.604999999999999982e+00,6.181817398243623883e-03,4.534203602319040669e-03
2.607499999999999929e+00,6.196065828405163643e-03,4.554830125585612385e-03
2.609999999999999876e+00,6.210374565267708785e-03,4.575456648852184102e-03
2.612500000000000266e+00,6.224743941929135847e-03,4.596083172118759289e-03
2.615000000000000213e+00,6.239174293809392723e-03,4.616709695385331005e-03
2.617500000000000160e+00,6.253665958680452996e-03,4.637336218651902722e-03
2.620000000000000107e+00,6.268219276675411102e-03,4.657962741918474439e-03
2.622500000000000053e+00,6.282834590318842581e-03,4.678589265185046156e-03
2.625000000000000000e+00,6.297512244536715431e-03,4.699215788451617873e-03
2.627499999999999947e+00,6.312252586686572554e-03,4.736236094423477289e-03
2.629999999999999893e+00,6.327055966568254954e-03,4.773256400395337572e-03
2.632499999999999840e+00,6.341922736454641898e-03,4.810276706367196987e-03
2.635000000000000231e+00,6.356853251102087890e-03,4.847297012339064209e-03
2.637500000000000178e+00,6.371847867782029322e-03,4.884317318310923625e-03
2.640000000000000124e+00,6.386906946292133548e-03,4.921337624282783041e-03
2.642500000000000071e+00,6.402030848987936770e-03,4.958357930254643324e-03
2.645000000000000018e+00,6.417219940794272395e-03,4.995378236226502740e-03
2.647499999999999964e+00,6.432474589237337399e-03,5.032398542198363023e-03
2.649999999999999911e+00,6.447795164457294226e-03,5.069418848170222439e-03
2.652499999999999858e+00,6.463182039240234801e-03,5.117633298570825953e-03
2.655000000000000249e+00,6.478635589030756411e-03,5.165847748971439009e-03
2.657500000000000195e+00,6.494156191965166913e-03,5.214062199372044258e-03
2.660000000000000142e+00,6.509744228884270512e-03,5.262276649772648640e-03
2.662500000000000089e+00,6.525400083366902568e-03,5.310491100173253889e-03
2.665000000000000036e+00,6.541124141743258347e-03,5.358705550573859139e-03
2.667499999999999982e+00,6.556916793128770432e-03,5.406920000974463521e-03
2.669999999999999929e+00,6.572778429438225906e-03,5.455134451375068770e-03
2.672499999999999876e+00,6.588709445420101729e-03,5.503348901775674019e-03
2.675000000000000266e+00,6.604710238670550952e-03,5.551563352176287075e-03
2.677500000000000213e+00,6.620781209668841379e-03,5.604481418368298905e-03
2.680000000000000160e+00,6.636922761792209136e-03,5.657399484560309867e-03
2.682500000000000107e+00,6.653135301350747433e-03,5.710317550752321697e-03
2.685000000000000053e+00,6.669419237603370354e-03,5.763235616944332659e-03
2.687500000000000000e+00,6.685774982793168258e-03,5.816153683136344489e-03
2.689999999999999947e+00,6.702202952164057655e-03,5.869071749328355452e-03
2.692499999999999893e+00,6.718703563996651813e-03,5.921989815520367281e-03
2.694999999999999840e+00,6.735277239624876816e-03,5.974907881712378244e-03
2.697500000000000231e+00,6.751924403472884736e-03,6.027825947904399614e-03
2.700000000000000178e+00,6.768645483072199646e-03,6.080744014096410577e-03
2.702500000000000124e+00,6.785440909099402750e-03,6.131438503402029602e-03
2.705000000000000071e+00,6.802311115393336501e-03,6.182132992707648628e-03
2.707500000000000018e+00,6.819256538993339646e-03,6.232827482013267653e-03
2.709999999999999964e+00,6.836277620157558965e-03,6.283521971318885811e-03
2.712499999999999911e+00,6.853374802401614521e-03,6.334216460624504837e-03
2.714999999999999858e+00,6.870548532517123906e-03,6.384910949930123862e-03
2.717500000000000249e+00,6.887799260610913930e-03,6.435605439235751561e-03
2.720000000000000195e+00,6.905127440125064485e-03,6.486299928541370587e-03
2.722500000000000142e+00,6.922533527875866961e-03,6.536994417846989612e-03
2.725000000000000089e+00,6.940017984074441440e-03,6.587688907152608637e-03
2.727500000000000036e+00,6.957581272366793190e-03,6.629694660069193092e-03
2.729999999999999982e+00,6.975223859855123748e-03,6.671700412985778414e-03
2.732499999999999929e+00,6.992946217137972417e-03,6.713706165902362868e-03
2.734999999999999876e+00,7.010748818332360015e-03,6.755711918818947323e-03
2.737500000000000266e+00,7.028632141115060544e-03,6.797717671735539584e-03
2.740000000000000213e+00,7.046596666744703308e-03,6.839723424652124906e-03
2.742500000000000160e+00,7.064642880104221589e-03,6.881729177568709360e-03
2.745000000000000107e+00,7.082771269723646054e-03,6.923734930485293815e-03
2.747500000000000053e+00,7.100982327822734710e-03,6.965740683401879137e-03
2.750000000000000000e+00,7.119276550334947655e-03,7.007746436318463591e-03
2.752499999999999947e+00,7.137654436950662505e-03,7.035905505638030862e-03
2.754999999999999893e+00,7.156116491141680837e-03,7.064064574957598999e-03
2.757499999999999840e+00,7.174663220205487052e-03,7.092223644277166270e-03
2.760000000000000231e+00,7.193295135290257020e-03,7.120382713596739611e-03
2.762500000000000178e+00,7.212012751439886293e-03,7.148541782916306882e-03
2.765000000000000124e+00,7.230816587619656212e-03,7.176700852235874152e-03
2.767500000000000071e+00,7.249707166762145091e-03,7.204859921555442290e-03
2.770000000000000018e+00,7.268685015794006284e-03,7.233018990875009560e-03
2.772499999999999964e+00,7.287750665681834265e-03,7.261178060194577698e-03
2.774999999999999911e+00,7.306904651460401599e-03,7.289337129514144968e-03
2.777499999999999858e+00,7.326147512279082737e-03,7.300503375018354765e-03
2.780000000000000249e+00,7.345479791430914972e-03,7.311669620522562828e-03
2.782500000000000195e+00,7.364902036399939914e-03,7.322835866026769155e-03
2.785000000000000142e+00,7.384414798890700724e-03,7.334002111530975483e-03
2.787500000000000089e+00,7.404018634876905446e-03,7.345168357035181811e-03
2.790000000000000036e+00,7.423714104631776861e-03,7.356334602539388139e-03
2.792499999999999982e+00,7.443501772777128683e-03,7.367500848043594466e-03
2.794999999999999929e+00,7.463382208314603590e-03,7.378667093547800794e-03
2.797499999999999876e+00,7.483355984676014899e-03,7.389833339052007122e-03
2.800000000000000266e+00,7.503423679755824929e-03,7.400999584556215184e-03
2.802500000000000213e+00,7.523585875961320141e-03,7.394533080353187654e-03
2.805000000000000160e+00,7.543843160246328089e-03,7.388066576150160124e-03
2.807500000000000107e+00,7.564196124162967695e-03,7.381600071947133461e-03
2.810000000000000053e+00,7.584645363895792074e-03,7.375133567744105931e-03
2.812500000000000000e+00,7.605191480314616934e-03,7.368667063541078401e-03
2.814999999999999947e+00,7.625835079009293110e-03,7.362200559338050870e-03
2.817499999999999893e+00,7.646576770343840347e-03,7.355734055135024207e-03
2.819999999999999840e+00,7.667417169492258926e-03,7.349267550931996677e-03
2.822500000000000231e+00,7.688356896493620148e-03,7.342801046728968280e-03
2.825000000000000178e+00,7.709396576288528487e-03,7.336334542525940750e-03
2.827500000000000124e+00,7.730536838775539134e-03,7.314337196925498226e-03
2.830000000000000071e+00,7.751778318848764199e-03,7.292339851325056570e-03
2.832500000000000018e+00,7.773121656455133331e-03,7.270342505724614046e-03
2.834999999999999964e+00,7.794567496633171728e-03,7.248345160124171523e-03
2.837499999999999911e+00,7.816116489570880052e-03,7.226347814523729866e-03
2.839999999999999858e+00,7.837769290646532522e-03,7.204350468923287343e-03
2.842500000000000249e+00,7.859526560486867347e-03,7.182353123322841350e-03
2.845000000000000195e+00,7.881388965009126016e-03,7.160355777722398826e-03
2.847500000000000142e+00,7.903357175480463237e-03,7.138358432121957170e-03
2.850000000000000089e+00,7.925431868561507581e-03,7.116361086521514646e-03
2.852500000000000036e+00,7.947613726366573733e-03,7.083627022406165791e-03
2.854999999999999982e+00,7.969903436507748754e-03,7.050892958290816068e-03
2.857499999999999929e+00,7.992301692157579782e-03,7.018158894175467212e-03
2.859999999999999876e+00,8.014809192093602652e-03,6.985424830060117489e-03
2.862500000000000266e+00,8.037426640762105126e-03,6.952690765944762562e-03
2.865000000000000213e+00,8.060154748324509927e-03,6.919956701829413706e-03
2.867500000000000160e+00,8.082994230721892576e-03,6.887222637714063983e-03
2.870000000000000107e+00,8.105945809722771289e-03,6.854488573598715127e-03
2.872500000000000053e+00,8.129010212988946674e-03,6.821754509483365404e-03
2.875000000000000000e+00,8.152188174124264802e-03,6.789020445368016549e-03
2.877499999999999947e+00,8.175480432742538578e-03,6.752696547247479843e-03
2.879999999999999893e+00,8.198887734517119191e-03,6.716372649126943137e-03
2.882499999999999840e+00,8.222410831249868726e-03,6.680048751006406431e-03
2.885000000000000231e+00,8.246050480922750836e-03,6.643724852885863653e-03
2.887500000000000178e+00,8.269807447767712344e-03,6.607400954765326948e-03
2.890000000000000124e+00,8.293682502320138747e-03,6.571077056644790242e-03
2.892500000000000071e+00,8.317676421489778385e-03,6.534753158524253536e-03
2.895000000000000018e+00,8.341789988615490314e-03,6.498429260403716830e-03
2.897499999999999964e+00,8.366023993538317799e-03,6.462105362283180124e-03
2.899999999999999911e+00,8.390379232657100075e-03,6.425781464162643418e-03
2.902499999999999858e+00,8.414856509003294446e-03,6.394754596739578648e-03
2.905000000000000249e+00,8.439456632298022662e-03,6.363727729316508673e-03
2.907500000000000195e+00,8.464180419028400487e-03,6.332700861893444770e-03
2.910000000000000142e+00,8.489028692506488810e-03,6.301673994470380867e-03
2.912500000000000089e+00,8.514002282946733433e-03,6.270647127047316097e-03
2.915000000000000036e+00,8.539102027526834782e-03,6.239620259624252194e-03
2.917499999999999982e+00,8.564328770466533847e-03,6.208593392201187423e-03
2.919999999999999929e+00,8.589683363090683255e-03,6.177566524778123520e-03
2.922499999999999876e+00,8.615166663909103531e-03,6.146539657355059617e-03
2.925000000000000266e+00,8.640779538681539820e-03,6.115512789931989643e-03
2.927500000000000213e+00,8.666522860499320524e-03,6.099560714878078140e-03
2.930000000000000160e+00,8.692397509852100787e-03,6.083608639824166636e-03
2.932500000000000107e+00,8.718404374711266266e-03,6.067656564770255133e-03
2.935000000000000053e+00,8.744544350598133786e-03,6.051704489716343630e-03
2.937500000000000000e+00,8.770818340669747290e-03,6.035752414662432126e-03
2.939999999999999947e+00,8.797227255788367395e-03,6.019800339608520623e-03
2.942499999999999893e+00,8.823772014609508607e-03,6.003848264554608252e-03
2.944999999999999840e+00,8.850453543653196559e-03,5.987896189500696749e-03
2.947500000000000231e+00,8.877272777393786785e-03,5.971944114446782644e-03
2.950000000000000178e+00,8.904230658333277607e-03,5.955992039392871140e-03
2.952500000000000124e+00,8.931328137093470787e-03,5.964755325299097091e-03
2.955000000000000071e+00,8.958566172490483107e-03,5.973518611205323910e-03
2.957500000000000018e+00,8.985945731629167363e-03,5.982281897111549861e-03
2.959999999999999964e+00,9.013467789980687470e-03,5.991045183017776679e-03
2.962499999999999911e+00,9.041133331477643753e-03,5.999808468924002630e-03
2.964999999999999858e+00,9.068943348594215442e-03,6.008571754830229449e-03
2.967500000000000249e+00,9.096898842443572331e-03,6.017335040736457134e-03
2.970000000000000195e+00,9.125000822860511798e-03,6.026098326642683085e-03
2.972500000000000142e+00,9.153250308500657240e-03,6.034861612548909904e-03
2.975000000000000089e+00,9.181648326924722256e-03,6.043624898455135855e-03
2.977500000000000036e+00,9.210195914701086589e-03,6.085477027956681835e-03
2.979999999999999982e+00,9.238894117492076064e-03,6.127329157458226948e-03
2.982499999999999929e+00,9.267743990158354775e-03,6.169181286959772928e-03
2.984999999999999876e+00,9.296746596847794974e-03,6.211033416461318908e-03
2.987500000000000266e+00,9.325903011102488691e-03,6.252885545962871827e-03
2.990000000000000213e+00,9.355214315950044490e-03,6.294737675464416940e-03
2.992500000000000160e+00,9.384681604012713729e-03,6.336589804965962920e-03
2.995000000000000107e+00,9.414305977601223480e-03,6.378441934467508900e-03
2.997500000000000053e+00,9.444088548826952423e-03,6.420294063969054013e-03
3.000000000000000000e+00,9.474030439697772588e-03,6.462146193470599993e-03
3.002499999999999947e+00,9.504132782232849880e-03,6.543057634928851375e-03
3.004999999999999893e+00,9.534396718561719344e-03,6.623969076387102757e-03
3.007500000000000284e+00,9.564823401040900216e-03,6.704880517845368017e-03
3.010000000000000231e+00,9.595413992356319199e-03,6.785791959303619399e-03
3.012500000000000178e+00,9.626169665642666379e-03,6.866703400761869913e-03
3.015000000000000124e+00,9.657091604588004252e-03,6.947614842220121295e-03
3.017500000000000071e+00,9.688181003556771767e-03,7.028526283678372677e-03
3.020000000000000018e+00,9.719439067696776860e-03,7.109437725136624059e-03
3.022499999999999964e+00,9.750867013065135647e-03,7.190349166594875441e-03
3.024999999999999911e+00,9.782466066738567875e-03,7.271260608053126823e-03
3.027499999999999858e+00,9.814237466941730034e-03,7.393767775607008180e-03
3.030000000000000249e+00,9.846182463161233522e-03,7.516274943160919896e-03
3.032500000000000195e+00,9.878302316276829642e-03,7.638782110714809059e-03
3.035000000000000142e+00,9.910598298678052406e-03,7.761289278268699091e-03
3.037500000000000089e+00,9.943071694399356966e-03,7.883796445822589122e-03
3.040000000000000036e+00,9.975723799239792980e-03,8.006303613376477418e-03
3.042499999999999982e+00,1.000855592090105911e-02,8.128810780930367449e-03
3.044999999999999929e+00,1.004156937911095462e-02,8.251317948484257481e-03
3.047499999999999876e+00,1.007476550576423893e-02,8.373825116038147512e-03
3.050000000000000266e+00,1.010814564505020836e-02,8.496332283592058360e-03
3.052500000000000213e+00,1.014171115359674240e-02,8.658731054628223192e-03
3.055000000000000160e+00,1.017546340060103416e-02,8.821129825664388024e-03
3.057500000000000107e+00,1.020940376797780519e-02,8.983528596700554592e-03
3.060000000000000053e+00,1.024353365049329376e-02,9.145927367736719424e-03
3.062500000000000000e+00,1.027785445591745950e-02,9.308326138772884256e-03
3.064999999999999947e+00,1.031236760516138044e-02,9.470724909809049089e-03
3.067499999999999893e+00,1.034707453243324804e-02,9.633123680845215656e-03
3.070000000000000284e+00,1.038197668538015650e-02,9.795522451881409978e-03
3.072500000000000231e+00,1.041707552524758808e-02,9.957921222917574811e-03
3.075000000000000178e+00,1.045237252702492688e-02,1.012031999395373964e-02
3.077500000000000124e+00,1.048786917960937981e-02,1.031620231615833043e-02
3.080000000000000071e+00,1.052356698595577171e-02,1.051208463836292122e-02
3.082500000000000018e+00,1.055946746324417686e-02,1.070796696056751374e-02
3.084999999999999964e+00,1.059557214303408559e-02,1.090384928277210452e-02
3.087499999999999911e+00,1.063188257143615756e-02,1.109973160497669531e-02
3.089999999999999858e+00,1.066840030927136869e-02,1.129561392718128610e-02
3.092500000000000249e+00,1.070512693224662595e-02,1.149149624938591158e-02
3.095000000000000195e+00,1.074206403111800136e-02,1.168737857159050410e-02
3.097500000000000142e+00,1.077921321187192381e-02,1.188326089379509488e-02
3.100000000000000089e+00,1.081657609589256955e-02,1.207914321599968567e-02
3.102500000000000036e+00,1.085415432014744976e-02,1.229738111232581317e-02
3.104999999999999982e+00,1.089194953735996528e-02,1.251561900865194241e-02
3.107499999999999929e+00,1.092996341619959649e-02,1.273385690497806991e-02
3.109999999999999876e+00,1.096819764145960836e-02,1.295209480130419741e-02
3.112500000000000266e+00,1.100665391425212185e-02,1.317033269763036481e-02
3.115000000000000213e+00,1.104533395219064323e-02,1.338857059395649231e-02
3.117500000000000160e+00,1.108423948959080634e-02,1.360680849028261981e-02
3.120000000000000107e+00,1.112337227765778508e-02,1.382504638660874731e-02
3.122500000000000053e+00,1.116273408469216875e-02,1.404328428293487654e-02
3.125000000000000000e+00,1.120232669628348776e-02,1.426152217926100405e-02
3.127499999999999947e+00,1.124215191552058180e-02,1.448677405972936295e-02
3.129999999999999893e+00,1.128221156319140009e-02,1.471202594019772186e-02
3.132500000000000284e+00,1.132250747799925378e-02,1.493727782066612067e-02
3.135000000000000231e+00,1.136304151676714551e-02,1.516252970113447958e-02
3.137500000000000178e+00,1.140381555466130417e-02,1.538778158160283849e-02
3.140000000000000124e+00,1.144483148540061460e-02,1.561303346207119740e-02
3.142500000000000071e+00,1.148609122148623943e-02,1.583828534253955631e-02
3.145000000000000018e+00,1.152759669441746210e-02,1.606353722300791348e-02
3.147499999999999964e+00,1.156934985492710267e-02,1.628878910347627412e-02
3.149999999999999911e+00,1.161135267320430320e-02,1.651404098394463477e-02
3.152499999999999858e+00,1.165360713913578608e-02,1.672781042413516023e-02
3.155000000000000249e+00,1.169611526253518802e-02,1.694157986432572732e-02
3.157500000000000195e+00,1.173887907339133709e-02,1.715534930451625278e-02
3.160000000000000142e+00,1.178190062210416819e-02,1.736911874470677825e-02
3.162500000000000089e+00,1.182518197973960773e-02,1.758288818489730718e-02
3.165000000000000036e+00,1.186872523827276447e-02,1.779665762508783264e-02
3.167499999999999982e+00,1.191253251084951024e-02,1.801042706527835810e-02
3.169999999999999929e+00,1.195660593203726370e-02,1.822419650546888356e-02
3.172499999999999876e+00,1.200094765809376490e-02,1.843796594565941249e-02
3.175000000000000266e+00,1.204555986722490903e-02,1.865173538584997612e-02
3.177500000000000213e+00,1.209044475986146248e-02,1.883395472474126697e-02
3.180000000000000160e+00,1.213560455892459013e-02,1.901617406363255436e-02
3.182500000000000107e+00,1.218104151011013304e-02,1.919839340252384521e-02
3.185000000000000053e+00,1.222675788216205477e-02,1.938061274141513607e-02
3.187500000000000000e+00,1.227275596716480115e-02,1.956283208030642345e-02
3.189999999999999947e+00,1.231903808082516517e-02,1.974505141919771431e-02
3.192499999999999893e+00,1.236560656277279485e-02,1.992727075808900516e-02
3.195000000000000284e+00,1.241246377685018346e-02,2.010949009698032725e-02
3.197500000000000231e+00,1.245961211142231767e-02,2.029170943587161463e-02
3.200000000000000178e+00,1.250705397967515585e-02,2.047392877476290549e-02
3.202500000000000124e+00,1.255479181993419610e-02,2.060497394750583980e-02
3.205000000000000071e+00,1.260282809597203062e-02,2.073601912024877758e-02
3.207500000000000018e+00,1.265116529733565504e-02,2.086706429299171189e-02
3.209999999999999964e+00,1.269980593966431662e-02,2.099810946573464621e-02
3.212499999999999911e+00,1.274875256502561865e-02,2.112915463847758399e-02
3.214999999999999858e+00,1.279800774224274483e-02,2.126019981122051830e-02
3.217500000000000249e+00,1.284757406724122870e-02,2.139124498396347690e-02
3.220000000000000195e+00,1.289745416338563926e-02,2.152229015670641121e-02
3.222500000000000142e+00,1.294765068183677606e-02,2.165333532944934899e-02
3.225000000000000089e+00,1.299816630189830520e-02,2.178438050219228331e-02
3.227500000000000036e+00,1.304900373138469412e-02,2.184735672495421652e-02
3.229999999999999982e+00,1.310016570697876241e-02,2.191033294771614973e-02
3.232499999999999929e+00,1.315165499461012043e-02,2.197330917047808294e-02
3.234999999999999876e+00,1.320347438982397321e-02,2.203628539324001614e-02
3.237500000000000266e+00,1.325562671817063706e-02,2.209926161600196323e-02
3.240000000000000213e+00,1.330811483558608059e-02,2.216223783876389644e-02
3.242500000000000160e+00,1.336094162879291475e-02,2.222521406152582965e-02
3.245000000000000107e+00,1.341411001569273176e-02,2.228819028428776286e-02
3.247500000000000053e+00,1.346762294577908553e-02,2.235116650704969607e-02
3.250000000000000000e+00,1.352148340054243163e-02,2.241414272981162928e-02
3.252499999999999947e+00,1.357569439389536524e-02,2.239722183341958522e-02
3.254999999999999893e+00,1.363025897258992453e-02,2.238030093702754117e-02
3.257500000000000284e+00,1.368518021665644270e-02,2.236338004063549365e-02
3.260000000000000231e+00,1.374046123983350097e-02,2.234645914424344959e-02
3.262500000000000178e+00,1.379610519002020391e-02,2.232953824785140207e-02
3.265000000000000124e+00,1.385211524971984715e-02,2.231261735145935801e-02
3.267500000000000071e+00,1.390849463650607569e-02,2.229569645506731396e-02
3.270000000000000018e+00,1.396524660348066535e-02,2.227877555867526990e-02
3.272499999999999964e+00,1.402237443975383642e-02,2.226185466228322585e-02
3.274999999999999911e+00,1.407988147091667093e-02,2.224493376589118179e-02
3.277499999999999858e+00,1.413777105953659130e-02,2.214348240059958728e-02
3.280000000000000249e+00,1.419604660564468754e-02,2.204203103530796154e-02
3.282500000000000195e+00,1.425471154724647707e-02,2.194057967001635315e-02
3.285000000000000142e+00,1.431376936082527467e-02,2.183912830472474476e-02
3.287500000000000089e+00,1.437322356186830456e-02,2.173767693943313983e-02
3.290000000000000036e+00,1.443307770538711753e-02,2.163622557414153144e-02
3.292499999999999982e+00,1.449333538645967978e-02,2.153477420884992305e-02
3.294999999999999929e+00,1.455400024076768974e-02,2.143332284355831466e-02
3.297499999999999876e+00,1.461507594515613385e-02,2.133187147826670627e-02
3.300000000000000266e+00,1.467656621818770601e-02,2.123042011297508053e-02
3.302500000000000213e+00,1.473847482072052247e-02,2.104864204665012756e-02
3.305000000000000160e+00,1.480080555648008792e-02,2.086686398032517459e-02
3.307500000000000107e+00,1.486356227265605949e-02,2.068508591400022509e-02
3.310000000000000053e+00,1.492674886049274660e-02,2.050330784767527212e-02
3.312500000000000000e+00,1.499036925590485105e-02,2.032152978135031915e-02
3.314999999999999947e+00,1.505442744008773058e-02,2.013975171502536618e-02
3.317499999999999893e+00,1.511892744015265119e-02,1.995797364870041668e-02
3.320000000000000284e+00,1.518387332975757072e-02,1.977619558237542902e-02
3.322500000000000231e+00,1.524926922976311237e-02,1.959441751605047952e-02
3.325000000000000178e+00,1.531511930888377823e-02,1.941263944972552655e-02
3.327500000000000124e+00,1.538142778436532750e-02,1.916447076914287728e-02
3.330000000000000071e+00,1.544819892265874087e-02,1.891630208856022802e-02
3.332500000000000018e+00,1.551543704011860460e-02,1.866813340797757528e-02
3.334999999999999964e+00,1.558314650369982401e-02,1.841996472739492602e-02
3.337499999999999911e+00,1.565133173167990513e-02,1.817179604681227675e-02
3.339999999999999858e+00,1.571999719437830456e-02,1.792362736622962749e-02
3.342500000000000249e+00,1.578914741490271972e-02,1.767545868564693312e-02
3.345000000000000195e+00,1.585878696989294345e-02,1.742729000506428039e-02
3.347500000000000142e+00,1.592892049029214982e-02,1.717912132448163112e-02
3.350000000000000089e+00,1.599955266211568541e-02,1.693095264389898186e-02
3.352500000000000036e+00,1.607068822724820253e-02,1.663999838450308522e-02
3.354999999999999982e+00,1.614233198423899174e-02,1.634904412510718857e-02
3.357499999999999929e+00,1.621448878912562508e-02,1.605808986571129193e-02
3.359999999999999876e+00,1.628716355625674933e-02,1.576713560631539529e-02
3.362500000000000266e+00,1.636036125914345704e-02,1.547618134691944487e-02
3.365000000000000213e+00,1.643408693131044249e-02,1.518522708752354823e-02
3.367500000000000160e+00,1.650834566717618648e-02,1.489427282812765159e-02
3.370000000000000107e+00,1.658314262293414387e-02,1.460331856873175321e-02
3.372500000000000053e+00,1.665848301746219659e-02,1.431236430933585657e-02
3.375000000000000000e+00,1.673437213323493780e-02,1.402141004993995993e-02
3.377499999999999947e+00,1.681081531726452694e-02,1.371979294386733647e-02
3.379999999999999893e+00,1.688781798204421619e-02,1.341817583779471475e-02
3.382500000000000284e+00,1.696538560652255043e-02,1.311655873172203925e-02
3.385000000000000231e+00,1.704352373707924972e-02,1.281494162564941579e-02
3.387500000000000178e+00,1.712223798853349660e-02,1.251332451957679406e-02
3.390000000000000124e+00,1.720153404515474896e-02,1.221170741350417061e-02
3.392500000000000071e+00,1.728141766170528809e-02,1.191009030743154715e-02
3.395000000000000018e+00,1.736189466448747817e-02,1.160847320135892542e-02
3.397499999999999964e+00,1.744297095242282325e-02,1.130685609528630370e-02
3.399999999999999911e+00,1.752465249813649206e-02,1.100523898921368024e-02
3.402499999999999858e+00,1.760694534907452855e-02,1.073133954814578343e-02
3.405000000000000249e+00,1.768985562862686323e-02,1.045744010707784326e-02
3.407500000000000195e+00,1.777338953728434603e-02,1.018354066600995166e-02
3.410000000000000142e+00,1.785755335380261391e-02,9.909641224942060053e-03
3.412500000000000089e+00,1.794235343639959471e-02,9.635741783874168451e-03
3.415000000000000036e+00,1.802779622396180961e-02,9.361842342806276848e-03
3.417499999999999982e+00,1.811388823728514799e-02,9.087942901738385246e-03
3.419999999999999929e+00,1.820063608032440605e-02,8.814043460670493643e-03
3.422499999999999876e+00,1.828804644147931022e-02,8.540144019602602041e-03
3.425000000000000266e+00,1.837612609488944657e-02,8.266244578534661866e-03
3.427500000000000213e+00,1.846488190176666030e-02,8.061436544954562328e-03
3.430000000000000160e+00,1.855432081173816194e-02,7.856628511374464524e-03
3.432500000000000107e+00,1.864444986422686759e-02,7.651820477794365853e-03
3.435000000000000053e+00,1.873527618984437149e-02,7.447012444214267182e-03
3.437500000000000000e+00,1.882680701182208940e-02,7.242204410634167644e-03
3.439999999999999947e+00,1.891904964745505860e-02,7.037396377054069840e-03
3.442499999999999893e+00,1.901201150958688885e-02,6.832588343473970302e-03
3.445000000000000284e+00,1.910570010810699187e-02,6.627780309893835202e-03
3.447500000000000231e+00,1.920012305148996110e-02,6.422972276313736531e-03
3.450000000000000178e+00,1.929528804834995323e-02,6.218164242733637860e-03
3.452500000000000124e+00,1.939120290903665125e-02,6.122777481576012829e-03
3.455000000000000071e+00,1.948787554724850865e-02,6.027390720418386930e-03
3.457500000000000018e+00,1.958531398168878238e-02,5.932003959260761898e-03
3.459999999999999964e+00,1.968352633773919058e-02,5.836617198103136867e-03
3.462499999999999911e+00,1.978252084917890216e-02,5.741230436945510968e-03
3.464999999999999858e+00,1.988230585992201496e-02,5.645843675787885936e-03
3.467500000000000249e+00,1.998288982580157316e-02,5.550456914630243557e-03
3.470000000000000195e+00,2.008428131637314193e-02,5.455070153472618526e-03
3.472500000000000142e+00,2.018648901676736371e-02,5.359683392314992627e-03
3.475000000000000089e+00,2.028952172956289060e-02,5.264296631157367595e-03
3.477500000000000036e+00,2.039338837670962717e-02,5.313156163937877464e-03
3.479999999999999982e+00,2.049809800147467040e-02,5.362015696718388201e-03
3.482499999999999929e+00,2.060365977043935801e-02,5.410875229498898070e-03
3.484999999999999876e+00,2.071008297552100544e-02,5.459734762279407939e-03
3.487500000000000266e+00,2.081737703604739920e-02,5.508594295059926482e-03
3.490000000000000213e+00,2.092555150085789045e-02,5.557453827840437219e-03
3.492500000000000160e+00,2.103461605045832752e-02,5.606313360620947088e-03
3.495000000000000107e+00,2.114458049920525662e-02,5.655172893401456957e-03
3.497500000000000053e+00,2.125545479754552269e-02,5.704032426181967694e-03
3.500000000000000000e+00,2.136724903428618635e-02,5.752891958962477563e-03
3.502499999999999947e+00,2.147997343892347338e-02,5.970872552666494498e-03
3.504999999999999893e+00,2.159363838400238378e-02,6.188853146370511434e-03
3.507500000000000284e+00,2.170825438753819572e-02,6.406833740074566533e-03
3.510000000000000231e+00,2.182383211547089460e-02,6.624814333778584335e-03
3.512500000000000178e+00,2.194038238418259332e-02,6.842794927482600403e-03
3.515000000000000124e+00,2.205791616305179809e-02,7.060775521186618206e-03
3.517500000000000071e+00,2.217644457707134906e-02,7.278756114890634274e-03
3.520000000000000018e+00,2.229597890950607564e-02,7.496736708594651209e-03
3.522499999999999964e+00,2.241653060461670788e-02,7.714717302298668145e-03
3.524999999999999911e+00,2.253811127042575774e-02,7.932697896002685947e-03
3.527499999999999858e+00,2.266073268155224113e-02,8.330785724613772036e-03
3.530000000000000249e+00,2.278440678209069786e-02,8.728873553224962209e-03
3.532500000000000195e+00,2.290914568856191810e-02,9.126961381836081258e-03
3.535000000000000142e+00,2.303496169291085333e-02,9.525049210447200307e-03
3.537500000000000089e+00,2.316186726557843342e-02,9.923137039058317621e-03
3.540000000000000036e+00,2.328987505862357282e-02,1.032122486766943667e-02
3.542499999999999982e+00,2.341899790892294081e-02,1.071931269628055572e-02
3.544999999999999929e+00,2.354924884142260699e-02,1.111740052489167477e-02
3.547499999999999876e+00,2.368064107247102451e-02,1.151548835350279382e-02
3.550000000000000266e+00,2.381318801320742723e-02,1.191357618211398399e-02
3.552500000000000213e+00,2.394690327303413899e-02,1.248593324702727131e-02
3.555000000000000160e+00,2.408180066314841855e-02,1.305829031194055863e-02
3.557500000000000107e+00,2.421789420016096095e-02,1.363064737685384595e-02
3.560000000000000053e+00,2.435519810977777172e-02,1.420300444176713327e-02
3.562500000000000000e+00,2.449372683057226760e-02,1.477536150668042059e-02
3.564999999999999947e+00,2.463349501782443815e-02,1.534771857159370791e-02
3.567499999999999893e+00,2.477451754745386286e-02,1.592007563650699523e-02
3.570000000000000284e+00,2.491680952002433419e-02,1.649243270142038489e-02
3.572500000000000231e+00,2.506038626484564241e-02,1.706478976633367395e-02
3.575000000000000178e+00,2.520526334415143163e-02,1.763714683124695953e-02
3.577500000000000124e+00,2.535145655737855788e-02,1.835962524055026121e-02
3.580000000000000071e+00,2.549898194552630698e-02,1.908210364985356289e-02
3.582500000000000018e+00,2.564785579562285645e-02,1.980458205915686110e-02
3.584999999999999964e+00,2.579809464527481333e-02,2.052706046846016277e-02
3.587499999999999911e+00,2.594971528732950561e-02,2.124953887776346445e-02
3.589999999999999858e+00,2.610273477462544608e-02,2.197201728706676613e-02
3.592500000000000249e+00,2.625717042485939054e-02,2.269449569637019271e-02
3.595000000000000195e+00,2.641303982554815688e-02,2.341697410567349785e-02
3.597500000000000142e+00,2.657036083911184718e-02,2.413945251497679606e-02
3.600000000000000089e+00,2.672915160805680937e-02,2.486193092428009774e-02
3.602500000000000036e+00,2.688943056028604214e-02,2.569238319206521362e-02
3.604999999999999982e+00,2.705121641451512307e-02,2.652283545985032603e-02
3.607499999999999929e+00,2.721452818582148145e-02,2.735328772763544192e-02
3.609999999999999876e+00,2.737938519130535958e-02,2.818373999542055780e-02
3.612500000000000266e+00,2.754580705588995440e-02,2.901419226320581940e-02
3.615000000000000213e+00,2.771381371824038417e-02,2.984464453099093528e-02
3.617500000000000160e+00,2.788342543682842747e-02,3.067509679877604770e-02
3.620000000000000107e+00,2.805466279612214148e-02,3.150554906656116011e-02
3.622500000000000053e+00,2.822754671292922526e-02,3.233600133434627599e-02
3.625000000000000000e+00,2.840209844287223950e-02,3.316645360213139188e-02
3.627499999999999947e+00,2.857833958702491253e-02,3.404703765003537497e-02
3.629999999999999893e+00,2.875629209868824782e-02,3.492762169793936500e-02
3.632500000000000284e+00,2.893597829033478855e-02,3.580820574584350768e-02
3.635000000000000231e+00,2.911742084070233216e-02,3.668878979374749078e-02
3.637500000000000178e+00,2.930064280206337232e-02,3.756937384165147387e-02
3.640000000000000124e+00,2.948566760765218911e-02,3.844995788955546390e-02
3.642500000000000071e+00,2.967251907927742280e-02,3.933054193745944699e-02
3.645000000000000018e+00,2.986122143510123311e-02,4.021112598536343702e-02
3.647499999999999964e+00,3.005179929761303895e-02,4.109171003326742011e-02
3.649999999999999911e+00,3.024427770178019642e-02,4.197229408117141014e-02
3.652499999999999858e+00,3.043868210340293715e-02,4.283378852066677123e-02
3.655000000000000249e+00,3.063503838765655254e-02,4.369528296016229191e-02
3.657500000000000195e+00,3.083337287784881572e-02,4.455677739965765299e-02
3.660000000000000142e+00,3.103371234437525897e-02,4.541827183915302102e-02
3.662500000000000089e+00,3.123608401390172776e-02,4.627976627864838211e-02
3.665000000000000036e+00,3.144051557875555264e-02,4.714126071814374319e-02
3.667499999999999982e+00,3.164703520655684499e-02,4.800275515763911122e-02
3.669999999999999929e+00,3.185567155007067858e-02,4.886424959713447230e-02
3.672499999999999876e+00,3.206645375731138892e-02,4.972574403662984033e-02
3.675000000000000266e+00,3.227941148188263887e-02,5.058723847612535407e-02
3.677500000000000213e+00,3.249457489358194284e-02,5.135518028628495435e-02
3.680000000000000160e+00,3.271197468925532426e-02,5.212312209644455463e-02
3.682500000000000107e+00,3.293164210393136754e-02,5.289106390660415491e-02
3.685000000000000053e+00,3.315360892221985711e-02,5.365900571676374825e-02
3.687500000000000000e+00,3.337790749000563162e-02,5.442694752692334853e-02
3.689999999999999947e+00,3.360457072642306087e-02,5.519488933708294881e-02
3.692499999999999893e+00,3.383363213614185711e-02,5.596283114724254909e-02
3.695000000000000284e+00,3.406512582195105054e-02,5.673077295740228121e-02
3.697500000000000231e+00,3.429908649767157702e-02,5.749871476756188149e-02
3.700000000000000178e+00,3.453554950138462698e-02,5.826665657772148177e-02
3.702500000000000124e+00,3.477455080900876405e-02,5.886890793297730462e-02
3.705000000000000071e+00,3.501612704821097793e-02,5.947115928823312747e-02
3.707500000000000018e+00,3.526031551268665742e-02,6.007341064348895032e-02
3.709999999999999964e+00,3.550715417679459196e-02,6.067566199874477317e-02
3.712499999999999911e+00,3.575668171058166839e-02,6.127791335400059602e-02
3.714999999999999858e+00,3.600893749518549458e-02,6.188016470925641888e-02
3.717500000000000249e+00,3.626396163864856192e-02,6.248241606451235275e-02
3.720000000000000195e+00,3.652179499213444730e-02,6.308466741976817560e-02
3.722500000000000142e+00,3.678247916657968047e-02,6.368691877502399845e-02
3.725000000000000089e+00,3.704605654977304041e-02,6.428917013027982130e-02
3.727500000000000036e+00,3.731257032389611455e-02,6.466433407224925212e-02
3.729999999999999982e+00,3.758206448351841117e-02,6.503949801421868293e-02
3.732499999999999929e+00,3.785458385408221882e-02,6.541466195618811375e-02
3.734999999999999876e+00,3.813017411086935815e-02,6.578982589815754456e-02
3.737500000000000266e+00,3.840888179848852418e-02,6.616498984012703088e-02
3.740000000000000213e+00,3.869075435087518389e-02,6.654015378209646170e-02
3.742500000000000160e+00,3.897584011184349051e-02,6.691531772406589251e-02
3.745000000000000107e+00,3.926418835618400438e-02,6.729048166603532333e-02
3.747500000000000053e+00,3.955584931134768084e-02,6.766564560800475414e-02
3.750000000000000000e+00,3.985087417971031748e-02,6.804080954997418496e-02
3.752499999999999947e+00,4.014931516146023199e-02,6.814676564275853887e-02
3.754999999999999893e+00,4.045122547810477837e-02,6.825272173554290667e-02
3.757500000000000284e+00,4.075665939663814658e-02,6.835867782832727446e-02
3.760000000000000231e+00,4.106567225436895396e-02,6.846463392111164226e-02
3.762500000000000178e+00,4.137832048445155841e-02,6.857059001389599617e-02
3.765000000000000124e+00,4.169466164211988596e-02,6.867654610668035009e-02
3.767500000000000071e+00,4.201475443167048546e-02,6.878250219946471788e-02
3.770000000000000018e+00,4.233865873419465770e-02,6.888845829224907180e-02
3.772499999999999964e+00,4.266643563610820339e-02,6.899441438503342572e-02
3.774999999999999911e+00,4.299814745847993502e-02,6.910037047781779351e-02
3.777499999999999858e+00,4.333385778721001586e-02,6.892210985868726936e-02
3.780000000000000249e+00,4.367363150406084610e-02,6.874384923955666193e-02
3.782500000000000195e+00,4.401753481859358580e-02,6.856558862042609614e-02
3.785000000000000142e+00,4.436563530101474140e-02,6.838732800129553036e-02
3.787500000000000089e+00,4.471800191598800794e-02,6.820906738216495069e-02
3.790000000000000036e+00,4.507470505741949240e-02,6.803080676303438490e-02
3.792499999999999982e+00,4.543581658427090636e-02,6.785254614390380523e-02
3.794999999999999929e+00,4.580140985741426585e-02,6.767428552477323944e-02
3.797499999999999876e+00,4.617155977758345686e-02,6.749602490564267365e-02
3.800000000000000266e+00,4.654634282443874393e-02,6.731776428651206623e-02
3.802500000000000213e+00,4.692583709680323706e-02,6.687368311961484901e-02
3.805000000000000160e+00,4.731012235408931649e-02,6.642960195271763180e-02
3.807500000000000107e+00,4.769928005897727114e-02,6.598552078582041458e-02
3.810000000000000053e+00,4.809339342136735584e-02,6.554143961892319736e-02
3.812500000000000000e+00,4.849254744367047232e-02,6.509735845202598015e-02
3.814999999999999947e+00,4.889682896746173207e-02,6.465327728512876293e-02
3.817499999999999893e+00,4.930632672156599894e-02,6.420919611823154571e-02
3.820000000000000284e+00,4.972113137160242419e-02,6.376511495133425911e-02
3.822500000000000231e+00,5.014133557106250499e-02,6.332103378443704189e-02
3.825000000000000178e+00,5.056703401395012260e-02,6.287695261753982467e-02
3.827500000000000124e+00,5.099832348906340601e-02,6.222282270635863533e-02
3.830000000000000071e+00,5.143530293595176967e-02,6.156869279517745291e-02
3.832500000000000018e+00,5.187807350263042017e-02,6.091456288399626356e-02
3.834999999999999964e+00,5.232673860509182845e-02,6.026043297281508115e-02
3.837499999999999911e+00,5.278140398870004996e-02,5.960630306163389180e-02
3.839999999999999858e+00,5.324217779151314139e-02,5.895217315045270939e-02
3.842500000000000249e+00,5.370917060962390049e-02,5.829804323927140208e-02
3.845000000000000195e+00,5.418249556456952026e-02,5.764391332809021967e-02
3.847500000000000142e+00,5.466226837290599772e-02,5.698978341690903726e-02
3.850000000000000089e+00,5.514860741800407806e-02,5.633565350572784791e-02
3.852500000000000036e+00,5.564163382416761894e-02,5.556563036101183628e-02
3.854999999999999982e+00,5.614147153313709532e-02,5.479560721629582465e-02
3.857499999999999929e+00,5.664824738308649882e-02,5.402558407157981302e-02
3.859999999999999876e+00,5.716209119018236806e-02,5.325556092686380139e-02
3.862500000000000266e+00,5.768313583281989287e-02,5.248553778214765791e-02
3.865000000000000213e+00,5.821151733861165689e-02,5.171551463743164628e-02
3.867500000000000160e+00,5.874737497425222554e-02,5.094549149271563465e-02
3.870000000000000107e+00,5.929085133834075677e-02,5.017546834799962302e-02
3.872500000000000053e+00,5.984209245729237708e-02,4.940544520328361139e-02
3.875000000000000000e+00,6.040124788443083231e-02,4.863542205856759976e-02
3.877499999999999947e+00,6.096847080239841538e-02,4.787966752870492781e-02
3.879999999999999893e+00,6.154391812898594299e-02,4.712391299884224893e-02
3.882500000000000284e+00,6.212775062652899777e-02,4.636815846897944515e-02
3.885000000000000231e+00,6.272013301497970927e-02,4.561240393911676627e-02
3.887500000000000178e+00,6.332123408881143445e-02,4.485664940925409433e-02
3.890000000000000124e+00,6.393122683787619276e-02,4.410089487939142239e-02
3.892500000000000071e+00,6.455028857238104267e-02,4.334514034952874351e-02
3.895000000000000018e+00,6.517860105211441268e-02,4.258938581966607156e-02
3.897499999999999964e+00,6.581635062009889847e-02,4.183363128980339962e-02
3.899999999999999911e+00,6.646372834081448744e-02,4.107787675994072074e-02
3.902500000000000302e+00,6.712093014317867257e-02,4.049665051302074603e-02
3.905000000000000249e+00,6.778815696843872030e-02,3.991542426610091010e-02
3.907500000000000195e+00,6.846561492317813913e-02,3.933419801918106723e-02
3.910000000000000142e+00,6.915351543760081543e-02,3.875297177226123130e-02
3.912500000000000089e+00,6.985207542931110014e-02,3.817174552534138843e-02
3.915000000000000036e+00,7.056151747276608044e-02,3.759051927842155250e-02
3.917499999999999982e+00,7.128206997462971373e-02,3.700929303150170963e-02
3.919999999999999929e+00,7.201396735522264114e-02,3.642806678458187369e-02
3.922499999999999876e+00,7.275745023630840469e-02,3.584684053766203082e-02
3.925000000000000266e+00,7.351276563542533116e-02,3.526561429074209081e-02
3.927500000000000213e+00,7.428016716702051658e-02,3.504000345620186113e-02
3.930000000000000160e+00,7.505991525060896896e-02,3.481439262166163839e-02
3.932500000000000107e+00,7.585227732622962238e-02,3.458878178712140872e-02
3.935000000000000053e+00,7.665752807743553277e-02,3.436317095258118598e-02
3.937500000000000000e+00,7.747594966210551160e-02,3.413756011804095630e-02
3.939999999999999947e+00,7.830783195132773322e-02,3.391194928350073357e-02
3.942499999999999893e+00,7.915347277665715775e-02,3.368633844896050389e-02
3.945000000000000284e+00,8.001317818600763021e-02,3.346072761442023952e-02
3.947500000000000231e+00,8.088726270849265487e-02,3.323511677988001678e-02
3.950000000000000178e+00,8.177604962848547543e-02,3.300950594533978710e-02
3.952500000000000124e+00,8.267987126921544361e-02,3.332928662386291235e-02
3.955000000000000071e+00,8.359906928617781563e-02,3.364906730238603760e-02
3.957500000000000018e+00,8.453399497067229373e-02,3.396884798090915591e-02
3.959999999999999964e+00,8.548500956374220638e-02,3.428862865943228116e-02
3.962499999999999911e+00,8.645248458082188669e-02,3.460840933795540642e-02
3.965000000000000302e+00,8.743680214734866896e-02,3.492819001647858718e-02
3.967500000000000249e+00,8.843835534562857759e-02,3.524797069500171243e-02
3.970000000000000195e+00,8.945754857318911901e-02,3.556775137352483074e-02
3.972500000000000142e+00,9.049479791287834418e-02,3.588753205204795599e-02
3.975000000000000089e+00,9.155053151491229779e-02,3.620731273057108124e-02
3.977500000000000036e+00,9.262518999109736750e-02,3.725673912270677235e-02
3.979999999999999982e+00,9.371922682139323391e-02,3.830616551484245652e-02
3.982499999999999929e+00,9.483310877301091846e-02,3.935559190697814763e-02
3.984999999999999876e+00,9.596731633218071045e-02,4.040501829911383874e-02
3.987500000000000266e+00,9.712234414876026733e-02,4.145444469124971720e-02
3.990000000000000213e+00,9.829870149380218192e-02,4.250387108338540137e-02
3.992500000000000160e+00,9.949691273024037497e-02,4.355329747552109249e-02
3.995000000000000107e+00,1.007175177968213237e-01,4.460272386765677666e-02
3.997500000000000053e+00,1.019610727054518912e-01,4.565215025979246777e-02
4.000000000000000000e+00,1.032281500521156081e-01,4.670157665192815888e-02
4.002500000000000391e+00,1.045193395415675436e-01,4.864414150934712883e-02
4.004999999999999893e+00,1.058352485260028591e-01,5.058670636676541182e-02
4.007500000000000284e+00,1.071765025579627800e-01,5.252927122418438177e-02
4.009999999999999787e+00,1.085437459577297536e-01,5.447183608160265783e-02
4.012500000000000178e+00,1.099376423955271409e-01,5.641440093902162778e-02
4.014999999999999680e+00,1.113588754888247129e-01,5.835696579643991078e-02
4.017500000000000071e+00,1.128081494150972308e-01,6.029953065385888072e-02
4.020000000000000462e+00,1.142861895403493727e-01,6.224209551127785067e-02
4.022499999999999964e+00,1.157937430637318160e-01,6.418466036869613367e-02
4.025000000000000355e+00,1.173315796784897558e-01,6.612722522611509668e-02
4.027499999999999858e+00,1.189004922494403121e-01,6.909060106043131422e-02
4.030000000000000249e+00,1.205012975070072490e-01,7.205397689474857259e-02
4.032499999999999751e+00,1.221348367576979288e-01,7.501735272906479013e-02
4.035000000000000142e+00,1.238019766106171066e-01,7.798072856338204850e-02
4.037499999999999645e+00,1.255036097193270583e-01,8.094410439769825216e-02
4.040000000000000036e+00,1.272406555379110016e-01,8.390748023201552441e-02
4.042500000000000426e+00,1.290140610896333417e-01,8.687085606633278279e-02
4.044999999999999929e+00,1.308248017459549550e-01,8.983423190064900032e-02
4.047500000000000320e+00,1.326738820130186625e-01,9.279760773496625870e-02
4.049999999999999822e+00,1.345623363219216329e-01,9.576098356928247624e-02
4.052500000000000213e+00,1.364912298183194594e-01,9.982341644656821111e-02
4.054999999999999716e+00,1.384616591460385848e-01,1.038858493238525027e-01
4.057500000000000107e+00,1.404747532186020886e-01,1.079482822011382376e-01
4.060000000000000497e+00,1.425316739718039405e-01,1.120107150784239725e-01
4.062500000000000000e+00,1.446336170899017171e-01,1.160731479557082640e-01
4.065000000000000391e+00,1.467818126975586612e-01,1.201355808329939989e-01
4.067499999999999893e+00,1.489775260095550224e-01,1.241980137102782905e-01
4.070000000000000284e+00,1.512220579304253965e-01,1.282604465875640254e-01
4.072499999999999787e+00,1.535167455967422490e-01,1.323228794648483309e-01
4.075000000000000178e+00,1.558629628556497670e-01,1.363853123421340519e-01
4.077499999999999680e+00,1.582621206746098186e-01,1.415646878242439732e-01
4.080000000000000071e+00,1.607156674789731454e-01,1.467440633063557542e-01
4.082500000000000462e+00,1.632250894160591492e-01,1.519234387884675352e-01
4.084999999999999964e+00,1.657919105466754972e-01,1.571028142705774566e-01
4.087500000000000355e+00,1.684176929674963408e-01,1.622821897526892099e-01
4.089999999999999858e+00,1.711040368701591541e-01,1.674615652347991590e-01
4.092500000000000249e+00,1.738525805453540740e-01,1.726409407169109400e-01
4.094999999999999751e+00,1.766650003422303161e-01,1.778203161990208614e-01
4.097500000000000142e+00,1.795430105951285327e-01,1.829996916811326146e-01
4.099999999999999645e+00,1.824883635306036034e-01,1.881790671632425638e-01
4.102500000000000036e+00,1.855028491679012459e-01,1.944257012250233119e-01
4.105000000000000426e+00,1.885882952251438649e-01,2.006723352868044208e-01
4.107499999999999929e+00,1.917465670414378320e-01,2.069189693485833370e-01
4.110000000000000320e+00,1.949795675216132174e-01,2.131656034103644459e-01
4.112499999999999822e+00,1.982892371053831260e-01,2.194122374721433621e-01
4.115000000000000213e+00,2.016775537561263654e-01,2.256588715339244988e-01
4.117499999999999716e+00,2.051465329564196860e-01,2.319055055957033873e-01
4.120000000000000107e+00,2.086982276878197873e-01,2.381521396574845240e-01
4.122500000000000497e+00,2.123347283616045800e-01,2.443987737192656606e-01
4.125000000000000000e+00,2.160581626554586576e-01,2.506454077810445491e-01
4.127500000000000391e+00,2.198706951991075964e-01,2.578393464458174078e-01
4.129999999999999893e+00,2.237745270402247966e-01,2.650332851105876575e-01
4.132500000000000284e+00,2.277718948115338149e-01,2.722272237753604607e-01
4.134999999999999787e+00,2.318650695117294436e-01,2.794211624401307659e-01
4.137500000000000178e+00,2.360563548077878604e-01,2.866151011049036246e-01
4.139999999999999680e+00,2.403480847653003682e-01,2.938090397696738743e-01
4.142500000000000071e+00,2.447426209176853662e-01,3.010029784344466774e-01
4.145000000000000462e+00,2.492423485950807371e-01,3.081969170992195362e-01
4.147499999999999964e+00,2.538496724499783030e-01,3.153908557639898413e-01
4.150000000000000355e+00,2.585670111391216719e-01,3.225847944287626445e-01
4.152499999999999858e+00,2.633967911496575831e-01,3.305380574153138906e-01
4.155000000000000249e+00,2.683414397909966720e-01,3.384913204018679123e-01
4.157499999999999751e+00,2.734033774111783166e-01,3.464445833884191583e-01
4.160000000000000142e+00,2.785850089358387072e-01,3.543978463749731800e-01
4.162499999999999645e+00,2.838887148672300520e-01,3.623511093615244261e-01
4.165000000000000036e+00,2.893168419176073702e-01,3.703043723480785032e-01
4.167500000000000426e+00,2.948716934833259806e-01,3.782576353346325249e-01
4.169999999999999929e+00,3.005555201904909213e-01,3.862108983211837709e-01
4.172500000000000320e+00,3.063705107576892850e-01,3.941641613077377926e-01
4.174999999999999822e+00,3.123187834238796978e-01,4.021174242942890387e-01
4.177500000000000213e+00,3.184023781782468476e-01,4.105812316813913232e-01
4.179999999999999716e+00,3.246232500022905865e-01,4.190450390684905546e-01
4.182500000000000107e+00,3.309832632920704509e-01,4.275088464555928391e-01
4.185000000000000497e+00,3.374841875703056271e-01,4.359726538426951237e-01
4.187500000000000000e+00,3.441276945250253960e-01,4.444364612297944106e-01
4.190000000000000391e+00,3.509153563254864272e-01,4.529002686168966396e-01
4.192499999999999893e+00,3.578486450702794142e-01,4.613640760039959265e-01
4.195000000000000284e+00,3.649289331209455423e-01,4.698278833910982111e-01
4.197499999999999787e+00,3.721574939723813480e-01,4.782916907781974425e-01
4.200000000000000178e+00,3.795355032148844399e-01,4.867554981652997270e-01
4.202499999999999680e+00,3.870640390589881741e-01,4.954321116278559423e-01
4.205000000000000071e+00,3.947440818304322474e-01,5.041087250904152661e-01
4.207500000000000462e+00,4.025765118061327419e-01,5.127853385529745900e-01
4.209999999999999964e+00,4.105621047593445705e-01,5.214619520155308052e-01
4.212500000000000355e+00,4.187015246188314777e-01,5.301385654780901291e-01
4.214999999999999858e+00,4.269953127261281733e-01,5.388151789406463443e-01
4.217500000000000249e+00,4.354438732980288607e-01,5.474917924032055572e-01
4.219999999999999751e+00,4.440474548662116661e-01,5.561684058657617724e-01
4.222500000000000142e+00,4.528061276675266478e-01,5.648450193283210963e-01
4.224999999999999645e+00,4.617197571885229279e-01,5.735216327908773115e-01
4.227500000000000036e+00,4.707879743152989516e-01,5.820800621834322230e-01
4.230000000000000426e+00,4.800101427909867491e-01,5.906384915759870236e-01
4.232499999999999929e+00,4.893853249230365465e-01,5.991969209685388265e-01
4.235000000000000320e+00,4.989122466947690238e-01,6.077553503610937380e-01
4.237499999999999822e+00,5.085892636047509852e-01,6.163137797536455409e-01
4.240000000000000213e+00,5.184143286687360463e-01,6.248722091462003414e-01
4.242499999999999716e+00,5.283849640600480901e-01,6.334306385387521443e-01
4.245000000000000107e+00,5.384982378260689817e-01,6.419890679313070558e-01
4.247500000000000497e+00,5.487507469957816353e-01,6.505474973238618563e-01
4.250000000000000000e+00,5.591386081851374978e-01,6.591059267164136592e-01
4.252500000000000391e+00,5.696574565174825633e-01,6.672004336114736311e-01
4.254999999999999893e+00,5.803024533142578933e-01,6.752949405065307165e-01
4.257500000000000284e+00,5.910683025907678134e-01,6.833894474015905773e-01
4.259999999999999787e+00,6.019492759315729913e-01,6.914839542966476627e-01
4.262500000000000178e+00,6.129392448429913376e-01,6.995784611917076345e-01
4.264999999999999680e+00,6.240317192124514856e-01,7.076729680867647199e-01
4.267500000000000071e+00,6.352198900746877097e-01,7.157674749818246918e-01
4.270000000000000462e+00,6.464966745222137101e-01,7.238619818768845526e-01
4.272499999999999964e+00,6.578547603306921232e-01,7.319564887719416379e-01
4.275000000000000355e+00,6.692866477241232737e-01,7.400509956670016098e-01
4.277499999999999858e+00,6.807846857008440500e-01,7.473410962876225749e-01
4.280000000000000249e+00,6.923411004925276169e-01,7.546311969082460935e-01
4.282499999999999751e+00,7.039480140395600882e-01,7.619212975288669476e-01
4.285000000000000142e+00,7.155974508318222460e-01,7.692113981494904662e-01
4.287500000000000533e+00,7.272813320679702986e-01,7.765014987701139848e-01
4.290000000000000036e+00,7.389914568018565166e-01,7.837915993907349499e-01
4.292500000000000426e+00,7.507194705354202080e-01,7.910817000113584685e-01
4.294999999999999929e+00,7.624568225387934328e-01,7.983718006319793226e-01
4.297500000000000320e+00,7.741947139811682366e-01,8.056619012526028412e-01
4.299999999999999822e+00,7.859240396884938917e-01,8.129520018732238062e-01
4.302500000000000213e+00,7.976353269563264403e-01,8.191225517595953631e-01
4.304999999999999716e+00,8.093186752928090977e-01,8.252931016459646996e-01
4.307500000000000107e+00,8.209637012108454979e-01,8.314636515323362564e-01
4.310000000000000497e+00,8.325594922037706791e-01,8.376342014187078133e-01
4.312500000000000000e+00,8.440945738120603226e-01,8.438047513050772608e-01
4.315000000000000391e+00,8.555568932206999433e-01,8.499753011914488177e-01
4.317499999999999893e+00,8.669338221334731420e-01,8.561458510778181541e-01
4.320000000000000284e+00,8.782121807811916758e-01,8.623164009641897110e-01
4.322499999999999787e+00,8.893782838786218337e-01,8.684869508505590474e-01
4.325000000000000178e+00,9.004180082030353027e-01,8.746575007369306043e-01
4.327499999999999680e+00,9.113168802880612374e-01,8.794374406025260438e-01
4.330000000000000071e+00,9.220601815768314502e-01,8.842173804681231486e-01
4.332500000000000462e+00,9.326330673271459037e-01,8.889973203337202534e-01
4.334999999999999964e+00,9.430206946747017316e-01,8.937772601993156929e-01
4.337500000000000355e+00,9.532083545982803496e-01,8.985572000649126867e-01
4.339999999999999858e+00,9.631816021423367236e-01,9.033371399305081262e-01
4.342500000000000249e+00,9.729263791728723909e-01,9.081170797961052310e-01
4.344999999999999751e+00,9.824291241893771121e-01,9.128970196617006705e-01
4.347500000000000142e+00,9.916768642873221573e-01,9.176769595272977753e-01
4.350000000000000533e+00,1.000657285239634264e+00,9.224568993928948801e-01
4.352500000000000036e+00,1.009358776799435420e+00,9.256353528859830870e-01
4.355000000000000426e+00,1.017770451659114839e+00,9.288138063790724042e-01
4.357499999999999929e+00,1.025882137956905416e+00,9.319922598721606111e-01
4.360000000000000320e+00,1.033684346715368907e+00,9.351707133652499282e-01
4.362499999999999822e+00,1.041168217035813415e+00,9.383491668583381351e-01
4.365000000000000213e+00,1.048325443169060955e+00,9.415276203514274522e-01
4.367499999999999716e+00,1.055148188654200458e+00,9.447060738445156591e-01
4.370000000000000107e+00,1.061628993493938244e+00,9.478845273376049763e-01
4.372500000000000497e+00,1.067760680766900894e+00,9.510629808306942934e-01
4.375000000000000000e+00,1.073536269133857246e+00,9.542414343237825003e-01
4.377500000000000391e+00,1.078948897369867543e+00,9.556800604866384496e-01
4.379999999999999893e+00,1.083991766364857723e+00,9.571186866494939549e-01
4.382500000000000284e+00,1.088658103020690326e+00,9.585573128123499043e-01
4.384999999999999787e+00,1.092941149192710792e+00,9.599959389752054095e-01
4.387500000000000178e+00,1.096834177353579021e+00,9.614345651380613589e-01
4.389999999999999680e+00,1.100330533083638374e+00,9.628731913009168641e-01
4.392500000000000071e+00,1.103423702908171489e+00,9.643118174637728135e-01
4.395000000000000462e+00,1.106107404501095459e+00,9.657504436266287628e-01
4.397499999999999964e+00,1.108375694945462175e+00,9.671890697894842681e-01
4.400000000000000355e+00,1.110223091661771910e+00,9.686276959523402175e-01
4.402499999999999858e+00,1.111644699848826745e+00,9.682684904724373487e-01
4.405000000000000249e+00,1.112636339873005920e+00,9.679092849925344799e-01
4.407499999999999751e+00,1.113194668013298694e+00,9.675500795126316111e-01
4.410000000000000142e+00,1.113317284320672007e+00,9.671908740327287424e-01
4.412500000000000533e+00,1.113002822057962860e+00,9.668316685528257626e-01
4.415000000000000036e+00,1.112251014204908017e+00,9.664724630729228938e-01
4.417500000000000426e+00,1.111062733778044986e+00,9.661132575930200250e-01
4.419999999999999929e+00,1.109440006147839775e+00,9.657540521131171563e-01
4.422500000000000320e+00,1.107385993047167450e+00,9.653948466332142875e-01
4.424999999999999822e+00,1.104904949463912933e+00,9.650356411533114187e-01
4.427500000000000213e+00,1.102002156006482769e+00,9.629037238642619290e-01
4.429999999999999716e+00,1.098683830543073503e+00,9.607718065752132164e-01
4.432500000000000107e+00,1.094957023876008240e+00,9.586398892861637266e-01
4.435000000000000497e+00,1.090829504871198230e+00,9.565079719971142369e-01
4.437500000000000000e+00,1.086309640790183551e+00,9.543760547080655243e-01
4.440000000000000391e+00,1.081406278560057110e+00,9.522441374190160346e-01
4.442499999999999893e+00,1.076128632378148486e+00,9.501122201299673220e-01
4.445000000000000284e+00,1.070486182416199750e+00,9.479803028409178323e-01
4.447499999999999787e+00,1.064488588512381373e+00,9.458483855518691197e-01
4.450000000000000178e+00,1.058145621680748327e+00,9.437164682628196299e-01
4.452499999999999680e+00,1.051467115097129534e+00,9.399177600348473938e-01
4.455000000000000071e+00,1.044462935011703175e+00,9.361190518068738253e-01
4.457500000000000462e+00,1.037142970864558977e+00,9.323203435789002569e-01
4.459999999999999964e+00,1.029517142808516583e+00,9.285216353509280207e-01
4.462500000000000355e+00,1.021595423931494162e+00,9.247229271229544523e-01
4.464999999999999858e+00,1.013387873764337144e+00,9.209242188949822161e-01
4.467500000000000249e+00,1.004904679190557371e+00,9.171255106670085366e-01
4.469999999999999751e+00,9.961561986571938476e-01,9.133268024390363005e-01
4.472500000000000142e+00,9.871530056207370452e-01,9.095280942110627320e-01
4.475000000000000533e+00,9.779059274330211826e-01,9.057293859830891636e-01
4.477500000000000036e+00,9.684260763502531288e-01,9.004434367268052686e-01
4.480000000000000426e+00,9.587248699937669372e-01,8.951574874705194862e-01
4.482499999999999929e+00,9.488140393556976360e-01,8.898715382142355912e-01
4.485000000000000320e+00,9.387056232738772987e-01,8.845855889579498088e-01
4.487499999999999822e+00,9.284119491444321470e-01,8.792996397016659138e-01
4.490000000000000213e+00,9.179456004466053365e-01,8.740136904453801314e-01
4.492499999999999716e+00,9.073193723769185093e-01,8.687277411890962364e-01
4.495000000000000107e+00,8.965462174914790028e-01,8.634417919328104540e-01
4.497500000000000497e+00,8.856391837088612995e-01,8.581558426765246717e-01
4.500000000000000000e+00,8.746113473151857498e-01,8.528698934202407766e-01
4.502500000000000391e+00,8.634757437329062535e-01,8.463384478278052070e-01
4.504999999999999893e+00,8.522452987710580352e-01,8.398070022353719688e-01
4.507500000000000284e+00,8.409327628826862577e-01,8.332755566429362881e-01
4.509999999999999787e+00,8.295506506377261502e-01,8.267441110505030499e-01
4.512500000000000178e+00,8.181111872056050505e-01,8.202126654580674803e-01
4.514999999999999680e+00,8.066262631631125890e-01,8.136812198656342421e-01
4.517500000000000071e+00,7.951073984329894984e-01,8.071497742731986724e-01
4.520000000000000462e+00,7.835657156491295794e-01,8.006183286807629917e-01
4.522499999999999964e+00,7.720119227646569104e-01,7.940868830883297536e-01
4.525000000000000355e+00,7.604563042940590822e-01,7.875554374958941839e-01
4.527499999999999858e+00,7.489087202294938406e-01,7.800675944967175868e-01
4.530000000000000249e+00,7.373786114073341835e-01,7.725797514975383251e-01
4.532499999999999751e+00,7.258750099309051462e-01,7.650919084983617280e-01
4.535000000000000142e+00,7.144065531796558455e-01,7.576040654991824663e-01
4.537500000000000533e+00,7.029814999487831173e-01,7.501162225000030936e-01
4.540000000000000036e+00,6.916077473566070166e-01,7.426283795008264965e-01
4.542500000000000426e+00,6.802928473163116774e-01,7.351405365016472349e-01
4.544999999999999929e+00,6.690440215777135879e-01,7.276526935024706377e-01
4.547500000000000320e+00,6.578681745861417740e-01,7.201648505032913761e-01
4.549999999999999822e+00,6.467719036615561246e-01,7.126770075041147789e-01
4.552500000000000213e+00,6.357615062552021135e-01,7.045520272651421001e-01
4.554999999999999716e+00,6.248429842785386823e-01,6.964270470261724189e-01
4.557500000000000107e+00,6.140220457079120786e-01,6.883020667871997400e-01
4.560000000000000497e+00,6.033041038393496258e-01,6.801770865482270612e-01
4.562500000000000000e+00,5.926942746953405283e-01,6.720521063092572689e-01
4.565000000000000391e+00,5.821973731670464502e-01,6.639271260702847011e-01
4.567499999999999893e+00,5.718179085117818250e-01,6.558021458313149088e-01
4.570000000000000284e+00,5.615600798200621746e-01,6.476771655923422299e-01
4.572499999999999787e+00,5.514277720245239767e-01,6.395521853533725487e-01
4.575000000000000178e+00,5.414245529514556399e-01,6.314272051143998699e-01
4.577499999999999680e+00,5.315536718224767032e-01,6.229961342334843222e-01
4.580000000000000071e+00,5.218180595071046923e-01,6.145650633525658879e-01
4.582500000000000462e+00,5.122203307145936080e-01,6.061339924716473426e-01
4.584999999999999964e+00,5.027627882025940131e-01,5.977029215907317949e-01
4.587500000000000355e+00,4.934474289772191047e-01,5.892718507098133607e-01
4.589999999999999858e+00,4.842759523687494294e-01,5.808407798288978130e-01
4.592500000000000249e+00,4.752497697931634124e-01,5.724097089479792677e-01
4.594999999999999751e+00,4.663700159538926582e-01,5.639786380670637200e-01
4.597500000000000142e+00,4.576375612015559091e-01,5.555475671861452858e-01
4.600000000000000533e+00,4.490530247513361828e-01,5.471164963052267405e-01
4.602500000000000036e+00,4.406167884567943061e-01,5.387038144431131048e-01
4.605000000000000426e+00,4.323290108528456410e-01,5.302911325809965826e-01
4.607499999999999929e+00,4.241896412066845090e-01,5.218784507188829469e-01
4.610000000000000320e+00,4.161984333504003541e-01,5.134657688567664247e-01
4.612499999999999822e+00,4.083549591097901943e-01,5.050530869946527890e-01
4.615000000000000213e+00,4.006586211872992798e-01,4.966404051325362112e-01
4.617499999999999716e+00,3.931086654004226077e-01,4.882277232704226311e-01
4.620000000000000107e+00,3.857041922178454652e-01,4.798150414083059978e-01
4.622500000000000497e+00,3.784441675723376752e-01,4.714023595461894200e-01
4.625000000000000000e+00,3.713274329605083524e-01,4.629896776840758399e-01
4.627500000000000391e+00,3.643527148643116997e-01,4.548961199106695275e-01
4.629999999999999893e+00,3.575186335472609334e-01,4.468025621372660461e-01
4.632500000000000284e+00,3.508237112899064702e-01,4.387090043638597336e-01
4.634999999999999787e+00,3.442663801346695363e-01,4.306154465904562523e-01
4.637500000000000178e+00,3.378449892104529728e-01,4.225218888170498843e-01
4.639999999999999680e+00,3.315578117034238548e-01,4.144283310436464585e-01
4.642500000000000071e+00,3.254030515331196582e-01,4.063347732702401460e-01
4.645000000000000462e+00,3.193788497834960105e-01,3.982412154968337781e-01
4.647499999999999964e+00,3.134832909278314483e-01,3.901476577234302967e-01
4.650000000000000355e+00,3.077144088752852280e-01,3.820540999500239843e-01
4.652499999999999858e+00,3.020701928562627425e-01,3.745416862450709483e-01
4.655000000000000249e+00,2.965485931540225994e-01,3.670292725401152478e-01
4.657499999999999751e+00,2.911475266817315499e-01,3.595168588351622674e-01
4.660000000000000142e+00,2.858648823975612485e-01,3.520044451302065669e-01
4.662500000000000533e+00,2.806985265456715117e-01,3.444920314252508664e-01
4.665000000000000036e+00,2.756463077079050472e-01,3.369796177202978305e-01
4.667500000000000426e+00,2.707060616497176664e-01,3.294672040153421300e-01
4.669999999999999929e+00,2.658756159439922273e-01,3.219547903103891495e-01
4.672500000000000320e+00,2.611527943577762745e-01,3.144423766054334490e-01
4.674999999999999822e+00,2.565354209892815041e-01,3.069299629004804131e-01
4.677500000000000213e+00,2.520213241454805075e-01,3.002100813425050418e-01
4.679999999999999716e+00,2.476083399539817098e-01,2.934901997845321131e-01
4.682500000000000107e+00,2.432943157064047790e-01,2.867703182265567419e-01
4.685000000000000497e+00,2.390771129338886969e-01,2.800504366685814261e-01
4.687500000000000000e+00,2.349546102186051699e-01,2.733305551106084419e-01
4.690000000000000391e+00,2.309247057479537624e-01,2.666106735526330707e-01
4.692499999999999893e+00,2.269853196205411372e-01,2.598907919946601419e-01
4.695000000000000284e+00,2.231343959149156841e-01,2.531709104366847707e-01
4.697499999999999787e+00,2.193699045334566167e-01,2.464510288787118142e-01
4.700000000000000178e+00,2.156898428347005237e-01,2.397311473207364707e-01
4.702499999999999680e+00,2.120922370679003410e-01,2.339563053809697313e-01
4.705000000000000071e+00,2.085751436236653877e-01,2.281814634412009102e-01
4.707500000000000462e+00,2.051366501143408183e-01,2.224066215014321168e-01
4.709999999999999964e+00,2.017748762972691456e-01,2.166317795616653497e-01
4.712500000000000355e+00,1.984879748534492949e-01,2.108569376218965563e-01
4.714999999999999858e+00,1.952741320332958552e-01,2.050820956821298169e-01
4.717500000000000249e+00,1.921315681803810738e-01,1.993072537423609958e-01
4.719999999999999751e+00,1.890585381431476031e-01,1.935324118025942564e-01
4.722500000000000142e+00,1.860533315837620272e-01,1.877575698628254353e-01
4.725000000000000533e+00,1.831142731924464417e-01,1.819827279230566419e-01
4.727500000000000036e+00,1.802397228149216490e-01,1.772423238335286422e-01
4.730000000000000426e+00,1.774280754999004450e-01,1.725019197439989493e-01
4.732499999999999929e+00,1.746777614730226080e-01,1.677615156544709496e-01
4.735000000000000320e+00,1.719872460430922900e-01,1.630211115649412568e-01
4.737499999999999822e+00,1.693550294460765548e-01,1.582807074754132570e-01
4.740000000000000213e+00,1.667796466319368121e-01,1.535403033858835642e-01
4.742499999999999716e+00,1.642596669990856184e-01,1.487998992963555644e-01
4.745000000000000107e+00,1.617936940809744373e-01,1.440594952068258716e-01
4.747500000000000497e+00,1.593803651891206874e-01,1.393190911172961788e-01
4.750000000000000000e+00,1.570183510166558716e-01,1.345786870277681790e-01
4.752500000000000391e+00,1.547063552063275838e-01,1.308988782820297292e-01
4.754999999999999893e+00,1.524431138866850777e-01,1.272190695362925561e-01
4.757500000000000284e+00,1.502273951800488228e-01,1.235392607905540924e-01
4.759999999999999787e+00,1.480579986856670194e-01,1.198594520448169332e-01
4.762500000000000178e+00,1.459337549413308177e-01,1.161796432990784833e-01
4.764999999999999680e+00,1.438535248665212818e-01,1.124998345533413241e-01
4.767500000000000071e+00,1.418161991900223073e-01,1.088200258076028604e-01
4.770000000000000462e+00,1.398206978647273391e-01,1.051402170618643966e-01
4.772499999999999964e+00,1.378659694722238205e-01,1.014604083161272374e-01
4.775000000000000355e+00,1.359509906195348616e-01,9.778059957038877370e-02
4.777499999999999858e+00,1.340747653302451770e-01,9.512807608774477564e-02
4.780000000000000249e+00,1.322363244320422793e-01,9.247555260509983388e-02
4.782499999999999751e+00,1.304347249425577004e-01,8.982302912245582194e-02
4.785000000000000142e+00,1.286690494552029662e-01,8.717050563981088018e-02
4.787500000000000533e+00,1.269384055265619926e-01,8.451798215716593843e-02
4.790000000000000036e+00,1.252419250667236861e-01,8.186545867452194036e-02
4.792500000000000426e+00,1.235787637338228717e-01,7.921293519187699861e-02
4.794999999999999929e+00,1.219481003338943742e-01,7.656041170923298667e-02
4.797500000000000320e+00,1.203491362270472653e-01,7.390788822658804491e-02
4.799999999999999822e+00,1.187810947408199508e-01,7.125536474394404685e-02
4.802500000000000213e+00,1.172432205914974851e-01,6.954458695409017344e-02
4.804999999999999716e+00,1.157347793140421355e-01,6.783380916423722984e-02
4.807500000000000107e+00,1.142550567012274587e-01,6.612303137438368950e-02
4.810000000000000497e+00,1.128033582524489709e-01,6.441225358453014915e-02
4.812500000000000000e+00,1.113790086326406220e-01,6.270147579467721943e-02
4.815000000000000391e+00,1.099813511416245643e-01,6.099069800482367215e-02
4.817499999999999893e+00,1.086097471941877696e-01,5.927992021497073549e-02
4.820000000000000284e+00,1.072635758110919019e-01,5.756914242511719515e-02
4.822499999999999787e+00,1.059422331211996859e-01,5.585836463526425849e-02
4.825000000000000178e+00,1.046451318748244236e-01,5.414758684541071815e-02
4.827499999999999680e+00,1.033717009683965266e-01,5.325083893966903181e-02
4.830000000000000071e+00,1.021213849804702284e-01,5.235409103392702629e-02
4.832500000000000462e+00,1.008936437190924296e-01,5.145734312818501383e-02
4.834999999999999964e+00,9.968795178049123795e-02,5.056059522244332749e-02
4.837500000000000355e+00,9.850379811904599880e-02,4.966384731670132197e-02
4.839999999999999858e+00,9.734068562844411243e-02,4.876709941095963563e-02
4.842500000000000249e+00,9.619813073393870817e-02,4.787035150521763011e-02
4.844999999999999751e+00,9.507566299557206058e-02,4.697360359947593683e-02
4.847500000000000142e+00,9.397282472224018079e-02,4.607685569373393131e-02
4.850000000000000533e+00,9.288917059643193863e-02,4.518010778799192578e-02
4.852500000000000036e+00,9.182426730948951843e-02,4.493955601012351170e-02
4.855000000000000426e+00,9.077769320719956958e-02,4.469900423225501435e-02
4.857499999999999929e+00,8.974903794554045522e-02,4.445845245438660026e-02
4.860000000000000320e+00,8.873790215637622492e-02,4.421790067651810291e-02
4.862499999999999822e+00,8.774389712290993348e-02,4.397734889864968882e-02
4.865000000000000213e+00,8.676664446467287350e-02,4.373679712078119147e-02
4.867499999999999716e+00,8.580577583185416968e-02,4.349624534291277739e-02
4.870000000000000107e+00,8.486093260873855959e-02,4.325569356504428004e-02
4.872500000000000497e+00,8.393176562605179913e-02,4.301514178717578268e-02
4.875000000000000000e+00,8.301793488197939386e-02,4.277459000930736860e-02
4.877500000000000391e+00,8.211910927165461116e-02,4.301543422828908725e-02
4.879999999999999893e+00,8.123496632488060032e-02,4.325627844727071569e-02
4.882500000000000284e+00,8.036519195188633613e-02,4.349712266625243434e-02
4.884999999999999787e+00,7.950948019688121315e-02,4.373796688523406972e-02
4.887500000000000178e+00,7.866753299921082354e-02,4.397881110421578144e-02
4.889999999999999680e+00,7.783905996188610066e-02,4.421965532319741682e-02
4.892500000000000071e+00,7.702377812728880557e-02,4.446049954217913547e-02
4.895000000000000462e+00,7.622141175983564165e-02,4.470134376116085412e-02
4.897499999999999964e+00,7.543169213540887319e-02,4.494218798014248256e-02
4.900000000000000355e+00,7.465435733734013257e-02,4.518303219912420121e-02
4.902499999999999858e+00,7.388915205876653292e-02,4.572680148635974856e-02
4.905000000000000249e+00,7.313582741115216834e-02,4.627057077359549020e-02
4.907499999999999751e+00,7.239414073880096057e-02,4.681434006083103755e-02
4.910000000000000142e+00,7.166385543916289902e-02,4.735810934806677919e-02
4.912500000000000533e+00,7.094474078876940315e-02,4.790187863530251389e-02
4.915000000000000036e+00,7.023657177460650158e-02,4.844564792253806818e-02
4.917500000000000426e+00,6.953912893077161816e-02,4.898941720977380287e-02
4.919999999999999929e+00,6.885219818023129157e-02,4.953318649700935022e-02
4.922500000000000320e+00,6.817557068153326516e-02,5.007695578424509186e-02
4.924999999999999822e+00,6.750904268030079314e-02,5.062072507148063921e-02
4.927500000000000213e+00,6.685241536537071816e-02,5.129779594643549268e-02
4.929999999999999716e+00,6.620549472941086866e-02,5.197486682139015185e-02
4.932500000000000107e+00,6.556809143388755978e-02,5.265193769634505389e-02
4.935000000000000497e+00,6.494002067822930713e-02,5.332900857129995592e-02
4.937500000000000000e+00,6.432110207306239447e-02,5.400607944625461510e-02
4.940000000000000391e+00,6.371115951737447991e-02,5.468315032120951713e-02
4.942499999999999893e+00,6.311002107949058304e-02,5.536022119616417630e-02
4.945000000000000284e+00,6.251751888172478455e-02,5.603729207111907834e-02
4.947499999999999787e+00,6.193348898860007862e-02,5.671436294607373751e-02
4.950000000000000178e+00,6.135777129850646799e-02,5.739143382102863955e-02
4.952499999999999680e+00,6.079020943869875571e-02,5.805194047314938405e-02
4.955000000000000071e+00,6.023065066351119407e-02,5.871244712527035753e-02
4.957500000000000462e+00,5.967894575569548943e-02,5.937295377739133795e-02
4.959999999999999964e+00,5.913494893076870484e-02,6.003346042951207551e-02
4.962500000000000355e+00,5.859851774428465748e-02,6.069396708163305593e-02
4.964999999999999858e+00,5.806951300191824650e-02,6.135447373375380042e-02
4.967500000000000249e+00,5.754779867228681373e-02,6.201498038587477390e-02
4.969999999999999751e+00,5.703324180240310071e-02,6.267548703799551146e-02
4.972500000000000142e+00,5.652571243568756121e-02,6.333599369011649882e-02
4.975000000000000533e+00,5.602508353244357170e-02,6.399650034223747230e-02
4.977500000000000036e+00,5.553123089272839208e-02,6.451895271335017501e-02
4.980000000000000426e+00,5.504403308152635427e-02,6.504140508446305813e-02
4.982499999999999929e+00,5.456337135616556866e-02,6.556385745557574696e-02
4.985000000000000320e+00,5.408912959588910857e-02,6.608630982668864395e-02
4.987499999999999822e+00,5.362119423352567499e-02,6.660876219780133278e-02
4.990000000000000213e+00,5.315945418917635695e-02,6.713121456891421590e-02
4.992499999999999716e+00,5.270380080586705568e-02,6.765366694002691861e-02
4.995000000000000107e+00,5.225412778708932171e-02,6.817611931113980173e-02
4.997500000000000497e+00,5.181033113618060265e-02,6.869857168225268484e-02
5.000000000000000000e+00,5.137230909747221574e-02,6.922102405336538755e-02
5.002500000000000391e+00,5.093996209916166334e-02,6.951814168524973747e-02
5.004999999999999893e+00,5.051319269783986071e-02,6.981525931713397637e-02
5.007500000000000284e+00,5.009190552463338442e-02,7.011237694901832629e-02
5.009999999999999787e+00,4.967600723289718190e-02,7.040949458090256519e-02
5.012500000000000178e+00,4.926540644742126440e-02,7.070661221278691511e-02
5.014999999999999680e+00,4.886001371508989083e-02,7.100372984467115400e-02
5.017500000000000071e+00,4.845974145696026192e-02,7.130084747655550392e-02
5.020000000000000462e+00,4.806450392170209807e-02,7.159796510843985384e-02
5.022499999999999964e+00,4.767421714036844393e-02,7.189508274032409274e-02
5.025000000000000355e+00,4.728879888244281321e-02,7.219220037220844266e-02
5.027499999999999858e+00,4.690816861313551467e-02,7.221369367492803948e-02
5.030000000000000249e+00,4.653224745187533457e-02,7.223518697764765017e-02
5.032499999999999751e+00,4.616095813197464148e-02,7.225668028036724699e-02
5.035000000000000142e+00,4.579422496141621196e-02,7.227817358308684381e-02
5.037500000000000533e+00,4.543197378474043285e-02,7.229966688580645451e-02
5.040000000000000036e+00,4.507413194598595962e-02,7.232116018852605133e-02
5.042500000000000426e+00,4.472062825266378411e-02,7.234265349124566202e-02
5.044999999999999929e+00,4.437139294071886647e-02,7.236414679396525884e-02
5.047500000000000320e+00,4.402635764046491235e-02,7.238564009668485566e-02
5.049999999999999822e+00,4.368545534344443759e-02,7.240713339940445248e-02
5.052500000000000213e+00,4.334862037020361519e-02,7.213940324978770913e-02
5.054999999999999716e+00,4.301578833893773129e-02,7.187167310017095190e-02
5.057500000000000107e+00,4.268689613499519753e-02,7.160394295055409752e-02
5.060000000000000497e+00,4.236188188119994341e-02,7.133621280093724315e-02
5.062500000000000000e+00,4.204068490898153071e-02,7.106848265132048592e-02
5.065000000000000391e+00,4.172324573027454825e-02,7.080075250170364543e-02
5.067499999999999893e+00,4.140950601017762828e-02,7.053302235208688820e-02
5.070000000000000284e+00,4.109940854033620333e-02,7.026529220247003382e-02
5.072499999999999787e+00,4.079289721303933081e-02,6.999756205285327659e-02
5.075000000000000178e+00,4.048991699599871485e-02,6.972983190323642222e-02
5.077499999999999680e+00,4.019041390779926060e-02,6.919279544301827622e-02
5.080000000000000071e+00,3.989433499399096944e-02,6.865575898279993594e-02
5.082500000000000462e+00,3.960162830381452198e-02,6.811872252258159566e-02
5.084999999999999964e+00,3.931224286752992708e-02,6.758168606236344966e-02
5.087500000000000355e+00,3.902612867434242239e-02,6.704464960214509550e-02
5.089999999999999858e+00,3.874323665089591390e-02,6.650761314192694951e-02
5.092500000000000249e+00,3.846351864032956230e-02,6.597057668170860922e-02
5.094999999999999751e+00,3.818692738186954538e-02,6.543354022149046323e-02
5.097500000000000142e+00,3.791341649095171518e-02,6.489650376127212295e-02
5.100000000000000533e+00,3.764294043984723476e-02,6.435946730105378266e-02
5.102500000000000036e+00,3.737545453879048685e-02,6.360093428070638655e-02
5.105000000000000426e+00,3.711091491758082561e-02,6.284240126035872676e-02
5.107499999999999929e+00,3.684927850765853247e-02,6.208386824001133064e-02
5.110000000000000320e+00,3.659050302462631132e-02,6.132533521966366391e-02
5.112499999999999822e+00,3.633454695121974415e-02,6.056680219931626780e-02
5.115000000000000213e+00,3.608136952069808390e-02,5.980826917896860800e-02
5.117499999999999716e+00,3.583093070065810487e-02,5.904973615862121189e-02
5.120000000000000107e+00,3.558319117724543373e-02,5.829120313827354516e-02
5.122500000000000497e+00,3.533811233976492938e-02,5.753267011792588537e-02
5.125000000000000000e+00,3.509565626566689411e-02,5.677413709757848925e-02
5.127500000000000391e+00,3.485578570591023329e-02,5.586233989676870487e-02
5.129999999999999893e+00,3.461846407068001202e-02,5.495054269595924662e-02
5.132500000000000284e+00,3.438365541546199722e-02,5.403874549514945530e-02
5.134999999999999787e+00,3.415132442745161256e-02,5.312694829433999705e-02
5.137500000000000178e+00,3.392143641230140755e-02,5.221515109353021267e-02
5.139999999999999680e+00,3.369395728118333710e-02,5.130335389272075441e-02
5.142500000000000071e+00,3.346885353817092429e-02,5.039155669191096310e-02
5.145000000000000462e+00,3.324609226792124561e-02,4.947975949110117871e-02
5.147499999999999964e+00,3.302564112365839050e-02,4.856796229029172046e-02
5.150000000000000355e+00,3.280746831543934067e-02,4.765616508948193608e-02
5.152499999999999858e+00,3.259154259870660625e-02,4.667117190228235041e-02
5.155000000000000249e+00,3.237783326310825910e-02,4.568617871508241779e-02
5.157499999999999751e+00,3.216631012158861769e-02,4.470118552788283212e-02
5.160000000000000142e+00,3.195694349973261100e-02,4.371619234068289950e-02
5.162500000000000533e+00,3.174970422536652070e-02,4.273119915348296688e-02
5.165000000000000036e+00,3.154456361839754613e-02,4.174620596628338121e-02
5.167500000000000426e+00,3.134149348089933229e-02,4.076121277908344859e-02
5.169999999999999929e+00,3.114046608742048958e-02,3.977621959188386291e-02
5.172500000000000320e+00,3.094145417552762387e-02,3.879122640468393030e-02
5.174999999999999822e+00,3.074443093656038795e-02,3.780623321748434462e-02
5.177500000000000213e+00,3.054937000660758184e-02,3.683103702759404213e-02
5.179999999999999716e+00,3.035624545768504656e-02,3.585584083770407965e-02
5.182500000000000107e+00,3.016503178912260941e-02,3.488064464781377716e-02
5.185000000000000497e+00,2.997570391914269189e-02,3.390544845792346773e-02
5.187500000000000000e+00,2.978823717663787313e-02,3.293025226803351219e-02
5.190000000000000391e+00,2.960260729312859385e-02,3.195505607814320970e-02
5.192499999999999893e+00,2.941879039491147527e-02,3.097985988825324721e-02
5.195000000000000284e+00,2.923676299537735293e-02,3.000466369836294472e-02
5.197499999999999787e+00,2.905650198751131771e-02,2.902946750847298224e-02
5.200000000000000178e+00,2.887798463655234099e-02,2.805427131858267975e-02
5.202499999999999680e+00,2.870118857282691685e-02,2.716634163262742624e-02
5.205000000000000071e+00,2.852609178473452731e-02,2.627841194667185354e-02
5.207500000000000462e+00,2.835267261189680296e-02,2.539048226071628431e-02
5.209999999999999964e+00,2.818090973845275432e-02,2.450255257476102733e-02
5.212500000000000355e+00,2.801078218650817839e-02,2.361462288880545810e-02
5.214999999999999858e+00,2.784226930972411029e-02,2.272669320285020111e-02
5.217500000000000249e+00,2.767535078705270560e-02,2.183876351689463188e-02
5.219999999999999751e+00,2.751000661660410809e-02,2.095083383093937837e-02
5.222500000000000142e+00,2.734621710965429858e-02,2.006290414498380914e-02
5.225000000000000533e+00,2.718396288477659128e-02,1.917497445902823644e-02
5.227500000000000036e+00,2.702322486210853233e-02,1.843898483698343943e-02
5.230000000000000426e+00,2.686398425773488599e-02,1.770299521493837874e-02
5.232499999999999929e+00,2.670622257820060019e-02,1.696700559289358173e-02
5.235000000000000320e+00,2.654992161513375012e-02,1.623101597084852452e-02
5.237499999999999822e+00,2.639506343999223348e-02,1.549502634880372577e-02
5.240000000000000213e+00,2.624163039891488219e-02,1.475903672675866682e-02
5.242499999999999716e+00,2.608960510769019539e-02,1.402304710471386981e-02
5.245000000000000107e+00,2.593897044682548850e-02,1.328705748266880912e-02
5.247500000000000497e+00,2.578970955672758858e-02,1.255106786062375190e-02
5.250000000000000000e+00,2.564180583297786392e-02,1.181507823857895316e-02
5.252500000000000391e+00,2.549524292171518811e-02,1.127738738326501677e-02
5.254999999999999893e+00,2.535000471510845746e-02,1.073969652795127294e-02
5.257500000000000284e+00,2.520607534693087431e-02,1.020200567263733656e-02
5.259999999999999787e+00,2.506343918822058828e-02,9.664314817323590989e-03
5.262500000000000178e+00,2.492208084303802751e-02,9.126623962009656338e-03
5.264999999999999680e+00,2.478198514430550101e-02,8.588933106695910771e-03
5.267500000000000071e+00,2.464313714973891123e-02,8.051242251381974385e-03
5.270000000000000462e+00,2.450552213785764377e-02,7.513551396068038866e-03
5.272499999999999964e+00,2.436912560408305631e-02,6.975860540754294167e-03
5.275000000000000355e+00,2.423393325691059266e-02,6.438169685440357781e-03
5.277499999999999858e+00,2.409993101416732855e-02,6.123450158308234477e-03
5.280000000000000249e+00,2.396710499933874666e-02,5.808730631175999283e-03
5.282499999999999751e+00,2.383544153797785906e-02,5.494011104043875979e-03
5.285000000000000142e+00,2.370492715417944068e-02,5.179291576911640785e-03
5.287500000000000533e+00,2.357554856713418856e-02,4.864572049779405591e-03
5.290000000000000036e+00,2.344729268774391889e-02,4.549852522647281419e-03
5.292500000000000426e+00,2.332014661531309208e-02,4.235132995515046225e-03
5.294999999999999929e+00,2.319409763429923846e-02,3.920413468382922921e-03
5.297500000000000320e+00,2.306913321113605517e-02,3.605693941250687727e-03
5.299999999999999822e+00,2.294524099111216672e-02,3.290974414118563989e-03
5.302500000000000213e+00,2.282240879531988176e-02,3.201168749422647099e-03
5.304999999999999716e+00,2.270062461765705308e-02,3.111363084726842532e-03
5.307500000000000107e+00,2.257987662189556155e-02,3.021557420031005439e-03
5.310000000000000497e+00,2.246015313880072445e-02,2.931751755335168779e-03
5.312500000000000000e+00,2.234144266331450010e-02,2.841946090639363778e-03
5.315000000000000391e+00,2.222373385178667490e-02,2.752140425943527119e-03
5.317499999999999893e+00,2.210701551926791061e-02,2.662334761247722118e-03
5.320000000000000284e+00,2.199127663684795689e-02,2.572529096551885459e-03
5.322499999999999787e+00,2.187650632905372566e-02,2.482723431856080458e-03
5.325000000000000178e+00,2.176269387128932156e-02,2.392917767160243799e-03
5.327499999999999680e+00,2.164982868733487942e-02,2.508477800404271783e-03
5.330000000000000071e+00,2.153790034688453370e-02,2.624037833648340968e-03
5.332500000000000462e+00,2.142689856314035704e-02,2.739597866892409719e-03
5.334999999999999964e+00,2.131681319044499701e-02,2.855157900136437703e-03
5.337500000000000355e+00,2.120763422196621922e-02,2.970717933380506888e-03
5.339999999999999858e+00,2.109935178741994405e-02,3.086277966624534873e-03
5.342500000000000249e+00,2.099195615084240366e-02,3.201837999868603624e-03
5.344999999999999751e+00,2.088543770839816974e-02,3.317398033112631608e-03
5.347500000000000142e+00,2.077978698623704490e-02,3.432958066356700793e-03
5.350000000000000533e+00,2.067499463838399706e-02,3.548518099600769977e-03
5.352500000000000036e+00,2.057105144467624713e-02,3.831671555253274384e-03
5.355000000000000426e+00,2.046794830873165105e-02,4.114825010905879404e-03
5.357499999999999929e+00,2.036567625596300002e-02,4.397978466558384245e-03
5.360000000000000320e+00,2.026422643162153342e-02,4.681131922210989699e-03
5.362499999999999822e+00,2.016359009888466294e-02,4.964285377863493672e-03
5.365000000000000213e+00,2.006375863697193104e-02,5.247438833516098258e-03
5.367499999999999716e+00,1.996472353930324115e-02,5.530592289168603098e-03
5.370000000000000107e+00,1.986647641168363954e-02,5.813745744821208553e-03
5.372500000000000497e+00,1.976900897052920325e-02,6.096899200473814007e-03
5.375000000000000000e+00,1.967231304111827575e-02,6.380052656126317980e-03
5.377500000000000391e+00,1.957638055588178591e-02,6.779661821230045966e-03
5.379999999999999893e+00,1.948120355271815846e-02,7.179270986333630838e-03
5.382500000000000284e+00,1.938677417334552094e-02,7.578880151437358825e-03
5.384999999999999787e+00,1.929308466167766606e-02,7.978489316540944565e-03
5.387500000000000178e+00,1.920012736223579777e-02,8.378098481644672552e-03
5.389999999999999680e+00,1.910789471858221136e-02,8.777707646748258291e-03
5.392500000000000071e+00,1.901637927179015281e-02,9.177316811851984543e-03
5.395000000000000462e+00,1.892557365893284688e-02,9.576925976955712530e-03
5.397499999999999964e+00,1.883547061160775055e-02,9.976535142059298270e-03
5.400000000000000355e+00,1.874606295447994037e-02,1.037614430716302626e-02
5.402499999999999858e+00,1.865734360385887941e-02,1.083359159680947516e-02
5.405000000000000249e+00,1.856930556629254186e-02,1.129103888645608712e-02
5.407499999999999751e+00,1.848194193719531614e-02,1.174848617610253776e-02
5.410000000000000142e+00,1.839524589949147193e-02,1.220593346574914972e-02
5.412500000000000533e+00,1.830921072229111171e-02,1.266338075539576169e-02
5.415000000000000036e+00,1.822382975958138779e-02,1.312082804504221059e-02
5.417500000000000426e+00,1.813909644894865641e-02,1.357827533468882256e-02
5.419999999999999929e+00,1.805500431031552971e-02,1.403572262433527319e-02
5.422500000000000320e+00,1.797154694470745953e-02,1.449316991398188516e-02
5.424999999999999822e+00,1.788871803303347316e-02,1.495061720362833406e-02
5.427500000000000213e+00,1.780651133489567078e-02,1.540608273379941162e-02
5.429999999999999716e+00,1.772492068741196927e-02,1.586154826397032439e-02
5.432500000000000107e+00,1.764394000406690685e-02,1.631701379414140021e-02
5.435000000000000497e+00,1.756356327357466718e-02,1.677247932431247604e-02
5.437500000000000000e+00,1.748378455876903326e-02,1.722794485448339227e-02
5.440000000000000391e+00,1.740459799550555728e-02,1.768341038465446810e-02
5.442499999999999893e+00,1.732599779158993172e-02,1.813887591482538086e-02
5.445000000000000284e+00,1.724797822571641839e-02,1.859434144499645669e-02
5.447499999999999787e+00,1.717053364643353341e-02,1.904980697516737292e-02
5.450000000000000178e+00,1.709365847111823586e-02,1.950527250533844875e-02
5.452499999999999680e+00,1.701734718497621007e-02,1.990376394329506499e-02
5.455000000000000071e+00,1.694159434005119980e-02,2.030225538125182000e-02
5.457500000000000462e+00,1.686639455425836126e-02,2.070074681920857501e-02
5.459999999999999964e+00,1.679174251042736543e-02,2.109923825716519125e-02
5.462500000000000355e+00,1.671763295536787125e-02,2.149772969512194626e-02
5.464999999999999858e+00,1.664406069894433862e-02,2.189622113307856249e-02
5.467500000000000249e+00,1.657102061317311525e-02,2.229471257103531751e-02
5.469999999999999751e+00,1.649850763132762119e-02,2.269320400899193374e-02
5.472500000000000142e+00,1.642651674706576553e-02,2.309169544694868875e-02
5.475000000000000533e+00,1.635504301356428825e-02,2.349018688490544723e-02
5.477500000000000036e+00,1.628408154267519184e-02,2.378673945944973986e-02
5.480000000000000426e+00,1.621362750408886569e-02,2.408329203399414004e-02
5.482499999999999929e+00,1.614367612451758638e-02,2.437984460853843266e-02
5.485000000000000320e+00,1.607422268688648084e-02,2.467639718308282937e-02
5.487499999999999822e+00,1.600526252954399820e-02,2.497294975762712199e-02
5.490000000000000213e+00,1.593679104547850514e-02,2.526950233217152217e-02
5.492499999999999716e+00,1.586880368155524357e-02,2.556605490671581479e-02
5.495000000000000107e+00,1.580129593775784352e-02,2.586260748126021150e-02
5.497500000000000497e+00,1.573426336645004572e-02,2.615916005580461168e-02
5.500000000000000000e+00,1.566770157164211821e-02,2.645571263034890430e-02
5.502500000000000391e+00,1.560160620827590744e-02,2.661928850898773874e-02
5.504999999999999893e+00,1.553597298151503624e-02,2.678286438762651420e-02
5.507500000000000284e+00,1.547079764605316030e-02,2.694644026626534863e-02
5.509999999999999787e+00,1.540607600542612254e-02,2.711001614490412409e-02
5.512500000000000178e+00,1.534180391134336817e-02,2.727359202354295853e-02
5.514999999999999680e+00,1.527797726302152458e-02,2.743716790218173399e-02
5.517500000000000071e+00,1.521459200653657758e-02,2.760074378082056842e-02
5.520000000000000462e+00,1.515164413417929498e-02,2.776431965945940286e-02
5.522499999999999964e+00,1.508912968382804601e-02,2.792789553809817832e-02
5.525000000000000355e+00,1.502704473832367806e-02,2.809147141673701276e-02
5.527499999999999858e+00,1.496538542486281452e-02,2.810723885211499976e-02
5.530000000000000249e+00,1.490414791439237385e-02,2.812300628749299369e-02
5.532499999999999751e+00,1.484332842102181228e-02,2.813877372287098416e-02
5.535000000000000142e+00,1.478292320143624085e-02,2.815454115824897810e-02
5.537500000000000533e+00,1.472292855432745864e-02,2.817030859362697204e-02
5.540000000000000036e+00,1.466334081982545445e-02,2.818607602900495904e-02
5.542500000000000426e+00,1.460415637894658947e-02,2.820184346438295298e-02
5.544999999999999929e+00,1.454537165304311749e-02,2.821761089976093997e-02
5.547500000000000320e+00,1.448698310326852930e-02,2.823337833513893391e-02
5.549999999999999822e+00,1.442898723004362900e-02,2.824914577051692091e-02
5.552500000000000213e+00,1.437138057253909210e-02,2.811899232301429130e-02
5.554999999999999716e+00,1.431415970815741803e-02,2.798883887551165822e-02
5.557500000000000107e+00,1.425732125203107992e-02,2.785868542800897657e-02
5.560000000000000497e+00,1.420086185652103157e-02,2.772853198050629492e-02
5.562500000000000000e+00,1.414477821073022688e-02,2.759837853300366184e-02
5.565000000000000391e+00,1.408906704001641405e-02,2.746822508550098019e-02
5.567499999999999893e+00,1.403372510552135938e-02,2.733807163799834364e-02
5.570000000000000284e+00,1.397874920369859657e-02,2.720791819049566199e-02
5.572499999999999787e+00,1.392413616585607208e-02,2.707776474299302891e-02
5.575000000000000178e+00,1.386988285769860836e-02,2.694761129549034726e-02
5.577499999999999680e+00,1.381598617888437144e-02,2.668892360609427528e-02
5.580000000000000071e+00,1.376244306258137505e-02,2.643023591669811309e-02
5.582500000000000462e+00,1.370925047503663598e-02,2.617154822730195091e-02
5.584999999999999964e+00,1.365640541514596788e-02,2.591286053790588240e-02
5.587500000000000355e+00,1.360390491403702662e-02,2.565417284850971674e-02
5.589999999999999858e+00,1.355174603465073360e-02,2.539548515911364823e-02
5.592500000000000249e+00,1.349992587133752586e-02,2.513679746971748605e-02
5.594999999999999751e+00,1.344844154945081666e-02,2.487810978032141407e-02
5.597500000000000142e+00,1.339729022495507980e-02,2.461942209092525188e-02
5.600000000000000533e+00,1.334646908403206225e-02,2.436073440152908970e-02
5.602500000000000036e+00,1.329597534269969135e-02,2.400364170984259360e-02
5.605000000000000426e+00,1.324580624643001414e-02,2.364654901815597260e-02
5.607499999999999929e+00,1.319595906977963362e-02,2.328945632646947997e-02
5.610000000000000320e+00,1.314643111601856117e-02,2.293236363478285550e-02
5.612499999999999822e+00,1.309721971677179318e-02,2.257527094309636287e-02
5.615000000000000213e+00,1.304832223165850943e-02,2.221817825140974187e-02
5.617499999999999716e+00,1.299973604794446395e-02,2.186108555972324577e-02
5.620000000000000107e+00,1.295145858019173569e-02,2.150399286803662477e-02
5.622500000000000497e+00,1.290348726992081134e-02,2.114690017635000377e-02
5.625000000000000000e+00,1.285581958527071134e-02,2.078980748466350767e-02
5.627500000000000391e+00,1.280845302067115318e-02,2.037322217032230473e-02
5.629999999999999893e+00,1.276138509651191834e-02,1.995663685598125098e-02
5.632500000000000284e+00,1.271461335882478026e-02,1.954005154164004804e-02
5.634999999999999787e+00,1.266813537896251639e-02,1.912346622729899429e-02
5.637500000000000178e+00,1.262194875328933284e-02,1.870688091295779135e-02
5.639999999999999680e+00,1.257605110286983026e-02,1.829029559861673759e-02
5.642500000000000071e+00,1.253044007316799976e-02,1.787371028427553465e-02
5.645000000000000462e+00,1.248511333374430210e-02,1.745712496993433172e-02
5.647499999999999964e+00,1.244006857796457061e-02,1.704053965559327796e-02
5.650000000000000355e+00,1.239530352270486711e-02,1.662395434125207502e-02
5.652499999999999858e+00,1.235081590806852599e-02,1.619083889267698695e-02
5.655000000000000249e+00,1.230660349709960383e-02,1.575772344410174622e-02
5.657499999999999751e+00,1.226266407550816000e-02,1.532460799552665641e-02
5.660000000000000142e+00,1.221899545139135297e-02,1.489149254695141394e-02
5.662500000000000533e+00,1.217559545496658263e-02,1.445837709837617321e-02
5.665000000000000036e+00,1.213246193830019165e-02,1.402526164980108341e-02
5.667500000000000426e+00,1.208959277504858404e-02,1.359214620122584094e-02
5.669999999999999929e+00,1.204698586019411002e-02,1.315903075265075287e-02
5.672500000000000320e+00,1.200463910979348604e-02,1.272591530407551214e-02
5.674999999999999822e+00,1.196255046072117363e-02,1.229279985550042406e-02
5.677500000000000213e+00,1.192071787042424218e-02,1.188513921497116356e-02
5.679999999999999716e+00,1.187913931667371366e-02,1.147747857444205745e-02
5.682500000000000107e+00,1.183781279732579877e-02,1.106981793391280562e-02
5.685000000000000497e+00,1.179673633007934791e-02,1.066215729338355553e-02
5.687500000000000000e+00,1.175590795224495944e-02,1.025449665285444942e-02
5.690000000000000391e+00,1.171532572050849874e-02,9.846836012325197590e-03
5.692499999999999893e+00,1.167498771070642552e-02,9.439175371796091479e-03
5.695000000000000284e+00,1.163489201759575556e-02,9.031514731266841386e-03
5.697499999999999787e+00,1.159503675463579957e-02,8.623854090737735276e-03
5.700000000000000178e+00,1.155542005376453303e-02,8.216193450208483448e-03
5.702499999999999680e+00,1.151604006518563983e-02,7.870152996285819519e-03
5.705000000000000071e+00,1.147689495715133005e-02,7.524112542363031557e-03
5.707500000000000462e+00,1.143798291575538577e-02,7.178072088440244462e-03
5.709999999999999964e+00,1.139930214472148311e-02,6.832031634517579666e-03
5.712500000000000355e+00,1.136085086520218293e-02,6.485991180594792571e-03
5.714999999999999858e+00,1.132262731557249179e-02,6.139950726672128642e-03
5.717500000000000249e+00,1.128462975123443492e-02,5.793910272749340680e-03
5.719999999999999751e+00,1.124685644441668353e-02,5.447869818826675883e-03
5.722500000000000142e+00,1.120930568398362075e-02,5.101829364903888789e-03
5.725000000000000533e+00,1.117197577524038470e-02,4.755788910981101694e-03
5.727500000000000036e+00,1.113486503974769372e-02,4.497494485285928080e-03
5.730000000000000426e+00,1.109797181513161486e-02,4.239200059590662525e-03
5.732499999999999929e+00,1.106129445490325845e-02,3.980905633895488911e-03
5.735000000000000320e+00,1.102483132827347320e-02,3.722611208200223790e-03
5.737499999999999822e+00,1.098858081997798088e-02,3.464316782505050176e-03
5.740000000000000213e+00,1.095254133009640127e-02,3.206022356809785055e-03
5.742499999999999716e+00,1.091671127388189194e-02,2.947727931114611441e-03
5.745000000000000107e+00,1.088108908158531840e-02,2.689433505419345886e-03
5.747500000000000497e+00,1.084567319828949779e-02,2.431139079724080332e-03
5.750000000000000000e+00,1.081046208373734677e-02,2.172844654028906718e-03
5.752500000000000391e+00,1.077545421217091133e-02,2.015139128082368489e-03
5.754999999999999893e+00,1.074064807216430252e-02,1.857433602135886205e-03
5.757500000000000284e+00,1.070604216646609506e-02,1.699728076189347759e-03
5.759999999999999787e+00,1.067163501183735971e-02,1.542022550242865475e-03
5.762500000000000178e+00,1.063742513889779327e-02,1.384317024296327029e-03
5.764999999999999680e+00,1.060341109196801489e-02,1.226611498349844745e-03
5.767500000000000071e+00,1.056959142891977788e-02,1.068905972403306516e-03
5.770000000000000462e+00,1.053596472102234435e-02,9.112004464567682871e-04
5.772499999999999964e+00,1.050252955279633825e-02,7.534949205102860030e-04
5.775000000000000355e+00,1.046928452186416010e-02,5.957893945637477741e-04
5.777499999999999858e+00,1.043622823880809188e-02,5.362104551073856602e-04
5.780000000000000249e+00,1.040335932702374407e-02,4.766315156510024585e-04
5.782499999999999751e+00,1.037067642258244181e-02,4.170525761946403988e-04
5.785000000000000142e+00,1.033817817408775111e-02,3.574736367382571429e-04
5.787500000000000533e+00,1.030586324254206820e-02,2.978946972818738870e-04
5.790000000000000036e+00,1.027373030120661522e-02,2.383157578255118273e-04
5.792500000000000426e+00,1.024177803547118501e-02,1.787368183691285715e-04
5.794999999999999929e+00,1.021000514271803300e-02,1.191578789127665117e-04
5.797500000000000320e+00,1.017841033219423798e-02,5.957893945638325587e-05
5.799999999999999822e+00,1.014699232487997586e-02,2.125036258071588691e-17
5.802500000000000213e+00,1.011574985336373932e-02,2.009811419206842219e-05
5.804999999999999716e+00,1.008468166171314941e-02,4.019622838413684437e-05
5.807500000000000107e+00,1.005378650535466468e-02,6.029434257621240874e-05
5.810000000000000497e+00,1.002306315094699321e-02,8.039245676828797311e-05
5.812500000000000000e+00,9.992510376263311761e-03,1.004905709603563953e-04
5.815000000000000391e+00,9.962126970068447412e-03,1.205886851524319597e-04
5.817499999999999893e+00,9.931911732004352830e-03,1.406867993445003683e-04
5.820000000000000284e+00,9.901863472469719929e-03,1.607849135365759462e-04
5.822499999999999787e+00,9.871981012508244599e-03,1.808830277286443684e-04
5.825000000000000178e+00,9.842263183691675119e-03,2.009811419207199192e-04
5.827499999999999680e+00,9.812708828010600903e-03,3.058017935225259220e-04
5.830000000000000071e+00,9.783316797760682401e-03,4.106224451243691942e-04
5.832500000000000462e+00,9.754085955435783453e-03,5.154430967262124122e-04
5.834999999999999964e+00,9.725015173616994094e-03,6.202637483280184962e-04
5.837500000000000355e+00,9.696103334868798676e-03,7.250843999298616600e-04
5.839999999999999858e+00,9.667349331630320855e-03,8.299050515316677441e-04
5.842500000000000249e+00,9.638752066114380027e-03,9.347257031335110163e-04
5.844999999999999751e+00,9.610310450201399110e-03,1.039546354735316992e-03
5.847500000000000142e+00,9.582023405340816744e-03,1.144367006337160264e-03
5.850000000000000533e+00,9.553889862447590212e-03,1.249187657939003536e-03
5.852500000000000036e+00,9.525908761806003294e-03,1.430285159546032959e-03
5.855000000000000426e+00,9.498079052968349742e-03,1.611382661153126783e-03
5.857499999999999929e+00,9.470399694662158530e-03,1.792480162760156422e-03
5.860000000000000320e+00,9.442869654690384806e-03,1.973577664367250246e-03
5.862499999999999822e+00,9.415487909840675185e-03,2.154675165974279452e-03
5.865000000000000213e+00,9.388253445788698540e-03,2.335772667581373710e-03
5.867499999999999716e+00,9.361165257009378474e-03,2.516870169188402916e-03
5.870000000000000107e+00,9.334222346682297111e-03,2.697967670795497173e-03
5.872500000000000497e+00,9.307423726605517506e-03,2.879065172402590564e-03
5.875000000000000000e+00,9.280768417102742973e-03,3.060162674009620203e-03
5.877500000000000391e+00,9.254255446939323518e-03,3.298416513201501889e-03
5.879999999999999893e+00,9.227883853232074496e-03,3.536670352393299008e-03
5.882500000000000284e+00,9.201652681366830414e-03,3.774924191585181128e-03
5.884999999999999787e+00,9.175560984910402507e-03,4.013178030776978246e-03
5.887500000000000178e+00,9.149607825530342575e-03,4.251431869968859932e-03
5.889999999999999680e+00,9.123792272909063764e-03,4.489685709160657484e-03
5.892500000000000071e+00,9.098113404665049420e-03,4.727939548352539170e-03
5.895000000000000462e+00,9.072570306269156157e-03,4.966193387544420856e-03
5.897499999999999964e+00,9.047162070968461228e-03,5.204447226736218408e-03
5.900000000000000355e+00,9.021887799703368765e-03,5.442701065928100095e-03
5.902499999999999858e+00,8.996746601033674129e-03,5.711795141904869345e-03
5.905000000000000249e+00,8.971737591058098760e-03,5.980889217881734873e-03
5.907499999999999751e+00,8.946859893341457814e-03,6.249983293858504124e-03
5.910000000000000142e+00,8.922112638836346074e-03,6.519077369835368785e-03
5.912500000000000533e+00,8.897494965812243264e-03,6.788171445812233445e-03
5.915000000000000036e+00,8.873006019778528763e-03,7.057265521789002696e-03
5.917500000000000426e+00,8.848644953415288686e-03,7.326359597765868224e-03
5.919999999999999929e+00,8.824410926498840735e-03,7.595453673742637475e-03
5.922500000000000320e+00,8.800303105833484976e-03,7.864547749719503003e-03
5.924999999999999822e+00,8.776320665178440755e-03,8.133641825696272254e-03
5.927500000000000213e+00,8.752462785182131902e-03,8.403858964403890242e-03
5.929999999999999716e+00,8.728728653310348362e-03,8.674076103111412819e-03
5.932500000000000107e+00,8.705117463781589585e-03,8.944293241819030807e-03
5.935000000000000497e+00,8.681628417497512518e-03,9.214510380526650529e-03
5.937500000000000000e+00,8.658260721979907371e-03,9.484727519234173107e-03
5.940000000000000391e+00,8.635013591302035524e-03,9.754944657941791095e-03
5.942499999999999893e+00,8.611886246027397260e-03,1.002516179664931367e-02
5.945000000000000284e+00,8.588877913142672557e-03,1.029537893535693166e-02
5.947499999999999787e+00,8.565987825997991092e-03,1.056559607406445597e-02
5.950000000000000178e+00,8.543215224241224384e-03,1.083581321277207396e-02
5.952499999999999680e+00,8.520559353759832658e-03,1.107778890034488359e-02
5.955000000000000071e+00,8.498019466616286294e-03,1.131976458791777995e-02
5.957500000000000462e+00,8.475594820991279657e-03,1.156174027549067632e-02
5.959999999999999964e+00,8.453284681121249824e-03,1.180371596306348594e-02
5.962500000000000355e+00,8.431088317242207975e-03,1.204569165063638231e-02
5.964999999999999858e+00,8.409005005528557425e-03,1.228766733820919194e-02
5.967500000000000249e+00,8.387034028038852299e-03,1.252964302578208830e-02
5.969999999999999751e+00,8.365174672655734459e-03,1.277161871335489793e-02
5.972500000000000142e+00,8.343426233032502290e-03,1.301359440092779429e-02
5.975000000000000533e+00,8.321788008534707765e-03,1.325557008850069066e-02
5.977500000000000036e+00,8.300259304188284740e-03,1.344367305518072084e-02
5.980000000000000426e+00,8.278839430621902362e-03,1.363177602186081694e-02
5.982499999999999929e+00,8.257527704016290326e-03,1.381987898854084539e-02
5.985000000000000320e+00,8.236323446048238531e-03,1.400798195522094149e-02
5.987499999999999822e+00,8.215225983840774085e-03,1.419608492190097167e-02
5.990000000000000213e+00,8.194234649908488030e-03,1.438418788858106777e-02
5.992499999999999716e+00,8.173348782108897162e-03,1.457229085526109622e-02
5.995000000000000107e+00,8.152567723588678011e-03,1.476039382194119232e-02
5.997500000000000497e+00,8.131890822736550020e-03,1.494849678862128842e-02
6.000000000000000000e+00,8.111317433130479232e-03,1.513659975530131860e-02
6.002500000000000391e+00,8.090846913491444442e-03,1.525165853294273809e-02
6.004999999999999893e+00,8.070478627631825705e-03,1.536671731058411594e-02
6.007500000000000284e+00,8.050211944410655407e-03,1.548177608822553543e-02
6.009999999999999787e+00,8.030046237682835972e-03,1.559683486586691328e-02
6.012500000000000178e+00,8.009980886254904411e-03,1.571189364350833451e-02
6.015000000000000568e+00,7.990015273835943121e-03,1.582695242114975226e-02
6.017500000000000071e+00,7.970148788994515371e-03,1.594201119879113185e-02
6.020000000000000462e+00,7.950380825109982022e-03,1.605706997643254960e-02
6.022499999999999964e+00,7.930710780330686022e-03,1.617212875407392919e-02
6.025000000000000355e+00,7.911138057526374140e-03,1.628718753171534694e-02
6.027499999999999858e+00,7.891662064247281783e-03,1.631835482148709382e-02
6.030000000000000249e+00,7.872282212677434235e-03,1.634952211125885110e-02
6.032499999999999751e+00,7.852997919595008230e-03,1.638068940103059798e-02
6.035000000000000142e+00,7.833808606326153612e-03,1.641185669080235526e-02
6.037500000000000533e+00,7.814713698706210118e-03,1.644302398057411255e-02
6.040000000000000036e+00,7.795712627035271576e-03,1.647419127034585942e-02
6.042500000000000426e+00,7.776804826039498963e-03,1.650535856011761671e-02
6.044999999999999929e+00,7.757989734827434002e-03,1.653652584988936358e-02
6.047500000000000320e+00,7.739266796852990564e-03,1.656769313966112087e-02
6.049999999999999822e+00,7.720635459872469096e-03,1.659886042943286774e-02
6.052500000000000213e+00,7.702095175907593995e-03,1.654449300966462713e-02
6.054999999999999716e+00,7.683645401204110097e-03,1.649012558989637611e-02
6.057500000000000107e+00,7.665285596195911197e-03,1.643575817012810775e-02
6.060000000000000497e+00,7.647015225463706795e-03,1.638139075035983938e-02
6.062500000000000000e+00,7.628833757700367521e-03,1.632702333059158836e-02
6.065000000000000391e+00,7.610740665670444501e-03,1.627265591082331653e-02
6.067499999999999893e+00,7.592735426176230353e-03,1.621828849105506898e-02
6.070000000000000284e+00,7.574817520018096474e-03,1.616392107128679714e-02
6.072499999999999787e+00,7.556986431961320791e-03,1.610955365151854612e-02
6.075000000000000178e+00,7.539241650697212603e-03,1.605518623175027776e-02
6.077500000000000568e+00,7.521582668810518867e-03,1.592270857555873678e-02
6.080000000000000071e+00,7.504008982741814521e-03,1.579023091936724438e-02
6.082500000000000462e+00,7.486520092755168110e-03,1.565775326317570340e-02
6.084999999999999964e+00,7.469115502901108906e-03,1.552527560698421100e-02
6.087500000000000355e+00,7.451794720985716741e-03,1.539279795079267002e-02
6.089999999999999858e+00,7.434557258533897907e-03,1.526032029460117762e-02
6.092500000000000249e+00,7.417402630759028365e-03,1.512784263840963664e-02
6.094999999999999751e+00,7.400330356527143848e-03,1.499536498221814250e-02
6.097500000000000142e+00,7.383339958327275222e-03,1.486288732602660326e-02
6.100000000000000533e+00,7.366430962236329011e-03,1.473040966983506228e-02
6.102500000000000036e+00,7.349602897890035111e-03,1.453521607757806387e-02
6.105000000000000426e+00,7.332855298448490849e-03,1.434002248532099608e-02
6.107499999999999929e+00,7.316187700567706315e-03,1.414482889306399767e-02
6.110000000000000320e+00,7.299599644365983679e-03,1.394963530080692987e-02
6.112499999999999822e+00,7.283090673396236218e-03,1.375444170854992973e-02
6.115000000000000213e+00,7.266660334612347685e-03,1.355924811629286193e-02
6.117499999999999716e+00,7.250308178342722114e-03,1.336405452403586352e-02
6.120000000000000107e+00,7.234033758257514893e-03,1.316886093177879573e-02
6.122500000000000497e+00,7.217836631341804400e-03,1.297366733952172793e-02
6.125000000000000000e+00,7.201716357864123251e-03,1.277847374726472952e-02
6.127500000000000391e+00,7.185672501350372395e-03,1.254199935440747198e-02
6.129999999999999893e+00,7.169704628552575273e-03,1.230552496155029769e-02
6.132500000000000284e+00,7.153812309423430299e-03,1.206905056869304015e-02
6.134999999999999787e+00,7.137995117085681705e-03,1.183257617583586586e-02
6.137500000000000178e+00,7.122252627807437904e-03,1.159610178297860658e-02
6.140000000000000568e+00,7.106584420971792139e-03,1.135962739012134903e-02
6.142500000000000071e+00,7.090990079052993458e-03,1.112315299726417475e-02
6.145000000000000462e+00,7.075469187586416915e-03,1.088667860440691720e-02
6.147499999999999964e+00,7.060021335145230670e-03,1.065020421154974292e-02
6.150000000000000355e+00,7.044646113311007173e-03,1.041372981869248537e-02
6.152499999999999858e+00,7.029343116651291454e-03,1.016087974849134122e-02
6.155000000000000249e+00,7.014111942690071794e-03,9.908029678290105127e-03
6.157499999999999751e+00,6.998952191886037566e-03,9.655179608088960974e-03
6.160000000000000142e+00,6.983863467604345746e-03,9.402329537887726615e-03
6.162500000000000533e+00,6.968845376094223026e-03,9.149479467686492257e-03
6.165000000000000036e+00,6.953897526461645662e-03,8.896629397485346369e-03
6.167500000000000426e+00,6.939019530648010171e-03,8.643779327284112010e-03
6.169999999999999929e+00,6.924211003402716905e-03,8.390929257082967857e-03
6.172500000000000320e+00,6.909471562262428819e-03,8.138079186881731764e-03
6.174999999999999822e+00,6.894800827524033213e-03,7.885229116680587610e-03
6.177500000000000213e+00,6.880198422224697609e-03,7.641393843023151083e-03
6.179999999999999716e+00,6.865663972115315476e-03,7.397558569365805629e-03
6.182500000000000107e+00,6.851197105640458029e-03,7.153723295708373439e-03
6.185000000000000497e+00,6.836797453912872059e-03,6.909888022050940382e-03
6.187500000000000000e+00,6.822464650693678065e-03,6.666052748393594060e-03
6.190000000000000391e+00,6.808198332367123087e-03,6.422217474736161870e-03
6.192499999999999893e+00,6.793998137921734674e-03,6.178382201078816416e-03
6.195000000000000284e+00,6.779863708925076317e-03,5.934546927421383358e-03
6.197499999999999787e+00,6.765794689505186775e-03,5.690711653764037037e-03
6.200000000000000178e+00,6.751790726326505586e-03,5.446876380106604847e-03
6.202500000000000568e+00,6.737851468571059987e-03,5.234778821276537056e-03
6.205000000000000071e+00,6.723976567914694003e-03,5.022681262446545593e-03
6.207500000000000462e+00,6.710165678509519109e-03,4.810583703616477802e-03
6.209999999999999964e+00,6.696418456959780767e-03,4.598486144786485472e-03
6.212500000000000355e+00,6.682734562304900629e-03,4.386388585956418548e-03
6.214999999999999858e+00,6.669113655995963230e-03,4.174291027126426218e-03
6.217500000000000249e+00,6.655555401878805906e-03,3.962193468296359294e-03
6.219999999999999751e+00,6.642059466171370240e-03,3.750095909466366964e-03
6.222500000000000142e+00,6.628625517446713918e-03,3.537998350636299173e-03
6.225000000000000533e+00,6.615253226610897340e-03,3.325900791806231816e-03
6.227500000000000036e+00,6.601942266886534107e-03,3.162517648282846781e-03
6.230000000000000426e+00,6.588692313790754825e-03,2.999134504759404067e-03
6.232499999999999929e+00,6.575503045119619749e-03,2.835751361236019466e-03
6.235000000000000320e+00,6.562374140925878764e-03,2.672368217712576318e-03
6.237499999999999822e+00,6.549305283503998112e-03,2.508985074189191283e-03
6.240000000000000213e+00,6.536296157368602991e-03,2.345601930665748569e-03
6.242499999999999716e+00,6.523346449239102694e-03,2.182218787142363968e-03
6.245000000000000107e+00,6.510455848019116795e-03,2.018835643618920820e-03
6.247500000000000497e+00,6.497624044781429888e-03,1.855452500095477889e-03
6.250000000000000000e+00,6.484850732747383072e-03,1.692069356572093288e-03
6.252500000000000391e+00,6.472135607272397687e-03,1.585848341032754065e-03
6.254999999999999893e+00,6.459478365825679046e-03,1.479627325493452572e-03
6.257500000000000284e+00,6.446878707976146095e-03,1.373406309954113350e-03
6.259999999999999787e+00,6.434336335372521122e-03,1.267185294414812074e-03
6.262500000000000178e+00,6.421850951729131049e-03,1.160964278875472851e-03
6.265000000000000568e+00,6.409422262806796847e-03,1.054743263336133628e-03
6.267500000000000071e+00,6.397049976398892432e-03,9.485222477968322441e-04
6.270000000000000462e+00,6.384733802312195922e-03,8.423012322574930212e-04
6.272499999999999964e+00,6.372473452353952066e-03,7.360802167181916371e-04
6.275000000000000355e+00,6.360268640312223901e-03,6.298592011788525227e-04
6.277499999999999858e+00,6.348119081943701981e-03,5.784188860756773803e-04
6.280000000000000249e+00,6.336024494954721302e-03,5.269785709724840233e-04
6.282499999999999751e+00,6.323984598988281226e-03,4.755382558693088809e-04
6.285000000000000142e+00,6.311999115606291462e-03,4.240979407661154697e-04
6.287500000000000533e+00,6.300067768276708217e-03,3.726576256629220586e-04
6.290000000000000036e+00,6.288190282356038649e-03,3.212173105597469162e-04
6.292500000000000426e+00,6.276366385076607990e-03,2.697769954565535592e-04
6.294999999999999929e+00,6.264595805529125580e-03,2.183366803533784168e-04
6.297500000000000320e+00,6.252878274651044004e-03,1.668963652501850056e-04
6.299999999999999822e+00,6.241213525208619446e-03,1.154560501470099174e-04
6.302500000000000213e+00,6.229601291785818139e-03,1.039104451322944679e-04
6.304999999999999716e+00,6.218041310766864171e-03,9.236484011759735484e-05
6.307500000000000107e+00,6.206533320324933434e-03,8.081923510289614897e-05
6.310000000000000497e+00,6.195077060405330266e-03,6.927363008819494310e-05
6.312500000000000000e+00,6.183672272714594263e-03,5.772802507349783686e-05
6.315000000000000391e+00,6.172318700703342993e-03,4.618242005879662421e-05
6.317499999999999893e+00,6.161016089555995494e-03,3.463681504409952476e-05
6.320000000000000284e+00,6.149764186174305411e-03,2.309121002939831888e-05
6.322499999999999787e+00,6.138562739166444383e-03,1.154560501470120587e-05
6.325000000000000178e+00,6.127411498831301061e-03,0.000000000000000000e+00
6.327500000000000568e+00,6.116310217147998170e-03,0.000000000000000000e+00
6.330000000000000071e+00,6.105258647759805556e-03,0.000000000000000000e+00
6.332500000000000462e+00,6.094256545964579254e-03,0.000000000000000000e+00
6.334999999999999964e+00,6.083303668698602541e-03,0.000000000000000000e+00
6.337500000000000355e+00,6.072399774526882760e-03,0.000000000000000000e+00
6.339999999999999858e+00,6.061544623628047079e-03,0.000000000000000000e+00
6.342500000000000249e+00,6.050737977784300184e-03,0.000000000000000000e+00
6.344999999999999751e+00,6.039979600366661774e-03,0.000000000000000000e+00
6.347500000000000142e+00,6.029269256324994511e-03,0.000000000000000000e+00
6.350000000000000533e+00,6.018606712173844332e-03,0.000000000000000000e+00
6.352500000000000036e+00,6.007991735982606309e-03,2.164668023275769052e-05
6.355000000000000426e+00,5.997424097361120365e-03,4.329336046552307210e-05
6.357499999999999929e+00,5.986903567450741794e-03,6.494004069828076262e-05
6.360000000000000320e+00,5.976429918909600437e-03,8.658672093104614420e-05
6.362499999999999822e+00,5.966002925904058049e-03,1.082334011638038415e-04
6.365000000000000213e+00,5.955622364094415901e-03,1.298800813965692231e-04
6.367499999999999716e+00,5.945288010626246372e-03,1.515267616293269068e-04
6.370000000000000107e+00,5.934999644116426692e-03,1.731734418620922884e-04
6.372500000000000497e+00,5.924757044644697775e-03,1.948201220948576700e-04
6.375000000000000000e+00,5.914559993739958166e-03,2.164668023276153537e-04
6.377500000000000391e+00,5.904408274371955589e-03,2.775841953844440744e-04
6.379999999999999893e+00,5.894301670937697121e-03,3.387015884412510839e-04
6.382500000000000284e+00,5.884239969253394001e-03,3.998189814980797775e-04
6.384999999999999787e+00,5.874222956541250845e-03,4.609363745548867870e-04
6.387500000000000178e+00,5.864250421421310713e-03,5.220537676117154805e-04
6.390000000000000568e+00,5.854322153898501059e-03,5.831711606685441741e-04
6.392500000000000071e+00,5.844437945354893395e-03,6.442885537253511836e-04
6.395000000000000462e+00,5.834597588536731029e-03,7.054059467821798771e-04
6.397499999999999964e+00,5.824800877546866540e-03,7.665233398389868866e-04
6.400000000000000355e+00,5.815047607832122580e-03,8.276407328958155802e-04
6.402499999999999858e+00,5.805337576175700724e-03,9.341750032036997631e-04
6.405000000000000249e+00,5.795670580684805090e-03,1.040709273511621676e-03
6.407499999999999751e+00,5.786046420783319197e-03,1.147243543819505968e-03
6.410000000000000142e+00,5.776464897199538005e-03,1.253777814127427772e-03
6.412500000000000533e+00,5.766925811959136214e-03,1.360312084435349794e-03
6.415000000000000036e+00,5.757428968372720751e-03,1.466846354743233868e-03
6.417500000000000426e+00,5.747974171029339441e-03,1.573380625051155890e-03
6.419999999999999929e+00,5.738561225784036095e-03,1.679914895359040181e-03
6.422500000000000320e+00,5.729189939751464129e-03,1.786449165666962203e-03
6.424999999999999822e+00,5.719860121294077435e-03,1.892983435974846277e-03
6.427500000000000213e+00,5.710571580015038826e-03,2.040837080883916958e-03
6.429999999999999716e+00,5.701324126747263528e-03,2.188690725792950126e-03
6.432500000000000107e+00,5.692117573546413498e-03,2.336544370702035769e-03
6.435000000000000497e+00,5.682951733679740547e-03,2.484398015611121412e-03
6.437500000000000000e+00,5.673826421619722511e-03,2.632251660520154579e-03
6.440000000000000391e+00,5.664741453032608003e-03,2.780105305429240222e-03
6.442499999999999893e+00,5.655696644772438553e-03,2.927958950338273390e-03
6.445000000000000284e+00,5.646691814869849238e-03,3.075812595247359033e-03
6.447499999999999787e+00,5.637726782525964188e-03,3.223666240156392200e-03
6.450000000000000178e+00,5.628801368101500786e-03,3.371519885065477843e-03
6.452500000000000568e+00,5.619915393110973961e-03,3.548848147764985857e-03
6.455000000000000071e+00,5.611068680211597423e-03,3.726176410464430554e-03
6.457500000000000462e+00,5.602261053197801939e-03,3.903504673163938569e-03
6.459999999999999964e+00,5.593492336990475711e-03,4.080832935863383699e-03
6.462500000000000355e+00,5.584762357631149580e-03,4.258161198562891714e-03
6.464999999999999858e+00,5.576070942272076149e-03,4.435489461262336411e-03
6.467500000000000249e+00,5.567417919169800021e-03,4.612817723961844425e-03
6.469999999999999751e+00,5.558803117675710503e-03,4.790145986661289122e-03
6.472500000000000142e+00,5.550226368229971806e-03,4.967474249360797137e-03
6.475000000000000533e+00,5.541687502351993339e-03,5.144802512060305151e-03
6.477500000000000036e+00,5.533186352634487416e-03,5.334610779093335899e-03
6.480000000000000426e+00,5.524722752733825064e-03,5.524419046126435168e-03
6.482499999999999929e+00,5.516296537364741639e-03,5.714227313159465915e-03
6.485000000000000320e+00,5.507907542290602435e-03,5.904035580192564317e-03
6.487499999999999822e+00,5.499555604318101358e-03,6.093843847225595932e-03
6.490000000000000213e+00,5.491240561287686998e-03,6.283652114258694334e-03
6.492499999999999716e+00,5.482962252068603048e-03,6.473460381291725081e-03
6.495000000000000107e+00,5.474720516549166915e-03,6.663268648324823483e-03
6.497500000000000497e+00,5.466515195632228215e-03,6.853076915357922752e-03
6.500000000000000000e+00,5.458346131225292122e-03,7.042885182390953500e-03
6.502500000000000391e+00,5.450213166236120982e-03,7.225745758636274892e-03
6.504999999999999893e+00,5.442116144563416240e-03,7.408606334881531232e-03
6.507500000000000284e+00,5.434054911091658509e-03,7.591466911126852624e-03
6.509999999999999787e+00,5.426029311682782630e-03,7.774327487372108964e-03
6.512500000000000178e+00,5.418039193170869419e-03,7.957188063617431223e-03
6.515000000000000568e+00,5.410084403353661135e-03,8.140048639862751748e-03
6.517500000000000071e+00,5.402164790987788387e-03,8.322909216108008087e-03
6.520000000000000462e+00,5.394280205779917840e-03,8.505769792353328612e-03
6.522499999999999964e+00,5.386430498382402399e-03,8.688630368598584952e-03
6.525000000000000355e+00,5.378615520384702996e-03,8.871490944843907211e-03
6.527499999999999858e+00,5.370835124308754281e-03,9.028186921592757513e-03
6.530000000000000249e+00,5.363089163600673510e-03,9.184882898341663326e-03
6.532499999999999751e+00,5.355377492626455828e-03,9.341578875090513628e-03
6.535000000000000142e+00,5.347699966663325803e-03,9.498274851839419441e-03
6.537500000000000533e+00,5.340056441895915836e-03,9.654970828588325255e-03
6.540000000000000036e+00,5.332446775407543096e-03,9.811666805337173822e-03
6.542500000000000426e+00,5.324870825176530181e-03,9.968362782086079635e-03
6.544999999999999929e+00,5.317328450067885376e-03,1.012505875883492994e-02
6.547500000000000320e+00,5.309819509829082941e-03,1.028175473558383575e-02
6.549999999999999822e+00,5.302343865082224765e-03,1.043845071233268605e-02
6.552500000000000213e+00,5.294901377320125960e-03,1.055235555783144534e-02
6.554999999999999716e+00,5.287491908898271815e-03,1.066626040333014912e-02
6.557500000000000107e+00,5.280115323031138452e-03,1.078016524882889279e-02
6.560000000000000497e+00,5.272771483784032681e-03,1.089407009432763647e-02
6.562500000000000000e+00,5.265460256069652047e-03,1.100797493982634025e-02
6.565000000000000391e+00,5.258181505640303725e-03,1.112187978532508566e-02
6.567499999999999893e+00,5.250935099084294566e-03,1.123578463082378943e-02
6.570000000000000284e+00,5.243720903817770083e-03,1.134968947632253311e-02
6.572499999999999787e+00,5.236538788082092423e-03,1.146359432182123689e-02
6.575000000000000178e+00,5.229388620935467719e-03,1.157749916731998056e-02
6.577500000000000568e+00,5.222270272249925072e-03,1.163651502862473978e-02
6.580000000000000071e+00,5.215183612703684635e-03,1.169553088992947645e-02
6.582500000000000462e+00,5.208128513777752350e-03,1.175454675123423567e-02
6.584999999999999964e+00,5.201104847748857021e-03,1.181356261253897234e-02
6.587500000000000355e+00,5.194112487685583618e-03,1.187257847384372983e-02
6.589999999999999858e+00,5.187151307441709332e-03,1.193159433514846823e-02
6.592500000000000249e+00,5.180221181652553721e-03,1.199061019645322572e-02
6.594999999999999751e+00,5.173321985728149969e-03,1.204962605775796412e-02
6.597500000000000142e+00,5.166453595849908147e-03,1.210864191906272161e-02
6.600000000000000533e+00,5.159615888963299882e-03,1.216765778036748083e-02
6.602500000000000036e+00,5.152808742775313519e-03,1.216556457151733890e-02
6.605000000000000426e+00,5.146032035747157875e-03,1.216347136266719697e-02
6.607499999999999929e+00,5.139285647091275042e-03,1.216137815381705678e-02
6.610000000000000320e+00,5.132569456764387618e-03,1.215928494496691485e-02
6.612499999999999822e+00,5.125883345464907898e-03,1.215719173611677292e-02
6.615000000000000213e+00,5.119227194625606062e-03,1.215509852726663099e-02
6.617499999999999716e+00,5.112600886411426161e-03,1.215300531841649080e-02
6.620000000000000107e+00,5.106004303711920989e-03,1.215091210956634887e-02
6.622500000000000497e+00,5.099437330139315258e-03,1.214881890071620694e-02
6.625000000000000000e+00,5.092899850021409720e-03,1.214672569186606502e-02
6.627500000000000391e+00,5.086391748398874993e-03,1.208383694828674484e-02
6.629999999999999893e+00,5.079912911018731603e-03,1.202094820470744722e-02
6.632500000000000284e+00,5.073463224331983823e-03,1.195805946112812879e-02
6.634999999999999787e+00,5.067042575486702463e-03,1.189517071754883117e-02
6.637500000000000178e+00,5.060650852325876414e-03,1.183228197396951099e-02
6.640000000000000568e+00,5.054287943380557889e-03,1.176939323039019082e-02
6.642500000000000071e+00,5.047953737867788560e-03,1.170650448681089320e-02
6.645000000000000462e+00,5.041648125684090875e-03,1.164361574323157476e-02
6.647499999999999964e+00,5.035370997403099298e-03,1.158072699965227714e-02
6.650000000000000355e+00,5.029122244269036875e-03,1.151783825607295697e-02
6.652499999999999858e+00,5.022901758194825254e-03,1.140091680543118408e-02
6.655000000000000249e+00,5.016709431755550855e-03,1.128399535478936955e-02
6.657499999999999751e+00,5.010545158186345029e-03,1.116707390414759665e-02
6.660000000000000142e+00,5.004408831376018496e-03,1.105015245350578212e-02
6.662500000000000533e+00,4.998300345865159221e-03,1.093323100286396760e-02
6.665000000000000036e+00,4.992219596840033989e-03,1.081630955222219470e-02
6.667500000000000426e+00,4.986166480130235258e-03,1.069938810158038017e-02
6.669999999999999929e+00,4.980140892202666002e-03,1.058246665093860728e-02
6.672500000000000320e+00,4.974142730159929887e-03,1.046554520029679275e-02
6.674999999999999822e+00,4.968171891733756673e-03,1.034862374965501985e-02
6.677500000000000213e+00,4.962228275283515552e-03,1.019007675973045146e-02
6.679999999999999716e+00,4.956311779789991830e-03,1.003152976980592470e-02
6.682500000000000107e+00,4.950422304853581076e-03,9.872982779881342430e-03
6.685000000000000497e+00,4.944559750688633064e-03,9.714435789956758424e-03
6.687500000000000000e+00,4.938724018121351880e-03,9.555888800032231664e-03
6.690000000000000391e+00,4.932915008583842360e-03,9.397341810107649393e-03
6.692499999999999893e+00,4.927132624112920065e-03,9.238794820183122633e-03
6.695000000000000284e+00,4.921376767343936531e-03,9.080247830258538627e-03
6.697499999999999787e+00,4.915647341509148636e-03,8.921700840334011867e-03
6.700000000000000178e+00,4.909944250431903801e-03,8.763153850409429596e-03
6.702500000000000568e+00,4.904267398525316395e-03,8.579597001392512412e-03
6.705000000000000071e+00,4.898616690786516265e-03,8.396040152375659413e-03
6.707500000000000462e+00,4.892992032794835078e-03,8.212483303358740494e-03
6.709999999999999964e+00,4.887393330706485926e-03,8.028926454341887495e-03
6.712500000000000355e+00,4.881820491252962177e-03,7.845369605324970311e-03
6.714999999999999858e+00,4.876273421735518449e-03,7.661812756308117311e-03
6.717500000000000249e+00,4.870752030023746404e-03,7.478255907291199260e-03
6.719999999999999751e+00,4.865256224549837152e-03,7.294699058274346261e-03
6.722500000000000142e+00,4.859785914307641029e-03,7.111142209257428209e-03
6.725000000000000533e+00,4.854341008847001121e-03,6.927585360240510158e-03
6.727500000000000036e+00,4.848921418272288293e-03,6.737932393156637750e-03
6.730000000000000426e+00,4.843527053237050434e-03,6.548279426072697688e-03
6.732499999999999929e+00,4.838157824943038407e-03,6.358626458988824413e-03
6.735000000000000320e+00,4.832813645134584682e-03,6.168973491904884351e-03
6.737499999999999822e+00,4.827494426097481833e-03,5.979320524821011944e-03
6.740000000000000213e+00,4.822200080653483469e-03,5.789667557737071882e-03
6.742499999999999716e+00,4.816930522159474162e-03,5.600014590653198607e-03
6.745000000000000107e+00,4.811685664502199367e-03,5.410361623569258545e-03
6.747500000000000497e+00,4.806465422096866356e-03,5.220708656485318483e-03
6.750000000000000000e+00,4.801269709881973019e-03,5.031055689401446075e-03
6.752500000000000391e+00,4.796098443318681619e-03,4.854344294522174030e-03
6.754999999999999893e+00,4.790951538385285029e-03,4.677632899642963568e-03
6.757500000000000284e+00,4.785828911576277787e-03,4.500921504763691523e-03
6.759999999999999787e+00,4.780730479897164070e-03,4.324210109884481928e-03
6.762500000000000178e+00,4.775656160863638033e-03,4.147498715005209016e-03
6.765000000000000568e+00,4.770605872496696230e-03,3.970787320125936971e-03
6.767500000000000071e+00,4.765579533321468407e-03,3.794075925246727377e-03
6.770000000000000462e+00,4.760577062361951751e-03,3.617364530367454464e-03
6.772499999999999964e+00,4.755598379140767162e-03,3.440653135488244869e-03
6.775000000000000355e+00,4.750643403674001050e-03,3.263941740608972391e-03
6.777499999999999858e+00,4.745712056469973683e-03,3.117141940107795786e-03
6.780000000000000249e+00,4.740804258524730641e-03,2.970342139606566706e-03
6.782499999999999751e+00,4.735919931321193668e-03,2.823542339105389667e-03
6.785000000000000142e+00,4.731058996824452634e-03,2.676742538604160587e-03
6.787500000000000533e+00,4.726221377480578981e-03,2.529942738102931941e-03
6.790000000000000036e+00,4.721406996212008760e-03,2.383142937601754902e-03
6.792500000000000426e+00,4.716615776417207827e-03,2.236343137100526256e-03
6.794999999999999929e+00,4.711847641965430378e-03,2.089543336599349217e-03
6.797500000000000320e+00,4.707102517196295674e-03,1.942743536098120354e-03
6.799999999999999822e+00,4.702380326914876174e-03,1.795943735596943532e-03
6.802500000000000213e+00,4.697680996391289873e-03,1.692004460576938341e-03
6.804999999999999716e+00,4.693004451355919406e-03,1.588065185556985191e-03
6.807500000000000107e+00,4.688350617998948873e-03,1.484125910536995396e-03
6.810000000000000497e+00,4.683719422965370444e-03,1.380186635517005600e-03
6.812500000000000000e+00,4.679110793354804808e-03,1.276247360497052450e-03
6.815000000000000391e+00,4.674524656716995234e-03,1.172308085477062438e-03
6.817499999999999893e+00,4.669960941050906381e-03,1.068368810457109505e-03
6.820000000000000284e+00,4.665419574800266055e-03,9.644295354371197095e-04
6.822499999999999787e+00,4.660900486853331026e-03,8.604902604171666683e-04
6.825000000000000178e+00,4.656403606538463483e-03,7.565509853971767642e-04
6.827500000000000568e+00,4.651928863623054633e-03,7.029210516045389075e-04
6.830000000000000071e+00,4.647476188309743877e-03,6.492911178119200244e-04
6.832500000000000462e+00,4.643045511235660734e-03,5.956611840192821677e-04
6.834999999999999964e+00,4.638636763468236349e-03,5.420312502266632845e-04
6.837500000000000355e+00,4.634249876504607617e-03,4.884013164340254278e-04
6.839999999999999858e+00,4.629884782267302927e-03,4.347713826414065989e-04
6.842500000000000249e+00,4.625541413103907359e-03,3.811414488487686880e-04
6.844999999999999751e+00,4.621219701782947054e-03,3.275115150561498591e-04
6.847500000000000142e+00,4.616919581493201391e-03,2.738815812635119482e-04
6.850000000000000533e+00,4.612640985839481546e-03,2.202516474708740373e-04
6.852500000000000036e+00,4.608383848842884621e-03,2.180629142964979816e-04
6.855000000000000426e+00,4.604148104935719583e-03,2.158741811221211670e-04
6.857499999999999929e+00,4.599933688961896708e-03,2.136854479477451384e-04
6.860000000000000320e+00,4.595740536172256835e-03,2.114967147733682966e-04
6.862499999999999822e+00,4.591568582224759588e-03,2.093079815989922680e-04
6.865000000000000213e+00,4.587417763180262793e-03,2.071192484246154534e-04
6.867499999999999716e+00,4.583288015501890168e-03,2.049305152502393977e-04
6.870000000000000107e+00,4.579179276051411826e-03,2.027417820758625831e-04
6.872500000000000497e+00,4.575091482088727325e-03,2.005530489014857685e-04
6.875000000000000000e+00,4.571024571268031064e-03,1.983643157271097128e-04
6.877500000000000391e+00,4.566978481637748964e-03,2.423914004935761863e-04
6.879999999999999893e+00,4.562953151635873797e-03,2.864184852600270203e-04
6.882500000000000284e+00,4.558948520090720657e-03,3.304455700264935210e-04
6.884999999999999787e+00,4.554964526216260558e-03,3.744726547929444092e-04
6.887500000000000178e+00,4.551001109612370227e-03,4.184997395594108557e-04
6.890000000000000568e+00,4.547058210260529129e-03,4.625268243258773022e-04
6.892500000000000071e+00,4.543135768524296514e-03,5.065539090923281904e-04
6.895000000000000462e+00,4.539233725144805470e-03,5.505809938587946911e-04
6.897499999999999964e+00,4.535352021241283345e-03,5.946080786252455792e-04
6.900000000000000355e+00,4.531490598306401815e-03,6.386351633917120799e-04
6.902499999999999858e+00,4.527649398206954300e-03,7.180551615471469657e-04
6.905000000000000249e+00,4.523828363180012677e-03,7.974751597026101492e-04
6.907499999999999751e+00,4.520027435832355694e-03,8.768951578580451434e-04
6.910000000000000142e+00,4.516246559136977839e-03,9.563151560135082184e-04
6.912500000000000533e+00,4.512485676433329596e-03,1.035735154168971293e-03
6.915000000000000036e+00,4.508744731423057830e-03,1.115155152324406396e-03
6.917500000000000426e+00,4.505023668170708359e-03,1.194575150479869471e-03
6.919999999999999929e+00,4.501322431099071680e-03,1.273995148635304574e-03
6.922500000000000320e+00,4.497640964990330496e-03,1.353415146790767649e-03
6.924999999999999822e+00,4.493979214981371623e-03,1.432835144946202535e-03
6.927500000000000213e+00,4.490337126564660289e-03,1.532712606687913542e-03
6.929999999999999716e+00,4.486714645583866901e-03,1.632590068429596360e-03
6.932500000000000107e+00,4.483111718234648532e-03,1.732467530171314741e-03
6.935000000000000497e+00,4.479528291060555847e-03,1.832344991913032904e-03
6.937500000000000000e+00,4.475964310953367900e-03,1.932222453654715722e-03
6.940000000000000391e+00,4.472419725149221099e-03,2.032099915396433885e-03
6.942499999999999893e+00,4.468894481229254527e-03,2.131977377138116921e-03
6.945000000000000284e+00,4.465388527115806555e-03,2.231854838879835084e-03
6.947499999999999787e+00,4.461901811072324642e-03,2.331732300621518119e-03
6.950000000000000178e+00,4.458434281700028590e-03,2.431609762363236282e-03
6.952500000000000568e+00,4.454985887938354636e-03,2.534938439391293784e-03
6.955000000000000071e+00,4.451556579061074874e-03,2.638267116419314856e-03
6.957500000000000462e+00,4.448146304676774306e-03,2.741595793447372358e-03
6.959999999999999964e+00,4.444755014725088223e-03,2.844924470475393430e-03
6.962500000000000355e+00,4.441382659477435130e-03,2.948253147503450931e-03
6.964999999999999858e+00,4.438029189533060706e-03,3.051581824531472004e-03
6.967500000000000249e+00,4.434694555819419445e-03,3.154910501559529505e-03
6.969999999999999751e+00,4.431378709589003581e-03,3.258239178587550144e-03
6.972500000000000142e+00,4.428081602419494008e-03,3.361567855615608079e-03
6.975000000000000533e+00,4.424803186210250067e-03,3.464896532643665580e-03
6.977500000000000036e+00,4.421543413182792669e-03,3.554951919730547569e-03
6.980000000000000426e+00,4.418302235877126678e-03,3.645007306817461216e-03
6.982499999999999929e+00,4.415079607152598735e-03,3.735062693904342770e-03
6.985000000000000320e+00,4.411875480184280357e-03,3.825118080991256851e-03
6.987499999999999822e+00,4.408689808463113653e-03,3.915173468078138840e-03
6.990000000000000213e+00,4.405522545792846072e-03,4.005228855165052053e-03
6.992499999999999716e+00,4.402373646290360862e-03,4.095284242251934041e-03
6.995000000000000107e+00,4.399243064382427938e-03,4.185339629338848122e-03
6.997500000000000497e+00,4.396130754806116744e-03,4.275395016425761335e-03
7.000000000000000000e+00,4.393036672605207110e-03,4.365450403512643324e-03
7.002500000000000391e+00,4.389960773131333302e-03,4.428156190237668433e-03
7.004999999999999893e+00,4.386903012039718337e-03,4.490861976962671857e-03
7.007500000000000284e+00,4.383863345290671919e-03,4.553567763687696966e-03
7.009999999999999787e+00,4.380841729145629193e-03,4.616273550412699524e-03
7.012500000000000178e+00,4.377838120167925305e-03,4.678979337137725500e-03
7.015000000000000568e+00,4.374852475219612180e-03,4.741685123862750609e-03
7.017500000000000071e+00,4.371884751461836693e-03,4.804390910587753166e-03
7.020000000000000462e+00,4.368934906351647045e-03,4.867096697312778275e-03
7.022499999999999964e+00,4.366002897642498430e-03,4.929802484037781700e-03
7.025000000000000355e+00,4.363088683381660497e-03,4.992508270762806809e-03
7.027499999999999858e+00,4.360192221909591111e-03,5.018503065679597724e-03
7.030000000000000249e+00,4.357313471857864225e-03,5.044497860596398181e-03
7.032499999999999751e+00,4.354452392149347692e-03,5.070492655513189964e-03
7.035000000000000142e+00,4.351608941994803206e-03,5.096487450429990421e-03
7.037500000000000533e+00,4.348783080894094537e-03,5.122482245346790877e-03
7.040000000000000036e+00,4.345974768632323432e-03,5.148477040263581793e-03
7.042500000000000426e+00,4.343183965281254694e-03,5.174471835180382250e-03
7.044999999999999929e+00,4.340410631195517135e-03,5.200466630097173165e-03
7.047500000000000320e+00,4.337654727013791865e-03,5.226461425013973622e-03
7.049999999999999822e+00,4.334916213655182378e-03,5.252456219930764537e-03
7.052500000000000213e+00,4.332195052320530343e-03,5.238568190237184383e-03
7.054999999999999716e+00,4.329491204488739725e-03,5.224680160543594687e-03
7.057500000000000107e+00,4.326804631917933845e-03,5.210792130849999787e-03
7.060000000000000497e+00,4.324135296642011954e-03,5.196904101156404887e-03
7.062500000000000000e+00,4.321483160971673586e-03,5.183016071462815191e-03
7.065000000000000391e+00,4.318848187491449581e-03,5.169128041769220291e-03
7.067499999999999893e+00,4.316230339060096732e-03,5.155240012075630596e-03
7.070000000000000284e+00,4.313629578807535135e-03,5.141351982382035696e-03
7.072499999999999787e+00,4.311045870136348719e-03,5.127463952688446000e-03
7.075000000000000178e+00,4.308479176717759825e-03,5.113575922994851100e-03
7.077500000000000568e+00,4.305929462493330966e-03,5.063471993126080449e-03
7.080000000000000071e+00,4.303396691671102468e-03,5.013368063257327145e-03
7.082500000000000462e+00,4.300880828727401788e-03,4.963264133388557361e-03
7.084999999999999964e+00,4.298381838402998492e-03,4.913160203519804058e-03
7.087500000000000355e+00,4.295899685704281275e-03,4.863056273651033407e-03
7.089999999999999858e+00,4.293434335900335810e-03,4.812952343782280970e-03
7.092500000000000249e+00,4.290985754523840741e-03,4.762848413913509452e-03
7.094999999999999751e+00,4.288553907367874049e-03,4.712744484044757015e-03
7.097500000000000142e+00,4.286138760487084864e-03,4.662640554175986364e-03
7.100000000000000533e+00,4.283740280194456469e-03,4.612536624307215713e-03
7.102500000000000036e+00,4.281358433062536217e-03,4.536405076371425107e-03
7.105000000000000426e+00,4.278993185920317369e-03,4.460273528435608481e-03
7.107499999999999929e+00,4.276644505854165432e-03,4.384141980499817876e-03
7.110000000000000320e+00,4.274312360204811888e-03,4.308010432564000382e-03
7.112499999999999822e+00,4.271996716568696000e-03,4.231878884628210644e-03
7.115000000000000213e+00,4.269697542794602049e-03,4.155747336692393150e-03
7.117499999999999716e+00,4.267414806984971658e-03,4.079615788756603412e-03
7.120000000000000107e+00,4.265148477492410051e-03,4.003484240820785918e-03
7.122500000000000497e+00,4.262898522921962016e-03,3.927352692884968424e-03
7.125000000000000000e+00,4.260664912126647594e-03,3.851221144949178252e-03
7.127500000000000391e+00,4.258447614209625275e-03,3.764463546260735441e-03
7.129999999999999893e+00,4.256246598520828373e-03,3.677705947572323421e-03
7.132500000000000284e+00,4.254061834658190606e-03,3.590948348883880609e-03
7.134999999999999787e+00,4.251893292464627681e-03,3.504190750195468589e-03
7.137500000000000178e+00,4.249740942029325320e-03,3.417433151507025778e-03
7.140000000000000568e+00,4.247604753684353952e-03,3.330675552818582533e-03
7.142500000000000071e+00,4.245484698006719154e-03,3.243917954130170513e-03
7.145000000000000462e+00,4.243380745814673630e-03,3.157160355441727701e-03
7.147499999999999964e+00,4.241292868169085038e-03,3.070402756753315681e-03
7.150000000000000355e+00,4.239221036370584110e-03,2.983645158064872870e-03
7.152499999999999858e+00,4.237165221960898648e-03,2.904684125359504286e-03
7.155000000000000249e+00,4.235125396719847252e-03,2.825723092654107513e-03
7.157499999999999751e+00,4.233101532666396632e-03,2.746762059948738930e-03
7.160000000000000142e+00,4.231093602055947638e-03,2.667801027243342157e-03
7.162500000000000533e+00,4.229101577381904307e-03,2.588839994537945385e-03
7.165000000000000036e+00,4.227125431371992793e-03,2.509878961832576801e-03
7.167500000000000426e+00,4.225165136990402005e-03,2.430917929127180029e-03
7.169999999999999929e+00,4.223220667434246511e-03,2.351956896421811445e-03
7.172500000000000320e+00,4.221291996135356772e-03,2.272995863716414672e-03
7.174999999999999822e+00,4.219379096756977095e-03,2.194034831011046089e-03
7.177500000000000213e+00,4.217481943195380660e-03,2.141474709726646792e-03
7.179999999999999716e+00,4.215600509576982943e-03,2.088914588442275250e-03
7.182500000000000107e+00,4.213734770259608929e-03,2.036354467157885494e-03
7.185000000000000497e+00,4.211884699829701942e-03,1.983794345873495738e-03
7.187500000000000000e+00,4.210050273103654178e-03,1.931234224589124414e-03
7.190000000000000391e+00,4.208231465124672062e-03,1.878674103304734441e-03
7.192499999999999893e+00,4.206428251165010568e-03,1.826113982020363333e-03
7.195000000000000284e+00,4.204640606722142952e-03,1.773553860735973360e-03
7.197499999999999787e+00,4.202868507520770430e-03,1.720993739451602252e-03
7.200000000000000178e+00,4.201111929509596457e-03,1.668433618167212279e-03
7.202500000000000568e+00,4.199370848863496000e-03,1.657927038739370447e-03
7.205000000000000071e+00,4.197645241979695678e-03,1.647420459311532302e-03
7.207500000000000462e+00,4.195935085479994206e-03,1.636913879883690253e-03
7.209999999999999964e+00,4.194240356207455146e-03,1.626407300455852108e-03
7.212500000000000355e+00,4.192561031228319440e-03,1.615900721028010276e-03
7.214999999999999858e+00,4.190897087828786630e-03,1.605394141600172131e-03
7.217500000000000249e+00,4.189248503516804223e-03,1.594887562172330299e-03
7.219999999999999751e+00,4.187615256019039736e-03,1.584380982744492154e-03
7.222500000000000142e+00,4.185997323282645774e-03,1.573874403316650105e-03
7.225000000000000533e+00,4.184394683472154874e-03,1.563367823888808274e-03
7.227500000000000036e+00,4.182807314971392042e-03,1.604627405385560370e-03
7.230000000000000426e+00,4.181235196380245558e-03,1.645886986882327211e-03
7.232499999999999929e+00,4.179678306516801563e-03,1.687146568379079524e-03
7.235000000000000320e+00,4.178136624413770518e-03,1.728406149875846365e-03
7.237499999999999822e+00,4.176610129320832560e-03,1.769665731372598461e-03
7.240000000000000213e+00,4.175098800701261721e-03,1.810925312869365303e-03
7.242499999999999716e+00,4.173602618234245262e-03,1.852184894366117399e-03
7.245000000000000107e+00,4.172121561811068143e-03,1.893444475862884457e-03
7.247500000000000497e+00,4.170655611537777557e-03,1.934704057359651081e-03
7.250000000000000000e+00,4.169204747731703083e-03,1.975963638856403394e-03
7.252500000000000391e+00,4.167768950923723091e-03,2.070400537674204223e-03
7.254999999999999893e+00,4.166348201854515147e-03,2.164837436491971225e-03
7.257500000000000284e+00,4.164942481477466006e-03,2.259274335309771620e-03
7.259999999999999787e+00,4.163551770954871702e-03,2.353711234127539055e-03
7.262500000000000178e+00,4.162176051660092940e-03,2.448148132945339450e-03
7.265000000000000568e+00,4.160815305174838524e-03,2.542585031763140279e-03
7.267500000000000071e+00,4.159469513290861044e-03,2.637021930580907281e-03
7.270000000000000462e+00,4.158138658006824834e-03,2.731458829398708110e-03
7.272499999999999964e+00,4.156822721530563716e-03,2.825895728216475111e-03
7.275000000000000355e+00,4.155521686275966305e-03,2.920332627034275940e-03
7.277499999999999858e+00,4.154235534864726340e-03,3.059789125209449838e-03
7.280000000000000249e+00,4.152964250123959179e-03,3.199245623384672742e-03
7.282499999999999751e+00,4.151707815087516719e-03,3.338702121559846640e-03
7.285000000000000142e+00,4.150466212993786895e-03,3.478158619735069977e-03
7.287500000000000533e+00,4.149239427286662528e-03,3.617615117910292881e-03
7.290000000000000036e+00,4.148027441613611442e-03,3.757071616085466779e-03
7.292500000000000426e+00,4.146830239827281085e-03,3.896528114260690116e-03
7.294999999999999929e+00,4.145647805982147910e-03,4.035984612435863580e-03
7.297500000000000320e+00,4.144480124337245226e-03,4.175441110611086484e-03
7.299999999999999822e+00,4.143327179352976515e-03,4.314897608786260816e-03
7.302500000000000213e+00,4.142188955693014950e-03,4.481858380243564088e-03
7.304999999999999716e+00,4.141065438221556462e-03,4.648819151700817921e-03
7.307500000000000107e+00,4.139956612005185436e-03,4.815779923158131602e-03
7.310000000000000497e+00,4.138862462310145991e-03,4.982740694615444416e-03
7.312500000000000000e+00,4.137782974604462677e-03,5.149701466072698249e-03
7.315000000000000391e+00,4.136718134554785015e-03,5.316662237530011929e-03
7.317499999999999893e+00,4.135667928028879427e-03,5.483623008987265762e-03
7.320000000000000284e+00,4.134632341092082594e-03,5.650583780444578576e-03
7.322499999999999787e+00,4.133611360010226200e-03,5.817544551901832409e-03
7.325000000000000178e+00,4.132604971246034778e-03,5.984505323359146090e-03
7.327500000000000568e+00,4.131613161461807592e-03,6.154013219076621272e-03
7.330000000000000071e+00,4.130635917515849444e-03,6.323521114794036606e-03
7.332500000000000462e+00,4.129673226465653893e-03,6.493029010511511788e-03
7.334999999999999964e+00,4.128725075563772877e-03,6.662536906228926255e-03
7.337500000000000355e+00,4.127791452261222842e-03,6.832044801946402304e-03
7.339999999999999858e+00,4.126872344203620646e-03,7.001552697663816771e-03
7.342500000000000249e+00,4.125967739233696308e-03,7.171060593381291953e-03
7.344999999999999751e+00,4.125077625388546068e-03,7.340568489098707287e-03
7.347500000000000142e+00,4.124201990901968200e-03,7.510076384816182470e-03
7.350000000000000533e+00,4.123340824201410758e-03,7.679584280533657652e-03
7.352500000000000036e+00,4.122494113909663804e-03,7.822848227421510744e-03
7.355000000000000426e+00,4.121661848842844526e-03,7.966112174309415012e-03
7.357499999999999929e+00,4.120844018012439006e-03,8.109376121197267237e-03
7.360000000000000320e+00,4.120040610621749505e-03,8.252640068085171504e-03
7.362499999999999822e+00,4.119251616069421161e-03,8.395904014973023730e-03
7.365000000000000213e+00,4.118477023945319414e-03,8.539167961860927997e-03
7.367499999999999716e+00,4.117716824033321177e-03,8.682431908748780222e-03
7.370000000000000107e+00,4.116971006308616475e-03,8.825695855636684489e-03
7.372500000000000497e+00,4.116239560940105832e-03,8.968959802524588756e-03
7.375000000000000000e+00,4.115522478287086082e-03,9.112223749412440982e-03
7.377500000000000391e+00,4.114819748901381476e-03,9.201594631478999739e-03
7.379999999999999893e+00,4.114131363525419874e-03,9.290965513545527271e-03
7.382500000000000284e+00,4.113457313093919765e-03,9.380336395612086028e-03
7.384999999999999787e+00,4.112797588731165015e-03,9.469707277678613561e-03
7.387500000000000178e+00,4.112152181753288629e-03,9.559078159745170583e-03
7.390000000000000568e+00,4.111521083665485056e-03,9.648449041811731075e-03
7.392500000000000071e+00,4.110904286164203739e-03,9.737819923878256873e-03
7.395000000000000462e+00,4.110301781135076125e-03,9.827190805944815630e-03
7.397499999999999964e+00,4.109713560653804713e-03,9.916561688011343162e-03
7.400000000000000355e+00,4.109139616985183797e-03,1.000593257007790192e-02
7.402499999999999858e+00,4.108579942583841065e-03,1.002056048725326332e-02
7.405000000000000249e+00,4.108034530092611290e-03,1.003518840442862818e-02
7.407499999999999751e+00,4.107503372344189531e-03,1.004981632160398958e-02
7.410000000000000142e+00,4.106986462358529905e-03,1.006444423877935444e-02
7.412500000000000533e+00,4.106483793345774673e-03,1.007907215595472104e-02
7.415000000000000036e+00,4.105995358702287795e-03,1.009370007313008244e-02
7.417500000000000426e+00,4.105521152014564128e-03,1.010832799030544731e-02
7.419999999999999929e+00,4.105061167054841441e-03,1.012295590748080870e-02
7.422500000000000320e+00,4.104615397785225592e-03,1.013758382465617357e-02
7.424999999999999822e+00,4.104183838353479483e-03,1.015221174183153496e-02
7.427500000000000213e+00,4.103766483096399700e-03,1.008333550085918108e-02
7.429999999999999716e+00,4.103363326536411254e-03,1.001445925988682026e-02
7.432500000000000107e+00,4.102974363384235580e-03,9.945583018914436885e-03
7.435000000000000497e+00,4.102599588536694382e-03,9.876706777942051776e-03
7.437500000000000000e+00,4.102238997078491191e-03,9.807830536969692689e-03
7.440000000000000391e+00,4.101892584279186009e-03,9.738954295997309316e-03
7.442499999999999893e+00,4.101560345596812207e-03,9.670078055024948493e-03
7.445000000000000284e+00,4.101242276674322944e-03,9.601201814052565120e-03
7.447499999999999787e+00,4.100938373341957328e-03,9.532325573080204298e-03
7.450000000000000178e+00,4.100648631614990484e-03,9.463449332107820924e-03
7.452500000000000568e+00,4.100373047696105784e-03,9.317996264237961637e-03
7.455000000000000071e+00,4.100111617972784089e-03,9.172543196368152657e-03
7.457500000000000462e+00,4.099864339019145161e-03,9.027090128498293370e-03
7.459999999999999964e+00,4.099631207594047269e-03,8.881637060628484390e-03
7.462500000000000355e+00,4.099412220643340599e-03,8.736183992758623368e-03
7.464999999999999858e+00,4.099207375296906944e-03,8.590730924888816122e-03
7.467500000000000249e+00,4.099016668871855069e-03,8.445277857018956835e-03
7.469999999999999751e+00,4.098840098869266368e-03,8.299824789149147855e-03
7.472500000000000142e+00,4.098677662976262653e-03,8.154371721279286833e-03
7.475000000000000533e+00,4.098529359064652204e-03,8.008918653409427546e-03
7.477500000000000036e+00,4.098395185192580358e-03,7.810039424151660366e-03
7.480000000000000426e+00,4.098275139601926555e-03,7.611160194893822929e-03
7.482499999999999929e+00,4.098169220721209136e-03,7.412280965636055749e-03
7.485000000000000320e+00,4.098077427162202628e-03,7.213401736378218312e-03
7.487499999999999822e+00,4.097999757724092411e-03,7.014522507120451132e-03
7.490000000000000213e+00,4.097936211388372892e-03,6.815643277862612828e-03
7.492499999999999716e+00,4.097886787323886879e-03,6.616764048604846515e-03
7.495000000000000107e+00,4.097851484882680459e-03,6.417884819347008211e-03
7.497500000000000497e+00,4.097830303603135042e-03,6.219005590089170775e-03
