offset_GHz,folded_incident_density_per_GHz,nonparametric_recovery_per_GHz
-7.500000000000000000e+00,4.250307424218204011e-02,3.757851060036328933e-02
-7.497500000000000497e+00,4.250353354768678787e-02,3.782401540015382924e-02
-7.495000000000000107e+00,4.250491149675618419e-02,3.806952019994445241e-02
-7.492499999999999716e+00,4.250720818706089227e-02,3.831502499973508252e-02
-7.490000000000000213e+00,4.251042378140072742e-02,3.856052979952562243e-02
-7.487499999999999822e+00,4.251455850772803413e-02,3.880603459931624560e-02
-7.485000000000000320e+00,4.251961265917950789e-02,3.905153939910678551e-02
-7.482499999999999929e+00,4.252558659411931341e-02,3.929704419889741562e-02
-7.480000000000000426e+00,4.253248073618869779e-02,3.954254899868795553e-02
-7.477500000000000036e+00,4.254029557436731640e-02,3.978805379847857870e-02
-7.475000000000000533e+00,4.254903166304226103e-02,4.003355859826911861e-02
-7.472500000000000142e+00,4.255868962208799594e-02,4.032036575345879226e-02
-7.469999999999999751e+00,4.256927013695398221e-02,4.060717290864847284e-02
-7.467500000000000249e+00,4.258077395876264104e-02,4.089398006383804240e-02
-7.464999999999999858e+00,4.259320190441710091e-02,4.118078721902772299e-02
-7.462500000000000355e+00,4.260655485671699383e-02,4.146759437421729255e-02
-7.459999999999999964e+00,4.262083376448537464e-02,4.175440152940697314e-02
-7.457500000000000462e+00,4.263603964270350904e-02,4.204120868459654964e-02
-7.455000000000000071e+00,4.265217357265659037e-02,4.232801583978622328e-02
-7.452500000000000568e+00,4.266923670208828956e-02,4.261482299497579979e-02
-7.450000000000000178e+00,4.268723024536458244e-02,4.290163015016547343e-02
-7.447499999999999787e+00,4.270615548364829067e-02,4.318973889150427847e-02
-7.445000000000000284e+00,4.272601376508169263e-02,4.347784763284297249e-02
-7.442499999999999893e+00,4.274680650498101364e-02,4.376595637418177753e-02
-7.440000000000000391e+00,4.276853518603816739e-02,4.405406511552047849e-02
-7.437500000000000000e+00,4.279120135853444612e-02,4.434217385685927659e-02
-7.435000000000000497e+00,4.281480664056259294e-02,4.463028259819797755e-02
-7.432500000000000107e+00,4.283935271825983077e-02,4.491839133953678259e-02
-7.429999999999999716e+00,4.286484134605014762e-02,4.520650008087558069e-02
-7.427500000000000213e+00,4.289127434689660179e-02,4.549460882221428165e-02
-7.424999999999999822e+00,4.291865361256455569e-02,4.578271756355307281e-02
-7.422500000000000320e+00,4.294698110389375684e-02,4.603418090233881571e-02
-7.419999999999999929e+00,4.297625885108172228e-02,4.628564424112464881e-02
-7.417500000000000426e+00,4.300648895397662236e-02,4.653710757991038477e-02
-7.415000000000000036e+00,4.303767358238111407e-02,4.678857091869621787e-02
-7.412500000000000533e+00,4.306981497636626355e-02,4.704003425748196077e-02
-7.410000000000000142e+00,4.310291544659576590e-02,4.729149759626779387e-02
-7.407499999999999751e+00,4.313697737466119786e-02,4.754296093505362697e-02
-7.405000000000000249e+00,4.317200321342729713e-02,4.779442427383936293e-02
-7.402499999999999858e+00,4.320799548738905871e-02,4.804588761262519603e-02
-7.400000000000000355e+00,4.324495679303786561e-02,4.829735095141093892e-02
-7.397499999999999964e+00,4.328288979924038021e-02,4.848338178392676973e-02
-7.395000000000000462e+00,4.332179724762708767e-02,4.866941261644253114e-02
-7.392500000000000071e+00,4.336168195299264921e-02,4.885544344895836194e-02
-7.390000000000000568e+00,4.340254680370723289e-02,4.904147428147412335e-02
-7.387500000000000178e+00,4.344439476213867585e-02,4.922750511398994722e-02
-7.384999999999999787e+00,4.348722886508685909e-02,4.941353594650577802e-02
-7.382500000000000284e+00,4.353105222422871956e-02,4.959956677902153943e-02
-7.379999999999999893e+00,4.357586802657541919e-02,4.978559761153737023e-02
-7.377500000000000391e+00,4.362167953494103939e-02,4.997162844405313165e-02
-7.375000000000000000e+00,4.366849008842255825e-02,5.015765927656896245e-02
-7.372500000000000497e+00,4.371630310289308791e-02,5.026360464888993823e-02
-7.370000000000000107e+00,4.376512207150532602e-02,5.036955002121095565e-02
-7.367499999999999716e+00,4.381495056520893355e-02,5.047549539353196613e-02
-7.365000000000000213e+00,4.386579223327837646e-02,5.058144076585294885e-02
-7.362499999999999822e+00,4.391765080385554715e-02,5.068738613817395933e-02
-7.360000000000000320e+00,4.397053008450217682e-02,5.079333151049493511e-02
-7.357499999999999929e+00,4.402443396276722876e-02,5.089927688281595253e-02
-7.355000000000000426e+00,4.407936640676553969e-02,5.100522225513692831e-02
-7.352500000000000036e+00,4.413533146577063027e-02,5.111116762745794573e-02
-7.350000000000000533e+00,4.419233327081957541e-02,5.121711299977892151e-02
-7.347500000000000142e+00,4.425037603533174546e-02,5.124412627274640974e-02
-7.344999999999999751e+00,4.430946405574086311e-02,5.127113954571389104e-02
-7.342500000000000249e+00,4.436960171214021642e-02,5.129815281868136539e-02
-7.339999999999999858e+00,4.443079346894245052e-02,5.132516609164885363e-02
-7.337500000000000355e+00,4.449304387555188395e-02,5.135217936461632798e-02
-7.334999999999999964e+00,4.455635756705238898e-02,5.137919263758381622e-02
-7.332500000000000462e+00,4.462073926490833786e-02,5.140620591055129057e-02
-7.330000000000000071e+00,4.468619377768050238e-02,5.143321918351877187e-02
-7.327500000000000568e+00,4.475272600175624060e-02,5.146023245648624622e-02
-7.325000000000000178e+00,4.482034092209449122e-02,5.148724572945373446e-02
-7.322499999999999787e+00,4.488904361298613060e-02,5.145046589514585406e-02
-7.320000000000000284e+00,4.495883923882853378e-02,5.141368606083799447e-02
-7.317499999999999893e+00,4.502973305491617811e-02,5.137690622653011407e-02
-7.315000000000000391e+00,4.510173040824664442e-02,5.134012639222224755e-02
-7.312500000000000000e+00,4.517483673834229302e-02,5.130334655791437409e-02
-7.310000000000000497e+00,4.524905757808741352e-02,5.126656672360650757e-02
-7.307500000000000107e+00,4.532439855458229860e-02,5.122978688929862717e-02
-7.304999999999999716e+00,4.540086539001306210e-02,5.119300705499075371e-02
-7.302500000000000213e+00,4.547846390253826310e-02,5.115622722068288719e-02
-7.299999999999999822e+00,4.555720000719227364e-02,5.111944738637499291e-02
-7.297500000000000320e+00,4.563707971680554948e-02,5.104346259798286239e-02
-7.294999999999999929e+00,4.571810914294235917e-02,5.096747780959070412e-02
-7.292500000000000426e+00,4.580029449685617954e-02,5.089149302119857360e-02
-7.290000000000000036e+00,4.588364209046200126e-02,5.081550823280641532e-02
-7.287500000000000533e+00,4.596815833732773027e-02,5.073952344441429174e-02
-7.285000000000000142e+00,4.605384975368285311e-02,5.066353865602213347e-02
-7.282499999999999751e+00,4.614072295944646879e-02,5.058755386762997519e-02
-7.280000000000000249e+00,4.622878467927341029e-02,5.051156907923784467e-02
-7.277499999999999858e+00,4.631804174361964233e-02,5.043558429084568639e-02
-7.275000000000000355e+00,4.640850108982699784e-02,5.035959950245355587e-02
-7.272499999999999964e+00,4.650016976322778745e-02,5.027260355358791066e-02
-7.270000000000000462e+00,4.659305491826866430e-02,5.018560760472228627e-02
-7.267500000000000071e+00,4.668716381965518081e-02,5.009861165585664106e-02
-7.265000000000000568e+00,4.678250384351671787e-02,5.001161570699102360e-02
-7.262500000000000178e+00,4.687908247859195326e-02,4.992461975812537145e-02
-7.259999999999999787e+00,4.697690732743592390e-02,4.983762380925972624e-02
-7.257500000000000284e+00,4.707598610764805735e-02,4.975062786039410878e-02
-7.254999999999999893e+00,4.717632665312178342e-02,4.966363191152846357e-02
-7.252500000000000391e+00,4.727793691531728681e-02,4.957663596266283917e-02
-7.250000000000000000e+00,4.738082496455520154e-02,4.948964001379719396e-02
-7.247500000000000497e+00,4.748499899133417496e-02,4.941784112369489168e-02
-7.245000000000000107e+00,4.759046730767074046e-02,4.934604223359256858e-02
-7.242499999999999716e+00,4.769723834846386484e-02,4.927424334349023854e-02
-7.240000000000000213e+00,4.780532067288165154e-02,4.920244445338794320e-02
-7.237499999999999822e+00,4.791472296577362761e-02,4.913064556328561316e-02
-7.235000000000000320e+00,4.802545403910690736e-02,4.905884667318331088e-02
-7.232499999999999929e+00,4.813752283342775246e-02,4.898704778308098778e-02
-7.230000000000000426e+00,4.825093841934815359e-02,4.891524889297868550e-02
-7.227500000000000036e+00,4.836570999905850238e-02,4.884345000287636240e-02
-7.225000000000000533e+00,4.848184690786620094e-02,4.877165111277406012e-02
-7.222500000000000142e+00,4.859935861576079180e-02,4.873520125896348837e-02
-7.219999999999999751e+00,4.871825472900684351e-02,4.869875140515290968e-02
-7.217500000000000249e+00,4.883854499176329411e-02,4.866230155134235180e-02
-7.214999999999999858e+00,4.896023928773143158e-02,4.862585169753177311e-02
-7.212500000000000355e+00,4.908334764183118482e-02,4.858940184372120830e-02
-7.209999999999999964e+00,4.920788022190602379e-02,4.855295198991063654e-02
-7.207500000000000462e+00,4.933384734045721809e-02,4.851650213610007173e-02
-7.205000000000000071e+00,4.946125945640793969e-02,4.848005228228949998e-02
-7.202500000000000568e+00,4.959012717689818828e-02,4.844360242847893516e-02
-7.200000000000000178e+00,4.972046125910936643e-02,4.840715257466836341e-02
-7.197499999999999787e+00,4.985227261212122479e-02,4.841828873538710221e-02
-7.195000000000000284e+00,4.998557229880019881e-02,4.842942489610584100e-02
-7.192499999999999893e+00,5.012037153772021941e-02,4.844056105682457980e-02
-7.190000000000000391e+00,5.025668170511633781e-02,4.845169721754331166e-02
-7.187500000000000000e+00,5.039451433687194143e-02,4.846283337826205045e-02
-7.185000000000000497e+00,5.053388113053981778e-02,4.847396953898078925e-02
-7.182500000000000107e+00,5.067479394739815568e-02,4.848510569969952805e-02
-7.179999999999999716e+00,5.081726481454151845e-02,4.849624186041826684e-02
-7.177500000000000213e+00,5.096130592700760797e-02,4.850737802113699870e-02
-7.174999999999999822e+00,5.110692964994031223e-02,4.851851418185575832e-02
-7.172500000000000320e+00,5.125414852079057670e-02,4.858194075072910095e-02
-7.169999999999999929e+00,5.140297525155370501e-02,4.864536731960246441e-02
-7.167500000000000426e+00,5.155342273104620426e-02,4.870879388847580704e-02
-7.165000000000000036e+00,5.170550402722038502e-02,4.877222045734917050e-02
-7.162500000000000533e+00,5.185923238952018510e-02,4.883564702622250620e-02
-7.160000000000000142e+00,5.201462125127580965e-02,4.889907359509587659e-02
-7.157499999999999751e+00,5.217168423214031681e-02,4.896250016396923310e-02
-7.155000000000000249e+00,5.233043514056785056e-02,4.902592673284257574e-02
-7.152499999999999858e+00,5.249088797633410380e-02,4.908935330171593919e-02
-7.150000000000000355e+00,5.265305693310047552e-02,4.915277987058928183e-02
-7.147499999999999964e+00,5.281695640102199163e-02,4.926776269045674700e-02
-7.145000000000000462e+00,5.298260096939973185e-02,4.938274551032417053e-02
-7.142500000000000071e+00,5.315000542937938638e-02,4.949772833019163570e-02
-7.140000000000000568e+00,5.331918477669610884e-02,4.961271115005905924e-02
-7.137500000000000178e+00,5.349015421446620677e-02,4.972769396992651747e-02
-7.134999999999999787e+00,5.366292915602711988e-02,4.984267678979398264e-02
-7.132500000000000284e+00,5.383752522782657424e-02,4.995765960966140617e-02
-7.129999999999999893e+00,5.401395827236114139e-02,5.007264242952887134e-02
-7.127500000000000391e+00,5.419224435116558325e-02,5.018762524939629488e-02
-7.125000000000000000e+00,5.437239974785374602e-02,5.030260806926376005e-02
-7.122500000000000497e+00,5.455444097121247421e-02,5.046592227368221217e-02
-7.120000000000000107e+00,5.473838475834814227e-02,5.062923647810071287e-02
-7.117499999999999716e+00,5.492424807788829494e-02,5.079255068251922051e-02
-7.115000000000000213e+00,5.511204813323826446e-02,5.095586488693767263e-02
-7.112499999999999822e+00,5.530180236589467974e-02,5.111917909135618027e-02
-7.110000000000000320e+00,5.549352845881604795e-02,5.128249329577462545e-02
-7.107499999999999929e+00,5.568724433985183103e-02,5.144580750019313309e-02
-7.105000000000000426e+00,5.588296818523152965e-02,5.160912170461158521e-02
-7.102500000000000036e+00,5.608071842311358746e-02,5.177243590903008591e-02
-7.100000000000000533e+00,5.628051373719710621e-02,5.193575011344853803e-02
-7.097500000000000142e+00,5.648237307039548349e-02,5.214456175256255294e-02
-7.094999999999999751e+00,5.668631562857462391e-02,5.235337339167656784e-02
-7.092500000000000249e+00,5.689236088435647987e-02,5.256218503079051335e-02
-7.089999999999999858e+00,5.710052858098853962e-02,5.277099666990452825e-02
-7.087500000000000355e+00,5.731083873628143449e-02,5.297980830901846683e-02
-7.084999999999999964e+00,5.752331164661490109e-02,5.318861994813248867e-02
-7.082500000000000462e+00,5.773796789101481169e-02,5.339743158724642724e-02
-7.080000000000000071e+00,5.795482833530080091e-02,5.360624322636044214e-02
-7.077500000000000568e+00,5.817391413630697977e-02,5.381505486547438766e-02
-7.075000000000000178e+00,5.839524674617706246e-02,5.402386650458840256e-02
-7.072499999999999787e+00,5.861884791673488415e-02,5.427778672574649216e-02
-7.070000000000000284e+00,5.884473970393164222e-02,5.453170694690449849e-02
-7.067499999999999893e+00,5.907294447237201873e-02,5.478562716806258809e-02
-7.065000000000000391e+00,5.930348489991953825e-02,5.503954738922059442e-02
-7.062500000000000000e+00,5.953638398238384616e-02,5.529346761037868402e-02
-7.060000000000000497e+00,5.977166503829074024e-02,5.554738783153668341e-02
-7.057500000000000107e+00,6.000935171373611432e-02,5.580130805269477995e-02
-7.054999999999999716e+00,6.024946798732682546e-02,5.605522827385286955e-02
-7.052500000000000213e+00,6.049203817520860949e-02,5.630914849501087588e-02
-7.049999999999999822e+00,6.073708693618318916e-02,5.656306871616897936e-02
-7.047500000000000320e+00,6.098463927691701036e-02,5.686491820685075915e-02
-7.044999999999999929e+00,6.123472055724187013e-02,5.716676769753264303e-02
-7.042500000000000426e+00,6.148735649555070459e-02,5.746861718821442283e-02
-7.040000000000000036e+00,6.174257317428940434e-02,5.777046667889630671e-02
-7.037500000000000533e+00,6.200039704554638487e-02,5.807231616957808651e-02
-7.035000000000000142e+00,6.226085493674238941e-02,5.837416566025997039e-02
-7.032499999999999751e+00,6.252397405642240447e-02,5.867601515094185427e-02
-7.030000000000000249e+00,6.278978200015077060e-02,5.897786464162363407e-02
-7.027499999999999858e+00,6.305830675651236117e-02,5.927971413230551795e-02
-7.025000000000000355e+00,6.332957671322171633e-02,5.958156362298729775e-02
-7.022499999999999964e+00,6.360362066334125652e-02,5.993674532623623208e-02
-7.020000000000000462e+00,6.388046781161264842e-02,6.029192702948504151e-02
-7.017500000000000071e+00,6.416014778090105286e-02,6.064710873273397584e-02
-7.015000000000000568e+00,6.444269061875609883e-02,6.100229043598277834e-02
-7.012500000000000178e+00,6.472812680409158193e-02,6.135747213923171961e-02
-7.009999999999999787e+00,6.501648725398553874e-02,6.171265384248064700e-02
-7.007500000000000284e+00,6.530780333060325071e-02,6.206783554572945644e-02
-7.004999999999999893e+00,6.560210684824621663e-02,6.242301724897839077e-02
-7.002500000000000391e+00,6.589943008052843998e-02,6.277819895222719326e-02
-7.000000000000000000e+00,6.619980576768325076e-02,6.313338065547613454e-02
-6.997500000000000497e+00,6.650326712400275730e-02,6.354811109991595486e-02
-6.995000000000000107e+00,6.680984784541268984e-02,6.396284154435577518e-02
-6.992499999999999716e+00,6.711958211718517531e-02,6.437757198879587306e-02
-6.990000000000000213e+00,6.743250462179241345e-02,6.479230243323569338e-02
-6.987499999999999822e+00,6.774865054690283606e-02,6.520703287767551370e-02
-6.985000000000000320e+00,6.806805559352425983e-02,6.562176332211562546e-02
-6.982499999999999929e+00,6.839075598429515679e-02,6.603649376655544578e-02
-6.980000000000000426e+00,6.871678847192841388e-02,6.645122421099525223e-02
-6.977500000000000036e+00,6.904619034780878906e-02,6.686595465543537786e-02
-6.975000000000000533e+00,6.937899945074901820e-02,6.728068509987489287e-02
-6.972500000000000142e+00,6.971525417590572482e-02,6.775961289052462311e-02
-6.969999999999999751e+00,7.005499348385985092e-02,6.823854068117433946e-02
-6.967500000000000249e+00,7.039825690986351026e-02,6.871746847182338969e-02
-6.964999999999999858e+00,7.074508457325684452e-02,6.919639626247311992e-02
-6.962500000000000355e+00,7.109551718705922618e-02,6.967532405312250321e-02
-6.959999999999999964e+00,7.144959606773619576e-02,7.015425184377188650e-02
-6.957500000000000462e+00,7.180736314514676866e-02,7.063317963442161673e-02
-6.955000000000000071e+00,7.216886097267508071e-02,7.111210742507100002e-02
-6.952500000000000568e+00,7.253413273754844015e-02,7.159103521572038331e-02
-6.950000000000000178e+00,7.290322227134628241e-02,7.206996300637011355e-02
-6.947499999999999787e+00,7.327617406070409400e-02,7.261385071500556232e-02
-6.945000000000000284e+00,7.365303325821455360e-02,7.315773842364099722e-02
-6.942499999999999893e+00,7.403384569353156641e-02,7.370162613227682069e-02
-6.940000000000000391e+00,7.441865788467970366e-02,7.424551384091188089e-02
-6.937500000000000000e+00,7.480751704957340487e-02,7.478940154954771824e-02
-6.935000000000000497e+00,7.520047111775009230e-02,7.533328925818315314e-02
-6.932500000000000107e+00,7.559756874232143042e-02,7.587717696681860191e-02
-6.929999999999999716e+00,7.599885931214601931e-02,7.642106467545442539e-02
-6.927500000000000213e+00,7.640439296422900373e-02,7.696495238408987416e-02
-6.924999999999999822e+00,7.681422059635185928e-02,7.750884009272530906e-02
-6.922500000000000320e+00,7.722839387993754579e-02,7.811297615564957719e-02
-6.919999999999999929e+00,7.764696527315494146e-02,7.871711221857341512e-02
-6.917500000000000426e+00,7.806998803426705436e-02,7.932124828149725304e-02
-6.915000000000000036e+00,7.849751623522839561e-02,7.992538434442152118e-02
-6.912500000000000533e+00,7.892960477553513654e-02,8.052952040734494277e-02
-6.910000000000000142e+00,7.936630939633365633e-02,8.113365647026921090e-02
-6.907499999999999751e+00,7.980768669479208766e-02,8.173779253319347904e-02
-6.905000000000000249e+00,8.025379413873960643e-02,8.234192859611688675e-02
-6.902499999999999858e+00,8.070469008157858670e-02,8.294606465904115489e-02
-6.900000000000000355e+00,8.116043377747519938e-02,8.355020072196499281e-02
-6.897499999999999964e+00,8.162108539683271546e-02,8.420405656819351936e-02
-6.895000000000000462e+00,8.208670604205325905e-02,8.485791241442250388e-02
-6.892500000000000071e+00,8.255735776359401923e-02,8.551176826065101655e-02
-6.890000000000000568e+00,8.303310357632204264e-02,8.616562410687954310e-02
-6.887500000000000178e+00,8.351400747617385156e-02,8.681947995310852761e-02
-6.884999999999999787e+00,8.400013445712578575e-02,8.747333579933704029e-02
-6.882500000000000284e+00,8.449155052847999448e-02,8.812719164556556684e-02
-6.879999999999999893e+00,8.498832273247246272e-02,8.878104749179455135e-02
-6.877500000000000391e+00,8.549051916220823388e-02,8.943490333802260606e-02
-6.875000000000000000e+00,8.599820897993043500e-02,9.008875918425159057e-02
-6.872500000000000497e+00,8.651146243562898852e-02,9.077716464381983819e-02
-6.870000000000000107e+00,8.703035088599442304e-02,9.146557010338807192e-02
-6.867499999999999716e+00,8.755494681372372190e-02,9.215397556295680526e-02
-6.865000000000000213e+00,8.808532384718428809e-02,9.284238102252503899e-02
-6.862499999999999822e+00,8.862155678044131291e-02,9.353078648209328660e-02
-6.860000000000000320e+00,8.916372159365713868e-02,9.421919194166201994e-02
-6.857499999999999929e+00,8.971189547386618224e-02,9.490759740123025368e-02
-6.855000000000000426e+00,9.026615683613445351e-02,9.559600286079850129e-02
-6.852500000000000036e+00,9.082658534510894277e-02,9.628440832036723462e-02
-6.850000000000000533e+00,9.139326193696344081e-02,9.697281377993498264e-02
-6.847500000000000142e+00,9.196626884174849414e-02,9.767865482668744437e-02
-6.844999999999999751e+00,9.254568960615067175e-02,9.838449587343990610e-02
-6.842500000000000249e+00,9.313160911666971964e-02,9.909033692019136863e-02
-6.839999999999999858e+00,9.372411362321932116e-02,9.979617796694383036e-02
-6.837500000000000355e+00,9.432329076315829064e-02,1.005020190136957925e-01
-6.834999999999999964e+00,9.492922958576008319e-02,1.012078600604477546e-01
-6.832500000000000462e+00,9.554202057712643525e-02,1.019137011072002164e-01
-6.830000000000000071e+00,9.616175568555328235e-02,1.026195421539521785e-01
-6.827500000000000568e+00,9.678852834735515720e-02,1.033253832007041406e-01
-6.825000000000000178e+00,9.742243351315507671e-02,1.040312242474566023e-01
-6.822499999999999787e+00,9.806356767464789737e-02,1.047394218823961276e-01
-6.820000000000000284e+00,9.871202889184323148e-02,1.054476195173356390e-01
-6.817499999999999893e+00,9.936791682079518240e-02,1.061558171522756638e-01
-6.815000000000000391e+00,1.000313327418264342e-01,1.068640147872146756e-01
-6.812500000000000000e+00,1.007023795882533851e-01,1.075722124221547005e-01
-6.810000000000000497e+00,1.013811619756186388e-01,1.082804100570942257e-01
-6.807500000000000107e+00,1.020677862314393197e-01,1.089886076920337371e-01
-6.804999999999999716e+00,1.027623604254765399e-01,1.096968053269737620e-01
-6.802500000000000213e+00,1.034649944005336386e-01,1.104050029619132733e-01
-6.799999999999999822e+00,1.041757998037902144e-01,1.111132005968527986e-01
-6.797500000000000320e+00,1.048948901186772531e-01,1.118155269499057775e-01
-6.794999999999999929e+00,1.056223806973014268e-01,1.125178533029582567e-01
-6.792500000000000426e+00,1.063583887934239219e-01,1.132201796560107360e-01
-6.790000000000000036e+00,1.071030335960006241e-01,1.139225060090637148e-01
-6.787500000000000533e+00,1.078564362632889045e-01,1.146248323621156945e-01
-6.785000000000000142e+00,1.086187199575279622e-01,1.153271587151686595e-01
-6.782499999999999751e+00,1.093900098801975085e-01,1.160294850682216383e-01
-6.780000000000000249e+00,1.101704333078608739e-01,1.167318114212736180e-01
-6.777499999999999858e+00,1.109601196285969621e-01,1.174341377743265968e-01
-6.775000000000000355e+00,1.117592003790266741e-01,1.181364641273790761e-01
-6.772499999999999964e+00,1.125678092819379084e-01,1.188365806417354814e-01
-6.770000000000000462e+00,1.133860822845141059e-01,1.195366971560923863e-01
-6.767500000000000071e+00,1.142141575971686446e-01,1.202368136704488055e-01
-6.765000000000000568e+00,1.150521757329906053e-01,1.209369301848052108e-01
-6.762500000000000178e+00,1.159002795478030479e-01,1.216370466991621158e-01
-6.759999999999999787e+00,1.167586142808378913e-01,1.223371632135185211e-01
-6.757500000000000284e+00,1.176273275960282860e-01,1.230372797278749264e-01
-6.754999999999999893e+00,1.185065696239205602e-01,1.237373962422318452e-01
-6.752500000000000391e+00,1.193964930042061140e-01,1.244375127565877509e-01
-6.750000000000000000e+00,1.202972529288744291e-01,1.251376292709446558e-01
-6.747500000000000497e+00,1.212090071859852625e-01,1.258555781335944923e-01
-6.745000000000000107e+00,1.221319162040602618e-01,1.265735269962443565e-01
-6.742499999999999716e+00,1.230661430970905607e-01,1.272914758588947204e-01
-6.740000000000000213e+00,1.240118537101587703e-01,1.280094247215445569e-01
-6.737499999999999822e+00,1.249692166656701381e-01,1.287273735841943934e-01
-6.735000000000000320e+00,1.259384034101889704e-01,1.294453224468447572e-01
-6.732499999999999929e+00,1.269195882618740223e-01,1.301632713094946214e-01
-6.730000000000000426e+00,1.279129484585057042e-01,1.308812201721444579e-01
-6.727500000000000036e+00,1.289186642060964338e-01,1.315991690347948218e-01
-6.725000000000000533e+00,1.299369187280752513e-01,1.323171178974441586e-01
-6.722500000000000142e+00,1.309678983150348308e-01,1.330923803260617155e-01
-6.719999999999999751e+00,1.320117923750288857e-01,1.338676427546792724e-01
-6.717500000000000249e+00,1.330687934844047571e-01,1.346429051832957469e-01
-6.714999999999999858e+00,1.341390974391573898e-01,1.354181676119133038e-01
-6.712500000000000355e+00,1.352229033067840758e-01,1.361934300405303055e-01
-6.709999999999999964e+00,1.363204134786226707e-01,1.369686924691473073e-01
-6.707500000000000462e+00,1.374318337226506925e-01,1.377439548977648642e-01
-6.705000000000000071e+00,1.385573732367211541e-01,1.385192173263818938e-01
-6.702500000000000568e+00,1.396972447022089558e-01,1.392944797549988956e-01
-6.700000000000000178e+00,1.408516643380395561e-01,1.400697421836164525e-01
-6.697499999999999787e+00,1.420208519550682225e-01,1.409619608975593852e-01
-6.695000000000000284e+00,1.432050310107751412e-01,1.418541796115023457e-01
-6.692499999999999893e+00,1.444044286642404695e-01,1.427463983254459168e-01
-6.690000000000000391e+00,1.456192758313577806e-01,1.436386170393882389e-01
-6.687500000000000000e+00,1.468498072402428800e-01,1.445308357533318100e-01
-6.685000000000000497e+00,1.480962614867912253e-01,1.454230544672747427e-01
-6.682500000000000107e+00,1.493588810903311304e-01,1.463152731812177032e-01
-6.679999999999999716e+00,1.506379125493213789e-01,1.472074918951612743e-01
-6.677500000000000213e+00,1.519336063970292139e-01,1.480997106091042348e-01
-6.674999999999999822e+00,1.532462172571299741e-01,1.489919293230471675e-01
-6.672500000000000320e+00,1.545760038991567109e-01,1.500785615310667176e-01
-6.669999999999999929e+00,1.559232292937277053e-01,1.511651937390854905e-01
-6.667500000000000426e+00,1.572881606674736976e-01,1.522518259471042912e-01
-6.665000000000000036e+00,1.586710695575795638e-01,1.533384581551238413e-01
-6.662500000000000533e+00,1.600722318658506782e-01,1.544250903631418370e-01
-6.660000000000000142e+00,1.614919279122090934e-01,1.555117225711613871e-01
-6.657499999999999751e+00,1.629304424875139545e-01,1.565983547791809372e-01
-6.655000000000000249e+00,1.643880649055985965e-01,1.576849869871989607e-01
-6.652499999999999858e+00,1.658650890544058065e-01,1.587716191952185107e-01
-6.650000000000000355e+00,1.673618134460977680e-01,1.598582514032372837e-01
-6.647499999999999964e+00,1.688785412660053220e-01,1.612288184591597895e-01
-6.645000000000000462e+00,1.704155804202774072e-01,1.625993855150832668e-01
-6.642500000000000071e+00,1.719732435820776062e-01,1.639699525710057726e-01
-6.640000000000000568e+00,1.735518482361698978e-01,1.653405196269282784e-01
-6.637500000000000178e+00,1.751517167217208348e-01,1.667110866828517834e-01
-6.634999999999999787e+00,1.767731762731391543e-01,1.680816537387742893e-01
-6.632500000000000284e+00,1.784165590587593331e-01,1.694522207946967951e-01
-6.629999999999999893e+00,1.800822022171664483e-01,1.708227878506202724e-01
-6.627500000000000391e+00,1.817704478909451249e-01,1.721933549065418068e-01
-6.625000000000000000e+00,1.834816432576242828e-01,1.735639219624652840e-01
-6.622500000000000497e+00,1.852161405575744602e-01,1.753111097234686666e-01
-6.620000000000000107e+00,1.869742971186011959e-01,1.770582974844720214e-01
-6.617499999999999716e+00,1.887564753769614967e-01,1.788054852454766530e-01
-6.615000000000000213e+00,1.905630428945172539e-01,1.805526730064800078e-01
-6.612499999999999822e+00,1.923943723717187193e-01,1.822998607674833904e-01
-6.610000000000000320e+00,1.942508416560995432e-01,1.840470485284879942e-01
-6.607499999999999929e+00,1.961328337459408988e-01,1.857942362894913768e-01
-6.605000000000000426e+00,1.980407367887469794e-01,1.875414240504947594e-01
-6.602500000000000036e+00,1.999749440741532269e-01,1.892886118114993632e-01
-6.600000000000000533e+00,2.019358540208674169e-01,1.910357995725014968e-01
-6.597500000000000142e+00,2.039238701572219925e-01,1.932443030424910446e-01
-6.594999999999999751e+00,2.059394010948940312e-01,1.954528065124805647e-01
-6.592500000000000249e+00,2.079828604953243010e-01,1.976613099824669761e-01
-6.589999999999999858e+00,2.100546670283428008e-01,1.998698134524564962e-01
-6.587500000000000355e+00,2.121552443224827278e-01,2.020783169224444897e-01
-6.584999999999999964e+00,2.142850209064355305e-01,2.042868203924324555e-01
-6.582500000000000462e+00,2.164444301410752003e-01,2.064953238624219756e-01
-6.580000000000000071e+00,2.186339101414470909e-01,2.087038273324099413e-01
-6.577500000000000568e+00,2.208539036880884932e-01,2.109123308023979071e-01
-6.575000000000000178e+00,2.231048581270153597e-01,2.131208342723874549e-01
-6.572499999999999787e+00,2.253872252576772095e-01,2.158553499745023974e-01
-6.570000000000000284e+00,2.277014612081479372e-01,2.185898656766173676e-01
-6.567499999999999893e+00,2.300480262967856682e-01,2.213243813787342806e-01
-6.565000000000000391e+00,2.324273848795557484e-01,2.240588970808472802e-01
-6.562500000000000000e+00,2.348400051821773193e-01,2.267934127829641655e-01
-6.560000000000000497e+00,2.372863591162111541e-01,2.295279284850791357e-01
-6.557500000000000107e+00,2.397669220781675214e-01,2.322624441871941059e-01
-6.554999999999999716e+00,2.422821727306721518e-01,2.349969598893109912e-01
-6.552500000000000213e+00,2.448325927646844702e-01,2.377314755914259337e-01
-6.549999999999999822e+00,2.474186666417185487e-01,2.404659912935409039e-01
-6.547500000000000320e+00,2.500408813149748721e-01,2.437599919570394014e-01
-6.544999999999999929e+00,2.526997259282388053e-01,2.470539926205355952e-01
-6.542500000000000426e+00,2.553956914913643184e-01,2.503479932840317335e-01
-6.540000000000000036e+00,2.581292705311030167e-01,2.536419939475302865e-01
-6.537500000000000533e+00,2.609009567159996101e-01,2.569359946110240656e-01
-6.535000000000000142e+00,2.637112444540176126e-01,2.602299952745226186e-01
-6.532499999999999751e+00,2.665606284615152921e-01,2.635239959380211161e-01
-6.530000000000000249e+00,2.694496033021395176e-01,2.668179966015149507e-01
-6.527499999999999858e+00,2.723786628941523014e-01,2.701119972650134482e-01
-6.525000000000000355e+00,2.753482999846584289e-01,2.734059979285096142e-01
-6.522499999999999964e+00,2.783590055891505544e-01,2.772528219485072554e-01
-6.520000000000000462e+00,2.814112683947381233e-01,2.810996459685076165e-01
-6.517500000000000071e+00,2.845055741253771919e-01,2.849464699885052021e-01
-6.515000000000000568e+00,2.876424048673718592e-01,2.887932940085028433e-01
-6.512500000000000178e+00,2.908222383533700106e-01,2.926401180285032044e-01
-6.509999999999999787e+00,2.940455472030319983e-01,2.964869420485008455e-01
-6.507500000000000284e+00,2.973127981185093027e-01,3.003337660684984867e-01
-6.504999999999999893e+00,3.006244510328270891e-01,3.041805900884988478e-01
-6.502500000000000391e+00,3.039809582092337092e-01,3.080274141084937134e-01
-6.500000000000000000e+00,3.073827632895421158e-01,3.118742381284940746e-01
-6.497500000000000497e+00,3.108303002894630684e-01,3.162216458177712353e-01
-6.495000000000000107e+00,3.143239925389053613e-01,3.205690535070483405e-01
-6.492499999999999716e+00,3.178642515652024825e-01,3.249164611963286098e-01
-6.490000000000000213e+00,3.214514759172132918e-01,3.292638688856057150e-01
-6.487499999999999822e+00,3.250860499282410832e-01,3.336112765748828757e-01
-6.485000000000000320e+00,3.287683424157207268e-01,3.379586842641630895e-01
-6.482499999999999929e+00,3.324987053156415739e-01,3.423060919534402502e-01
-6.480000000000000426e+00,3.362774722496921220e-01,3.466534996427174109e-01
-6.477500000000000036e+00,3.401049570231570729e-01,3.510009073319976247e-01
-6.475000000000000533e+00,3.439814520516422114e-01,3.553483150212716768e-01
-6.472500000000000142e+00,3.479072267147676478e-01,3.600971358564406533e-01
-6.469999999999999751e+00,3.518825256350522346e-01,3.648459566916095742e-01
-6.467500000000000249e+00,3.559075668803027837e-01,3.695947775267717783e-01
-6.464999999999999858e+00,3.599825400879440584e-01,3.743435983619407548e-01
-6.462500000000000355e+00,3.641076045098542990e-01,3.790924191971063451e-01
-6.459999999999999964e+00,3.682828869764316337e-01,3.838412400322719353e-01
-6.457500000000000462e+00,3.725084797787974189e-01,3.885900608674409118e-01
-6.455000000000000071e+00,3.767844384682452752e-01,3.933388817026064466e-01
-6.452500000000000568e+00,3.811107795722825098e-01,3.980877025377720368e-01
-6.450000000000000178e+00,3.854874782268672972e-01,4.028365233729410133e-01
-6.447499999999999787e+00,3.899144657247434753e-01,4.078434919737128905e-01
-6.445000000000000284e+00,3.943916269800962215e-01,4.128504605744847122e-01
-6.442499999999999893e+00,3.989187979101154191e-01,4.178574291752601422e-01
-6.440000000000000391e+00,4.034957627344528674e-01,4.228643977760284667e-01
-6.437500000000000000e+00,4.081222511939892050e-01,4.278713663768038411e-01
-6.435000000000000497e+00,4.127979356908135222e-01,4.328783349775757183e-01
-6.432500000000000107e+00,4.175224283518283452e-01,4.378853035783475955e-01
-6.429999999999999716e+00,4.222952780189612731e-01,4.428922721791230255e-01
-6.427500000000000213e+00,4.271159671695751170e-01,4.478992407798948472e-01
-6.424999999999999822e+00,4.319839087713146508e-01,4.529062093806667244e-01
-6.422500000000000320e+00,4.368984430763427906e-01,4.579906753386330243e-01
-6.419999999999999929e+00,4.418588343606639213e-01,4.630751412965956604e-01
-6.417500000000000426e+00,4.468642676150312298e-01,4.681596072545582965e-01
-6.415000000000000036e+00,4.519138451947916635e-01,4.732440732125245964e-01
-6.412500000000000533e+00,4.570065834369145263e-01,4.783285391704836242e-01
-6.410000000000000142e+00,4.621414092533972506e-01,4.834130051284499241e-01
-6.407499999999999751e+00,4.673171567112371916e-01,4.884974710864162240e-01
-6.405000000000000249e+00,4.725325636101924132e-01,4.935819370443752518e-01
-6.402499999999999858e+00,4.777862680706340126e-01,4.986664030023415517e-01
-6.400000000000000355e+00,4.830768051449108036e-01,5.037508689603041878e-01
-6.397499999999999964e+00,4.884026034667943716e-01,5.087048115458071562e-01
-6.395000000000000462e+00,4.937619819547555133e-01,5.136587541313135663e-01
-6.392500000000000071e+00,4.991531465860186145e-01,5.186126967168164237e-01
-6.390000000000000568e+00,5.045741872595642663e-01,5.235666393023193921e-01
-6.387500000000000178e+00,5.100230747674635579e-01,5.285205818878258022e-01
-6.384999999999999787e+00,5.154976578951536714e-01,5.334745244733287706e-01
-6.382500000000000284e+00,5.209956606724688299e-01,5.384284670588317390e-01
-6.379999999999999893e+00,5.265146797984158189e-01,5.433824096443381491e-01
-6.377500000000000391e+00,5.320521822638303311e-01,5.483363522298375647e-01
-6.375000000000000000e+00,5.376055031971319620e-01,5.532902948153439748e-01
-6.372500000000000497e+00,5.431718439594169778e-01,5.578909515813617048e-01
-6.370000000000000107e+00,5.487482705160580121e-01,5.624916083473794348e-01
-6.367499999999999716e+00,5.543317121128048530e-01,5.670922651134003845e-01
-6.365000000000000213e+00,5.599189602850878078e-01,5.716929218794181145e-01
-6.362499999999999822e+00,5.655066682297836822e-01,5.762935786454357334e-01
-6.360000000000000320e+00,5.710913505690955461e-01,5.808942354114567941e-01
-6.357499999999999929e+00,5.766693835364127274e-01,5.854948921774745241e-01
-6.355000000000000426e+00,5.822370056140173666e-01,5.900955489434921430e-01
-6.352500000000000036e+00,5.877903186522694945e-01,5.946962057095132037e-01
-6.350000000000000533e+00,5.933252894994303084e-01,5.992968624755276030e-01
-6.347500000000000142e+00,5.988377521705233741e-01,6.033212158200303987e-01
-6.344999999999999751e+00,6.043234105825937563e-01,6.073455691645333054e-01
-6.342500000000000249e+00,6.097778418823526225e-01,6.113699225090303280e-01
-6.339999999999999858e+00,6.151965003905204288e-01,6.153942758535331237e-01
-6.337500000000000355e+00,6.205747221851356521e-01,6.194186291980331438e-01
-6.334999999999999964e+00,6.259077303437056150e-01,6.234429825425331639e-01
-6.332500000000000462e+00,6.311906408613175978e-01,6.274673358870359596e-01
-6.330000000000000071e+00,6.364184692586918324e-01,6.314916892315358687e-01
-6.327500000000000568e+00,6.415861378906558832e-01,6.355160425760358889e-01
-6.325000000000000178e+00,6.466884839616313663e-01,6.395403959205386846e-01
-6.322499999999999787e+00,6.517202682504928957e-01,6.427806708931848023e-01
-6.320000000000000284e+00,6.566761845425633792e-01,6.460209458658310311e-01
-6.317499999999999893e+00,6.615508697615913869e-01,6.492612208384794803e-01
-6.315000000000000391e+00,6.663389147893356013e-01,6.525014958111233776e-01
-6.312500000000000000e+00,6.710348759548884212e-01,6.557417707837718268e-01
-6.310000000000000497e+00,6.756332871701540288e-01,6.589820457564179446e-01
-6.307500000000000107e+00,6.801286726819778528e-01,6.622223207290641733e-01
-6.304999999999999716e+00,6.845155604053971832e-01,6.654625957017126225e-01
-6.302500000000000213e+00,6.887884957963594790e-01,6.687028706743588513e-01
-6.299999999999999822e+00,6.929420562161291430e-01,6.719431456470049691e-01
-6.297500000000000320e+00,6.969708657335441648e-01,6.742223097367617823e-01
-6.294999999999999929e+00,7.008696103053392301e-01,6.765014738265170413e-01
-6.292500000000000426e+00,7.046330532690344706e-01,6.787806379162723003e-01
-6.290000000000000036e+00,7.082560510774462692e-01,6.810598020060291136e-01
-6.287500000000000533e+00,7.117335691988112556e-01,6.833389660957827072e-01
-6.285000000000000142e+00,7.150606981018974295e-01,6.856181301855396315e-01
-6.282499999999999751e+00,7.182326692413912861e-01,6.878972942752964448e-01
-6.280000000000000249e+00,7.212448709553636039e-01,6.901764583650500384e-01
-6.277499999999999858e+00,7.240928641838226820e-01,6.924556224548068517e-01
-6.275000000000000355e+00,7.267723979153041247e-01,6.947347865445621107e-01
-6.272499999999999964e+00,7.292794242671988281e-01,6.959208289349205767e-01
-6.270000000000000462e+00,7.316101131051249151e-01,6.971068713252798199e-01
-6.267500000000000071e+00,7.337608661071493010e-01,6.982929137156382859e-01
-6.265000000000000568e+00,7.357283301800928710e-01,6.994789561059967520e-01
-6.262500000000000178e+00,7.375094101375171407e-01,7.006649984963561062e-01
-6.259999999999999787e+00,7.391012805523015095e-01,7.018510408867145722e-01
-6.257500000000000284e+00,7.405013967009621556e-01,7.030370832770730383e-01
-6.254999999999999893e+00,7.417075045220195006e-01,7.042231256674322815e-01
-6.252500000000000391e+00,7.427176495167359116e-01,7.054091680577898593e-01
-6.250000000000000000e+00,7.435301845273891708e-01,7.065952104481492135e-01
-6.247500000000000497e+00,7.441437763358295099e-01,7.066128020307487212e-01
-6.245000000000000107e+00,7.445574110333281759e-01,7.066303936133481178e-01
-6.242499999999999716e+00,7.447703981215602065e-01,7.066479851959476255e-01
-6.240000000000000213e+00,7.447823733138890789e-01,7.066655767785470221e-01
-6.237499999999999822e+00,7.445933000157970438e-01,7.066831683611465298e-01
-6.235000000000000320e+00,7.442034694732659883e-01,7.067007599437460375e-01
-6.232499999999999929e+00,7.436134995879748466e-01,7.067183515263454341e-01
-6.230000000000000426e+00,7.428243324082925980e-01,7.067359431089449417e-01
-6.227500000000000036e+00,7.418372303150145841e-01,7.067535346915444494e-01
-6.225000000000000533e+00,7.406537709305590633e-01,7.067711262741438460e-01
-6.222500000000000142e+00,7.392758407897377371e-01,7.056092428503402125e-01
-6.219999999999999751e+00,7.377056278191812533e-01,7.044473594265366900e-01
-6.217500000000000249e+00,7.359456126808839871e-01,7.032854760027347218e-01
-6.214999999999999858e+00,7.339985590430816442e-01,7.021235925789310883e-01
-6.212500000000000355e+00,7.318675028486858469e-01,7.009617091551283430e-01
-6.209999999999999964e+00,7.295557406577034554e-01,6.997998257313255976e-01
-6.207500000000000462e+00,7.270668171454227613e-01,6.986379423075219641e-01
-6.205000000000000071e+00,7.244045118425893603e-01,6.974760588837192188e-01
-6.202500000000000568e+00,7.215728252073257964e-01,6.963141754599164734e-01
-6.200000000000000178e+00,7.185759641211098003e-01,6.951522920361128399e-01
-6.197499999999999787e+00,7.154183269027734049e-01,6.928666199589431640e-01
-6.195000000000000284e+00,7.121044879351829948e-01,6.905809478817734881e-01
-6.192499999999999893e+00,7.086391819990612850e-01,6.882952758046022579e-01
-6.190000000000000391e+00,7.050272884073522928e-01,6.860096037274341363e-01
-6.187500000000000000e+00,7.012738150316462082e-01,6.837239316502629061e-01
-6.185000000000000497e+00,6.973838823095421802e-01,6.814382595730932302e-01
-6.182500000000000107e+00,6.933627073184900347e-01,6.791525874959235543e-01
-6.179999999999999716e+00,6.892155879976976651e-01,6.768669154187523240e-01
-6.177500000000000213e+00,6.849478875951778845e-01,6.745812433415826481e-01
-6.174999999999999822e+00,6.805650194120412833e-01,6.722955712644129722e-01
-6.172500000000000320e+00,6.760724319107751512e-01,6.690050338602664404e-01
-6.169999999999999929e+00,6.714755942485818307e-01,6.657144964561222400e-01
-6.167500000000000426e+00,6.667799822909532548e-01,6.624239590519780396e-01
-6.165000000000000036e+00,6.619910651546169200e-01,6.591334216478315078e-01
-6.162500000000000533e+00,6.571142923228657784e-01,6.558428842436897499e-01
-6.160000000000000142e+00,6.521550813701681992e-01,6.525523468395432181e-01
-6.157499999999999751e+00,6.471188063268826784e-01,6.492618094353966862e-01
-6.155000000000000249e+00,6.420107867089713816e-01,6.459712720312548173e-01
-6.152499999999999858e+00,6.368362772318284515e-01,6.426807346271082855e-01
-6.150000000000000355e+00,6.316004582218017749e-01,6.393901972229640851e-01
-6.147499999999999964e+00,6.263084267336944677e-01,6.352676748770930137e-01
-6.145000000000000462e+00,6.209651883775506587e-01,6.311451525312189448e-01
-6.142500000000000071e+00,6.155756498533593302e-01,6.270226301853478734e-01
-6.140000000000000568e+00,6.101446121879917639e-01,6.229001078394766910e-01
-6.137500000000000178e+00,6.046767646647283057e-01,6.187775854936027331e-01
-6.134999999999999787e+00,5.991766794321407019e-01,6.146550631477316617e-01
-6.132500000000000284e+00,5.936488067758722842e-01,6.105325408018604794e-01
-6.129999999999999893e+00,5.880974710340286515e-01,6.064100184559865214e-01
-6.127500000000000391e+00,5.825268671344027149e-01,6.022874961101183366e-01
-6.125000000000000000e+00,5.769410577296542053e-01,5.981649737642442677e-01
-6.122500000000000497e+00,5.713439709047939408e-01,5.934230967610235608e-01
-6.120000000000000107e+00,5.657393984298937362e-01,5.886812197578028538e-01
-6.117499999999999716e+00,5.601309945298227344e-01,5.839393427545788162e-01
-6.115000000000000213e+00,5.545222751420026963e-01,5.791974657513581093e-01
-6.112499999999999822e+00,5.489166176326261137e-01,5.744555887481372913e-01
-6.110000000000000320e+00,5.433172609415030108e-01,5.697137117449132537e-01
-6.107499999999999929e+00,5.377273061256561126e-01,5.649718347416925468e-01
-6.105000000000000426e+00,5.321497172719430457e-01,5.602299577384718399e-01
-6.102500000000000036e+00,5.265873227493462760e-01,5.554880807352478023e-01
-6.100000000000000533e+00,5.210428167720911885e-01,5.507462037320304260e-01
-6.097500000000000142e+00,5.155187612454297241e-01,5.456197999041257907e-01
-6.094999999999999751e+00,5.100175878667276841e-01,5.404933960762210443e-01
-6.092500000000000249e+00,5.045416004554006406e-01,5.353669922483237364e-01
-6.089999999999999858e+00,4.990929774862463142e-01,5.302405884204191011e-01
-6.087500000000000355e+00,4.936737748017947514e-01,5.251141845925180185e-01
-6.084999999999999964e+00,4.882859284804246802e-01,5.199877807646170469e-01
-6.082500000000000462e+00,4.829312578381681487e-01,5.148613769367123005e-01
-6.080000000000000071e+00,4.776114685433275331e-01,5.097349731088113289e-01
-6.077500000000000568e+00,4.723281558242446998e-01,5.046085692809102463e-01
-6.075000000000000178e+00,4.670828077517832910e-01,4.994821654530056110e-01
-6.072499999999999787e+00,4.618768085793079070e-01,4.942093930088260478e-01
-6.070000000000000284e+00,4.567114421241433297e-01,4.889366205646464847e-01
-6.067499999999999893e+00,4.515878951756855386e-01,4.836638481204631468e-01
-6.065000000000000391e+00,4.465072609164915107e-01,4.783910756762873584e-01
-6.062500000000000000e+00,4.414705423437989551e-01,4.731183032321040205e-01
-6.060000000000000497e+00,4.364786556800176465e-01,4.678455307879244573e-01
-6.057500000000000107e+00,4.315324337617751915e-01,4.625727583437448942e-01
-6.054999999999999716e+00,4.266326293981096973e-01,4.572999858995615563e-01
-6.052500000000000213e+00,4.217799186893523289e-01,4.520272134553819932e-01
-6.049999999999999822e+00,4.169749042991555688e-01,4.467544410112024300e-01
-6.047500000000000320e+00,4.122181186729821367e-01,4.415587447331970061e-01
-6.044999999999999929e+00,4.075100271971835442e-01,4.363630484551953015e-01
-6.042500000000000426e+00,4.028510312935546511e-01,4.311673521771935969e-01
-6.040000000000000036e+00,3.982414714449707405e-01,4.259716558991881730e-01
-6.037500000000000533e+00,3.936816301483757607e-01,4.207759596211901876e-01
-6.035000000000000142e+00,3.891717347920087833e-01,4.155802633431847637e-01
-6.032499999999999751e+00,3.847119604543331461e-01,4.103845670651793398e-01
-6.030000000000000249e+00,3.803024326226561724e-01,4.051888707871813544e-01
-6.027499999999999858e+00,3.759432298299173469e-01,3.999931745091759305e-01
-6.025000000000000355e+00,3.716343862085694227e-01,3.947974782311742259e-01
-6.022499999999999964e+00,3.673758939608772756e-01,3.898722714013151402e-01
-6.020000000000000462e+00,3.631677057453344681e-01,3.849470645714525019e-01
-6.017500000000000071e+00,3.590097369792281112e-01,3.800218577415934162e-01
-6.015000000000000568e+00,3.549018680576831453e-01,3.750966509117343306e-01
-6.012500000000000178e+00,3.508439464897870064e-01,3.701714440818717478e-01
-6.009999999999999787e+00,3.468357889526327842e-01,3.652462372520126066e-01
-6.007500000000000284e+00,3.428771832643349171e-01,3.603210304221535210e-01
-6.004999999999999893e+00,3.389678902772513269e-01,3.553958235922909381e-01
-6.002500000000000391e+00,3.351076456928152036e-01,3.504706167624352942e-01
-6.000000000000000000e+00,3.312961617995135999e-01,3.455454099325727113e-01
-5.997500000000000497e+00,3.275331291356717300e-01,3.410428757765087138e-01
-5.995000000000000107e+00,3.238182180788041209e-01,3.365403416204446607e-01
-5.992499999999999716e+00,3.201510803633737523e-01,3.320378074643774990e-01
-5.990000000000000213e+00,3.165313505288697704e-01,3.275352733083134460e-01
-5.987499999999999822e+00,3.129586473001667590e-01,3.230327391522494485e-01
-5.985000000000000320e+00,3.094325749021681338e-01,3.185302049961822313e-01
-5.982499999999999929e+00,3.059527243107640904e-01,3.140276708401182337e-01
-5.980000000000000426e+00,3.025186744421516916e-01,3.095251366840542362e-01
-5.977500000000000036e+00,2.991299932825711716e-01,3.050226025279870190e-01
-5.975000000000000533e+00,2.957862389605134257e-01,3.005200683719261856e-01
-5.972500000000000142e+00,2.924869607634404400e-01,2.965448120512610419e-01
-5.969999999999999751e+00,2.892317001010514255e-01,2.925695557305958983e-01
-5.967500000000000249e+00,2.860199914170958313e-01,2.885942994099363612e-01
-5.964999999999999858e+00,2.828513630517183741e-01,2.846190430892712175e-01
-5.962500000000000355e+00,2.797253380562788605e-01,2.806437867686089049e-01
-5.959999999999999964e+00,2.766414349625628266e-01,2.766685304479465923e-01
-5.957500000000000462e+00,2.735991685082523328e-01,2.726932741272814487e-01
-5.955000000000000071e+00,2.705980503204922227e-01,2.687180178066190805e-01
-5.952499999999999680e+00,2.676375895593342547e-01,2.647427614859567679e-01
-5.950000000000000178e+00,2.647172935228028212e-01,2.607675051652916243e-01
-5.947499999999999787e+00,2.618366682152747926e-01,2.573751033445621506e-01
-5.945000000000000284e+00,2.589952188808165578e-01,2.539827015238326768e-01
-5.942499999999999893e+00,2.561924505030742649e-01,2.505902997031008161e-01
-5.940000000000000391e+00,2.534278682732619692e-01,2.471978978823737849e-01
-5.937500000000000000e+00,2.507009780277400512e-01,2.438054960616418965e-01
-5.935000000000000497e+00,2.480112866566302476e-01,2.404130942409124227e-01
-5.932500000000000107e+00,2.453583024848582650e-01,2.370206924201829768e-01
-5.929999999999999716e+00,2.427415356269696789e-01,2.336282905994510883e-01
-5.927500000000000213e+00,2.401604983170111118e-01,2.302358887787216424e-01
-5.924999999999999822e+00,2.376147052147252470e-01,2.268434869579921687e-01
-5.922500000000000320e+00,2.351036736892530565e-01,2.240433944632262142e-01
-5.919999999999999929e+00,2.326269240814969885e-01,2.212433019684622304e-01
-5.917500000000000426e+00,2.301839799462475356e-01,2.184432094736982743e-01
-5.915000000000000036e+00,2.277743682751330601e-01,2.156431169789322921e-01
-5.912500000000000533e+00,2.253976197014063987e-01,2.128430244841703067e-01
-5.910000000000000142e+00,2.230532686875424109e-01,2.100429319894043523e-01
-5.907499999999999751e+00,2.207408536965751455e-01,2.072428394946383978e-01
-5.905000000000000249e+00,2.184599173480648582e-01,2.044427469998764124e-01
-5.902499999999999858e+00,2.162100065595455312e-01,2.016426545051104580e-01
-5.900000000000000355e+00,2.139906726742651921e-01,1.988425620103464742e-01
-5.897499999999999964e+00,2.118014715759946598e-01,1.966044264409274323e-01
-5.895000000000000462e+00,2.096419637916438206e-01,1.943662908715068083e-01
-5.892500000000000071e+00,2.075117145823931475e-01,1.921281553020877941e-01
-5.889999999999999680e+00,2.054102940240095376e-01,1.898900197326687522e-01
-5.887500000000000178e+00,2.033372770769910909e-01,1.876518841632481283e-01
-5.884999999999999787e+00,2.012922436471467624e-01,1.854137485938291141e-01
-5.882500000000000284e+00,1.992747786371934782e-01,1.831756130244100722e-01
-5.879999999999999893e+00,1.972844719899233268e-01,1.809374774549894482e-01
-5.877500000000000391e+00,1.953209187234611066e-01,1.786993418855720162e-01
-5.875000000000000000e+00,1.933837189591171568e-01,1.764612063161513922e-01
-5.872500000000000497e+00,1.914724779423029877e-01,1.747234489438258820e-01
-5.870000000000000107e+00,1.895868060569626534e-01,1.729856915715003440e-01
-5.867499999999999716e+00,1.877263188339449163e-01,1.712479341991735848e-01
-5.865000000000000213e+00,1.858906369537205450e-01,1.695101768268480746e-01
-5.862499999999999822e+00,1.840793862438289685e-01,1.677724194545225367e-01
-5.860000000000000320e+00,1.822921976714160508e-01,1.660346620821958052e-01
-5.857499999999999929e+00,1.805287073312078217e-01,1.642969047098702673e-01
-5.855000000000000426e+00,1.787885564292467644e-01,1.625591473375447571e-01
-5.852500000000000036e+00,1.770713912626960262e-01,1.608213899652179979e-01
-5.850000000000000533e+00,1.753768631960058166e-01,1.590836325928937089e-01
-5.847500000000000142e+00,1.737046286337162460e-01,1.577631681553637033e-01
-5.844999999999999751e+00,1.720543489901562029e-01,1.564427037178336977e-01
-5.842500000000000249e+00,1.704256906562859608e-01,1.551222392803055794e-01
-5.839999999999999858e+00,1.688183249639129968e-01,1.538017748427755738e-01
-5.837500000000000355e+00,1.672319281475032338e-01,1.524813104052465118e-01
-5.834999999999999964e+00,1.656661813037907105e-01,1.511608459677174499e-01
-5.832500000000000462e+00,1.641207703493839654e-01,1.498403815301874442e-01
-5.830000000000000071e+00,1.625953859765484066e-01,1.485199170926583823e-01
-5.827499999999999680e+00,1.610897236073411398e-01,1.471994526551293203e-01
-5.825000000000000178e+00,1.596034833462591507e-01,1.458789882175993147e-01
-5.822499999999999787e+00,1.581363699315524451e-01,1.448811261672882100e-01
-5.820000000000000284e+00,1.566880926853480571e-01,1.438832641169771331e-01
-5.817499999999999893e+00,1.552583654627183174e-01,1.428854020666653346e-01
-5.815000000000000391e+00,1.538469065998213925e-01,1.418875400163549516e-01
-5.812500000000000000e+00,1.524534388612306113e-01,1.408896779660431253e-01
-5.810000000000000497e+00,1.510776893865670156e-01,1.398918159157320484e-01
-5.807500000000000107e+00,1.497193896365377752e-01,1.388939538654209438e-01
-5.804999999999999716e+00,1.483782753384779163e-01,1.378960918151091453e-01
-5.802500000000000213e+00,1.470540864314881790e-01,1.368982297647980684e-01
-5.799999999999999822e+00,1.457465670112537415e-01,1.359003677144869637e-01
-5.797500000000000320e+00,1.444554652746221080e-01,1.351281820948478096e-01
-5.794999999999999929e+00,1.431805334640188776e-01,1.343559964752092384e-01
-5.792500000000000426e+00,1.419215278117659240e-01,1.335838108555706394e-01
-5.790000000000000036e+00,1.406782084843689051e-01,1.328116252359314853e-01
-5.787500000000000533e+00,1.394503395268350820e-01,1.320394396162934414e-01
-5.785000000000000142e+00,1.382376888070763199e-01,1.312672539966543150e-01
-5.782499999999999751e+00,1.370400279604470917e-01,1.304950683770151609e-01
-5.780000000000000249e+00,1.358571323344704151e-01,1.297228827573771170e-01
-5.777499999999999858e+00,1.346887809337907194e-01,1.289506971377379907e-01
-5.775000000000000355e+00,1.335347563653984104e-01,1.281785115180993917e-01
-5.772499999999999964e+00,1.323948447841623577e-01,1.275411959547420870e-01
-5.770000000000000462e+00,1.312688358387057164e-01,1.269038803913843383e-01
-5.767500000000000071e+00,1.301565226176566725e-01,1.262665648280270336e-01
-5.764999999999999680e+00,1.290577015963032814e-01,1.256292492646697290e-01
-5.762500000000000178e+00,1.279721725836798496e-01,1.249919337013119802e-01
-5.759999999999999787e+00,1.268997386701094521e-01,1.243546181379546756e-01
-5.757500000000000284e+00,1.258402061752233736e-01,1.237173025745973848e-01
-5.754999999999999893e+00,1.247933845964784294e-01,1.230799870112396222e-01
-5.752500000000000391e+00,1.237590865581925104e-01,1.224426714478827755e-01
-5.750000000000000000e+00,1.227371277611087191e-01,1.218053558845250267e-01
-5.747500000000000497e+00,1.217273269325108431e-01,1.212252239711982676e-01
-5.745000000000000107e+00,1.207295057768948132e-01,1.206450920578715086e-01
-5.742499999999999716e+00,1.197434889272146613e-01,1.200649601445443471e-01
-5.740000000000000213e+00,1.187691038967076534e-01,1.194848282312175880e-01
-5.737499999999999822e+00,1.178061810313097146e-01,1.189046963178908289e-01
-5.735000000000000320e+00,1.168545534626702909e-01,1.183245644045636535e-01
-5.732499999999999929e+00,1.159140570617669674e-01,1.177444324912369084e-01
-5.730000000000000426e+00,1.149845303931323337e-01,1.171643005779101493e-01
-5.727500000000000036e+00,1.140658146696916786e-01,1.165841686645829739e-01
-5.725000000000000533e+00,1.131577537082173179e-01,1.160040367512566312e-01
-5.722500000000000142e+00,1.122601938854007469e-01,1.154218638847360479e-01
-5.719999999999999751e+00,1.113729840945444222e-01,1.148396910182154507e-01
-5.717500000000000249e+00,1.104959757028746437e-01,1.142575181516956861e-01
-5.714999999999999858e+00,1.096290225094736226e-01,1.136753452851751028e-01
-5.712500000000000355e+00,1.087719807038314279e-01,1.130931724186549220e-01
-5.709999999999999964e+00,1.079247088250161746e-01,1.125109995521347411e-01
-5.707500000000000462e+00,1.070870677214602468e-01,1.119288266856141578e-01
-5.705000000000000071e+00,1.062589205113605856e-01,1.113466538190939770e-01
-5.702499999999999680e+00,1.054401325436905151e-01,1.107644809525737961e-01
-5.700000000000000178e+00,1.046305713598173759e-01,1.101823080860532128e-01
-5.697499999999999787e+00,1.038301066557252572e-01,1.095606773101440584e-01
-5.695000000000000284e+00,1.030386102448369173e-01,1.089390465342349040e-01
-5.692499999999999893e+00,1.022559560214312407e-01,1.083174157583253056e-01
-5.690000000000000391e+00,1.014820199246503907e-01,1.076957849824165953e-01
-5.687500000000000000e+00,1.007166799030912441e-01,1.070741542065070107e-01
-5.685000000000000497e+00,9.995981587997904150e-02,1.064525234305978563e-01
-5.682500000000000107e+00,9.921130971891289896e-02,1.058308926546887019e-01
-5.679999999999999716e+00,9.847104519018017033e-02,1.052092618787791034e-01
-5.677500000000000213e+00,9.773890793763378992e-02,1.045876311028699490e-01
-5.674999999999999822e+00,9.701478544612508748e-02,1.039660003269607946e-01
-5.672500000000000320e+00,9.629856700948662140e-02,1.032902993978597611e-01
-5.669999999999999929e+00,9.559014369905743935e-02,1.026145984687592133e-01
-5.667500000000000426e+00,9.488940833274656095e-02,1.019388975396586655e-01
-5.665000000000000036e+00,9.419625544462478794e-02,1.012631966105576320e-01
-5.662500000000000533e+00,9.351058125504099761e-02,1.005874956814575699e-01
-5.660000000000000142e+00,9.283228364125370446e-02,9.991179475235653640e-02
-5.657499999999999751e+00,9.216126210857247814e-02,9.923609382325550288e-02
-5.655000000000000249e+00,9.149741776200193133e-02,9.856039289415544080e-02
-5.652499999999999858e+00,9.084065327838053427e-02,9.788469196505440728e-02
-5.650000000000000355e+00,9.019087287900830197e-02,9.720899103595385948e-02
-5.647499999999999964e+00,8.954798230275587412e-02,9.648580782990223703e-02
-5.645000000000000462e+00,8.891188877964677217e-02,9.576262462385010110e-02
-5.642500000000000071e+00,8.828250100490865615e-02,9.503944141779847865e-02
-5.639999999999999680e+00,8.765972911348278440e-02,9.431625821174685620e-02
-5.637500000000000178e+00,8.704348465498817911e-02,9.359307500569470639e-02
-5.634999999999999787e+00,8.643368056913026953e-02,9.286989179964308394e-02
-5.632500000000000284e+00,8.583023116155087673e-02,9.214670859359146149e-02
-5.629999999999999893e+00,8.523305208010732714e-02,9.142352538753932556e-02
-5.627500000000000391e+00,8.464206029157969602e-02,9.070034218148821659e-02
-5.625000000000000000e+00,8.405717405879473136e-02,8.997715897543608066e-02
-5.622500000000000497e+00,8.347831291816125432e-02,8.923009376752029376e-02
-5.620000000000000107e+00,8.290539765761177626e-02,8.848302855960450686e-02
-5.617499999999999716e+00,8.233835029494013247e-02,8.773596335168819260e-02
-5.615000000000000213e+00,8.177709405653220409e-02,8.698889814377240570e-02
-5.612499999999999822e+00,8.122155335648065244e-02,8.624183293585660492e-02
-5.610000000000000320e+00,8.067165377607814214e-02,8.549476772794029067e-02
-5.607499999999999929e+00,8.012732204368196165e-02,8.474770252002450377e-02
-5.605000000000000426e+00,7.958848601494508679e-02,8.400063731210871687e-02
-5.602500000000000036e+00,7.905507465340487483e-02,8.325357210419240261e-02
-5.600000000000000533e+00,7.852701801142658589e-02,8.250650689627714307e-02
-5.597500000000000142e+00,7.800424721149136487e-02,8.176984034195157458e-02
-5.594999999999999751e+00,7.748669442782693539e-02,8.103317378762600609e-02
-5.592500000000000249e+00,7.697429286837148554e-02,8.029650723330149231e-02
-5.589999999999999858e+00,7.646697675706642938e-02,7.955984067897592382e-02
-5.587500000000000355e+00,7.596468131647324262e-02,7.882317412465088269e-02
-5.584999999999999964e+00,7.546734275070529629e-02,7.808650757032582768e-02
-5.582500000000000462e+00,7.497489822867277331e-02,7.734984101600025919e-02
-5.580000000000000071e+00,7.448728586763260495e-02,7.661317446167521805e-02
-5.577499999999999680e+00,7.400444471703844507e-02,7.587650790735017692e-02
-5.575000000000000178e+00,7.352631474268592204e-02,7.513984135302460843e-02
-5.572499999999999787e+00,7.305283681114677075e-02,7.445096030486517136e-02
-5.570000000000000284e+00,7.258395267448777832e-02,7.376207925670572041e-02
-5.567499999999999893e+00,7.211960495526772985e-02,7.307319820854578374e-02
-5.565000000000000391e+00,7.165973713180909255e-02,7.238431716038683239e-02
-5.562500000000000000e+00,7.120429352373741638e-02,7.169543611222689572e-02
-5.560000000000000497e+00,7.075321927778559228e-02,7.100655506406745865e-02
-5.557500000000000107e+00,7.030646035385636206e-02,7.031767401590802158e-02
-5.554999999999999716e+00,6.986396351133901395e-02,6.962879296774808491e-02
-5.552500000000000213e+00,6.942567629567582277e-02,6.893991191958863396e-02
-5.549999999999999822e+00,6.899154702517257265e-02,6.825103087142919689e-02
-5.547500000000000320e+00,6.856152477805027567e-02,6.764286601253827191e-02
-5.544999999999999929e+00,6.813555937973124477e-02,6.703470115364777715e-02
-5.542500000000000426e+00,6.771360139035800807e-02,6.642653629475729626e-02
-5.540000000000000036e+00,6.729560209253794556e-02,6.581837143586637129e-02
-5.537500000000000533e+00,6.688151347931126089e-02,6.521020657697630674e-02
-5.535000000000000142e+00,6.647128824233730637e-02,6.460204171808539564e-02
-5.532499999999999751e+00,6.606487976029515319e-02,6.399387685919447066e-02
-5.530000000000000249e+00,6.566224208749507629e-02,6.338571200030440611e-02
-5.527499999999999858e+00,6.526332994269605503e-02,6.277754714141348114e-02
-5.525000000000000355e+00,6.486809869812548701e-02,6.216938228252299331e-02
-5.522499999999999964e+00,6.447650436869852009e-02,6.166420930083977431e-02
-5.520000000000000462e+00,6.408850360143121538e-02,6.115903631915619448e-02
-5.517500000000000071e+00,6.370405366504623690e-02,6.065386333747297548e-02
-5.514999999999999680e+00,6.332311243976504467e-02,6.014869035578975648e-02
-5.512500000000000178e+00,6.294563840728466253e-02,5.964351737410618359e-02
-5.509999999999999787e+00,6.257159064093514855e-02,5.913834439242296459e-02
-5.507500000000000284e+00,6.220092879601418767e-02,5.863317141073974559e-02
-5.504999999999999893e+00,6.183361310029548280e-02,5.812799842905616576e-02
-5.502500000000000391e+00,6.146960434470752355e-02,5.762282544737330758e-02
-5.500000000000000000e+00,6.110886387418001248e-02,5.711765246568972776e-02
-5.497500000000000497e+00,6.075135357865387581e-02,5.672338101307707048e-02
-5.495000000000000107e+00,6.039703588425325564e-02,5.632910956046441320e-02
-5.492499999999999716e+00,6.004587374461407140e-02,5.593483810785147836e-02
-5.490000000000000213e+00,5.969783063236897003e-02,5.554056665523882108e-02
-5.487499999999999822e+00,5.935287053078315556e-02,5.514629520262616380e-02
-5.485000000000000320e+00,5.901095792554034852e-02,5.475202375001322203e-02
-5.482499999999999929e+00,5.867205779667395565e-02,5.435775229740056474e-02
-5.480000000000000426e+00,5.833613561064281833e-02,5.396348084478790746e-02
-5.477500000000000036e+00,5.800315731254728630e-02,5.356920939217497263e-02
-5.475000000000000533e+00,5.767308931848326436e-02,5.317493793956259290e-02
-5.472500000000000142e+00,5.734589850803236549e-02,5.288449357376218823e-02
-5.469999999999999751e+00,5.702155221688419429e-02,5.259404920796178357e-02
-5.467500000000000249e+00,5.670001822959003235e-02,5.230360484216179523e-02
-5.464999999999999858e+00,5.638126477244349150e-02,5.201316047636139056e-02
-5.462500000000000355e+00,5.606526050648761444e-02,5.172271611056118712e-02
-5.459999999999999964e+00,5.575197452064489800e-02,5.143227174476099062e-02
-5.457500000000000462e+00,5.544137632496730361e-02,5.114182737896058595e-02
-5.455000000000000071e+00,5.513343584400633157e-02,5.085138301316038945e-02
-5.452499999999999680e+00,5.482812341029801723e-02,5.056093864736019294e-02
-5.450000000000000178e+00,5.452540975796323769e-02,5.027049428155978827e-02
-5.447499999999999787e+00,5.422526601641892985e-02,5.006421943209542202e-02
-5.445000000000000284e+00,5.392766370419984495e-02,4.985794458263104884e-02
-5.442499999999999893e+00,5.363257472288795319e-02,4.965166973316652993e-02
-5.440000000000000391e+00,5.333997135114747212e-02,4.944539488370230940e-02
-5.437500000000000000e+00,5.304982623886362464e-02,4.923912003423779049e-02
-5.435000000000000497e+00,5.276211240138359293e-02,4.903284518477342424e-02
-5.432500000000000107e+00,5.247680321385710112e-02,4.882657033530905799e-02
-5.429999999999999716e+00,5.219387240567464892e-02,4.862029548584453909e-02
-5.427500000000000213e+00,5.191329405500282740e-02,4.841402063638016590e-02
-5.424999999999999822e+00,5.163504258341333752e-02,4.820774578691579965e-02
-5.422500000000000320e+00,5.135909275060463602e-02,4.805809198704562302e-02
-5.419999999999999929e+00,5.108541964921496648e-02,4.790843818717555047e-02
-5.417500000000000426e+00,5.081399869972400701e-02,4.775878438730547793e-02
-5.415000000000000036e+00,5.054480564544244769e-02,4.760913058743530130e-02
-5.412500000000000533e+00,5.027781654758713137e-02,4.745947678756533283e-02
-5.410000000000000142e+00,5.001300778044100170e-02,4.730982298769515620e-02
-5.407499999999999751e+00,4.975035602659491629e-02,4.716016918782497958e-02
-5.405000000000000249e+00,4.948983827227159543e-02,4.701051538795501111e-02
-5.402499999999999858e+00,4.923143180272845226e-02,4.686086158808483448e-02
-5.400000000000000355e+00,4.897511419773917934e-02,4.671120778821476194e-02
-5.397499999999999964e+00,4.872086332715177409e-02,4.658853956844855732e-02
-5.395000000000000462e+00,4.846865734652183039e-02,4.646587134868226249e-02
-5.392500000000000071e+00,4.821847469282011800e-02,4.634320312891605093e-02
-5.389999999999999680e+00,4.797029408021221547e-02,4.622053490914984630e-02
-5.387500000000000178e+00,4.772409449590971769e-02,4.609786668938355148e-02
-5.384999999999999787e+00,4.747985519609145694e-02,4.597519846961733991e-02
-5.382500000000000284e+00,4.723755570189278746e-02,4.585253024985113529e-02
-5.379999999999999893e+00,4.699717579546280194e-02,4.572986203008484046e-02
-5.377500000000000391e+00,4.675869551608739794e-02,4.560719381031871911e-02
-5.375000000000000000e+00,4.652209515637708431e-02,4.548452559055242428e-02
-5.372500000000000497e+00,4.628735525851915972e-02,4.536271640684837181e-02
-5.370000000000000107e+00,4.605445661059130030e-02,4.524090722314432628e-02
-5.367499999999999716e+00,4.582338024293788198e-02,4.511909803944019054e-02
-5.365000000000000213e+00,4.559410742460544286e-02,4.499728885573613807e-02
-5.362499999999999822e+00,4.536661965983794509e-02,4.487547967203209254e-02
-5.360000000000000320e+00,4.514089868463014993e-02,4.475367048832794986e-02
-5.357499999999999929e+00,4.491692646333743377e-02,4.463186130462390433e-02
-5.355000000000000426e+00,4.469468518534255863e-02,4.451005212091985186e-02
-5.352500000000000036e+00,4.447415726177659373e-02,4.438824293721571612e-02
-5.350000000000000533e+00,4.425532532229420335e-02,4.426643375351175386e-02
-5.347500000000000142e+00,4.403817221190183678e-02,4.412711773764412676e-02
-5.344999999999999751e+00,4.382268098783818899e-02,4.398780172177649272e-02
-5.342500000000000249e+00,4.360883491650550253e-02,4.384848570590906686e-02
-5.339999999999999858e+00,4.339661747045110013e-02,4.370916969004143282e-02
-5.337500000000000355e+00,4.318601232539831525e-02,4.356985367417390287e-02
-5.334999999999999964e+00,4.297700335732587695e-02,4.343053765830637986e-02
-5.332500000000000462e+00,4.276957463959473599e-02,4.329122164243874582e-02
-5.330000000000000071e+00,4.256371044012120103e-02,4.315190562657121587e-02
-5.327499999999999680e+00,4.235939521859688472e-02,4.301258961070368592e-02
-5.325000000000000178e+00,4.215661362375243415e-02,4.287327359483605882e-02
-5.322499999999999787e+00,4.195535049066658612e-02,4.270804217553362397e-02
-5.320000000000000284e+00,4.175559083811793137e-02,4.254281075623119607e-02
-5.317499999999999893e+00,4.155731986597953342e-02,4.237757933692865020e-02
-5.315000000000000391e+00,4.136052295265557621e-02,4.221234791762633332e-02
-5.312500000000000000e+00,4.116518565255933987e-02,4.204711649832378051e-02
-5.310000000000000497e+00,4.097129369363058243e-02,4.188188507902135260e-02
-5.307500000000000107e+00,4.077883297489417330e-02,4.171665365971891776e-02
-5.304999999999999716e+00,4.058778956405648120e-02,4.155142224041637189e-02
-5.302500000000000213e+00,4.039814969514055054e-02,4.138619082111394398e-02
-5.299999999999999822e+00,4.020989976615908096e-02,4.122095940181150914e-02
-5.297500000000000320e+00,4.002302633682386368e-02,4.103132093947891440e-02
-5.294999999999999929e+00,3.983751612629232719e-02,4.084168247714645150e-02
-5.292500000000000426e+00,3.965335601094877732e-02,4.065204401481398860e-02
-5.290000000000000036e+00,3.947053302222161553e-02,4.046240555248139387e-02
-5.287500000000000533e+00,3.928903434443454384e-02,4.027276709014906975e-02
-5.285000000000000142e+00,3.910884731269143044e-02,4.008312862781647501e-02
-5.282499999999999751e+00,3.892995941079513411e-02,3.989349016548387333e-02
-5.280000000000000249e+00,3.875235826919806725e-02,3.970385170315154921e-02
-5.277499999999999858e+00,3.857603166298565617e-02,3.951421324081895448e-02
-5.275000000000000355e+00,3.840096750989099861e-02,3.932457477848649158e-02
-5.272499999999999964e+00,3.822715386834063533e-02,3.911998470203662676e-02
-5.270000000000000462e+00,3.805457893553038790e-02,3.891539462558661622e-02
-5.267500000000000071e+00,3.788323104553172754e-02,3.871080454913675140e-02
-5.264999999999999680e+00,3.771309866742748179e-02,3.850621447268688657e-02
-5.262500000000000178e+00,3.754417040347570594e-02,3.830162439623687604e-02
-5.259999999999999787e+00,3.737643498730307268e-02,3.809703431978700428e-02
-5.257500000000000284e+00,3.720988128212517065e-02,3.789244424333713945e-02
-5.254999999999999893e+00,3.704449827899515546e-02,3.768785416688712891e-02
-5.252500000000000391e+00,3.688027509507871282e-02,3.748326409043740981e-02
-5.250000000000000000e+00,3.671720097195561860e-02,3.727867401398739927e-02
-5.247500000000000497e+00,3.655526527394783315e-02,3.707328675524514117e-02
-5.245000000000000107e+00,3.639445748647260337e-02,3.686789949650288306e-02
-5.242499999999999716e+00,3.623476721442100285e-02,3.666251223776047924e-02
-5.240000000000000213e+00,3.607618418056145887e-02,3.645712497901822113e-02
-5.237499999999999822e+00,3.591869822396715622e-02,3.625173772027596997e-02
-5.235000000000000320e+00,3.576229929846763689e-02,3.604635046153356615e-02
-5.232499999999999929e+00,3.560697747112401973e-02,3.584096320279130804e-02
-5.230000000000000426e+00,3.545272292072700060e-02,3.563557594404904993e-02
-5.227500000000000036e+00,3.529952593631772995e-02,3.543018868530664611e-02
-5.225000000000000533e+00,3.514737691573114470e-02,3.522480142656453372e-02
-5.222500000000000142e+00,3.499626636416109521e-02,3.503374679770734218e-02
-5.219999999999999751e+00,3.484618489274721870e-02,3.484269216885015064e-02
-5.217500000000000249e+00,3.469712321718300407e-02,3.465163753999322277e-02
-5.214999999999999858e+00,3.454907215634445833e-02,3.446058291113603123e-02
-5.212500000000000355e+00,3.440202263093997126e-02,3.426952828227897846e-02
-5.209999999999999964e+00,3.425596566217949113e-02,3.407847365342191875e-02
-5.207500000000000462e+00,3.411089237046423944e-02,3.388741902456472721e-02
-5.205000000000000071e+00,3.396679397409580609e-02,3.369636439570766751e-02
-5.202499999999999680e+00,3.382366178800409739e-02,3.350530976685060780e-02
-5.200000000000000178e+00,3.368148722249454663e-02,3.331425513799341626e-02
-5.197499999999999787e+00,3.354026178201366393e-02,3.315020943785510626e-02
-5.195000000000000284e+00,3.339997706393300209e-02,3.298616373771680321e-02
-5.192499999999999893e+00,3.326062475735114266e-02,3.282211803757837526e-02
-5.190000000000000391e+00,3.312219664191271701e-02,3.265807233744018323e-02
-5.187500000000000000e+00,3.298468458664591957e-02,3.249402663730176222e-02
-5.185000000000000497e+00,3.284808054881603601e-02,3.232998093716345223e-02
-5.182500000000000107e+00,3.271237657279617295e-02,3.216593523702514223e-02
-5.179999999999999716e+00,3.257756478895495328e-02,3.200188953688671428e-02
-5.177500000000000213e+00,3.244363741255945621e-02,3.183784383674841123e-02
-5.174999999999999822e+00,3.231058674269553233e-02,3.167379813661010124e-02
-5.172500000000000320e+00,3.217840516120228089e-02,3.154444985044003308e-02
-5.169999999999999929e+00,3.204708513162331934e-02,3.141510156427005512e-02
-5.167500000000000426e+00,3.191661919817260357e-02,3.128575327810007717e-02
-5.165000000000000036e+00,3.178699998471533339e-02,3.115640499193000901e-02
-5.162500000000000533e+00,3.165822019376363788e-02,3.102705670576012473e-02
-5.160000000000000142e+00,3.153027260548679073e-02,3.089770841959005657e-02
-5.157499999999999751e+00,3.140315007673572661e-02,3.076836013341998841e-02
-5.155000000000000249e+00,3.127684554008129669e-02,3.063901184725010413e-02
-5.152499999999999858e+00,3.115135200286682851e-02,3.050966356108003597e-02
-5.150000000000000355e+00,3.102666254627375886e-02,3.038031527491005801e-02
-5.147499999999999964e+00,3.090277032440088417e-02,3.028707708859666031e-02
-5.145000000000000462e+00,3.077966856335700302e-02,3.019383890228319670e-02
-5.142500000000000071e+00,3.065735056036581613e-02,3.010060071596979900e-02
-5.139999999999999680e+00,3.053580968288441277e-02,3.000736252965640130e-02
-5.137500000000000178e+00,3.041503936773342145e-02,2.991412434334293768e-02
-5.134999999999999787e+00,3.029503312024049363e-02,2.982088615702954346e-02
-5.132500000000000284e+00,3.017578451339484463e-02,2.972764797071614576e-02
-5.129999999999999893e+00,3.005728718701455165e-02,2.963440978440268214e-02
-5.127500000000000391e+00,2.993953484692518999e-02,2.954117159808935036e-02
-5.125000000000000000e+00,2.982252126415022367e-02,2.944793341177588675e-02
-5.122500000000000497e+00,2.970624027411279677e-02,2.938598441545530598e-02
-5.120000000000000107e+00,2.959068577584846385e-02,2.932403541913472175e-02
-5.117499999999999716e+00,2.947585173122938343e-02,2.926208642281409589e-02
-5.115000000000000213e+00,2.936173216419874291e-02,2.920013742649351166e-02
-5.112499999999999822e+00,2.924832116001689977e-02,2.913818843017293089e-02
-5.110000000000000320e+00,2.913561286451688687e-02,2.907623943385230503e-02
-5.107499999999999929e+00,2.902360148337080475e-02,2.901429043753172080e-02
-5.105000000000000426e+00,2.891228128136677164e-02,2.895234144121114003e-02
-5.102500000000000036e+00,2.880164658169504996e-02,2.889039244489051417e-02
-5.100000000000000533e+00,2.869169176524498030e-02,2.882844344856997504e-02
-5.097500000000000142e+00,2.858241126991090467e-02,2.878794444328913391e-02
-5.094999999999999751e+00,2.847379958990795337e-02,2.874744543800829277e-02
-5.092500000000000249e+00,2.836585127509742843e-02,2.870694643272751062e-02
-5.089999999999999858e+00,2.825856093032123525e-02,2.866644742744666949e-02
-5.087500000000000355e+00,2.815192321474551881e-02,2.862594842216585958e-02
-5.084999999999999964e+00,2.804593284121304972e-02,2.858544941688504967e-02
-5.082500000000000462e+00,2.794058457560510272e-02,2.854495041160420854e-02
-5.080000000000000071e+00,2.783587323621147108e-02,2.850445140632339516e-02
-5.077499999999999680e+00,2.773179369310923778e-02,2.846395240104258526e-02
-5.075000000000000178e+00,2.762834086754986998e-02,2.842345339576174412e-02
-5.072499999999999787e+00,2.752550973135546586e-02,2.839159643474158459e-02
-5.070000000000000284e+00,2.742329530632155177e-02,2.835973947372142853e-02
-5.067499999999999893e+00,2.732169266362969792e-02,2.832788251270124819e-02
-5.065000000000000391e+00,2.722069692326712850e-02,2.829602555168111294e-02
-5.062500000000000000e+00,2.712030325345401657e-02,2.826416859066092913e-02
-5.060000000000000497e+00,2.702050687007941446e-02,2.823231162964077307e-02
-5.057500000000000107e+00,2.692130303614374137e-02,2.820045466862061354e-02
-5.054999999999999716e+00,2.682268706120946242e-02,2.816859770760043319e-02
-5.052500000000000213e+00,2.672465430085878627e-02,2.813674074658027713e-02
-5.049999999999999822e+00,2.662720015615872154e-02,2.810488378556011760e-02
-5.047500000000000320e+00,2.653032007313332885e-02,2.806833286965644547e-02
-5.044999999999999929e+00,2.643400954224279370e-02,2.803178195375279763e-02
-5.042500000000000426e+00,2.633826409786999001e-02,2.799523103784914979e-02
-5.040000000000000036e+00,2.624307931781305614e-02,2.795868012194547420e-02
-5.037500000000000533e+00,2.614845082278535737e-02,2.792212920604185411e-02
-5.035000000000000142e+00,2.605437427592183566e-02,2.788557829013817851e-02
-5.032499999999999751e+00,2.596084538229187846e-02,2.784902737423450639e-02
-5.030000000000000249e+00,2.586785988841880032e-02,2.781247645833088283e-02
-5.027499999999999858e+00,2.577541358180508724e-02,2.777592554242721071e-02
-5.025000000000000355e+00,2.568350229046491989e-02,2.773937462652356287e-02
-5.022499999999999964e+00,2.559212188246162700e-02,2.768663369252187187e-02
-5.020000000000000462e+00,2.550126826545225794e-02,2.763389275852014618e-02
-5.017500000000000071e+00,2.541093738623730405e-02,2.758115182451845518e-02
-5.014999999999999680e+00,2.532112523031728596e-02,2.752841089051676418e-02
-5.012500000000000178e+00,2.523182782145363956e-02,2.747566995651503849e-02
-5.009999999999999787e+00,2.514304122123704049e-02,2.742292902251334749e-02
-5.007500000000000284e+00,2.505476152865989889e-02,2.737018808851165649e-02
-5.004999999999999893e+00,2.496698487969536973e-02,2.731744715450993080e-02
-5.002500000000000391e+00,2.487970744688136615e-02,2.726470622050827797e-02
-5.000000000000000000e+00,2.479292543891005104e-02,2.721196528650654881e-02
-4.997500000000000497e+00,2.470663510022250847e-02,2.713526699996423458e-02
-4.995000000000000107e+00,2.462083271060905992e-02,2.705856871342192035e-02
-4.992499999999999716e+00,2.453551458481426084e-02,2.698187042687955409e-02
-4.990000000000000213e+00,2.445067707214719846e-02,2.690517214033723986e-02
-4.987499999999999822e+00,2.436631655609672667e-02,2.682847385379492564e-02
-4.985000000000000320e+00,2.428242945395175240e-02,2.675177556725255590e-02
-4.982499999999999929e+00,2.419901221642617103e-02,2.667507728071024514e-02
-4.980000000000000426e+00,2.411606132728893667e-02,2.659837899416793092e-02
-4.977500000000000036e+00,2.403357330299819156e-02,2.652168070762556118e-02
-4.975000000000000533e+00,2.395154469234104730e-02,2.644498242108330247e-02
-4.972500000000000142e+00,2.386997207607697777e-02,2.634141172282691845e-02
-4.969999999999999751e+00,2.378885206658637105e-02,2.623784102457053444e-02
-4.967500000000000249e+00,2.370818130752331415e-02,2.613427032631429961e-02
-4.964999999999999858e+00,2.362795647347239875e-02,2.603069962805791560e-02
-4.962500000000000355e+00,2.354817426961078319e-02,2.592712892980160444e-02
-4.959999999999999964e+00,2.346883143137378988e-02,2.582355823154529328e-02
-4.957500000000000462e+00,2.338992472412453061e-02,2.571998753328890927e-02
-4.955000000000000071e+00,2.331145094282842389e-02,2.561641683503260158e-02
-4.952499999999999680e+00,2.323340691173159112e-02,2.551284613677629043e-02
-4.950000000000000178e+00,2.315578948404244108e-02,2.540927543851990641e-02
-4.947499999999999787e+00,2.307859554161851776e-02,2.528100187972714616e-02
-4.945000000000000284e+00,2.300182199465636984e-02,2.515272832093438937e-02
-4.942499999999999893e+00,2.292546578138557334e-02,2.502445476214153891e-02
-4.940000000000000391e+00,2.284952386776686883e-02,2.489618120334886886e-02
-4.937500000000000000e+00,2.277399324719290435e-02,2.476790764455601840e-02
-4.935000000000000497e+00,2.269887094019457444e-02,2.463963408576326161e-02
-4.932500000000000107e+00,2.262415399414924658e-02,2.451136052697050136e-02
-4.929999999999999716e+00,2.254983948299338695e-02,2.438308696817765089e-02
-4.927500000000000213e+00,2.247592450693892963e-02,2.425481340938489411e-02
-4.924999999999999822e+00,2.240240619219244916e-02,2.412653985059213385e-02
-4.922500000000000320e+00,2.232928169067852422e-02,2.398020281059005943e-02
-4.919999999999999929e+00,2.225654817976608843e-02,2.383386577058808908e-02
-4.917500000000000426e+00,2.218420286199796268e-02,2.368752873058611874e-02
-4.915000000000000036e+00,2.211224296482434265e-02,2.354119169058404432e-02
-4.912500000000000533e+00,2.204066574033897857e-02,2.339485465058217806e-02
-4.910000000000000142e+00,2.196946846501860590e-02,2.324851761058010710e-02
-4.907499999999999751e+00,2.189864843946601192e-02,2.310218057057803268e-02
-4.905000000000000249e+00,2.182820298815567675e-02,2.295584353057616642e-02
-4.902499999999999858e+00,2.175812945918282476e-02,2.280950649057409199e-02
-4.900000000000000355e+00,2.168842522401562972e-02,2.266316945057212165e-02
-4.897499999999999964e+00,2.161908767724976879e-02,2.250860785442716783e-02
-4.895000000000000462e+00,2.155011423636695247e-02,2.235404625828210645e-02
-4.892500000000000071e+00,2.148150234149555013e-02,2.219948466213715263e-02
-4.889999999999999680e+00,2.141324945517436920e-02,2.204492306599219881e-02
-4.887500000000000178e+00,2.134535306211943206e-02,2.189036146984713743e-02
-4.884999999999999787e+00,2.127781066899319881e-02,2.173579987370218361e-02
-4.882500000000000284e+00,2.121061980417701318e-02,2.158123827755722979e-02
-4.879999999999999893e+00,2.114377801754607072e-02,2.142667668141216841e-02
-4.877500000000000391e+00,2.107728288024657282e-02,2.127211508526732214e-02
-4.875000000000000000e+00,2.101113198447661368e-02,2.111755348912226077e-02
-4.872500000000000497e+00,2.094532294326884383e-02,2.096616695932751115e-02
-4.870000000000000107e+00,2.087985339027585360e-02,2.081478042953276500e-02
-4.867499999999999716e+00,2.081472097955828701e-02,2.066339389973790783e-02
-4.865000000000000213e+00,2.074992338537544334e-02,2.051200736994316168e-02
-4.862499999999999822e+00,2.068545830197830726e-02,2.036062084014841206e-02
-4.860000000000000320e+00,2.062132344340505269e-02,2.020923431035355489e-02
-4.857499999999999929e+00,2.055751654327879832e-02,2.005784778055880874e-02
-4.855000000000000426e+00,2.049403535460808320e-02,1.990646125076405912e-02
-4.852500000000000036e+00,2.043087764958937194e-02,1.975507472096920542e-02
-4.850000000000000533e+00,2.036804121941216197e-02,1.960368819117456335e-02
-4.847500000000000142e+00,2.030552387406608233e-02,1.946674068453965387e-02
-4.844999999999999751e+00,2.024332344215036897e-02,1.932979317790474091e-02
-4.842500000000000249e+00,2.018143777068582764e-02,1.919284567127002572e-02
-4.839999999999999858e+00,2.011986472492874670e-02,1.905589816463511624e-02
-4.837500000000000355e+00,2.005860218818645430e-02,1.891895065800030390e-02
-4.834999999999999964e+00,1.999764806163647352e-02,1.878200315136548809e-02
-4.832500000000000462e+00,1.993700026414624293e-02,1.864505564473057861e-02
-4.830000000000000071e+00,1.987665673209569606e-02,1.850810813809576627e-02
-4.827499999999999680e+00,1.981661541920195016e-02,1.837116063146095046e-02
-4.825000000000000178e+00,1.975687429634562578e-02,1.823421312482604098e-02
-4.822499999999999787e+00,1.969743135139957399e-02,1.812134239983684281e-02
-4.820000000000000284e+00,1.963828458905936616e-02,1.800847167484764116e-02
-4.817499999999999893e+00,1.957943203067550458e-02,1.789560094985835972e-02
-4.815000000000000391e+00,1.952087171408838084e-02,1.778273022486924135e-02
-4.812500000000000000e+00,1.946260169346399060e-02,1.766985949987995991e-02
-4.810000000000000497e+00,1.940462003913261818e-02,1.755698877489076173e-02
-4.807500000000000107e+00,1.934692483742858279e-02,1.744411804990156356e-02
-4.804999999999999716e+00,1.928951419053205954e-02,1.733124732491228212e-02
-4.802500000000000213e+00,1.923238621631316592e-02,1.721837659992308395e-02
-4.799999999999999822e+00,1.917553904817699204e-02,1.710550587493388230e-02
-4.797500000000000320e+00,1.911897083491087210e-02,1.702360361441938516e-02
-4.794999999999999929e+00,1.906267974053361611e-02,1.694170135390494700e-02
-4.792500000000000426e+00,1.900666394414599752e-02,1.685979909339050883e-02
-4.790000000000000036e+00,1.895092163978309360e-02,1.677789683287601169e-02
-4.787500000000000533e+00,1.889545103626842290e-02,1.669599457236163251e-02
-4.785000000000000142e+00,1.884025035706938037e-02,1.661409231184713536e-02
-4.782499999999999751e+00,1.878531784015507328e-02,1.653219005133263822e-02
-4.780000000000000249e+00,1.873065173785470883e-02,1.645028779081825904e-02
-4.777499999999999858e+00,1.867625031671826807e-02,1.636838553030376189e-02
-4.775000000000000355e+00,1.862211185737872726e-02,1.628648326978932373e-02
-4.772499999999999964e+00,1.856823465441560447e-02,1.623899888282566081e-02
-4.770000000000000462e+00,1.851461701621995651e-02,1.619151449586196320e-02
-4.767500000000000071e+00,1.846125726486140886e-02,1.614403010889829682e-02
-4.764999999999999680e+00,1.840815373595570265e-02,1.609654572193463390e-02
-4.762500000000000178e+00,1.835530477853497891e-02,1.604906133497093629e-02
-4.759999999999999787e+00,1.830270875491847929e-02,1.600157694800726990e-02
-4.757500000000000284e+00,1.825036404058495362e-02,1.595409256104360698e-02
-4.754999999999999893e+00,1.819826902404692373e-02,1.590660817407990937e-02
-4.752500000000000391e+00,1.814642210672571740e-02,1.585912378711627768e-02
-4.750000000000000000e+00,1.809482170282828914e-02,1.581163940015258007e-02
-4.747500000000000497e+00,1.804346623922525872e-02,1.579827581198274544e-02
-4.745000000000000107e+00,1.799235415533020910e-02,1.578491222381291081e-02
-4.742499999999999716e+00,1.794148390298064971e-02,1.577154863564306578e-02
-4.740000000000000213e+00,1.789085394631986792e-02,1.575818504747323115e-02
-4.737499999999999822e+00,1.784046276168026537e-02,1.574482145930339999e-02
-4.735000000000000320e+00,1.779030883746813424e-02,1.573145787113355495e-02
-4.732499999999999929e+00,1.774039067404939093e-02,1.571809428296372033e-02
-4.730000000000000426e+00,1.769070678363678789e-02,1.570473069479388570e-02
-4.727500000000000036e+00,1.764125569017833614e-02,1.569136710662404066e-02
-4.725000000000000533e+00,1.759203592924654322e-02,1.567800351845421644e-02
-4.722500000000000142e+00,1.754304604792978131e-02,1.569474160048736286e-02
-4.719999999999999751e+00,1.749428460472386357e-02,1.571147968252050581e-02
-4.717500000000000249e+00,1.744575016942508452e-02,1.572821776455362794e-02
-4.714999999999999858e+00,1.739744132302490850e-02,1.574495584658677436e-02
-4.712500000000000355e+00,1.734935665760510906e-02,1.576169392861990690e-02
-4.709999999999999964e+00,1.730149477623460844e-02,1.577843201065303944e-02
-4.707500000000000462e+00,1.725385429286680275e-02,1.579517009268618585e-02
-4.705000000000000071e+00,1.720643383223871212e-02,1.581190817471931839e-02
-4.702499999999999680e+00,1.715923202977075873e-02,1.582864625675245093e-02
-4.700000000000000178e+00,1.711224753146771763e-02,1.584538433878559735e-02
-4.697499999999999787e+00,1.706547899382060418e-02,1.588479330385306545e-02
-4.695000000000000284e+00,1.701892508370994594e-02,1.592420226892053356e-02
-4.692499999999999893e+00,1.697258447830989406e-02,1.596361123398802942e-02
-4.690000000000000391e+00,1.692645586499327143e-02,1.600302019905546977e-02
-4.687500000000000000e+00,1.688053794123776583e-02,1.604242916412296216e-02
-4.685000000000000497e+00,1.683482941453292442e-02,1.608183812919043026e-02
-4.682500000000000107e+00,1.678932900228865752e-02,1.612124709425789837e-02
-4.679999999999999716e+00,1.674403543174405110e-02,1.616065605932539423e-02
-4.677500000000000213e+00,1.669894743987745261e-02,1.620006502439286233e-02
-4.674999999999999822e+00,1.665406377331758725e-02,1.623947398946033044e-02
-4.672500000000000320e+00,1.660938318825562476e-02,1.629131047233025806e-02
-4.669999999999999929e+00,1.656490445035789169e-02,1.634314695520014751e-02
-4.667500000000000426e+00,1.652062633467991926e-02,1.639498343807003697e-02
-4.665000000000000036e+00,1.647654762558074804e-02,1.644681992093996112e-02
-4.662500000000000533e+00,1.643266711663920673e-02,1.649865640380981588e-02
-4.660000000000000142e+00,1.638898361056982667e-02,1.655049288667974003e-02
-4.657499999999999751e+00,1.634549591914044239e-02,1.660232936954966765e-02
-4.655000000000000249e+00,1.630220286309063196e-02,1.665416585241951894e-02
-4.652499999999999858e+00,1.625910327205063594e-02,1.670600233528944656e-02
-4.650000000000000355e+00,1.621619598446114377e-02,1.675783881815933601e-02
-4.647499999999999964e+00,1.617347984749465534e-02,1.680996641601505137e-02
-4.645000000000000462e+00,1.613095371697634631e-02,1.686209401387080489e-02
-4.642500000000000071e+00,1.608861645730703255e-02,1.691422161172652372e-02
-4.639999999999999680e+00,1.604646694138636698e-02,1.696634920958223908e-02
-4.637500000000000178e+00,1.600450405053654296e-02,1.701847680743799260e-02
-4.634999999999999787e+00,1.596272667442743404e-02,1.707060440529371143e-02
-4.632500000000000284e+00,1.592113371100212921e-02,1.712273200314942678e-02
-4.629999999999999893e+00,1.587972406640310655e-02,1.717485960100518030e-02
-4.627500000000000391e+00,1.583849665489965239e-02,1.722698719886086097e-02
-4.625000000000000000e+00,1.579745039881544008e-02,1.727911479671661449e-02
-4.622500000000000497e+00,1.575658422845744103e-02,1.731875532629977010e-02
-4.620000000000000107e+00,1.571589708204502653e-02,1.735839585588292919e-02
-4.617499999999999716e+00,1.567538790564014517e-02,1.739803638546611603e-02
-4.615000000000000213e+00,1.563505565307811776e-02,1.743767691504927164e-02
-4.612499999999999822e+00,1.559489928589919208e-02,1.747731744463242726e-02
-4.610000000000000320e+00,1.555491777328061632e-02,1.751695797421561410e-02
-4.607499999999999929e+00,1.551511009196964927e-02,1.755659850379877318e-02
-4.605000000000000426e+00,1.547547522621693650e-02,1.759623903338192880e-02
-4.602500000000000036e+00,1.543601216771112346e-02,1.763587956296511564e-02
-4.600000000000000533e+00,1.539671991551340609e-02,1.767552009254824349e-02
-4.597500000000000142e+00,1.535759747599322114e-02,1.769077102748660077e-02
-4.594999999999999751e+00,1.531864386276464776e-02,1.770602196242495804e-02
-4.592500000000000249e+00,1.527985809662296690e-02,1.772127289736329103e-02
-4.589999999999999858e+00,1.524123920548259813e-02,1.773652383230164831e-02
-4.587500000000000355e+00,1.520278622431472416e-02,1.775177476723999517e-02
-4.584999999999999964e+00,1.516449819508649231e-02,1.776702570217834204e-02
-4.582500000000000462e+00,1.512637416670023841e-02,1.778227663711669931e-02
-4.580000000000000071e+00,1.508841319493346884e-02,1.779752757205504271e-02
-4.577499999999999680e+00,1.505061434237928673e-02,1.781277850699338958e-02
-4.575000000000000178e+00,1.501297667838803751e-02,1.782802944193174685e-02
-4.572499999999999787e+00,1.497549927900868223e-02,1.780947498051582006e-02
-4.570000000000000284e+00,1.493818122693120996e-02,1.779092051909989328e-02
-4.567499999999999893e+00,1.490102161142976833e-02,1.777236605768395261e-02
-4.565000000000000391e+00,1.486401952830587216e-02,1.775381159626803623e-02
-4.562500000000000000e+00,1.482717407983286627e-02,1.773525713485209904e-02
-4.560000000000000497e+00,1.479048437470014028e-02,1.771670267343616878e-02
-4.557500000000000107e+00,1.475394952795857674e-02,1.769814821202024199e-02
-4.554999999999999716e+00,1.471756866096606865e-02,1.767959375060430133e-02
-4.552500000000000213e+00,1.468134090133403104e-02,1.766103928918837454e-02
-4.549999999999999822e+00,1.464526538287376674e-02,1.764248482777244775e-02
-4.547500000000000320e+00,1.460934124554442125e-02,1.758463925436398734e-02
-4.544999999999999929e+00,1.457356763539994181e-02,1.752679368095556856e-02
-4.542500000000000426e+00,1.453794370453840266e-02,1.746894810754714977e-02
-4.540000000000000036e+00,1.450246861104994255e-02,1.741110253413869283e-02
-4.537500000000000533e+00,1.446714151896668493e-02,1.735325696073031221e-02
-4.535000000000000142e+00,1.443196159821239985e-02,1.729541138732185526e-02
-4.532499999999999751e+00,1.439692802455300874e-02,1.723756581391339485e-02
-4.530000000000000249e+00,1.436203997954706157e-02,1.717972024050501770e-02
-4.527499999999999858e+00,1.432729665049737623e-02,1.712187466709655728e-02
-4.525000000000000355e+00,1.429269723040260155e-02,1.706402909368813850e-02
-4.522499999999999964e+00,1.425824091790969111e-02,1.696632858711159125e-02
-4.520000000000000462e+00,1.422392691726640651e-02,1.686862808053497462e-02
-4.517500000000000071e+00,1.418975443827447461e-02,1.677092757395842737e-02
-4.514999999999999680e+00,1.415572269624352369e-02,1.667322706738188012e-02
-4.512500000000000178e+00,1.412183091194480801e-02,1.657552656080526349e-02
-4.509999999999999787e+00,1.408807831156590196e-02,1.647782605422871277e-02
-4.507500000000000284e+00,1.405446412666569445e-02,1.638012554765216552e-02
-4.504999999999999893e+00,1.402098759412946476e-02,1.628242504107554889e-02
-4.502500000000000391e+00,1.398764795612521782e-02,1.618472453449907103e-02
-4.500000000000000000e+00,1.395444446005972977e-02,1.608702402792245439e-02
-4.497500000000000497e+00,1.392137635853496827e-02,1.595415012302539917e-02
-4.495000000000000107e+00,1.388844290930539051e-02,1.582127621812834048e-02
-4.492499999999999716e+00,1.385564337523556913e-02,1.568840231323118811e-02
-4.490000000000000213e+00,1.382297702425792571e-02,1.555552840833413289e-02
-4.487499999999999822e+00,1.379044312933099675e-02,1.542265450343707593e-02
-4.485000000000000320e+00,1.375804096839822882e-02,1.528978059853992530e-02
-4.482499999999999929e+00,1.372576982434707028e-02,1.515690669364286834e-02
-4.480000000000000426e+00,1.369362898496864767e-02,1.502403278874581138e-02
-4.477500000000000036e+00,1.366161774291714363e-02,1.489115888384865902e-02
-4.475000000000000533e+00,1.362973539567053846e-02,1.475828497895169747e-02
-4.472500000000000142e+00,1.359798124549098201e-02,1.459974434883778809e-02
-4.469999999999999751e+00,1.356635459938604522e-02,1.444120371872388044e-02
-4.467500000000000249e+00,1.353485476906961769e-02,1.428266308861019657e-02
-4.464999999999999858e+00,1.350348107092426593e-02,1.412412245849628892e-02
-4.462500000000000355e+00,1.347223282596288034e-02,1.396558182838249229e-02
-4.459999999999999964e+00,1.344110935979140470e-02,1.380704119826869566e-02
-4.457500000000000462e+00,1.341011000257134184e-02,1.364850056815478802e-02
-4.455000000000000071e+00,1.337923408898313536e-02,1.348995993804099139e-02
-4.452499999999999680e+00,1.334848095818981853e-02,1.333141930792719650e-02
-4.450000000000000178e+00,1.331784995380048443e-02,1.317287867781328711e-02
-4.447499999999999787e+00,1.328734042383482999e-02,1.300193063778700038e-02
-4.445000000000000284e+00,1.325695172068730096e-02,1.283098259776071538e-02
-4.442499999999999893e+00,1.322668320109240091e-02,1.266003455773430722e-02
-4.440000000000000391e+00,1.319653422608961513e-02,1.248908651770814192e-02
-4.437500000000000000e+00,1.316650416098880463e-02,1.231813847768173376e-02
-4.435000000000000497e+00,1.313659237533622640e-02,1.214719043765544876e-02
-4.432500000000000107e+00,1.310679824288070276e-02,1.197624239762916203e-02
-4.429999999999999716e+00,1.307712114153989150e-02,1.180529435760275386e-02
-4.427500000000000213e+00,1.304756045336727746e-02,1.163434631757646887e-02
-4.424999999999999822e+00,1.301811556451903940e-02,1.146339827755018213e-02
-4.422500000000000320e+00,1.298878586522156375e-02,1.129555144173453006e-02
-4.419999999999999929e+00,1.295957074973912333e-02,1.112770460591899595e-02
-4.417500000000000426e+00,1.293046961634173979e-02,1.095985777010346357e-02
-4.415000000000000036e+00,1.290148186727371228e-02,1.079201093428781150e-02
-4.412500000000000533e+00,1.287260690872192755e-02,1.062416409847239708e-02
-4.410000000000000142e+00,1.284384415078481528e-02,1.045631726265674501e-02
-4.407499999999999751e+00,1.281519300744147875e-02,1.028847042684109120e-02
-4.405000000000000249e+00,1.278665289652111160e-02,1.012062359102567852e-02
-4.402499999999999858e+00,1.275822323967278418e-02,9.952776755210026444e-03
-4.400000000000000355e+00,1.272990346233543631e-02,9.784929919394492331e-03
-4.397499999999999964e+00,1.270169299370780581e-02,9.636275981964832066e-03
-4.395000000000000462e+00,1.267359126671952461e-02,9.487622044535067717e-03
-4.392500000000000071e+00,1.264559771800131266e-02,9.338968107105409186e-03
-4.389999999999999680e+00,1.261771178785654757e-02,9.190314169675748920e-03
-4.387500000000000178e+00,1.258993292023241097e-02,9.041660232245984571e-03
-4.384999999999999787e+00,1.256226056269096891e-02,8.893006294816324306e-03
-4.382500000000000284e+00,1.253469416638209807e-02,8.744352357386665775e-03
-4.379999999999999893e+00,1.250723318601462165e-02,8.595698419956899691e-03
-4.377500000000000391e+00,1.247987707982896669e-02,8.447044482527345244e-03
-4.375000000000000000e+00,1.245262530956998785e-02,8.298390545097580895e-03
-4.372500000000000497e+00,1.242547734045944090e-02,8.183996249752375704e-03
-4.370000000000000107e+00,1.239843264116933901e-02,8.069601954407172248e-03
-4.367499999999999716e+00,1.237149068379525020e-02,7.955207659061885525e-03
-4.365000000000000213e+00,1.234465094382964680e-02,7.840813363716682069e-03
-4.362499999999999822e+00,1.231791290013604934e-02,7.726419068371476878e-03
-4.360000000000000320e+00,1.229127603492280105e-02,7.612024773026191890e-03
-4.357499999999999929e+00,1.226473983371755699e-02,7.497630477680986699e-03
-4.355000000000000426e+00,1.223830378534149048e-02,7.383236182335782376e-03
-4.352500000000000036e+00,1.221196738188438935e-02,7.268841886990496520e-03
-4.350000000000000533e+00,1.218573011867948343e-02,7.154447591645373729e-03
-4.347500000000000142e+00,1.215959149427829622e-02,7.086917474984866412e-03
-4.344999999999999751e+00,1.213355101042659298e-02,7.019387358324359096e-03
-4.342500000000000249e+00,1.210760817203973376e-02,6.951857241663948056e-03
-4.339999999999999858e+00,1.208176248717846880e-02,6.884327125003440739e-03
-4.337500000000000355e+00,1.205601346702492825e-02,6.816797008342981128e-03
-4.334999999999999964e+00,1.203036062585909061e-02,6.749266891682521516e-03
-4.332500000000000462e+00,1.200480348103522693e-02,6.681736775022014199e-03
-4.330000000000000071e+00,1.197934155295844391e-02,6.614206658361555455e-03
-4.327499999999999680e+00,1.195397436506167102e-02,6.546676541701095843e-03
-4.325000000000000178e+00,1.192870144378264247e-02,6.479146425040588526e-03
-4.322499999999999787e+00,1.190352231854135100e-02,6.467358569619049286e-03
-4.320000000000000284e+00,1.187843652171752251e-02,6.455570714197510045e-03
-4.317499999999999893e+00,1.185344358862805425e-02,6.443782858775962130e-03
-4.315000000000000391e+00,1.182854305750521973e-02,6.431995003354430696e-03
-4.312500000000000000e+00,1.180373446947460131e-02,6.420207147932883648e-03
-4.310000000000000497e+00,1.177901736853329169e-02,6.408419292511343540e-03
-4.307500000000000107e+00,1.175439130152851341e-02,6.396631437089804299e-03
-4.304999999999999716e+00,1.172985581813604586e-02,6.384843581668256385e-03
-4.302500000000000213e+00,1.170541047083945366e-02,6.373055726246717144e-03
-4.299999999999999822e+00,1.168105481490857092e-02,6.361267870825177903e-03
-4.297500000000000320e+00,1.165678840837908008e-02,6.409233296191719012e-03
-4.294999999999999929e+00,1.163261081203180447e-02,6.457198721558227161e-03
-4.292500000000000426e+00,1.160852158937219179e-02,6.505164146924734443e-03
-4.290000000000000036e+00,1.158452030661020864e-02,6.553129572291275552e-03
-4.287500000000000533e+00,1.156060653264006852e-02,6.601094997657749007e-03
-4.285000000000000142e+00,1.153677983902038316e-02,6.649060423024290116e-03
-4.282499999999999751e+00,1.151303979995443871e-02,6.697025848390832092e-03
-4.280000000000000249e+00,1.148938599227065406e-02,6.744991273757304680e-03
-4.277499999999999858e+00,1.146581799540314674e-02,6.792956699123846656e-03
-4.275000000000000355e+00,1.144233539137242024e-02,6.840922124490353938e-03
-4.272499999999999964e+00,1.141893776476641913e-02,6.946758963661930561e-03
-4.270000000000000462e+00,1.139562470272150949e-02,7.052595802833583512e-03
-4.267500000000000071e+00,1.137239579490384976e-02,7.158432642005160135e-03
-4.264999999999999680e+00,1.134925063349054471e-02,7.264269481176737625e-03
-4.262500000000000178e+00,1.132618881315168580e-02,7.370106320348389708e-03
-4.259999999999999787e+00,1.130320993103159886e-02,7.475943159519966331e-03
-4.257500000000000284e+00,1.128031358673096257e-02,7.581779998691543822e-03
-4.254999999999999893e+00,1.125749938228883147e-02,7.687616837863195905e-03
-4.252500000000000391e+00,1.123476692216483774e-02,7.793453677034697935e-03
-4.250000000000000000e+00,1.121211581322153691e-02,7.899290516206350019e-03
-4.247500000000000497e+00,1.118954566470676225e-02,8.054425536371867533e-03
-4.245000000000000107e+00,1.116705608823638680e-02,8.209560556537386783e-03
-4.242499999999999716e+00,1.114464669777723814e-02,8.364695576703015320e-03
-4.240000000000000213e+00,1.112231710962975975e-02,8.519830596868532835e-03
-4.237499999999999822e+00,1.110006694241127100e-02,8.674965617034052084e-03
-4.235000000000000320e+00,1.107789581703917496e-02,8.830100637199678887e-03
-4.232499999999999929e+00,1.105580335671416808e-02,8.985235657365198136e-03
-4.230000000000000426e+00,1.103378918690402222e-02,9.140370677530715651e-03
-4.227500000000000036e+00,1.101185293532695210e-02,9.295505697696344188e-03
-4.224999999999999645e+00,1.098999423193550151e-02,9.450640717861885989e-03
-4.222500000000000142e+00,1.096821270890053698e-02,9.639498145734840678e-03
-4.219999999999999751e+00,1.094650800059522762e-02,9.828355573607928941e-03
-4.217500000000000249e+00,1.092487974357905268e-02,1.001721300148075006e-02
-4.214999999999999858e+00,1.090332757658250482e-02,1.020607042935383832e-02
-4.212500000000000355e+00,1.088185114049121383e-02,1.039492785722679301e-02
-4.209999999999999964e+00,1.086045007833055971e-02,1.058378528509974770e-02
-4.207500000000000462e+00,1.083912403525059444e-02,1.077264271297283596e-02
-4.205000000000000071e+00,1.081787265851055432e-02,1.096150014084579065e-02
-4.202499999999999680e+00,1.079669559746411663e-02,1.115035756871874534e-02
-4.200000000000000178e+00,1.077559250354425194e-02,1.133921499659183360e-02
-4.197499999999999787e+00,1.075456303024859873e-02,1.153974705485393340e-02
-4.195000000000000284e+00,1.073360683312467832e-02,1.174027911311603493e-02
-4.192499999999999893e+00,1.071272356975535786e-02,1.194081117137827872e-02
-4.190000000000000391e+00,1.069191289974448511e-02,1.214134322964023627e-02
-4.187500000000000000e+00,1.067117448470260820e-02,1.234187528790247831e-02
-4.185000000000000497e+00,1.065050798823242648e-02,1.254240734616457985e-02
-4.182500000000000107e+00,1.062991307591542450e-02,1.274293940442668138e-02
-4.179999999999999716e+00,1.060938941529709738e-02,1.294347146268892343e-02
-4.177500000000000213e+00,1.058893667587374778e-02,1.314400352095102496e-02
-4.174999999999999822e+00,1.056855452907838264e-02,1.334453557921312476e-02
-4.172500000000000320e+00,1.054824264826720315e-02,1.352991892887948390e-02
-4.169999999999999929e+00,1.052800070870616757e-02,1.371530227854571120e-02
-4.167500000000000426e+00,1.050782838755751590e-02,1.390068562821193850e-02
-4.165000000000000036e+00,1.048772536386639517e-02,1.408606897787829763e-02
-4.162499999999999645e+00,1.046769131854789238e-02,1.427145232754452493e-02
-4.160000000000000142e+00,1.044772593437372395e-02,1.445683567721075397e-02
-4.157499999999999751e+00,1.042782889595959654e-02,1.464221902687711310e-02
-4.155000000000000249e+00,1.040799988975194858e-02,1.482760237654320856e-02
-4.152499999999999858e+00,1.038823860401543765e-02,1.501298572620956770e-02
-4.150000000000000355e+00,1.036854472882030483e-02,1.519836907587579500e-02
-4.147499999999999964e+00,1.034891795602966950e-02,1.534000317620035948e-02
-4.145000000000000462e+00,1.032935797928713137e-02,1.548163727652502458e-02
-4.142500000000000071e+00,1.030986449400457354e-02,1.562327137684958907e-02
-4.139999999999999680e+00,1.029043719734979746e-02,1.576490547717415355e-02
-4.137500000000000178e+00,1.027107578823421505e-02,1.590653957749881692e-02
-4.134999999999999787e+00,1.025177996730117745e-02,1.604817367782338314e-02
-4.132500000000000284e+00,1.023254943691352670e-02,1.618980777814794936e-02
-4.129999999999999893e+00,1.021338390114225059e-02,1.633144187847261272e-02
-4.127500000000000391e+00,1.019428306575437260e-02,1.647307597879707486e-02
-4.125000000000000000e+00,1.017524663820134484e-02,1.661471007912174169e-02
-4.122500000000000497e+00,1.015627432760761277e-02,1.668633116767555616e-02
-4.120000000000000107e+00,1.013736584475890927e-02,1.675795225622937062e-02
-4.117499999999999716e+00,1.011852090209112466e-02,1.682957334478323366e-02
-4.115000000000000213e+00,1.009973921367875171e-02,1.690119443333704813e-02
-4.112499999999999822e+00,1.008102049522383546e-02,1.697281552189085913e-02
-4.110000000000000320e+00,1.006236446404481025e-02,1.704443661044472563e-02
-4.107499999999999929e+00,1.004377083906545301e-02,1.711605769899854010e-02
-4.105000000000000426e+00,1.002523934080391810e-02,1.718767878755235110e-02
-4.102500000000000036e+00,1.000676969136202188e-02,1.725929987610621760e-02
-4.099999999999999645e+00,9.988361614414204698e-03,1.733092096465996615e-02
-4.097500000000000142e+00,9.970014835197120798e-03,1.731326841400083680e-02
-4.094999999999999751e+00,9.951729080498867425e-03,1.729561586334169704e-02
-4.092500000000000249e+00,9.933504078648510566e-03,1.727796331268257810e-02
-4.089999999999999858e+00,9.915339559505619363e-03,1.726031076202343834e-02
-4.087500000000000355e+00,9.897235254450076347e-03,1.724265821136430898e-02
-4.084999999999999964e+00,9.879190896371511238e-03,1.722500566070517616e-02
-4.082500000000000462e+00,9.861206219659354039e-03,1.720735311004603640e-02
-4.080000000000000071e+00,9.843280960192620985e-03,1.718970055938690705e-02
-4.077499999999999680e+00,9.825414855330024885e-03,1.717204800872777770e-02
-4.075000000000000178e+00,9.807607643899759337e-03,1.715439545806863447e-02
-4.072499999999999787e+00,9.789859066189824169e-03,1.703954863500031780e-02
-4.070000000000000284e+00,9.772168863938215586e-03,1.692470181193200113e-02
-4.067499999999999893e+00,9.754536780323124975e-03,1.680985498886360119e-02
-4.065000000000000391e+00,9.736962559953290380e-03,1.669500816579536778e-02
-4.062500000000000000e+00,9.719445948858594295e-03,1.658016134272696784e-02
-4.060000000000000497e+00,9.701986694480326662e-03,1.646531451965865117e-02
-4.057500000000000107e+00,9.684584545662009922e-03,1.635046769659033797e-02
-4.054999999999999716e+00,9.667239252639835481e-03,1.623562087352193803e-02
-4.052500000000000213e+00,9.649950567033469678e-03,1.612077405045362136e-02
-4.049999999999999822e+00,9.632718241836934342e-03,1.600592722738530468e-02
-4.047500000000000320e+00,9.615542031409407553e-03,1.580028169549062972e-02
-4.044999999999999929e+00,9.598421691466015732e-03,1.559463616359610220e-02
-4.042500000000000426e+00,9.581356979069163490e-03,1.538899063170157469e-02
-4.040000000000000036e+00,9.564347652619296231e-03,1.518334509980689973e-02
-4.037499999999999645e+00,9.547393471846337548e-03,1.497769956791237221e-02
-4.035000000000000142e+00,9.530494197800573261e-03,1.477205403601784470e-02
-4.032499999999999751e+00,9.513649592844305655e-03,1.456640850412316973e-02
-4.030000000000000249e+00,9.496859420642853739e-03,1.436076297222878793e-02
-4.027499999999999858e+00,9.480123446156205752e-03,1.415511744033411297e-02
-4.025000000000000355e+00,9.463441435630277898e-03,1.394947190843958545e-02
-4.022499999999999964e+00,9.446813156588941551e-03,1.367441671320038243e-02
-4.020000000000000462e+00,9.430238377825016574e-03,1.339936151796098512e-02
-4.017500000000000071e+00,9.413716869392255160e-03,1.312430632272178384e-02
-4.014999999999999680e+00,9.397248402597273634e-03,1.284925112748258082e-02
-4.012500000000000178e+00,9.380832749990821590e-03,1.257419593224318351e-02
-4.009999999999999787e+00,9.364469685360298293e-03,1.229914073700398222e-02
-4.007500000000000284e+00,9.348158983721153656e-03,1.202408554176477920e-02
-4.004999999999999893e+00,9.331900421309094126e-03,1.174903034652538189e-02
-4.002500000000000391e+00,9.315693775572241736e-03,1.147397515128637489e-02
-4.000000000000000000e+00,9.299538825162914982e-03,1.119891995604697758e-02
-3.997500000000000053e+00,9.283435349930284006e-03,1.088862263155595048e-02
-3.995000000000000107e+00,9.267383130912007494e-03,1.057832530706492337e-02
-3.992500000000000160e+00,9.251381950327080411e-03,1.026802798257367595e-02
-3.990000000000000213e+00,9.235431591567842130e-03,9.957730658082648845e-03
-3.987500000000000266e+00,9.219531839192419975e-03,9.647433333591620003e-03
-3.984999999999999876e+00,9.203682478917306342e-03,9.337136009100372586e-03
-3.982499999999999929e+00,9.187883297609859487e-03,9.026838684609345478e-03
-3.979999999999999982e+00,9.172134083280731459e-03,8.716541360118318371e-03
-3.977500000000000036e+00,9.156434625076774816e-03,8.406244035627070954e-03
-3.975000000000000089e+00,9.140784713273387291e-03,8.095946711136043847e-03
-3.972500000000000142e+00,9.125184139267486158e-03,7.792190625315980473e-03
-3.970000000000000195e+00,9.109632695570179031e-03,7.488434539495917100e-03
-3.967500000000000249e+00,9.094130175799892621e-03,7.184678453675853727e-03
-3.965000000000000302e+00,9.078676374674713931e-03,6.880922367855574380e-03
-3.962499999999999911e+00,9.063271088006089743e-03,6.577166282035511007e-03
-3.959999999999999964e+00,9.047914112691074137e-03,6.273410196215447633e-03
-3.957500000000000018e+00,9.032605246705968996e-03,5.969654110395168287e-03
-3.955000000000000071e+00,9.017344289099267149e-03,5.665898024575104913e-03
-3.952500000000000124e+00,9.002131039984484495e-03,5.362141938755041540e-03
-3.950000000000000178e+00,8.986965300534071124e-03,5.058385852934762193e-03
-3.947500000000000231e+00,8.971846872971872208e-03,4.803022022771172642e-03
-3.945000000000000284e+00,8.956775560566997488e-03,4.547658192607582223e-03
-3.942499999999999893e+00,8.941751167627146057e-03,4.292294362443811392e-03
-3.939999999999999947e+00,8.926773499491768085e-03,4.036930532280220973e-03
-3.937500000000000000e+00,8.911842362525708786e-03,3.781566702116631422e-03
-3.935000000000000053e+00,8.896957564112484632e-03,3.526202871953041870e-03
-3.932500000000000107e+00,8.882118912648411316e-03,3.270839041789451885e-03
-3.930000000000000160e+00,8.867326217535441077e-03,3.015475211625680621e-03
-3.927500000000000213e+00,8.852579289175413826e-03,2.760111381462090636e-03
-3.925000000000000266e+00,8.837877938963420096e-03,2.504747551298500650e-03
-3.922499999999999876e+00,8.823221979281870020e-03,2.330880438856120732e-03
-3.919999999999999929e+00,8.808611223493825054e-03,2.157013326413864413e-03
-3.917499999999999982e+00,8.794045485937262985e-03,1.983146213971608094e-03
-3.915000000000000036e+00,8.779524581918780879e-03,1.809279101529228176e-03
-3.912500000000000089e+00,8.765048327707530493e-03,1.635411989086971640e-03
-3.910000000000000142e+00,8.750616540529155413e-03,1.461544876644715321e-03
-3.907500000000000195e+00,8.736229038559853097e-03,1.287677764202458785e-03
-3.905000000000000249e+00,8.721885640920344976e-03,1.113810651760202466e-03
-3.902500000000000302e+00,8.707586167670356564e-03,9.399435393178225476e-04
-3.899999999999999911e+00,8.693330439802186838e-03,7.660764268755661200e-04
-3.897499999999999964e+00,8.679118279235282021e-03,6.894687841880258686e-04
-3.895000000000000018e+00,8.664949508810328854e-03,6.128611415004310819e-04
-3.892500000000000071e+00,8.650823952283615004e-03,5.362534988128908305e-04
-3.890000000000000124e+00,8.636741434321248967e-03,4.596458561253505791e-04
-3.887500000000000178e+00,8.622701780493518750e-03,3.830382134377558465e-04
-3.885000000000000231e+00,8.608704817269425755e-03,3.064305707502155952e-04
-3.882500000000000284e+00,8.594750372011072947e-03,2.298229280626752895e-04
-3.879999999999999893e+00,8.580838272967780678e-03,1.532152853750806112e-04
-3.877499999999999947e+00,8.566968349271324862e-03,7.660764268754025139e-05
-3.875000000000000000e+00,8.553140430929783919e-03,0.000000000000000000e+00
-3.872500000000000053e+00,8.539354348822554910e-03,1.226291172074903303e-05
-3.870000000000000107e+00,8.525609934694896100e-03,2.452582344149806606e-05
-3.867500000000000160e+00,8.511907021152400124e-03,3.678873516225581337e-05
-3.865000000000000213e+00,8.498245441656022275e-03,4.905164688300484640e-05
-3.862500000000000266e+00,8.484625030516812147e-03,6.131455860375388620e-05
-3.859999999999999876e+00,8.471045622890107513e-03,7.357747032451162673e-05
-3.857499999999999929e+00,8.457507054771435176e-03,8.584038204526066654e-05
-3.854999999999999982e+00,8.444009162990210454e-03,9.810329376600969279e-05
-3.852500000000000036e+00,8.430551785205572107e-03,1.103662054867674469e-04
-3.850000000000000089e+00,8.417134759900713262e-03,1.226291172075164731e-04
-3.847500000000000142e+00,8.403757926378100512e-03,2.432206128233958082e-04
-3.845000000000000195e+00,8.390421124754458837e-03,3.638121084392751162e-04
-3.842500000000000249e+00,8.377124195955784267e-03,4.844036040551544242e-04
-3.839999999999999858e+00,8.363866981712517884e-03,6.049950996711194384e-04
-3.837499999999999911e+00,8.350649324554414513e-03,7.255865952869986922e-04
-3.834999999999999964e+00,8.337471067806091415e-03,8.461780909028780544e-04
-3.832500000000000018e+00,8.324332055581707898e-03,9.667695865188430685e-04
-3.830000000000000071e+00,8.311232132780572990e-03,1.087361082134722431e-03
-3.827500000000000124e+00,8.298171145082185868e-03,1.207952577750601685e-03
-3.825000000000000178e+00,8.285148938941697822e-03,1.328544073366566807e-03
-3.822500000000000231e+00,8.272165361585084517e-03,1.549312498240779318e-03
-3.820000000000000284e+00,8.259220261004413671e-03,1.770080923114992046e-03
-3.817499999999999893e+00,8.246313485953516917e-03,1.990849347989361549e-03
-3.814999999999999947e+00,8.233444885943177680e-03,2.211617772863574277e-03
-3.812500000000000000e+00,8.220614311236594876e-03,2.432386197737786571e-03
-3.810000000000000053e+00,8.207821612844889980e-03,2.653154622611999299e-03
-3.807500000000000107e+00,8.195066642522712969e-03,2.873923047486211593e-03
-3.805000000000000160e+00,8.182349252763442340e-03,3.094691472360581314e-03
-3.802500000000000213e+00,8.169669296795460667e-03,3.315459897234794041e-03
-3.800000000000000266e+00,8.157026628576841132e-03,3.536228322109006336e-03
-3.797499999999999876e+00,8.144421102791706349e-03,3.825695073306515856e-03
-3.794999999999999929e+00,8.131852574845659098e-03,4.115161824503819378e-03
-3.792499999999999982e+00,8.119320900861199189e-03,4.404628575701122900e-03
-3.790000000000000036e+00,8.106825937674073598e-03,4.694095326898631987e-03
-3.787500000000000089e+00,8.094367542828370676e-03,4.983562078095936376e-03
-3.785000000000000142e+00,8.081945574572566710e-03,5.273028829293239031e-03
-3.782500000000000195e+00,8.069559891855610650e-03,5.562495580490543420e-03
-3.780000000000000249e+00,8.057210354322391285e-03,5.851962331687846075e-03
-3.777499999999999858e+00,8.044896822309624204e-03,6.141429082885356029e-03
-3.774999999999999911e+00,8.032619156842146432e-03,6.430895834082659551e-03
-3.772499999999999964e+00,8.020377219628239615e-03,6.741959086458548280e-03
-3.770000000000000018e+00,8.008170873056136285e-03,7.053022338834658185e-03
-3.767500000000000071e+00,7.995999980189700401e-03,7.364085591210546913e-03
-3.765000000000000124e+00,7.983864404764421871e-03,7.675148843586436509e-03
-3.762500000000000178e+00,7.971764011183907206e-03,7.986212095962546414e-03
-3.760000000000000231e+00,7.959698664515010152e-03,8.297275348338434275e-03
-3.757500000000000284e+00,7.947668230485054400e-03,8.608338600714323871e-03
-3.754999999999999893e+00,7.935672575477125540e-03,8.919401853090433777e-03
-3.752499999999999947e+00,7.923711566526499273e-03,9.230465105466323372e-03
-3.750000000000000000e+00,7.911785071317021037e-03,9.541528357842211233e-03
-3.747500000000000053e+00,7.899892958176741448e-03,9.821327049482766330e-03
-3.745000000000000107e+00,7.888035096074807670e-03,1.010112574112332143e-02
-3.742500000000000160e+00,7.876211354617346921e-03,1.038092443276407602e-02
-3.740000000000000213e+00,7.864421604043669162e-03,1.066072312440463112e-02
-3.737500000000000266e+00,7.852665715222865300e-03,1.094052181604518621e-02
-3.734999999999999876e+00,7.840943559649813863e-03,1.122032050768594080e-02
-3.732499999999999929e+00,7.829255009441881547e-03,1.150011919932649590e-02
-3.729999999999999982e+00,7.817599937335047849e-03,1.177991789096705100e-02
-3.727500000000000036e+00,7.805978216680252608e-03,1.205971658260780559e-02
-3.725000000000000089e+00,7.794389721440002014e-03,1.233951527424836069e-02
-3.722500000000000142e+00,7.782834326184889621e-03,1.253979161794078340e-02
-3.720000000000000195e+00,7.771311906089786031e-03,1.274006796163320437e-02
-3.717500000000000249e+00,7.759822336930581078e-03,1.294034430532562709e-02
-3.714999999999999858e+00,7.748365495080601628e-03,1.314062064901819031e-02
-3.712499999999999911e+00,7.736941257507130854e-03,1.334089699271061302e-02
-3.709999999999999964e+00,7.725549501768170374e-03,1.354117333640303573e-02
-3.707500000000000018e+00,7.714190106008655089e-03,1.374144968009559896e-02
-3.705000000000000071e+00,7.702862948957405267e-03,1.394172602378802167e-02
-3.702500000000000124e+00,7.691567909923755983e-03,1.414200236748044265e-02
-3.700000000000000178e+00,7.680304868794004397e-03,1.434227871117300761e-02
-3.697500000000000231e+00,7.669073706028259503e-03,1.442848792729769548e-02
-3.695000000000000284e+00,7.657874302657081099e-03,1.451469714342238163e-02
-3.692499999999999893e+00,7.646706540278188149e-03,1.460090635954713022e-02
-3.689999999999999947e+00,7.635570301053397867e-03,1.468711557567181636e-02
-3.687500000000000000e+00,7.624465467705068659e-03,1.477332479179650424e-02
-3.685000000000000053e+00,7.613391923513014928e-03,1.485953400792119211e-02
-3.682500000000000107e+00,7.602349552311651708e-03,1.494574322404587825e-02
-3.680000000000000160e+00,7.591338238486382978e-03,1.503195244017062684e-02
-3.677500000000000213e+00,7.580357866970522523e-03,1.511816165629531299e-02
-3.675000000000000266e+00,7.569408323242513177e-03,1.520437087242000086e-02
-3.672499999999999876e+00,7.558489493322459105e-03,1.516202048184517488e-02
-3.669999999999999929e+00,7.547601263769150755e-03,1.511967009127038013e-02
-3.667499999999999982e+00,7.536743521677165270e-03,1.507731970069558364e-02
-3.665000000000000036e+00,7.525916154673538416e-03,1.503496931012075939e-02
-3.662500000000000089e+00,7.515119050914901427e-03,1.499261891954596290e-02
-3.660000000000000142e+00,7.504352099084744473e-03,1.495026852897116815e-02
-3.657500000000000195e+00,7.493615188389752060e-03,1.490791813839637339e-02
-3.655000000000000249e+00,7.482908208557527072e-03,1.486556774782157690e-02
-3.652499999999999858e+00,7.472231049833476073e-03,1.482321735724675092e-02
-3.649999999999999911e+00,7.461583602977532419e-03,1.478086696667195617e-02
-3.647499999999999964e+00,7.450965759261690344e-03,1.461807206432858171e-02
-3.645000000000000018e+00,7.440377410466800061e-03,1.445527716198509102e-02
-3.642500000000000071e+00,7.429818448880144352e-03,1.429248225964171483e-02
-3.640000000000000124e+00,7.419288767291974326e-03,1.412968735729834037e-02
-3.637500000000000178e+00,7.408788258993190094e-03,1.396689245495484968e-02
-3.635000000000000231e+00,7.398316817772350104e-03,1.380409755261147349e-02
-3.632500000000000284e+00,7.387874337912758542e-03,1.364130265026809903e-02
-3.629999999999999893e+00,7.377460714190100903e-03,1.347850774792460835e-02
-3.627499999999999947e+00,7.367075841869145415e-03,1.331571284558123389e-02
-3.625000000000000000e+00,7.356719616701239833e-03,1.315291794323785769e-02
-3.622500000000000053e+00,7.346391934921847264e-03,1.289883149873690370e-02
-3.620000000000000107e+00,7.336092693247554634e-03,1.264474505423594970e-02
-3.617500000000000160e+00,7.325821788873428109e-03,1.239065860973481530e-02
-3.615000000000000213e+00,7.315579119470358091e-03,1.213657216523386130e-02
-3.612500000000000266e+00,7.305364583182563827e-03,1.188248572073290904e-02
-3.609999999999999876e+00,7.295178078624699018e-03,1.162839927623177463e-02
-3.607499999999999929e+00,7.285019504879429279e-03,1.137431283173082064e-02
-3.604999999999999982e+00,7.274888761494813574e-03,1.112022638722986664e-02
-3.602500000000000036e+00,7.264785748481678712e-03,1.086613994272873224e-02
-3.600000000000000089e+00,7.254710366311090119e-03,1.061205349822777824e-02
-3.597500000000000142e+00,7.244662515911763634e-03,1.031154515983864067e-02
-3.595000000000000195e+00,7.234642098667609135e-03,1.001103682144950310e-02
-3.592500000000000249e+00,7.224649016415190909e-03,9.710528483060365534e-03
-3.589999999999999858e+00,7.214683171441115157e-03,9.410020144671014594e-03
-3.587499999999999911e+00,7.204744466479736688e-03,9.109511806281877025e-03
-3.584999999999999964e+00,7.194832804710533415e-03,8.809003467892739456e-03
-3.582500000000000018e+00,7.184948089755872035e-03,8.508495129503388515e-03
-3.580000000000000071e+00,7.175090225678228996e-03,8.207986791114250946e-03
-3.577500000000000124e+00,7.165259116978159142e-03,7.907478452725113377e-03
-3.575000000000000178e+00,7.155454668591675407e-03,7.606970114335761569e-03
-3.572500000000000231e+00,7.145676785887836689e-03,7.312557682145432066e-03
-3.570000000000000284e+00,7.135925374666502244e-03,7.018145249955101694e-03
-3.567499999999999893e+00,7.126200341155892667e-03,6.723732817764563156e-03
-3.564999999999999947e+00,7.116501592010191640e-03,6.429320385574233652e-03
-3.562500000000000000e+00,7.106829034307474667e-03,6.134907953383903281e-03
-3.560000000000000053e+00,7.097182575547113931e-03,5.840495521193573777e-03
-3.557500000000000107e+00,7.087562123647505805e-03,5.546083089003244274e-03
-3.555000000000000160e+00,7.077967586944095002e-03,5.251670656812704868e-03
-3.552500000000000213e+00,7.068398874186672745e-03,4.957258224622375364e-03
-3.550000000000000266e+00,7.058855894537562244e-03,4.662845792432045861e-03
-3.547499999999999876e+00,7.049338557568962833e-03,4.425328074733995976e-03
-3.544999999999999929e+00,7.039846773260913411e-03,4.187810357036115226e-03
-3.542499999999999982e+00,7.030380451999188214e-03,3.950292639338234477e-03
-3.540000000000000036e+00,7.020939504573088519e-03,3.712774921640184158e-03
-3.537500000000000089e+00,7.011523842172957648e-03,3.475257203942302975e-03
-3.535000000000000142e+00,7.002133376388287520e-03,3.237739486244422225e-03
-3.532500000000000195e+00,6.992768019205660400e-03,3.000221768546541042e-03
-3.530000000000000249e+00,6.983427683006361922e-03,2.762704050848659859e-03
-3.527499999999999858e+00,6.974112280564196201e-03,2.525186333150610408e-03
-3.524999999999999911e+00,6.964821725043736367e-03,2.287668615452729225e-03
-3.522499999999999964e+00,6.955555929997895084e-03,2.147102074174193822e-03
-3.520000000000000018e+00,6.946314809366091816e-03,2.006535532895558239e-03
-3.517500000000000071e+00,6.937098277471704516e-03,1.865968991617022836e-03
-3.515000000000000124e+00,6.927906249020740828e-03,1.725402450338487433e-03
-3.512500000000000178e+00,6.918738639099137992e-03,1.584835909059852067e-03
-3.510000000000000231e+00,6.909595363171110519e-03,1.444269367781316447e-03
-3.507500000000000284e+00,6.900476337076898517e-03,1.303702826502781045e-03
-3.504999999999999893e+00,6.891381477030902002e-03,1.163136285224145678e-03
-3.502499999999999947e+00,6.882310699619576672e-03,1.022569743945610276e-03
-3.500000000000000000e+00,6.873263921799629798e-03,8.820032026670745475e-04
-3.497500000000000053e+00,6.864241060895866567e-03,8.605867930533358818e-04
-3.495000000000000107e+00,6.855242034599161316e-03,8.391703834395972160e-04
-3.492500000000000160e+00,6.846266760964870267e-03,8.177539738258433714e-04
-3.490000000000000213e+00,6.837315158410578117e-03,7.963375642121047057e-04
-3.487500000000000266e+00,6.828387145714175967e-03,7.749211545983660399e-04
-3.484999999999999876e+00,6.819482642012081493e-03,7.535047449846121953e-04
-3.482499999999999929e+00,6.810601566797284782e-03,7.320883353708735296e-04
-3.479999999999999982e+00,6.801743839917575446e-03,7.106719257571348638e-04
-3.477500000000000036e+00,6.792909381573319569e-03,6.892555161433810192e-04
-3.475000000000000089e+00,6.784098112316071065e-03,6.678391065296423535e-04
-3.472500000000000142e+00,6.775309953046375518e-03,7.659435557400030023e-04
-3.470000000000000195e+00,6.766544825011969536e-03,8.640480049503636512e-04
-3.467500000000000249e+00,6.757802649806089398e-03,9.621524541607243000e-04
-3.464999999999999858e+00,6.749083349365609698e-03,1.060256903371154663e-03
-3.462499999999999911e+00,6.740386845969057079e-03,1.158361352581515312e-03
-3.459999999999999964e+00,6.731713062235218994e-03,1.256465801791875961e-03
-3.457500000000000018e+00,6.723061921120744577e-03,1.354570251002306432e-03
-3.455000000000000071e+00,6.714433345918875695e-03,1.452674700212667081e-03
-3.452500000000000124e+00,6.705827260257695745e-03,1.550779149423027730e-03
-3.450000000000000178e+00,6.697243588098089617e-03,1.648883598633457768e-03
-3.447500000000000231e+00,6.688682253731935250e-03,1.844939365834785076e-03
-3.445000000000000284e+00,6.680143181780714978e-03,2.040995133036111950e-03
-3.442499999999999893e+00,6.671626297193734845e-03,2.237050900237578903e-03
-3.439999999999999947e+00,6.663131525246209462e-03,2.433106667438905777e-03
-3.437500000000000000e+00,6.654658791537562852e-03,2.629162434640233085e-03
-3.435000000000000053e+00,6.646208021990012045e-03,2.825218201841559959e-03
-3.432500000000000107e+00,6.637779142846736945e-03,3.021273969042887267e-03
-3.430000000000000160e+00,6.629372080670035451e-03,3.217329736244354220e-03
-3.427500000000000213e+00,6.620986762339908793e-03,3.413385503445681094e-03
-3.425000000000000266e+00,6.612623115052282570e-03,3.609441270647008402e-03
-3.422499999999999876e+00,6.604281066317441162e-03,3.863763438658056586e-03
-3.419999999999999929e+00,6.595960543958480360e-03,4.118085606668923926e-03
-3.417499999999999982e+00,6.587661476109334113e-03,4.372407774679791699e-03
-3.415000000000000036e+00,6.579383791213521196e-03,4.626729942690839884e-03
-3.412500000000000089e+00,6.571127418022671557e-03,4.881052110701706789e-03
-3.410000000000000142e+00,6.562892285594186179e-03,5.135374278712574563e-03
-3.407500000000000195e+00,6.554678323290671557e-03,5.389696446723442336e-03
-3.405000000000000249e+00,6.546485460777546651e-03,5.644018614734309242e-03
-3.402499999999999858e+00,6.538313628022032406e-03,5.898340782745358293e-03
-3.399999999999999911e+00,6.530162755291135136e-03,6.152662950756225199e-03
-3.397499999999999964e+00,6.522032773150475589e-03,6.414632608532561120e-03
-3.395000000000000018e+00,6.513923612462554219e-03,6.676602266309083523e-03
-3.392500000000000071e+00,6.505835204385314839e-03,6.938571924085419444e-03
-3.390000000000000124e+00,6.497767480370687451e-03,7.200541581861755365e-03
-3.387500000000000178e+00,6.489720372162958474e-03,7.462511239638276901e-03
-3.385000000000000231e+00,6.481693811797234646e-03,7.724480897414613689e-03
-3.382500000000000284e+00,6.473687731597991928e-03,7.986450555190949610e-03
-3.379999999999999893e+00,6.465702064177919310e-03,8.248420212967471146e-03
-3.377499999999999947e+00,6.457736742435849289e-03,8.510389870743807067e-03
-3.375000000000000000e+00,6.449791699555893973e-03,8.772359528520142988e-03
-3.372500000000000053e+00,6.441866869005467497e-03,8.989792036721924035e-03
-3.370000000000000107e+00,6.433962184534335396e-03,9.207224544923706816e-03
-3.367500000000000160e+00,6.426077580172748042e-03,9.424657053125642253e-03
-3.365000000000000213e+00,6.418212990230320880e-03,9.642089561327425035e-03
-3.362500000000000266e+00,6.410368349294369092e-03,9.859522069529206081e-03
-3.359999999999999876e+00,6.402543592228849417e-03,1.007695457773114152e-02
-3.357499999999999929e+00,6.394738654172577724e-03,1.029438708593292430e-02
-3.354999999999999982e+00,6.386953470537871588e-03,1.051181959413470535e-02
-3.352500000000000036e+00,6.379187977009540683e-03,1.072925210233664252e-02
-3.350000000000000089e+00,6.371442109543407062e-03,1.094668461053842357e-02
-3.347500000000000142e+00,6.363715804364174916e-03,1.107578063259069892e-02
-3.345000000000000195e+00,6.356008997965192919e-03,1.120487665464297601e-02
-3.342500000000000249e+00,6.348321627106676135e-03,1.133397267669525137e-02
-3.339999999999999858e+00,6.340653628813756187e-03,1.146306869874762040e-02
-3.337499999999999911e+00,6.333004940376061459e-03,1.159216472079989575e-02
-3.334999999999999964e+00,6.325375499346182727e-03,1.172126074285217284e-02
-3.332500000000000018e+00,6.317765243537715528e-03,1.185035676490454014e-02
-3.330000000000000071e+00,6.310174111024551523e-03,1.197945278695681549e-02
-3.327500000000000124e+00,6.302602040139455158e-03,1.210854880900909258e-02
-3.325000000000000178e+00,6.295048969472943033e-03,1.223764483106145988e-02
-3.322500000000000231e+00,6.287514837871385244e-03,1.225171158166116735e-02
-3.320000000000000284e+00,6.279999584436589052e-03,1.226577833226087481e-02
-3.317499999999999893e+00,6.272503148523496906e-03,1.227984508286059269e-02
-3.314999999999999947e+00,6.265025469739944446e-03,1.229391183346030016e-02
-3.312500000000000000e+00,6.257566487944941393e-03,1.230797858406000762e-02
-3.310000000000000053e+00,6.250126143247017492e-03,1.232204533465971509e-02
-3.307500000000000107e+00,6.242704376003869494e-03,1.233611208525942256e-02
-3.305000000000000160e+00,6.235301126819985454e-03,1.235017883585914043e-02
-3.302500000000000213e+00,6.227916336546884986e-03,1.236424558645884790e-02
-3.300000000000000266e+00,6.220549946280282995e-03,1.237831233705855537e-02
-3.297499999999999876e+00,6.213201897360431415e-03,1.227351031156091038e-02
-3.294999999999999929e+00,6.205872131369351459e-03,1.216870828606334172e-02
-3.292499999999999982e+00,6.198560590131119846e-03,1.206390626056577133e-02
-3.290000000000000036e+00,6.191267215709442794e-03,1.195910423506812807e-02
-3.287500000000000089e+00,6.183991950407242283e-03,1.185430220957055768e-02
-3.285000000000000142e+00,6.176734736765417469e-03,1.174950018407298728e-02
-3.282500000000000195e+00,6.169495517561117762e-03,1.164469815857541862e-02
-3.280000000000000249e+00,6.162274235806980416e-03,1.153989613307784823e-02
-3.277499999999999858e+00,6.155070834750415824e-03,1.143509410758020498e-02
-3.274999999999999911e+00,6.147885257871364521e-03,1.133029208208263458e-02
-3.272499999999999964e+00,6.140717448881990136e-03,1.112702540050446165e-02
-3.270000000000000018e+00,6.133567351725565699e-03,1.092375871892614474e-02
-3.267500000000000071e+00,6.126434910574686879e-03,1.072049203734797181e-02
-3.265000000000000124e+00,6.119320069830687381e-03,1.051722535576979888e-02
-3.262500000000000178e+00,6.112222774122336166e-03,1.031395867419148196e-02
-3.260000000000000231e+00,6.105142968305000452e-03,1.011069199261330903e-02
-3.257500000000000284e+00,6.098080597458879759e-03,9.907425311035137835e-03
-3.254999999999999893e+00,6.091035606888585245e-03,9.704158629456820923e-03
-3.252499999999999947e+00,6.084007942121720698e-03,9.500891947878647992e-03
-3.250000000000000000e+00,6.076997548908108851e-03,9.297625266300475061e-03
-3.247500000000000053e+00,6.070004373217727928e-03,9.036827617982155780e-03
-3.245000000000000107e+00,6.063028361241114099e-03,8.776029969663836500e-03
-3.242500000000000160e+00,6.056069459387005728e-03,8.515232321345331604e-03
-3.240000000000000213e+00,6.049127614282390208e-03,8.254434673027010588e-03
-3.237500000000000266e+00,6.042202772770147341e-03,7.993637024708691308e-03
-3.234999999999999876e+00,6.035294881909275717e-03,7.732839376390186412e-03
-3.232499999999999929e+00,6.028403888973062584e-03,7.472041728071867131e-03
-3.229999999999999982e+00,6.021529741448256381e-03,7.211244079753547850e-03
-3.227500000000000036e+00,6.014672387033819477e-03,6.950446431435042954e-03
-3.225000000000000089e+00,6.007831773640752090e-03,6.689648783116722806e-03
-3.222500000000000142e+00,6.001007849389722662e-03,6.424046240303464723e-03
-3.220000000000000195e+00,5.994200562611307244e-03,6.158443697490206641e-03
-3.217500000000000249e+00,5.987409861844213144e-03,5.892841154676948558e-03
-3.214999999999999858e+00,5.980635695834385542e-03,5.627238611863501390e-03
-3.212499999999999911e+00,5.973878013534066403e-03,5.361636069050243307e-03
-3.209999999999999964e+00,5.967136764101376410e-03,5.096033526236985224e-03
-3.207500000000000018e+00,5.960411896898244570e-03,4.830430983423538924e-03
-3.205000000000000071e+00,5.953703361490229537e-03,4.564828440610280841e-03
-3.202500000000000124e+00,5.947011107645393778e-03,4.299225897797022758e-03
-3.200000000000000178e+00,5.940335085332823853e-03,4.033623354983575590e-03
-3.197500000000000231e+00,5.933675244722395360e-03,3.814953715972490764e-03
-3.195000000000000284e+00,5.927031536183764195e-03,3.596284076961405937e-03
-3.192499999999999893e+00,5.920403910284589323e-03,3.377614437950165853e-03
-3.189999999999999947e+00,5.913792317790241351e-03,3.158944798939081460e-03
-3.187500000000000000e+00,5.907196709663145064e-03,2.940275159927996634e-03
-3.185000000000000053e+00,5.900617037061066383e-03,2.721605520916911807e-03
-3.182500000000000107e+00,5.894053251336697774e-03,2.502935881905827414e-03
-3.180000000000000160e+00,5.887505304036531537e-03,2.284266242894587330e-03
-3.177500000000000213e+00,5.880973146900089592e-03,2.065596603883502504e-03
-3.175000000000000266e+00,5.874456731858741267e-03,1.846926964872417677e-03
-3.172499999999999876e+00,5.867956011035111753e-03,1.710900792523055002e-03
-3.169999999999999929e+00,5.861470936742130614e-03,1.574874620173789038e-03
-3.167499999999999982e+00,5.855001461481734205e-03,1.438848447824523074e-03
-3.165000000000000036e+00,5.848547537944327919e-03,1.302822275475160399e-03
-3.162500000000000089e+00,5.842109119008080144e-03,1.166796103125894435e-03
-3.160000000000000142e+00,5.835686157737498929e-03,1.030769930776628471e-03
-3.157500000000000195e+00,5.829278607382601916e-03,8.947437584273623982e-04
-3.155000000000000249e+00,5.822886421378918077e-03,7.587175860780963257e-04
-3.152499999999999858e+00,5.816509553345534413e-03,6.226914137287336507e-04
-3.149999999999999911e+00,5.810147957084678752e-03,4.866652413794676324e-04
-3.147499999999999964e+00,5.803801586580773463e-03,4.379987172415312395e-04
-3.145000000000000018e+00,5.797470395999787529e-03,3.893321931035602606e-04
-3.142500000000000071e+00,5.791154339688106382e-03,3.406656689656238678e-04
-3.140000000000000124e+00,5.784853372171883112e-03,2.919991448276875292e-04
-3.137500000000000178e+00,5.778567448156089574e-03,2.433326206897165232e-04
-3.135000000000000231e+00,5.772296522523631679e-03,1.946660965517801574e-04
-3.132500000000000284e+00,5.766040550334634689e-03,1.459995724138437646e-04
-3.129999999999999893e+00,5.759799486825618355e-03,9.733304827587278569e-05
-3.127499999999999947e+00,5.753573287408424858e-03,4.866652413793639284e-05
-3.125000000000000000e+00,5.747361907669870998e-03,0.000000000000000000e+00
-3.122500000000000053e+00,5.741165303370382965e-03,0.000000000000000000e+00
-3.120000000000000107e+00,5.734983430443697100e-03,0.000000000000000000e+00
-3.117500000000000160e+00,5.728816244995445228e-03,0.000000000000000000e+00
-3.115000000000000213e+00,5.722663703302971645e-03,0.000000000000000000e+00
-3.112500000000000266e+00,5.716525761814328713e-03,0.000000000000000000e+00
-3.109999999999999876e+00,5.710402377147272453e-03,0.000000000000000000e+00
-3.107499999999999929e+00,5.704293506088604221e-03,0.000000000000000000e+00
-3.104999999999999982e+00,5.698199105593497633e-03,0.000000000000000000e+00
-3.102500000000000036e+00,5.692119132784548806e-03,0.000000000000000000e+00
-3.100000000000000089e+00,5.686053544951121495e-03,0.000000000000000000e+00
-3.097500000000000142e+00,5.680002299548434636e-03,3.443799851181512418e-05
-3.095000000000000195e+00,5.673965354197200647e-03,6.887599702363024837e-05
-3.092500000000000249e+00,5.667942666682123168e-03,1.033139955354453726e-04
-3.089999999999999858e+00,5.661934194951713170e-03,1.377519940472849726e-04
-3.087499999999999911e+00,5.655939897117464102e-03,1.721899925591000968e-04
-3.084999999999999964e+00,5.649959731452930747e-03,2.066279910709152210e-04
-3.082500000000000018e+00,5.643993656393140289e-03,2.410659895827548210e-04
-3.080000000000000071e+00,5.638041630533819487e-03,2.755039880945699452e-04
-3.077500000000000124e+00,5.632103612630152620e-03,3.099419866063850694e-04
-3.075000000000000178e+00,5.626179561597050363e-03,3.443799851182246423e-04
-3.072500000000000231e+00,5.620269436507752472e-03,4.654689786056709138e-04
-3.070000000000000284e+00,5.614373196593065371e-03,5.865579720931171854e-04
-3.067499999999999893e+00,5.608490801240703823e-03,7.076469655806495425e-04
-3.064999999999999947e+00,5.602622209995060214e-03,8.287359590680958140e-04
-3.062500000000000000e+00,5.596767382555600800e-03,9.498249525555420856e-04
-3.060000000000000053e+00,5.590926278776984538e-03,1.070913946042988465e-03
-3.057500000000000107e+00,5.585098858667795867e-03,1.192002939530434520e-03
-3.055000000000000160e+00,5.579285082390065056e-03,1.313091933017966877e-03
-3.052500000000000213e+00,5.573484910258766009e-03,1.434180926505413366e-03
-3.050000000000000266e+00,5.567698302740602817e-03,1.555269919992859420e-03
-3.047499999999999876e+00,5.561925220453833689e-03,1.767642081840801321e-03
-3.044999999999999929e+00,5.556165624167351547e-03,1.980014243688592301e-03
-3.042499999999999982e+00,5.550419474799795846e-03,2.192386405536383281e-03
-3.040000000000000036e+00,5.544686733419464976e-03,2.404758567384324749e-03
-3.037500000000000089e+00,5.538967361242684746e-03,2.617130729232115729e-03
-3.035000000000000142e+00,5.533261319634347024e-03,2.829502891079906709e-03
-3.032500000000000195e+00,5.527568570106274753e-03,3.041875052927697689e-03
-3.030000000000000249e+00,5.521889074316872412e-03,3.254247214775488235e-03
-3.027499999999999858e+00,5.516222794070500639e-03,3.466619376623430136e-03
-3.024999999999999911e+00,5.510569691316825718e-03,3.678991538471221116e-03
-3.022499999999999964e+00,5.504929728150020733e-03,3.950576619015461199e-03
-3.020000000000000018e+00,5.499302866808262504e-03,4.222161699559894704e-03
-3.017500000000000071e+00,5.493689069673199886e-03,4.493746780104135655e-03
-3.015000000000000124e+00,5.488088299268822738e-03,4.765331860648375738e-03
-3.012500000000000178e+00,5.482500518261382121e-03,5.036916941192809243e-03
-3.010000000000000231e+00,5.476925689458345993e-03,5.308502021737050193e-03
-3.007500000000000284e+00,5.471363775807992422e-03,5.580087102281290276e-03
-3.004999999999999893e+00,5.465814740398776406e-03,5.851672182825723781e-03
-3.002499999999999947e+00,5.460278546458458178e-03,6.123257263369964731e-03
-3.000000000000000000e+00,5.454755157353804833e-03,6.394842343914204814e-03
-2.997500000000000053e+00,5.449244536589650106e-03,6.671823240637871945e-03
-2.995000000000000107e+00,5.443746647808594269e-03,6.948804137361538208e-03
-2.992500000000000160e+00,5.438261454790208754e-03,7.225785034085402229e-03
-2.990000000000000213e+00,5.432788921450216503e-03,7.502765930809068493e-03
-2.987500000000000266e+00,5.427329011840436451e-03,7.779746827532735623e-03
-2.984999999999999876e+00,5.421881690147731421e-03,8.056727724256598777e-03
-2.982499999999999929e+00,5.416446920693298618e-03,8.333708620980265908e-03
-2.979999999999999982e+00,5.411024667932608050e-03,8.610689517703933038e-03
-2.977500000000000036e+00,5.405614896454238524e-03,8.887670414427796192e-03
-2.975000000000000089e+00,5.400217570979849897e-03,9.164651311151463323e-03
-2.972500000000000142e+00,5.394832656362994784e-03,9.388028613885879281e-03
-2.970000000000000195e+00,5.389460117588813250e-03,9.611405916620296974e-03
-2.967500000000000249e+00,5.384099919773649434e-03,9.834783219354712933e-03
-2.964999999999999858e+00,5.378752028164125211e-03,1.005816052208928849e-02
-2.962499999999999911e+00,5.373416408136750741e-03,1.028153782482370444e-02
-2.959999999999999964e+00,5.368093025197371963e-03,1.050491512755812040e-02
-2.957500000000000018e+00,5.362781844980247722e-03,1.072829243029269596e-02
-2.955000000000000071e+00,5.357482833248172933e-03,1.095166973302711191e-02
-2.952500000000000124e+00,5.352195955891243459e-03,1.117504703576152787e-02
-2.950000000000000178e+00,5.346921178926608911e-03,1.139842433849610343e-02
-2.947500000000000231e+00,5.341658468497853356e-03,1.151945229760762725e-02
-2.944999999999999840e+00,5.336407790874508721e-03,1.164048025671915107e-02
-2.942499999999999893e+00,5.331169112451345296e-03,1.176150821583076163e-02
-2.939999999999999947e+00,5.325942399747952798e-03,1.188253617494228545e-02
-2.937500000000000000e+00,5.320727619407997905e-03,1.200356413405380927e-02
-2.935000000000000053e+00,5.315524738199190434e-03,1.212459209316533310e-02
-2.932500000000000107e+00,5.310333723012074236e-03,1.224562005227685692e-02
-2.930000000000000160e+00,5.305154540859761784e-03,1.236664801138846748e-02
-2.927500000000000213e+00,5.299987158877556871e-03,1.248767597049999130e-02
-2.925000000000000266e+00,5.294831544322377813e-03,1.260870392961151512e-02
-2.922499999999999876e+00,5.289687664571942130e-03,1.260066925667455671e-02
-2.919999999999999929e+00,5.284555487124557513e-03,1.259263458373760525e-02
-2.917499999999999982e+00,5.279434979598306502e-03,1.258459991080065378e-02
-2.915000000000000036e+00,5.274326109730951076e-03,1.257656523786369711e-02
-2.912500000000000089e+00,5.269228845378937792e-03,1.256853056492674391e-02
-2.910000000000000142e+00,5.264143154517097675e-03,1.256049589198979244e-02
-2.907500000000000195e+00,5.259069005238235957e-03,1.255246121905284097e-02
-2.905000000000000249e+00,5.254006365752500636e-03,1.254442654611588950e-02
-2.902499999999999858e+00,5.248955204386744969e-03,1.253639187317893110e-02
-2.899999999999999911e+00,5.243915489584152767e-03,1.252835720024197963e-02
-2.897499999999999964e+00,5.238887189903890587e-03,1.239280341906653059e-02
-2.895000000000000018e+00,5.233870274020422514e-03,1.225724963789098440e-02
-2.892500000000000071e+00,5.228864710722994948e-03,1.212169585671553536e-02
-2.890000000000000124e+00,5.223870468915047666e-03,1.198614207554008632e-02
-2.887500000000000178e+00,5.218887517613955349e-03,1.185058829436454013e-02
-2.885000000000000231e+00,5.213915825950648543e-03,1.171503451318909109e-02
-2.882499999999999840e+00,5.208955363168528592e-03,1.157948073201364031e-02
-2.879999999999999893e+00,5.204006098623725242e-03,1.144392695083809586e-02
-2.877499999999999947e+00,5.199068001783785191e-03,1.130837316966264508e-02
-2.875000000000000000e+00,5.194141042228169955e-03,1.117281938848719604e-02
-2.872500000000000053e+00,5.189225189646976509e-03,1.093924342860787616e-02
-2.870000000000000107e+00,5.184320413840688355e-03,1.070566746872855801e-02
-2.867500000000000160e+00,5.179426684719920515e-03,1.047209150884907333e-02
-2.865000000000000213e+00,5.174543972304834934e-03,1.023851554896975345e-02
-2.862500000000000266e+00,5.169672246724332093e-03,1.000493958909043357e-02
-2.859999999999999876e+00,5.164811478216101322e-03,9.771363629210948892e-03
-2.857499999999999929e+00,5.159961637125847107e-03,9.537787669331630747e-03
-2.854999999999999982e+00,5.155122693906969908e-03,9.304211709452310866e-03
-2.852500000000000036e+00,5.150294619120039663e-03,9.070635749572826187e-03
-2.850000000000000089e+00,5.145477383432238080e-03,8.837059789693506306e-03
-2.847500000000000142e+00,5.140670957616856433e-03,8.556152887304843344e-03
-2.845000000000000195e+00,5.135875312553558371e-03,8.275245984916180381e-03
-2.842500000000000249e+00,5.131090419226812596e-03,7.994339082527515683e-03
-2.839999999999999858e+00,5.126316248726161748e-03,7.713432180138653227e-03
-2.837499999999999911e+00,5.121552772245564940e-03,7.432525277749990264e-03
-2.834999999999999964e+00,5.116799961083211279e-03,7.151618375361326434e-03
-2.832500000000000018e+00,5.112057786640584849e-03,6.870711472972463110e-03
-2.830000000000000071e+00,5.107326220422449964e-03,6.589804570583800147e-03
-2.827500000000000124e+00,5.102605234036258763e-03,6.308897668195137184e-03
-2.825000000000000178e+00,5.097894799191707987e-03,6.027990765806273861e-03
-2.822500000000000231e+00,5.093194887700353869e-03,5.759485129145073927e-03
-2.819999999999999840e+00,5.088505471474974624e-03,5.490979492483874860e-03
-2.817499999999999893e+00,5.083826522529482847e-03,5.222473855822484107e-03
-2.814999999999999947e+00,5.079158012978509176e-03,4.953968219161284173e-03
-2.812500000000000000e+00,5.074499915036488965e-03,4.685462582500084239e-03
-2.810000000000000053e+00,5.069852201017553857e-03,4.416956945838884305e-03
-2.807500000000000107e+00,5.065214843335323625e-03,4.148451309177685238e-03
-2.805000000000000160e+00,5.060587814502292940e-03,3.879945672516294485e-03
-2.802500000000000213e+00,5.055971087129125345e-03,3.611440035855094551e-03
-2.800000000000000266e+00,5.051364633924702689e-03,3.342934399193895050e-03
-2.797499999999999876e+00,5.046768427695548336e-03,3.139897771835280151e-03
-2.794999999999999929e+00,5.042182441345351845e-03,2.936861144476809668e-03
-2.792499999999999982e+00,5.037606647874658464e-03,2.733824517118338751e-03
-2.790000000000000036e+00,5.033041020380159616e-03,2.530787889759723852e-03
-2.787500000000000089e+00,5.028485532054824750e-03,2.327751262401253369e-03
-2.785000000000000142e+00,5.023940156187397393e-03,2.124714635042782886e-03
-2.782500000000000195e+00,5.019404866161125342e-03,1.921678007684312186e-03
-2.780000000000000249e+00,5.014879635454659243e-03,1.718641380325841485e-03
-2.777499999999999858e+00,5.010364437640799258e-03,1.515604752967226587e-03
-2.774999999999999911e+00,5.005859246386593943e-03,1.312568125608756103e-03
-2.772499999999999964e+00,5.001364035452322832e-03,1.204453565445931691e-03
-2.770000000000000018e+00,4.996878778691847718e-03,1.096339005283030518e-03
-2.767500000000000071e+00,4.992403450051564884e-03,9.882244451202061054e-04
-2.765000000000000124e+00,4.987938023570655764e-03,8.801098849573816933e-04
-2.762500000000000178e+00,4.983482473380095555e-03,7.719953247944805197e-04
-2.760000000000000231e+00,4.979036773702726071e-03,6.638807646316561076e-04
-2.757499999999999840e+00,4.974600898852441291e-03,5.557662044688316955e-04
-2.754999999999999893e+00,4.970174823234501348e-03,4.476516443059305218e-04
-2.752499999999999947e+00,4.965758521344387603e-03,3.395370841431061097e-04
-2.750000000000000000e+00,4.961351967767689899e-03,2.314225239802817518e-04
-2.747500000000000053e+00,4.956955137180116960e-03,2.082802715822585043e-04
-2.745000000000000107e+00,4.952568004346788628e-03,1.851380191842352568e-04
-2.742500000000000160e+00,4.948190544121581005e-03,1.619957667861955837e-04
-2.740000000000000213e+00,4.943822731447355436e-03,1.388535143881723362e-04
-2.737500000000000266e+00,4.939464541355104155e-03,1.157112619901491023e-04
-2.734999999999999876e+00,4.935115948964153253e-03,9.256900959210941559e-05
-2.732499999999999929e+00,4.930776929480988266e-03,6.942675719408619522e-05
-2.729999999999999982e+00,4.926447458199711277e-03,4.628450479606294773e-05
-2.727500000000000036e+00,4.922127510501111969e-03,2.314225239802324748e-05
-2.725000000000000089e+00,4.917817061852593034e-03,0.000000000000000000e+00
-2.722500000000000142e+00,4.913516087807960273e-03,0.000000000000000000e+00
-2.720000000000000195e+00,4.909224564006375684e-03,0.000000000000000000e+00
-2.717500000000000249e+00,4.904942466172752119e-03,0.000000000000000000e+00
-2.714999999999999858e+00,4.900669770117373376e-03,0.000000000000000000e+00
-2.712499999999999911e+00,4.896406451734928826e-03,0.000000000000000000e+00
-2.709999999999999964e+00,4.892152487004797039e-03,0.000000000000000000e+00
-2.707500000000000018e+00,4.887907851990198373e-03,0.000000000000000000e+00
-2.705000000000000071e+00,4.883672522838509826e-03,0.000000000000000000e+00
-2.702500000000000124e+00,4.879446475780255428e-03,0.000000000000000000e+00
-2.700000000000000178e+00,4.875229687129019503e-03,0.000000000000000000e+00
-2.697500000000000231e+00,4.871022133281165643e-03,0.000000000000000000e+00
-2.694999999999999840e+00,4.866823790715552218e-03,0.000000000000000000e+00
-2.692499999999999893e+00,4.862634635993047516e-03,0.000000000000000000e+00
-2.689999999999999947e+00,4.858454645756275607e-03,0.000000000000000000e+00
-2.687500000000000000e+00,4.854283796729249451e-03,0.000000000000000000e+00
-2.685000000000000053e+00,4.850122065717260740e-03,0.000000000000000000e+00
-2.682500000000000107e+00,4.845969429605869426e-03,0.000000000000000000e+00
-2.680000000000000160e+00,4.841825865361601942e-03,0.000000000000000000e+00
-2.677500000000000213e+00,4.837691350030774197e-03,0.000000000000000000e+00
-2.675000000000000266e+00,4.833565860739507183e-03,0.000000000000000000e+00
-2.672499999999999876e+00,4.829449374693753003e-03,0.000000000000000000e+00
-2.669999999999999929e+00,4.825341869178005963e-03,0.000000000000000000e+00
-2.667499999999999982e+00,4.821243321556005143e-03,0.000000000000000000e+00
-2.665000000000000036e+00,4.817153709269927746e-03,0.000000000000000000e+00
-2.662500000000000089e+00,4.813073009840065572e-03,0.000000000000000000e+00
-2.660000000000000142e+00,4.809001200864621191e-03,0.000000000000000000e+00
-2.657500000000000195e+00,4.804938260019332372e-03,0.000000000000000000e+00
-2.655000000000000249e+00,4.800884165057432186e-03,0.000000000000000000e+00
-2.652499999999999858e+00,4.796838893808773839e-03,0.000000000000000000e+00
-2.649999999999999911e+00,4.792802424180052714e-03,0.000000000000000000e+00
-2.647499999999999964e+00,4.788774734154241722e-03,6.337399168169583147e-05
-2.645000000000000018e+00,4.784755801790449049e-03,1.267479833634366844e-04
-2.642500000000000071e+00,4.780745605223312746e-03,1.901219750451325159e-04
-2.640000000000000124e+00,4.776744122663167252e-03,2.534959667268283745e-04
-2.637500000000000178e+00,4.772751332395240229e-03,3.168699584085692003e-04
-2.635000000000000231e+00,4.768767212779657753e-03,3.802439500902650318e-04
-2.632499999999999840e+00,4.764791742251262181e-03,4.436179417719608633e-04
-2.629999999999999893e+00,4.760824899318926925e-03,5.069919334537017434e-04
-2.627499999999999947e+00,4.756866662565546050e-03,5.703659251353976290e-04
-2.625000000000000000e+00,4.752917010647821766e-03,6.337399168170934063e-04
-2.622500000000000053e+00,4.748975922295606972e-03,7.789451618810964897e-04
-2.620000000000000107e+00,4.745043376311752596e-03,9.241504069450995730e-04
-2.617500000000000160e+00,4.741119351572157040e-03,1.069355652009205872e-03
-2.615000000000000213e+00,4.737203827025244021e-03,1.214560897073209064e-03
-2.612500000000000266e+00,4.733296781691381447e-03,1.359766142137212039e-03
-2.609999999999999876e+00,4.729398194663027126e-03,1.504971387201318230e-03
-2.607499999999999929e+00,4.725508045104394837e-03,1.650176632265321422e-03
-2.604999999999999982e+00,4.721626312250902686e-03,1.795381877329324614e-03
-2.602500000000000036e+00,4.717752975409127136e-03,1.940587122393430588e-03
-2.600000000000000089e+00,4.713888013956510706e-03,2.085792367457433780e-03
-2.597500000000000142e+00,4.710031407340776501e-03,2.295224306020685577e-03
-2.595000000000000195e+00,4.706183135080240464e-03,2.504656244583937808e-03
-2.592500000000000249e+00,4.702343176763127026e-03,2.714088183147190039e-03
-2.589999999999999858e+00,4.698511512047064305e-03,2.923520121710590589e-03
-2.587499999999999911e+00,4.694688120659667833e-03,3.132952060273842820e-03
-2.584999999999999964e+00,4.690872982397306309e-03,3.342383998837094618e-03
-2.582500000000000018e+00,4.687066077125286341e-03,3.551815937400495601e-03
-2.580000000000000071e+00,4.683267384777718007e-03,3.761247875963747399e-03
-2.577500000000000124e+00,4.679476885356879945e-03,3.970679814526999196e-03
-2.575000000000000178e+00,4.675694558933416248e-03,4.180111753090400180e-03
-2.572500000000000231e+00,4.671920385645548894e-03,4.414353818667083977e-03
-2.569999999999999840e+00,4.668154345699096833e-03,4.648595884243766907e-03
-2.567499999999999893e+00,4.664396419367462104e-03,4.882837949820617238e-03
-2.564999999999999947e+00,4.660646586990896054e-03,5.117080015397300168e-03
-2.562500000000000000e+00,4.656904828976265141e-03,5.351322080973983965e-03
-2.560000000000000053e+00,4.653171125797396154e-03,5.585564146550667762e-03
-2.557500000000000107e+00,4.649445457993987667e-03,5.819806212127350692e-03
-2.555000000000000160e+00,4.645727806171997751e-03,6.054048277704201023e-03
-2.552500000000000213e+00,4.642018151003237184e-03,6.288290343280884820e-03
-2.550000000000000266e+00,4.638316473224677293e-03,6.522532408857567750e-03
-2.547499999999999876e+00,4.634622753638902720e-03,6.734533188582128224e-03
-2.544999999999999929e+00,4.630936973113412326e-03,6.946533968306538645e-03
-2.542499999999999982e+00,4.627259112580427505e-03,7.158534748030949066e-03
-2.540000000000000036e+00,4.623589153036661466e-03,7.370535527755509540e-03
-2.537500000000000089e+00,4.619927075543159636e-03,7.582536307479919094e-03
-2.535000000000000142e+00,4.616272861225049866e-03,7.794537087204329515e-03
-2.532500000000000195e+00,4.612626491271180733e-03,8.006537866928739935e-03
-2.530000000000000249e+00,4.608987946933828378e-03,8.218538646653150356e-03
-2.527499999999999858e+00,4.605357209528821404e-03,8.430539426377709963e-03
-2.524999999999999911e+00,4.601734260434840046e-03,8.642540206102120384e-03
-2.522499999999999964e+00,4.598119081093447399e-03,8.790001730161324175e-03
-2.520000000000000018e+00,4.594511653008788443e-03,8.937463254220632050e-03
-2.517500000000000071e+00,4.590911957747296872e-03,9.084924778279834107e-03
-2.515000000000000124e+00,4.587319976937615298e-03,9.232386302339037898e-03
-2.512500000000000178e+00,4.583735692270250045e-03,9.379847826398345773e-03
-2.510000000000000231e+00,4.580159085497160013e-03,9.527309350457549564e-03
-2.507499999999999840e+00,4.576590138431901530e-03,9.674770874516753355e-03
-2.504999999999999893e+00,4.573028832949277075e-03,9.822232398576061230e-03
-2.502499999999999947e+00,4.569475150984705566e-03,9.969693922635263286e-03
-2.500000000000000000e+00,4.565929074534567575e-03,1.011715544669446708e-02
-2.497500000000000053e+00,4.562390585655696183e-03,1.017178467328695192e-02
-2.495000000000000107e+00,4.558859666465146267e-03,1.022641389987943676e-02
-2.492500000000000160e+00,4.555336299139988929e-03,1.028104312647195977e-02
-2.490000000000000213e+00,4.551820465917098997e-03,1.033567235306444461e-02
-2.487500000000000266e+00,4.548312149092986756e-03,1.039030157965692945e-02
-2.484999999999999876e+00,4.544811331023536002e-03,1.044493080624945419e-02
-2.482499999999999929e+00,4.541317994123598989e-03,1.049956003284193903e-02
-2.479999999999999982e+00,4.537832120867113517e-03,1.055418925943442388e-02
-2.477500000000000036e+00,4.534353693786639765e-03,1.060881848602694688e-02
-2.475000000000000089e+00,4.530882695473224982e-03,1.066344771261943172e-02
-2.472500000000000142e+00,4.527419108576233482e-03,1.061622568212886204e-02
-2.470000000000000195e+00,4.523962915802925977e-03,1.056900365163829236e-02
-2.467500000000000249e+00,4.520514099918567126e-03,1.052178162114772095e-02
-2.464999999999999858e+00,4.517072643745914662e-03,1.047455959065711831e-02
-2.462499999999999911e+00,4.513638530165137858e-03,1.042733756016654863e-02
-2.459999999999999964e+00,4.510211742113580738e-03,1.038011552967597721e-02
-2.457500000000000018e+00,4.506792262585610290e-03,1.033289349918537457e-02
-2.455000000000000071e+00,4.503380074632409164e-03,1.028567146869480489e-02
-2.452500000000000124e+00,4.499975161361498624e-03,1.023844943820423521e-02
-2.450000000000000178e+00,4.496577505936952789e-03,1.019122740771363084e-02
-2.447500000000000231e+00,4.493187091578951936e-03,1.005340461712149469e-02
-2.444999999999999840e+00,4.489803901563569136e-03,9.915581826529358545e-03
-2.442499999999999893e+00,4.486427919222462334e-03,9.777759035937123519e-03
-2.439999999999999947e+00,4.483059127943144970e-03,9.639936245344987373e-03
-2.437500000000000000e+00,4.479697511168067442e-03,9.502113454752851227e-03
-2.435000000000000053e+00,4.476343052395106298e-03,9.364290664160715080e-03
-2.432500000000000107e+00,4.472995735176951877e-03,9.226467873568578934e-03
-2.430000000000000160e+00,4.469655543120840298e-03,9.088645082976343909e-03
-2.427500000000000213e+00,4.466322459888719988e-03,8.950822292384207762e-03
-2.425000000000000266e+00,4.462996469196863110e-03,8.812999501792071616e-03
-2.422499999999999876e+00,4.459677554815558512e-03,8.613057818474503802e-03
-2.419999999999999929e+00,4.456365700568944328e-03,8.413116135157078235e-03
-2.417499999999999982e+00,4.453060890335071298e-03,8.213174451839652668e-03
-2.415000000000000036e+00,4.449763108045431785e-03,8.013232768522086588e-03
-2.412500000000000089e+00,4.446472337684821870e-03,7.813291085204661021e-03
-2.410000000000000142e+00,4.443188563291192161e-03,7.613349401887235454e-03
-2.407500000000000195e+00,4.439911768955490806e-03,7.413407718569809887e-03
-2.405000000000000249e+00,4.436641938821352105e-03,7.213466035252384320e-03
-2.402499999999999858e+00,4.433379057085060082e-03,7.013524351934816506e-03
-2.399999999999999911e+00,4.430123107995236238e-03,6.813582668617391806e-03
-2.397499999999999964e+00,4.426874075852597554e-03,6.590857132536146433e-03
-2.395000000000000018e+00,4.423631945009985980e-03,6.368131596454742333e-03
-2.392500000000000071e+00,4.420396699872136854e-03,6.145406060373496959e-03
-2.390000000000000124e+00,4.417168324895098634e-03,5.922680524292251586e-03
-2.387500000000000178e+00,4.413946804586729895e-03,5.699954988210847485e-03
-2.385000000000000231e+00,4.410732123505901360e-03,5.477229452129602112e-03
-2.382499999999999840e+00,4.407524266262722278e-03,5.254503916048356739e-03
-2.379999999999999893e+00,4.404323217518094601e-03,5.031778379966952638e-03
-2.377499999999999947e+00,4.401128961983553391e-03,4.809052843885707265e-03
-2.375000000000000000e+00,4.397941484421420341e-03,4.586327307804461892e-03
-2.372500000000000053e+00,4.394760769644165399e-03,4.382318573420166015e-03
-2.370000000000000107e+00,4.391586802514480491e-03,4.178309839035870138e-03
-2.367500000000000160e+00,4.388419567945078294e-03,3.974301104651429412e-03
-2.365000000000000213e+00,4.385259050898506622e-03,3.770292370267133535e-03
-2.362500000000000266e+00,4.382105236386848318e-03,3.566283635882837658e-03
-2.359999999999999876e+00,4.378958109471835745e-03,3.362274901498396498e-03
-2.357499999999999929e+00,4.375817655264292207e-03,3.158266167114100621e-03
-2.354999999999999982e+00,4.372683858924301947e-03,2.954257432729804744e-03
-2.352500000000000036e+00,4.369556705660944743e-03,2.750248698345363584e-03
-2.350000000000000089e+00,4.366436180731850074e-03,2.546239963961067707e-03
-2.347500000000000142e+00,4.363322269443424377e-03,2.394849362057516456e-03
-2.345000000000000195e+00,4.360214957150518843e-03,2.243458760153965639e-03
-2.342500000000000249e+00,4.357114229256191761e-03,2.092068158250414388e-03
-2.339999999999999858e+00,4.354020071211576678e-03,1.940677556346756018e-03
-2.337499999999999911e+00,4.350932468515725411e-03,1.789286954443204767e-03
-2.334999999999999964e+00,4.347851406715600234e-03,1.637896352539653950e-03
-2.332500000000000018e+00,4.344776871405555199e-03,1.486505750635995146e-03
-2.330000000000000071e+00,4.341708848227478386e-03,1.335115148732444112e-03
-2.327500000000000124e+00,4.338647322870570720e-03,1.183724546828893078e-03
-2.325000000000000178e+00,4.335592281071018114e-03,1.032333944925234491e-03
-2.322500000000000231e+00,4.332543708611913402e-03,9.503092817514258855e-04
-2.319999999999999840e+00,4.329501591323398589e-03,8.682846185776171713e-04
-2.317499999999999893e+00,4.326465915081847795e-03,7.862599554037502355e-04
-2.314999999999999947e+00,4.323436665810366855e-03,7.042352922299415213e-04
-2.312500000000000000e+00,4.320413829478328416e-03,6.222106290561329155e-04
-2.310000000000000053e+00,4.317397392101065753e-03,5.401859658823243097e-04
-2.307500000000000107e+00,4.314387339739999411e-03,4.581613027085155955e-04
-2.305000000000000160e+00,4.311383658502389131e-03,3.761366395346486596e-04
-2.302500000000000213e+00,4.308386334541188141e-03,2.941119763608400538e-04
-2.300000000000000266e+00,4.305395354054769065e-03,2.120873131870313396e-04
-2.297499999999999876e+00,4.302410703286790351e-03,1.908785818683176455e-04
-2.294999999999999929e+00,4.299432368526331580e-03,1.696698505496190489e-04
-2.292499999999999982e+00,4.296460336107343556e-03,1.484611192309204253e-04
-2.290000000000000036e+00,4.293494592408635298e-03,1.272523879122067583e-04
-2.287500000000000089e+00,4.290535123853917408e-03,1.060436565935081210e-04
-2.285000000000000142e+00,4.287581916911299869e-03,8.483492527480951092e-05
-2.282500000000000195e+00,4.284634958093485463e-03,6.362619395611088724e-05
-2.280000000000000249e+00,4.281694233957360381e-03,4.241746263741229066e-05
-2.277499999999999858e+00,4.278759731103981209e-03,2.120873131869859657e-05
-2.274999999999999911e+00,4.275831436178335540e-03,0.000000000000000000e+00
-2.272499999999999964e+00,4.272909335869433910e-03,0.000000000000000000e+00
-2.270000000000000018e+00,4.269993416909658411e-03,0.000000000000000000e+00
-2.267500000000000071e+00,4.267083666075257957e-03,0.000000000000000000e+00
-2.265000000000000124e+00,4.264180070185707300e-03,0.000000000000000000e+00
-2.262500000000000178e+00,4.261282616103821523e-03,0.000000000000000000e+00
-2.260000000000000231e+00,4.258391290735382209e-03,0.000000000000000000e+00
-2.257499999999999840e+00,4.255506081029226777e-03,0.000000000000000000e+00
-2.254999999999999893e+00,4.252626973977101030e-03,0.000000000000000000e+00
-2.252499999999999947e+00,4.249753956613396347e-03,0.000000000000000000e+00
-2.250000000000000000e+00,4.246887016014872993e-03,0.000000000000000000e+00
-2.247500000000000053e+00,4.244026139300902112e-03,0.000000000000000000e+00
-2.245000000000000107e+00,4.241171313633065008e-03,0.000000000000000000e+00
-2.242500000000000160e+00,4.238322526214977071e-03,0.000000000000000000e+00
-2.240000000000000213e+00,4.235479764292321599e-03,0.000000000000000000e+00
-2.237500000000000266e+00,4.232643015152593065e-03,0.000000000000000000e+00
-2.234999999999999876e+00,4.229812266124970480e-03,0.000000000000000000e+00
-2.232499999999999929e+00,4.226987504580310452e-03,0.000000000000000000e+00
-2.229999999999999982e+00,4.224168717930817593e-03,0.000000000000000000e+00
-2.227500000000000036e+00,4.221355893629936962e-03,0.000000000000000000e+00
-2.225000000000000089e+00,4.218549019172406975e-03,0.000000000000000000e+00
-2.222500000000000142e+00,4.215748082093956697e-03,4.171293874886889867e-05
-2.220000000000000195e+00,4.212953069971185280e-03,8.342587749773779733e-05
-2.217500000000000249e+00,4.210163970421453537e-03,1.251388162466066892e-04
-2.214999999999999858e+00,4.207380771102848388e-03,1.668517549955052476e-04
-2.212499999999999911e+00,4.204603459713864531e-03,2.085646937443741530e-04
-2.209999999999999964e+00,4.201832023993338529e-03,2.502776324932430314e-04
-2.207500000000000018e+00,4.199066451720524264e-03,2.919905712421415897e-04
-2.205000000000000071e+00,4.196306730714638444e-03,3.337035099910104952e-04
-2.202500000000000124e+00,4.193552848834894431e-03,3.754164487398794006e-04
-2.200000000000000178e+00,4.190804793980510042e-03,4.171293874887779590e-04
-2.197500000000000231e+00,4.188062554090154176e-03,5.170236687496973559e-04
-2.194999999999999840e+00,4.185326117142449884e-03,6.169179500106168612e-04
-2.192499999999999893e+00,4.182595471155227569e-03,7.168122312716071649e-04
-2.189999999999999947e+00,4.179870604185835503e-03,8.167065125325266703e-04
-2.187500000000000000e+00,4.177151504330748645e-03,9.166007937934460672e-04
-2.185000000000000053e+00,4.174438159725523539e-03,1.016495075054365572e-03
-2.182500000000000107e+00,4.171730558544984799e-03,1.116389356315284969e-03
-2.180000000000000160e+00,4.169028689002426263e-03,1.216283637576275490e-03
-2.177500000000000213e+00,4.166332539350088918e-03,1.316177918837194670e-03
-2.175000000000000266e+00,4.163642097878813945e-03,1.416072200098114067e-03
-2.172499999999999876e+00,4.160957352918058343e-03,1.566948438737219163e-03
-2.169999999999999929e+00,4.158278292835356285e-03,1.717824677376217357e-03
-2.167499999999999982e+00,4.155604906036784035e-03,1.868700916015215117e-03
-2.165000000000000036e+00,4.152937180966362329e-03,2.019577154654320431e-03
-2.162500000000000089e+00,4.150275106106427608e-03,2.170453393293318191e-03
-2.160000000000000142e+00,4.147618669976815831e-03,2.321329631932316385e-03
-2.157500000000000195e+00,4.144967861135494779e-03,2.472205870571314579e-03
-2.155000000000000249e+00,4.142322668177882312e-03,2.623082109210312339e-03
-2.152499999999999858e+00,4.139683079737130865e-03,2.773958347849417652e-03
-2.149999999999999911e+00,4.137049084483612228e-03,2.924834586488415412e-03
-2.147499999999999964e+00,4.134420671125339092e-03,3.103458081146750688e-03
-2.145000000000000018e+00,4.131797828407186152e-03,3.282081575805213033e-03
-2.142500000000000071e+00,4.129180545111487723e-03,3.460705070463548742e-03
-2.140000000000000124e+00,4.126568810057257980e-03,3.639328565121884018e-03
-2.137500000000000178e+00,4.123962612100561323e-03,3.817952059780346363e-03
-2.135000000000000231e+00,4.121361940134175839e-03,3.996575554438682072e-03
-2.132499999999999840e+00,4.118766783087638404e-03,4.175199049097017348e-03
-2.129999999999999893e+00,4.116177129926800599e-03,4.353822543755480126e-03
-2.127499999999999947e+00,4.113592969654122737e-03,4.532446038413815402e-03
-2.125000000000000000e+00,4.111014291308419735e-03,4.711069533072150678e-03
-2.122500000000000053e+00,4.108441083964632125e-03,4.886377033151570806e-03
-2.120000000000000107e+00,4.105873336733885035e-03,5.061684533230990934e-03
-2.117500000000000160e+00,4.103311038763222778e-03,5.236992033310535963e-03
-2.115000000000000213e+00,4.100754179235634005e-03,5.412299533389956091e-03
-2.112499999999999822e+00,4.098202747370040429e-03,5.587607033469376219e-03
-2.109999999999999876e+00,4.095656732420762530e-03,5.762914533548921248e-03
-2.107499999999999929e+00,4.093116123677988799e-03,5.938222033628341376e-03
-2.104999999999999982e+00,4.090580910467148633e-03,6.113529533707761504e-03
-2.102500000000000036e+00,4.088051082149180351e-03,6.288837033787305665e-03
-2.100000000000000089e+00,4.085526628120342112e-03,6.464144533866725793e-03
-2.097500000000000142e+00,4.083007537811971649e-03,6.605010158871215363e-03
-2.095000000000000195e+00,4.080493800690470664e-03,6.745875783875705800e-03
-2.092500000000000249e+00,4.077985406257271864e-03,6.886741408880195370e-03
-2.089999999999999858e+00,4.075482344048662886e-03,7.027607033884785553e-03
-2.087499999999999911e+00,4.072984603635620635e-03,7.168472658889275123e-03
-2.084999999999999964e+00,4.070492174624034190e-03,7.309338283893764693e-03
-2.082500000000000018e+00,4.068005046653931991e-03,7.450203908898354876e-03
-2.080000000000000071e+00,4.065523209400239910e-03,7.591069533902844446e-03
-2.077500000000000124e+00,4.063046652572083021e-03,7.731935158907334016e-03
-2.075000000000000178e+00,4.060575365912742242e-03,7.872800783911924200e-03
-2.072500000000000231e+00,4.058109339199986523e-03,7.954487456523129732e-03
-2.069999999999999840e+00,4.055648562245527285e-03,8.036174129134335264e-03
-2.067499999999999893e+00,4.053193024894766010e-03,8.117860801745598043e-03
-2.064999999999999947e+00,4.050742717027462116e-03,8.199547474356805310e-03
-2.062500000000000000e+00,4.048297628557012175e-03,8.281234146968010842e-03
-2.060000000000000053e+00,4.045857749430423894e-03,8.362920819579216375e-03
-2.057500000000000107e+00,4.043423069628423669e-03,8.444607492190421907e-03
-2.055000000000000160e+00,4.040993579165187699e-03,8.526294164801684686e-03
-2.052500000000000213e+00,4.038569268088455615e-03,8.607980837412890218e-03
-2.049999999999999822e+00,4.036150126479174857e-03,8.689667510024095751e-03
-2.047499999999999876e+00,4.033736144451534507e-03,8.698328034415911056e-03
-2.044999999999999929e+00,4.031327312153065896e-03,8.706988558807719422e-03
-2.042499999999999982e+00,4.028923619764100510e-03,8.715649083199527788e-03
-2.040000000000000036e+00,4.026525057498242695e-03,8.724309607591343094e-03
-2.037500000000000089e+00,4.024131615601739091e-03,8.732970131983151460e-03
-2.035000000000000142e+00,4.021743284353799554e-03,8.741630656374959826e-03
-2.032500000000000195e+00,4.019360054066335210e-03,8.750291180766768193e-03
-2.030000000000000249e+00,4.016981915083785853e-03,8.758951705158576559e-03
-2.027499999999999858e+00,4.014608857783205816e-03,8.767612229550391864e-03
-2.024999999999999911e+00,4.012240872574142532e-03,8.776272753942200230e-03
-2.022499999999999964e+00,4.009877949898543736e-03,8.711146981322021379e-03
-2.020000000000000018e+00,4.007520080230482507e-03,8.646021208701795691e-03
-2.017500000000000071e+00,4.005167254076413136e-03,8.580895436081615105e-03
-2.015000000000000124e+00,4.002819461974811178e-03,8.515769663461436254e-03
-2.012500000000000178e+00,4.000476694496379881e-03,8.450643890841210565e-03
-2.010000000000000231e+00,3.998138942243428286e-03,8.385518118221029979e-03
-2.007499999999999840e+00,3.995806195850451492e-03,8.320392345600851128e-03
-2.004999999999999893e+00,3.993478445983633662e-03,8.255266572980625439e-03
-2.002499999999999947e+00,3.991155683340859295e-03,8.190140800360444853e-03
-2.000000000000000000e+00,3.988837898651738378e-03,8.125015027740266002e-03
-1.997500000000000053e+00,3.986525082677243835e-03,7.998247274903318854e-03
-1.995000000000000107e+00,3.984217226210101832e-03,7.871479522066371706e-03
-1.992499999999999938e+00,3.981914320074163814e-03,7.744711769229336087e-03
-1.989999999999999991e+00,3.979616355124754312e-03,7.617944016392388940e-03
-1.987500000000000044e+00,3.977323322248578139e-03,7.491176263555441792e-03
-1.985000000000000098e+00,3.975035212363066395e-03,7.364408510718405305e-03
-1.982500000000000151e+00,3.972752016417245569e-03,7.237640757881459025e-03
-1.979999999999999982e+00,3.970473725390881448e-03,7.110873005044511877e-03
-1.977500000000000036e+00,3.968200330294627438e-03,6.984105252207474523e-03
-1.975000000000000089e+00,3.965931822170185028e-03,6.857337499370528243e-03
-1.972500000000000142e+00,3.963668192090086945e-03,6.691576650602812371e-03
-1.969999999999999973e+00,3.961409431157293833e-03,6.525815801835097366e-03
-1.967500000000000027e+00,3.959155530505740692e-03,6.360054953067264399e-03
-1.965000000000000080e+00,3.956906481299748805e-03,6.194294104299548527e-03
-1.962500000000000133e+00,3.954662274734144570e-03,6.028533255531832655e-03
-1.959999999999999964e+00,3.952422902034281177e-03,5.862772406764117650e-03
-1.957500000000000018e+00,3.950188354455820040e-03,5.697011557996283816e-03
-1.955000000000000071e+00,3.947958623284684825e-03,5.531250709228568811e-03
-1.952500000000000124e+00,3.945733699837094405e-03,5.365489860460852939e-03
-1.949999999999999956e+00,3.943513575459410211e-03,5.199729011693019973e-03
-1.947500000000000009e+00,3.941298241527974033e-03,5.023857311763136636e-03
-1.945000000000000062e+00,3.939087689449289297e-03,4.847985611833252433e-03
-1.942500000000000115e+00,3.936881910659745243e-03,4.672113911903369096e-03
-1.939999999999999947e+00,3.934680896625632543e-03,4.496242211973359992e-03
-1.937500000000000000e+00,3.932484638843007120e-03,4.320370512043476656e-03
-1.935000000000000053e+00,3.930293128837680609e-03,4.144498812113593320e-03
-1.932500000000000107e+00,3.928106358165336584e-03,3.968627112183709116e-03
-1.929999999999999938e+00,3.925924318410997996e-03,3.792755412253700446e-03
-1.927499999999999991e+00,3.923747001189432232e-03,3.616883712323816676e-03
-1.925000000000000044e+00,3.921574398144860550e-03,3.441012012393932906e-03
-1.922500000000000098e+00,3.919406500950958078e-03,3.284479778014626553e-03
-1.919999999999999929e+00,3.917243301310742790e-03,3.127947543635430788e-03
-1.917499999999999982e+00,3.915084790956530406e-03,2.971415309256235891e-03
-1.915000000000000036e+00,3.912930961649980360e-03,2.814883074876929105e-03
-1.912500000000000089e+00,3.910781805181760135e-03,2.658350840497733774e-03
-1.910000000000000142e+00,3.908637313371818474e-03,2.501818606118538443e-03
-1.907499999999999973e+00,3.906497478069221457e-03,2.345286371739343113e-03
-1.905000000000000027e+00,3.904362291151801650e-03,2.188754137360036760e-03
-1.902500000000000080e+00,3.902231744526626477e-03,2.032221902980840995e-03
-1.900000000000000133e+00,3.900105830129522912e-03,1.875689668601646098e-03
-1.897499999999999964e+00,3.897984539925093521e-03,1.762023886700888860e-03
-1.895000000000000018e+00,3.895867865906882995e-03,1.648358104800050957e-03
-1.892500000000000071e+00,3.893755800097013428e-03,1.534692322899293936e-03
-1.890000000000000124e+00,3.891648334546359087e-03,1.421026540998536697e-03
-1.887499999999999956e+00,3.889545461334472255e-03,1.307360759097698794e-03
-1.885000000000000009e+00,3.887447172569311743e-03,1.193694977196941556e-03
-1.882500000000000062e+00,3.885353460387417236e-03,1.080029195296184318e-03
-1.880000000000000115e+00,3.883264316953876326e-03,9.663634133954271876e-04
-1.877499999999999947e+00,3.881179734462035687e-03,8.526976314945893930e-04
-1.875000000000000000e+00,3.879099705133668904e-03,7.390318495938322631e-04
-1.872500000000000053e+00,3.877024221218827293e-03,6.791480186483576757e-04
-1.870000000000000107e+00,3.874953274995849000e-03,6.192641877028830883e-04
-1.867499999999999938e+00,3.872886858771284850e-03,5.593803567573660002e-04
-1.864999999999999991e+00,3.870824964879690609e-03,4.994965258118914129e-04
-1.862500000000000044e+00,3.868767585683929259e-03,4.396126948664168797e-04
-1.860000000000000098e+00,3.866714713574756403e-03,3.797288639208997374e-04
-1.857499999999999929e+00,3.864666340970981592e-03,3.198450329754252042e-04
-1.854999999999999982e+00,3.862622460319485238e-03,2.599612020299506168e-04
-1.852500000000000036e+00,3.860583064094915903e-03,2.000773710844334745e-04
-1.850000000000000089e+00,3.858548144799775741e-03,1.401935401389589142e-04
-1.847500000000000142e+00,3.856517694964541488e-03,1.261741861250660179e-04
-1.844999999999999973e+00,3.854491707147350479e-03,1.121548321111731080e-04
-1.842500000000000027e+00,3.852470173934031007e-03,9.813547809727025061e-05
-1.840000000000000080e+00,3.850453087938257579e-03,8.411612408337734075e-05
-1.837500000000000133e+00,3.848440441801153668e-03,7.009677006948444443e-05
-1.834999999999999964e+00,3.846432228191708907e-03,5.607741605559153457e-05
-1.832500000000000018e+00,3.844428439806112964e-03,4.205806204168867715e-05
-1.830000000000000071e+00,3.842429069368399983e-03,2.803870802779576728e-05
-1.827500000000000124e+00,3.840434109629981083e-03,1.401935401390287097e-05
-1.824999999999999956e+00,3.838443553369611395e-03,0.000000000000000000e+00
-1.822500000000000009e+00,3.836457393393538813e-03,0.000000000000000000e+00
-1.820000000000000062e+00,3.834475622535425936e-03,0.000000000000000000e+00
-1.817500000000000115e+00,3.832498233656100265e-03,0.000000000000000000e+00
-1.814999999999999947e+00,3.830525219643874692e-03,0.000000000000000000e+00
-1.812500000000000000e+00,3.828556573414114254e-03,0.000000000000000000e+00
-1.810000000000000053e+00,3.826592287909506753e-03,0.000000000000000000e+00
-1.807500000000000107e+00,3.824632356099985555e-03,0.000000000000000000e+00
-1.804999999999999938e+00,3.822676770982370506e-03,0.000000000000000000e+00
-1.802499999999999991e+00,3.820725525580979422e-03,0.000000000000000000e+00
-1.800000000000000044e+00,3.818778612946865242e-03,0.000000000000000000e+00
-1.797500000000000098e+00,3.816836026158254482e-03,0.000000000000000000e+00
-1.794999999999999929e+00,3.814897758320446620e-03,0.000000000000000000e+00
-1.792499999999999982e+00,3.812963802565554755e-03,0.000000000000000000e+00
-1.790000000000000036e+00,3.811034152052820024e-03,0.000000000000000000e+00
-1.787500000000000089e+00,3.809108799968348360e-03,0.000000000000000000e+00
-1.785000000000000142e+00,3.807187739524941789e-03,0.000000000000000000e+00
-1.782499999999999973e+00,3.805270963962623185e-03,0.000000000000000000e+00
-1.780000000000000027e+00,3.803358466547904649e-03,0.000000000000000000e+00
-1.777500000000000080e+00,3.801450240574319635e-03,0.000000000000000000e+00
-1.775000000000000133e+00,3.799546279362135855e-03,0.000000000000000000e+00
-1.772499999999999964e+00,3.797646576258253796e-03,2.912744277531185535e-05
-1.770000000000000018e+00,3.795751124636409686e-03,5.825488555064440541e-05
-1.767500000000000071e+00,3.793859917897062731e-03,8.738232832595626415e-05
-1.765000000000000124e+00,3.791972949467269788e-03,1.165097711012681161e-04
-1.762499999999999956e+00,3.790090212800724823e-03,1.456372138766006763e-04
-1.760000000000000009e+00,3.788211701377779302e-03,1.747646566519125283e-04
-1.757500000000000062e+00,3.786337408705483382e-03,2.038920994272243803e-04
-1.755000000000000115e+00,3.784467328317366042e-03,2.330195422025362322e-04
-1.752499999999999947e+00,3.782601453773483217e-03,2.621469849778687924e-04
-1.750000000000000000e+00,3.780739778660564820e-03,2.912744277531806444e-04
-1.747500000000000053e+00,3.778882296591792259e-03,3.730480899493694149e-04
-1.745000000000000107e+00,3.777029001206779358e-03,4.548217521455581855e-04
-1.742499999999999938e+00,3.775179886171775318e-03,5.365954143418049608e-04
-1.739999999999999991e+00,3.773334945179393669e-03,6.183690765379937313e-04
-1.737500000000000044e+00,3.771494171948690331e-03,7.001427387341825018e-04
-1.735000000000000098e+00,3.769657560225351395e-03,7.819164009304293856e-04
-1.732499999999999929e+00,3.767825103781200901e-03,8.636900631266181561e-04
-1.729999999999999982e+00,3.765996796414606326e-03,9.454637253228069266e-04
-1.727500000000000036e+00,3.764172631950448659e-03,1.027237387519053810e-03
-1.725000000000000089e+00,3.762352604239778495e-03,1.109011049715242581e-03
-1.722500000000000142e+00,3.760536707160127418e-03,1.243439220892043635e-03
-1.719999999999999973e+00,3.758724934615335824e-03,1.377867392068844688e-03
-1.717500000000000027e+00,3.756917280535684769e-03,1.512295563245741369e-03
-1.715000000000000080e+00,3.755113738877776698e-03,1.646723734422542423e-03
-1.712500000000000133e+00,3.753314303624350270e-03,1.781151905599343476e-03
-1.709999999999999964e+00,3.751518968784748730e-03,1.915580076776144530e-03
-1.707500000000000018e+00,3.749727728394491432e-03,2.050008247953041211e-03
-1.705000000000000071e+00,3.747940576515269937e-03,2.184436419129842481e-03
-1.702500000000000124e+00,3.746157507235360444e-03,2.318864590306643318e-03
-1.699999999999999956e+00,3.744378514669162352e-03,2.453292761483539999e-03
-1.697500000000000009e+00,3.742603592957339208e-03,2.622608979150565546e-03
-1.695000000000000062e+00,3.740832736267016897e-03,2.791925196817591093e-03
-1.692500000000000115e+00,3.739065938791382923e-03,2.961241414484616641e-03
-1.689999999999999947e+00,3.737303194750011236e-03,3.130557632151762318e-03
-1.687500000000000000e+00,3.735544498388855290e-03,3.299873849818788299e-03
-1.685000000000000053e+00,3.733789843979937965e-03,3.469190067485813413e-03
-1.682500000000000107e+00,3.732039225821806930e-03,3.638506285152839394e-03
-1.679999999999999938e+00,3.730292638239067135e-03,3.807822502819985071e-03
-1.677499999999999991e+00,3.728550075582781100e-03,3.977138720487010184e-03
-1.675000000000000044e+00,3.726811532230323194e-03,4.146454938154036166e-03
-1.672500000000000098e+00,3.725077002585093413e-03,4.322240516358114015e-03
-1.669999999999999929e+00,3.723346481077122790e-03,4.498026094562066098e-03
-1.667499999999999982e+00,3.721619962162590715e-03,4.673811672766019047e-03
-1.665000000000000036e+00,3.719897440323901693e-03,4.849597250970096030e-03
-1.662500000000000089e+00,3.718178910070004534e-03,5.025382829174048979e-03
-1.660000000000000142e+00,3.716464365935940456e-03,5.201168407378001929e-03
-1.657499999999999973e+00,3.714753802483284142e-03,5.376953985581954011e-03
-1.655000000000000027e+00,3.713047214299916923e-03,5.552739563786031861e-03
-1.652500000000000080e+00,3.711344595999933535e-03,5.728525141989983943e-03
-1.650000000000000133e+00,3.709645942223976488e-03,5.904310720193936893e-03
-1.647499999999999964e+00,3.707951247639043948e-03,6.055105331660676216e-03
-1.645000000000000018e+00,3.706260506938427284e-03,6.205899943127523091e-03
-1.642500000000000071e+00,3.704573714841935712e-03,6.356694554594262414e-03
-1.640000000000000124e+00,3.702890866095743649e-03,6.507489166061001737e-03
-1.637499999999999956e+00,3.701211955472571979e-03,6.658283777527847745e-03
-1.635000000000000009e+00,3.699536977771574007e-03,6.809078388994587068e-03
-1.632500000000000062e+00,3.697865927818284274e-03,6.959873000461326391e-03
-1.630000000000000115e+00,3.696198800464852753e-03,7.110667611928065714e-03
-1.627499999999999947e+00,3.694535590589963312e-03,7.261462223394912589e-03
-1.625000000000000000e+00,3.692876293098667616e-03,7.412256834861651912e-03
-1.622500000000000053e+00,3.691220902922912484e-03,7.510650468359024966e-03
-1.620000000000000107e+00,3.689569415020969596e-03,7.609044101856398019e-03
-1.617499999999999938e+00,3.687921824377815398e-03,7.707437735353841329e-03
-1.614999999999999991e+00,3.686278126005191388e-03,7.805831368851214383e-03
-1.612500000000000044e+00,3.684638314941283185e-03,7.904225002348587437e-03
-1.610000000000000098e+00,3.683002386251094801e-03,8.002618635846029879e-03
-1.607499999999999929e+00,3.681370335026494609e-03,8.101012269343402933e-03
-1.604999999999999982e+00,3.679742156385870568e-03,8.199405902840777721e-03
-1.602500000000000036e+00,3.678117845474640230e-03,8.297799536338220164e-03
-1.600000000000000089e+00,3.676497397464778029e-03,8.396193169835593217e-03
-1.597500000000000142e+00,3.674880807555443683e-03,8.424440377267044047e-03
-1.594999999999999973e+00,3.673268070972505583e-03,8.452687584698493142e-03
-1.592500000000000027e+00,3.671659182968665686e-03,8.480934792129964789e-03
-1.590000000000000080e+00,3.670054138823799095e-03,8.509181999561413884e-03
-1.587500000000000133e+00,3.668452933844790122e-03,8.537429206992864714e-03
-1.584999999999999964e+00,3.666855563365312848e-03,8.565676414424315543e-03
-1.582500000000000018e+00,3.665262022746476438e-03,8.593923621855785455e-03
-1.580000000000000071e+00,3.663672307376278706e-03,8.622170829287236285e-03
-1.577500000000000124e+00,3.662086412669994257e-03,8.650418036718687115e-03
-1.574999999999999956e+00,3.660504334070141530e-03,8.678665244150157027e-03
-1.572500000000000009e+00,3.658926067046423813e-03,8.632065946294086023e-03
-1.570000000000000062e+00,3.657351607095765678e-03,8.585466648438013285e-03
-1.567500000000000115e+00,3.655780949742853773e-03,8.538867350581942281e-03
-1.564999999999999947e+00,3.654214090539250823e-03,8.492268052725836583e-03
-1.562500000000000000e+00,3.652651025064390048e-03,8.445668754869765579e-03
-1.560000000000000053e+00,3.651091748925019195e-03,8.399069457013694576e-03
-1.557500000000000107e+00,3.649536257755500203e-03,8.352470159157621837e-03
-1.554999999999999938e+00,3.647984547217910690e-03,8.305870861301517874e-03
-1.552499999999999991e+00,3.646436613001787647e-03,8.259271563445445136e-03
-1.550000000000000044e+00,3.644892450824649150e-03,8.212672265589374132e-03
-1.547500000000000098e+00,3.643352056431632246e-03,8.100291325861276245e-03
-1.544999999999999929e+00,3.641815425595738408e-03,7.987910386133258156e-03
-1.542499999999999982e+00,3.640282554118077270e-03,7.875529446405240067e-03
-1.540000000000000036e+00,3.638753437827543097e-03,7.763148506677142180e-03
-1.537500000000000089e+00,3.637228072581145683e-03,7.650767566949124091e-03
-1.535000000000000142e+00,3.635706454263952243e-03,7.538386627221106001e-03
-1.532499999999999973e+00,3.634188578789327231e-03,7.426005687493087912e-03
-1.530000000000000027e+00,3.632674442098720712e-03,7.313624747764990025e-03
-1.527500000000000080e+00,3.631164040162066908e-03,7.201243808036971936e-03
-1.525000000000000133e+00,3.629657368977599885e-03,7.088862868308953846e-03
-1.522499999999999964e+00,3.628154424571988865e-03,6.931556940248231012e-03
-1.520000000000000018e+00,3.626655203000459220e-03,6.774251012187396288e-03
-1.517500000000000071e+00,3.625159700346976786e-03,6.616945084126673454e-03
-1.515000000000000124e+00,3.623667912724049672e-03,6.459639156065950620e-03
-1.512499999999999956e+00,3.622179836273037041e-03,6.302333228005116764e-03
-1.510000000000000009e+00,3.620695467164143037e-03,6.145027299944393062e-03
-1.507500000000000062e+00,3.619214801596459721e-03,5.987721371883671095e-03
-1.505000000000000115e+00,3.617737835798036025e-03,5.830415443822947394e-03
-1.502499999999999947e+00,3.616264566026333987e-03,5.673109515762113537e-03
-1.500000000000000000e+00,3.614794988567755600e-03,5.515803587701390703e-03
-1.497500000000000053e+00,3.613329099737954200e-03,5.341919412802237366e-03
-1.495000000000000107e+00,3.611866895882193552e-03,5.168035237903084028e-03
-1.492499999999999938e+00,3.610408373375013046e-03,4.994151063003806658e-03
-1.489999999999999991e+00,3.608953528620605870e-03,4.820266888104653320e-03
-1.487500000000000044e+00,3.607502358052792121e-03,4.646382713205499983e-03
-1.485000000000000098e+00,3.606054858135180133e-03,4.472498538306222612e-03
-1.482499999999999929e+00,3.604611025361290078e-03,4.298614363407069275e-03
-1.479999999999999982e+00,3.603170856254393935e-03,4.124730188507915937e-03
-1.477500000000000036e+00,3.601734347368267496e-03,3.950846013608639434e-03
-1.475000000000000089e+00,3.600301495286408436e-03,3.776961838709485663e-03
-1.472499999999999920e+00,3.598872296622829085e-03,3.616398297130536156e-03
-1.469999999999999973e+00,3.597446748021949307e-03,3.455834755551587083e-03
-1.467500000000000027e+00,3.596024846158650274e-03,3.295271213972523518e-03
-1.465000000000000080e+00,3.594606587738332151e-03,3.134707672393574011e-03
-1.462500000000000133e+00,3.593191969497340835e-03,2.974144130814624937e-03
-1.459999999999999964e+00,3.591780988202804888e-03,2.813580589235675430e-03
-1.457500000000000018e+00,3.590373640652781261e-03,2.653017047656611865e-03
-1.455000000000000071e+00,3.588969923676397535e-03,2.492453506077662792e-03
-1.452500000000000124e+00,3.587569834134109962e-03,2.331889964498713285e-03
-1.449999999999999956e+00,3.586173368917770256e-03,2.171326422919649720e-03
-1.447500000000000009e+00,3.584780524950473366e-03,2.048861798803478136e-03
-1.445000000000000062e+00,3.583391299187241828e-03,1.926397174687306335e-03
-1.442500000000000115e+00,3.582005688614487999e-03,1.803932550571134535e-03
-1.439999999999999947e+00,3.580623690250849759e-03,1.681467926454875781e-03
-1.437500000000000000e+00,3.579245301146828824e-03,1.559003302338704197e-03
-1.435000000000000053e+00,3.577870518385078708e-03,1.436538678222532180e-03
-1.432500000000000107e+00,3.576499339080494930e-03,1.314074054106360596e-03
-1.429999999999999938e+00,3.575131760380653896e-03,1.191609429990101842e-03
-1.427499999999999991e+00,3.573767779465484174e-03,1.069144805873930041e-03
-1.425000000000000044e+00,3.572407393547731395e-03,9.466801817577584575e-04
-1.422500000000000098e+00,3.571050599873113515e-03,8.755292639114729695e-04
-1.419999999999999929e+00,3.569697395720307365e-03,8.043783460652380052e-04
-1.417499999999999982e+00,3.568347778401270449e-03,7.332274282190030410e-04
-1.415000000000000036e+00,3.567001745261338085e-03,6.620765103727175530e-04
-1.412500000000000089e+00,3.565659293679323584e-03,5.909255925264825888e-04
-1.409999999999999920e+00,3.564320421067780631e-03,5.197746746802476246e-04
-1.407499999999999973e+00,3.562985124873024965e-03,4.486237568340126604e-04
-1.405000000000000027e+00,3.561653402575581506e-03,3.774728389877271724e-04
-1.402500000000000080e+00,3.560325251690120169e-03,3.063219211414922082e-04
-1.400000000000000133e+00,3.559000669765631508e-03,2.351710032952572440e-04
-1.397499999999999964e+00,3.557679654385717712e-03,2.116539029657365394e-04
-1.395000000000000018e+00,3.556362203168807277e-03,1.881368026361991111e-04
-1.392500000000000071e+00,3.555048313768150239e-03,1.646197023066783794e-04
-1.390000000000000124e+00,3.553737983872231471e-03,1.411026019771576749e-04
-1.387499999999999956e+00,3.552431211204723407e-03,1.175855016476202601e-04
-1.385000000000000009e+00,3.551127993524837330e-03,9.406840131809954199e-05
-1.382500000000000062e+00,3.549828328627472121e-03,7.055130098857883745e-05
-1.380000000000000115e+00,3.548532214343734243e-03,4.703420065905813290e-05
-1.377499999999999947e+00,3.547239648540301965e-03,2.351710032952070454e-05
-1.375000000000000000e+00,3.545950629120578519e-03,0.000000000000000000e+00
-1.372500000000000053e+00,3.544665154024369876e-03,0.000000000000000000e+00
-1.370000000000000107e+00,3.543383221228141484e-03,0.000000000000000000e+00
-1.367499999999999938e+00,3.542104828745422894e-03,0.000000000000000000e+00
-1.364999999999999991e+00,3.540829974626887120e-03,0.000000000000000000e+00
-1.362500000000000044e+00,3.539558656960621694e-03,0.000000000000000000e+00
-1.360000000000000098e+00,3.538290873872139940e-03,0.000000000000000000e+00
-1.357499999999999929e+00,3.537026623525211903e-03,0.000000000000000000e+00
-1.354999999999999982e+00,3.535765904121318352e-03,0.000000000000000000e+00
-1.352500000000000036e+00,3.534508713900393236e-03,0.000000000000000000e+00
-1.350000000000000089e+00,3.533255051141049631e-03,0.000000000000000000e+00
-1.347499999999999920e+00,3.532004914160554593e-03,2.001848549827152951e-05
-1.344999999999999973e+00,3.530758301315216861e-03,4.003697099654305902e-05
-1.342500000000000027e+00,3.529515211000765467e-03,6.005545649482880852e-05
-1.340000000000000080e+00,3.528275641652532744e-03,8.007394199310033465e-05
-1.337500000000000133e+00,3.527039591745521115e-03,1.000924274913718675e-04
-1.334999999999999964e+00,3.525807059794916574e-03,1.201109129896434004e-04
-1.332500000000000018e+00,3.524578044356277331e-03,1.401293984879291635e-04
-1.330000000000000071e+00,3.523352544025792291e-03,1.601478839862006693e-04
-1.327500000000000124e+00,3.522130557440496159e-03,1.801663694844722022e-04
-1.324999999999999956e+00,3.520912083278654545e-03,2.001848549827579652e-04
-1.322500000000000009e+00,3.519697120259992519e-03,2.597823388143717009e-04
-1.320000000000000062e+00,3.518485667146001653e-03,3.193798226459854638e-04
-1.317500000000000115e+00,3.517277722740388881e-03,3.789773064775992266e-04
-1.314999999999999947e+00,3.516073285888915174e-03,4.385747903092553817e-04
-1.312500000000000000e+00,3.514872355480124985e-03,4.981722741408691445e-04
-1.310000000000000053e+00,3.513674930445697103e-03,5.577697579724829073e-04
-1.307500000000000107e+00,3.512481009760429467e-03,6.173672418040966701e-04
-1.304999999999999938e+00,3.511290592442593925e-03,6.769647256357527168e-04
-1.302499999999999991e+00,3.510103677554631853e-03,7.365622094673664796e-04
-1.300000000000000044e+00,3.508920264203089102e-03,7.961596932989802424e-04
-1.297500000000000098e+00,3.507740351539170246e-03,8.969037289889498273e-04
-1.294999999999999929e+00,3.506563938758916824e-03,9.976477646788477465e-04
-1.292499999999999982e+00,3.505391025103550811e-03,1.098391800368745883e-03
-1.290000000000000036e+00,3.504221609860114304e-03,1.199135836058715359e-03
-1.287500000000000089e+00,3.503055692361413571e-03,1.299879871748613278e-03
-1.284999999999999920e+00,3.501893271986660904e-03,1.400623907438511414e-03
-1.282499999999999973e+00,3.500734348161674975e-03,1.501367943128409550e-03
-1.280000000000000027e+00,3.499578920359316687e-03,1.602111978818379027e-03
-1.277500000000000080e+00,3.498426988100035179e-03,1.702856014508276946e-03
-1.275000000000000133e+00,3.497278550951785428e-03,1.803600050198175082e-03
-1.272499999999999964e+00,3.496133608530930300e-03,1.933517440920635337e-03
-1.270000000000000018e+00,3.494992160502423135e-03,2.063434831643188184e-03
-1.267500000000000071e+00,3.493854206580022850e-03,2.193352222365648439e-03
-1.265000000000000124e+00,3.492719746526834305e-03,2.323269613088108695e-03
-1.262499999999999956e+00,3.491588780155982681e-03,2.453187003810661324e-03
-1.260000000000000009e+00,3.490461307330691102e-03,2.583104394533121580e-03
-1.257500000000000062e+00,3.489337327964689168e-03,2.713021785255582269e-03
-1.255000000000000115e+00,3.488216842022902071e-03,2.842939175978042524e-03
-1.252499999999999947e+00,3.487099849521707769e-03,2.972856566700595154e-03
-1.250000000000000000e+00,3.485986350529360692e-03,3.102773957423055409e-03
-1.247500000000000053e+00,3.484876345166546419e-03,3.241689742055792970e-03
-1.245000000000000107e+00,3.483769833606754646e-03,3.380605526688530964e-03
-1.242499999999999938e+00,3.482666816076826054e-03,3.519521311321367404e-03
-1.239999999999999991e+00,3.481567292857181729e-03,3.658437095954104965e-03
-1.237500000000000044e+00,3.480471264282890449e-03,3.797352880586842526e-03
-1.235000000000000098e+00,3.479378730743294418e-03,3.936268665219679400e-03
-1.232499999999999929e+00,3.478289692683120791e-03,4.075184449852416527e-03
-1.229999999999999982e+00,3.477204150602956120e-03,4.214100234485154521e-03
-1.227500000000000036e+00,3.476122105059428931e-03,4.353016019117990527e-03
-1.225000000000000089e+00,3.475043556665936579e-03,4.491931803750728522e-03
-1.222499999999999920e+00,3.473968506093170431e-03,4.616971363096958846e-03
-1.219999999999999973e+00,3.472896954069692663e-03,4.742010922443189169e-03
-1.217500000000000027e+00,3.471828901382225090e-03,4.867050481789508831e-03
-1.215000000000000080e+00,3.470764348876472730e-03,4.992090041135739155e-03
-1.212500000000000133e+00,3.469703297457509342e-03,5.117129600481969479e-03
-1.209999999999999964e+00,3.468645748090561087e-03,5.242169159828199802e-03
-1.207500000000000018e+00,3.467591701801243324e-03,5.367208719174518597e-03
-1.205000000000000071e+00,3.466541159676306532e-03,5.492248278520749788e-03
-1.202500000000000124e+00,3.465494122864394826e-03,5.617287837866979244e-03
-1.199999999999999956e+00,3.464450592576362106e-03,5.742327397213298906e-03
-1.197500000000000009e+00,3.463410570086106026e-03,5.832885922892410389e-03
-1.195000000000000062e+00,3.462374056731008613e-03,5.923444448571521005e-03
-1.192500000000000115e+00,3.461341053912618450e-03,6.014002974250632488e-03
-1.189999999999999947e+00,3.460311563097477269e-03,6.104561499929807289e-03
-1.187500000000000000e+00,3.459285585817491182e-03,6.195120025608918772e-03
-1.185000000000000053e+00,3.458263123670562555e-03,6.285678551288030255e-03
-1.182500000000000107e+00,3.457244178321652959e-03,6.376237076967140871e-03
-1.179999999999999938e+00,3.456228751503078074e-03,6.466795602646316539e-03
-1.177499999999999991e+00,3.455216845015321274e-03,6.557354128325428022e-03
-1.175000000000000044e+00,3.454208460727769582e-03,6.647912654004538638e-03
-1.172500000000000098e+00,3.453203600579328198e-03,6.689513625835803549e-03
-1.169999999999999929e+00,3.452202266579362452e-03,6.731114597667038971e-03
-1.167499999999999982e+00,3.451204460808006587e-03,6.772715569498274392e-03
-1.165000000000000036e+00,3.450210185417437042e-03,6.814316541329539303e-03
-1.162500000000000089e+00,3.449219442632163457e-03,6.855917513160774725e-03
-1.159999999999999920e+00,3.448232234750099427e-03,6.897518484992010146e-03
-1.157499999999999973e+00,3.447248564143265935e-03,6.939119456823245567e-03
-1.155000000000000027e+00,3.446268433258489576e-03,6.980720428654510479e-03
-1.152500000000000080e+00,3.445291844618326299e-03,7.022321400485745900e-03
-1.150000000000000133e+00,3.444318800821833358e-03,7.063922372316981321e-03
-1.147499999999999964e+00,3.443349304545347770e-03,7.050572475892007834e-03
-1.145000000000000018e+00,3.442383358543347604e-03,7.037222579467025674e-03
-1.142500000000000071e+00,3.441420965649449881e-03,7.023872683042052187e-03
-1.140000000000000124e+00,3.440462128777197273e-03,7.010522786617078700e-03
-1.137499999999999956e+00,3.439506850920712958e-03,6.997172890192096539e-03
-1.135000000000000009e+00,3.438555135156058477e-03,6.983822993767123052e-03
-1.132500000000000062e+00,3.437606984641673486e-03,6.970473097342149565e-03
-1.130000000000000115e+00,3.436662402619756595e-03,6.957123200917176079e-03
-1.127499999999999947e+00,3.435721392416717264e-03,6.943773304492193918e-03
-1.125000000000000000e+00,3.434783957444619094e-03,6.930423408067220431e-03
-1.122500000000000053e+00,3.433850101201820371e-03,6.865295789589824504e-03
-1.120000000000000107e+00,3.432919827273976307e-03,6.800168171112428578e-03
-1.117499999999999938e+00,3.431993139335445028e-03,6.735040552634986681e-03
-1.114999999999999991e+00,3.431070041149685695e-03,6.669912934157591622e-03
-1.112500000000000044e+00,3.430150536570706135e-03,6.604785315680195695e-03
-1.110000000000000098e+00,3.429234629544188236e-03,6.539657697202753799e-03
-1.107499999999999929e+00,3.428322324108220871e-03,6.474530078725357872e-03
-1.104999999999999982e+00,3.427413624394564078e-03,6.409402460247961945e-03
-1.102500000000000036e+00,3.426508534629802653e-03,6.344274841770520049e-03
-1.100000000000000089e+00,3.425607059136545271e-03,6.279147223293124122e-03
-1.097499999999999920e+00,3.424709202334249355e-03,6.173653653135808758e-03
-1.094999999999999973e+00,3.423814968740761071e-03,6.068160082978493394e-03
-1.092500000000000027e+00,3.422924362973176621e-03,5.962666512821103437e-03
-1.090000000000000080e+00,3.422037389749408697e-03,5.857172942663788073e-03
-1.087500000000000133e+00,3.421154053888882107e-03,5.751679372506473577e-03
-1.084999999999999964e+00,3.420274360314317502e-03,5.646185802349158213e-03
-1.082500000000000018e+00,3.419398314052684174e-03,5.540692232191768256e-03
-1.080000000000000071e+00,3.418525920236569621e-03,5.435198662034452892e-03
-1.077500000000000124e+00,3.417657184105461505e-03,5.329705091877137528e-03
-1.074999999999999956e+00,3.416792111007102475e-03,5.224211521719747571e-03
-1.072500000000000009e+00,3.415930706398754776e-03,5.095722884659282040e-03
-1.070000000000000062e+00,3.415072975848765409e-03,4.967234247598815641e-03
-1.067500000000000115e+00,3.414218925037798644e-03,4.838745610538350110e-03
-1.064999999999999947e+00,3.413368559760006967e-03,4.710256973477793506e-03
-1.062500000000000000e+00,3.412521885925177360e-03,4.581768336417327975e-03
-1.060000000000000053e+00,3.411678909559504556e-03,4.453279699356861576e-03
-1.057500000000000107e+00,3.410839636807454570e-03,4.324791062296396045e-03
-1.054999999999999938e+00,3.410004073933084381e-03,4.196302425235838574e-03
-1.052499999999999991e+00,3.409172227321746740e-03,4.067813788175373042e-03
-1.050000000000000044e+00,3.408344103481603712e-03,3.939325151114907511e-03
-1.047500000000000098e+00,3.407519709045067364e-03,3.807940973019969394e-03
-1.044999999999999929e+00,3.406699050770584797e-03,3.676556794925124952e-03
-1.042499999999999982e+00,3.405882135544321260e-03,3.545172616830280076e-03
-1.040000000000000036e+00,3.405068970381789923e-03,3.413788438735341959e-03
-1.037500000000000089e+00,3.404259562429368027e-03,3.282404260640497517e-03
-1.034999999999999920e+00,3.403453918966377681e-03,3.151020082545652641e-03
-1.032499999999999973e+00,3.402652047406575127e-03,3.019635904450808199e-03
-1.030000000000000027e+00,3.401853955300065870e-03,2.888251726355870082e-03
-1.027500000000000080e+00,3.401059650335059789e-03,2.756867548261025640e-03
-1.024999999999999911e+00,3.400269140339796676e-03,2.625483370166180764e-03
-1.022499999999999964e+00,3.399482433284427545e-03,2.510318642049565088e-03
-1.020000000000000018e+00,3.398699537283056838e-03,2.395153913932867879e-03
-1.017500000000000071e+00,3.397920460595207394e-03,2.279989185816252203e-03
-1.015000000000000124e+00,3.397145211628514478e-03,2.164824457699636960e-03
-1.012499999999999956e+00,3.396373798940288766e-03,2.049659729582939752e-03
-1.010000000000000009e+00,3.395606231239621433e-03,1.934495001466324075e-03
-1.007500000000000062e+00,3.394842517389654903e-03,1.819330273349708399e-03
-1.005000000000000115e+00,3.394082666409581252e-03,1.704165545233092939e-03
-1.002499999999999947e+00,3.393326687476845745e-03,1.589000817116395514e-03
-1.000000000000000000e+00,3.392574589929256684e-03,1.473836088999780055e-03
-9.975000000000000533e-01,3.391826383267583598e-03,1.389285863150461781e-03
-9.949999999999999956e-01,3.391082077157421201e-03,1.304735637301083226e-03
-9.925000000000000488e-01,3.390341681431621474e-03,1.220185411451764953e-03
-9.899999999999999911e-01,3.389605206093012843e-03,1.135635185602446679e-03
-9.875000000000000444e-01,3.388872661316363888e-03,1.051084959753128406e-03
-9.849999999999999867e-01,3.388144057450974585e-03,9.665347339037498511e-04
-9.825000000000000400e-01,3.387419405023364260e-03,8.819845080544315777e-04
-9.799999999999999822e-01,3.386698714739600456e-03,7.974342822051131959e-04
-9.775000000000000355e-01,3.385981997488068853e-03,7.128840563557347493e-04
-9.749999999999999778e-01,3.385269264341889302e-03,6.283338305064163675e-04
-9.725000000000000311e-01,3.384560526561902587e-03,5.807056783096758339e-04
-9.699999999999999734e-01,3.383855795599040490e-03,5.330775261129353003e-04
-9.675000000000000266e-01,3.383155083097536767e-03,4.854493739161609396e-04
-9.649999999999999689e-01,3.382458400897255142e-03,4.378212217194204061e-04
-9.625000000000000222e-01,3.381765761037144880e-03,3.901930695226799267e-04
-9.599999999999999645e-01,3.381077175757906186e-03,3.425649173259393931e-04
-9.575000000000000178e-01,3.380392657504678166e-03,2.949367651291650324e-04
-9.550000000000000711e-01,3.379712218930705156e-03,2.473086129324244989e-04
-9.525000000000000133e-01,3.379035872900081061e-03,1.996804607356840195e-04
-9.500000000000000666e-01,3.378363632490979408e-03,1.520523085389096859e-04
-9.475000000000000089e-01,3.377695510998805339e-03,1.368470776850208776e-04
-9.450000000000000622e-01,3.377031521939609111e-03,1.216418468311320693e-04
-9.425000000000000044e-01,3.376371679053411564e-03,1.064366159772432610e-04
-9.400000000000000577e-01,3.375715996307611117e-03,9.123138512334365128e-05
-9.375000000000000000e-01,3.375064487900404642e-03,7.602615426945484296e-05
-9.350000000000000533e-01,3.374417168264248236e-03,6.082092341556603464e-05
-9.324999999999999956e-01,3.373774052069884819e-03,4.561569256166642496e-05
-9.300000000000000488e-01,3.373135154229352142e-03,3.041046170777761664e-05
-9.274999999999999911e-01,3.372500489900323497e-03,1.520523085388880832e-05
-9.250000000000000444e-01,3.371870074489588445e-03,0.000000000000000000e+00
-9.224999999999999867e-01,3.371243923657180584e-03,0.000000000000000000e+00
-9.200000000000000400e-01,3.370622053320090732e-03,0.000000000000000000e+00
-9.174999999999999822e-01,3.370004479656393392e-03,0.000000000000000000e+00
-9.150000000000000355e-01,3.369391219109544970e-03,0.000000000000000000e+00
-9.124999999999999778e-01,3.368782288392386214e-03,0.000000000000000000e+00
-9.100000000000000311e-01,3.368177704491431747e-03,0.000000000000000000e+00
-9.074999999999999734e-01,3.367577484671199078e-03,0.000000000000000000e+00
-9.050000000000000266e-01,3.366981646478868929e-03,0.000000000000000000e+00
-9.024999999999999689e-01,3.366390207748646331e-03,0.000000000000000000e+00
-9.000000000000000222e-01,3.365803186606424868e-03,0.000000000000000000e+00
-8.974999999999999645e-01,3.365220601474429654e-03,0.000000000000000000e+00
-8.950000000000000178e-01,3.364642471076132683e-03,0.000000000000000000e+00
-8.925000000000000711e-01,3.364068814441221068e-03,0.000000000000000000e+00
-8.900000000000000133e-01,3.363499650910261284e-03,0.000000000000000000e+00
-8.875000000000000666e-01,3.362935000140070737e-03,0.000000000000000000e+00
-8.850000000000000089e-01,3.362374882108987856e-03,0.000000000000000000e+00
-8.825000000000000622e-01,3.361819317121995596e-03,0.000000000000000000e+00
-8.800000000000000044e-01,3.361268325816012346e-03,0.000000000000000000e+00
-8.775000000000000577e-01,3.360721929165909252e-03,0.000000000000000000e+00
-8.750000000000000000e-01,3.360180148489498846e-03,0.000000000000000000e+00
-8.725000000000000533e-01,3.359643005453616989e-03,3.876147323534620800e-06
-8.699999999999999956e-01,3.359110522080154069e-03,7.752294647071996151e-06
-8.675000000000000488e-01,3.358582720751653386e-03,1.162844197060661695e-05
-8.649999999999999911e-01,3.358059624217411745e-03,1.550458929414123775e-05
-8.625000000000000444e-01,3.357541255600156836e-03,1.938073661767585686e-05
-8.599999999999999867e-01,3.357027638401950936e-03,2.325688394121323390e-05
-8.575000000000000400e-01,3.356518796510850073e-03,2.713303126474785301e-05
-8.549999999999999822e-01,3.356014754207277840e-03,3.100917858828247550e-05
-8.525000000000000355e-01,3.355515536171393195e-03,3.488532591181984577e-05
-8.499999999999999778e-01,3.355021167489115157e-03,3.876147323535447165e-05
-8.475000000000000311e-01,3.354531673659793319e-03,6.881001754444808580e-05
-8.449999999999999734e-01,3.354047080603161056e-03,9.885856185354171351e-05
-8.425000000000000266e-01,3.353567414666622660e-03,1.289071061626566729e-04
-8.399999999999999689e-01,3.353092702632897402e-03,1.589556504717503141e-04
-8.375000000000000222e-01,3.352622971727331827e-03,1.890041947808439283e-04
-8.349999999999999645e-01,3.352158249626108460e-03,2.190527390899375424e-04
-8.325000000000000178e-01,3.351698564463886833e-03,2.491012833990525425e-04
-8.300000000000000711e-01,3.351243944842073347e-03,2.791498277081461837e-04
-8.275000000000000133e-01,3.350794419837022607e-03,3.091983720172397166e-04
-8.250000000000000666e-01,3.350350019008721016e-03,3.392469163263547166e-04
-8.225000000000000089e-01,3.349910772409031914e-03,4.055036036417249135e-04
-8.200000000000000622e-01,3.349476710591176281e-03,4.717602909570951103e-04
-8.175000000000000044e-01,3.349047864618006493e-03,5.380169782724653071e-04
-8.150000000000000577e-01,3.348624266071938485e-03,6.042736655878826668e-04
-8.125000000000000000e-01,3.348205947063933284e-03,6.705303529032528636e-04
-8.100000000000000533e-01,3.347792940243151175e-03,7.367870402186231689e-04
-8.074999999999999956e-01,3.347385278806990980e-03,8.030437275340404201e-04
-8.050000000000000488e-01,3.346982996511127170e-03,8.693004148494106170e-04
-8.024999999999999911e-01,3.346586127679487994e-03,9.355571021647808138e-04
-8.000000000000000444e-01,3.346194707215232374e-03,1.001813789480151011e-03
-7.974999999999999867e-01,3.345808770610895003e-03,1.103825132741648521e-03
-7.950000000000000400e-01,3.345428353959933529e-03,1.205836476003073606e-03
-7.924999999999999822e-01,3.345053493967619588e-03,1.307847819264498692e-03
-7.900000000000000355e-01,3.344684227962449810e-03,1.409859162525996202e-03
-7.874999999999999778e-01,3.344320593907974468e-03,1.511870505787421288e-03
-7.850000000000000311e-01,3.343962630414908880e-03,1.613881849048846157e-03
-7.824999999999999734e-01,3.343610376752957723e-03,1.715893192310271242e-03
-7.800000000000000266e-01,3.343263872863957726e-03,1.817904535571768752e-03
-7.774999999999999689e-01,3.342923159373932702e-03,1.919915878833193838e-03
-7.750000000000000222e-01,3.342588277606926665e-03,2.021927222094618923e-03
-7.724999999999999645e-01,3.342259269597808689e-03,2.150991945530793086e-03
-7.700000000000000178e-01,3.341936178106236568e-03,2.280056668967059188e-03
-7.675000000000000711e-01,3.341619046630571032e-03,2.409121392403233350e-03
-7.650000000000000133e-01,3.341307919422474744e-03,2.538186115839407512e-03
-7.625000000000000666e-01,3.341002841501059840e-03,2.667250839275673614e-03
-7.600000000000000089e-01,3.340703858668357760e-03,2.796315562711847776e-03
-7.575000000000000622e-01,3.340411017524315927e-03,2.925380286148021938e-03
-7.550000000000000044e-01,3.340124365482804916e-03,3.054445009584196100e-03
-7.525000000000000577e-01,3.339843950787371035e-03,3.183509733020462203e-03
-7.500000000000000000e-01,3.339569822527945191e-03,3.312574456456636365e-03
-7.475000000000000533e-01,3.339302030657496229e-03,3.454336593995125781e-03
-7.449999999999999956e-01,3.339040626009235919e-03,3.596098731533716245e-03
-7.425000000000000488e-01,3.338785660314370820e-03,3.737860869072205661e-03
-7.399999999999999911e-01,3.338537186220093961e-03,3.879623006610695510e-03
-7.375000000000000444e-01,3.338295257308071355e-03,4.021385144149185360e-03
-7.349999999999999867e-01,3.338059928113121938e-03,4.163147281687775390e-03
-7.325000000000000400e-01,3.337831254143188136e-03,4.304909419226264806e-03
-7.299999999999999822e-01,3.337609291898355809e-03,4.446671556764755090e-03
-7.275000000000000355e-01,3.337394098891826623e-03,4.588433694303345120e-03
-7.249999999999999778e-01,3.337185733670353961e-03,4.730195831841834536e-03
-7.225000000000000311e-01,3.336984255835678034e-03,4.867438152658784024e-03
-7.199999999999999734e-01,3.336789726066415052e-03,5.004680473475732645e-03
-7.175000000000000266e-01,3.336602206140105564e-03,5.141922794292779278e-03
-7.149999999999999689e-01,3.336421758956566001e-03,5.279165115109728766e-03
-7.125000000000000222e-01,3.336248448561009074e-03,5.416407435926677387e-03
-7.099999999999999645e-01,3.336082340168168570e-03,5.553649756743626875e-03
-7.075000000000000178e-01,3.335923500187092886e-03,5.690892077560673508e-03
-7.049999999999999600e-01,3.335771996246181433e-03,5.828134398377622996e-03
-7.025000000000000133e-01,3.335627897219122645e-03,5.965376719194571617e-03
-7.000000000000000666e-01,3.335491273251620439e-03,6.102619040011618250e-03
-6.975000000000000089e-01,3.335362195788350512e-03,6.218063988016587183e-03
-6.950000000000000622e-01,3.335240737600879846e-03,6.333508936021556984e-03
-6.925000000000000044e-01,3.335126972816442742e-03,6.448953884026525918e-03
-6.900000000000000577e-01,3.335020976946979215e-03,6.564398832031577251e-03
-6.875000000000000000e-01,3.334922826919348247e-03,6.679843780036546184e-03
-6.850000000000000533e-01,3.334832601106304736e-03,6.795288728041515118e-03
-6.824999999999999956e-01,3.334750379357688099e-03,6.910733676046566451e-03
-6.800000000000000488e-01,3.334676243033563720e-03,7.026178624051535385e-03
-6.774999999999999911e-01,3.334610275036506161e-03,7.141623572056505186e-03
-6.750000000000000444e-01,3.334552559846760272e-03,7.257068520061474119e-03
-6.724999999999999867e-01,3.334503183556593049e-03,7.335957206014157711e-03
-6.700000000000000400e-01,3.334462233906499914e-03,7.414845891966784924e-03
-6.674999999999999822e-01,3.334429800322059358e-03,7.493734577919413005e-03
-6.650000000000000355e-01,3.334405973951804544e-03,7.572623263872096597e-03
-6.624999999999999778e-01,3.334390847705908083e-03,7.651511949824723810e-03
-6.600000000000000311e-01,3.334384516296485731e-03,7.730400635777351023e-03
-6.574999999999999734e-01,3.334387076277975544e-03,7.809289321729978237e-03
-6.550000000000000266e-01,3.334398626089778248e-03,7.888178007682662696e-03
-6.524999999999999689e-01,3.334419266099110119e-03,7.967066693635289909e-03
-6.500000000000000222e-01,3.334449098645239293e-03,8.045955379587917122e-03
-6.474999999999999645e-01,3.334488228085242568e-03,8.078159584904971366e-03
-6.450000000000000178e-01,3.334536760840845545e-03,8.110363790222048161e-03
-6.424999999999999600e-01,3.334594805446215986e-03,8.142567995539104139e-03
-6.400000000000000133e-01,3.334662472597646303e-03,8.174772200856158383e-03
-6.375000000000000666e-01,3.334739875203797214e-03,8.206976406173235178e-03
-6.350000000000000089e-01,3.334827128438508804e-03,8.239180611490289421e-03
-6.325000000000000622e-01,3.334924349793737773e-03,8.271384816807343665e-03
-6.300000000000000044e-01,3.335031659134946730e-03,8.303589022124399643e-03
-6.275000000000000577e-01,3.335149178757624514e-03,8.335793227441476438e-03
-6.250000000000000000e-01,3.335277033445491375e-03,8.367997432758530682e-03
-6.225000000000000533e-01,3.335415350530165652e-03,8.349438499740624575e-03
-6.199999999999999956e-01,3.335564259952995391e-03,8.330879566722706325e-03
-6.175000000000000488e-01,3.335723894328025772e-03,8.312320633704800218e-03
-6.149999999999999911e-01,3.335894389006963199e-03,8.293761700686894112e-03
-6.125000000000000444e-01,3.336075882146658216e-03,8.275202767668988005e-03
-6.099999999999999867e-01,3.336268514777112736e-03,8.256643834651069755e-03
-6.075000000000000400e-01,3.336472430873039553e-03,8.238084901633163648e-03
-6.049999999999999822e-01,3.336687777426288349e-03,8.219525968615257541e-03
-6.025000000000000355e-01,3.336914704520967025e-03,8.200967035597339291e-03
-5.999999999999999778e-01,3.337153365410784351e-03,8.182408102579433185e-03
-5.975000000000000311e-01,3.337403916598000262e-03,8.115615689701349486e-03
-5.949999999999999734e-01,3.337666517915906326e-03,8.048823276823265788e-03
-5.925000000000000266e-01,3.337941332612412524e-03,7.982030863945133517e-03
-5.899999999999999689e-01,3.338228527436946057e-03,7.915238451067049819e-03
-5.875000000000000222e-01,3.338528272729858557e-03,7.848446038188966120e-03
-5.849999999999999645e-01,3.338840742514283168e-03,7.781653625310882422e-03
-5.825000000000000178e-01,3.339166114590706030e-03,7.714861212432751018e-03
-5.799999999999999600e-01,3.339504570634779096e-03,7.648068799554666453e-03
-5.775000000000000133e-01,3.339856296297714217e-03,7.581276386676582754e-03
-5.750000000000000666e-01,3.340221481309907283e-03,7.514483973798451351e-03
-5.725000000000000089e-01,3.340600319587747752e-03,7.408222065533435347e-03
-5.700000000000000622e-01,3.340993009343416666e-03,7.301960157268419342e-03
-5.675000000000000044e-01,3.341399753198713574e-03,7.195698249003403338e-03
-5.650000000000000577e-01,3.341820758301900125e-03,7.089436340738311873e-03
-5.625000000000000000e-01,3.342256236447903404e-03,6.983174432473296736e-03
-5.600000000000000533e-01,3.342706404203323999e-03,6.876912524208280732e-03
-5.574999999999999956e-01,3.343171483034045304e-03,6.770650615943189267e-03
-5.550000000000000488e-01,3.343651699438268156e-03,6.664388707678173263e-03
-5.524999999999999911e-01,3.344147285082324939e-03,6.558126799413157258e-03
-5.500000000000000444e-01,3.344658476941993197e-03,6.451864891148141254e-03
-5.474999999999999867e-01,3.345185517447734486e-03,6.319866906136156065e-03
-5.450000000000000400e-01,3.345728654634711960e-03,6.187868921124265419e-03
-5.424999999999999822e-01,3.346288142297581484e-03,6.055870936112373905e-03
-5.400000000000000355e-01,3.346864240150648241e-03,5.923872951100388716e-03
-5.374999999999999778e-01,3.347457213992547503e-03,5.791874966088497202e-03
-5.350000000000000311e-01,3.348067335877417169e-03,5.659876981076606556e-03
-5.324999999999999734e-01,3.348694884290296953e-03,5.527878996064715042e-03
-5.300000000000000266e-01,3.349340144329415736e-03,5.395881011052729853e-03
-5.274999999999999689e-01,3.350003407894242523e-03,5.263883026040839207e-03
-5.250000000000000222e-01,3.350684973879748153e-03,5.131885041028947693e-03
-5.224999999999999645e-01,3.351385148376636626e-03,4.990852056199362487e-03
-5.200000000000000178e-01,3.352104244879720949e-03,4.849819071369677534e-03
-5.174999999999999600e-01,3.352842584501629798e-03,4.708786086540093195e-03
-5.150000000000000133e-01,3.353600496195294472e-03,4.567753101710507989e-03
-5.124999999999999556e-01,3.354378316982843493e-03,4.426720116880823036e-03
-5.100000000000000089e-01,3.355176392193190762e-03,4.285687132051237830e-03
-5.075000000000000622e-01,3.355995075707364494e-03,4.144654147221653491e-03
-5.050000000000000044e-01,3.356834730212659816e-03,4.003621162392068285e-03
-5.025000000000000577e-01,3.357695727465213453e-03,3.862588177562383332e-03
-5.000000000000000000e-01,3.358578448562082961e-03,3.721555192732798559e-03
-4.974999999999999978e-01,3.359483284223143632e-03,3.588657450436085871e-03
-4.949999999999999956e-01,3.360410635082265729e-03,3.455759708139279074e-03
-4.924999999999999933e-01,3.361360911989429157e-03,3.322861965842566385e-03
-4.899999999999999911e-01,3.362334536323344052e-03,3.189964223545853697e-03
-4.874999999999999889e-01,3.363331940315409090e-03,3.057066481249141442e-03
-4.849999999999999867e-01,3.364353567385665409e-03,2.924168738952334645e-03
-4.824999999999999845e-01,3.365399872489926916e-03,2.791270996655621957e-03
-4.799999999999999822e-01,3.366471322480983110e-03,2.658373254358909268e-03
-4.775000000000000355e-01,3.367568396481671750e-03,2.525475512062102038e-03
-4.750000000000000333e-01,3.368691586273009353e-03,2.392577769765389783e-03
-4.725000000000000311e-01,3.369841396695490848e-03,2.282741029874786262e-03
-4.700000000000000289e-01,3.371018346066127942e-03,2.172904289984182741e-03
-4.675000000000000266e-01,3.372222966610887059e-03,2.063067550093501592e-03
-4.650000000000000244e-01,3.373455804913310513e-03,1.953230810202898071e-03
-4.625000000000000222e-01,3.374717422380104151e-03,1.843394070312294551e-03
-4.600000000000000200e-01,3.376008395724773917e-03,1.733557330421691030e-03
-4.575000000000000178e-01,3.377329317469174308e-03,1.623720590531009663e-03
-4.550000000000000155e-01,3.378680796465067301e-03,1.513883850640406143e-03
-4.525000000000000133e-01,3.380063458435044257e-03,1.404047110749802839e-03
-4.500000000000000111e-01,3.381477946535352622e-03,1.294210370859121256e-03
-4.475000000000000089e-01,3.382924921939988155e-03,1.217456975693159953e-03
-4.450000000000000067e-01,3.384405064448354691e-03,1.140703580527198651e-03
-4.425000000000000044e-01,3.385919073116265034e-03,1.063950185361237349e-03
-4.400000000000000022e-01,3.387467666913054204e-03,9.871967901952214026e-04
-4.375000000000000000e-01,3.389051585403657970e-03,9.104433950292601004e-04
-4.349999999999999978e-01,3.390671589459626992e-03,8.336899998632987981e-04
-4.324999999999999956e-01,3.392328461997456360e-03,7.569366046972828520e-04
-4.299999999999999933e-01,3.394023008748027828e-03,6.801832095313215497e-04
-4.274999999999999911e-01,3.395756059057184698e-03,6.034298143653601390e-04
-4.249999999999999889e-01,3.397528466719230023e-03,5.266764191993988367e-04
-4.224999999999999867e-01,3.399341110844725060e-03,4.857309220356031141e-04
-4.199999999999999845e-01,3.401194896764887354e-03,4.447854248718365565e-04
-4.174999999999999822e-01,3.403090756973866076e-03,4.038399277080699447e-04
-4.150000000000000355e-01,3.405029652110458469e-03,3.628944305442742221e-04
-4.125000000000000333e-01,3.407012571981405443e-03,3.219489333805076103e-04
-4.100000000000000311e-01,3.409040536628787314e-03,2.810034362167410527e-04
-4.075000000000000289e-01,3.411114597442948659e-03,2.400579390529744409e-04
-4.050000000000000266e-01,3.413235838323719611e-03,1.991124418891787183e-04
-4.025000000000000244e-01,3.415405376891621041e-03,1.581669447254121065e-04
-4.000000000000000222e-01,3.417624365752834452e-03,1.172214475616455490e-04
-3.975000000000000200e-01,3.419893993818996520e-03,1.054993028054834877e-04
-3.950000000000000178e-01,3.422215487686308590e-03,9.377715804931310525e-05
-3.925000000000000155e-01,3.424590113075283871e-03,8.205501329315104402e-05
-3.900000000000000133e-01,3.427019176335700280e-03,7.033286853698899634e-05
-3.875000000000000111e-01,3.429504026019182354e-03,5.861072378081861386e-05
-3.850000000000000089e-01,3.432046054523512670e-03,4.688857902465655262e-05
-3.825000000000000067e-01,3.434646699811803958e-03,3.516643426849450495e-05
-3.800000000000000044e-01,3.437307447210701319e-03,2.344428951233244371e-05
-3.775000000000000022e-01,3.440029831293060260e-03,1.172214475616206123e-05
-3.750000000000000000e-01,3.442815437846454951e-03,0.000000000000000000e+00
-3.724999999999999978e-01,3.445665905936095338e-03,0.000000000000000000e+00
-3.699999999999999956e-01,3.448582930063853139e-03,0.000000000000000000e+00
-3.674999999999999933e-01,3.451568262431032111e-03,0.000000000000000000e+00
-3.649999999999999911e-01,3.454623715308852931e-03,0.000000000000000000e+00
-3.624999999999999889e-01,3.457751163523551264e-03,0.000000000000000000e+00
-3.599999999999999867e-01,3.460952547062475827e-03,0.000000000000000000e+00
-3.574999999999999845e-01,3.464229873807271858e-03,0.000000000000000000e+00
-3.549999999999999822e-01,3.467585222401560301e-03,0.000000000000000000e+00
-3.524999999999999800e-01,3.471020745262060406e-03,0.000000000000000000e+00
-3.500000000000000333e-01,3.474538671738209867e-03,0.000000000000000000e+00
-3.475000000000000311e-01,3.478141311432517927e-03,0.000000000000000000e+00
-3.450000000000000289e-01,3.481831057688633720e-03,0.000000000000000000e+00
-3.425000000000000266e-01,3.485610391256423191e-03,0.000000000000000000e+00
-3.400000000000000244e-01,3.489481884147784506e-03,0.000000000000000000e+00
-3.375000000000000222e-01,3.493448203689730139e-03,0.000000000000000000e+00
-3.350000000000000200e-01,3.497512116790812628e-03,0.000000000000000000e+00
-3.325000000000000178e-01,3.501676494430917223e-03,0.000000000000000000e+00
-3.300000000000000155e-01,3.505944316389051230e-03,0.000000000000000000e+00
-3.275000000000000133e-01,3.510318676223921595e-03,0.000000000000000000e+00
-3.250000000000000111e-01,3.514802786521612626e-03,0.000000000000000000e+00
-3.225000000000000089e-01,3.519399984428462670e-03,0.000000000000000000e+00
-3.200000000000000067e-01,3.524113737485547182e-03,0.000000000000000000e+00
-3.175000000000000044e-01,3.528947649784196661e-03,0.000000000000000000e+00
-3.150000000000000022e-01,3.533905468463993237e-03,0.000000000000000000e+00
-3.125000000000000000e-01,3.538991090573318822e-03,0.000000000000000000e+00
-3.099999999999999978e-01,3.544208570316026256e-03,0.000000000000000000e+00
-3.074999999999999956e-01,3.549562126711642510e-03,0.000000000000000000e+00
-3.049999999999999933e-01,3.555056151692711358e-03,0.000000000000000000e+00
-3.024999999999999911e-01,3.560695218670497080e-03,0.000000000000000000e+00
-2.999999999999999889e-01,3.566484091599378230e-03,0.000000000000000000e+00
-2.974999999999999867e-01,3.572427734574157125e-03,1.070192365418620624e-05
-2.949999999999999845e-01,3.578531321993750920e-03,2.140384730836480950e-05
-2.924999999999999822e-01,3.584800249333995690e-03,3.210577096254341108e-05
-2.899999999999999800e-01,3.591240144568053159e-03,4.280769461672961901e-05
-2.875000000000000333e-01,3.597856880280267920e-03,5.350961827090822397e-05
-2.850000000000000311e-01,3.604656586523319849e-03,6.421154192508682216e-05
-2.825000000000000289e-01,3.611645664468839893e-03,7.491346557926542712e-05
-2.800000000000000266e-01,3.618830800910057422e-03,8.561538923345163505e-05
-2.775000000000000244e-01,3.626218983676642808e-03,9.631731288763024001e-05
-2.750000000000000222e-01,3.633817518027527681e-03,1.070192365418088450e-04
-2.725000000000000200e-01,3.641634044094972395e-03,1.714516409969026197e-04
-2.700000000000000178e-01,3.649676555454221816e-03,2.358840454520421477e-04
-2.675000000000000155e-01,3.657953418907195203e-03,3.003164499071359224e-04
-2.650000000000000133e-01,3.666473395567016163e-03,3.647488543622296971e-04
-2.625000000000000111e-01,3.675245663343908609e-03,4.291812588173692252e-04
-2.600000000000000089e-01,3.684279840941810484e-03,4.936136632724629457e-04
-2.575000000000000067e-01,3.693586013478890751e-03,5.580460677275567204e-04
-2.550000000000000044e-01,3.703174759860702187e-03,6.224784721826504951e-04
-2.525000000000000022e-01,3.713057182044967285e-03,6.869108766377901316e-04
-2.500000000000000000e-01,3.723244936347147940e-03,7.513432810928837979e-04
-2.474999999999999978e-01,3.733750266951021708e-03,8.972822796328958376e-04
-2.449999999999999956e-01,3.744586041804777356e-03,1.043221278173011527e-03
-2.424999999999999933e-01,3.755765791096872357e-03,1.189160276713023458e-03
-2.399999999999999911e-01,3.767303748525861577e-03,1.335099275253035607e-03
-2.375000000000000167e-01,3.779214895599340273e-03,1.481038273793047755e-03
-2.350000000000000144e-01,3.791515009216712973e-03,1.626977272333163336e-03
-2.325000000000000122e-01,3.804220712817512999e-03,1.772916270873175267e-03
-2.300000000000000100e-01,3.817349531403369921e-03,1.918855269413187415e-03
-2.275000000000000078e-01,3.830919950772900418e-03,2.064794267953302780e-03
-2.250000000000000056e-01,3.844951481339967114e-03,2.210733266493315145e-03
-2.225000000000000033e-01,3.859464726945306852e-03,2.450523658949080221e-03
-2.200000000000000011e-01,3.874481459114125555e-03,2.690314051404845731e-03
-2.174999999999999989e-01,3.890024697253868964e-03,2.930104443860780811e-03
-2.149999999999999967e-01,3.906118795342972128e-03,3.169894836316546321e-03
-2.124999999999999944e-01,3.922789535717196609e-03,3.409685228772311397e-03
-2.099999999999999922e-01,3.940064230621956494e-03,3.649475621228076908e-03
-2.075000000000000178e-01,3.957971832276540453e-03,3.889266013684011987e-03
-2.050000000000000155e-01,3.976543052270663410e-03,4.129056406139777063e-03
-2.025000000000000133e-01,3.995810491209949265e-03,4.368846798595543007e-03
-2.000000000000000111e-01,4.015808779624040724e-03,4.608637191051478087e-03
-1.975000000000000089e-01,4.036574731269426328e-03,4.939553026601863246e-03
-1.950000000000000067e-01,4.058147510084494404e-03,5.270468862152248406e-03
-1.925000000000000044e-01,4.080568812203331196e-03,5.601384697702633565e-03
-1.900000000000000022e-01,4.103883064594929242e-03,5.932300533253253780e-03
-1.875000000000000000e-01,4.128137642086045396e-03,6.263216368803638939e-03
-1.849999999999999978e-01,4.153383104730039820e-03,6.594132204354024099e-03
-1.824999999999999956e-01,4.179673457728718712e-03,6.925048039904645181e-03
-1.799999999999999933e-01,4.207066436383673745e-03,7.255963875455030340e-03
-1.774999999999999911e-01,4.235623818862095311e-03,7.586879711005415500e-03
-1.750000000000000167e-01,4.265411769917227397e-03,7.917795546555800659e-03
-1.725000000000000144e-01,4.296501219104945438e-03,8.323161904582931925e-03
-1.700000000000000122e-01,4.328968277500765301e-03,8.728528262609776961e-03
-1.675000000000000100e-01,4.362894697449047274e-03,9.133894620636621997e-03
-1.650000000000000078e-01,4.398368380484804843e-03,9.539260978663753263e-03
-1.625000000000000056e-01,4.435483939265821851e-03,9.944627336690596564e-03
-1.600000000000000033e-01,4.474343320162375327e-03,1.034999369471744160e-02
-1.575000000000000011e-01,4.515056494078109953e-03,1.075536005274428490e-02
-1.549999999999999989e-01,4.557742224155558741e-03,1.116072641077141790e-02
-1.524999999999999967e-01,4.602528920271380629e-03,1.156609276879826120e-02
-1.499999999999999944e-01,4.649555591675687272e-03,1.197145912682510624e-02
-1.474999999999999922e-01,4.698972910827757879e-03,1.242271504441717911e-02
-1.449999999999999900e-01,4.750944403453070432e-03,1.287397096200957117e-02
-1.425000000000000155e-01,4.805647782162593071e-03,1.332522687960164404e-02
-1.400000000000000133e-01,4.863276443691368078e-03,1.377648279719371517e-02
-1.375000000000000111e-01,4.924041153006326020e-03,1.422773871478610896e-02
-1.350000000000000089e-01,4.988171941295105674e-03,1.467899463237818010e-02
-1.325000000000000067e-01,5.055920249308979049e-03,1.513025054997025297e-02
-1.300000000000000044e-01,5.127561352800256989e-03,1.558150646756232410e-02
-1.275000000000000022e-01,5.203397113078325580e-03,1.603276238515471616e-02
-1.250000000000000000e-01,5.283759103182639368e-03,1.648401830274678903e-02
-1.224999999999999978e-01,5.369012169120722031e-03,1.694379938786615830e-02
-1.199999999999999956e-01,5.459558496345012606e-03,1.740358047298585023e-02
-1.175000000000000072e-01,5.555842264549736356e-03,1.786336155810521950e-02
-1.150000000000000050e-01,5.658354989451746218e-03,1.832314264322458530e-02
-1.125000000000000028e-01,5.767641669084633618e-03,1.878292372834395457e-02
-1.100000000000000006e-01,5.884307875066213146e-03,1.924270481346364997e-02
-1.074999999999999983e-01,6.009027957261262563e-03,1.970248589858301577e-02
-1.049999999999999961e-01,6.142554564482479579e-03,2.016226698370238504e-02
-1.025000000000000078e-01,6.285729725921613935e-03,2.062204806882207697e-02
-1.000000000000000056e-01,6.439497789851268347e-03,2.108182915394144624e-02
-9.750000000000000333e-02,6.604920580337892561e-03,2.150799937485250307e-02
-9.500000000000000111e-02,6.783195212516995865e-03,2.193416959576355990e-02
-9.249999999999999889e-02,6.975675106613746235e-03,2.236033981667491857e-02
-8.999999999999999667e-02,7.183894865788883859e-03,2.278651003758597540e-02
-8.750000000000000833e-02,7.409599840155716051e-03,2.321268025849703223e-02
-8.500000000000000611e-02,7.654781398183110007e-03,2.363885047940808906e-02
-8.250000000000000389e-02,7.921719179331968355e-03,2.406502070031945120e-02
-8.000000000000000167e-02,8.213031924100727341e-03,2.449119092123050803e-02
-7.749999999999999944e-02,8.531738890775677694e-03,2.491736114214156486e-02
-7.499999999999999722e-02,8.881334399955587156e-03,2.534353136305292353e-02
-7.249999999999999500e-02,9.265878735345020947e-03,2.569391940930617485e-02
-7.000000000000000666e-02,9.690109521451694893e-03,2.604430745555942617e-02
-6.750000000000000444e-02,1.015957886079216568e-02,2.639469550181267749e-02
-6.500000000000000222e-02,1.068082303103790216e-02,2.674508354806617513e-02
-6.250000000000000000e-02,1.126157352922171548e-02,2.709547159431942645e-02
-5.999999999999999778e-02,1.191102085209912002e-02,2.744585964057267777e-02
-5.750000000000000250e-02,1.264014580464696211e-02,2.779624768682617542e-02
-5.500000000000000028e-02,1.346213755838957665e-02,2.814663573307942673e-02
-5.249999999999999806e-02,1.439292339220395525e-02,2.849702377933267805e-02
-5.000000000000000278e-02,1.545184227994588801e-02,2.884741182558592937e-02
-4.750000000000000056e-02,1.666250335184953080e-02,2.908483816386093698e-02
-4.499999999999999833e-02,1.805388046323638113e-02,2.932226450213577459e-02
-4.250000000000000305e-02,1.966170438153996142e-02,2.955969084041061221e-02
-4.000000000000000083e-02,2.153022094462784738e-02,2.979711717868561982e-02
-3.749999999999999861e-02,2.371437865415535612e-02,3.003454351696045743e-02
-3.500000000000000333e-02,2.628247440355222994e-02,3.027196985523529851e-02
-3.250000000000000111e-02,2.931918389249711654e-02,3.050939619351013612e-02
-2.999999999999999889e-02,3.292866044979691348e-02,3.074682253178514374e-02
-2.750000000000000014e-02,3.723686964225473434e-02,3.098424887005998135e-02
-2.500000000000000139e-02,4.239132494651036420e-02,3.122167520833481896e-02
-2.249999999999999917e-02,4.855464259953267553e-02,3.131872401075150997e-02
-2.000000000000000042e-02,5.588575078929900602e-02,3.141577281316827036e-02
-1.750000000000000167e-02,6.449987740614099296e-02,3.151282161558495443e-02
-1.499999999999999944e-02,7.439826897939504080e-02,3.160987041800164543e-02
-1.250000000000000069e-02,8.536649317483034627e-02,3.170691922041840582e-02
-1.000000000000000021e-02,9.686240995506498197e-02,3.180396802283509683e-02
-7.499999999999999722e-03,1.079496839082868948e-01,3.190101682525178783e-02
-5.000000000000000104e-03,1.173578450431355530e-01,3.199806562766847190e-02
-2.500000000000000052e-03,1.237250073422259955e-01,3.209511443008523229e-02
0.000000000000000000e+00,1.259830275874941341e-01,3.219216323250192330e-02
2.500000000000000052e-03,1.237250073422259955e-01,3.213508858099647925e-02
5.000000000000000104e-03,1.173578450431355530e-01,3.207801392949102826e-02
7.499999999999999722e-03,1.079496839082869641e-01,3.202093927798558420e-02
1.000000000000000021e-02,9.686240995506498197e-02,3.196386462648014015e-02
1.250000000000000069e-02,8.536649317483029076e-02,3.190678997497468916e-02
1.499999999999999944e-02,7.439826897939504080e-02,3.184971532346924511e-02
1.750000000000000167e-02,6.449987740614099296e-02,3.179264067196380106e-02
2.000000000000000042e-02,5.588575078929900602e-02,3.173556602045835701e-02
2.249999999999999917e-02,4.855464259953261308e-02,3.167849136895290602e-02
2.500000000000000139e-02,4.239132494651036420e-02,3.162141671744746196e-02
2.750000000000000014e-02,3.723686964225479679e-02,3.141259665167946830e-02
2.999999999999999889e-02,3.292866044979679552e-02,3.120377658591147810e-02
3.250000000000000111e-02,2.931918389249707144e-02,3.099495652014348443e-02
3.500000000000000333e-02,2.628247440355224382e-02,3.078613645437549423e-02
3.749999999999999861e-02,2.371437865415531449e-02,3.057731638860750056e-02
4.000000000000000083e-02,2.153022094462784738e-02,3.036849632283950690e-02
4.250000000000000305e-02,1.966170438153994407e-02,3.015967625707151670e-02
4.499999999999999833e-02,1.805388046323633602e-02,2.995085619130352303e-02
4.750000000000000056e-02,1.666250335184962100e-02,2.974203612553553283e-02
5.000000000000000278e-02,1.545184227994591923e-02,2.953321605976753916e-02
5.249999999999999806e-02,1.439292339220382168e-02,2.919169000176498330e-02
5.500000000000000028e-02,1.346213755838960788e-02,2.885016394376243090e-02
5.750000000000000250e-02,1.264014580464697425e-02,2.850863788575987504e-02
5.999999999999999778e-02,1.191102085209907492e-02,2.816711182775731917e-02
6.250000000000000000e-02,1.126157352922165476e-02,2.782558576975476330e-02
6.500000000000000222e-02,1.068082303103787094e-02,2.748405971175221091e-02
6.750000000000000444e-02,1.015957886079222466e-02,2.714253365374965504e-02
7.000000000000000666e-02,9.690109521451679281e-03,2.680100759574709918e-02
7.249999999999999500e-02,9.265878735345005335e-03,2.645948153774454331e-02
7.499999999999999722e-02,8.881334399955618381e-03,2.611795547974199092e-02
7.749999999999999944e-02,8.531738890775662082e-03,2.567779299173438348e-02
8.000000000000000167e-02,8.213031924100697850e-03,2.523763050372677605e-02
8.250000000000000389e-02,7.921719179332013458e-03,2.479746801571917209e-02
8.500000000000000611e-02,7.654781398183199345e-03,2.435730552771156465e-02
8.750000000000000833e-02,7.409599840155805389e-03,2.391714303970395722e-02
8.999999999999999667e-02,7.183894865788913349e-03,2.347698055169635672e-02
9.249999999999999889e-02,6.975675106613629141e-03,2.303681806368874929e-02
9.500000000000000111e-02,6.783195212517010610e-03,2.259665557568114186e-02
9.750000000000000333e-02,6.604920580337994909e-03,2.215649308767353790e-02
1.000000000000000056e-01,6.439497789851327328e-03,2.171633059966593046e-02
1.025000000000000078e-01,6.285729725921599190e-03,2.122285795389927329e-02
1.049999999999999961e-01,6.142554564482450088e-03,2.072938530813261612e-02
1.074999999999999983e-01,6.009027957261410882e-03,2.023591266236595895e-02
1.100000000000000006e-01,5.884307875066272127e-03,1.974244001659930178e-02
1.125000000000000028e-01,5.767641669084573770e-03,1.924896737083264114e-02
1.150000000000000050e-01,5.658354989451686370e-03,1.875549472506598397e-02
1.175000000000000072e-01,5.555842264549750234e-03,1.826202207929932680e-02
1.199999999999999956e-01,5.459558496345027351e-03,1.776854943353266963e-02
1.224999999999999978e-01,5.369012169120751521e-03,1.727507678776601246e-02
1.250000000000000000e-01,5.283759103182595132e-03,1.678160414199935530e-02
1.275000000000000022e-01,5.203397113078399305e-03,1.628582081717030658e-02
1.300000000000000044e-01,5.127561352800345459e-03,1.579003749234125786e-02
1.325000000000000067e-01,5.055920249308904456e-03,1.529425416751220741e-02
1.350000000000000089e-01,4.988171941295076184e-03,1.479847084268315870e-02
1.375000000000000111e-01,4.924041153006326020e-03,1.430268751785410825e-02
1.400000000000000133e-01,4.863276443691441804e-03,1.380690419302505953e-02
1.425000000000000155e-01,4.805647782162548835e-03,1.331112086819601081e-02
1.449999999999999900e-01,4.750944403453040941e-03,1.281533754336696730e-02
1.474999999999999922e-01,4.698972910827786502e-03,1.231955421853791685e-02
1.499999999999999944e-01,4.649555591675643036e-03,1.182377089370886813e-02
1.524999999999999967e-01,4.602528920271306903e-03,1.137557288358614915e-02
1.549999999999999989e-01,4.557742224155588232e-03,1.092737487346342844e-02
1.575000000000000011e-01,4.515056494078153321e-03,1.047917686334070946e-02
1.600000000000000033e-01,4.474343320162345837e-03,1.003097885321799047e-02
1.625000000000000056e-01,4.435483939265776748e-03,9.582780843095271492e-03
1.650000000000000078e-01,4.398368380484776220e-03,9.134582832972550775e-03
1.675000000000000100e-01,4.362894697449166102e-03,8.686384822849831794e-03
1.700000000000000122e-01,4.328968277500780046e-03,8.238186812727112812e-03
1.725000000000000144e-01,4.296501219104871712e-03,7.789988802604393830e-03
1.750000000000000167e-01,4.265411769917183162e-03,7.341790792481673981e-03
1.774999999999999911e-01,4.235623818862138679e-03,6.982832655743735802e-03
1.799999999999999933e-01,4.207066436383630377e-03,6.623874519005794152e-03
1.824999999999999956e-01,4.179673457728674477e-03,6.264916382267852503e-03
1.849999999999999978e-01,4.153383104729951349e-03,5.905958245529909986e-03
1.875000000000000000e-01,4.128137642086104377e-03,5.547000108791968337e-03
1.900000000000000022e-01,4.103883064594884139e-03,5.188041972054026688e-03
1.925000000000000044e-01,4.080568812203331196e-03,4.829083835316085038e-03
1.950000000000000067e-01,4.058147510084568130e-03,4.470125698578143389e-03
1.975000000000000089e-01,4.036574731269455818e-03,4.111167561840200872e-03
2.000000000000000111e-01,4.015808779624040724e-03,3.752209425102259223e-03
2.025000000000000133e-01,3.995810491209978756e-03,3.509341596971510876e-03
2.050000000000000155e-01,3.976543052270693768e-03,3.266473768840762529e-03
2.075000000000000178e-01,3.957971832276658414e-03,3.023605940710014182e-03
2.099999999999999922e-01,3.940064230622044965e-03,2.780738112579268437e-03
2.124999999999999944e-01,3.922789535717167118e-03,2.537870284448520090e-03
2.149999999999999967e-01,3.906118795343045853e-03,2.295002456317771743e-03
2.174999999999999989e-01,3.890024697253898888e-03,2.052134628187023396e-03
2.200000000000000011e-01,3.874481459114110810e-03,1.809266800056275049e-03
2.225000000000000033e-01,3.859464726945381445e-03,1.566398971925526701e-03
2.250000000000000056e-01,3.844951481339981859e-03,1.323531143794778571e-03
2.275000000000000078e-01,3.830919950772988889e-03,1.203718579965341266e-03
2.300000000000000100e-01,3.817349531403369921e-03,1.083906016135903743e-03
2.325000000000000122e-01,3.804220712817512999e-03,9.640934523064663289e-04
2.350000000000000144e-01,3.791515009216779326e-03,8.442808884770289148e-04
2.375000000000000167e-01,3.779214895599451729e-03,7.244683246475915007e-04
2.399999999999999911e-01,3.767303748525898006e-03,6.046557608181553876e-04
2.424999999999999933e-01,3.755765791096806003e-03,4.848431969887179735e-04
2.449999999999999956e-01,3.744586041804851082e-03,3.650306331592805594e-04
2.474999999999999978e-01,3.733750266951102806e-03,2.452180693298430369e-04
2.500000000000000000e-01,3.723244936347184803e-03,1.254055055004057312e-04
2.525000000000000022e-01,3.713057182044967285e-03,1.128649549503651581e-04
2.550000000000000044e-01,3.703174759860694814e-03,1.003244044003245850e-04
2.575000000000000067e-01,3.693586013478883379e-03,8.778385385028401183e-05
2.600000000000000089e-01,3.684279840941795305e-03,7.524330330024343871e-05
2.625000000000000111e-01,3.675245663343886925e-03,6.270275275020286559e-05
2.650000000000000133e-01,3.666473395566935065e-03,5.016220220016229248e-05
2.675000000000000155e-01,3.657953418907328776e-03,3.762165165012171936e-05
2.700000000000000178e-01,3.649676555454281664e-03,2.508110110008114624e-05
2.725000000000000200e-01,3.641634044094964589e-03,1.254055055004057312e-05
2.750000000000000222e-01,3.633817518027594902e-03,0.000000000000000000e+00
2.775000000000000244e-01,3.626218983676694849e-03,5.600534590038854231e-05
2.800000000000000266e-01,3.618830800910094719e-03,1.120106918007770846e-04
2.825000000000000289e-01,3.611645664468818209e-03,1.680160377011656202e-04
2.850000000000000311e-01,3.604656586523335027e-03,2.240213836015541693e-04
2.875000000000000333e-01,3.597856880280305217e-03,2.800267295019426912e-04
2.899999999999999800e-01,3.591240144568001551e-03,3.360320754023299935e-04
2.924999999999999822e-01,3.584800249333988317e-03,3.920374213027185426e-04
2.949999999999999845e-01,3.578531321993728802e-03,4.480427672031070917e-04
2.974999999999999867e-01,3.572427734574201794e-03,5.040481131034956408e-04
2.999999999999999889e-01,3.566484091599444583e-03,5.600534590038841899e-04
3.024999999999999911e-01,3.560695218670445038e-03,6.764616924374601808e-04
3.049999999999999933e-01,3.555056151692718731e-03,7.928699258710375812e-04
3.074999999999999956e-01,3.549562126711746160e-03,9.092781593046149816e-04
3.099999999999999978e-01,3.544208570316041002e-03,1.025686392738192274e-03
3.125000000000000000e-01,3.538991090573274153e-03,1.142094626171769566e-03
3.150000000000000022e-01,3.533905468464089514e-03,1.258502859605347074e-03
3.175000000000000044e-01,3.528947649784226152e-03,1.374911093038924583e-03
3.200000000000000067e-01,3.524113737485532871e-03,1.491319326472501875e-03
3.225000000000000089e-01,3.519399984428610122e-03,1.607727559906079167e-03
3.250000000000000111e-01,3.514802786521634744e-03,1.724135793339656676e-03
3.275000000000000133e-01,3.510318676223965397e-03,1.877405366448991553e-03
3.300000000000000155e-01,3.505944316389162253e-03,2.030674939558326647e-03
3.325000000000000178e-01,3.501676494430954086e-03,2.183944512667661524e-03
3.350000000000000200e-01,3.497512116790894594e-03,2.337214085776996401e-03
3.375000000000000222e-01,3.493448203689803865e-03,2.490483658886331279e-03
3.400000000000000244e-01,3.489481884147843920e-03,2.643753231995666156e-03
3.425000000000000266e-01,3.485610391256504289e-03,2.797022805105000599e-03
3.450000000000000289e-01,3.481831057688627214e-03,2.950292378214335910e-03
3.475000000000000311e-01,3.478141311432613771e-03,3.103561951323670787e-03
3.500000000000000333e-01,3.474538671738239357e-03,3.256831524433005665e-03
3.524999999999999800e-01,3.471020745262023109e-03,3.414765507033870780e-03
3.549999999999999822e-01,3.467585222401634026e-03,3.572699489634739798e-03
3.574999999999999845e-01,3.464229873807331272e-03,3.730633472235608383e-03
3.599999999999999867e-01,3.460952547062527002e-03,3.888567454836477401e-03
3.624999999999999889e-01,3.457751163523595499e-03,4.046501437437345985e-03
3.649999999999999911e-01,3.454623715308867676e-03,4.204435420038214570e-03
3.674999999999999933e-01,3.451568262431061167e-03,4.362369402639083155e-03
3.699999999999999956e-01,3.448582930063853139e-03,4.520303385239952607e-03
3.724999999999999978e-01,3.445665905936035923e-03,4.678237367840821191e-03
3.750000000000000000e-01,3.442815437846440205e-03,4.836171350441689776e-03
3.775000000000000022e-01,3.440029831293045081e-03,4.965450172255548092e-03
3.800000000000000044e-01,3.437307447210731243e-03,5.094728994069406408e-03
3.825000000000000067e-01,3.434646699811670818e-03,5.224007815883264724e-03
3.850000000000000089e-01,3.432046054523483613e-03,5.353286637697123040e-03
3.875000000000000111e-01,3.429504026019212278e-03,5.482565459510981357e-03
3.900000000000000133e-01,3.427019176335656045e-03,5.611844281324839673e-03
3.925000000000000155e-01,3.424590113075254814e-03,5.741123103138698856e-03
3.950000000000000178e-01,3.422215487686308590e-03,5.870401924952557172e-03
3.975000000000000200e-01,3.419893993819019071e-03,5.999680746766415489e-03
4.000000000000000222e-01,3.417624365752894300e-03,6.128959568580273805e-03
4.025000000000000244e-01,3.415405376891673082e-03,6.202343323799944241e-03
4.050000000000000266e-01,3.413235838323659763e-03,6.275727079019613810e-03
4.075000000000000289e-01,3.411114597442992894e-03,6.349110834239284247e-03
4.100000000000000311e-01,3.409040536628742644e-03,6.422494589458953816e-03
4.125000000000000333e-01,3.407012571981390698e-03,6.495878344678624253e-03
4.150000000000000355e-01,3.405029652110481021e-03,6.569262099898294689e-03
4.174999999999999822e-01,3.403090756973962353e-03,6.642645855117962524e-03
4.199999999999999845e-01,3.401194896764858297e-03,6.716029610337632960e-03
4.224999999999999867e-01,3.399341110844673452e-03,6.789413365557302529e-03
4.249999999999999889e-01,3.397528466719185354e-03,6.862797120776972966e-03
4.274999999999999911e-01,3.395756059057258424e-03,6.864874699779592755e-03
4.299999999999999933e-01,3.394023008748072064e-03,6.866952278782211677e-03
4.324999999999999956e-01,3.392328461997412125e-03,6.869029857784829732e-03
4.349999999999999978e-01,3.390671589459611814e-03,6.871107436787447786e-03
4.375000000000000000e-01,3.389051585403628046e-03,6.873185015790065841e-03
4.400000000000000022e-01,3.387467666913084128e-03,6.875262594792684763e-03
4.425000000000000044e-01,3.385919073116272406e-03,6.877340173795302818e-03
4.450000000000000067e-01,3.384405064448325635e-03,6.879417752797920872e-03
4.475000000000000089e-01,3.382924921940033258e-03,6.881495331800539794e-03
4.500000000000000111e-01,3.381477946535396857e-03,6.883572910803157849e-03
4.525000000000000133e-01,3.380063458435022140e-03,6.814091915358596631e-03
4.550000000000000155e-01,3.378680796465067301e-03,6.744610919914035413e-03
4.575000000000000178e-01,3.377329317469225916e-03,6.675129924469474195e-03
4.600000000000000200e-01,3.376008395724803841e-03,6.605648929024912977e-03
4.625000000000000222e-01,3.374717422380140580e-03,6.536167933580351759e-03
4.650000000000000244e-01,3.373455804913258905e-03,6.466686938135790541e-03
4.675000000000000266e-01,3.372222966610909610e-03,6.397205942691229323e-03
4.700000000000000289e-01,3.371018346066120570e-03,6.327724947246668105e-03
4.725000000000000311e-01,3.369841396695439674e-03,6.258243951802106887e-03
4.750000000000000333e-01,3.368691586273016726e-03,6.188762956357545669e-03
4.775000000000000355e-01,3.367568396481686929e-03,6.062875009012202998e-03
4.799999999999999822e-01,3.366471322480983110e-03,5.936987061666863796e-03
4.824999999999999845e-01,3.365399872489926916e-03,5.811099114321521125e-03
4.849999999999999867e-01,3.364353567385658036e-03,5.685211166976178454e-03
4.874999999999999889e-01,3.363331940315464601e-03,5.559323219630835783e-03
4.899999999999999911e-01,3.362334536323318464e-03,5.433435272285493112e-03
4.924999999999999933e-01,3.361360911989414411e-03,5.307547324940150441e-03
4.949999999999999956e-01,3.360410635082295219e-03,5.181659377594807769e-03
4.974999999999999978e-01,3.359483284223154474e-03,5.055771430249465966e-03
5.000000000000000000e-01,3.358578448562060843e-03,4.929883482904123294e-03
5.025000000000000577e-01,3.357695727465138859e-03,4.775048354909717553e-03
5.050000000000000044e-01,3.356834730212629892e-03,4.620213226915319618e-03
5.075000000000000622e-01,3.355995075707401357e-03,4.465378098920913877e-03
5.100000000000000089e-01,3.355176392193220253e-03,4.310542970926515075e-03
5.124999999999999556e-01,3.354378316982813569e-03,4.155707842932116272e-03
5.150000000000000133e-01,3.353600496195309217e-03,4.000872714937710531e-03
5.174999999999999600e-01,3.352842584501673599e-03,3.846037586943312596e-03
5.200000000000000178e-01,3.352104244879743501e-03,3.691202458948906855e-03
5.224999999999999645e-01,3.351385148376643999e-03,3.536367330954508052e-03
5.250000000000000222e-01,3.350684973879700015e-03,3.381532202960102745e-03
5.274999999999999689e-01,3.350003407894278952e-03,3.231288621104728108e-03
5.300000000000000266e-01,3.349340144329386679e-03,3.081045039249346532e-03
5.324999999999999734e-01,3.348694884290237105e-03,2.930801457393971462e-03
5.350000000000000311e-01,3.348067335877447093e-03,2.780557875538589886e-03
5.374999999999999778e-01,3.347457213992573091e-03,2.630314293683215249e-03
5.400000000000000355e-01,3.346864240150589694e-03,2.480070711827833674e-03
5.424999999999999822e-01,3.346288142297522503e-03,2.329827129972459037e-03
5.450000000000000400e-01,3.345728654634656449e-03,2.179583548117077461e-03
5.474999999999999867e-01,3.345185517447779155e-03,2.029339966261702391e-03
5.500000000000000444e-01,3.344658476941993197e-03,1.879096384406321249e-03
5.524999999999999911e-01,3.344147285082343154e-03,1.764364197802190896e-03
5.550000000000000488e-01,3.343651699438287238e-03,1.649632011198055338e-03
5.574999999999999956e-01,3.343171483034052677e-03,1.534899824593924768e-03
5.600000000000000533e-01,3.342706404203338744e-03,1.420167637989789211e-03
5.625000000000000000e-01,3.342256236447896031e-03,1.305435451385658641e-03
5.650000000000000577e-01,3.341820758301904462e-03,1.190703264781523083e-03
5.675000000000000044e-01,3.341399753198772554e-03,1.075971078177392730e-03
5.700000000000000622e-01,3.340993009343424039e-03,9.612388915732571724e-04
5.725000000000000089e-01,3.340600319587726068e-03,8.465067049691268192e-04
5.750000000000000666e-01,3.340221481309974504e-03,7.317745183649911533e-04
5.775000000000000133e-01,3.339856296297714217e-03,6.707362702660797085e-04
5.799999999999999600e-01,3.339504570634768254e-03,6.096980221671682637e-04
5.825000000000000178e-01,3.339166114590720776e-03,5.486597740682541084e-04
5.849999999999999645e-01,3.338840742514246739e-03,4.876215259693427177e-04
5.875000000000000222e-01,3.338528272729877639e-03,4.265832778704285624e-04
5.899999999999999689e-01,3.338228527436916566e-03,3.655450297715171176e-04
5.925000000000000266e-01,3.337941332612350508e-03,3.045067816726029623e-04
5.949999999999999734e-01,3.337666517915898520e-03,2.434685335736915717e-04
5.975000000000000311e-01,3.337403916598011971e-03,1.824302854747774164e-04
5.999999999999999778e-01,3.337153365410788254e-03,1.213920373758659715e-04
6.025000000000000355e-01,3.336914704520967025e-03,1.092528336382771192e-04
6.049999999999999822e-01,3.336687777426251920e-03,9.711362990069101811e-05
6.075000000000000400e-01,3.336472430873054298e-03,8.497442616310437488e-05
6.099999999999999867e-01,3.336268514777115772e-03,7.283522242551826020e-05
6.125000000000000444e-01,3.336075882146632195e-03,6.069601868793161019e-05
6.149999999999999911e-01,3.335894389006993123e-03,4.855681495034550228e-05
6.175000000000000488e-01,3.335723894327973730e-03,3.641761121275885905e-05
6.199999999999999956e-01,3.335564259953002764e-03,2.427840747517274436e-05
6.225000000000000533e-01,3.335415350530110141e-03,1.213920373758610113e-05
6.250000000000000000e-01,3.335277033445435864e-03,0.000000000000000000e+00
6.275000000000000577e-01,3.335149178757624514e-03,0.000000000000000000e+00
6.300000000000000044e-01,3.335031659134958439e-03,0.000000000000000000e+00
6.325000000000000622e-01,3.334924349793697441e-03,0.000000000000000000e+00
6.350000000000000089e-01,3.334827128438515309e-03,0.000000000000000000e+00
6.375000000000000666e-01,3.334739875203804153e-03,0.000000000000000000e+00
6.400000000000000133e-01,3.334662472597605971e-03,0.000000000000000000e+00
6.424999999999999600e-01,3.334594805446194302e-03,0.000000000000000000e+00
6.450000000000000178e-01,3.334536760840823861e-03,0.000000000000000000e+00
6.474999999999999645e-01,3.334488228085224354e-03,0.000000000000000000e+00
6.500000000000000222e-01,3.334449098645172940e-03,0.000000000000000000e+00
6.524999999999999689e-01,3.334419266099076292e-03,0.000000000000000000e+00
6.550000000000000266e-01,3.334398626089800366e-03,0.000000000000000000e+00
6.574999999999999734e-01,3.334387076277975544e-03,0.000000000000000000e+00
6.600000000000000311e-01,3.334384516296433690e-03,0.000000000000000000e+00
6.624999999999999778e-01,3.334390847705856475e-03,0.000000000000000000e+00
6.650000000000000355e-01,3.334405973951719976e-03,0.000000000000000000e+00
6.674999999999999822e-01,3.334429800322062827e-03,0.000000000000000000e+00
6.700000000000000400e-01,3.334462233906489072e-03,0.000000000000000000e+00
6.724999999999999867e-01,3.334503183556555752e-03,0.000000000000000000e+00
6.750000000000000444e-01,3.334552559846760272e-03,0.000000000000000000e+00
6.774999999999999911e-01,3.334610275036458023e-03,1.186146423911253705e-05
6.800000000000000488e-01,3.334676243033545505e-03,2.372292847822560265e-05
6.824999999999999956e-01,3.334750379357706313e-03,3.558439271733813801e-05
6.850000000000000533e-01,3.334832601106275680e-03,4.744585695645120530e-05
6.875000000000000000e-01,3.334922826919377737e-03,5.930732119556374405e-05
6.900000000000000577e-01,3.335020976946979215e-03,7.116878543467680457e-05
6.925000000000000044e-01,3.335126972816442742e-03,8.303024967378934331e-05
6.950000000000000622e-01,3.335240737600894591e-03,9.489171391290241060e-05
6.975000000000000089e-01,3.335362195788317118e-03,1.067531781520149493e-04
7.000000000000000666e-01,3.335491273251623909e-03,1.186146423911280166e-04
7.025000000000000133e-01,3.335627897219097058e-03,1.870745350269372147e-04
7.049999999999999600e-01,3.335771996246125921e-03,2.555344276627464399e-04
7.075000000000000178e-01,3.335923500187085514e-03,3.239943202985587009e-04
7.099999999999999645e-01,3.336082340168197626e-03,3.924542129343678177e-04
7.125000000000000222e-01,3.336248448560949660e-03,4.609141055701800787e-04
7.149999999999999689e-01,3.336421758956555159e-03,5.293739982059893039e-04
7.175000000000000266e-01,3.336602206140083880e-03,5.978338908418015648e-04
7.199999999999999734e-01,3.336789726066415052e-03,6.662937834776106816e-04
7.225000000000000311e-01,3.336984255835697116e-03,7.347536761134229426e-04
7.249999999999999778e-01,3.337185733670356997e-03,8.032135687492321678e-04
7.275000000000000355e-01,3.337394098891826623e-03,9.373469594740387739e-04
7.299999999999999822e-01,3.337609291898367084e-03,1.071480350198842236e-03
7.325000000000000400e-01,3.337831254143188136e-03,1.205613740923651769e-03
7.349999999999999867e-01,3.338059928113170077e-03,1.339747131648455231e-03
7.375000000000000444e-01,3.338295257308027120e-03,1.473880522373264765e-03
7.399999999999999911e-01,3.338537186220078782e-03,1.608013913098068444e-03
7.425000000000000488e-01,3.338785660314319212e-03,1.742147303822877977e-03
7.449999999999999956e-01,3.339040626009183877e-03,1.876280694547681656e-03
7.475000000000000533e-01,3.339302030657500565e-03,2.010414085272491189e-03
7.500000000000000000e-01,3.339569822527964273e-03,2.144547475997294651e-03
7.525000000000000577e-01,3.339843950787381877e-03,2.325971485660987149e-03
7.550000000000000044e-01,3.340124365482791905e-03,2.507395495324671840e-03
7.575000000000000622e-01,3.340411017524312024e-03,2.688819504988364337e-03
7.600000000000000089e-01,3.340703858668335208e-03,2.870243514652048595e-03
7.625000000000000666e-01,3.341002841501046830e-03,3.051667524315741092e-03
7.650000000000000133e-01,3.341307919422446988e-03,3.233091533979425784e-03
7.675000000000000711e-01,3.341619046630580573e-03,3.414515543643118281e-03
7.700000000000000178e-01,3.341936178106181491e-03,3.595939553306802539e-03
7.724999999999999645e-01,3.342259269597762719e-03,3.777363562970487230e-03
7.750000000000000222e-01,3.342588277606934038e-03,3.958787572634179727e-03
7.774999999999999689e-01,3.342923159373955254e-03,4.152147036151549765e-03
7.800000000000000266e-01,3.343263872863926501e-03,4.345506499668928477e-03
7.824999999999999734e-01,3.343610376752936039e-03,4.538865963186299382e-03
7.850000000000000311e-01,3.343962630414830817e-03,4.732225426703678094e-03
7.874999999999999778e-01,3.344320593907985310e-03,4.925584890221048132e-03
7.900000000000000355e-01,3.344684227962394299e-03,5.118944353738426843e-03
7.924999999999999822e-01,3.345053493967608746e-03,5.312303817255796881e-03
7.950000000000000400e-01,3.345428353959955213e-03,5.505663280773176460e-03
7.974999999999999867e-01,3.345808770610887630e-03,5.699022744290546498e-03
8.000000000000000444e-01,3.346194707215247120e-03,5.892382207807925210e-03
8.024999999999999911e-01,3.346586127679499704e-03,6.056720313046580657e-03
8.050000000000000488e-01,3.346982996511125002e-03,6.221058418285243044e-03
8.074999999999999956e-01,3.347385278807024373e-03,6.385396523523897624e-03
8.100000000000000533e-01,3.347792940243130792e-03,6.549734628762560879e-03
8.125000000000000000e-01,3.348205947063941958e-03,6.714072734001215459e-03
8.150000000000000577e-01,3.348624266071938485e-03,6.878410839239877846e-03
8.175000000000000044e-01,3.349047864618032513e-03,7.042748944478533293e-03
8.200000000000000622e-01,3.349476710591096917e-03,7.207087049717195680e-03
8.225000000000000089e-01,3.349910772409048828e-03,7.371425154955851128e-03
8.250000000000000666e-01,3.350350019008637749e-03,7.535763260194513515e-03
8.275000000000000133e-01,3.350794419837059470e-03,7.635231203281672881e-03
8.300000000000000711e-01,3.351243944842052964e-03,7.734699146368836584e-03
8.325000000000000178e-01,3.351698564463919793e-03,7.834167089455995950e-03
8.349999999999999645e-01,3.352158249626099786e-03,7.933635032543155316e-03
8.375000000000000222e-01,3.352622971727315781e-03,8.033102975630318152e-03
8.399999999999999689e-01,3.353092702632906943e-03,8.132570918717477518e-03
8.425000000000000266e-01,3.353567414666600108e-03,8.232038861804640353e-03
8.449999999999999734e-01,3.354047080603137203e-03,8.331506804891799720e-03
8.475000000000000311e-01,3.354531673659785947e-03,8.430974747978964290e-03
8.499999999999999778e-01,3.355021167489090871e-03,8.530442691066123656e-03
8.525000000000000355e-01,3.355515536171380184e-03,8.542863148368287640e-03
8.549999999999999822e-01,3.356014754207301259e-03,8.555283605670449890e-03
8.575000000000000400e-01,3.356518796510772878e-03,8.567704062972610404e-03
8.599999999999999867e-01,3.357027638401912338e-03,8.580124520274772654e-03
8.625000000000000444e-01,3.357541255600149464e-03,8.592544977576933168e-03
8.649999999999999911e-01,3.358059624217396566e-03,8.604965434879095418e-03
8.675000000000000488e-01,3.358582720751605247e-03,8.617385892181257667e-03
8.699999999999999956e-01,3.359110522080185294e-03,8.629806349483418182e-03
8.725000000000000533e-01,3.359643005453668597e-03,8.642226806785580431e-03
8.750000000000000000e-01,3.360180148489474560e-03,8.654647264087740946e-03
8.775000000000000577e-01,3.360721929165922262e-03,8.576708435288276505e-03
8.800000000000000044e-01,3.361268325816060051e-03,8.498769606488815534e-03
8.825000000000000622e-01,3.361819317121930543e-03,8.420830777689351093e-03
8.850000000000000089e-01,3.362374882108965738e-03,8.342891948889890122e-03
8.875000000000000666e-01,3.362935000140048186e-03,8.264953120090425681e-03
8.900000000000000133e-01,3.363499650910209676e-03,8.187014291290962975e-03
8.925000000000000711e-01,3.364068814441218899e-03,8.109075462491498534e-03
8.950000000000000178e-01,3.364642471076150897e-03,8.031136633692037563e-03
8.974999999999999645e-01,3.365220601474444399e-03,7.953197804892576592e-03
9.000000000000000222e-01,3.365803186606382801e-03,7.875258976093112151e-03
9.024999999999999689e-01,3.366390207748612938e-03,7.723541970566344742e-03
9.050000000000000266e-01,3.366981646478793035e-03,7.571824965039569526e-03
9.074999999999999734e-01,3.367577484671082418e-03,7.420107959512802116e-03
9.100000000000000311e-01,3.368177704491342843e-03,7.268390953986027768e-03
9.124999999999999778e-01,3.368782288392351085e-03,7.116673948459259491e-03
9.150000000000000355e-01,3.369391219109568823e-03,6.964956942932485143e-03
9.174999999999999822e-01,3.370004479656402933e-03,6.813239937405717733e-03
9.200000000000000400e-01,3.370622053320033486e-03,6.661522931878943385e-03
9.224999999999999867e-01,3.371243923657210508e-03,6.509805926352175108e-03
9.250000000000000444e-01,3.371870074489595817e-03,6.358088920825400760e-03
9.274999999999999911e-01,3.372500489900247603e-03,6.165662163360769062e-03
9.300000000000000488e-01,3.373135154229317013e-03,5.973235405896129557e-03
9.324999999999999956e-01,3.373774052069903034e-03,5.780808648431497859e-03
9.350000000000000533e-01,3.374417168264303747e-03,5.588381890966857488e-03
9.375000000000000000e-01,3.375064487900385993e-03,5.395955133502225790e-03
9.400000000000000577e-01,3.375715996307632367e-03,5.203528376037586285e-03
9.425000000000000044e-01,3.376371679053437585e-03,5.011101618572954587e-03
9.450000000000000622e-01,3.377031521939603473e-03,4.818674861108314215e-03
9.475000000000000089e-01,3.377695510998766741e-03,4.626248103643683385e-03
9.500000000000000666e-01,3.378363632490968133e-03,4.433821346179043013e-03
9.525000000000000133e-01,3.379035872900090602e-03,4.242699485762866513e-03
9.550000000000000711e-01,3.379712218930734646e-03,4.051577625346681338e-03
9.575000000000000178e-01,3.380392657504670793e-03,3.860455764930504404e-03
9.599999999999999645e-01,3.381077175757902717e-03,3.669333904514327470e-03
9.625000000000000222e-01,3.381765761037184344e-03,3.478212044098142296e-03
9.649999999999999689e-01,3.382458400897280729e-03,3.287090183681965795e-03
9.675000000000000266e-01,3.383155083097523757e-03,3.095968323265780621e-03
9.699999999999999734e-01,3.383855795599127227e-03,2.904846462849603687e-03
9.725000000000000311e-01,3.384560526561946822e-03,2.713724602433418513e-03
9.749999999999999778e-01,3.385269264341976038e-03,2.522602742017241578e-03
9.775000000000000355e-01,3.385981997488133905e-03,2.372890008512431106e-03
9.799999999999999822e-01,3.386698714739666809e-03,2.223177275007628441e-03
9.825000000000000400e-01,3.387419405023364260e-03,2.073464541502819704e-03
9.849999999999999867e-01,3.388144057450963743e-03,1.923751807998017255e-03
9.875000000000000444e-01,3.388872661316404220e-03,1.774039074493208301e-03
9.899999999999999911e-01,3.389605206093040599e-03,1.624326340988406069e-03
9.925000000000000488e-01,3.390341681431708210e-03,1.474613607483596898e-03
9.949999999999999956e-01,3.391082077157398650e-03,1.324900873978794667e-03
9.975000000000000533e-01,3.391826383267649951e-03,1.175188140473985496e-03
1.000000000000000000e+00,3.392574589929303521e-03,1.025475406969183264e-03
1.002499999999999947e+00,3.393326687476853117e-03,9.424281093321495995e-04
1.005000000000000115e+00,3.394082666409605105e-03,8.593808116951086708e-04
1.007500000000000062e+00,3.394842517389697837e-03,7.763335140580751147e-04
1.010000000000000009e+00,3.395606231239682582e-03,6.932862164210414502e-04
1.012499999999999956e+00,3.396373798940351650e-03,6.102389187840077858e-04
1.015000000000000124e+00,3.397145211628588204e-03,5.271916211469668571e-04
1.017500000000000071e+00,3.397920460595233848e-03,4.441443235099331926e-04
1.020000000000000018e+00,3.398699537283060741e-03,3.610970258728996365e-04
1.022499999999999964e+00,3.399482433284522521e-03,2.780497282358659721e-04
1.024999999999999911e+00,3.400269140339774558e-03,1.950024305988324160e-04
1.027500000000000080e+00,3.401059650335077570e-03,1.755021875389428589e-04
1.030000000000000027e+00,3.401853955300065870e-03,1.560019444790607015e-04
1.032499999999999973e+00,3.402652047406608520e-03,1.365017014191785441e-04
1.034999999999999920e+00,3.403453918966386788e-03,1.170014583592963867e-04
1.037500000000000089e+00,3.404259562429435247e-03,9.750121529941250815e-05
1.040000000000000036e+00,3.405068970381775178e-03,7.800097223953035076e-05
1.042499999999999982e+00,3.405882135544378072e-03,5.850072917964817981e-05
1.044999999999999929e+00,3.406699050770608649e-03,3.900048611976604952e-05
1.047500000000000098e+00,3.407519709045054353e-03,1.950024305988215740e-05
1.050000000000000044e+00,3.408344103481631034e-03,0.000000000000000000e+00
1.052499999999999991e+00,3.409172227321855160e-03,0.000000000000000000e+00
1.054999999999999938e+00,3.410004073933175887e-03,0.000000000000000000e+00
1.057500000000000107e+00,3.410839636807491866e-03,0.000000000000000000e+00
1.060000000000000053e+00,3.411678909559565705e-03,0.000000000000000000e+00
1.062500000000000000e+00,3.412521885925236340e-03,0.000000000000000000e+00
1.064999999999999947e+00,3.413368559760015207e-03,0.000000000000000000e+00
1.067500000000000115e+00,3.414218925037744868e-03,0.000000000000000000e+00
1.070000000000000062e+00,3.415072975848824390e-03,0.000000000000000000e+00
1.072500000000000009e+00,3.415930706398823732e-03,0.000000000000000000e+00
1.074999999999999956e+00,3.416792111007131531e-03,0.000000000000000000e+00
1.077500000000000124e+00,3.417657184105515715e-03,0.000000000000000000e+00
1.080000000000000071e+00,3.418525920236587835e-03,0.000000000000000000e+00
1.082500000000000018e+00,3.419398314052701088e-03,0.000000000000000000e+00
1.084999999999999964e+00,3.420274360314365641e-03,0.000000000000000000e+00
1.087500000000000133e+00,3.421154053888895118e-03,0.000000000000000000e+00
1.090000000000000080e+00,3.422037389749378773e-03,0.000000000000000000e+00
1.092500000000000027e+00,3.422924362973264658e-03,0.000000000000000000e+00
1.094999999999999973e+00,3.423814968740807475e-03,0.000000000000000000e+00
1.097499999999999920e+00,3.424709202334261064e-03,0.000000000000000000e+00
1.100000000000000089e+00,3.425607059136528357e-03,0.000000000000000000e+00
1.102500000000000036e+00,3.426508534629841250e-03,0.000000000000000000e+00
1.104999999999999982e+00,3.427413624394567114e-03,0.000000000000000000e+00
1.107499999999999929e+00,3.428322324108179671e-03,0.000000000000000000e+00
1.110000000000000098e+00,3.429234629544215991e-03,0.000000000000000000e+00
1.112500000000000044e+00,3.430150536570792871e-03,0.000000000000000000e+00
1.114999999999999991e+00,3.431070041149694803e-03,0.000000000000000000e+00
1.117499999999999938e+00,3.431993139335433318e-03,0.000000000000000000e+00
1.120000000000000107e+00,3.432919827274019675e-03,0.000000000000000000e+00
1.122500000000000053e+00,3.433850101201803024e-03,0.000000000000000000e+00
1.125000000000000000e+00,3.434783957444626466e-03,0.000000000000000000e+00
1.127499999999999947e+00,3.435721392416684304e-03,0.000000000000000000e+00
1.130000000000000115e+00,3.436662402619741850e-03,0.000000000000000000e+00
1.132500000000000062e+00,3.437606984641773233e-03,0.000000000000000000e+00
1.135000000000000009e+00,3.438555135156068018e-03,0.000000000000000000e+00
1.137499999999999956e+00,3.439506850920726402e-03,0.000000000000000000e+00
1.140000000000000124e+00,3.440462128777173854e-03,0.000000000000000000e+00
1.142500000000000071e+00,3.441420965649447713e-03,0.000000000000000000e+00
1.145000000000000018e+00,3.442383358543323318e-03,0.000000000000000000e+00
1.147499999999999964e+00,3.443349304545314377e-03,0.000000000000000000e+00
1.150000000000000133e+00,3.444318800821828588e-03,0.000000000000000000e+00
1.152500000000000080e+00,3.445291844618337575e-03,2.224016413674082055e-05
1.155000000000000027e+00,3.446268433258530342e-03,4.448032827348164111e-05
1.157499999999999973e+00,3.447248564143305400e-03,6.672049241022245827e-05
1.159999999999999920e+00,3.448232234750113305e-03,8.896065654696328222e-05
1.162500000000000089e+00,3.449219442632163457e-03,1.112008206837060713e-04
1.165000000000000036e+00,3.450210185417460027e-03,1.334409848204468952e-04
1.167499999999999982e+00,3.451204460808025669e-03,1.556811489571877192e-04
1.169999999999999929e+00,3.452202266579354646e-03,1.779213130939285431e-04
1.172500000000000098e+00,3.453203600579441389e-03,2.001614772306713186e-04
1.175000000000000044e+00,3.454208460727839405e-03,2.224016413674121426e-04
1.177499999999999991e+00,3.455216845015341657e-03,3.121692812026728540e-04
1.179999999999999938e+00,3.456228751503095421e-03,4.019369210379335113e-04
1.182500000000000107e+00,3.457244178321672474e-03,4.917045608732021917e-04
1.185000000000000053e+00,3.458263123670595081e-03,5.814722007084628490e-04
1.187500000000000000e+00,3.459285585817426997e-03,6.712398405437236147e-04
1.189999999999999947e+00,3.460311563097500254e-03,7.610074803789843804e-04
1.192500000000000115e+00,3.461341053912710391e-03,8.507751202142530608e-04
1.195000000000000062e+00,3.462374056730995169e-03,9.405427600495137180e-04
1.197500000000000009e+00,3.463410570086132480e-03,1.030310399884774375e-03
1.199999999999999956e+00,3.464450592576356035e-03,1.120078039720035033e-03
1.202500000000000124e+00,3.465494122864386586e-03,1.281426172001541705e-03
1.205000000000000071e+00,3.466541159676331686e-03,1.442774304283040571e-03
1.207500000000000018e+00,3.467591701801203859e-03,1.604122436564539220e-03
1.209999999999999964e+00,3.468645748090575399e-03,1.765470568846037869e-03
1.212500000000000133e+00,3.469703297457616895e-03,1.926818701127550829e-03
1.215000000000000080e+00,3.470764348876496583e-03,2.088166833409049912e-03
1.217500000000000027e+00,3.471828901382246774e-03,2.249514965690548561e-03
1.219999999999999973e+00,3.472896954069684856e-03,2.410863097972047210e-03
1.222499999999999920e+00,3.473968506093180406e-03,2.572211230253545859e-03
1.225000000000000089e+00,3.475043556665924436e-03,2.733559362535058820e-03
1.227500000000000036e+00,3.476122105059368649e-03,2.941571852534189107e-03
1.229999999999999982e+00,3.477204150602961757e-03,3.149584342533318961e-03
1.232499999999999929e+00,3.478289692683128164e-03,3.357596832532449248e-03
1.235000000000000098e+00,3.479378730743298755e-03,3.565609322531598183e-03
1.237500000000000044e+00,3.480471264282931215e-03,3.773621812530728037e-03
1.239999999999999991e+00,3.481567292857228133e-03,3.981634302529858324e-03
1.242499999999999938e+00,3.482666816076794829e-03,4.189646792528988611e-03
1.245000000000000107e+00,3.483769833606752044e-03,4.397659282528137113e-03
1.247500000000000053e+00,3.484876345166514327e-03,4.605671772527267400e-03
1.250000000000000000e+00,3.485986350529357222e-03,4.813684262526397688e-03
1.252499999999999947e+00,3.487099849521732922e-03,5.027676770310508976e-03
1.255000000000000115e+00,3.488216842022919418e-03,5.241669278094639346e-03
1.257500000000000062e+00,3.489337327964686132e-03,5.455661785878750634e-03
1.260000000000000009e+00,3.490461307330665515e-03,5.669654293662861923e-03
1.262499999999999956e+00,3.491588780155971405e-03,5.883646801446973211e-03
1.265000000000000124e+00,3.492719746526815223e-03,6.097639309231103581e-03
1.267500000000000071e+00,3.493854206579938716e-03,6.311631817015214869e-03
1.270000000000000018e+00,3.494992160502410124e-03,6.525624324799326158e-03
1.272499999999999964e+00,3.496133608530968464e-03,6.739616832583437446e-03
1.275000000000000133e+00,3.497278550951791500e-03,6.953609340367567816e-03
1.277500000000000080e+00,3.498426988100058165e-03,7.129808084068145306e-03
1.280000000000000027e+00,3.499578920359307146e-03,7.306006827768722796e-03
1.282499999999999973e+00,3.500734348161651990e-03,7.482205571469300286e-03
1.284999999999999920e+00,3.501893271986657001e-03,7.658404315169878643e-03
1.287500000000000089e+00,3.503055692361400127e-03,7.834603058870471745e-03
1.290000000000000036e+00,3.504221609860132085e-03,8.010801802571049235e-03
1.292499999999999982e+00,3.505391025103611960e-03,8.187000546271626725e-03
1.294999999999999929e+00,3.506563938758944579e-03,8.363199289972204215e-03
1.297500000000000098e+00,3.507740351539201471e-03,8.539398033672797317e-03
1.300000000000000044e+00,3.508920264203130735e-03,8.715596777373374807e-03
1.302499999999999991e+00,3.510103677554635322e-03,8.817930411307454974e-03
1.304999999999999938e+00,3.511290592442601732e-03,8.920264045241535142e-03
1.307500000000000107e+00,3.512481009760334925e-03,9.022597679175625718e-03
1.310000000000000053e+00,3.513674930445724858e-03,9.124931313109705885e-03
1.312500000000000000e+00,3.514872355480179195e-03,9.227264947043786053e-03
1.314999999999999947e+00,3.516073285888872673e-03,9.329598580977866221e-03
1.317500000000000115e+00,3.517277722740391049e-03,9.431932214911955062e-03
1.320000000000000062e+00,3.518485667146017699e-03,9.534265848846036964e-03
1.322500000000000009e+00,3.519697120259993820e-03,9.636599482780117132e-03
1.324999999999999956e+00,3.520912083278637632e-03,9.738933116714197299e-03
1.327500000000000124e+00,3.522130557440439780e-03,9.746818419807248834e-03
1.330000000000000071e+00,3.523352544025768439e-03,9.754703722900291696e-03
1.332500000000000018e+00,3.524578044356372307e-03,9.762589025993334557e-03
1.334999999999999964e+00,3.525807059794946931e-03,9.770474329086377419e-03
1.337500000000000133e+00,3.527039591745541065e-03,9.778359632179420280e-03
1.340000000000000080e+00,3.528275641652518432e-03,9.786244935272463141e-03
1.342500000000000027e+00,3.529515211000766334e-03,9.794130238365506003e-03
1.344999999999999973e+00,3.530758301315204285e-03,9.802015541458548864e-03
1.347499999999999920e+00,3.532004914160472627e-03,9.809900844551591725e-03
1.350000000000000089e+00,3.533255051141038789e-03,9.817786147644634587e-03
1.352500000000000036e+00,3.534508713900429665e-03,9.730152364172295343e-03
1.354999999999999982e+00,3.535765904121330495e-03,9.642518580699956099e-03
1.357499999999999929e+00,3.537026623525250935e-03,9.554884797227616855e-03
1.360000000000000098e+00,3.538290873872162925e-03,9.467251013755270672e-03
1.362500000000000044e+00,3.539558656960602179e-03,9.379617230282931428e-03
1.364999999999999991e+00,3.540829974626889722e-03,9.291983446810592184e-03
1.367499999999999938e+00,3.542104828745424629e-03,9.204349663338252940e-03
1.370000000000000107e+00,3.543383221228170107e-03,9.116715879865905023e-03
1.372500000000000053e+00,3.544665154024395897e-03,9.029082096393565779e-03
1.375000000000000000e+00,3.545950629120590662e-03,8.941448312921226535e-03
1.377499999999999947e+00,3.547239648540293725e-03,8.776681451127471903e-03
1.380000000000000115e+00,3.548532214343718631e-03,8.611914589333705128e-03
1.382500000000000062e+00,3.549828328627513321e-03,8.447147727539950496e-03
1.385000000000000009e+00,3.551127993524791793e-03,8.282380865746195864e-03
1.387499999999999956e+00,3.552431211204649681e-03,8.117614003952442966e-03
1.390000000000000124e+00,3.553737983872179429e-03,7.952847142158674457e-03
1.392500000000000071e+00,3.555048313768115545e-03,7.788080280364920692e-03
1.395000000000000018e+00,3.556362203168804675e-03,7.623313418571166927e-03
1.397499999999999964e+00,3.557679654385763682e-03,7.458546556777413163e-03
1.400000000000000133e+00,3.559000669765568624e-03,7.293779694983644653e-03
1.402500000000000080e+00,3.560325251690082005e-03,7.085723535729089931e-03
1.405000000000000027e+00,3.561653402575582373e-03,6.877667376474534341e-03
1.407499999999999973e+00,3.562985124873002847e-03,6.669611217219979619e-03
1.409999999999999920e+00,3.564320421067748105e-03,6.461555057965424030e-03
1.412500000000000089e+00,3.565659293679383432e-03,6.253498898710850226e-03
1.415000000000000036e+00,3.567001745261393596e-03,6.045442739456295504e-03
1.417499999999999982e+00,3.568347778401339838e-03,5.837386580201740782e-03
1.419999999999999929e+00,3.569697395720300426e-03,5.629330420947185193e-03
1.422500000000000098e+00,3.571050599873067111e-03,5.421274261692611389e-03
1.425000000000000044e+00,3.572407393547728793e-03,5.213218102438056667e-03
1.427499999999999991e+00,3.573767779465409147e-03,5.003789780121468966e-03
1.429999999999999938e+00,3.575131760380631345e-03,4.794361457804881266e-03
1.432500000000000107e+00,3.576499339080544369e-03,4.584933135488275351e-03
1.435000000000000053e+00,3.577870518385041412e-03,4.375504813171688517e-03
1.437500000000000000e+00,3.579245301146833595e-03,4.166076490855100817e-03
1.439999999999999947e+00,3.580623690250806391e-03,3.956648168538513116e-03
1.442500000000000115e+00,3.582005688614474988e-03,3.747219846221907201e-03
1.445000000000000062e+00,3.583391299187185883e-03,3.537791523905319500e-03
1.447500000000000009e+00,3.584780524950443442e-03,3.328363201588731800e-03
1.449999999999999956e+00,3.586173368917742500e-03,3.118934879272144533e-03
1.452500000000000124e+00,3.587569834134180652e-03,2.948253053697486633e-03
1.455000000000000071e+00,3.588969923676386693e-03,2.777571228122847381e-03
1.457500000000000018e+00,3.590373640652734424e-03,2.606889402548208563e-03
1.459999999999999964e+00,3.591780988202777133e-03,2.436207576973569312e-03
1.462500000000000133e+00,3.593191969497332161e-03,2.265525751398915315e-03
1.465000000000000080e+00,3.594606587738284013e-03,2.094843925824275629e-03
1.467500000000000027e+00,3.596024846158592594e-03,1.924162100249636811e-03
1.469999999999999973e+00,3.597446748021947138e-03,1.753480274674997560e-03
1.472499999999999920e+00,3.598872296622821713e-03,1.582798449100358525e-03
1.475000000000000089e+00,3.600301495286412773e-03,1.412116623525704311e-03
1.477500000000000036e+00,3.601734347368267062e-03,1.307265036989439886e-03
1.479999999999999982e+00,3.603170856254403909e-03,1.202413450453175461e-03
1.482499999999999929e+00,3.604611025361210280e-03,1.097561863916911035e-03
1.485000000000000098e+00,3.606054858135172760e-03,9.927102773806372859e-04
1.487500000000000044e+00,3.607502358052785615e-03,8.878586908443728606e-04
1.489999999999999991e+00,3.608953528620630589e-03,7.830071043081084353e-04
1.492499999999999938e+00,3.610408373375079399e-03,6.781555177718440099e-04
1.495000000000000107e+00,3.611866895882239088e-03,5.733039312355702605e-04
1.497500000000000053e+00,3.613329099737958971e-03,4.684523446993058352e-04
1.500000000000000000e+00,3.614794988567743023e-03,3.636007581630413556e-04
1.502499999999999947e+00,3.616264566026304063e-03,3.272406823467382121e-04
1.505000000000000115e+00,3.617737835798033423e-03,2.908806065304317618e-04
1.507500000000000062e+00,3.619214801596350433e-03,2.545205307141286183e-04
1.510000000000000009e+00,3.620695467164056734e-03,2.181604548978254476e-04
1.512499999999999956e+00,3.622179836273051786e-03,1.818003790815223041e-04
1.515000000000000124e+00,3.623667912724024085e-03,1.454403032652159080e-04
1.517500000000000071e+00,3.625159700347021889e-03,1.090802274489127374e-04
1.520000000000000018e+00,3.626655203000413250e-03,7.272015163260953964e-05
1.522499999999999964e+00,3.628154424571928150e-03,3.636007581630639612e-05
1.525000000000000133e+00,3.629657368977566925e-03,0.000000000000000000e+00
1.527500000000000080e+00,3.631164040162047826e-03,0.000000000000000000e+00
1.530000000000000027e+00,3.632674442098700763e-03,0.000000000000000000e+00
1.532499999999999973e+00,3.634188578789327231e-03,0.000000000000000000e+00
1.535000000000000142e+00,3.635706454263986937e-03,0.000000000000000000e+00
1.537500000000000089e+00,3.637228072581154357e-03,0.000000000000000000e+00
1.540000000000000036e+00,3.638753437827534423e-03,0.000000000000000000e+00
1.542499999999999982e+00,3.640282554118085077e-03,0.000000000000000000e+00
1.544999999999999929e+00,3.641815425595737107e-03,0.000000000000000000e+00
1.547500000000000098e+00,3.643352056431557653e-03,0.000000000000000000e+00
1.550000000000000044e+00,3.644892450824596241e-03,0.000000000000000000e+00
1.552499999999999991e+00,3.646436613001777672e-03,0.000000000000000000e+00
1.554999999999999938e+00,3.647984547217916762e-03,0.000000000000000000e+00
1.557500000000000107e+00,3.649536257755500203e-03,0.000000000000000000e+00
1.560000000000000053e+00,3.651091748924993174e-03,0.000000000000000000e+00
1.562500000000000000e+00,3.652651025064390482e-03,0.000000000000000000e+00
1.564999999999999947e+00,3.654214090539273808e-03,0.000000000000000000e+00
1.567500000000000115e+00,3.655780949742818645e-03,0.000000000000000000e+00
1.570000000000000062e+00,3.657351607095828128e-03,0.000000000000000000e+00
1.572500000000000009e+00,3.658926067046398226e-03,0.000000000000000000e+00
1.574999999999999956e+00,3.660504334070190102e-03,0.000000000000000000e+00
1.577500000000000124e+00,3.662086412670068417e-03,0.000000000000000000e+00
1.580000000000000071e+00,3.663672307376264828e-03,0.000000000000000000e+00
1.582500000000000018e+00,3.665262022746453019e-03,0.000000000000000000e+00
1.584999999999999964e+00,3.666855563365296368e-03,0.000000000000000000e+00
1.587500000000000133e+00,3.668452933844730708e-03,0.000000000000000000e+00
1.590000000000000080e+00,3.670054138823810805e-03,0.000000000000000000e+00
1.592500000000000027e+00,3.671659182968654844e-03,0.000000000000000000e+00
1.594999999999999973e+00,3.673268070972476960e-03,0.000000000000000000e+00
1.597500000000000142e+00,3.674880807555448454e-03,0.000000000000000000e+00
1.600000000000000089e+00,3.676497397464781932e-03,0.000000000000000000e+00
1.602500000000000036e+00,3.678117845474594694e-03,0.000000000000000000e+00
1.604999999999999982e+00,3.679742156385882278e-03,0.000000000000000000e+00
1.607499999999999929e+00,3.681370335026527135e-03,0.000000000000000000e+00
1.610000000000000098e+00,3.683002386251157684e-03,0.000000000000000000e+00
1.612500000000000044e+00,3.684638314941299231e-03,0.000000000000000000e+00
1.614999999999999991e+00,3.686278126005240394e-03,0.000000000000000000e+00
1.617499999999999938e+00,3.687921824377870476e-03,0.000000000000000000e+00
1.620000000000000107e+00,3.689569415021013831e-03,0.000000000000000000e+00
1.622500000000000053e+00,3.691220902922892969e-03,0.000000000000000000e+00
1.625000000000000000e+00,3.692876293098678459e-03,0.000000000000000000e+00
1.627499999999999947e+00,3.694535590589925148e-03,0.000000000000000000e+00
1.630000000000000115e+00,3.696198800464819793e-03,0.000000000000000000e+00
1.632500000000000062e+00,3.697865927818284274e-03,0.000000000000000000e+00
1.635000000000000009e+00,3.699536977771595691e-03,0.000000000000000000e+00
1.637499999999999956e+00,3.701211955472626190e-03,0.000000000000000000e+00
1.640000000000000124e+00,3.702890866095730205e-03,0.000000000000000000e+00
1.642500000000000071e+00,3.704573714841867191e-03,0.000000000000000000e+00
1.645000000000000018e+00,3.706260506938402130e-03,0.000000000000000000e+00
1.647499999999999964e+00,3.707951247639009254e-03,0.000000000000000000e+00
1.650000000000000133e+00,3.709645942223981259e-03,0.000000000000000000e+00
1.652500000000000080e+00,3.711344595999951750e-03,4.928745862867957682e-06
1.655000000000000027e+00,3.713047214299948148e-03,9.857491725735915365e-06
1.657499999999999973e+00,3.714753802483328812e-03,1.478623758860387135e-05
1.660000000000000142e+00,3.716464365935917037e-03,1.971498345147226780e-05
1.662500000000000089e+00,3.718178910069984151e-03,2.464372931434022379e-05
1.665000000000000036e+00,3.719897440323913836e-03,2.957247517720818316e-05
1.667499999999999982e+00,3.721619962162547347e-03,3.450122104007613576e-05
1.669999999999999929e+00,3.723346481077115851e-03,3.942996690294409514e-05
1.672500000000000098e+00,3.725077002585122470e-03,4.435871276581248820e-05
1.675000000000000044e+00,3.726811532230314954e-03,4.928745862868044757e-05
1.677499999999999991e+00,3.728550075582791508e-03,1.033471911333505458e-04
1.679999999999999938e+00,3.730292638239054992e-03,1.574069236380206305e-04
1.682500000000000107e+00,3.732039225821760092e-03,2.114666561426955128e-04
1.685000000000000053e+00,3.733789843979943169e-03,2.655263886473656246e-04
1.687500000000000000e+00,3.735544498388814090e-03,3.195861211520356821e-04
1.689999999999999947e+00,3.737303194749992154e-03,3.736458536567057939e-04
1.692500000000000115e+00,3.739065938791380321e-03,4.277055861613806762e-04
1.695000000000000062e+00,3.740832736267034244e-03,4.817653186660507880e-04
1.697500000000000009e+00,3.742603592957402959e-03,5.358250511707208456e-04
1.699999999999999956e+00,3.744378514669125056e-03,5.898847836753909031e-04
1.702500000000000124e+00,3.746157507235338760e-03,7.052590681150701889e-04
1.705000000000000071e+00,3.747940576515269503e-03,8.206333525547444873e-04
1.707500000000000018e+00,3.749727728394415972e-03,9.360076369944188941e-04
1.709999999999999964e+00,3.751518968784707531e-03,1.051381921434093192e-03
1.712500000000000133e+00,3.753314303624358510e-03,1.166756205873777791e-03
1.715000000000000080e+00,3.755113738877762387e-03,1.282130490313452198e-03
1.717500000000000027e+00,3.756917280535678264e-03,1.397504774753126604e-03
1.719999999999999973e+00,3.758724934615309370e-03,1.512879059192801011e-03
1.722500000000000142e+00,3.760536707160119178e-03,1.628253343632485610e-03
1.725000000000000089e+00,3.762352604239769822e-03,1.743627628072160016e-03
1.727500000000000036e+00,3.764172631950458200e-03,1.909505698527968684e-03
1.729999999999999982e+00,3.765996796414649694e-03,2.075383768983777352e-03
1.732499999999999929e+00,3.767825103781230391e-03,2.241261839439586019e-03
1.735000000000000098e+00,3.769657560225388691e-03,2.407139909895409866e-03
1.737500000000000044e+00,3.771494171948766225e-03,2.573017980351218533e-03
1.739999999999999991e+00,3.773334945179402343e-03,2.738896050807027201e-03
1.742499999999999938e+00,3.775179886171745828e-03,2.904774121262836302e-03
1.745000000000000107e+00,3.777029001206764179e-03,3.070652191718659281e-03
1.747500000000000053e+00,3.778882296591783152e-03,3.236530262174468382e-03
1.750000000000000000e+00,3.780739778660562218e-03,3.402408332630277050e-03
1.752499999999999947e+00,3.782601453773533958e-03,3.594075868899998354e-03
1.755000000000000115e+00,3.784467328317370812e-03,3.785743405169737005e-03
1.757500000000000062e+00,3.786337408705459963e-03,3.977410941439458308e-03
1.760000000000000009e+00,3.788211701377771929e-03,4.169078477709180046e-03
1.762499999999999956e+00,3.790090212800672782e-03,4.360746013978900916e-03
1.765000000000000124e+00,3.791972949467257211e-03,4.552413550248640001e-03
1.767500000000000071e+00,3.793859917897052757e-03,4.744081086518360871e-03
1.770000000000000018e+00,3.795751124636410120e-03,4.935748622788082608e-03
1.772499999999999964e+00,3.797646576258282853e-03,5.127416159057804346e-03
1.775000000000000133e+00,3.799546279362150600e-03,5.319083695327542563e-03
1.777500000000000080e+00,3.801450240574370809e-03,5.506289416668946023e-03
1.780000000000000027e+00,3.803358466547897710e-03,5.693495138010350350e-03
1.782499999999999973e+00,3.805270963962585889e-03,5.880700859351753809e-03
1.785000000000000142e+00,3.807187739524945692e-03,6.067906580693174616e-03
1.787500000000000089e+00,3.809108799968292849e-03,6.255112302034578943e-03
1.790000000000000036e+00,3.811034152052797039e-03,6.442318023375982403e-03
1.792499999999999982e+00,3.812963802565592052e-03,6.629523744717386730e-03
1.794999999999999929e+00,3.814897758320413227e-03,6.816729466058790189e-03
1.797500000000000098e+00,3.816836026158219788e-03,7.003935187400210996e-03
1.800000000000000044e+00,3.818778612946861772e-03,7.191140908741614456e-03
1.802499999999999991e+00,3.820725525580972917e-03,7.345090460987375308e-03
1.804999999999999938e+00,3.822676770982416476e-03,7.499040013233137028e-03
1.807500000000000107e+00,3.824632356099954764e-03,7.652989565478911758e-03
1.810000000000000053e+00,3.826592287909513692e-03,7.806939117724672611e-03
1.812500000000000000e+00,3.828556573414147648e-03,7.960888669970434331e-03
1.814999999999999947e+00,3.830525219643874692e-03,8.114838222216196051e-03
1.817500000000000115e+00,3.832498233656165751e-03,8.268787774461969914e-03
1.820000000000000062e+00,3.834475622535416829e-03,8.422737326707731634e-03
1.822500000000000009e+00,3.836457393393523634e-03,8.576686878953493354e-03
1.824999999999999956e+00,3.838443553369592313e-03,8.730636431199253339e-03
1.827500000000000124e+00,3.840434109629934246e-03,8.829161843521842953e-03
1.830000000000000071e+00,3.842429069368387840e-03,8.927687255844420425e-03
1.832500000000000018e+00,3.844428439806101255e-03,9.026212668166996161e-03
1.834999999999999964e+00,3.846432228191688958e-03,9.124738080489573633e-03
1.837500000000000133e+00,3.848440441801164943e-03,9.223263492812158043e-03
1.840000000000000080e+00,3.850453087938232859e-03,9.321788905134733780e-03
1.842500000000000027e+00,3.852470173934032741e-03,9.420314317457311251e-03
1.844999999999999973e+00,3.854491707147343973e-03,9.518839729779886988e-03
1.847500000000000142e+00,3.856517694964564039e-03,9.617365142102473133e-03
1.850000000000000089e+00,3.858548144799804798e-03,9.715890554425048870e-03
1.852500000000000036e+00,3.860583064094920674e-03,9.746570760625000024e-03
1.854999999999999982e+00,3.862622460319513427e-03,9.777250966824951178e-03
1.857499999999999929e+00,3.864666340971024960e-03,9.807931173024904067e-03
1.860000000000000098e+00,3.866714713574762475e-03,9.838611379224856957e-03
1.862500000000000044e+00,3.868767585683880687e-03,9.869291585424808111e-03
1.864999999999999991e+00,3.870824964879674996e-03,9.899971791624761000e-03
1.867499999999999938e+00,3.872886858771249722e-03,9.930651997824712154e-03
1.870000000000000107e+00,3.874953274995859842e-03,9.961332204024666778e-03
1.872500000000000053e+00,3.877024221218858518e-03,9.992012410224617933e-03
1.875000000000000000e+00,3.879099705133676711e-03,1.002269261642456909e-02
1.877499999999999947e+00,3.881179734462019641e-03,9.983931961045064418e-03
1.880000000000000115e+00,3.883264316953878928e-03,9.945171305665554545e-03
1.882500000000000062e+00,3.885353460387421572e-03,9.906410650286049877e-03
1.885000000000000009e+00,3.887447172569318682e-03,9.867649994906545208e-03
1.887499999999999956e+00,3.889545461334450137e-03,9.828889339527038804e-03
1.890000000000000124e+00,3.891648334546364291e-03,9.790128684147530666e-03
1.892500000000000071e+00,3.893755800097019500e-03,9.751368028768025997e-03
1.895000000000000018e+00,3.895867865906882561e-03,9.712607373388521328e-03
1.897499999999999964e+00,3.897984539925106098e-03,9.673846718009014925e-03
1.900000000000000133e+00,3.900105830129502529e-03,9.635086062629506787e-03
1.902500000000000080e+00,3.902231744526628646e-03,9.535367859241044089e-03
1.905000000000000027e+00,3.904362291151829405e-03,9.435649655852581391e-03
1.907499999999999973e+00,3.906497478069190232e-03,9.335931452464118693e-03
1.910000000000000142e+00,3.908637313371852301e-03,9.236213249075647322e-03
1.912500000000000089e+00,3.910781805181778349e-03,9.136495045687184624e-03
1.915000000000000036e+00,3.912930961649940462e-03,9.036776842298720192e-03
1.917499999999999982e+00,3.915084790956530406e-03,8.937058638910257494e-03
1.919999999999999929e+00,3.917243301310719371e-03,8.837340435521794796e-03
1.922500000000000098e+00,3.919406500950939863e-03,8.737622232133323424e-03
1.925000000000000044e+00,3.921574398144899581e-03,8.637904028744860727e-03
1.927499999999999991e+00,3.923747001189427028e-03,8.493603027234572847e-03
1.929999999999999938e+00,3.925924318410941617e-03,8.349302025724284967e-03
1.932500000000000107e+00,3.928106358165356533e-03,8.205001024213984945e-03
1.935000000000000053e+00,3.930293128837683211e-03,8.060700022703697065e-03
1.937500000000000000e+00,3.932484638843019263e-03,7.916399021193409186e-03
1.939999999999999947e+00,3.934680896625636012e-03,7.772098019683121306e-03
1.942500000000000115e+00,3.936881910659727028e-03,7.627797018172820416e-03
1.945000000000000062e+00,3.939087689449291031e-03,7.483496016662533404e-03
1.947500000000000009e+00,3.941298241527974901e-03,7.339195015152245524e-03
1.949999999999999956e+00,3.943513575459355568e-03,7.194894013641957645e-03
1.952500000000000124e+00,3.945733699837073588e-03,7.027138880258722298e-03
1.955000000000000071e+00,3.947958623284666610e-03,6.859383746875500829e-03
1.957500000000000018e+00,3.950188354455765397e-03,6.691628613492278492e-03
1.959999999999999964e+00,3.952422902034244748e-03,6.523873480109056155e-03
1.962500000000000133e+00,3.954662274734111610e-03,6.356118346725819074e-03
1.965000000000000080e+00,3.956906481299716713e-03,6.188363213342597605e-03
1.967500000000000027e+00,3.959155530505765845e-03,6.020608079959375268e-03
1.969999999999999973e+00,3.961409431157324190e-03,5.852852946576152932e-03
1.972500000000000142e+00,3.963668192090067863e-03,5.685097813192915850e-03
1.975000000000000089e+00,3.965931822170185896e-03,5.517342679809694381e-03
1.977500000000000036e+00,3.968200330294611826e-03,5.348458951454930846e-03
1.979999999999999982e+00,3.970473725390845886e-03,5.179575223100166444e-03
1.982500000000000151e+00,3.972752016417230823e-03,5.010691494745388164e-03
1.985000000000000098e+00,3.975035212363053384e-03,4.841807766390623761e-03
1.987500000000000044e+00,3.977323322248527832e-03,4.672924038035860227e-03
1.989999999999999991e+00,3.979616355124769057e-03,4.504040309681095824e-03
1.992499999999999938e+00,3.981914320074134324e-03,4.335156581326332290e-03
1.995000000000000107e+00,3.984217226210058464e-03,4.166272852971553142e-03
1.997500000000000053e+00,3.986525082677203936e-03,3.997389124616789607e-03
2.000000000000000000e+00,3.988837898651692408e-03,3.828505396262025639e-03
2.002499999999999947e+00,3.991155683340800314e-03,3.678541402216151026e-03
2.004999999999999893e+00,3.993478445983644071e-03,3.528577408170276847e-03
2.007499999999999840e+00,3.995806195850425471e-03,3.378613414124402234e-03
2.010000000000000231e+00,3.998138942243395326e-03,3.228649420078501166e-03
2.012500000000000178e+00,4.000476694496347789e-03,3.078685426032626554e-03
2.015000000000000124e+00,4.002819461974840669e-03,2.928721431986752374e-03
2.017500000000000071e+00,4.005167254076440024e-03,2.778757437940877761e-03
2.020000000000000018e+00,4.007520080230472098e-03,2.628793443895003148e-03
2.022499999999999964e+00,4.009877949898514246e-03,2.478829449849128536e-03
2.024999999999999911e+00,4.012240872574136460e-03,2.328865455803254356e-03
2.027499999999999858e+00,4.014608857783191938e-03,2.212617760933929204e-03
2.030000000000000249e+00,4.016981915083736414e-03,2.096370066064583669e-03
2.032500000000000195e+00,4.019360054066292709e-03,1.980122371195258951e-03
2.035000000000000142e+00,4.021743284353777870e-03,1.863874676325933798e-03
2.037500000000000089e+00,4.024131615601734754e-03,1.747626981456609080e-03
2.040000000000000036e+00,4.026525057498206266e-03,1.631379286587283928e-03
2.042499999999999982e+00,4.028923619764111785e-03,1.515131591717959209e-03
2.044999999999999929e+00,4.031327312153008650e-03,1.398883896848634057e-03
2.047499999999999876e+00,4.033736144451542313e-03,1.282636201979309122e-03
2.049999999999999822e+00,4.036150126479104601e-03,1.166388507109984186e-03
2.052500000000000213e+00,4.038569268088424390e-03,1.091216229994831444e-03
2.055000000000000160e+00,4.040993579165149535e-03,1.016043952879699301e-03
2.057500000000000107e+00,4.043423069628388107e-03,9.408716757645672673e-04
2.060000000000000053e+00,4.045857749430412618e-03,8.656993986494352332e-04
2.062500000000000000e+00,4.048297628556979215e-03,7.905271215343030906e-04
2.064999999999999947e+00,4.050742717027439564e-03,7.153548444191709481e-04
2.067499999999999893e+00,4.053193024894772949e-03,6.401825673040389139e-04
2.069999999999999840e+00,4.055648562245470906e-03,5.650102901889067714e-04
2.072500000000000231e+00,4.058109339199990860e-03,4.898380130737612932e-04
2.075000000000000178e+00,4.060575365912745711e-03,4.146657359586292590e-04
2.077500000000000124e+00,4.063046652571965060e-03,3.792360677218642754e-04
2.080000000000000071e+00,4.065523209400256389e-03,3.438063994850992918e-04
2.082500000000000018e+00,4.068005046653918981e-03,3.083767312483343083e-04
2.084999999999999964e+00,4.070492174623943117e-03,2.729470630115693247e-04
2.087499999999999911e+00,4.072984603635672676e-03,2.375173947748043953e-04
2.089999999999999858e+00,4.075482344048632528e-03,2.020877265380394117e-04
2.092500000000000249e+00,4.077985406257290078e-03,1.666580583012681398e-04
2.095000000000000195e+00,4.080493800690428163e-03,1.312283900645031562e-04
2.097500000000000142e+00,4.083007537811941291e-03,9.579872182773817258e-05
2.100000000000000089e+00,4.085526628120342112e-03,6.036905359097324321e-05
2.102500000000000036e+00,4.088051082149179484e-03,5.433214823187602731e-05
2.104999999999999982e+00,4.090580910467092254e-03,4.829524287277881141e-05
2.107499999999999929e+00,4.093116123677951503e-03,4.225833751368159551e-05
2.109999999999999876e+00,4.095656732420768602e-03,3.622143215458437283e-05
2.112499999999999822e+00,4.098202747369999663e-03,3.018452679548715693e-05
2.115000000000000213e+00,4.100754179235653954e-03,2.414762143638886360e-05
2.117500000000000160e+00,4.103311038763195889e-03,1.811071607729164770e-05
2.120000000000000107e+00,4.105873336733848605e-03,1.207381071819443180e-05
2.122500000000000053e+00,4.108441083964611308e-03,6.036905359097215901e-06
2.125000000000000000e+00,4.111014291308418001e-03,0.000000000000000000e+00
2.127499999999999947e+00,4.113592969654107992e-03,4.470430566446491955e-06
2.129999999999999893e+00,4.116177129926784119e-03,8.940861132892983910e-06
2.132499999999999840e+00,4.118766783087616720e-03,1.341129169933947671e-05
2.135000000000000231e+00,4.121361940134160226e-03,1.788172226578676403e-05
2.137500000000000178e+00,4.123962612100572599e-03,2.235215283223325344e-05
2.140000000000000124e+00,4.126568810057230224e-03,2.682258339867974625e-05
2.142500000000000071e+00,4.129180545111490325e-03,3.129301396512623566e-05
2.145000000000000018e+00,4.131797828407220846e-03,3.576344453157272846e-05
2.147499999999999964e+00,4.134420671125317408e-03,4.023387509801922126e-05
2.149999999999999911e+00,4.137049084483622637e-03,4.470430566446571407e-05
2.152499999999999858e+00,4.139683079737044996e-03,6.873813054770046239e-05
2.155000000000000249e+00,4.142322668177869302e-03,9.277195543093947976e-05
2.157500000000000195e+00,4.144967861135459217e-03,1.168057803141742416e-04
2.160000000000000142e+00,4.147618669976788942e-03,1.408396051974089764e-04
2.162500000000000089e+00,4.150275106106409394e-03,1.648734300806437383e-04
2.165000000000000036e+00,4.152937180966410034e-03,1.889072549638785002e-04
2.167499999999999982e+00,4.155604906036774494e-03,2.129410798471132620e-04
2.169999999999999929e+00,4.158278292835345009e-03,2.369749047303480239e-04
2.172499999999999876e+00,4.160957352918023648e-03,2.610087296135827316e-04
2.175000000000000266e+00,4.163642097878846905e-03,2.850425544968217761e-04
2.177500000000000213e+00,4.166332539350086316e-03,3.316812923501301184e-04
2.180000000000000160e+00,4.169028689002434937e-03,3.783200302034384608e-04
2.182500000000000107e+00,4.171730558544955308e-03,4.249587680567468032e-04
2.185000000000000053e+00,4.174438159725537417e-03,4.715975059100551998e-04
2.187500000000000000e+00,4.177151504330724359e-03,5.182362437633634879e-04
2.189999999999999947e+00,4.179870604185808615e-03,5.648749816166718845e-04
2.192499999999999893e+00,4.182595471155189405e-03,6.115137194699802811e-04
2.194999999999999840e+00,4.185326117142420393e-03,6.581524573232885693e-04
2.197500000000000231e+00,4.188062554090132492e-03,7.047911951766052058e-04
2.200000000000000178e+00,4.190804793980490960e-03,7.514299330299136024e-04
2.202500000000000124e+00,4.193552848834897033e-03,8.192580330779283175e-04
2.205000000000000071e+00,4.196306730714592474e-03,8.870861331259430327e-04
2.207500000000000018e+00,4.199066451720542478e-03,9.549142331739577478e-04
2.209999999999999964e+00,4.201832023993326386e-03,1.022742333221972463e-03
2.212499999999999911e+00,4.204603459713836776e-03,1.090570433269987070e-03
2.214999999999999858e+00,4.207380771102838847e-03,1.158398533318001893e-03
2.217500000000000249e+00,4.210163970421457007e-03,1.226226633366028643e-03
2.220000000000000195e+00,4.212953069971162728e-03,1.294054733414043250e-03
2.222500000000000142e+00,4.215748082093894247e-03,1.361882833462058073e-03
2.225000000000000089e+00,4.218549019172400903e-03,1.429710933510072680e-03
2.227500000000000036e+00,4.221355893629923951e-03,1.514334954099718928e-03
2.229999999999999982e+00,4.224168717930748204e-03,1.598958974689365176e-03
2.232499999999999929e+00,4.226987504580252339e-03,1.683582995279011424e-03
2.234999999999999876e+00,4.229812266124957469e-03,1.768207015868657672e-03
2.237500000000000266e+00,4.232643015152566177e-03,1.852831036458318882e-03
2.240000000000000213e+00,4.235479764292314660e-03,1.937455057047965130e-03
2.242500000000000160e+00,4.238322526214985744e-03,2.022079077637611161e-03
2.245000000000000107e+00,4.241171313633056335e-03,2.106703098227257626e-03
2.247500000000000053e+00,4.244026139300927265e-03,2.191327118816904090e-03
2.250000000000000000e+00,4.246887016014908554e-03,2.275951139406550121e-03
2.252499999999999947e+00,4.249753956613403286e-03,2.371267284087368900e-03
2.254999999999999893e+00,4.252626973977092356e-03,2.466583428768188112e-03
2.257499999999999840e+00,4.255506081029254532e-03,2.561899573449007324e-03
2.260000000000000231e+00,4.258391290735357056e-03,2.657215718129843016e-03
2.262500000000000178e+00,4.261282616103780757e-03,2.752531862810662228e-03
2.265000000000000124e+00,4.264180070185702963e-03,2.847848007491481006e-03
2.267500000000000071e+00,4.267083666075282243e-03,2.943164152172300218e-03
2.270000000000000018e+00,4.269993416909674891e-03,3.038480296853118996e-03
2.272499999999999964e+00,4.272909335869379266e-03,3.133796441533938208e-03
2.274999999999999911e+00,4.275831436178348550e-03,3.229112586214756987e-03
2.277499999999999858e+00,4.278759731103946515e-03,3.328299770854733185e-03
2.280000000000000249e+00,4.281694233957351707e-03,3.427486955494726730e-03
2.282500000000000195e+00,4.284634958093487198e-03,3.526674140134702495e-03
2.285000000000000142e+00,4.287581916911321553e-03,3.625861324774678693e-03
2.287500000000000089e+00,4.290535123853966848e-03,3.725048509414654457e-03
2.290000000000000036e+00,4.293494592408624889e-03,3.824235694054630656e-03
2.292499999999999982e+00,4.296460336107318402e-03,3.923422878694606854e-03
2.294999999999999929e+00,4.299432368526324641e-03,4.022610063334582618e-03
2.297499999999999876e+00,4.302410703286824178e-03,4.121797247974558383e-03
2.300000000000000266e+00,4.305395354054740442e-03,4.220984432614552362e-03
2.302500000000000213e+00,4.308386334541183804e-03,4.317223496650987070e-03
2.305000000000000160e+00,4.311383658502380457e-03,4.413462560687421779e-03
2.307500000000000107e+00,4.314387339739982064e-03,4.509701624723857355e-03
2.310000000000000053e+00,4.317397392101004171e-03,4.605940688760292064e-03
2.312500000000000000e+00,4.320413829478265966e-03,4.702179752796726772e-03
2.314999999999999947e+00,4.323436665810374661e-03,4.798418816833161481e-03
2.317499999999999893e+00,4.326465915081826978e-03,4.894657880869597057e-03
2.319999999999999840e+00,4.329501591323372568e-03,4.990896944906031765e-03
2.322500000000000231e+00,4.332543708611944627e-03,5.087136008942483821e-03
2.325000000000000178e+00,4.335592281070965205e-03,5.183375072978918530e-03
2.327500000000000124e+00,4.338647322870591537e-03,5.270340633420306752e-03
2.330000000000000071e+00,4.341708848227508744e-03,5.357306193861694106e-03
2.332500000000000018e+00,4.344776871405555199e-03,5.444271754303082328e-03
2.334999999999999964e+00,4.347851406715601101e-03,5.531237314744469682e-03
2.337499999999999911e+00,4.350932468515768779e-03,5.618202875185857904e-03
2.339999999999999858e+00,4.354020071211599230e-03,5.705168435627246126e-03
2.342500000000000249e+00,4.357114229256177015e-03,5.792133996068649093e-03
2.345000000000000195e+00,4.360214957150523180e-03,5.879099556510037315e-03
2.347500000000000142e+00,4.363322269443457337e-03,5.966065116951424670e-03
2.350000000000000089e+00,4.366436180731826655e-03,6.053030677392812892e-03
2.352500000000000036e+00,4.369556705660935202e-03,6.125225073493714353e-03
2.354999999999999982e+00,4.372683858924329703e-03,6.197419469594614948e-03
2.357499999999999929e+00,4.375817655264293941e-03,6.269613865695516410e-03
2.359999999999999876e+00,4.378958109471838347e-03,6.341808261796417004e-03
2.362500000000000266e+00,4.382105236386874339e-03,6.414002657897330609e-03
2.365000000000000213e+00,4.385259050898543919e-03,6.486197053998232070e-03
2.367500000000000160e+00,4.388419567945129468e-03,6.558391450099133532e-03
2.370000000000000107e+00,4.391586802514498705e-03,6.630585846200034127e-03
2.372500000000000053e+00,4.394760769644194889e-03,6.702780242300934721e-03
2.375000000000000000e+00,4.397941484421470648e-03,6.774974638401836183e-03
2.377499999999999947e+00,4.401128961983593289e-03,6.827973430255145082e-03
2.379999999999999893e+00,4.404323217518067712e-03,6.880972222108453981e-03
2.382499999999999840e+00,4.407524266262751768e-03,6.933971013961762880e-03
2.385000000000000231e+00,4.410732123505913503e-03,6.986969805815081321e-03
2.387500000000000178e+00,4.413946804586733365e-03,7.039968597668390220e-03
2.390000000000000124e+00,4.417168324895096899e-03,7.092967389521699119e-03
2.392500000000000071e+00,4.420396699872084813e-03,7.145966181375008018e-03
2.395000000000000018e+00,4.423631945009992052e-03,7.198964973228316917e-03
2.397499999999999964e+00,4.426874075852597554e-03,7.251963765081625816e-03
2.399999999999999911e+00,4.430123107995228432e-03,7.304962556934934716e-03
2.402499999999999858e+00,4.433379057085082633e-03,7.335622716245482171e-03
2.405000000000000249e+00,4.436641938821391136e-03,7.366282875556031361e-03
2.407500000000000195e+00,4.439911768955554991e-03,7.396943034866575346e-03
2.410000000000000142e+00,4.443188563291199968e-03,7.427603194177119332e-03
2.412500000000000089e+00,4.446472337684821870e-03,7.458263353487662450e-03
2.415000000000000036e+00,4.449763108045437857e-03,7.488923512798206436e-03
2.417499999999999982e+00,4.453060890335106860e-03,7.519583672108750422e-03
2.419999999999999929e+00,4.456365700568968614e-03,7.550243831419293540e-03
2.422499999999999876e+00,4.459677554815506470e-03,7.580903990729837526e-03
2.425000000000000266e+00,4.462996469196856171e-03,7.611564150040386716e-03
2.427500000000000213e+00,4.466322459888734733e-03,7.618217046536707691e-03
2.430000000000000160e+00,4.469655543120809073e-03,7.624869943033029535e-03
2.432500000000000107e+00,4.472995735176900703e-03,7.631522839529350510e-03
2.435000000000000053e+00,4.476343052395111502e-03,7.638175736025671486e-03
2.437500000000000000e+00,4.479697511168075248e-03,7.644828632521993329e-03
2.439999999999999947e+00,4.483059127943132827e-03,7.651481529018314305e-03
2.442499999999999893e+00,4.486427919222477079e-03,7.658134425514636148e-03
2.444999999999999840e+00,4.489803901563531839e-03,7.664787322010957124e-03
2.447500000000000231e+00,4.493187091579018723e-03,7.671440218507279835e-03
2.450000000000000178e+00,4.496577505937000493e-03,7.678093115003600810e-03
2.452500000000000124e+00,4.499975161361480409e-03,7.660713421034966858e-03
2.455000000000000071e+00,4.503380074632415235e-03,7.643333727066333773e-03
2.457500000000000018e+00,4.506792262585643249e-03,7.625954033097699820e-03
2.459999999999999964e+00,4.510211742113613698e-03,7.608574339129065868e-03
2.462499999999999911e+00,4.513638530165130051e-03,7.591194645160431916e-03
2.464999999999999858e+00,4.517072643745929407e-03,7.573814951191798830e-03
2.467500000000000249e+00,4.520514099918593147e-03,7.556435257223161409e-03
2.470000000000000195e+00,4.523962915802917303e-03,7.539055563254527456e-03
2.472500000000000142e+00,4.527419108576233482e-03,7.521675869285894371e-03
2.475000000000000089e+00,4.530882695473264880e-03,7.504296175317260419e-03
2.477500000000000036e+00,4.534353693786632826e-03,7.464612929694876449e-03
2.479999999999999982e+00,4.537832120867120456e-03,7.424929684072492479e-03
2.482499999999999929e+00,4.541317994123613734e-03,7.385246438450107642e-03
2.484999999999999876e+00,4.544811331023558554e-03,7.345563192827723673e-03
2.487500000000000266e+00,4.548312149093068288e-03,7.305879947205332764e-03
2.490000000000000213e+00,4.551820465917128487e-03,7.266196701582948794e-03
2.492500000000000160e+00,4.555336299139996735e-03,7.226513455960564825e-03
2.495000000000000107e+00,4.558859666465154073e-03,7.186830210338179988e-03
2.497500000000000053e+00,4.562390585655792460e-03,7.147146964715796018e-03
2.500000000000000000e+00,4.565929074534593596e-03,7.107463719093412048e-03
2.502499999999999947e+00,4.569475150984638780e-03,7.048966882571401638e-03
2.504999999999999893e+00,4.573028832949290953e-03,6.990470046049392094e-03
2.507499999999999840e+00,4.576590138431969185e-03,6.931973209527382551e-03
2.510000000000000231e+00,4.580159085497212054e-03,6.873476373005361732e-03
2.512500000000000178e+00,4.583735692270204942e-03,6.814979536483351322e-03
2.515000000000000124e+00,4.587319976937659534e-03,6.756482699961341779e-03
2.517500000000000071e+00,4.590911957747333301e-03,6.697985863439332235e-03
2.520000000000000018e+00,4.594511653008833546e-03,6.639489026917321825e-03
2.522499999999999964e+00,4.598119081093477757e-03,6.580992190395311414e-03
2.524999999999999911e+00,4.601734260434865199e-03,6.522495353873301871e-03
2.527499999999999858e+00,4.605357209528880384e-03,6.450293068399629015e-03
2.530000000000000249e+00,4.608987946933857868e-03,6.378090782925940547e-03
2.532500000000000195e+00,4.612626491271139967e-03,6.305888497452264221e-03
2.535000000000000142e+00,4.616272861225090632e-03,6.233686211978588763e-03
2.537500000000000089e+00,4.619927075543241168e-03,6.161483926504913305e-03
2.540000000000000036e+00,4.623589153036676211e-03,6.089281641031237848e-03
2.542499999999999982e+00,4.627259112580409291e-03,6.017079355557561522e-03
2.544999999999999929e+00,4.630936973113445286e-03,5.944877070083886064e-03
2.547499999999999876e+00,4.634622753638932210e-03,5.872674784610210606e-03
2.550000000000000266e+00,4.638316473224673823e-03,5.800472499136522138e-03
2.552500000000000213e+00,4.642018151003207693e-03,5.720970448689252121e-03
2.555000000000000160e+00,4.645727806172049792e-03,5.641468398241982971e-03
2.557500000000000107e+00,4.649445457994038841e-03,5.561966347794712953e-03
2.560000000000000053e+00,4.653171125797396154e-03,5.482464297347442936e-03
2.562500000000000000e+00,4.656904828976309377e-03,5.402962246900173786e-03
2.564999999999999947e+00,4.660646586990936820e-03,5.323460196452903768e-03
2.567499999999999893e+00,4.664396419367528891e-03,5.243958146005633751e-03
2.569999999999999840e+00,4.668154345699160150e-03,5.164456095558364601e-03
2.572500000000000231e+00,4.671920385645475168e-03,5.084954045111080706e-03
2.575000000000000178e+00,4.675694558933437932e-03,5.005451994663810689e-03
2.577500000000000124e+00,4.679476885356931987e-03,4.925853328931291929e-03
2.580000000000000071e+00,4.683267384777695455e-03,4.846254663198772301e-03
2.582500000000000018e+00,4.687066077125263790e-03,4.766655997466253541e-03
2.584999999999999964e+00,4.690872982397302840e-03,4.687057331733734782e-03
2.587499999999999911e+00,4.694688120659697324e-03,4.607458666001215154e-03
2.589999999999999858e+00,4.698511512047130224e-03,4.527860000268696394e-03
2.592500000000000249e+00,4.702343176763068046e-03,4.448261334536162889e-03
2.595000000000000195e+00,4.706183135080255209e-03,4.368662668803644129e-03
2.597500000000000142e+00,4.710031407340813797e-03,4.289064003071124502e-03
2.600000000000000089e+00,4.713888013956533257e-03,4.209465337338605742e-03
2.602500000000000036e+00,4.717752975409179178e-03,4.137121999257164541e-03
2.604999999999999982e+00,4.721626312250962534e-03,4.064778661175723340e-03
2.607499999999999929e+00,4.725508045104483308e-03,3.992435323094282139e-03
2.609999999999999876e+00,4.729398194663078300e-03,3.920091985012840938e-03
2.612500000000000266e+00,4.733296781691351957e-03,3.847748646931387160e-03
2.615000000000000213e+00,4.737203827025296063e-03,3.775405308849945959e-03
2.617500000000000160e+00,4.741119351572275868e-03,3.703061970768505191e-03
2.620000000000000107e+00,4.745043376311745657e-03,3.630718632687063990e-03
2.622500000000000053e+00,4.748975922295510695e-03,3.558375294605622789e-03
2.625000000000000000e+00,4.752917010647889420e-03,3.486031956524181588e-03
2.627499999999999947e+00,4.756866662565671817e-03,3.427709381343473430e-03
2.629999999999999893e+00,4.760824899319008457e-03,3.369386806162765272e-03
2.632499999999999840e+00,4.764791742251262181e-03,3.311064230982056680e-03
2.635000000000000231e+00,4.768767212779709795e-03,3.252741655801338113e-03
2.637500000000000178e+00,4.772751332395240229e-03,3.194419080620629955e-03
2.640000000000000124e+00,4.776744122663151640e-03,3.136096505439921796e-03
2.642500000000000071e+00,4.780745605223335297e-03,3.077773930259213638e-03
2.645000000000000018e+00,4.784755801790449049e-03,3.019451355078505046e-03
2.647499999999999964e+00,4.788774734154285957e-03,2.961128779897796888e-03
2.649999999999999911e+00,4.792802424180044908e-03,2.902806204717088730e-03
2.652499999999999858e+00,4.796838893808744349e-03,2.863946886012143020e-03
2.655000000000000249e+00,4.800884165057498973e-03,2.825087567307193841e-03
2.657500000000000195e+00,4.804938260019399159e-03,2.786228248602252034e-03
2.660000000000000142e+00,4.809001200864598639e-03,2.747368929897309794e-03
2.662500000000000089e+00,4.813073009840050827e-03,2.708509611192367553e-03
2.665000000000000036e+00,4.817153709269942491e-03,2.669650292487425313e-03
2.667499999999999982e+00,4.821243321556019888e-03,2.630790973782483073e-03
2.669999999999999929e+00,4.825341869177977340e-03,2.591931655077541266e-03
2.672499999999999876e+00,4.829449374693745196e-03,2.553072336372599026e-03
2.675000000000000266e+00,4.833565860739544480e-03,2.514213017667649847e-03
2.677500000000000213e+00,4.837691350030759452e-03,2.498295401018329857e-03
2.680000000000000160e+00,4.841825865361645310e-03,2.482377784369009868e-03
2.682500000000000107e+00,4.845969429605906723e-03,2.466460167719689879e-03
2.685000000000000053e+00,4.850122065717232117e-03,2.450542551070370324e-03
2.687500000000000000e+00,4.854283796729308431e-03,2.434624934421050334e-03
2.689999999999999947e+00,4.858454645756335455e-03,2.418707317771730345e-03
2.692499999999999893e+00,4.862634635992980729e-03,2.402789701122410356e-03
2.694999999999999840e+00,4.866823790715589515e-03,2.386872084473090367e-03
2.697500000000000231e+00,4.871022133281225491e-03,2.370954467823767776e-03
2.700000000000000178e+00,4.875229687128976135e-03,2.355036851174447787e-03
2.702500000000000124e+00,4.879446475780306602e-03,2.363121737253261623e-03
2.705000000000000071e+00,4.883672522838590491e-03,2.371206623332075460e-03
2.707500000000000018e+00,4.887907851990242608e-03,2.379291509410889297e-03
2.709999999999999964e+00,4.892152487004738058e-03,2.387376395489703134e-03
2.712499999999999911e+00,4.896406451734899336e-03,2.395461281568516971e-03
2.714999999999999858e+00,4.900669770117373376e-03,2.403546167647330808e-03
2.717500000000000249e+00,4.904942466172796355e-03,2.411631053726145946e-03
2.720000000000000195e+00,4.909224564006346193e-03,2.419715939804959783e-03
2.722500000000000142e+00,4.913516087807901292e-03,2.427800825883773619e-03
2.725000000000000089e+00,4.917817061852637270e-03,2.435885711962587456e-03
2.727500000000000036e+00,4.922127510501157072e-03,2.466422905295709289e-03
2.729999999999999982e+00,4.926447458199711277e-03,2.496960098628831122e-03
2.732499999999999929e+00,4.930776929481003011e-03,2.527497291961952955e-03
2.734999999999999876e+00,4.935115948964242591e-03,2.558034485295074788e-03
2.737500000000000266e+00,4.939464541355244667e-03,2.588571678628202258e-03
2.740000000000000213e+00,4.943822731447369313e-03,2.619108871961324091e-03
2.742500000000000160e+00,4.948190544121566260e-03,2.649646065294445924e-03
2.745000000000000107e+00,4.952568004346818119e-03,2.680183258627567757e-03
2.747500000000000053e+00,4.956955137180198492e-03,2.710720451960689590e-03
2.750000000000000000e+00,4.961351967767726329e-03,2.741257645293811423e-03
2.752499999999999947e+00,4.965758521344306071e-03,2.790193784701144614e-03
2.754999999999999893e+00,4.970174823234515225e-03,2.839129924108477806e-03
2.757499999999999840e+00,4.974600898852567059e-03,2.888066063515810997e-03
2.760000000000000231e+00,4.979036773702726071e-03,2.937002202923152862e-03
2.762500000000000178e+00,4.983482473380066065e-03,2.985938342330485620e-03
2.765000000000000124e+00,4.987938023570655764e-03,3.034874481737818812e-03
2.767500000000000071e+00,4.992403450051609119e-03,3.083810621145152003e-03
2.770000000000000018e+00,4.996878778691861596e-03,3.132746760552485195e-03
2.772499999999999964e+00,5.001364035452293341e-03,3.181682899959818386e-03
2.774999999999999911e+00,5.005859246386609555e-03,3.230619039367151578e-03
2.777499999999999858e+00,5.010364437640895535e-03,3.291808385154582073e-03
2.780000000000000249e+00,5.014879635454689601e-03,3.352997730942025578e-03
2.782500000000000195e+00,5.019404866161065494e-03,3.414187076729458242e-03
2.785000000000000142e+00,5.023940156187367903e-03,3.475376422516890905e-03
2.787500000000000089e+00,5.028485532054913221e-03,3.536565768304323568e-03
2.790000000000000036e+00,5.033041020380130126e-03,3.597755114091756232e-03
2.792499999999999982e+00,5.037606647874547441e-03,3.658944459879188895e-03
2.794999999999999929e+00,5.042182441345322355e-03,3.720133805666621558e-03
2.797499999999999876e+00,5.046768427695563081e-03,3.781323151454054222e-03
2.800000000000000266e+00,5.051364633924746925e-03,3.842512497241497727e-03
2.802500000000000213e+00,5.055971087129065497e-03,3.908392132474296406e-03
2.805000000000000160e+00,5.060587814502278195e-03,3.974271767707095518e-03
2.807500000000000107e+00,5.065214843335383473e-03,4.040151402939894630e-03
2.810000000000000053e+00,5.069852201017575541e-03,4.106031038172693742e-03
2.812500000000000000e+00,5.074499915036399626e-03,4.171910673405491987e-03
2.814999999999999947e+00,5.079158012978575963e-03,4.237790308638291099e-03
2.817499999999999893e+00,5.083826522529548766e-03,4.303669943871090212e-03
2.819999999999999840e+00,5.088505471474952073e-03,4.369549579103889324e-03
2.822500000000000231e+00,5.093194887700250653e-03,4.435429214336699712e-03
2.825000000000000178e+00,5.097894799191737478e-03,4.501308849569498824e-03
2.827500000000000124e+00,5.102605234036266570e-03,4.563764495221597772e-03
2.830000000000000071e+00,5.107326220422486393e-03,4.626220140873696721e-03
2.832500000000000018e+00,5.112057786640466020e-03,4.688675786525795669e-03
2.834999999999999964e+00,5.116799961083247708e-03,4.751131432177894617e-03
2.837499999999999911e+00,5.121552772245609175e-03,4.813587077829993566e-03
2.839999999999999858e+00,5.126316248726157411e-03,4.876042723482092514e-03
2.842500000000000249e+00,5.131090419226797851e-03,4.938498369134202738e-03
2.845000000000000195e+00,5.135875312553558371e-03,5.000954014786301687e-03
2.847500000000000142e+00,5.140670957616941435e-03,5.063409660438400635e-03
2.850000000000000089e+00,5.145477383432193845e-03,5.125865306090499583e-03
2.852500000000000036e+00,5.150294619120028387e-03,5.177188819451455579e-03
2.854999999999999982e+00,5.155122693907077461e-03,5.228512332812411574e-03
2.857499999999999929e+00,5.159961637125943384e-03,5.279835846173367570e-03
2.859999999999999876e+00,5.164811478216119536e-03,5.331159359534323565e-03
2.862500000000000266e+00,5.169672246724287858e-03,5.382482872895289101e-03
2.865000000000000213e+00,5.174543972304814984e-03,5.433806386256245097e-03
2.867500000000000160e+00,5.179426684719993373e-03,5.485129899617201092e-03
2.870000000000000107e+00,5.184320413840729988e-03,5.536453412978157088e-03
2.872500000000000053e+00,5.189225189646932274e-03,5.587776926339113083e-03
2.875000000000000000e+00,5.194141042228163016e-03,5.639100439700069078e-03
2.877499999999999947e+00,5.199068001783819018e-03,5.672928122249436093e-03
2.879999999999999893e+00,5.204006098623745191e-03,5.706755804798802241e-03
2.882499999999999840e+00,5.208955363168547674e-03,5.740583487348169256e-03
2.885000000000000231e+00,5.213915825950686707e-03,5.774411169897541475e-03
2.887500000000000178e+00,5.218887517614082851e-03,5.808238852446908490e-03
2.890000000000000124e+00,5.223870468915019910e-03,5.842066534996275505e-03
2.892500000000000071e+00,5.228864710722935967e-03,5.875894217545641653e-03
2.895000000000000018e+00,5.233870274020535271e-03,5.909721900095008668e-03
2.897499999999999964e+00,5.238887189903945231e-03,5.943549582644374815e-03
2.899999999999999911e+00,5.243915489584144961e-03,5.977377265193741830e-03
2.902499999999999858e+00,5.248955204386635681e-03,5.989500043604020600e-03
2.905000000000000249e+00,5.254006365752475483e-03,6.001622822014298503e-03
2.907500000000000195e+00,5.259069005238289733e-03,6.013745600424573803e-03
2.910000000000000142e+00,5.264143154517164462e-03,6.025868378834848237e-03
2.912500000000000089e+00,5.269228845378930853e-03,6.037991157245123537e-03
2.915000000000000036e+00,5.274326109730966688e-03,6.050113935655398838e-03
2.917499999999999982e+00,5.279434979598340329e-03,6.062236714065674138e-03
2.919999999999999929e+00,5.284555487124650321e-03,6.074359492475949439e-03
2.922499999999999876e+00,5.289687664571963814e-03,6.086482270886224739e-03
2.925000000000000266e+00,5.294831544322400364e-03,6.098605049296501775e-03
2.927500000000000213e+00,5.299987158877564677e-03,6.087555942431919533e-03
2.930000000000000160e+00,5.305154540859714080e-03,6.076506835567337290e-03
2.932500000000000107e+00,5.310333723012000511e-03,6.065457728702754181e-03
2.935000000000000053e+00,5.315524738199235537e-03,6.054408621838171939e-03
2.937500000000000000e+00,5.320727619408086376e-03,6.043359514973589697e-03
2.939999999999999947e+00,5.325942399747944991e-03,6.032310408109007455e-03
2.942499999999999893e+00,5.331169112451304530e-03,6.021261301244425213e-03
2.944999999999999840e+00,5.336407790874534741e-03,6.010212194379842970e-03
2.947500000000000231e+00,5.341658468497912336e-03,5.999163087515258126e-03
2.950000000000000178e+00,5.346921178926631463e-03,5.988113980650675884e-03
2.952500000000000124e+00,5.352195955891225244e-03,5.955462069785809852e-03
2.955000000000000071e+00,5.357482833248202424e-03,5.922810158920944687e-03
2.957500000000000018e+00,5.362781844980254661e-03,5.890158248056078655e-03
2.959999999999999964e+00,5.368093025197423138e-03,5.857506337191212623e-03
2.962499999999999911e+00,5.373416408136758547e-03,5.824854426326346590e-03
2.964999999999999858e+00,5.378752028164153834e-03,5.792202515461481425e-03
2.967500000000000249e+00,5.384099919773715354e-03,5.759550604596609322e-03
2.970000000000000195e+00,5.389460117588857485e-03,5.726898693731743289e-03
2.972500000000000142e+00,5.394832656362950549e-03,5.694246782866878125e-03
2.975000000000000089e+00,5.400217570979919286e-03,5.661594872002012092e-03
2.977500000000000036e+00,5.405614896454356486e-03,5.611904721188598448e-03
2.979999999999999982e+00,5.411024667932621060e-03,5.562214570375183936e-03
2.982499999999999929e+00,5.416446920693293414e-03,5.512524419561770292e-03
2.984999999999999876e+00,5.421881690147750503e-03,5.462834268748356648e-03
2.987500000000000266e+00,5.427329011840478952e-03,5.413144117934933462e-03
2.990000000000000213e+00,5.432788921450271147e-03,5.363453967121519818e-03
2.992500000000000160e+00,5.438261454790154978e-03,5.313763816308105306e-03
2.995000000000000107e+00,5.443746647808676668e-03,5.264073665494691662e-03
2.997500000000000053e+00,5.449244536589655311e-03,5.214383514681277150e-03
3.000000000000000000e+00,5.454755157353804833e-03,5.164693363867863506e-03
3.002499999999999947e+00,5.460278546458448637e-03,5.105141244296088239e-03
3.004999999999999893e+00,5.465814740398756456e-03,5.045589124724312972e-03
3.007500000000000284e+00,5.471363775808040994e-03,4.986037005152527297e-03
3.010000000000000231e+00,5.476925689458297421e-03,4.926484885580752031e-03
3.012500000000000178e+00,5.482500518261321405e-03,4.866932766008977632e-03
3.015000000000000124e+00,5.488088299268871310e-03,4.807380646437202365e-03
3.017500000000000071e+00,5.493689069673208560e-03,4.747828526865427098e-03
3.020000000000000018e+00,5.499302866808335362e-03,4.688276407293651832e-03
3.022499999999999964e+00,5.504929728149946140e-03,4.628724287721876565e-03
3.024999999999999911e+00,5.510569691316762400e-03,4.569172168150101299e-03
3.027499999999999858e+00,5.516222794070500639e-03,4.508843082907201295e-03
3.030000000000000249e+00,5.521889074316865473e-03,4.448513997664289149e-03
3.032500000000000195e+00,5.527568570106282560e-03,4.388184912421389146e-03
3.035000000000000142e+00,5.533261319634353963e-03,4.327855827178488275e-03
3.037500000000000089e+00,5.538967361242663062e-03,4.267526741935587405e-03
3.040000000000000036e+00,5.544686733419383444e-03,4.207197656692686534e-03
3.042499999999999982e+00,5.550419474799788908e-03,4.146868571449786531e-03
3.044999999999999929e+00,5.556165624167314250e-03,4.086539486206885660e-03
3.047499999999999876e+00,5.561925220453844965e-03,4.026210400963984790e-03
3.050000000000000266e+00,5.567698302740610623e-03,3.965881315721073511e-03
3.052500000000000213e+00,5.573484910258720906e-03,3.914802110464298511e-03
3.055000000000000160e+00,5.579285082390065056e-03,3.863722905207523078e-03
3.057500000000000107e+00,5.585098858667751631e-03,3.812643699950748078e-03
3.060000000000000053e+00,5.590926278776977600e-03,3.761564494693973078e-03
3.062500000000000000e+00,5.596767382555585188e-03,3.710485289437197645e-03
3.064999999999999947e+00,5.602622209995023785e-03,3.659406084180422646e-03
3.067499999999999893e+00,5.608490801240748926e-03,3.608326878923647646e-03
3.070000000000000284e+00,5.614373196593057565e-03,3.557247673666863539e-03
3.072500000000000231e+00,5.620269436507729921e-03,3.506168468410088106e-03
3.075000000000000178e+00,5.626179561597078986e-03,3.455089263153313106e-03
3.077500000000000124e+00,5.632103612630085833e-03,3.423081896846025523e-03
3.080000000000000071e+00,5.638041630533759639e-03,3.391074530538738373e-03
3.082500000000000018e+00,5.643993656393162840e-03,3.359067164231450790e-03
3.084999999999999964e+00,5.649959731453005340e-03,3.327059797924163207e-03
3.087499999999999911e+00,5.655939897117494460e-03,3.295052431616876058e-03
3.089999999999999858e+00,5.661934194951690619e-03,3.263045065309588474e-03
3.092500000000000249e+00,5.667942666682108423e-03,3.231037699002295253e-03
3.095000000000000195e+00,5.673965354197215392e-03,3.199030332695007670e-03
3.097500000000000142e+00,5.680002299548523106e-03,3.167022966387720521e-03
3.100000000000000089e+00,5.686053544951136240e-03,3.135015600080432938e-03
3.102500000000000036e+00,5.692119132784489825e-03,3.130479578326250418e-03
3.104999999999999982e+00,5.698199105593438653e-03,3.125943556572068332e-03
3.107499999999999929e+00,5.704293506088573863e-03,3.121407534817885812e-03
3.109999999999999876e+00,5.710402377147257708e-03,3.116871513063703726e-03
3.112500000000000266e+00,5.716525761814285345e-03,3.112335491309520339e-03
3.115000000000000213e+00,5.722663703302986390e-03,3.107799469555337819e-03
3.117500000000000160e+00,5.728816244995356757e-03,3.103263447801155733e-03
3.120000000000000107e+00,5.734983430443638119e-03,3.098727426046973214e-03
3.122500000000000053e+00,5.741165303370382965e-03,3.094191404292791128e-03
3.125000000000000000e+00,5.747361907669856253e-03,3.089655382538608608e-03
3.127499999999999947e+00,5.753573287408424858e-03,3.118407258295177037e-03
3.129999999999999893e+00,5.759799486825543761e-03,3.147159134051745032e-03
3.132500000000000284e+00,5.766040550334575708e-03,3.175911009808318232e-03
3.135000000000000231e+00,5.772296522523557953e-03,3.204662885564886661e-03
3.137500000000000178e+00,5.778567448156060084e-03,3.233414761321455090e-03
3.140000000000000124e+00,5.784853372171912603e-03,3.262166637078023085e-03
3.142500000000000071e+00,5.791154339688062147e-03,3.290918512834591515e-03
3.145000000000000018e+00,5.797470395999758906e-03,3.319670388591159510e-03
3.147499999999999964e+00,5.803801586580743972e-03,3.348422264347727939e-03
3.149999999999999911e+00,5.810147957084707375e-03,3.377174140104295934e-03
3.152499999999999858e+00,5.816509553345518800e-03,3.441481679446044706e-03
3.155000000000000249e+00,5.822886421378918077e-03,3.505789218787810826e-03
3.157500000000000195e+00,5.829278607382601916e-03,3.570096758129565669e-03
3.160000000000000142e+00,5.835686157737380100e-03,3.634404297471320079e-03
3.162500000000000089e+00,5.842109119008065399e-03,3.698711836813074923e-03
3.165000000000000036e+00,5.848547537944372154e-03,3.763019376154829766e-03
3.167499999999999982e+00,5.855001461481674357e-03,3.827326915496584610e-03
3.169999999999999929e+00,5.861470936742145359e-03,3.891634454838339453e-03
3.172499999999999876e+00,5.867956011035111753e-03,3.955941994180094297e-03
3.175000000000000266e+00,5.874456731858682286e-03,4.020249533521860416e-03
3.177500000000000213e+00,5.880973146900044489e-03,4.118194802904446422e-03
3.180000000000000160e+00,5.887505304036515924e-03,4.216140072287032428e-03
3.182500000000000107e+00,5.894053251336638793e-03,4.314085341669618434e-03
3.185000000000000053e+00,5.900617037061007403e-03,4.412030611052204440e-03
3.187500000000000000e+00,5.907196709663099961e-03,4.509975880434790446e-03
3.189999999999999947e+00,5.913792317790241351e-03,4.607921149817375585e-03
3.192499999999999893e+00,5.920403910284545088e-03,4.705866419199961591e-03
3.195000000000000284e+00,5.927031536183748582e-03,4.803811688582564944e-03
3.197500000000000231e+00,5.933675244722469086e-03,4.901756957965150950e-03
3.200000000000000178e+00,5.940335085332868088e-03,4.999702227347736956e-03
3.202500000000000124e+00,5.947011107645348675e-03,5.124987964770248185e-03
3.205000000000000071e+00,5.953703361490363111e-03,5.250273702192759413e-03
3.207500000000000018e+00,5.960411896898244570e-03,5.375559439615270642e-03
3.209999999999999964e+00,5.967136764101435391e-03,5.500845177037781870e-03
3.212499999999999911e+00,5.973878013534110638e-03,5.626130914460293099e-03
3.214999999999999858e+00,5.980635695834311816e-03,5.751416651882804328e-03
3.217500000000000249e+00,5.987409861844182786e-03,5.876702389305337240e-03
3.220000000000000195e+00,5.994200562611352347e-03,6.001988126727848469e-03
3.222500000000000142e+00,6.001007849389766897e-03,6.127273864150359697e-03
3.225000000000000089e+00,6.007831773640722600e-03,6.252559601572870926e-03
3.227500000000000036e+00,6.014672387033789987e-03,6.394834888372698603e-03
3.229999999999999982e+00,6.021529741448122808e-03,6.537110175172527148e-03
3.232499999999999929e+00,6.028403888973003603e-03,6.679385461972354825e-03
3.234999999999999876e+00,6.035294881909275717e-03,6.821660748772183369e-03
3.237500000000000266e+00,6.042202772770132596e-03,6.963936035572036200e-03
3.240000000000000213e+00,6.049127614282375463e-03,7.106211322371864744e-03
3.242500000000000160e+00,6.056069459387020473e-03,7.248486609171692421e-03
3.245000000000000107e+00,6.063028361241084609e-03,7.390761895971520098e-03
3.247500000000000053e+00,6.070004373217697570e-03,7.533037182771347776e-03
3.250000000000000000e+00,6.076997548908049870e-03,7.675312469571176320e-03
3.252499999999999947e+00,6.084007942121823914e-03,7.821037915079161185e-03
3.254999999999999893e+00,6.091035606888615603e-03,7.966763360587145182e-03
3.257500000000000284e+00,6.098080597458879759e-03,8.112488806095156935e-03
3.260000000000000231e+00,6.105142968304985707e-03,8.258214251603140932e-03
3.262500000000000178e+00,6.112222774122379534e-03,8.403939697111124929e-03
3.265000000000000124e+00,6.119320069830732484e-03,8.549665142619110661e-03
3.267500000000000071e+00,6.126434910574656521e-03,8.695390588127094658e-03
3.270000000000000018e+00,6.133567351725595189e-03,8.841116033635078655e-03
3.272499999999999964e+00,6.140717448882064729e-03,8.986841479143064387e-03
3.274999999999999911e+00,6.147885257871304673e-03,9.132566924651048385e-03
3.277499999999999858e+00,6.155070834750430570e-03,9.266370985857499271e-03
3.280000000000000249e+00,6.162274235807098377e-03,9.400175047063972708e-03
3.282500000000000195e+00,6.169495517561028423e-03,9.533979108270420125e-03
3.285000000000000142e+00,6.176734736765402724e-03,9.667783169476869276e-03
3.287500000000000089e+00,6.183991950407257028e-03,9.801587230683318427e-03
3.290000000000000036e+00,6.191267215709368200e-03,9.935391291889767579e-03
3.292499999999999982e+00,6.198560590131060866e-03,1.006919535309621673e-02
3.294999999999999929e+00,6.205872131369351459e-03,1.020299941430266588e-02
3.297499999999999876e+00,6.213201897360402792e-03,1.033680347550911330e-02
3.300000000000000266e+00,6.220549946280282995e-03,1.047060753671558674e-02
3.302500000000000213e+00,6.227916336546797382e-03,1.057701253687723386e-02
3.305000000000000160e+00,6.235301126819941218e-03,1.068341753703888099e-02
3.307500000000000107e+00,6.242704376003633572e-03,1.078982253720052811e-02
3.310000000000000053e+00,6.250126143247033104e-03,1.089622753736217524e-02
3.312500000000000000e+00,6.257566487944941393e-03,1.100263253752382236e-02
3.314999999999999947e+00,6.265025469740032049e-03,1.110903753768546776e-02
3.317499999999999893e+00,6.272503148523468283e-03,1.121544253784711488e-02
3.320000000000000284e+00,6.279999584436544817e-03,1.132184753800878109e-02
3.322500000000000231e+00,6.287514837871413867e-03,1.142825253817042822e-02
3.325000000000000178e+00,6.295048969472899665e-03,1.153465753833207534e-02
3.327500000000000124e+00,6.302602040139410923e-03,1.159998735466251721e-02
3.330000000000000071e+00,6.310174111024476930e-03,1.166531717099295908e-02
3.332500000000000018e+00,6.317765243537670425e-03,1.173064698732340094e-02
3.334999999999999964e+00,6.325375499346182727e-03,1.179597680365384108e-02
3.337499999999999911e+00,6.333004940376180288e-03,1.186130661998428294e-02
3.339999999999999858e+00,6.340653628813726697e-03,1.192663643631472481e-02
3.342500000000000249e+00,6.348321627106602409e-03,1.199196625264517882e-02
3.345000000000000195e+00,6.356008997965207664e-03,1.205729606897561895e-02
3.347500000000000142e+00,6.363715804364115068e-03,1.212262588530606082e-02
3.350000000000000089e+00,6.371442109543362826e-03,1.218795570163650269e-02
3.352500000000000036e+00,6.379187977009630021e-03,1.220218864964290814e-02
3.354999999999999982e+00,6.386953470537871588e-03,1.221642159764931186e-02
3.357499999999999929e+00,6.394738654172526550e-03,1.223065454565571732e-02
3.359999999999999876e+00,6.402543592228886714e-03,1.224488749366212104e-02
3.362500000000000266e+00,6.410368349294406388e-03,1.225912044166852823e-02
3.365000000000000213e+00,6.418212990230299196e-03,1.227335338967493368e-02
3.367500000000000160e+00,6.426077580172748042e-03,1.228758633768133740e-02
3.370000000000000107e+00,6.433962184534328457e-03,1.230181928568774286e-02
3.372500000000000053e+00,6.441866869005467497e-03,1.231605223369414658e-02
3.375000000000000000e+00,6.449791699555872289e-03,1.233028518170055203e-02
3.377499999999999947e+00,6.457736742435842350e-03,1.228859544650652731e-02
3.379999999999999893e+00,6.465702064177904565e-03,1.224690571131250086e-02
3.382500000000000284e+00,6.473687731597955498e-03,1.220521597611846920e-02
3.385000000000000231e+00,6.481693811797219901e-03,1.216352624092444275e-02
3.387500000000000178e+00,6.489720372162921178e-03,1.212183650573041803e-02
3.390000000000000124e+00,6.497767480370731687e-03,1.208014677053639331e-02
3.392500000000000071e+00,6.505835204385359942e-03,1.203845703534236686e-02
3.395000000000000018e+00,6.513923612462510851e-03,1.199676730014834214e-02
3.397499999999999964e+00,6.522032773150437425e-03,1.195507756495431742e-02
3.399999999999999911e+00,6.530162755291143810e-03,1.191338782976029097e-02
3.402499999999999858e+00,6.538313628022083580e-03,1.181713317305402647e-02
3.405000000000000249e+00,6.546485460777561396e-03,1.172087851634773421e-02
3.407500000000000195e+00,6.554678323290671557e-03,1.162462385964145757e-02
3.410000000000000142e+00,6.562892285594155821e-03,1.152836920293518266e-02
3.412500000000000089e+00,6.571127418022620383e-03,1.143211454622890776e-02
3.415000000000000036e+00,6.579383791213514257e-03,1.133585988952263285e-02
3.417499999999999982e+00,6.587661476109274265e-03,1.123960523281635621e-02
3.419999999999999929e+00,6.595960543958407502e-03,1.114335057611008130e-02
3.422499999999999876e+00,6.604281066317448101e-03,1.104709591940380639e-02
3.425000000000000266e+00,6.612623115052209712e-03,1.095084126269751414e-02
3.427500000000000213e+00,6.620986762339848945e-03,1.080780453330707283e-02
3.430000000000000160e+00,6.629372080670086625e-03,1.066476780391663326e-02
3.432500000000000107e+00,6.637779142846781180e-03,1.052173107452619195e-02
3.435000000000000053e+00,6.646208021990042403e-03,1.037869434513575065e-02
3.437500000000000000e+00,6.654658791537532495e-03,1.023565761574530934e-02
3.439999999999999947e+00,6.663131525246209462e-03,1.009262088635486977e-02
3.442499999999999893e+00,6.671626297193750457e-03,9.949584156964428466e-03
3.445000000000000284e+00,6.680143181780714978e-03,9.806547427573961140e-03
3.447500000000000231e+00,6.688682253731853718e-03,9.663510698183521569e-03
3.450000000000000178e+00,6.697243588098000279e-03,9.520473968793080263e-03
3.452500000000000124e+00,6.705827260257762532e-03,9.344246034352274993e-03
3.455000000000000071e+00,6.714433345918920798e-03,9.168018099911469723e-03
3.457500000000000018e+00,6.723061921120699475e-03,8.991790165470664453e-03
3.459999999999999964e+00,6.731713062235196443e-03,8.815562231029860918e-03
3.462499999999999911e+00,6.740386845969137744e-03,8.639334296589055648e-03
3.464999999999999858e+00,6.749083349365551585e-03,8.463106362148250378e-03
3.467500000000000249e+00,6.757802649806067714e-03,8.286878427707413883e-03
3.470000000000000195e+00,6.766544825011931372e-03,8.110650493266608613e-03
3.472500000000000142e+00,6.775309953046339088e-03,7.934422558825803343e-03
3.475000000000000089e+00,6.784098112316071065e-03,7.758194624384998940e-03
3.477500000000000036e+00,6.792909381573342988e-03,7.566686250572891848e-03
3.479999999999999982e+00,6.801743839917575446e-03,7.375177876760785622e-03
3.482499999999999929e+00,6.810601566797292589e-03,7.183669502948678530e-03
3.484999999999999876e+00,6.819482642012088432e-03,6.992161129136571437e-03
3.487500000000000266e+00,6.828387145714169028e-03,6.800652755324430518e-03
3.490000000000000213e+00,6.837315158410586791e-03,6.609144381512324293e-03
3.492500000000000160e+00,6.846266760964936186e-03,6.417636007700217200e-03
3.495000000000000107e+00,6.855242034599161316e-03,6.226127633888110108e-03
3.497500000000000053e+00,6.864241060895830138e-03,6.034619260076003883e-03
3.500000000000000000e+00,6.873263921799623727e-03,5.843110886263896790e-03
3.502499999999999947e+00,6.882310699619553253e-03,5.656286754214603918e-03
3.504999999999999893e+00,6.891381477030872511e-03,5.469462622165311913e-03
3.507500000000000284e+00,6.900476337076840404e-03,5.282638490115986081e-03
3.510000000000000231e+00,6.909595363171119192e-03,5.095814358066694076e-03
3.512500000000000178e+00,6.918738639099183095e-03,4.908990226017401204e-03
3.515000000000000124e+00,6.927906249020711338e-03,4.722166093968109199e-03
3.517500000000000071e+00,6.937098277471727935e-03,4.535341961918816327e-03
3.520000000000000018e+00,6.946314809366061459e-03,4.348517829869523454e-03
3.522499999999999964e+00,6.955555929997914166e-03,4.161693697820231450e-03
3.524999999999999911e+00,6.964821725043732897e-03,3.974869565770939445e-03
3.527499999999999858e+00,6.974112280564166710e-03,3.811893828942007276e-03
3.530000000000000249e+00,6.983427683006306411e-03,3.648918092113051254e-03
3.532500000000000195e+00,6.992768019205707238e-03,3.485942355284123856e-03
3.535000000000000142e+00,7.002133376388328286e-03,3.322966618455196891e-03
3.537500000000000089e+00,7.011523842172925555e-03,3.159990881626269493e-03
3.540000000000000036e+00,7.020939504573098927e-03,2.997015144797342094e-03
3.542499999999999982e+00,7.030380451999192551e-03,2.834039407968415129e-03
3.544999999999999929e+00,7.039846773260870043e-03,2.671063671139488165e-03
3.547499999999999876e+00,7.049338557568896046e-03,2.508087934310560766e-03
3.550000000000000266e+00,7.058855894537572652e-03,2.345112197481604745e-03
3.552500000000000213e+00,7.068398874186747338e-03,2.221168045180624794e-03
3.555000000000000160e+00,7.077967586944109747e-03,2.097223892879644842e-03
3.557500000000000107e+00,7.087562123647531825e-03,1.973279740578664891e-03
3.560000000000000053e+00,7.097182575547106125e-03,1.849335588277685157e-03
3.562500000000000000e+00,7.106829034307482473e-03,1.725391435976705422e-03
3.564999999999999947e+00,7.116501592010229804e-03,1.601447283675725471e-03
3.567499999999999893e+00,7.126200341155849299e-03,1.477503131374745520e-03
3.570000000000000284e+00,7.135925374666506581e-03,1.353558979073743668e-03
3.572500000000000231e+00,7.145676785887907813e-03,1.229614826772763717e-03
3.575000000000000178e+00,7.155454668591727449e-03,1.105670674471783766e-03
3.577500000000000124e+00,7.165259116978214653e-03,1.028756402639035856e-03
3.580000000000000071e+00,7.175090225678235935e-03,9.518421308062881628e-04
3.582500000000000018e+00,7.184948089755894586e-03,8.749278589735403613e-04
3.584999999999999964e+00,7.194832804710562905e-03,7.980135871407925598e-04
3.587499999999999911e+00,7.204744466479693320e-03,7.210993153080447584e-04
3.589999999999999858e+00,7.214683171441134239e-03,6.441850434752969569e-04
3.592500000000000249e+00,7.224649016415216930e-03,5.672707716425354945e-04
3.595000000000000195e+00,7.234642098667649901e-03,4.903564998097876930e-04
3.597500000000000142e+00,7.244662515911779246e-03,4.134422279770398915e-04
3.600000000000000089e+00,7.254710366311090119e-03,3.365279561442920900e-04
3.602500000000000036e+00,7.264785748481640548e-03,3.045344692201328767e-04
3.604999999999999982e+00,7.274888761494791023e-03,2.725409822959737175e-04
3.607499999999999929e+00,7.285019504879391983e-03,2.405474953718145042e-04
3.609999999999999876e+00,7.295178078624660854e-03,2.085540084476553179e-04
3.612500000000000266e+00,7.305364583182570766e-03,1.765605215234904667e-04
3.615000000000000213e+00,7.315579119470379775e-03,1.445670345993312533e-04
3.617500000000000160e+00,7.325821788873419435e-03,1.125735476751720671e-04
3.620000000000000107e+00,7.336092693247525144e-03,8.058006075101290791e-05
3.622500000000000053e+00,7.346391934921822110e-03,4.858657382685369454e-05
3.625000000000000000e+00,7.356719616701192128e-03,1.659308690269448118e-05
3.627499999999999947e+00,7.367075841869027454e-03,1.493377821242509133e-05
3.629999999999999893e+00,7.377460714190092229e-03,1.327446952215570319e-05
3.632500000000000284e+00,7.387874337912814920e-03,1.161516083188601858e-05
3.635000000000000231e+00,7.398316817772324083e-03,9.955852141616630430e-06
3.637500000000000178e+00,7.408788258993201370e-03,8.296543451347240588e-06
3.640000000000000124e+00,7.419288767291963918e-03,6.637234761077850746e-06
3.642500000000000071e+00,7.429818448880088841e-03,4.977926070808462599e-06
3.645000000000000018e+00,7.440377410466817408e-03,3.318617380539072757e-06
3.647499999999999964e+00,7.450965759261608812e-03,1.659308690269684609e-06
3.649999999999999911e+00,7.461583602977457826e-03,2.947674656444965180e-19
3.652499999999999858e+00,7.472231049833458726e-03,0.000000000000000000e+00
3.655000000000000249e+00,7.482908208557541817e-03,0.000000000000000000e+00
3.657500000000000195e+00,7.493615188389693947e-03,0.000000000000000000e+00
3.660000000000000142e+00,7.504352099084682023e-03,0.000000000000000000e+00
3.662500000000000089e+00,7.515119050914927448e-03,0.000000000000000000e+00
3.665000000000000036e+00,7.525916154673449078e-03,0.000000000000000000e+00
3.667499999999999982e+00,7.536743521677096748e-03,0.000000000000000000e+00
3.669999999999999929e+00,7.547601263769172439e-03,0.000000000000000000e+00
3.672499999999999876e+00,7.558489493322448696e-03,0.000000000000000000e+00
3.675000000000000266e+00,7.569408323242487156e-03,0.000000000000000000e+00
3.677500000000000213e+00,7.580357866970505176e-03,2.797883089069139968e-05
3.680000000000000160e+00,7.591338238486349151e-03,5.595766178138279935e-05
3.682500000000000107e+00,7.602349552311641299e-03,8.393649267207420241e-05
3.685000000000000053e+00,7.613391923513027938e-03,1.119153235627655987e-04
3.687500000000000000e+00,7.624465467705002740e-03,1.398941544534569950e-04
3.689999999999999947e+00,7.635570301053436031e-03,1.678729853441484048e-04
3.692499999999999893e+00,7.646706540278258406e-03,1.958518162348397876e-04
3.695000000000000284e+00,7.657874302657105385e-03,2.238306471255361576e-04
3.697500000000000231e+00,7.669073706028282922e-03,2.518094780162275946e-04
3.700000000000000178e+00,7.680304868794011336e-03,2.797883089069189773e-04
3.702500000000000124e+00,7.691567909923792412e-03,3.591062661881602052e-04
3.705000000000000071e+00,7.702862948957415676e-03,4.384242234694013789e-04
3.707500000000000018e+00,7.714190106008558812e-03,5.177421807506426069e-04
3.709999999999999964e+00,7.725549501768184252e-03,5.970601380318838348e-04
3.712499999999999911e+00,7.736941257507208049e-03,6.763780953131250627e-04
3.714999999999999858e+00,7.748365495080616373e-03,7.556960525943662906e-04
3.717500000000000249e+00,7.759822336930592354e-03,8.350140098756216132e-04
3.720000000000000195e+00,7.771311906089771286e-03,9.143319671568628411e-04
3.722500000000000142e+00,7.782834326184839314e-03,9.936499244381040690e-04
3.725000000000000089e+00,7.794389721439958646e-03,1.072967881719345080e-03
3.727500000000000036e+00,7.805978216680192761e-03,1.213400912880285365e-03
3.729999999999999982e+00,7.817599937335037441e-03,1.353833944041225867e-03
3.732499999999999929e+00,7.829255009441919710e-03,1.494266975202166153e-03
3.734999999999999876e+00,7.840943559649864170e-03,1.634700006363106438e-03
3.737500000000000266e+00,7.852665715222842749e-03,1.775133037524071877e-03
3.740000000000000213e+00,7.864421604043658753e-03,1.915566068685012162e-03
3.742500000000000160e+00,7.876211354617345187e-03,2.055999099845952881e-03
3.745000000000000107e+00,7.888035096074826752e-03,2.196432131006893166e-03
3.747500000000000053e+00,7.899892958176675528e-03,2.336865162167833451e-03
3.750000000000000000e+00,7.911785071317007159e-03,2.477298193328773736e-03
3.752499999999999947e+00,7.923711566526577335e-03,2.676814574884299469e-03
3.754999999999999893e+00,7.935672575477111662e-03,2.876330956439824768e-03
3.757500000000000284e+00,7.947668230485073482e-03,3.075847337995385629e-03
3.760000000000000231e+00,7.959698664514998009e-03,3.275363719550911362e-03
3.762500000000000178e+00,7.971764011183817000e-03,3.474880101106437094e-03
3.765000000000000124e+00,7.983864404764447892e-03,3.674396482661962393e-03
3.767500000000000071e+00,7.995999980189629278e-03,3.873912864217488126e-03
3.770000000000000018e+00,8.008170873056103325e-03,4.073429245773013858e-03
3.772499999999999964e+00,8.020377219628250023e-03,4.272945627328539157e-03
3.774999999999999911e+00,8.032619156842113473e-03,4.472462008884065324e-03
3.777499999999999858e+00,8.044896822309655429e-03,4.719549929419913394e-03
3.780000000000000249e+00,8.057210354322380877e-03,4.966637849955815240e-03
3.782500000000000195e+00,8.069559891855617589e-03,5.213725770491672851e-03
3.785000000000000142e+00,8.081945574572490382e-03,5.460813691027530462e-03
3.787500000000000089e+00,8.094367542828242307e-03,5.707901611563388072e-03
3.790000000000000036e+00,8.106825937674066659e-03,5.954989532099245683e-03
3.792499999999999982e+00,8.119320900861237353e-03,6.202077452635103294e-03
3.794999999999999929e+00,8.131852574845605322e-03,6.449165373170960905e-03
3.797499999999999876e+00,8.144421102791737574e-03,6.696253293706818516e-03
3.800000000000000266e+00,8.157026628576804703e-03,6.943341214242720362e-03
3.802500000000000213e+00,8.169669296795396482e-03,7.219679148699050149e-03
3.805000000000000160e+00,8.182349252763477035e-03,7.496017083155379068e-03
3.807500000000000107e+00,8.195066642522641845e-03,7.772355017611708855e-03
3.810000000000000053e+00,8.207821612844914266e-03,8.048692952068038642e-03
3.812500000000000000e+00,8.220614311236638244e-03,8.325030886524368429e-03
3.814999999999999947e+00,8.233444885943245334e-03,8.601368820980698215e-03
3.817499999999999893e+00,8.246313485953562020e-03,8.877706755437026268e-03
3.820000000000000284e+00,8.259220261004373773e-03,9.154044689893406361e-03
3.822500000000000231e+00,8.272165361585068905e-03,9.430382624349734413e-03
3.825000000000000178e+00,8.285148938941677005e-03,9.706720558806064200e-03
3.827500000000000124e+00,8.298171145082123418e-03,9.989977596569185256e-03
3.830000000000000071e+00,8.311232132780567786e-03,1.027323463433230631e-02
3.832500000000000018e+00,8.324332055581742593e-03,1.055649167209542910e-02
3.834999999999999964e+00,8.337471067806049782e-03,1.083974870985855016e-02
3.837499999999999911e+00,8.350649324554449207e-03,1.112300574762167121e-02
3.839999999999999858e+00,8.363866981712469312e-03,1.140626278538479227e-02
3.842500000000000249e+00,8.377124195955728755e-03,1.168951982314796537e-02
3.845000000000000195e+00,8.390421124754408530e-03,1.197277686091108642e-02
3.847500000000000142e+00,8.403757926378036328e-03,1.225603389867420748e-02
3.850000000000000089e+00,8.417134759900723670e-03,1.253929093643732853e-02
3.852500000000000036e+00,8.430551785205584250e-03,1.280585905663170210e-02
3.854999999999999982e+00,8.444009162990267700e-03,1.307242717682607566e-02
3.857499999999999929e+00,8.457507054771405686e-03,1.333899529702044923e-02
3.859999999999999876e+00,8.471045622890137003e-03,1.360556341721482279e-02
3.862500000000000266e+00,8.484625030516723676e-03,1.387213153740924319e-02
3.865000000000000213e+00,8.498245441656039623e-03,1.413869965760361676e-02
3.867500000000000160e+00,8.511907021152313388e-03,1.440526777779799032e-02
3.870000000000000107e+00,8.525609934694844058e-03,1.467183589799236389e-02
3.872500000000000053e+00,8.539354348822610422e-03,1.493840401818673745e-02
3.875000000000000000e+00,8.553140430929783919e-03,1.520497213838111102e-02
3.877499999999999947e+00,8.566968349271330066e-03,1.543246120209121677e-02
3.879999999999999893e+00,8.580838272967772004e-03,1.565995026580132427e-02
3.882500000000000284e+00,8.594750372011001824e-03,1.588743932951146992e-02
3.885000000000000231e+00,8.608704817269491674e-03,1.611492839322157741e-02
3.887500000000000178e+00,8.622701780493518750e-03,1.634241745693168490e-02
3.890000000000000124e+00,8.636741434321217742e-03,1.656990652064178893e-02
3.892500000000000071e+00,8.650823952283642759e-03,1.679739558435189642e-02
3.895000000000000018e+00,8.664949508810347936e-03,1.702488464806200391e-02
3.897499999999999964e+00,8.679118279235257735e-03,1.725237371177211140e-02
3.899999999999999911e+00,8.693330439802162551e-03,1.747986277548221543e-02
3.902500000000000302e+00,8.707586167670377381e-03,1.764922546117287522e-02
3.905000000000000249e+00,8.721885640920379670e-03,1.781858814686348991e-02
3.907500000000000195e+00,8.736229038559700441e-03,1.798795083255410807e-02
3.910000000000000142e+00,8.750616540529094697e-03,1.815731351824472622e-02
3.912500000000000089e+00,8.765048327707511411e-03,1.832667620393534091e-02
3.915000000000000036e+00,8.779524581918758327e-03,1.849603888962595907e-02
3.917499999999999982e+00,8.794045485937266454e-03,1.866540157531657376e-02
3.919999999999999929e+00,8.808611223493762604e-03,1.883476426100719192e-02
3.922499999999999876e+00,8.823221979281838795e-03,1.900412694669781008e-02
3.925000000000000266e+00,8.837877938963407953e-03,1.917348963238845599e-02
3.927500000000000213e+00,8.852579289175325356e-03,1.927068194648577995e-02
3.930000000000000160e+00,8.867326217535397709e-03,1.936787426058310391e-02
3.932500000000000107e+00,8.882118912648361009e-03,1.946506657468042786e-02
3.935000000000000053e+00,8.896957564112491570e-03,1.956225888877775182e-02
3.937500000000000000e+00,8.911842362525689704e-03,1.965945120287507578e-02
3.939999999999999947e+00,8.926773499491712574e-03,1.975664351697239973e-02
3.942499999999999893e+00,8.941751167627135649e-03,1.985383583106972369e-02
3.945000000000000284e+00,8.956775560566948916e-03,1.995102814516706499e-02
3.947500000000000231e+00,8.971846872971768125e-03,2.004822045926438895e-02
3.950000000000000178e+00,8.986965300533994797e-03,2.014541277336171290e-02
3.952500000000000124e+00,9.002131039984529598e-03,2.016253185004714468e-02
3.955000000000000071e+00,9.017344289099251536e-03,2.017965092673257646e-02
3.957500000000000018e+00,9.032605246705991547e-03,2.019677000341800477e-02
3.959999999999999964e+00,9.047914112691082811e-03,2.021388908010343655e-02
3.962499999999999911e+00,9.063271088006046375e-03,2.023100815678886832e-02
3.965000000000000302e+00,9.078676374674788524e-03,2.024812723347430357e-02
3.967500000000000249e+00,9.094130175799896090e-03,2.026524631015973535e-02
3.970000000000000195e+00,9.109632695570241481e-03,2.028236538684516366e-02
3.972500000000000142e+00,9.125184139267482689e-03,2.029948446353059544e-02
3.975000000000000089e+00,9.140784713273425455e-03,2.031660354021602721e-02
3.977500000000000036e+00,9.156434625076854614e-03,2.025247590561580005e-02
3.979999999999999982e+00,9.172134083280738398e-03,2.018834827101556942e-02
3.982499999999999929e+00,9.187883297609826527e-03,2.012422063641534226e-02
3.984999999999999876e+00,9.203682478917304607e-03,2.006009300181511509e-02
3.987500000000000266e+00,9.219531839192383546e-03,1.999596536721487405e-02
3.990000000000000213e+00,9.235431591567836926e-03,1.993183773261464689e-02
3.992500000000000160e+00,9.251381950327106432e-03,1.986771009801441973e-02
3.995000000000000107e+00,9.267383130912026576e-03,1.980358246341419257e-02
3.997500000000000053e+00,9.283435349930303088e-03,1.973945482881396193e-02
4.000000000000000000e+00,9.299538825162961819e-03,1.967532719421373477e-02
4.002500000000000391e+00,9.315693775572227858e-03,1.953554723609783605e-02
4.004999999999999893e+00,9.331900421309121882e-03,1.939576727798198591e-02
4.007500000000000284e+00,9.348158983721177942e-03,1.925598731986609066e-02
4.009999999999999787e+00,9.364469685360308701e-03,1.911620736175024052e-02
4.012500000000000178e+00,9.380832749990858019e-03,1.897642740363434180e-02
4.014999999999999680e+00,9.397248402597261491e-03,1.883664744551849166e-02
4.017500000000000071e+00,9.413716869392310671e-03,1.869686748740259641e-02
4.020000000000000462e+00,9.430238377825016574e-03,1.855708752928669769e-02
4.022499999999999964e+00,9.446813156588946755e-03,1.841730757117084755e-02
4.025000000000000355e+00,9.463441435630293511e-03,1.827752761305494883e-02
4.027499999999999858e+00,9.480123446156129424e-03,1.807396900913180171e-02
4.030000000000000249e+00,9.496859420642841595e-03,1.787041040520858520e-02
4.032499999999999751e+00,9.513649592844321268e-03,1.766685180128543808e-02
4.035000000000000142e+00,9.530494197800621833e-03,1.746329319736222158e-02
4.037499999999999645e+00,9.547393471846360100e-03,1.725973459343907446e-02
4.040000000000000036e+00,9.564347652619308374e-03,1.705617598951585795e-02
4.042500000000000426e+00,9.581356979069132265e-03,1.685261738559264144e-02
4.044999999999999929e+00,9.598421691465986241e-03,1.664905878166949432e-02
4.047500000000000320e+00,9.615542031409395410e-03,1.644550017774627781e-02
4.049999999999999822e+00,9.632718241836963832e-03,1.624194157382313070e-02
4.052500000000000213e+00,9.649950567033478352e-03,1.599178609038582818e-02
4.054999999999999716e+00,9.667239252639837216e-03,1.574163060694861241e-02
4.057500000000000107e+00,9.684584545662035943e-03,1.549147512351130643e-02
4.060000000000000497e+00,9.701986694480321458e-03,1.524131964007400392e-02
4.062500000000000000e+00,9.719445948858599499e-03,1.499116415663678814e-02
4.065000000000000391e+00,9.736962559953297319e-03,1.474100867319948389e-02
4.067499999999999893e+00,9.754536780323093750e-03,1.449085318976226812e-02
4.070000000000000284e+00,9.772168863938217320e-03,1.424069770632496387e-02
4.072499999999999787e+00,9.789859066189855394e-03,1.399054222288774983e-02
4.075000000000000178e+00,9.807607643899771480e-03,1.374038673945044559e-02
4.077499999999999680e+00,9.825414855330021416e-03,1.346473723339412093e-02
4.080000000000000071e+00,9.843280960192607107e-03,1.318908772733769913e-02
4.082500000000000462e+00,9.861206219659310671e-03,1.291343822128127559e-02
4.084999999999999964e+00,9.879190896371457462e-03,1.263778871522495094e-02
4.087500000000000355e+00,9.897235254450057265e-03,1.236213920916852914e-02
4.089999999999999858e+00,9.915339559505617628e-03,1.208648970311220448e-02
4.092500000000000249e+00,9.933504078648520974e-03,1.181084019705578268e-02
4.094999999999999751e+00,9.951729080498867425e-03,1.153519069099945803e-02
4.097500000000000142e+00,9.970014835197138145e-03,1.125954118494303449e-02
4.099999999999999645e+00,9.988361614414189085e-03,1.098389167888670984e-02
4.102500000000000036e+00,1.000676969136200453e-02,1.070606043713234409e-02
4.105000000000000426e+00,1.002523934080394065e-02,1.042822919537797662e-02
4.107499999999999929e+00,1.004377083906537148e-02,1.015039795362370628e-02
4.110000000000000320e+00,1.006236446404475647e-02,9.872566711869338804e-03
4.112499999999999822e+00,1.008102049522385628e-02,9.594735470115070206e-03
4.115000000000000213e+00,1.009973921367872222e-02,9.316904228360702728e-03
4.117499999999999716e+00,1.011852090209109691e-02,9.039072986606434129e-03
4.120000000000000107e+00,1.013736584475890407e-02,8.761241744852064917e-03
4.122500000000000497e+00,1.015627432760758848e-02,8.483410503097697439e-03
4.125000000000000000e+00,1.017524663820133096e-02,8.205579261343428840e-03
4.127500000000000391e+00,1.019428306575433964e-02,7.949168431680621316e-03
4.129999999999999893e+00,1.021338390114222457e-02,7.692757602017905733e-03
4.132500000000000284e+00,1.023254943691356313e-02,7.436346772355099076e-03
4.134999999999999787e+00,1.025177996730115663e-02,7.179935942692383492e-03
4.137500000000000178e+00,1.027107578823424280e-02,6.923525113029576836e-03
4.139999999999999680e+00,1.029043719734979052e-02,6.667114283366860385e-03
4.142500000000000071e+00,1.030986449400460477e-02,6.410703453704053728e-03
4.145000000000000462e+00,1.032935797928712443e-02,6.154292624041246204e-03
4.147499999999999964e+00,1.034891795602963134e-02,5.897881794378530620e-03
4.150000000000000355e+00,1.036854472882030483e-02,5.641470964715723964e-03
4.152499999999999858e+00,1.038823860401547755e-02,5.428386267224923935e-03
4.155000000000000249e+00,1.040799988975195205e-02,5.215301569734048445e-03
4.157499999999999751e+00,1.042782889595958440e-02,5.002216872243248416e-03
4.160000000000000142e+00,1.044772593437369966e-02,4.789132174752372059e-03
4.162499999999999645e+00,1.046769131854783687e-02,4.576047477261572030e-03
4.165000000000000036e+00,1.048772536386638823e-02,4.362962779770696541e-03
4.167500000000000426e+00,1.050782838755749335e-02,4.149878082279821051e-03
4.169999999999999929e+00,1.052800070870616410e-02,3.936793384789021022e-03
4.172500000000000320e+00,1.054824264826723090e-02,3.723708687298145099e-03
4.174999999999999822e+00,1.056855452907839651e-02,3.510623989807345070e-03
4.177500000000000213e+00,1.058893667587373216e-02,3.359181956446668539e-03
4.179999999999999716e+00,1.060938941529709044e-02,3.207739923086045351e-03
4.182500000000000107e+00,1.062991307591536205e-02,3.056297889725368821e-03
4.185000000000000497e+00,1.065050798823245770e-02,2.904855856364692290e-03
4.187500000000000000e+00,1.067117448470256309e-02,2.753413823004069103e-03
4.190000000000000391e+00,1.069191289974446950e-02,2.601971789643392572e-03
4.192499999999999893e+00,1.071272356975539949e-02,2.450529756282769818e-03
4.195000000000000284e+00,1.073360683312466445e-02,2.299087722922092854e-03
4.197499999999999787e+00,1.075456303024858312e-02,2.147645689561470533e-03
4.200000000000000178e+00,1.077559250354424847e-02,1.996203656200793569e-03
4.202499999999999680e+00,1.079669559746408887e-02,1.919501198498546049e-03
4.205000000000000071e+00,1.081787265851056473e-02,1.842798740796271423e-03
4.207500000000000462e+00,1.083912403525056842e-02,1.766096283093996798e-03
4.209999999999999964e+00,1.086045007833052502e-02,1.689393825391749277e-03
4.212500000000000355e+00,1.088185114049122423e-02,1.612691367689474652e-03
4.214999999999999858e+00,1.090332757658249614e-02,1.535988909987227348e-03
4.217500000000000249e+00,1.092487974357908738e-02,1.459286452284952506e-03
4.219999999999999751e+00,1.094650800059518772e-02,1.382583994582704985e-03
4.222500000000000142e+00,1.096821270890054739e-02,1.305881536880430360e-03
4.224999999999999645e+00,1.098999423193549110e-02,1.229179079178183056e-03
4.227500000000000036e+00,1.101185293532689485e-02,1.233887306860048357e-03
4.230000000000000426e+00,1.103378918690400487e-02,1.238595534541942931e-03
4.232499999999999929e+00,1.105580335671419584e-02,1.243303762223835554e-03
4.235000000000000320e+00,1.107789581703915414e-02,1.248011989905729912e-03
4.237499999999999822e+00,1.110006694241128487e-02,1.252720217587622751e-03
4.240000000000000213e+00,1.112231710962975281e-02,1.257428445269517109e-03
4.242499999999999716e+00,1.114464669777723294e-02,1.262136672951409732e-03
4.245000000000000107e+00,1.116705608823642670e-02,1.266844900633304089e-03
4.247500000000000497e+00,1.118954566470672062e-02,1.271553128315198664e-03
4.250000000000000000e+00,1.121211581322151783e-02,1.276261355997091286e-03
4.252500000000000391e+00,1.123476692216487938e-02,1.361979841656948270e-03
4.254999999999999893e+00,1.125749938228882800e-02,1.447698327316774896e-03
4.257500000000000284e+00,1.128031358673094002e-02,1.533416812976631880e-03
4.259999999999999787e+00,1.130320993103159886e-02,1.619135298636458289e-03
4.262500000000000178e+00,1.132618881315169794e-02,1.704853784296315490e-03
4.264999999999999680e+00,1.134925063349055512e-02,1.790572269956141899e-03
4.267500000000000071e+00,1.137239579490380292e-02,1.876290755615998883e-03
4.270000000000000462e+00,1.139562470272152336e-02,1.962009241275855867e-03
4.272499999999999964e+00,1.141893776476645556e-02,2.047727726935682710e-03
4.275000000000000355e+00,1.144233539137242718e-02,2.133446212595539477e-03
4.277499999999999858e+00,1.146581799540314327e-02,2.292708562950876959e-03
4.280000000000000249e+00,1.148938599227066967e-02,2.451970913306270386e-03
4.282499999999999751e+00,1.151303979995441616e-02,2.611233263661607868e-03
4.285000000000000142e+00,1.153677983902039184e-02,2.770495614017001729e-03
4.287500000000000533e+00,1.156060653264004770e-02,2.929757964372395589e-03
4.290000000000000036e+00,1.158452030661021558e-02,3.089020314727733071e-03
4.292500000000000426e+00,1.160852158937221608e-02,3.248282665083126498e-03
4.294999999999999929e+00,1.163261081203180794e-02,3.407545015438463980e-03
4.297500000000000320e+00,1.165678840837908702e-02,3.566807365793857841e-03
4.299999999999999822e+00,1.168105481490855878e-02,3.726069716149195323e-03
4.302500000000000213e+00,1.170541047083948488e-02,3.945029035662695090e-03
4.304999999999999716e+00,1.172985581813610831e-02,4.163988355176117227e-03
4.307500000000000107e+00,1.175439130152849433e-02,4.382947674689616560e-03
4.310000000000000497e+00,1.177901736853330210e-02,4.601906994203116760e-03
4.312500000000000000e+00,1.180373446947463600e-02,4.820866313716538898e-03
4.315000000000000391e+00,1.182854305750526136e-02,5.039825633230039098e-03
4.317499999999999893e+00,1.185344358862805078e-02,5.258784952743460368e-03
4.320000000000000284e+00,1.187843652171751037e-02,5.477744272256960568e-03
4.322499999999999787e+00,1.190352231854136140e-02,5.696703591770381839e-03
4.325000000000000178e+00,1.192870144378263032e-02,5.915662911283882039e-03
4.327499999999999680e+00,1.195397436506163980e-02,6.175412721483129232e-03
4.330000000000000071e+00,1.197934155295837973e-02,6.435162531682468365e-03
4.332500000000000462e+00,1.200480348103521999e-02,6.694912341881807498e-03
4.334999999999999964e+00,1.203036062585907326e-02,6.954662152081054691e-03
4.337500000000000355e+00,1.205601346702489876e-02,7.214411962280393824e-03
4.339999999999999858e+00,1.208176248717848442e-02,7.474161772479641017e-03
4.342500000000000249e+00,1.210760817203977192e-02,7.733911582678980150e-03
4.344999999999999751e+00,1.213355101042662074e-02,7.993661392878227342e-03
4.347500000000000142e+00,1.215959149427827193e-02,8.253411203077567343e-03
4.350000000000000533e+00,1.218573011867944179e-02,8.513161013276905609e-03
4.352500000000000036e+00,1.221196738188443792e-02,8.791572510142288757e-03
4.355000000000000426e+00,1.223830378534148007e-02,9.069984007007770785e-03
4.357499999999999929e+00,1.226473983371749628e-02,9.348395503873153933e-03
4.360000000000000320e+00,1.229127603492279237e-02,9.626807000738635961e-03
4.362499999999999822e+00,1.231791290013604066e-02,9.905218497604020844e-03
4.365000000000000213e+00,1.234465094382965200e-02,1.018362999446950287e-02
4.367499999999999716e+00,1.237149068379524673e-02,1.046204149133488602e-02
4.370000000000000107e+00,1.239843264116935635e-02,1.074045298820036805e-02
4.372500000000000497e+00,1.242547734045945131e-02,1.101886448506585008e-02
4.375000000000000000e+00,1.245262530956994795e-02,1.129727598193123322e-02
4.377500000000000391e+00,1.247987707982897709e-02,1.157116684537010630e-02
4.379999999999999893e+00,1.250723318601463033e-02,1.184505770880888396e-02
4.382500000000000284e+00,1.253469416638214144e-02,1.211894857224775704e-02
4.384999999999999787e+00,1.256226056269099146e-02,1.239283943568653297e-02
4.387500000000000178e+00,1.258993292023231556e-02,1.266673029912540605e-02
4.389999999999999680e+00,1.261771178785661002e-02,1.294062116256418371e-02
4.392500000000000071e+00,1.264559771800137337e-02,1.321451202600305679e-02
4.395000000000000462e+00,1.267359126671948645e-02,1.348840288944192986e-02
4.397499999999999964e+00,1.270169299370780928e-02,1.376229375288070753e-02
4.400000000000000355e+00,1.272990346233542069e-02,1.403618461631958060e-02
4.402499999999999858e+00,1.275822323967275816e-02,1.428358838354073200e-02
4.405000000000000249e+00,1.278665289652113589e-02,1.453099215076197187e-02
4.407499999999999751e+00,1.281519300744142498e-02,1.477839591798312500e-02
4.410000000000000142e+00,1.284384415078478232e-02,1.502579968520436488e-02
4.412500000000000533e+00,1.287260690872193795e-02,1.527320345242560475e-02
4.415000000000000036e+00,1.290148186727372963e-02,1.552060721964675614e-02
4.417500000000000426e+00,1.293046961634173979e-02,1.576801098686799602e-02
4.419999999999999929e+00,1.295957074973911466e-02,1.601541475408914741e-02
4.422500000000000320e+00,1.298878586522155855e-02,1.626281852131038902e-02
4.424999999999999822e+00,1.301811556451903246e-02,1.651022228853154042e-02
4.427500000000000213e+00,1.304756045336728093e-02,1.671250887656234793e-02
4.429999999999999716e+00,1.307712114153993833e-02,1.691479546459308259e-02
4.432500000000000107e+00,1.310679824288073746e-02,1.711708205262389357e-02
4.435000000000000497e+00,1.313659237533621772e-02,1.731936864065470108e-02
4.437500000000000000e+00,1.316650416098878729e-02,1.752165522868543573e-02
4.440000000000000391e+00,1.319653422608961513e-02,1.772394181671624325e-02
4.442499999999999893e+00,1.322668320109242346e-02,1.792622840474697790e-02
4.445000000000000284e+00,1.325695172068726453e-02,1.812851499277778888e-02
4.447499999999999787e+00,1.328734042383476754e-02,1.833080158080852354e-02
4.450000000000000178e+00,1.331784995380043933e-02,1.853308816883933105e-02
4.452499999999999680e+00,1.334848095818979424e-02,1.867669995068346744e-02
4.455000000000000071e+00,1.337923408898305903e-02,1.882031173252765241e-02
4.457500000000000462e+00,1.341011000257129847e-02,1.896392351437184084e-02
4.459999999999999964e+00,1.344110935979139949e-02,1.910753529621597724e-02
4.462500000000000355e+00,1.347223282596292544e-02,1.925114707806016567e-02
4.464999999999999858e+00,1.350348107092427113e-02,1.939475885990429860e-02
4.467500000000000249e+00,1.353485476906960382e-02,1.953837064174848703e-02
4.469999999999999751e+00,1.356635459938600359e-02,1.968198242359262343e-02
4.472500000000000142e+00,1.359798124549101671e-02,1.982559420543680839e-02
4.475000000000000533e+00,1.362973539567053673e-02,1.996920598728099683e-02
4.477500000000000036e+00,1.366161774291713323e-02,2.004681943388591375e-02
4.480000000000000426e+00,1.369362898496866675e-02,2.012443288049085843e-02
4.482499999999999929e+00,1.372576982434708763e-02,2.020204632709577536e-02
4.485000000000000320e+00,1.375804096839820974e-02,2.027965977370072004e-02
4.487499999999999822e+00,1.379044312933095859e-02,2.035727322030563696e-02
4.490000000000000213e+00,1.382297702425790142e-02,2.043488666691058164e-02
4.492499999999999716e+00,1.385564337523564199e-02,2.051250011351549857e-02
4.495000000000000107e+00,1.388844290930534194e-02,2.059011356012044325e-02
4.497500000000000497e+00,1.392137635853494919e-02,2.066772700672538793e-02
4.500000000000000000e+00,1.395444446005976273e-02,2.074534045333030485e-02
4.502500000000000391e+00,1.398764795612528547e-02,2.075633513866224564e-02
4.504999999999999893e+00,1.402098759412943527e-02,2.076732982399418295e-02
4.507500000000000284e+00,1.405446412666559904e-02,2.077832450932612721e-02
4.509999999999999787e+00,1.408807831156596267e-02,2.078931919465806452e-02
4.512500000000000178e+00,1.412183091194487566e-02,2.080031387999000531e-02
4.514999999999999680e+00,1.415572269624353584e-02,2.081130856532194262e-02
4.517500000000000071e+00,1.418975443827444165e-02,2.082230325065388341e-02
4.520000000000000462e+00,1.422392691726637876e-02,2.083329793598582766e-02
4.522499999999999964e+00,1.425824091790968244e-02,2.084429262131776497e-02
4.525000000000000355e+00,1.429269723040262237e-02,2.085528730664970576e-02
4.527499999999999858e+00,1.432729665049732419e-02,2.080549197966963595e-02
4.530000000000000249e+00,1.436203997954704249e-02,2.075569665268954880e-02
4.532499999999999751e+00,1.439692802455299313e-02,2.070590132570947900e-02
4.535000000000000142e+00,1.443196159821238597e-02,2.065610599872939185e-02
4.537500000000000533e+00,1.446714151896664156e-02,2.060631067174930123e-02
4.540000000000000036e+00,1.450246861104987316e-02,2.055651534476923142e-02
4.542500000000000426e+00,1.453794370453843736e-02,2.050672001778914427e-02
4.544999999999999929e+00,1.457356763540000252e-02,2.045692469080907447e-02
4.547500000000000320e+00,1.460934124554439870e-02,2.040712936382898732e-02
4.549999999999999822e+00,1.464526538287383613e-02,2.035733403684891751e-02
4.552500000000000213e+00,1.468134090133403104e-02,2.025811056338151436e-02
4.554999999999999716e+00,1.471756866096605304e-02,2.015888708991414591e-02
4.557500000000000107e+00,1.475394952795854031e-02,2.005966361644674276e-02
4.560000000000000497e+00,1.479048437470013508e-02,1.996044014297933961e-02
4.562500000000000000e+00,1.482717407983283504e-02,1.986121666951197462e-02
4.565000000000000391e+00,1.486401952830587736e-02,1.976199319604457147e-02
4.567499999999999893e+00,1.490102161142975445e-02,1.966276972257720301e-02
4.570000000000000284e+00,1.493818122693117527e-02,1.956354624910979986e-02
4.572499999999999787e+00,1.497549927900864927e-02,1.946432277564243141e-02
4.575000000000000178e+00,1.501297667838803578e-02,1.936509930217502826e-02
4.577499999999999680e+00,1.505061434237926245e-02,1.923190591890961559e-02
4.580000000000000071e+00,1.508841319493343415e-02,1.909871253564415783e-02
4.582500000000000462e+00,1.512637416670024534e-02,1.896551915237869659e-02
4.584999999999999964e+00,1.516449819508648711e-02,1.883232576911328393e-02
4.587500000000000355e+00,1.520278622431468080e-02,1.869913238584782617e-02
4.589999999999999858e+00,1.524123920548256864e-02,1.856593900258241350e-02
4.592500000000000249e+00,1.527985809662299466e-02,1.843274561931695227e-02
4.594999999999999751e+00,1.531864386276460960e-02,1.829955223605153961e-02
4.597500000000000142e+00,1.535759747599317951e-02,1.816635885278608184e-02
4.600000000000000533e+00,1.539671991551341476e-02,1.803316546952062061e-02
4.602500000000000036e+00,1.543601216771109397e-02,1.788379893698674797e-02
4.605000000000000426e+00,1.547547522621697119e-02,1.773443240445281982e-02
4.607499999999999929e+00,1.551511009196960937e-02,1.758506587191894718e-02
4.610000000000000320e+00,1.555491777328057122e-02,1.743569933938501904e-02
4.612499999999999822e+00,1.559489928589919729e-02,1.728633280685114640e-02
4.615000000000000213e+00,1.563505565307811082e-02,1.713696627431721825e-02
4.617499999999999716e+00,1.567538790564010354e-02,1.698759974178334561e-02
4.620000000000000107e+00,1.571589708204500918e-02,1.683823320924941747e-02
4.622500000000000497e+00,1.575658422845743062e-02,1.668886667671548932e-02
4.625000000000000000e+00,1.579745039881545396e-02,1.653950014418161668e-02
4.627500000000000391e+00,1.583849665489963851e-02,1.639224372681959141e-02
4.629999999999999893e+00,1.587972406640311349e-02,1.624498730945762165e-02
4.632500000000000284e+00,1.592113371100215696e-02,1.609773089209559638e-02
4.634999999999999787e+00,1.596272667442739587e-02,1.595047447473362662e-02
4.637500000000000178e+00,1.600450405053647357e-02,1.580321805737160135e-02
4.639999999999999680e+00,1.604646694138638433e-02,1.565596164000963159e-02
4.642500000000000071e+00,1.608861645730703949e-02,1.550870522264760805e-02
4.645000000000000462e+00,1.613095371697632896e-02,1.536144880528558451e-02
4.647499999999999964e+00,1.617347984749463799e-02,1.521419238792361302e-02
4.650000000000000355e+00,1.621619598446114030e-02,1.506693597056158948e-02
4.652499999999999858e+00,1.625910327205058389e-02,1.493883358325834992e-02
4.655000000000000249e+00,1.630220286309059727e-02,1.481073119595506353e-02
4.657499999999999751e+00,1.634549591914039729e-02,1.468262880865182397e-02
4.660000000000000142e+00,1.638898361056977462e-02,1.455452642134853758e-02
4.662500000000000533e+00,1.643266711663920673e-02,1.442642403404525119e-02
4.665000000000000036e+00,1.647654762558076191e-02,1.429832164674201163e-02
4.667500000000000426e+00,1.652062633467987415e-02,1.417021925943872523e-02
4.669999999999999929e+00,1.656490445035790904e-02,1.404211687213548568e-02
4.672500000000000320e+00,1.660938318825562823e-02,1.391401448483219928e-02
4.674999999999999822e+00,1.665406377331753174e-02,1.378591209752895973e-02
4.677500000000000213e+00,1.669894743987737976e-02,1.369135103341990491e-02
4.679999999999999716e+00,1.674403543174405110e-02,1.359678996931088305e-02
4.682500000000000107e+00,1.678932900228868180e-02,1.350222890520182822e-02
4.685000000000000497e+00,1.683482941453294870e-02,1.340766784109277514e-02
4.687500000000000000e+00,1.688053794123777276e-02,1.331310677698375328e-02
4.690000000000000391e+00,1.692645586499325408e-02,1.321854571287469846e-02
4.692499999999999893e+00,1.697258447830989406e-02,1.312398464876567659e-02
4.695000000000000284e+00,1.701892508370990084e-02,1.302942358465662351e-02
4.697499999999999787e+00,1.706547899382056255e-02,1.293486252054760165e-02
4.700000000000000178e+00,1.711224753146772457e-02,1.284030145643854683e-02
4.702499999999999680e+00,1.715923202977082812e-02,1.279002466105138951e-02
4.705000000000000071e+00,1.720643383223873293e-02,1.273974786566421484e-02
4.707500000000000462e+00,1.725385429286679234e-02,1.268947107027704017e-02
4.709999999999999964e+00,1.730149477623455986e-02,1.263919427488988459e-02
4.712500000000000355e+00,1.734935665760515069e-02,1.258891747950270992e-02
4.714999999999999858e+00,1.739744132302490504e-02,1.253864068411555260e-02
4.717500000000000249e+00,1.744575016942501861e-02,1.248836388872837794e-02
4.719999999999999751e+00,1.749428460472385316e-02,1.243808709334122062e-02
4.722500000000000142e+00,1.754304604792980560e-02,1.238781029795404595e-02
4.725000000000000533e+00,1.759203592924656404e-02,1.233753350256687129e-02
4.727500000000000036e+00,1.764125569017831879e-02,1.233812894603972254e-02
4.730000000000000426e+00,1.769070678363681912e-02,1.233872438951257380e-02
4.732499999999999929e+00,1.774039067404939093e-02,1.233931983298542506e-02
4.735000000000000320e+00,1.779030883746812383e-02,1.233991527645827632e-02
4.737499999999999822e+00,1.784046276168026884e-02,1.234051071993112758e-02
4.740000000000000213e+00,1.789085394631988526e-02,1.234110616340398058e-02
4.742499999999999716e+00,1.794148390298070869e-02,1.234170160687683183e-02
4.745000000000000107e+00,1.799235415533023685e-02,1.234229705034968309e-02
4.747500000000000497e+00,1.804346623922525872e-02,1.234289249382253435e-02
4.750000000000000000e+00,1.809482170282830996e-02,1.234348793729538561e-02
4.752500000000000391e+00,1.814642210672579373e-02,1.239733042034106385e-02
4.754999999999999893e+00,1.819826902404689944e-02,1.245117290338672474e-02
4.757500000000000284e+00,1.825036404058489811e-02,1.250501538643240297e-02
4.759999999999999787e+00,1.830270875491848276e-02,1.255885786947806386e-02
4.762500000000000178e+00,1.835530477853499973e-02,1.261270035252374210e-02
4.764999999999999680e+00,1.840815373595575469e-02,1.266654283556940125e-02
4.767500000000000071e+00,1.846125726486140886e-02,1.272038531861508122e-02
4.770000000000000462e+00,1.851461701621997732e-02,1.277422780166075945e-02
4.772499999999999964e+00,1.856823465441561488e-02,1.282807028470642034e-02
4.775000000000000355e+00,1.862211185737872379e-02,1.288191276775209858e-02
4.777499999999999858e+00,1.867625031671824726e-02,1.298747478982403662e-02
4.780000000000000249e+00,1.873065173785471924e-02,1.309303681189601110e-02
4.782499999999999751e+00,1.878531784015510103e-02,1.319859883396794914e-02
4.785000000000000142e+00,1.884025035706943241e-02,1.330416085603992361e-02
4.787500000000000533e+00,1.889545103626840208e-02,1.340972287811189809e-02
4.790000000000000036e+00,1.895092163978311789e-02,1.351528490018383613e-02
4.792500000000000426e+00,1.900666394414602875e-02,1.362084692225581234e-02
4.794999999999999929e+00,1.906267974053358835e-02,1.372640894432774865e-02
4.797500000000000320e+00,1.911897083491082353e-02,1.383197096639972486e-02
4.799999999999999822e+00,1.917553904817698163e-02,1.393753298847166117e-02
4.802500000000000213e+00,1.923238621631319714e-02,1.408994530363749317e-02
4.804999999999999716e+00,1.928951419053209770e-02,1.424235761880328702e-02
4.807500000000000107e+00,1.934692483742857586e-02,1.439476993396913464e-02
4.810000000000000497e+00,1.940462003913260430e-02,1.454718224913498226e-02
4.812500000000000000e+00,1.946260169346400448e-02,1.469959456430077610e-02
4.815000000000000391e+00,1.952087171408830799e-02,1.485200687946662372e-02
4.817499999999999893e+00,1.957943203067549418e-02,1.500441919463241756e-02
4.820000000000000284e+00,1.963828458905934188e-02,1.515683150979826518e-02
4.822499999999999787e+00,1.969743135139960868e-02,1.530924382496405903e-02
4.825000000000000178e+00,1.975687429634562578e-02,1.546165614012990665e-02
4.827499999999999680e+00,1.981661541920193975e-02,1.565338975479434180e-02
4.830000000000000071e+00,1.987665673209566483e-02,1.584512336945884461e-02
4.832500000000000462e+00,1.993700026414625681e-02,1.603685698412334742e-02
4.834999999999999964e+00,1.999764806163645964e-02,1.622859059878778085e-02
4.837500000000000355e+00,2.005860218818642654e-02,1.642032421345228366e-02
4.839999999999999858e+00,2.011986472492873282e-02,1.661205782811672055e-02
4.842500000000000249e+00,2.018143777068586928e-02,1.680379144278122336e-02
4.844999999999999751e+00,2.024332344215040366e-02,1.699552505744565678e-02
4.847500000000000142e+00,2.030552387406607193e-02,1.718725867211015959e-02
4.850000000000000533e+00,2.036804121941216197e-02,1.737899228677466240e-02
4.852500000000000036e+00,2.043087764958936153e-02,1.760055085920484569e-02
4.855000000000000426e+00,2.049403535460804157e-02,1.782210943163510877e-02
4.857499999999999929e+00,2.055751654327876363e-02,1.804366800406529206e-02
4.860000000000000320e+00,2.062132344340504575e-02,1.826522657649555167e-02
4.862499999999999822e+00,2.068545830197832808e-02,1.848678514892573496e-02
4.865000000000000213e+00,2.074992338537543987e-02,1.870834372135599805e-02
4.867499999999999716e+00,2.081472097955827313e-02,1.892990229378618133e-02
4.870000000000000107e+00,2.087985339027585013e-02,1.915146086621644095e-02
4.872500000000000497e+00,2.094532294326892363e-02,1.937301943864670403e-02
4.875000000000000000e+00,2.101113198447661368e-02,1.959457801107688732e-02
4.877500000000000391e+00,2.107728288024652077e-02,1.983512673351861197e-02
4.879999999999999893e+00,2.114377801754606379e-02,2.007567545596024988e-02
4.882500000000000284e+00,2.121061980417706175e-02,2.031622417840197453e-02
4.884999999999999787e+00,2.127781066899324044e-02,2.055677290084361591e-02
4.887500000000000178e+00,2.134535306211944594e-02,2.079732162328534056e-02
4.889999999999999680e+00,2.141324945517437267e-02,2.103787034572697848e-02
4.892500000000000071e+00,2.148150234149557788e-02,2.127841906816870313e-02
4.895000000000000462e+00,2.155011423636695247e-02,2.151896779061042778e-02
4.897499999999999964e+00,2.161908767724975838e-02,2.175951651305206569e-02
4.900000000000000355e+00,2.168842522401559156e-02,2.200006523549379034e-02
4.902499999999999858e+00,2.175812945918283517e-02,2.224796942210618966e-02
4.905000000000000249e+00,2.182820298815568022e-02,2.249587360871867919e-02
4.907499999999999751e+00,2.189864843946600498e-02,2.274377779533108199e-02
4.910000000000000142e+00,2.196946846501859549e-02,2.299168198194357152e-02
4.912500000000000533e+00,2.204066574033899245e-02,2.323958616855605758e-02
4.915000000000000036e+00,2.211224296482434959e-02,2.348749035516846037e-02
4.917500000000000426e+00,2.218420286199792452e-02,2.373539454178094990e-02
4.919999999999999929e+00,2.225654817976608843e-02,2.398329872839334923e-02
4.922500000000000320e+00,2.232928169067853810e-02,2.423120291500583875e-02
4.924999999999999822e+00,2.240240619219244222e-02,2.447910710161824155e-02
4.927500000000000213e+00,2.247592450693891575e-02,2.472239935133498448e-02
4.929999999999999716e+00,2.254983948299336266e-02,2.496569160105164067e-02
4.932500000000000107e+00,2.262415399414920494e-02,2.520898385076838014e-02
4.935000000000000497e+00,2.269887094019455015e-02,2.545227610048512307e-02
4.937500000000000000e+00,2.277399324719290782e-02,2.569556835020177926e-02
4.940000000000000391e+00,2.284952386776684802e-02,2.593886059991852219e-02
4.942499999999999893e+00,2.292546578138561844e-02,2.618215284963517839e-02
4.945000000000000284e+00,2.300182199465634209e-02,2.642544509935191785e-02
4.947499999999999787e+00,2.307859554161850735e-02,2.666873734906857404e-02
4.950000000000000178e+00,2.315578948404239251e-02,2.691202959878531698e-02
4.952499999999999680e+00,2.323340691173157377e-02,2.713885780995214936e-02
4.955000000000000071e+00,2.331145094282845165e-02,2.736568602111906501e-02
4.957500000000000462e+00,2.338992472412447163e-02,2.759251423228598066e-02
4.959999999999999964e+00,2.346883143137379682e-02,2.781934244345281304e-02
4.962500000000000355e+00,2.354817426961081442e-02,2.804617065461972869e-02
4.964999999999999858e+00,2.362795647347240569e-02,2.827299886578656107e-02
4.967500000000000249e+00,2.370818130752330374e-02,2.849982707695347325e-02
4.969999999999999751e+00,2.378885206658644044e-02,2.872665528812030911e-02
4.972500000000000142e+00,2.386997207607695348e-02,2.895348349928722129e-02
4.975000000000000533e+00,2.395154469234102648e-02,2.918031171045413694e-02
4.977500000000000036e+00,2.403357330299814298e-02,2.937943363095629409e-02
4.980000000000000426e+00,2.411606132728891932e-02,2.957855555145852064e-02
4.982499999999999929e+00,2.419901221642619185e-02,2.977767747196067433e-02
4.985000000000000320e+00,2.428242945395176280e-02,2.997679939246290434e-02
4.987499999999999822e+00,2.436631655609674055e-02,3.017592131296505803e-02
4.990000000000000213e+00,2.445067707214721581e-02,3.037504323346728458e-02
4.992499999999999716e+00,2.453551458481427819e-02,3.057416515396944173e-02
4.995000000000000107e+00,2.462083271060899400e-02,3.077328707447166828e-02
4.997500000000000497e+00,2.470663510022245643e-02,3.097240899497389482e-02
5.000000000000000000e+00,2.479292543891004064e-02,3.117153091547605198e-02
5.002500000000000391e+00,2.487970744688138697e-02,3.133291109496857269e-02
5.004999999999999893e+00,2.496698487969539748e-02,3.149429127446103788e-02
5.007500000000000284e+00,2.505476152865988848e-02,3.165567145395355164e-02
5.009999999999999787e+00,2.514304122123696070e-02,3.181705163344601683e-02
5.012500000000000178e+00,2.523182782145360487e-02,3.197843181293853754e-02
5.014999999999999680e+00,2.532112523031724433e-02,3.213981199243100273e-02
5.017500000000000071e+00,2.541093738623734222e-02,3.230119217192352343e-02
5.020000000000000462e+00,2.550126826545223019e-02,3.246257235141603720e-02
5.022499999999999964e+00,2.559212188246152292e-02,3.262395253090850239e-02
5.025000000000000355e+00,2.568350229046489908e-02,3.278533271040102309e-02
5.027499999999999858e+00,2.577541358180509765e-02,3.290086659995765384e-02
5.030000000000000249e+00,2.586785988841876910e-02,3.301640048951432621e-02
5.032499999999999751e+00,2.596084538229192010e-02,3.313193437907095695e-02
5.035000000000000142e+00,2.605437427592177668e-02,3.324746826862762933e-02
5.037500000000000533e+00,2.614845082278530880e-02,3.336300215818430170e-02
5.040000000000000036e+00,2.624307931781303532e-02,3.347853604774092551e-02
5.042500000000000426e+00,2.633826409786996225e-02,3.359406993729759788e-02
5.044999999999999929e+00,2.643400954224277288e-02,3.370960382685422863e-02
5.047500000000000320e+00,2.653032007313328028e-02,3.382513771641090100e-02
5.049999999999999822e+00,2.662720015615869726e-02,3.394067160596753174e-02
5.052500000000000213e+00,2.672465430085876198e-02,3.400501573658212123e-02
5.054999999999999716e+00,2.682268706120944160e-02,3.406935986719667603e-02
5.057500000000000107e+00,2.692130303614369627e-02,3.413370399781124470e-02
5.060000000000000497e+00,2.702050687007943180e-02,3.419804812842582031e-02
5.062500000000000000e+00,2.712030325345401657e-02,3.426239225904036817e-02
5.065000000000000391e+00,2.722069692326707993e-02,3.432673638965494378e-02
5.067499999999999893e+00,2.732169266362969445e-02,3.439108052026949164e-02
5.070000000000000284e+00,2.742329530632154136e-02,3.445542465088406725e-02
5.072499999999999787e+00,2.752550973135544851e-02,3.451976878149861511e-02
5.075000000000000178e+00,2.762834086754983182e-02,3.458411291211319072e-02
5.077499999999999680e+00,2.773179369310911982e-02,3.459554949200924906e-02
5.080000000000000071e+00,2.783587323621145027e-02,3.460698607190530740e-02
5.082500000000000462e+00,2.794058457560510272e-02,3.461842265180136574e-02
5.084999999999999964e+00,2.804593284121300115e-02,3.462985923169741714e-02
5.087500000000000355e+00,2.815192321474547371e-02,3.464129581159347548e-02
5.089999999999999858e+00,2.825856093032126301e-02,3.465273239148953383e-02
5.092500000000000249e+00,2.836585127509737292e-02,3.466416897138559217e-02
5.094999999999999751e+00,2.847379958990792215e-02,3.467560555128165051e-02
5.097500000000000142e+00,2.858241126991084222e-02,3.468704213117770885e-02
5.100000000000000533e+00,2.869169176524498030e-02,3.469847871107376719e-02
5.102500000000000036e+00,2.880164658169505343e-02,3.465969881419879439e-02
5.105000000000000426e+00,2.891228128136674042e-02,3.462091891732380772e-02
5.107499999999999929e+00,2.902360148337075965e-02,3.458213902044884186e-02
5.110000000000000320e+00,2.913561286451685911e-02,3.454335912357385519e-02
5.112499999999999822e+00,2.924832116001692406e-02,3.450457922669888239e-02
5.115000000000000213e+00,2.936173216419871862e-02,3.446579932982389571e-02
5.117499999999999716e+00,2.947585173122930363e-02,3.442701943294892292e-02
5.120000000000000107e+00,2.959068577584843263e-02,3.438823953607394318e-02
5.122500000000000497e+00,2.970624027411281065e-02,3.434945963919895651e-02
5.125000000000000000e+00,2.982252126415024102e-02,3.431067974232398371e-02
5.127500000000000391e+00,2.993953484692517958e-02,3.422934179203088179e-02
5.129999999999999893e+00,3.005728718701451696e-02,3.414800384173780762e-02
5.132500000000000284e+00,3.017578451339482035e-02,3.406666589144470569e-02
5.134999999999999787e+00,3.029503312024044159e-02,3.398532794115163153e-02
5.137500000000000178e+00,3.041503936773337982e-02,3.390398999085852960e-02
5.139999999999999680e+00,3.053580968288437461e-02,3.382265204056545543e-02
5.142500000000000071e+00,3.065735056036577103e-02,3.374131409027235351e-02
5.145000000000000462e+00,3.077966856335693710e-02,3.365997613997925159e-02
5.147499999999999964e+00,3.090277032440086336e-02,3.357863818968617742e-02
5.150000000000000355e+00,3.102666254627375192e-02,3.349730023939307549e-02
5.152499999999999858e+00,3.115135200286682851e-02,3.338621710104018592e-02
5.155000000000000249e+00,3.127684554008126200e-02,3.327513396268726165e-02
5.157499999999999751e+00,3.140315007673567110e-02,3.316405082433437207e-02
5.160000000000000142e+00,3.153027260548679073e-02,3.305296768598144086e-02
5.162500000000000533e+00,3.165822019376361013e-02,3.294188454762851659e-02
5.165000000000000036e+00,3.178699998471530563e-02,3.283080140927562701e-02
5.167500000000000426e+00,3.191661919817256887e-02,3.271971827092269580e-02
5.169999999999999929e+00,3.204708513162327077e-02,3.260863513256980623e-02
5.172500000000000320e+00,3.217840516120216987e-02,3.249755199421688195e-02
5.174999999999999822e+00,3.231058674269546988e-02,3.238646885586399238e-02
5.177500000000000213e+00,3.244363741255941458e-02,3.226330066923142892e-02
5.179999999999999716e+00,3.257756478895491858e-02,3.214013248259890709e-02
5.182500000000000107e+00,3.271237657279612437e-02,3.201696429596634363e-02
5.185000000000000497e+00,3.284808054881595968e-02,3.189379610933378018e-02
5.187500000000000000e+00,3.298468458664587794e-02,3.177062792270125835e-02
5.190000000000000391e+00,3.312219664191268925e-02,3.164745973606869489e-02
5.192499999999999893e+00,3.326062475735106633e-02,3.152429154943618000e-02
5.195000000000000284e+00,3.339997706393291882e-02,3.140112336280360961e-02
5.197499999999999787e+00,3.354026178201359454e-02,3.127795517617109472e-02
5.200000000000000178e+00,3.368148722249450500e-02,3.115478698953852779e-02
5.202499999999999680e+00,3.382366178800406964e-02,3.104116625705993435e-02
5.205000000000000071e+00,3.396679397409580609e-02,3.092754552458129927e-02
5.207500000000000462e+00,3.411089237046419087e-02,3.081392479210266072e-02
5.209999999999999964e+00,3.425596566217941480e-02,3.070030405962406728e-02
5.212500000000000355e+00,3.440202263093986718e-02,3.058668332714543220e-02
5.214999999999999858e+00,3.454907215634443057e-02,3.047306259466683875e-02
5.217500000000000249e+00,3.469712321718292775e-02,3.035944186218820368e-02
5.219999999999999751e+00,3.484618489274718400e-02,3.024582112970960676e-02
5.222500000000000142e+00,3.499626636416103970e-02,3.013220039723097168e-02
5.225000000000000533e+00,3.514737691573111000e-02,3.001857966475233661e-02
5.227500000000000036e+00,3.529952593631763974e-02,2.993866400473184711e-02
5.230000000000000426e+00,3.545272292072697978e-02,2.985874834471132985e-02
5.232499999999999929e+00,3.560697747112399891e-02,2.977883268469083689e-02
5.235000000000000320e+00,3.576229929846758138e-02,2.969891702467031963e-02
5.237499999999999822e+00,3.591869822396709377e-02,2.961900136464983013e-02
5.240000000000000213e+00,3.607618418056137560e-02,2.953908570462931288e-02
5.242499999999999716e+00,3.623476721442096121e-02,2.945917004460882338e-02
5.245000000000000107e+00,3.639445748647255480e-02,2.937925438458830266e-02
5.247500000000000497e+00,3.655526527394783315e-02,2.929933872456778540e-02
5.250000000000000000e+00,3.671720097195559779e-02,2.921942306454729590e-02
5.252500000000000391e+00,3.688027509507860180e-02,2.919795004780399370e-02
5.254999999999999893e+00,3.704449827899509995e-02,2.917647703106070189e-02
5.257500000000000284e+00,3.720988128212510820e-02,2.915500401431739969e-02
5.259999999999999787e+00,3.737643498730301023e-02,2.913353099757410442e-02
5.262500000000000178e+00,3.754417040347562962e-02,2.911205798083080221e-02
5.264999999999999680e+00,3.771309866742742628e-02,2.909058496408751041e-02
5.267500000000000071e+00,3.788323104553168591e-02,2.906911194734420820e-02
5.270000000000000462e+00,3.805457893553035320e-02,2.904763893060090599e-02
5.272499999999999964e+00,3.822715386834059370e-02,2.902616591385761419e-02
5.275000000000000355e+00,3.840096750989096391e-02,2.900469289711431198e-02
5.277499999999999858e+00,3.857603166298560760e-02,2.906468934939246407e-02
5.280000000000000249e+00,3.875235826919803950e-02,2.912468580167063698e-02
5.282499999999999751e+00,3.892995941079510636e-02,2.918468225394878907e-02
5.285000000000000142e+00,3.910884731269143044e-02,2.924467870622696544e-02
5.287500000000000533e+00,3.928903434443452997e-02,2.930467515850513835e-02
5.290000000000000036e+00,3.947053302222162247e-02,2.936467161078329044e-02
5.292500000000000426e+00,3.965335601094870099e-02,2.942466806306146335e-02
5.294999999999999929e+00,3.983751612629229250e-02,2.948466451533961544e-02
5.297500000000000320e+00,4.002302633682387062e-02,2.954466096761779181e-02
5.299999999999999822e+00,4.020989976615905320e-02,2.960465741989594390e-02
5.302500000000000213e+00,4.039814969514055054e-02,2.976502128788499277e-02
5.304999999999999716e+00,4.058778956405643956e-02,2.992538515587402081e-02
5.307500000000000107e+00,4.077883297489415942e-02,3.008574902386310437e-02
5.310000000000000497e+00,4.097129369363054774e-02,3.024611289185219140e-02
5.312500000000000000e+00,4.116518565255929823e-02,3.040647675984121945e-02
5.315000000000000391e+00,4.136052295265561091e-02,3.056684062783030301e-02
5.317499999999999893e+00,4.155731986597948485e-02,3.072720449581933105e-02
5.320000000000000284e+00,4.175559083811793137e-02,3.088756836380841808e-02
5.322499999999999787e+00,4.195535049066661387e-02,3.104793223179744613e-02
5.325000000000000178e+00,4.215661362375244803e-02,3.120829609978652969e-02
5.327499999999999680e+00,4.235939521859685003e-02,3.148151279790920715e-02
5.330000000000000071e+00,4.256371044012120103e-02,3.175472949603198175e-02
5.332500000000000462e+00,4.276957463959465966e-02,3.202794619415475635e-02
5.334999999999999964e+00,4.297700335732589083e-02,3.230116289227743381e-02
5.337500000000000355e+00,4.318601232539829443e-02,3.257437959040020148e-02
5.339999999999999858e+00,4.339661747045110013e-02,3.284759628852287894e-02
5.342500000000000249e+00,4.360883491650551641e-02,3.312081298664565354e-02
5.344999999999999751e+00,4.382268098783824450e-02,3.339402968476833100e-02
5.347500000000000142e+00,4.403817221190182984e-02,3.366724638289110560e-02
5.350000000000000533e+00,4.425532532229421723e-02,3.394046308101388021e-02
5.352500000000000036e+00,4.447415726177662149e-02,3.433073330079439156e-02
5.355000000000000426e+00,4.469468518534256557e-02,3.472100352057504169e-02
5.357499999999999929e+00,4.491692646333741989e-02,3.511127374035555304e-02
5.360000000000000320e+00,4.514089868463010136e-02,3.550154396013620317e-02
5.362499999999999822e+00,4.536661965983794509e-02,3.589181417991671452e-02
5.365000000000000213e+00,4.559410742460542898e-02,3.628208439969737159e-02
5.367499999999999716e+00,4.582338024293788198e-02,3.667235461947788294e-02
5.370000000000000107e+00,4.605445661059126561e-02,3.706262483925853307e-02
5.372500000000000497e+00,4.628735525851905563e-02,3.745289505903918320e-02
5.375000000000000000e+00,4.652209515637709819e-02,3.784316527881969455e-02
5.377500000000000391e+00,4.675869551608736324e-02,3.834520423683188822e-02
5.379999999999999893e+00,4.699717579546280194e-02,3.884724319484390842e-02
5.382500000000000284e+00,4.723755570189275971e-02,3.934928215285610209e-02
5.384999999999999787e+00,4.747985519609143612e-02,3.985132111086812229e-02
5.387500000000000178e+00,4.772409449590964137e-02,4.035336006888032290e-02
5.389999999999999680e+00,4.797029408021213914e-02,4.085539902689233616e-02
5.392500000000000071e+00,4.821847469282006943e-02,4.135743798490453677e-02
5.395000000000000462e+00,4.846865734652183039e-02,4.185947694291673044e-02
5.397499999999999964e+00,4.872086332715176021e-02,4.236151590092875063e-02
5.400000000000000355e+00,4.897511419773917934e-02,4.286355485894094430e-02
5.402499999999999858e+00,4.923143180272843145e-02,4.346227435482589996e-02
5.405000000000000249e+00,4.948983827227155380e-02,4.406099385071107072e-02
5.407499999999999751e+00,4.975035602659493711e-02,4.465971334659602637e-02
5.410000000000000142e+00,5.001300778044098089e-02,4.525843284248119019e-02
5.412500000000000533e+00,5.027781654758711749e-02,4.585715233836636096e-02
5.415000000000000036e+00,5.054480564544237831e-02,4.645587183425131661e-02
5.417500000000000426e+00,5.081399869972398620e-02,4.705459133013648737e-02
5.419999999999999929e+00,5.108541964921495954e-02,4.765331082602144303e-02
5.422500000000000320e+00,5.135909275060462909e-02,4.825203032190660685e-02
5.424999999999999822e+00,5.163504258341331671e-02,4.885074981779156250e-02
5.427500000000000213e+00,5.191329405500280658e-02,4.952195832310566509e-02
5.429999999999999716e+00,5.219387240567462116e-02,5.019316682841955951e-02
5.432500000000000107e+00,5.247680321385708724e-02,5.086437533373368292e-02
5.435000000000000497e+00,5.276211240138360681e-02,5.153558383904781326e-02
5.437500000000000000e+00,5.304982623886360382e-02,5.220679234436170074e-02
5.440000000000000391e+00,5.333997135114745131e-02,5.287800084967583109e-02
5.442499999999999893e+00,5.363257472288797401e-02,5.354920935498971857e-02
5.445000000000000284e+00,5.392766370419987271e-02,5.422041786030384891e-02
5.447499999999999787e+00,5.422526601641892985e-02,5.489162636561773639e-02
5.450000000000000178e+00,5.452540975796320299e-02,5.556283487093186674e-02
5.452499999999999680e+00,5.482812341029796865e-02,5.627499425473779515e-02
5.455000000000000071e+00,5.513343584400627606e-02,5.698715363854398031e-02
5.457500000000000462e+00,5.544137632496729667e-02,5.769931302235015852e-02
5.459999999999999964e+00,5.575197452064491882e-02,5.841147240615608693e-02
5.462500000000000355e+00,5.606526050648769077e-02,5.912363178996227209e-02
5.464999999999999858e+00,5.638126477244344986e-02,5.983579117376819356e-02
5.467500000000000249e+00,5.670001822958999765e-02,6.054795055757437872e-02
5.469999999999999751e+00,5.702155221688419429e-02,6.126010994138030713e-02
5.472500000000000142e+00,5.734589850803237937e-02,6.197226932518648534e-02
5.475000000000000533e+00,5.767308931848329906e-02,6.268442870899267050e-02
5.477500000000000036e+00,5.800315731254724466e-02,6.340139845048972655e-02
5.480000000000000426e+00,5.833613561064279057e-02,6.411836819198704629e-02
5.482499999999999929e+00,5.867205779667392096e-02,6.483533793348410235e-02
5.485000000000000320e+00,5.901095792554034852e-02,6.555230767498142208e-02
5.487499999999999822e+00,5.935287053078319719e-02,6.626927741647847814e-02
5.490000000000000213e+00,5.969783063236894921e-02,6.698624715797578399e-02
5.492499999999999716e+00,6.004587374461407140e-02,6.770321689947285393e-02
5.495000000000000107e+00,6.039703588425325564e-02,6.842018664097015979e-02
5.497500000000000497e+00,6.075135357865387581e-02,6.913715638246747952e-02
5.500000000000000000e+00,6.110886387417999166e-02,6.985412612396453558e-02
5.502500000000000391e+00,6.146960434470750273e-02,7.053871760817151393e-02
5.504999999999999893e+00,6.183361310029550362e-02,7.122330909237825636e-02
5.507500000000000284e+00,6.220092879601413910e-02,7.190790057658523471e-02
5.509999999999999787e+00,6.257159064093510692e-02,7.259249206079197714e-02
5.512500000000000178e+00,6.294563840728459314e-02,7.327708354499895549e-02
5.514999999999999680e+00,6.332311243976501691e-02,7.396167502920569792e-02
5.517500000000000071e+00,6.370405366504625078e-02,7.464626651341267627e-02
5.520000000000000462e+00,6.408850360143117375e-02,7.533085799761965462e-02
5.522499999999999964e+00,6.447650436869838131e-02,7.601544948182639705e-02
5.525000000000000355e+00,6.486809869812543150e-02,7.670004096603337540e-02
5.527499999999999858e+00,6.526332994269601340e-02,7.731810668560355759e-02
5.530000000000000249e+00,6.566224208749506241e-02,7.793617240517396183e-02
5.532499999999999751e+00,6.606487976029508380e-02,7.855423812474414402e-02
5.535000000000000142e+00,6.647128824233720923e-02,7.917230384431453438e-02
5.537500000000000533e+00,6.688151347931127477e-02,7.979036956388493862e-02
5.540000000000000036e+00,6.729560209253795944e-02,8.040843528345512081e-02
5.542500000000000426e+00,6.771360139035796644e-02,8.102650100302552505e-02
5.544999999999999929e+00,6.813555937973116150e-02,8.164456672259570724e-02
5.547500000000000320e+00,6.856152477805019241e-02,8.226263244216609760e-02
5.549999999999999822e+00,6.899154702517255877e-02,8.288069816173627979e-02
5.552500000000000213e+00,6.942567629567576726e-02,8.340540368257391701e-02
5.554999999999999716e+00,6.986396351133900007e-02,8.393010920341133219e-02
5.557500000000000107e+00,7.030646035385633430e-02,8.445481472424892777e-02
5.560000000000000497e+00,7.075321927778553677e-02,8.497952024508652336e-02
5.562500000000000000e+00,7.120429352373741638e-02,8.550422576592393853e-02
5.565000000000000391e+00,7.165973713180909255e-02,8.602893128676153411e-02
5.567499999999999893e+00,7.211960495526777148e-02,8.655363680759894929e-02
5.570000000000000284e+00,7.258395267448775057e-02,8.707834232843654487e-02
5.572499999999999787e+00,7.305283681114670136e-02,8.760304784927396005e-02
5.575000000000000178e+00,7.352631474268585265e-02,8.812775337011155563e-02
5.577499999999999680e+00,7.400444471703843119e-02,8.854363248299969291e-02
5.580000000000000071e+00,7.448728586763257720e-02,8.895951159588798285e-02
5.582500000000000462e+00,7.497489822867274556e-02,8.937539070877627279e-02
5.584999999999999964e+00,7.546734275070521303e-02,8.979126982166442394e-02
5.587500000000000355e+00,7.596468131647317323e-02,9.020714893455270000e-02
5.589999999999999858e+00,7.646697675706645714e-02,9.062302804744085116e-02
5.592500000000000249e+00,7.697429286837133289e-02,9.103890716032914110e-02
5.594999999999999751e+00,7.748669442782692152e-02,9.145478627321727838e-02
5.597500000000000142e+00,7.800424721149130936e-02,9.187066538610556832e-02
5.600000000000000533e+00,7.852701801142650262e-02,9.228654449899385825e-02
5.602500000000000036e+00,7.905507465340479156e-02,9.259292633210559897e-02
5.605000000000000426e+00,7.958848601494500352e-02,9.289930816521745072e-02
5.607499999999999929e+00,8.012732204368186451e-02,9.320568999832919144e-02
5.610000000000000320e+00,8.067165377607804500e-02,9.351207183144104318e-02
5.612499999999999822e+00,8.122155335648059693e-02,9.381845366455278390e-02
5.615000000000000213e+00,8.177709405653220409e-02,9.412483549766463564e-02
5.617499999999999716e+00,8.233835029494004920e-02,9.443121733077637636e-02
5.620000000000000107e+00,8.290539765761173463e-02,9.473759916388822810e-02
5.622500000000000497e+00,8.347831291816121269e-02,9.504398099700007985e-02
5.625000000000000000e+00,8.405717405879462034e-02,9.535036283011182057e-02
5.627500000000000391e+00,8.464206029157959887e-02,9.556378692539092834e-02
5.629999999999999893e+00,8.523305208010721612e-02,9.577721102066996672e-02
5.632500000000000284e+00,8.583023116155077958e-02,9.599063511594908837e-02
5.634999999999999787e+00,8.643368056913025566e-02,9.620405921122812676e-02
5.637500000000000178e+00,8.704348465498802645e-02,9.641748330650723453e-02
5.639999999999999680e+00,8.765972911348277052e-02,9.663090740178627291e-02
5.642500000000000071e+00,8.828250100490865615e-02,9.684433149706538069e-02
5.645000000000000462e+00,8.891188877964679993e-02,9.705775559234450234e-02
5.647499999999999964e+00,8.954798230275579085e-02,9.727117968762354072e-02
5.650000000000000355e+00,9.019087287900824645e-02,9.748460378290264849e-02
5.652499999999999858e+00,9.084065327838049264e-02,9.763990469416911067e-02
5.655000000000000249e+00,9.149741776200195909e-02,9.779520560543561447e-02
5.657499999999999751e+00,9.216126210857253365e-02,9.795050651670207664e-02
5.660000000000000142e+00,9.283228364125373222e-02,9.810580742796859433e-02
5.662500000000000533e+00,9.351058125504101148e-02,9.826110833923509813e-02
5.665000000000000036e+00,9.419625544462478794e-02,9.841640925050156030e-02
5.667500000000000426e+00,9.488940833274649156e-02,9.857171016176807798e-02
5.669999999999999929e+00,9.559014369905743935e-02,9.872701107303454016e-02
5.672500000000000320e+00,9.629856700948663528e-02,9.888231198430104396e-02
5.674999999999999822e+00,9.701478544612521238e-02,9.903761289556750613e-02
5.677500000000000213e+00,9.773890793763387319e-02,9.918745541136171628e-02
5.679999999999999716e+00,9.847104519018017033e-02,9.933729792715587092e-02
5.682500000000000107e+00,9.921130971891287120e-02,9.948714044295006720e-02
5.685000000000000497e+00,9.995981587997909701e-02,9.963698295874427735e-02
5.687500000000000000e+00,1.007166799030912302e-01,9.978682547453843199e-02
5.690000000000000391e+00,1.014820199246503213e-01,9.993666799033262826e-02
5.692499999999999893e+00,1.022559560214313240e-01,1.000865105061267829e-01
5.695000000000000284e+00,1.030386102448369867e-01,1.002363530219209931e-01
5.697499999999999787e+00,1.038301066557252433e-01,1.003861955377151338e-01
5.700000000000000178e+00,1.046305713598173343e-01,1.005360380535093440e-01
5.702499999999999680e+00,1.054401325436906262e-01,1.007488097874274513e-01
5.705000000000000071e+00,1.062589205113606688e-01,1.009615815213456419e-01
5.707500000000000462e+00,1.070870677214600941e-01,1.011743532552638186e-01
5.709999999999999964e+00,1.079247088250162440e-01,1.013871249891819259e-01
5.712500000000000355e+00,1.087719807038315112e-01,1.015998967231001165e-01
5.714999999999999858e+00,1.096290225094737336e-01,1.018126684570182239e-01
5.717500000000000249e+00,1.104959757028746298e-01,1.020254401909364145e-01
5.719999999999999751e+00,1.113729840945442695e-01,1.022382119248545218e-01
5.722500000000000142e+00,1.122601938854005527e-01,1.024509836587726985e-01
5.725000000000000533e+00,1.131577537082173873e-01,1.026637553926908891e-01
5.727500000000000036e+00,1.140658146696916508e-01,1.030198643959574917e-01
5.730000000000000426e+00,1.149845303931323337e-01,1.033759733992242191e-01
5.732499999999999929e+00,1.159140570617669397e-01,1.037320824024908217e-01
5.735000000000000320e+00,1.168545534626702492e-01,1.040881914057575491e-01
5.737499999999999822e+00,1.178061810313097563e-01,1.044443004090241378e-01
5.740000000000000213e+00,1.187691038967075008e-01,1.048004094122908653e-01
5.742499999999999716e+00,1.197434889272146613e-01,1.051565184155574678e-01
5.745000000000000107e+00,1.207295057768948410e-01,1.055126274188241953e-01
5.747500000000000497e+00,1.217273269325107876e-01,1.058687364220909227e-01
5.750000000000000000e+00,1.227371277611087469e-01,1.062248454253575253e-01
5.752500000000000391e+00,1.237590865581924410e-01,1.068116139058225555e-01
5.754999999999999893e+00,1.247933845964785127e-01,1.073983823862873638e-01
5.757500000000000284e+00,1.258402061752232903e-01,1.079851508667523940e-01
5.759999999999999787e+00,1.268997386701094798e-01,1.085719193472172162e-01
5.762500000000000178e+00,1.279721725836798496e-01,1.091586878276822326e-01
5.764999999999999680e+00,1.290577015963032259e-01,1.097454563081470547e-01
5.767500000000000071e+00,1.301565226176566725e-01,1.103322247886120849e-01
5.770000000000000462e+00,1.312688358387057164e-01,1.109189932690771152e-01
5.772499999999999964e+00,1.323948447841622467e-01,1.115057617495419234e-01
5.775000000000000355e+00,1.335347563653982439e-01,1.120925302300069537e-01
5.777499999999999858e+00,1.346887809337906639e-01,1.129980079923594283e-01
5.780000000000000249e+00,1.358571323344704151e-01,1.139034857547122220e-01
5.782499999999999751e+00,1.370400279604470362e-01,1.148089635170646966e-01
5.785000000000000142e+00,1.382376888070762366e-01,1.157144412794174904e-01
5.787500000000000533e+00,1.394503395268349988e-01,1.166199190417702841e-01
5.790000000000000036e+00,1.406782084843687108e-01,1.175253968041227587e-01
5.792500000000000426e+00,1.419215278117657852e-01,1.184308745664755524e-01
5.794999999999999929e+00,1.431805334640189331e-01,1.193363523288280270e-01
5.797500000000000320e+00,1.444554652746220247e-01,1.202418300911808208e-01
5.799999999999999822e+00,1.457465670112536582e-01,1.211473078535332953e-01
5.802500000000000213e+00,1.470540864314882346e-01,1.224534380264819394e-01
5.804999999999999716e+00,1.483782753384779163e-01,1.237595681994302782e-01
5.807500000000000107e+00,1.497193896365376919e-01,1.250656983723790749e-01
5.810000000000000497e+00,1.510776893865669879e-01,1.263718285453278578e-01
5.812500000000000000e+00,1.524534388612305280e-01,1.276779587182761966e-01
5.815000000000000391e+00,1.538469065998214480e-01,1.289840888912250072e-01
5.817499999999999893e+00,1.552583654627184007e-01,1.302902190641733182e-01
5.820000000000000284e+00,1.566880926853479461e-01,1.315963492371221288e-01
5.822499999999999787e+00,1.581363699315523896e-01,1.329024794100704399e-01
5.825000000000000178e+00,1.596034833462591507e-01,1.342086095830192505e-01
5.827499999999999680e+00,1.610897236073411121e-01,1.359842539698611075e-01
5.830000000000000071e+00,1.625953859765482956e-01,1.377598983567035751e-01
5.832500000000000462e+00,1.641207703493839098e-01,1.395355427435460705e-01
5.834999999999999964e+00,1.656661813037907938e-01,1.413111871303879274e-01
5.837500000000000355e+00,1.672319281475031505e-01,1.430868315172303951e-01
5.839999999999999858e+00,1.688183249639129413e-01,1.448624759040722521e-01
5.842500000000000249e+00,1.704256906562859053e-01,1.466381202909147474e-01
5.844999999999999751e+00,1.720543489901562029e-01,1.484137646777566044e-01
5.847500000000000142e+00,1.737046286337161072e-01,1.501894090645990720e-01
5.850000000000000533e+00,1.753768631960056779e-01,1.519650534514415674e-01
5.852500000000000036e+00,1.770713912626959152e-01,1.542594180374066981e-01
5.855000000000000426e+00,1.787885564292467089e-01,1.565537826233726337e-01
5.857499999999999929e+00,1.805287073312077106e-01,1.588481472093377644e-01
5.860000000000000320e+00,1.822921976714159120e-01,1.611425117953037001e-01
5.862499999999999822e+00,1.840793862438288575e-01,1.634368763812688308e-01
5.865000000000000213e+00,1.858906369537205172e-01,1.657312409672347941e-01
5.867499999999999716e+00,1.877263188339448052e-01,1.680256055531998971e-01
5.870000000000000107e+00,1.895868060569626534e-01,1.703199701391658605e-01
5.872500000000000497e+00,1.914724779423029599e-01,1.726143347251317961e-01
5.875000000000000000e+00,1.933837189591170735e-01,1.749086993110969268e-01
5.877500000000000391e+00,1.953209187234611066e-01,1.777456886494735433e-01
5.879999999999999893e+00,1.972844719899233268e-01,1.805826779878491606e-01
5.882500000000000284e+00,1.992747786371934782e-01,1.834196673262257493e-01
5.884999999999999787e+00,2.012922436471466237e-01,1.862566566646013666e-01
5.887500000000000178e+00,2.033372770769911186e-01,1.890936460029779831e-01
5.889999999999999680e+00,2.054102940240094544e-01,1.919306353413536004e-01
5.892500000000000071e+00,2.075117145823931197e-01,1.947676246797301891e-01
5.895000000000000462e+00,2.096419637916438206e-01,1.976046140181068056e-01
5.897499999999999964e+00,2.118014715759945488e-01,2.004416033564824229e-01
5.900000000000000355e+00,2.139906726742651921e-01,2.032785926948590394e-01
5.902499999999999858e+00,2.162100065595454479e-01,2.066525658909880714e-01
5.905000000000000249e+00,2.184599173480648027e-01,2.100265390871182691e-01
5.907499999999999751e+00,2.207408536965750900e-01,2.134005122832473011e-01
5.910000000000000142e+00,2.230532686875423831e-01,2.167744854793775267e-01
5.912500000000000533e+00,2.253976197014063432e-01,2.201484586755077522e-01
5.915000000000000036e+00,2.277743682751330601e-01,2.235224318716367564e-01
5.917500000000000426e+00,2.301839799462475356e-01,2.268964050677669819e-01
5.919999999999999929e+00,2.326269240814970163e-01,2.302703782638960139e-01
5.922500000000000320e+00,2.351036736892530288e-01,2.336443514600262117e-01
5.924999999999999822e+00,2.376147052147252470e-01,2.370183246561552437e-01
5.927500000000000213e+00,2.401604983170111118e-01,2.408916303552988969e-01
5.929999999999999716e+00,2.427415356269695956e-01,2.447649360544413288e-01
5.932500000000000107e+00,2.453583024848582650e-01,2.486382417535851763e-01
5.935000000000000497e+00,2.480112866566303309e-01,2.525115474527289683e-01
5.937500000000000000e+00,2.507009780277401068e-01,2.563848531518714280e-01
5.940000000000000391e+00,2.534278682732619137e-01,2.602581588510152755e-01
5.942499999999999893e+00,2.561924505030742649e-01,2.641314645501577352e-01
5.945000000000000284e+00,2.589952188808165578e-01,2.680047702493015827e-01
5.947499999999999787e+00,2.618366682152747926e-01,2.718780759484439868e-01
5.950000000000000178e+00,2.647172935228028767e-01,2.757513816475878343e-01
5.952499999999999680e+00,2.676375895593341436e-01,2.800539231263378670e-01
5.955000000000000071e+00,2.705980503204922227e-01,2.843564646050894540e-01
5.957500000000000462e+00,2.735991685082523328e-01,2.886590060838410965e-01
5.959999999999999964e+00,2.766414349625628266e-01,2.929615475625911292e-01
5.962500000000000355e+00,2.797253380562788605e-01,2.972640890413427162e-01
5.964999999999999858e+00,2.828513630517184296e-01,3.015666305200928043e-01
5.967500000000000249e+00,2.860199914170958313e-01,3.058691719988443358e-01
5.969999999999999751e+00,2.892317001010513144e-01,3.101717134775944240e-01
5.972500000000000142e+00,2.924869607634404400e-01,3.144742549563460110e-01
5.975000000000000533e+00,2.957862389605133702e-01,3.187767964350975980e-01
5.977500000000000036e+00,2.991299932825712826e-01,3.234077313952143373e-01
5.980000000000000426e+00,3.025186744421516361e-01,3.280386663553327420e-01
5.982499999999999929e+00,3.059527243107640349e-01,3.326696013154495368e-01
5.985000000000000320e+00,3.094325749021681338e-01,3.373005362755678860e-01
5.987499999999999822e+00,3.129586473001667035e-01,3.419314712356846808e-01
5.990000000000000213e+00,3.165313505288697149e-01,3.465624061958030855e-01
5.992499999999999716e+00,3.201510803633736413e-01,3.511933411559198248e-01
5.995000000000000107e+00,3.238182180788041209e-01,3.558242761160382295e-01
5.997500000000000497e+00,3.275331291356717300e-01,3.604552110761566341e-01
6.000000000000000000e+00,3.312961617995135999e-01,3.650861460362733735e-01
6.002500000000000391e+00,3.351076456928152592e-01,3.699176711392296868e-01
6.004999999999999893e+00,3.389678902772513824e-01,3.747491962421842793e-01
6.007500000000000284e+00,3.428771832643349726e-01,3.795807213451405926e-01
6.009999999999999787e+00,3.468357889526328397e-01,3.844122464480951851e-01
6.012500000000000178e+00,3.508439464897870619e-01,3.892437715510514984e-01
6.015000000000000568e+00,3.549018680576832563e-01,3.940752966540077562e-01
6.017500000000000071e+00,3.590097369792281667e-01,3.989068217569623487e-01
6.020000000000000462e+00,3.631677057453344681e-01,4.037383468599186620e-01
6.022499999999999964e+00,3.673758939608772756e-01,4.085698719628732545e-01
6.025000000000000355e+00,3.716343862085695893e-01,4.134013970658295678e-01
6.027499999999999858e+00,3.759432298299173469e-01,4.182844169113547617e-01
6.030000000000000249e+00,3.803024326226561724e-01,4.231674367568816764e-01
6.032499999999999751e+00,3.847119604543332572e-01,4.280504566024068702e-01
6.035000000000000142e+00,3.891717347920087833e-01,4.329334764479338404e-01
6.037500000000000533e+00,3.936816301483756497e-01,4.378164962934607551e-01
6.040000000000000036e+00,3.982414714449707960e-01,4.426995161389859490e-01
6.042500000000000426e+00,4.028510312935546511e-01,4.475825359845128637e-01
6.044999999999999929e+00,4.075100271971837107e-01,4.524655558300380576e-01
6.047500000000000320e+00,4.122181186729823033e-01,4.573485756755650278e-01
6.049999999999999822e+00,4.169749042991555688e-01,4.622315955210902216e-01
6.052500000000000213e+00,4.217799186893523844e-01,4.670029410214585064e-01
6.054999999999999716e+00,4.266326293981097528e-01,4.717742865218250148e-01
6.057500000000000107e+00,4.315324337617753025e-01,4.765456320221932995e-01
6.060000000000000497e+00,4.364786556800177020e-01,4.813169775225615288e-01
6.062500000000000000e+00,4.414705423437990661e-01,4.860883230229280927e-01
6.065000000000000391e+00,4.465072609164915107e-01,4.908596685232963219e-01
6.067499999999999893e+00,4.515878951756855386e-01,4.956310140236628858e-01
6.070000000000000284e+00,4.567114421241433297e-01,5.004023595240311151e-01
6.072499999999999787e+00,4.618768085793079070e-01,5.051737050243976235e-01
6.075000000000000178e+00,4.670828077517834576e-01,5.099450505247659082e-01
6.077500000000000568e+00,4.723281558242448663e-01,5.144358020145380905e-01
6.080000000000000071e+00,4.776114685433276441e-01,5.189265535043088295e-01
6.082500000000000462e+00,4.829312578381680376e-01,5.234173049940810118e-01
6.084999999999999964e+00,4.882859284804247912e-01,5.279080564838516398e-01
6.087500000000000355e+00,4.936737748017948069e-01,5.323988079736239332e-01
6.089999999999999858e+00,4.990929774862463142e-01,5.368895594633945612e-01
6.092500000000000249e+00,5.045416004554006406e-01,5.413803109531667435e-01
6.094999999999999751e+00,5.100175878667277951e-01,5.458710624429373715e-01
6.097500000000000142e+00,5.155187612454297241e-01,5.503618139327096648e-01
6.100000000000000533e+00,5.210428167720910775e-01,5.548525654224818471e-01
6.102500000000000036e+00,5.265873227493462760e-01,5.588969585246120753e-01
6.105000000000000426e+00,5.321497172719430457e-01,5.629413516267437467e-01
6.107499999999999929e+00,5.377273061256561126e-01,5.669857447288739749e-01
6.110000000000000320e+00,5.433172609415030108e-01,5.710301378310056464e-01
6.112499999999999822e+00,5.489166176326262248e-01,5.750745309331359856e-01
6.115000000000000213e+00,5.545222751420029184e-01,5.791189240352676570e-01
6.117499999999999716e+00,5.601309945298227344e-01,5.831633171373978852e-01
6.120000000000000107e+00,5.657393984298937362e-01,5.872077102395295567e-01
6.122500000000000497e+00,5.713439709047939408e-01,5.912521033416612282e-01
6.125000000000000000e+00,5.769410577296542053e-01,5.952964964437914563e-01
6.127500000000000391e+00,5.825268671344027149e-01,5.987408481284294259e-01
6.129999999999999893e+00,5.880974710340284295e-01,6.021851998130661743e-01
6.132500000000000284e+00,5.936488067758722842e-01,6.056295514977042549e-01
6.134999999999999787e+00,5.991766794321407019e-01,6.090739031823410032e-01
6.137500000000000178e+00,6.046767646647284167e-01,6.125182548669789728e-01
6.140000000000000568e+00,6.101446121879917639e-01,6.159626065516169424e-01
6.142500000000000071e+00,6.155756498533593302e-01,6.194069582362536908e-01
6.145000000000000462e+00,6.209651883775506587e-01,6.228513099208917714e-01
6.147499999999999964e+00,6.263084267336944677e-01,6.262956616055285197e-01
6.150000000000000355e+00,6.316004582218017749e-01,6.297400132901664893e-01
6.152499999999999858e+00,6.368362772318286735e-01,6.324511033917809000e-01
6.155000000000000249e+00,6.420107867089716036e-01,6.351621934933961988e-01
6.157499999999999751e+00,6.471188063268829005e-01,6.378732835950106095e-01
6.160000000000000142e+00,6.521550813701681992e-01,6.405843736966260193e-01
6.162500000000000533e+00,6.571142923228657784e-01,6.432954637982414292e-01
6.165000000000000036e+00,6.619910651546169200e-01,6.460065538998557289e-01
6.167500000000000426e+00,6.667799822909534768e-01,6.487176440014711387e-01
6.169999999999999929e+00,6.714755942485818307e-01,6.514287341030855494e-01
6.172500000000000320e+00,6.760724319107751512e-01,6.541398242047008482e-01
6.174999999999999822e+00,6.805650194120411722e-01,6.568509143063152589e-01
6.177500000000000213e+00,6.849478875951777734e-01,6.587232930919861840e-01
6.179999999999999716e+00,6.892155879976976651e-01,6.605956718776561098e-01
6.182500000000000107e+00,6.933627073184900347e-01,6.624680506633267019e-01
6.185000000000000497e+00,6.973838823095421802e-01,6.643404294489972939e-01
6.187500000000000000e+00,7.012738150316462082e-01,6.662128082346672198e-01
6.190000000000000391e+00,7.050272884073521817e-01,6.680851870203378118e-01
6.192499999999999893e+00,7.086391819990612850e-01,6.699575658060077377e-01
6.195000000000000284e+00,7.121044879351829948e-01,6.718299445916783297e-01
6.197499999999999787e+00,7.154183269027734049e-01,6.737023233773482556e-01
6.200000000000000178e+00,7.185759641211098003e-01,6.755747021630188476e-01
6.202500000000000568e+00,7.215728252073257964e-01,6.765364641675550850e-01
6.205000000000000071e+00,7.244045118425894714e-01,6.774982261720909893e-01
6.207500000000000462e+00,7.270668171454227613e-01,6.784599881766272267e-01
6.209999999999999964e+00,7.295557406577036774e-01,6.794217501811631310e-01
6.212500000000000355e+00,7.318675028486857359e-01,6.803835121856993684e-01
6.214999999999999858e+00,7.339985590430815332e-01,6.813452741902351617e-01
6.217500000000000249e+00,7.359456126808839871e-01,6.823070361947713991e-01
6.219999999999999751e+00,7.377056278191812533e-01,6.832687981993073034e-01
6.222500000000000142e+00,7.392758407897377371e-01,6.842305602038435408e-01
6.225000000000000533e+00,7.406537709305590633e-01,6.851923222083797782e-01
6.227500000000000036e+00,7.418372303150145841e-01,6.852089853653222651e-01
6.230000000000000426e+00,7.428243324082923760e-01,6.852256485222647520e-01
6.232499999999999929e+00,7.436134995879747356e-01,6.852423116792071278e-01
6.235000000000000320e+00,7.442034694732658773e-01,6.852589748361496147e-01
6.237499999999999822e+00,7.445933000157970438e-01,6.852756379930921016e-01
6.240000000000000213e+00,7.447823733138890789e-01,6.852923011500345885e-01
6.242499999999999716e+00,7.447703981215604285e-01,6.853089643069770753e-01
6.245000000000000107e+00,7.445574110333281759e-01,6.853256274639194512e-01
6.247500000000000497e+00,7.441437763358295099e-01,6.853422906208619381e-01
6.250000000000000000e+00,7.435301845273891708e-01,6.853589537778044249e-01
6.252500000000000391e+00,7.427176495167359116e-01,6.844352042786008283e-01
6.254999999999999893e+00,7.417075045220196117e-01,6.835114547793975648e-01
6.257500000000000284e+00,7.405013967009622666e-01,6.825877052801940792e-01
6.259999999999999787e+00,7.391012805523015095e-01,6.816639557809908156e-01
6.262500000000000178e+00,7.375094101375171407e-01,6.807402062817872190e-01
6.265000000000000568e+00,7.357283301800928710e-01,6.798164567825836224e-01
6.267500000000000071e+00,7.337608661071493010e-01,6.788927072833803589e-01
6.270000000000000462e+00,7.316101131051249151e-01,6.779689577841768733e-01
6.272499999999999964e+00,7.292794242671989391e-01,6.770452082849736097e-01
6.275000000000000355e+00,7.267723979153041247e-01,6.761214587857700131e-01
6.277499999999999858e+00,7.240928641838229041e-01,6.743006583893165207e-01
6.280000000000000249e+00,7.212448709553638260e-01,6.724798579928623621e-01
6.282499999999999751e+00,7.182326692413912861e-01,6.706590575964088696e-01
6.285000000000000142e+00,7.150606981018973185e-01,6.688382571999547110e-01
6.287500000000000533e+00,7.117335691988112556e-01,6.670174568035005525e-01
6.290000000000000036e+00,7.082560510774466023e-01,6.651966564070470600e-01
6.292500000000000426e+00,7.046330532690344706e-01,6.633758560105930124e-01
6.294999999999999929e+00,7.008696103053392301e-01,6.615550556141395200e-01
6.297500000000000320e+00,6.969708657335439428e-01,6.597342552176853614e-01
6.299999999999999822e+00,6.929420562161290320e-01,6.579134548212318689e-01
6.302500000000000213e+00,6.887884957963593680e-01,6.552749500767190982e-01
6.304999999999999716e+00,6.845155604053971832e-01,6.526364453322068826e-01
6.307500000000000107e+00,6.801286726819777417e-01,6.499979405876938898e-01
6.310000000000000497e+00,6.756332871701541398e-01,6.473594358431807860e-01
6.312500000000000000e+00,6.710348759548884212e-01,6.447209310986686814e-01
6.315000000000000391e+00,6.663389147893356013e-01,6.420824263541555776e-01
6.317499999999999893e+00,6.615508697615913869e-01,6.394439216096434730e-01
6.320000000000000284e+00,6.566761845425632682e-01,6.368054168651303693e-01
6.322499999999999787e+00,6.517202682504928957e-01,6.341669121206182647e-01
6.325000000000000178e+00,6.466884839616313663e-01,6.315284073761051609e-01
6.327500000000000568e+00,6.415861378906557722e-01,6.281828206063022613e-01
6.330000000000000071e+00,6.364184692586917214e-01,6.248372338365005829e-01
6.332500000000000462e+00,6.311906408613173758e-01,6.214916470666977943e-01
6.334999999999999964e+00,6.259077303437056150e-01,6.181460602968961160e-01
6.337500000000000355e+00,6.205747221851356521e-01,6.148004735270932164e-01
6.339999999999999858e+00,6.151965003905204288e-01,6.114548867572915380e-01
6.342500000000000249e+00,6.097778418823525115e-01,6.081092999874886385e-01
6.344999999999999751e+00,6.043234105825937563e-01,6.047637132176869601e-01
6.347500000000000142e+00,5.988377521705233741e-01,6.014181264478841715e-01
6.350000000000000533e+00,5.933252894994299753e-01,5.980725396780812719e-01
6.352500000000000036e+00,5.877903186522694945e-01,5.941553507901654596e-01
6.355000000000000426e+00,5.822370056140173666e-01,5.902381619022483150e-01
6.357499999999999929e+00,5.766693835364125054e-01,5.863209730143326137e-01
6.360000000000000320e+00,5.710913505690954350e-01,5.824037841264154691e-01
6.362499999999999822e+00,5.655066682297837932e-01,5.784865952384996568e-01
6.365000000000000213e+00,5.599189602850878078e-01,5.745694063505825122e-01
6.367499999999999716e+00,5.543317121128049640e-01,5.706522174626668109e-01
6.370000000000000107e+00,5.487482705160581231e-01,5.667350285747496663e-01
6.372500000000000497e+00,5.431718439594169778e-01,5.628178396868325217e-01
6.375000000000000000e+00,5.376055031971319620e-01,5.589006507989167094e-01
6.377500000000000391e+00,5.320521822638304421e-01,5.545644886496462478e-01
6.379999999999999893e+00,5.265146797984160409e-01,5.502283265003773405e-01
6.382500000000000284e+00,5.209956606724689410e-01,5.458921643511068789e-01
6.384999999999999787e+00,5.154976578951537824e-01,5.415560022018379716e-01
6.387500000000000178e+00,5.100230747674635579e-01,5.372198400525675099e-01
6.390000000000000568e+00,5.045741872595643773e-01,5.328836779032970483e-01
6.392500000000000071e+00,4.991531465860186145e-01,5.285475157540281410e-01
6.395000000000000462e+00,4.937619819547554578e-01,5.242113536047576794e-01
6.397499999999999964e+00,4.884026034667944827e-01,5.198751914554887721e-01
6.400000000000000355e+00,4.830768051449108036e-01,5.155390293062183105e-01
6.402499999999999858e+00,4.777862680706339016e-01,5.109451739284737171e-01
6.405000000000000249e+00,4.725325636101924132e-01,5.063513185507275693e-01
6.407499999999999751e+00,4.673171567112373026e-01,5.017574631729829759e-01
6.410000000000000142e+00,4.621414092533972506e-01,4.971636077952367172e-01
6.412500000000000533e+00,4.570065834369145263e-01,4.925697524174905140e-01
6.415000000000000036e+00,4.519138451947916635e-01,4.879758970397459206e-01
6.417500000000000426e+00,4.468642676150310078e-01,4.833820416619997173e-01
6.419999999999999929e+00,4.418588343606640323e-01,4.787881862842551239e-01
6.422500000000000320e+00,4.368984430763429017e-01,4.741943309065089207e-01
6.424999999999999822e+00,4.319839087713146508e-01,4.696004755287643828e-01
6.427500000000000213e+00,4.271159671695751170e-01,4.649101218980104533e-01
6.429999999999999716e+00,4.222952780189613287e-01,4.602197682672581891e-01
6.432500000000000107e+00,4.175224283518281232e-01,4.555294146365042041e-01
6.435000000000000497e+00,4.127979356908136332e-01,4.508390610057502745e-01
6.437500000000000000e+00,4.081222511939892050e-01,4.461487073749980103e-01
6.440000000000000391e+00,4.034957627344528674e-01,4.414583537442440808e-01
6.442499999999999893e+00,3.989187979101154191e-01,4.367680001134918166e-01
6.445000000000000284e+00,3.943916269800961105e-01,4.320776464827378316e-01
6.447499999999999787e+00,3.899144657247435308e-01,4.273872928519855674e-01
6.450000000000000178e+00,3.854874782268673528e-01,4.226969392212316379e-01
6.452500000000000568e+00,3.811107795722825098e-01,4.180627851953179763e-01
6.455000000000000071e+00,3.767844384682452752e-01,4.134286311694059801e-01
6.457500000000000462e+00,3.725084797787973634e-01,4.087944771434923186e-01
6.459999999999999964e+00,3.682828869764316337e-01,4.041603231175803224e-01
6.462500000000000355e+00,3.641076045098542435e-01,3.995261690916666053e-01
6.464999999999999858e+00,3.599825400879441140e-01,3.948920150657546091e-01
6.467500000000000249e+00,3.559075668803027837e-01,3.902578610398409475e-01
6.469999999999999751e+00,3.518825256350522346e-01,3.856237070139289513e-01
6.472500000000000142e+00,3.479072267147676478e-01,3.809895529880152898e-01
6.475000000000000533e+00,3.439814520516422114e-01,3.763553989621016282e-01
6.477500000000000036e+00,3.401049570231570729e-01,3.719140927684757014e-01
6.480000000000000426e+00,3.362774722496921220e-01,3.674727865748481648e-01
6.482499999999999929e+00,3.324987053156415739e-01,3.630314803812222380e-01
6.485000000000000320e+00,3.287683424157207268e-01,3.585901741875947013e-01
6.487499999999999822e+00,3.250860499282410832e-01,3.541488679939687745e-01
6.490000000000000213e+00,3.214514759172134029e-01,3.497075618003412378e-01
6.492499999999999716e+00,3.178642515652024825e-01,3.452662556067153110e-01
6.495000000000000107e+00,3.143239925389052503e-01,3.408249494130877744e-01
6.497500000000000497e+00,3.108303002894630129e-01,3.363836432194602377e-01
6.500000000000000000e+00,3.073827632895421158e-01,3.319423370258343109e-01
6.502500000000000391e+00,3.039809582092337092e-01,3.278082541871057964e-01
6.504999999999999893e+00,3.006244510328270336e-01,3.236741713483787808e-01
6.507500000000000284e+00,2.973127981185093027e-01,3.195400885096502663e-01
6.509999999999999787e+00,2.940455472030320538e-01,3.154060056709232507e-01
6.512500000000000178e+00,2.908222383533699551e-01,3.112719228321947362e-01
6.515000000000000568e+00,2.876424048673718592e-01,3.071378399934662218e-01
6.517500000000000071e+00,2.845055741253771919e-01,3.030037571547392061e-01
6.520000000000000462e+00,2.814112683947381233e-01,2.988696743160106917e-01
6.522499999999999964e+00,2.783590055891504988e-01,2.947355914772836760e-01
6.525000000000000355e+00,2.753482999846583179e-01,2.906015086385551616e-01
6.527499999999999858e+00,2.723786628941521903e-01,2.868622284816140788e-01
6.530000000000000249e+00,2.694496033021395176e-01,2.831229483246716638e-01
6.532499999999999751e+00,2.665606284615152921e-01,2.793836681677305811e-01
6.535000000000000142e+00,2.637112444540175016e-01,2.756443880107881661e-01
6.537500000000000533e+00,2.609009567159995546e-01,2.719051078538458066e-01
6.540000000000000036e+00,2.581292705311030167e-01,2.681658276969047239e-01
6.542500000000000426e+00,2.553956914913642628e-01,2.644265475399623089e-01
6.544999999999999929e+00,2.526997259282388053e-01,2.606872673830212261e-01
6.547500000000000320e+00,2.500408813149748166e-01,2.569479872260788111e-01
6.549999999999999822e+00,2.474186666417186320e-01,2.532087070691377284e-01
6.552500000000000213e+00,2.448325927646843314e-01,2.499224318121336663e-01
6.554999999999999716e+00,2.422821727306721518e-01,2.466361565551309087e-01
6.557500000000000107e+00,2.397669220781674382e-01,2.433498812981270132e-01
6.560000000000000497e+00,2.372863591162110986e-01,2.400636060411230899e-01
6.562500000000000000e+00,2.348400051821772638e-01,2.367773307841203601e-01
6.565000000000000391e+00,2.324273848795556374e-01,2.334910555271164645e-01
6.567499999999999893e+00,2.300480262967856127e-01,2.302047802701137069e-01
6.570000000000000284e+00,2.277014612081479372e-01,2.269185050131098114e-01
6.572499999999999787e+00,2.253872252576770707e-01,2.236322297561070815e-01
6.575000000000000178e+00,2.231048581270153042e-01,2.203459544991031582e-01
6.577500000000000568e+00,2.208539036880884654e-01,2.175409687378764834e-01
6.580000000000000071e+00,2.186339101414470354e-01,2.147359829766508355e-01
6.582500000000000462e+00,2.164444301410751448e-01,2.119309972154241606e-01
6.584999999999999964e+00,2.142850209064354750e-01,2.091260114541984849e-01
6.587500000000000355e+00,2.121552443224827278e-01,2.063210256929718378e-01
6.589999999999999858e+00,2.100546670283427453e-01,2.035160399317461621e-01
6.592500000000000249e+00,2.079828604953242732e-01,2.007110541705194873e-01
6.594999999999999751e+00,2.059394010948940312e-01,1.979060684092938116e-01
6.597500000000000142e+00,2.039238701572219370e-01,1.951010826480671645e-01
6.600000000000000533e+00,2.019358540208674169e-01,1.922960968868404896e-01
6.602500000000000036e+00,1.999749440741532269e-01,1.899722133489363529e-01
6.605000000000000426e+00,1.980407367887469516e-01,1.876483298110313835e-01
6.607499999999999929e+00,1.961328337459409266e-01,1.853244462731272468e-01
6.610000000000000320e+00,1.942508416560995987e-01,1.830005627352222775e-01
6.612499999999999822e+00,1.923943723717187193e-01,1.806766791973181407e-01
6.615000000000000213e+00,1.905630428945172539e-01,1.783527956594131991e-01
6.617499999999999716e+00,1.887564753769615800e-01,1.760289121215090624e-01
6.620000000000000107e+00,1.869742971186011959e-01,1.737050285836040930e-01
6.622500000000000497e+00,1.852161405575744879e-01,1.713811450456991237e-01
6.625000000000000000e+00,1.834816432576242551e-01,1.690572615077949870e-01
6.627500000000000391e+00,1.817704478909451249e-01,1.671890523911760962e-01
6.629999999999999893e+00,1.800822022171664483e-01,1.653208432745578993e-01
6.632500000000000284e+00,1.784165590587593608e-01,1.634526341579390085e-01
6.634999999999999787e+00,1.767731762731391543e-01,1.615844250413208116e-01
6.637500000000000178e+00,1.751517167217208348e-01,1.597162159247019209e-01
6.640000000000000568e+00,1.735518482361699255e-01,1.578480068080830301e-01
6.642500000000000071e+00,1.719732435820776062e-01,1.559797976914648332e-01
6.645000000000000462e+00,1.704155804202773516e-01,1.541115885748459424e-01
6.647499999999999964e+00,1.688785412660053220e-01,1.522433794582277455e-01
6.650000000000000355e+00,1.673618134460977680e-01,1.503751703416088548e-01
6.652499999999999858e+00,1.658650890544058065e-01,1.489166544513204349e-01
6.655000000000000249e+00,1.643880649055984577e-01,1.474581385610314876e-01
6.657499999999999751e+00,1.629304424875138435e-01,1.459996226707430678e-01
6.660000000000000142e+00,1.614919279122091211e-01,1.445411067804541205e-01
6.662500000000000533e+00,1.600722318658507060e-01,1.430825908901652010e-01
6.665000000000000036e+00,1.586710695575794805e-01,1.416240749998767534e-01
6.667500000000000426e+00,1.572881606674736976e-01,1.401655591095878339e-01
6.669999999999999929e+00,1.559232292937277053e-01,1.387070432192994140e-01
6.672500000000000320e+00,1.545760038991566554e-01,1.372485273290104668e-01
6.674999999999999822e+00,1.532462172571300019e-01,1.357900114387220469e-01
6.677500000000000213e+00,1.519336063970291584e-01,1.346803664537643830e-01
6.679999999999999716e+00,1.506379125493213789e-01,1.335707214688072186e-01
6.682500000000000107e+00,1.493588810903311581e-01,1.324610764838496935e-01
6.685000000000000497e+00,1.480962614867911142e-01,1.313514314988921405e-01
6.687500000000000000e+00,1.468498072402429078e-01,1.302417865139350039e-01
6.690000000000000391e+00,1.456192758313577806e-01,1.291321415289774788e-01
6.692499999999999893e+00,1.444044286642404973e-01,1.280224965440203144e-01
6.695000000000000284e+00,1.432050310107751412e-01,1.269128515590627893e-01
6.697499999999999787e+00,1.420208519550681669e-01,1.258032065741056527e-01
6.700000000000000178e+00,1.408516643380395561e-01,1.246935615891480997e-01
6.702500000000000568e+00,1.396972447022089558e-01,1.238633665920168686e-01
6.705000000000000071e+00,1.385573732367212096e-01,1.230331715948859289e-01
6.707500000000000462e+00,1.374318337226507480e-01,1.222029765977546978e-01
6.709999999999999964e+00,1.363204134786226152e-01,1.213727816006237581e-01
6.712500000000000355e+00,1.352229033067840758e-01,1.205425866034925408e-01
6.714999999999999858e+00,1.341390974391574453e-01,1.197123916063616011e-01
6.717500000000000249e+00,1.330687934844047571e-01,1.188821966092303700e-01
6.719999999999999751e+00,1.320117923750288857e-01,1.180520016120994303e-01
6.722500000000000142e+00,1.309678983150348586e-01,1.172218066149681992e-01
6.725000000000000533e+00,1.299369187280752513e-01,1.163916116178369681e-01
6.727500000000000036e+00,1.289186642060964616e-01,1.157691027945158130e-01
6.730000000000000426e+00,1.279129484585057319e-01,1.151465939711944497e-01
6.732499999999999929e+00,1.269195882618740223e-01,1.145240851478732946e-01
6.735000000000000320e+00,1.259384034101889704e-01,1.139015763245519314e-01
6.737499999999999822e+00,1.249692166656700826e-01,1.132790675012307763e-01
6.740000000000000213e+00,1.240118537101588397e-01,1.126565586779094130e-01
6.742499999999999716e+00,1.230661430970906439e-01,1.120340498545882579e-01
6.745000000000000107e+00,1.221319162040603035e-01,1.114115410312668947e-01
6.747500000000000497e+00,1.212090071859853180e-01,1.107890322079455314e-01
6.750000000000000000e+00,1.202972529288744846e-01,1.101665233846243763e-01
6.752500000000000391e+00,1.193964930042061556e-01,1.096833671344985550e-01
6.754999999999999893e+00,1.185065696239206018e-01,1.092002108843729141e-01
6.757500000000000284e+00,1.176273275960282860e-01,1.087170546342471067e-01
6.759999999999999787e+00,1.167586142808379052e-01,1.082338983841214658e-01
6.762500000000000178e+00,1.159002795478030479e-01,1.077507421339956445e-01
6.765000000000000568e+00,1.150521757329905775e-01,1.072675858838698232e-01
6.767500000000000071e+00,1.142141575971686723e-01,1.067844296337441823e-01
6.770000000000000462e+00,1.133860822845140781e-01,1.063012733836183749e-01
6.772499999999999964e+00,1.125678092819379500e-01,1.058181171334927340e-01
6.775000000000000355e+00,1.117592003790266048e-01,1.053349608833669127e-01
6.777499999999999858e+00,1.109601196285969205e-01,1.049311111560091297e-01
6.780000000000000249e+00,1.101704333078608739e-01,1.045272614286511942e-01
6.782499999999999751e+00,1.093900098801975918e-01,1.041234117012934113e-01
6.785000000000000142e+00,1.086187199575279760e-01,1.037195619739354896e-01
6.787500000000000533e+00,1.078564362632888629e-01,1.033157122465775540e-01
6.790000000000000036e+00,1.071030335960006658e-01,1.029118625192197711e-01
6.792500000000000426e+00,1.063583887934239636e-01,1.025080127918618356e-01
6.794999999999999929e+00,1.056223806973013990e-01,1.021041630645040527e-01
6.797500000000000320e+00,1.048948901186771837e-01,1.017003133371461310e-01
6.799999999999999822e+00,1.041757998037902144e-01,1.012964636097883342e-01
6.802500000000000213e+00,1.034649944005336802e-01,1.009237681060117797e-01
6.804999999999999716e+00,1.027623604254765677e-01,1.005510726022353779e-01
6.807500000000000107e+00,1.020677862314393614e-01,1.001783770984588234e-01
6.810000000000000497e+00,1.013811619756186805e-01,9.980568159468228284e-02
6.812500000000000000e+00,1.007023795882533990e-01,9.943298609090586715e-02
6.815000000000000391e+00,1.000313327418264897e-01,9.906029058712932656e-02
6.817499999999999893e+00,9.936791682079512689e-02,9.868759508335291086e-02
6.820000000000000284e+00,9.871202889184323148e-02,9.831489957957637027e-02
6.822499999999999787e+00,9.806356767464798063e-02,9.794220407579995458e-02
6.825000000000000178e+00,9.742243351315513222e-02,9.756950857202341398e-02
6.827500000000000568e+00,9.678852834735519883e-02,9.719385237394936872e-02
6.830000000000000071e+00,9.616175568555331010e-02,9.681819617587547611e-02
6.832500000000000462e+00,9.554202057712646301e-02,9.644253997780143084e-02
6.834999999999999964e+00,9.492922958576008319e-02,9.606688377972752435e-02
6.837500000000000355e+00,9.432329076315829064e-02,9.569122758165349296e-02
6.839999999999999858e+00,9.372411362321930728e-02,9.531557138357958647e-02
6.842500000000000249e+00,9.313160911666970576e-02,9.493991518550554121e-02
6.844999999999999751e+00,9.254568960615057460e-02,9.456425898743163472e-02
6.847500000000000142e+00,9.196626884174845251e-02,9.418860278935760333e-02
6.850000000000000533e+00,9.139326193696344081e-02,9.381294659128355806e-02
6.852500000000000036e+00,9.082658534510890114e-02,9.341486041374807980e-02
6.855000000000000426e+00,9.026615683613435637e-02,9.301677423621244889e-02
6.857499999999999929e+00,8.971189547386612673e-02,9.261868805867697063e-02
6.860000000000000320e+00,8.916372159365715255e-02,9.222060188114133972e-02
6.862499999999999822e+00,8.862155678044138229e-02,9.182251570360586146e-02
6.865000000000000213e+00,8.808532384718426034e-02,9.142442952607023055e-02
6.867499999999999716e+00,8.755494681372372190e-02,9.102634334853475229e-02
6.870000000000000107e+00,8.703035088599443692e-02,9.062825717099912137e-02
6.872500000000000497e+00,8.651146243562901628e-02,9.023017099346349046e-02
6.875000000000000000e+00,8.599820897993049051e-02,8.983208481592801220e-02
6.877500000000000391e+00,8.549051916220824776e-02,8.940588578292234245e-02
6.879999999999999893e+00,8.498832273247250435e-02,8.897968674991681148e-02
6.882500000000000284e+00,8.449155052848002223e-02,8.855348771691114174e-02
6.884999999999999787e+00,8.400013445712571636e-02,8.812728868390562464e-02
6.887500000000000178e+00,8.351400747617375442e-02,8.770108965089995490e-02
6.890000000000000568e+00,8.303310357632197325e-02,8.727489061789427127e-02
6.892500000000000071e+00,8.255735776359404698e-02,8.684869158488875418e-02
6.895000000000000462e+00,8.208670604205325905e-02,8.642249255188308443e-02
6.897499999999999964e+00,8.162108539683267383e-02,8.599629351887755346e-02
6.900000000000000355e+00,8.116043377747522714e-02,8.557009448587188372e-02
6.902499999999999858e+00,8.070469008157865609e-02,8.512175747404528148e-02
6.905000000000000249e+00,8.025379413873956480e-02,8.467342046221852658e-02
6.907499999999999751e+00,7.980768669479204602e-02,8.422508345039192434e-02
6.910000000000000142e+00,7.936630939633364246e-02,8.377674643856516945e-02
6.912500000000000533e+00,7.892960477553520593e-02,8.332840942673841456e-02
6.915000000000000036e+00,7.849751623522843724e-02,8.288007241491181232e-02
6.917500000000000426e+00,7.806998803426705436e-02,8.243173540308504355e-02
6.919999999999999929e+00,7.764696527315492758e-02,8.198339839125845518e-02
6.922500000000000320e+00,7.722839387993761517e-02,8.153506137943168641e-02
6.924999999999999822e+00,7.681422059635185928e-02,8.108672436760508417e-02
6.927500000000000213e+00,7.640439296422894822e-02,8.063078998567159428e-02
6.929999999999999716e+00,7.599885931214604706e-02,8.017485560373824316e-02
6.932500000000000107e+00,7.559756874232143042e-02,7.971892122180473939e-02
6.935000000000000497e+00,7.520047111775010618e-02,7.926298683987123561e-02
6.937500000000000000e+00,7.480751704957325221e-02,7.880705245793788449e-02
6.940000000000000391e+00,7.441865788467963427e-02,7.835111807600438072e-02
6.942499999999999893e+00,7.403384569353160805e-02,7.789518369407104348e-02
6.945000000000000284e+00,7.365303325821459524e-02,7.743924931213753970e-02
6.947499999999999787e+00,7.327617406070412176e-02,7.698331493020418859e-02
6.950000000000000178e+00,7.290322227134639343e-02,7.652738054827068481e-02
6.952500000000000568e+00,7.253413273754852342e-02,7.608328234963399050e-02
6.955000000000000071e+00,7.216886097267512234e-02,7.563918415099746273e-02
6.957500000000000462e+00,7.180736314514679641e-02,7.519508595236076842e-02
6.959999999999999964e+00,7.144959606773620964e-02,7.475098775372424065e-02
6.962500000000000355e+00,7.109551718705929557e-02,7.430688955508754634e-02
6.964999999999999858e+00,7.074508457325690003e-02,7.386279135645101857e-02
6.967500000000000249e+00,7.039825690986352413e-02,7.341869315781432426e-02
6.969999999999999751e+00,7.005499348385990643e-02,7.297459495917779648e-02
6.972500000000000142e+00,6.971525417590569706e-02,7.253049676054110217e-02
6.975000000000000533e+00,6.937899945074903207e-02,7.208639856190440787e-02
6.977500000000000036e+00,6.904619034780878906e-02,7.167463071699105293e-02
6.980000000000000426e+00,6.871678847192852491e-02,7.126286287207755921e-02
6.982499999999999929e+00,6.839075598429521230e-02,7.085109502716421814e-02
6.985000000000000320e+00,6.806805559352427371e-02,7.043932718225072442e-02
6.987499999999999822e+00,6.774865054690283606e-02,7.002755933733736948e-02
6.990000000000000213e+00,6.743250462179253835e-02,6.961579149242387576e-02
6.992499999999999716e+00,6.711958211718523082e-02,6.920402364751053470e-02
6.995000000000000107e+00,6.680984784541274535e-02,6.879225580259704098e-02
6.997500000000000497e+00,6.650326712400278506e-02,6.838048795768354726e-02
7.000000000000000000e+00,6.619980576768332015e-02,6.796872011277019232e-02
7.002500000000000391e+00,6.589943008052845386e-02,6.760726462463008402e-02
7.004999999999999893e+00,6.560210684824625826e-02,6.724580913649008673e-02
7.007500000000000284e+00,6.530780333060323684e-02,6.688435364834997843e-02
7.009999999999999787e+00,6.501648725398549711e-02,6.652289816020999502e-02
7.012500000000000178e+00,6.472812680409163744e-02,6.616144267206988672e-02
7.015000000000000568e+00,6.444269061875609883e-02,6.579998718392976453e-02
7.017500000000000071e+00,6.416014778090105286e-02,6.543853169578978113e-02
7.020000000000000462e+00,6.388046781161266230e-02,6.507707620764967282e-02
7.022499999999999964e+00,6.360362066334131204e-02,6.471562071950967554e-02
7.025000000000000355e+00,6.332957671322171633e-02,6.435416523136956723e-02
7.027499999999999858e+00,6.305830675651240280e-02,6.405555572641204176e-02
7.030000000000000249e+00,6.278978200015078448e-02,6.375694622145439139e-02
7.032499999999999751e+00,6.252397405642245998e-02,6.345833671649686591e-02
7.035000000000000142e+00,6.226085493674237553e-02,6.315972721153922942e-02
7.037500000000000533e+00,6.200039704554631548e-02,6.286111770658159292e-02
7.040000000000000036e+00,6.174257317428945985e-02,6.256250820162405357e-02
7.042500000000000426e+00,6.148735649555076010e-02,6.226389869666641708e-02
7.044999999999999929e+00,6.123472055724184931e-02,6.196528919170888466e-02
7.047500000000000320e+00,6.098463927691704506e-02,6.166667968675124817e-02
7.049999999999999822e+00,6.073708693618320303e-02,6.136807018179371576e-02
7.052500000000000213e+00,6.049203817520860949e-02,6.113739181275168466e-02
7.054999999999999716e+00,6.024946798732685321e-02,6.090671344370975765e-02
7.057500000000000107e+00,6.000935171373607269e-02,6.067603507466774737e-02
7.060000000000000497e+00,5.977166503829069860e-02,6.044535670562574403e-02
7.062500000000000000e+00,5.953638398238396412e-02,6.021467833658381702e-02
7.065000000000000391e+00,5.930348489991959376e-02,5.998399996754180674e-02
7.067499999999999893e+00,5.907294447237211588e-02,5.975332159849987973e-02
7.070000000000000284e+00,5.884473970393170467e-02,5.952264322945787639e-02
7.072499999999999787e+00,5.861884791673499517e-02,5.929196486041594938e-02
7.075000000000000178e+00,5.839524674617709715e-02,5.906128649137393910e-02
7.077500000000000568e+00,5.817391413630701447e-02,5.889530613474881077e-02
7.080000000000000071e+00,5.795482833530080091e-02,5.872932577812374488e-02
7.082500000000000462e+00,5.773796789101484639e-02,5.856334542149861655e-02
7.084999999999999964e+00,5.752331164661485252e-02,5.839736506487354373e-02
7.087500000000000355e+00,5.731083873628139286e-02,5.823138470824841539e-02
7.089999999999999858e+00,5.710052858098851186e-02,5.806540435162334951e-02
7.092500000000000249e+00,5.689236088435646599e-02,5.789942399499822118e-02
7.094999999999999751e+00,5.668631562857461004e-02,5.773344363837315529e-02
7.097500000000000142e+00,5.648237307039542798e-02,5.756746328174802696e-02
7.100000000000000533e+00,5.628051373719712008e-02,5.740148292512289863e-02
7.102500000000000036e+00,5.608071842311368460e-02,5.728898057159514945e-02
7.105000000000000426e+00,5.588296818523152965e-02,5.717647821806735864e-02
7.107499999999999929e+00,5.568724433985186573e-02,5.706397586453960946e-02
7.110000000000000320e+00,5.549352845881604795e-02,5.695147351101182559e-02
7.112499999999999822e+00,5.530180236589470055e-02,5.683897115748407641e-02
7.115000000000000213e+00,5.511204813323825058e-02,5.672646880395628560e-02
7.117499999999999716e+00,5.492424807788823249e-02,5.661396645042853643e-02
7.120000000000000107e+00,5.473838475834817696e-02,5.650146409690075255e-02
7.122500000000000497e+00,5.455444097121248115e-02,5.638896174337296174e-02
7.125000000000000000e+00,5.437239974785375296e-02,5.627645938984521257e-02
7.127500000000000391e+00,5.419224435116550692e-02,5.619970171946384735e-02
7.129999999999999893e+00,5.401395827236109282e-02,5.612294404908250295e-02
7.132500000000000284e+00,5.383752522782657424e-02,5.604618637870113773e-02
7.134999999999999787e+00,5.366292915602711988e-02,5.596942870831979333e-02
7.137500000000000178e+00,5.349015421446617208e-02,5.589267103793842811e-02
7.140000000000000568e+00,5.331918477669609496e-02,5.581591336755706290e-02
7.142500000000000071e+00,5.315000542937944189e-02,5.573915569717571850e-02
7.145000000000000462e+00,5.298260096939973185e-02,5.566239802679435328e-02
7.147499999999999964e+00,5.281695640102199163e-02,5.558564035641300888e-02
7.150000000000000355e+00,5.265305693310057267e-02,5.550888268603164366e-02
7.152499999999999858e+00,5.249088797633415238e-02,5.544605489557261069e-02
7.155000000000000249e+00,5.233043514056779505e-02,5.538322710511355690e-02
7.157499999999999751e+00,5.217168423214026129e-02,5.532039931465452393e-02
7.160000000000000142e+00,5.201462125127583741e-02,5.525757152419547014e-02
7.162500000000000533e+00,5.185923238952021980e-02,5.519474373373641635e-02
7.165000000000000036e+00,5.170550402722041278e-02,5.513191594327738337e-02
7.167500000000000426e+00,5.155342273104617651e-02,5.506908815281832958e-02
7.169999999999999929e+00,5.140297525155371888e-02,5.500626036235929661e-02
7.172500000000000320e+00,5.125414852079054895e-02,5.494343257190024282e-02
7.174999999999999822e+00,5.110692964994031917e-02,5.488060478144120985e-02
7.177500000000000213e+00,5.096130592700751777e-02,5.480890767971999256e-02
7.179999999999999716e+00,5.081726481454156008e-02,5.473721057799879608e-02
7.182500000000000107e+00,5.067479394739819731e-02,5.466551347627757879e-02
7.185000000000000497e+00,5.053388113053984554e-02,5.459381637455636149e-02
7.187500000000000000e+00,5.039451433687196225e-02,5.452211927283516502e-02
7.190000000000000391e+00,5.025668170511637250e-02,5.445042217111394078e-02
7.192499999999999893e+00,5.012037153772029574e-02,5.437872506939275125e-02
7.195000000000000284e+00,4.998557229880017105e-02,5.430702796767152701e-02
7.197499999999999787e+00,4.985227261212122479e-02,5.423533086595033054e-02
7.200000000000000178e+00,4.972046125910936643e-02,5.416363376422911324e-02
7.202500000000000568e+00,4.959012717689824379e-02,5.406266933815721126e-02
7.205000000000000071e+00,4.946125945640798827e-02,5.396170491208534398e-02
7.207500000000000462e+00,4.933384734045720421e-02,5.386074048601343506e-02
7.209999999999999964e+00,4.920788022190602379e-02,5.375977605994156777e-02
7.212500000000000355e+00,4.908334764183124033e-02,5.365881163386966579e-02
7.214999999999999858e+00,4.896023928773143158e-02,5.355784720779779851e-02
7.217500000000000249e+00,4.883854499176325248e-02,5.345688278172589653e-02
7.219999999999999751e+00,4.871825472900684351e-02,5.335591835565402924e-02
7.222500000000000142e+00,4.859935861576087507e-02,5.325495392958212032e-02
7.225000000000000533e+00,4.848184690786620787e-02,5.315398950351021834e-02
7.227500000000000036e+00,4.836570999905857177e-02,5.300900696708701898e-02
7.230000000000000426e+00,4.825093841934816746e-02,5.286402443066377105e-02
7.232499999999999929e+00,4.813752283342780797e-02,5.271904189424057863e-02
7.235000000000000320e+00,4.802545403910687960e-02,5.257405935781732376e-02
7.237499999999999822e+00,4.791472296577360679e-02,5.242907682139413134e-02
7.240000000000000213e+00,4.780532067288168624e-02,5.228409428497088340e-02
7.242499999999999716e+00,4.769723834846392729e-02,5.213911174854768404e-02
7.245000000000000107e+00,4.759046730767079597e-02,5.199412921212443611e-02
7.247500000000000497e+00,4.748499899133409863e-02,5.184914667570118818e-02
7.250000000000000000e+00,4.738082496455517378e-02,5.170416413927798882e-02
7.252500000000000391e+00,4.727793691531727294e-02,5.150872533535615777e-02
7.254999999999999893e+00,4.717632665312179729e-02,5.131328653143438917e-02
7.257500000000000284e+00,4.707598610764799490e-02,5.111784772751255812e-02
7.259999999999999787e+00,4.697690732743594472e-02,5.092240892359078952e-02
7.262500000000000178e+00,4.687908247859199490e-02,5.072697011966895847e-02
7.265000000000000568e+00,4.678250384351669705e-02,5.053153131574712742e-02
7.267500000000000071e+00,4.668716381965520162e-02,5.033609251182535882e-02
7.270000000000000462e+00,4.659305491826868512e-02,5.014065370790352777e-02
7.272499999999999964e+00,4.650016976322787071e-02,4.994521490398175917e-02
7.275000000000000355e+00,4.640850108982697703e-02,4.974977610005992812e-02
7.277499999999999858e+00,4.631804174361958681e-02,4.950742800912552588e-02
7.280000000000000249e+00,4.622878467927343804e-02,4.926507991819104038e-02
7.282499999999999751e+00,4.614072295944654512e-02,4.902273182725663814e-02
7.285000000000000142e+00,4.605384975368286699e-02,4.878038373632215263e-02
7.287500000000000533e+00,4.596815833732773721e-02,4.853803564538766713e-02
7.290000000000000036e+00,4.588364209046203596e-02,4.829568755445326489e-02
7.292500000000000426e+00,4.580029449685615872e-02,4.805333946351877245e-02
7.294999999999999929e+00,4.571810914294237999e-02,4.781099137258437715e-02
7.297500000000000320e+00,4.563707971680549397e-02,4.756864328164988470e-02
7.299999999999999822e+00,4.555720000719225282e-02,4.732629519071548246e-02
7.302500000000000213e+00,4.547846390253833249e-02,4.705091159732840284e-02
7.304999999999999716e+00,4.540086539001311761e-02,4.677552800394140647e-02
7.307500000000000107e+00,4.532439855458233330e-02,4.650014441055431297e-02
7.310000000000000497e+00,4.524905757808738577e-02,4.622476081716721946e-02
7.312500000000000000e+00,4.517483673834232771e-02,4.594937722378023004e-02
7.315000000000000391e+00,4.510173040824666524e-02,4.567399363039313653e-02
7.317499999999999893e+00,4.502973305491616424e-02,4.539861003700614017e-02
7.320000000000000284e+00,4.495883923882855460e-02,4.512322644361904667e-02
7.322499999999999787e+00,4.488904361298622775e-02,4.484784285023205030e-02
7.325000000000000178e+00,4.482034092209451898e-02,4.457245925684495680e-02
7.327500000000000568e+00,4.475272600175624060e-02,4.428703687710841552e-02
7.330000000000000071e+00,4.468619377768050238e-02,4.400161449737197139e-02
7.332500000000000462e+00,4.462073926490837950e-02,4.371619211763543011e-02
7.334999999999999964e+00,4.455635756705237510e-02,4.343076973789898598e-02
7.337500000000000355e+00,4.449304387555188395e-02,4.314534735816244471e-02
7.339999999999999858e+00,4.443079346894247827e-02,4.285992497842600057e-02
7.342500000000000249e+00,4.436960171214033438e-02,4.257450259868945236e-02
7.344999999999999751e+00,4.430946405574086311e-02,4.228908021895301517e-02
7.347500000000000142e+00,4.425037603533182179e-02,4.200365783921646695e-02
7.350000000000000533e+00,4.419233327081957541e-02,4.171823545947992568e-02
7.352500000000000036e+00,4.413533146577068578e-02,4.145210547155159936e-02
7.355000000000000426e+00,4.407936640676556744e-02,4.118597548362318284e-02
7.357499999999999929e+00,4.402443396276720794e-02,4.091984549569485652e-02
7.360000000000000320e+00,4.397053008450223233e-02,4.065371550776643306e-02
7.362499999999999822e+00,4.391765080385561654e-02,4.038758551983810674e-02
7.365000000000000213e+00,4.386579223327841809e-02,4.012145553190969022e-02
7.367499999999999716e+00,4.381495056520884335e-02,3.985532554398136390e-02
7.370000000000000107e+00,4.376512207150538847e-02,3.958919555605294044e-02
7.372500000000000497e+00,4.371630310289307403e-02,3.932306556812452392e-02
7.375000000000000000e+00,4.366849008842262070e-02,3.905693558019619760e-02
7.377500000000000391e+00,4.362167953494099082e-02,3.884158011266244243e-02
7.379999999999999893e+00,4.357586802657545388e-02,3.862622464512876358e-02
7.382500000000000284e+00,4.353105222422878895e-02,3.841086917759500841e-02
7.384999999999999787e+00,4.348722886508686603e-02,3.819551371006132956e-02
7.387500000000000178e+00,4.344439476213875218e-02,3.798015824252758132e-02
7.390000000000000568e+00,4.340254680370728146e-02,3.776480277499382615e-02
7.392500000000000071e+00,4.336168195299277411e-02,3.754944730746014731e-02
7.395000000000000462e+00,4.332179724762705991e-02,3.733409183992639213e-02
7.397499999999999964e+00,4.328288979924032470e-02,3.711873637239271329e-02
7.400000000000000355e+00,4.324495679303794193e-02,3.690338090485895811e-02
7.402499999999999858e+00,4.320799548738916973e-02,3.676731654970826629e-02
7.405000000000000249e+00,4.317200321342738040e-02,3.663125219455752590e-02
7.407499999999999751e+00,4.313697737466117704e-02,3.649518783940683408e-02
7.410000000000000142e+00,4.310291544659580060e-02,3.635912348425609369e-02
7.412500000000000533e+00,4.306981497636626355e-02,3.622305912910535330e-02
7.415000000000000036e+00,4.303767358238114182e-02,3.608699477395466843e-02
7.417500000000000426e+00,4.300648895397660848e-02,3.595093041880392803e-02
7.419999999999999929e+00,4.297625885108175697e-02,3.581486606365323622e-02
7.422500000000000320e+00,4.294698110389381929e-02,3.567880170850249583e-02
7.424999999999999822e+00,4.291865361256460426e-02,3.554273735335180401e-02
7.427500000000000213e+00,4.289127434689668505e-02,3.550621398745194141e-02
7.429999999999999716e+00,4.286484134605013374e-02,3.546969062155212737e-02
7.432500000000000107e+00,4.283935271825992097e-02,3.543316725565229947e-02
7.435000000000000497e+00,4.281480664056255131e-02,3.539664388975247156e-02
7.437500000000000000e+00,4.279120135853441143e-02,3.536012052385265753e-02
7.440000000000000391e+00,4.276853518603821597e-02,3.532359715795282962e-02
7.442499999999999893e+00,4.274680650498106221e-02,3.528707379205301559e-02
7.445000000000000284e+00,4.272601376508172039e-02,3.525055042615318768e-02
7.447499999999999787e+00,4.270615548364819353e-02,3.521402706025337365e-02
7.450000000000000178e+00,4.268723024536465183e-02,3.517750369435354574e-02
7.452500000000000568e+00,4.266923670208826874e-02,3.524800283325770639e-02
7.455000000000000071e+00,4.265217357265655568e-02,3.531850197216184623e-02
7.457500000000000462e+00,4.263603964270342578e-02,3.538900111106600688e-02
7.459999999999999964e+00,4.262083376448538158e-02,3.545950024997013977e-02
7.462500000000000355e+00,4.260655485671709791e-02,3.552999938887430043e-02
7.464999999999999858e+00,4.259320190441707316e-02,3.560049852777844026e-02
7.467500000000000249e+00,4.258077395876268267e-02,3.567099766668260091e-02
7.469999999999999751e+00,4.256927013695396139e-02,3.574149680558674075e-02
7.472500000000000142e+00,4.255868962208803064e-02,3.581199594449090140e-02
7.475000000000000533e+00,4.254903166304221246e-02,3.588249508339506205e-02
7.477500000000000036e+00,4.254029557436721926e-02,3.605209663509185286e-02
7.480000000000000426e+00,4.253248073618868391e-02,3.622169818678870612e-02
7.482499999999999929e+00,4.252558659411938974e-02,3.639129973848549693e-02
7.485000000000000320e+00,4.251961265917955646e-02,3.656090129018235019e-02
7.487499999999999822e+00,4.251455850772789535e-02,3.673050284187914793e-02
7.490000000000000213e+00,4.251042378140073436e-02,3.690010439357600119e-02
7.492499999999999716e+00,4.250720818706085757e-02,3.706970594527279200e-02
7.495000000000000107e+00,4.250491149675616337e-02,3.723930749696964526e-02
7.497500000000000497e+00,4.250353354768676012e-02,3.740890904866649852e-02
