frequency_offset_GHz,known_incident_density,noisy_convolved_intensity,Wiener_recovered_density
-7.500000000000000000e+00,3.811698082839402087e-04,2.360027535305017111e-03,-2.127382085441512896e-04
-7.495000000000000107e+00,3.811623797902976207e-04,3.951102377467563889e-03,-9.746142594882344079e-03
-7.490000000000000213e+00,3.811558316762572599e-04,4.249303567992176144e-03,-1.919074521077123591e-02
-7.485000000000000320e+00,3.811501638800516949e-04,3.260679610800689375e-03,-2.843946866954953981e-02
-7.480000000000000426e+00,3.811453763473221187e-04,2.706506578691016129e-03,-3.738605340822904327e-02
-7.475000000000000533e+00,3.811414690333655747e-04,3.330272287986324464e-03,-4.592551157317002058e-02
-7.469999999999999751e+00,3.811384419010073184e-04,1.775932355243165428e-03,-5.395466365488613136e-02
-7.464999999999999858e+00,3.811362949217693159e-04,3.427602018671231741e-03,-6.137279401944151919e-02
-7.459999999999999964e+00,3.811350280751584657e-04,3.090526103908260158e-03,-6.808245293735730452e-02
-7.455000000000000071e+00,3.811346413490210240e-04,4.475424329588919073e-03,-7.399042213162972115e-02
-7.450000000000000178e+00,3.811351347400313634e-04,2.268843128685422116e-03,-7.900884887032605386e-02
-7.445000000000000284e+00,3.811365082528496559e-04,3.752966837673633524e-03,-8.305654090066176554e-02
-7.440000000000000391e+00,3.811387618999570199e-04,3.892484544750691913e-03,-8.606040176647351825e-02
-7.435000000000000497e+00,3.811418957031786621e-04,7.669807696396241728e-04,-8.795697396236430710e-02
-7.429999999999999716e+00,3.811459096920716684e-04,2.227035277320815222e-03,-8.869404659614153752e-02
-7.424999999999999822e+00,3.811508039046640505e-04,2.195305299362077488e-03,-8.823227531127068868e-02
-7.419999999999999929e+00,3.811565783872940673e-04,3.730686436080112977e-03,-8.654675560698354975e-02
-7.415000000000000036e+00,3.811632331944221695e-04,5.212470304155995826e-03,-8.362848670218639424e-02
-7.410000000000000142e+00,3.811707683891058808e-04,1.540768363022917585e-03,-7.948566189063921428e-02
-7.405000000000000249e+00,3.811791840427758557e-04,1.942496590382206166e-03,-7.414472296380718308e-02
-7.400000000000000355e+00,3.811884802350298806e-04,2.358039351371955545e-03,-6.765112062770646528e-02
-7.395000000000000462e+00,3.811986570539760248e-04,2.793445069810451126e-03,-6.006972968158964810e-02
-7.390000000000000568e+00,3.812097145959428323e-04,2.983317899461425133e-03,-5.148487673241799317e-02
-7.384999999999999787e+00,3.812216529653136561e-04,2.384686173460002015e-03,-4.199994897434031899e-02
-7.379999999999999893e+00,3.812344722754087110e-04,2.244802727139570946e-03,-3.173656460915418032e-02
-7.375000000000000000e+00,3.812481726475427934e-04,1.737508531863707177e-03,-2.083329833412101914e-02
-7.370000000000000107e+00,3.812627542115423914e-04,4.446993790107187788e-03,-9.443968491213107150e-03
-7.365000000000000213e+00,3.812782171051291532e-04,4.240961161525580794e-03,2.264494497896625547e-03
-7.360000000000000320e+00,3.812945614752151296e-04,2.182115684774111643e-03,1.411456631470255768e-02
-7.355000000000000426e+00,3.813117874763319814e-04,2.987649838052672605e-03,2.592098988908842633e-02
-7.350000000000000533e+00,3.813298952714184358e-04,3.144989036722666085e-03,3.749392549902236943e-02
-7.344999999999999751e+00,3.813488850321974802e-04,3.269986811348764549e-03,4.864232690270062914e-02
-7.339999999999999858e+00,3.813687569388090346e-04,3.240161757849473797e-03,5.917747326701052607e-02
-7.334999999999999964e+00,3.813895111790012991e-04,2.958508855426929696e-03,6.891658105506467957e-02
-7.330000000000000071e+00,3.814111479500097309e-04,2.654503111562079350e-03,7.768641621567896893e-02
-7.325000000000000178e+00,3.814336674564777611e-04,2.398644541634685143e-03,8.532682500813737470e-02
-7.320000000000000284e+00,3.814570699117892250e-04,2.878751486900955458e-03,9.169410161086430366e-02
-7.315000000000000391e+00,3.814813555375813387e-04,3.513231304846141292e-03,9.666411229365909352e-02
-7.310000000000000497e+00,3.815065245644262823e-04,3.793791797748336490e-03,1.001350993665572897e-01
-7.304999999999999716e+00,3.815325772303613475e-04,2.157637828492738399e-03,1.020300933287190265e-01
-7.299999999999999822e+00,3.815595137828658176e-04,3.310525553582471022e-03,1.022988685915613150e-01
-7.294999999999999929e+00,3.815873344770795146e-04,2.611693192571191632e-03,1.009193867896298058e-01
-7.290000000000000036e+00,3.816160395768526323e-04,2.832133677227678149e-03,9.789868193811043784e-02
-7.285000000000000142e+00,3.816456293544222104e-04,4.044282548157595442e-03,9.327315343639164258e-02
-7.280000000000000249e+00,3.816761040902892947e-04,2.703736696020780927e-03,8.710824598778076078e-02
-7.275000000000000355e+00,3.817074640736986416e-04,3.210462691844085791e-03,7.949750969714698690e-02
-7.270000000000000462e+00,3.817397096020233257e-04,3.805401792045138600e-03,7.056104864410735200e-02
-7.265000000000000568e+00,3.817728409812217306e-04,3.986241450707886554e-03,6.044338177737724332e-02
-7.259999999999999787e+00,3.818068585258090346e-04,2.333248822227268048e-03,4.931075564039417297e-02
-7.254999999999999893e+00,3.818417625583164646e-04,2.142644243596389993e-03,3.734796377352760099e-02
-7.250000000000000000e+00,3.818775534103660118e-04,2.271139113346658592e-03,2.475474215548185281e-02
-7.245000000000000107e+00,3.819142314217994919e-04,3.467291455098353917e-03,1.174182323161118355e-02
-7.240000000000000213e+00,3.819517969406154988e-04,2.791631251405691551e-03,-1.473257590668424714e-03
-7.235000000000000320e+00,3.819902503235046210e-04,3.077473321219492252e-03,-1.467050012552403859e-02
-7.230000000000000426e+00,3.820295919361004888e-04,2.633854009653614422e-03,-2.763181326466665477e-02
-7.225000000000000533e+00,3.820698221515415795e-04,2.549549564859740491e-03,-4.014531256786870589e-02
-7.219999999999999751e+00,3.821109413525264863e-04,2.263982519418225332e-03,-5.200943024488210303e-02
-7.214999999999999858e+00,3.821529499293727073e-04,2.669685959538744668e-03,-6.303673049627070424e-02
-7.209999999999999964e+00,3.821958482816883778e-04,3.681758245524203652e-03,-7.305733125846268494e-02
-7.205000000000000071e+00,3.822396368172089210e-04,2.516441045516327156e-03,-8.192184513828586201e-02
-7.200000000000000178e+00,3.822843159522454739e-04,2.530295847621330009e-03,-8.950376745475201179e-02
-7.195000000000000284e+00,3.823298861115002477e-04,2.323773116753147846e-03,-9.570125738673100624e-02
-7.190000000000000391e+00,3.823763477286651704e-04,3.062236640565633820e-03,-1.004382786498251579e-01
-7.185000000000000497e+00,3.824237012452978940e-04,2.317326764360823528e-03,-1.036650881353959469e-01
-7.179999999999999716e+00,3.824719471126130591e-04,7.663746566172486424e-04,-1.053580836589286113e-01
-7.174999999999999822e+00,3.825210857890899490e-04,1.528387767013038995e-03,-1.055190444140803180e-01
-7.169999999999999929e+00,3.825711177429028369e-04,2.434257902983425013e-03,-1.041738188986097713e-01
-7.165000000000000036e+00,3.826220434503227095e-04,1.859291202345121673e-03,-1.013705339686253315e-01
-7.160000000000000142e+00,3.826738633961421655e-04,2.582836684396988547e-03,-9.717741434374628506e-02
-7.155000000000000249e+00,3.827265780740617173e-04,3.843714582244147238e-03,-9.168031351884467495e-02
-7.150000000000000355e+00,3.827801879863550975e-04,3.598764943911357452e-03,-8.498006399049851112e-02
-7.145000000000000462e+00,3.828346936435286568e-04,2.428809444421400378e-03,-7.718975656584130263e-02
-7.140000000000000568e+00,3.828900955656774300e-04,4.087177257472192002e-03,-6.843205512345999775e-02
-7.134999999999999787e+00,3.829463942801742673e-04,1.864904646712284763e-03,-5.883664465885844047e-02
-7.129999999999999893e+00,3.830035903246554563e-04,4.064803668836502321e-03,-4.853789716702266305e-02
-7.125000000000000000e+00,3.830616842442552471e-04,4.097004874466072047e-03,-3.767282255965748172e-02
-7.120000000000000107e+00,3.831206765932277107e-04,3.123114747575997385e-03,-2.637935128239448160e-02
-7.115000000000000213e+00,3.831805679344383025e-04,4.104736487216214744e-03,-1.479497268313413778e-02
-7.110000000000000320e+00,3.832413588397012112e-04,2.881178212386332343e-03,-3.055729706755300635e-03
-7.105000000000000426e+00,3.833030498892724949e-04,2.153515767731041877e-03,8.704452563176194591e-03
-7.100000000000000533e+00,3.833656416724611914e-04,1.759651771500773737e-03,2.035414835019492760e-02
-7.094999999999999751e+00,3.834291347868324837e-04,2.277646593764267712e-03,3.176458491797087835e-02
-7.089999999999999858e+00,3.834935298394332825e-04,4.849351750719793630e-03,4.280964542137394302e-02
-7.084999999999999964e+00,3.835588274455507059e-04,1.808858589332417929e-03,5.336580746378736390e-02
-7.080000000000000071e+00,3.836250282292884414e-04,4.294498848909580543e-03,6.331210835375654378e-02
-7.075000000000000178e+00,3.836921328239108718e-04,2.670029462646709983e-03,7.253022680313839232e-02
-7.070000000000000284e+00,3.837601418710154494e-04,3.380588645199143587e-03,8.090476390947276553e-02
-7.065000000000000391e+00,3.838290560215270718e-04,2.996152416707557973e-03,8.832379401954418285e-02
-7.060000000000000497e+00,3.838988759349681434e-04,3.789471482297473645e-03,9.467973906543693252e-02
-7.054999999999999716e+00,3.839696022794954916e-04,2.131663175170953051e-03,9.987059904750542061e-02
-7.049999999999999822e+00,3.840412357328842809e-04,2.137955551214666336e-03,1.038015475546308075e-01
-7.044999999999999929e+00,3.841137769809398195e-04,2.830069653872589047e-03,1.063868757810473575e-01
-7.040000000000000036e+00,3.841872267187581604e-04,2.178019901475191158e-03,1.075522427219931382e-01
-7.035000000000000142e+00,3.842615856505667243e-04,3.271647112810097992e-03,1.072371644504586663e-01
-7.030000000000000249e+00,3.843368544890720436e-04,3.814523663202763759e-03,1.053976529015277080e-01
-7.025000000000000355e+00,3.844130339562822920e-04,5.470284054554099690e-03,1.020088956286004517e-01
-7.020000000000000462e+00,3.844901247830794042e-04,3.546107321514330082e-03,9.706785360180843203e-02
-7.015000000000000568e+00,3.845681277089300280e-04,2.356110811795261890e-03,9.059564514619701525e-02
-7.009999999999999787e+00,3.846470434832062447e-04,3.108957719996007559e-03,8.263958116111232155e-02
-7.004999999999999893e+00,3.847268728634360463e-04,3.924773807590336075e-03,7.327472016064452698e-02
-7.000000000000000000e+00,3.848076166164424530e-04,1.968565669024018288e-03,6.260482145229957773e-02
-6.995000000000000107e+00,3.848892755182980845e-04,4.852161548913596668e-03,5.076259067860715984e-02
-6.990000000000000213e+00,3.849718503539642836e-04,4.874988429906960963e-03,3.790913343747756570e-02
-6.985000000000000320e+00,3.850553419173563855e-04,3.466864790491934120e-03,2.423255897086320707e-02
-6.980000000000000426e+00,3.851397510116030039e-04,2.192629209035572464e-03,9.945705944732177034e-03
-6.975000000000000533e+00,3.852250784488926716e-04,4.678196005917420984e-03,-4.717005072484804426e-03
-6.969999999999999751e+00,3.853113250507985039e-04,2.980775910210641845e-03,-1.950355402151262088e-02
-6.964999999999999858e+00,3.853984916478317251e-04,3.330316079366886159e-03,-3.414906662200692389e-02
-6.959999999999999964e+00,3.854865790792421200e-04,2.903006424816059576e-03,-4.838121844079256578e-02
-6.955000000000000071e+00,3.855755881942605850e-04,2.597226299119695381e-03,-6.192616462344793099e-02
-6.950000000000000178e+00,3.856655198510150332e-04,2.976574060978715193e-03,-7.451483727754579234e-02
-6.945000000000000284e+00,3.857563749164736916e-04,2.431726469230710216e-03,-8.588943289787842605e-02
-6.940000000000000391e+00,3.858481542674971560e-04,5.577323154284487446e-03,-9.580989877445900138e-02
-6.935000000000000497e+00,3.859408587893412164e-04,2.225273542390032028e-03,-1.040602206412069020e-01
-6.929999999999999716e+00,3.860344893774778291e-04,3.101977937620975338e-03,-1.104543142444567444e-01
-6.924999999999999822e+00,3.861290469359354737e-04,2.115715596850773449e-03,-1.148413310890517708e-01
-6.919999999999999929e+00,3.862245323783350544e-04,2.649499651968415057e-03,-1.171102031058697951e-01
-6.915000000000000036e+00,3.863209466279713235e-04,2.473347193234589660e-03,-1.171932718534638984e-01
-6.910000000000000142e+00,3.864182906166502914e-04,1.445209473430868760e-03,-1.150688743353754789e-01
-6.905000000000000249e+00,3.865165652862432677e-04,2.609680402181543783e-03,-1.107627885781996141e-01
-6.900000000000000355e+00,3.866157715878921954e-04,1.825744941964660374e-03,-1.043484766015065207e-01
-6.895000000000000462e+00,3.867159104819234568e-04,2.123626820736343457e-03,-9.594609902515961741e-02
-6.890000000000000568e+00,3.868169829382130868e-04,2.842994164990667559e-03,-8.572031295257002970e-02
-6.884999999999999787e+00,3.869189899362368633e-04,3.774633024885877975e-03,-7.387690159613238827e-02
-6.879999999999999893e+00,3.870219324646989134e-04,4.806909614751843883e-03,-6.065831908443946457e-02
-6.875000000000000000e+00,3.871258115217256776e-04,3.428152974014437963e-03,-4.633826584764158540e-02
-6.870000000000000107e+00,3.872306281153404649e-04,1.861999675952545922e-03,-3.121543790314767683e-02
-6.865000000000000213e+00,3.873363832628585763e-04,3.303790341175777325e-03,-1.560661644720646307e-02
-6.860000000000000320e+00,3.874430779911844304e-04,2.040970224262507026e-03,1.607181957467957952e-04
-6.855000000000000426e+00,3.875507133365598661e-04,4.107252406375891743e-03,1.575605238395598462e-02
-6.850000000000000533e+00,3.876592903452282706e-04,4.758580801600461457e-03,3.085358297260517441e-02
-6.844999999999999751e+00,3.877688100731098604e-04,3.448679550208512499e-03,4.513983740193282246e-02
-6.839999999999999858e+00,3.878792735850985769e-04,1.513755717493541018e-03,5.832097400474955951e-02
-6.834999999999999964e+00,3.879906819564871612e-04,4.320685977309272896e-03,7.012957739828833137e-02
-6.830000000000000071e+00,3.881030362717237370e-04,3.301153456639301272e-03,8.033077945324795799e-02
-6.825000000000000178e+00,3.882163376254395260e-04,3.354379397154765453e-03,8.872755604543423880e-02
-6.820000000000000284e+00,3.883305871216278897e-04,1.900660006440565292e-03,9.516507290320132262e-02
-6.815000000000000391e+00,3.884457858743470553e-04,5.327419539980835124e-03,9.953397965261610858e-02
-6.810000000000000497e+00,3.885619350071200097e-04,2.213206984549056112e-03,1.017725789000231418e-01
-6.804999999999999716e+00,3.886790356535410563e-04,4.612704756453679666e-03,1.018678261697998355e-01
-6.799999999999999822e+00,3.887970889568085784e-04,4.156605159584721154e-03,9.985514603435578784e-02
-6.794999999999999929e+00,3.889160960701861501e-04,3.715585218539223158e-03,9.581707918027253246e-02
-6.790000000000000036e+00,3.890360581567355513e-04,3.458914415736649532e-03,8.988080381774470051e-02
-6.785000000000000142e+00,3.891569763894138587e-04,2.289675669738099745e-03,8.221460217071076271e-02
-6.780000000000000249e+00,3.892788519511586093e-04,2.847949920359060458e-03,7.302336822487064116e-02
-6.775000000000000355e+00,3.894016860346565943e-04,3.311223920301806407e-03,6.254327593131422947e-02
-6.770000000000000462e+00,3.895254798429876588e-04,3.032709011984458750e-03,5.103574716967924918e-02
-6.765000000000000568e+00,3.896502345888597967e-04,4.254896530299968199e-03,3.878087550973543379e-02
-6.759999999999999787e+00,3.897759514953373010e-04,3.764566816313336811e-03,2.607047474519837496e-02
-6.754999999999999893e+00,3.899026317950157945e-04,3.890305862151660111e-03,1.320092995198607864e-02
-6.750000000000000000e+00,3.900302767311139671e-04,3.614663911145308238e-03,4.660331312816955044e-04
-6.745000000000000107e+00,3.901588875572308229e-04,3.517716871149914517e-03,-1.185001487100358422e-02
-6.740000000000000213e+00,3.902884655357449100e-04,2.751345271548901079e-03,-2.347925963933334900e-02
-6.735000000000000320e+00,3.904190119410645959e-04,3.605415399120053682e-03,-3.417613906811876184e-02
-6.730000000000000426e+00,3.905505280560866294e-04,3.401895531145361466e-03,-4.372296781423457013e-02
-6.725000000000000533e+00,3.906830151753979525e-04,3.452506014058337545e-03,-5.193462714903580163e-02
-6.719999999999999751e+00,3.908164746026075872e-04,2.188224157930435988e-03,-5.866234972288630889e-02
-6.714999999999999858e+00,3.909509076524326403e-04,2.164765279860654534e-03,-6.379651462289105679e-02
-6.709999999999999964e+00,3.910863156492670484e-04,2.563255616448925286e-03,-6.726839637851200759e-02
-6.705000000000000071e+00,3.912226999283218874e-04,3.549549540605099248e-03,-6.905084134057774825e-02
-6.700000000000000178e+00,3.913600618353825110e-04,1.195057414305802142e-03,-6.915787514414054038e-02
-6.695000000000000284e+00,3.914984027258022487e-04,3.185181254769907898e-03,-6.764327473301109950e-02
-6.690000000000000391e+00,3.916377239660421899e-04,3.690216191052590917e-03,-6.459816665906127631e-02
-6.685000000000000497e+00,3.917780269331864909e-04,3.679306719158012030e-03,-6.014773911541449608e-02
-6.679999999999999716e+00,3.919193130139478906e-04,2.566083751758755326e-03,-5.444717757222197752e-02
-6.674999999999999822e+00,3.920615836063226370e-04,4.200432430664249525e-03,-4.767695227365921495e-02
-6.669999999999999929e+00,3.922048401183663140e-04,3.988849986775120857e-03,-4.003759971843010024e-02
-6.665000000000000036e+00,3.923490839691210516e-04,4.698168393622052449e-03,-3.174414930102555099e-02
-6.660000000000000142e+00,3.924943165880760265e-04,2.989917772741925057e-03,-2.302035046195644724e-02
-6.655000000000000249e+00,3.926405394150158908e-04,3.817632906533614725e-03,-1.409285512378587180e-02
-6.650000000000000355e+00,3.927877539011243274e-04,2.809352504075166360e-03,-5.185505203066024041e-03
-6.645000000000000462e+00,3.929359615080139597e-04,4.764431847422468530e-03,3.486133930541844301e-03
-6.640000000000000568e+00,3.930851637075139567e-04,2.230685397371596178e-03,1.171986543199124257e-02
-6.634999999999999787e+00,3.932353619827251784e-04,4.433448270818459228e-03,1.933146470186215826e-02
-6.629999999999999893e+00,3.933865578274412119e-04,7.419570461819251575e-04,2.615869806517105017e-02
-6.625000000000000000e+00,3.935387527464724393e-04,3.818825418404266179e-03,3.206467784054737452e-02
-6.620000000000000107e+00,3.936919482549857048e-04,2.436002536815575978e-03,3.694049415312968682e-02
-6.615000000000000213e+00,3.938461458797646989e-04,5.501514543365585916e-03,4.070708292994289906e-02
-6.610000000000000320e+00,3.940013471579496287e-04,1.866130838388930895e-03,4.331630832776654089e-02
-6.605000000000000426e+00,3.941575536380339238e-04,3.026459270501043446e-03,4.475125604042463207e-02
-6.600000000000000533e+00,3.943147668790780822e-04,3.689567585394461138e-03,4.502575126200430988e-02
-6.594999999999999751e+00,3.944729884516428426e-04,4.239738864994705911e-03,4.418313136973846256e-02
-6.589999999999999858e+00,3.946322199369394412e-04,2.530086821469186478e-03,4.229431852107572859e-02
-6.584999999999999964e+00,3.947924629277371430e-04,4.982309712910575061e-03,3.945525123878355911e-02
-6.580000000000000071e+00,3.949537190275069390e-04,3.313628878758486003e-03,3.578374661986739869e-02
-6.575000000000000178e+00,3.951159898513491894e-04,9.084531390339870525e-04,3.141587595250882464e-02
-6.570000000000000284e+00,3.952792770250720521e-04,3.685578237584504271e-03,2.650194615733410253e-02
-6.565000000000000391e+00,3.954435821862601805e-04,2.985690196660251497e-03,2.120218743748341142e-02
-6.560000000000000497e+00,3.956089069833334192e-04,3.764293882031304918e-03,1.568225365744068539e-02
-6.554999999999999716e+00,3.957752530763816398e-04,3.288736896844840583e-03,1.010864607701214384e-02
-6.549999999999999822e+00,3.959426221364938363e-04,4.440842891012552335e-03,4.644172942325757586e-03
-6.544999999999999929e+00,3.961110158466035866e-04,3.136649118448026595e-03,-5.564431042430773846e-04
-6.540000000000000036e+00,3.962804359008099617e-04,3.259471921790467203e-03,-5.350700939489598865e-03
-6.535000000000000142e+00,3.964508840046034196e-04,3.015257346093096810e-03,-9.612097100637394254e-03
-6.530000000000000249e+00,3.966223618752495045e-04,3.556625111739106573e-03,-1.323344745989138253e-02
-6.525000000000000355e+00,3.967948712414854327e-04,2.853254022678240309e-03,-1.612967069480961829e-02
-6.520000000000000462e+00,3.969684138434095041e-04,2.248342526812701931e-03,-1.823996310723505904e-02
-6.515000000000000568e+00,3.971429914330245584e-04,1.802309180225898861e-03,-1.952930964191042923e-02
-6.509999999999999787e+00,3.973186057738119920e-04,3.214964846270327962e-03,-1.998929283377406593e-02
-6.504999999999999893e+00,3.974952586411054827e-04,7.311807869924942874e-04,-1.963817935770231088e-02
-6.500000000000000000e+00,3.976729518218779440e-04,4.007903415955541004e-03,-1.852028229746213728e-02
-6.495000000000000107e+00,3.978516871149969628e-04,2.303138041189484696e-03,-1.670461560072723090e-02
-6.490000000000000213e+00,3.980314663311839253e-04,4.968801140093057934e-03,-1.428287486450890292e-02
-6.485000000000000320e+00,3.982122912929827920e-04,2.579450775375408036e-03,-1.136679507859376763e-02
-6.480000000000000426e+00,3.983941638346071706e-04,2.664418004506363159e-03,-8.084950790463844156e-03
-6.475000000000000533e+00,3.985770858026654309e-04,3.501477790152995352e-03,-4.579077011746155237e-03
-6.469999999999999751e+00,3.987610590554086475e-04,4.853675619743695602e-03,-9.999998411167135021e-04
-6.464999999999999858e+00,3.989460854633760257e-04,2.790337033718751254e-03,2.496725864289818953e-03
-6.459999999999999964e+00,3.991321669089967282e-04,4.230422002444919442e-03,5.755368357789772057e-03
-6.455000000000000071e+00,3.993193052866420793e-04,3.396876322909145665e-03,8.624653092747971983e-03
-6.450000000000000178e+00,3.995075025034783983e-04,2.486214608872074766e-03,1.096236980065039800e-02
-6.445000000000000284e+00,3.996967604784714854e-04,2.101002422570077272e-03,1.263984320784664744e-02
-6.440000000000000391e+00,3.998870811426011307e-04,2.907147489127917105e-03,1.354615952377180056e-02
-6.435000000000000497e+00,4.000784664395964202e-04,3.968275331218127852e-03,1.359204376221915742e-02
-6.429999999999999716e+00,4.002709183254461105e-04,1.953814865239197895e-03,1.271328724536767082e-02
-6.424999999999999822e+00,4.004644387681482315e-04,2.461125166522509095e-03,1.087363028248551633e-02
-6.419999999999999929e+00,4.006590297488687199e-04,5.071563934254893352e-03,8.067012095022916759e-03
-6.415000000000000036e+00,4.008546932602104359e-04,3.584679580345153348e-03,4.319108735147004358e-03
-6.410000000000000142e+00,4.010514313081684672e-04,1.202660476018736508e-03,-3.119097690363900957e-04
-6.405000000000000249e+00,4.012492459109297553e-04,2.144479333540245253e-03,-5.735459274772916269e-03
-6.400000000000000355e+00,4.014481390996969801e-04,3.616932130760120399e-03,-1.182949982893536853e-02
-6.395000000000000462e+00,4.016481129177423772e-04,2.185179728733139138e-03,-1.844239663403110865e-02
-6.390000000000000568e+00,4.018491694213940360e-04,6.279924761908668197e-03,-2.539568821344951807e-02
-6.384999999999999787e+00,4.020513106794742835e-04,3.894126817591266315e-03,-3.248774426428797241e-02
-6.379999999999999893e+00,4.022545387744629790e-04,2.855330167048981092e-03,-3.949827154584097111e-02
-6.375000000000000000e+00,4.024588558000229848e-04,4.167557747297048580e-03,-4.619360038988847006e-02
-6.370000000000000107e+00,4.026642638646737689e-04,3.497601771089694622e-03,-5.233265770028460578e-02
-6.365000000000000213e+00,4.028707650881518465e-04,4.438520829674754732e-03,-5.767350548169770941e-02
-6.360000000000000320e+00,4.030783616049034290e-04,3.850581187101141927e-03,-6.198029801072139217e-02
-6.355000000000000426e+00,4.032870555604552740e-04,2.480106264973907550e-03,-6.503048685001625029e-02
-6.350000000000000533e+00,4.034968491151832092e-04,3.411982572663689074e-03,-6.662208219421690558e-02
-6.344999999999999751e+00,4.037077444414744506e-04,3.302008409881651996e-03,-6.658076270127043228e-02
-6.339999999999999858e+00,4.039197437258664619e-04,1.571972242856668625e-03,-6.476661512010992161e-02
-6.334999999999999964e+00,4.041328491670262185e-04,4.632624841001077055e-03,-6.108028065765038622e-02
-6.330000000000000071e+00,4.043470629781674365e-04,3.261720835960328375e-03,-5.546828792044446871e-02
-6.325000000000000178e+00,4.045623873846069434e-04,3.985451545965248803e-03,-4.792736295606270930e-02
-6.320000000000000284e+00,4.047788246260381959e-04,1.969397667933629748e-03,-3.850752564472555844e-02
-6.315000000000000391e+00,4.049963769551804724e-04,4.293162533997843013e-03,-2.731380836312982327e-02
-6.310000000000000497e+00,4.052150466382731611e-04,2.853837282625664318e-03,-1.450646701917769968e-02
-6.304999999999999716e+00,4.054348359549957994e-04,4.109514512309721430e-03,-2.995954519120307938e-04
-6.299999999999999822e+00,4.056557471992691373e-04,1.557632148409447258e-03,1.504189932356648010e-02
-6.294999999999999929e+00,4.058777826776975724e-04,3.406317535745113922e-03,3.120695289866944055e-02
-6.290000000000000036e+00,4.061009447117616775e-04,3.298490093220185753e-03,4.784456903286068291e-02
-6.285000000000000142e+00,4.063252356355319438e-04,3.381216122630640274e-03,6.457150003419058482e-02
-6.280000000000000249e+00,4.065506577978973040e-04,3.005212010113711679e-03,8.098121470000696487e-02
-6.275000000000000355e+00,4.067772135608042254e-04,1.847289341320605032e-03,9.665393771153571456e-02
-6.270000000000000462e+00,4.070049053010852715e-04,3.282040571706174546e-03,1.111675009678999709e-01
-6.265000000000000568e+00,4.072337354087096324e-04,3.436157281137708179e-03,1.241087112133609782e-01
-6.259999999999999787e+00,4.074637062881951910e-04,3.566734384680675125e-03,1.350849110661950514e-01
-6.254999999999999893e+00,4.076948203579759981e-04,4.145971149314568553e-03,1.437353934914007980e-01
-6.250000000000000000e+00,4.079270800508898393e-04,4.116432738636256056e-03,1.497423237874954682e-01
-6.245000000000000107e+00,4.081604878136481135e-04,4.028056298088967917e-03,1.528408287680911304e-01
-6.240000000000000213e+00,4.083950461073811329e-04,6.559924423151882421e-03,1.528279300414010500e-01
-6.235000000000000320e+00,4.086307574076692936e-04,4.271264707650841014e-03,1.495700266926080213e-01
-6.230000000000000426e+00,4.088676242047847441e-04,3.375418650517161660e-03,1.430086713829427647e-01
-6.225000000000000533e+00,4.091056490027475878e-04,4.306419956811888966e-03,1.331644316097795322e-01
-6.219999999999999751e+00,4.093448343207497652e-04,4.938561548243432589e-03,1.201386830007319245e-01
-6.214999999999999858e+00,4.095851826920673825e-04,3.533925155906487633e-03,1.041132421439223132e-01
-6.209999999999999964e+00,4.098266966650631650e-04,2.278270116601010739e-03,8.534781050214299003e-02
-6.205000000000000071e+00,4.100693788026383386e-04,2.626835392957594089e-03,6.417526624508236577e-02
-6.200000000000000178e+00,4.103132316823351953e-04,4.402976102675916666e-03,4.099490517686408403e-02
-6.195000000000000284e+00,4.105582578967577096e-04,3.399510483655070973e-03,1.626379323782500830e-02
-6.190000000000000391e+00,4.108044600531695159e-04,3.451053301795081914e-03,-9.513550629201427897e-03
-6.185000000000000497e+00,4.110518407739409798e-04,3.165518054124976180e-03,-3.579687285858931117e-02
-6.179999999999999716e+00,4.113004026967764467e-04,2.265209774092584102e-03,-6.202299507376869692e-02
-6.174999999999999822e+00,4.115501484734283778e-04,3.079883715830444672e-03,-8.761937342251341354e-02
-6.169999999999999929e+00,4.118010807721433106e-04,2.917900393869447221e-03,-1.120180436012737646e-01
-6.165000000000000036e+00,4.120532022754093198e-04,1.981047751249966852e-03,-1.346695764884194291e-01
-6.160000000000000142e+00,4.123065156814015308e-04,1.693939128951867188e-03,-1.550566689278001231e-01
-6.155000000000000249e+00,4.125610237036443900e-04,4.531657991372731002e-03,-1.727070045693775424e-01
-6.150000000000000355e+00,4.128167290707599672e-04,3.570413381914913035e-03,-1.872050403645672545e-01
-6.145000000000000462e+00,4.130736345272304215e-04,2.479085475855509306e-03,-1.982024046395881867e-01
-6.140000000000000568e+00,4.133317428331446768e-04,2.337332298666471887e-03,-2.054266316864677699e-01
-6.134999999999999787e+00,4.135910567634303188e-04,3.226012592439906485e-03,-2.086880043561852582e-01
-6.129999999999999893e+00,4.138515791098585565e-04,2.433844927911113509e-03,-2.078843288472838058e-01
-6.125000000000000000e+00,4.141133126789390260e-04,2.049454658138248359e-03,-2.030035232301672377e-01
-6.120000000000000107e+00,4.143762602936054544e-04,1.363371199561486634e-03,-1.941239615776346739e-01
-6.115000000000000213e+00,4.146404247924225656e-04,2.625386091730294753e-03,-1.814125771371117579e-01
-6.110000000000000320e+00,4.149058090298212440e-04,2.647461359708425631e-03,-1.651207889916791738e-01
-6.105000000000000426e+00,4.151724158765533572e-04,2.189248778485471374e-03,-1.455783753275839143e-01
-6.100000000000000533e+00,4.154402482193353787e-04,2.545972837434672901e-03,-1.231854710344731513e-01
-6.094999999999999751e+00,4.157093089609590849e-04,1.574874685625094438e-03,-9.840291630087176500e-02
-6.089999999999999858e+00,4.159796010205114316e-04,5.164007034284835360e-03,-7.174122470232939530e-02
-6.084999999999999964e+00,4.162511273335532842e-04,3.659429841930992439e-03,-4.374847280777751507e-02
-6.080000000000000071e+00,4.165238908517163120e-04,3.249783111201332009e-03,-1.499743762401874354e-02
-6.075000000000000178e+00,4.167978945434426302e-04,4.809087329070157492e-03,1.392767735591830466e-02
-6.070000000000000284e+00,4.170731413932058556e-04,4.362904558462668385e-03,4.244458241153270528e-02
-6.065000000000000391e+00,4.173496344029022456e-04,3.075896217346423683e-03,6.998596880381469099e-02
-6.060000000000000497e+00,4.176273765901898638e-04,3.909258882716714484e-03,9.601197894276160272e-02
-6.054999999999999716e+00,4.179063709900251652e-04,3.864536742500864624e-03,1.200217797919569812e-01
-6.049999999999999822e+00,4.181866206539205347e-04,4.717403562871858719e-03,1.415639719381617812e-01
-6.044999999999999929e+00,4.184681286509811093e-04,5.030071836951567621e-03,1.602456055261318735e-01
-6.040000000000000036e+00,4.187508980663886844e-04,2.619055570600871147e-03,1.757396182188263323e-01
-6.035000000000000142e+00,4.190349320028115558e-04,4.664858197448920087e-03,1.877905579361592303e-01
-6.030000000000000249e+00,4.193202335797500415e-04,3.625004608279931012e-03,1.962185027481428423e-01
-6.025000000000000355e+00,4.196068059347121898e-04,3.286158612931830252e-03,2.009211403618901826e-01
-6.020000000000000462e+00,4.198946522216921566e-04,4.965462647785101082e-03,2.018740186206787468e-01
-6.015000000000000568e+00,4.201837756123406008e-04,4.030274087933804691e-03,1.991290249358201592e-01
-6.009999999999999787e+00,4.204741792959158417e-04,2.473933555295897146e-03,1.928111953555087243e-01
-6.004999999999999893e+00,4.207658664789930758e-04,4.746816622364144651e-03,1.831139920043325653e-01
-6.000000000000000000e+00,4.210588403859549778e-04,4.082968892765387846e-03,1.702932200758705827e-01
-5.995000000000000107e+00,4.213531042587481353e-04,3.859365698881427140e-03,1.546597818263338586e-01
-5.990000000000000213e+00,4.216486613568375661e-04,3.587881865497023239e-03,1.365714847337880788e-01
-5.985000000000000320e+00,4.219455149583035513e-04,5.042306930371611220e-03,1.164241339942915510e-01
-5.980000000000000426e+00,4.222436683584558626e-04,2.339816631288225892e-03,9.464214588416927643e-02
-5.975000000000000533e+00,4.225431248710090370e-04,3.682621373832570873e-03,7.166891845830218599e-02
-5.969999999999999751e+00,4.228438878279343837e-04,4.664316420033382156e-03,4.795718998490158119e-02
-5.964999999999999858e+00,4.231459605785538075e-04,2.065441839980483932e-03,2.395960397101831035e-02
-5.959999999999999964e+00,4.234493464915378854e-04,3.795530620852545240e-03,1.196832583512161789e-04
-5.955000000000000071e+00,4.237540489536776819e-04,2.361852452229451158e-03,-2.313660480943053460e-02
-5.950000000000000178e+00,4.240600713695052786e-04,4.960366253168359447e-03,-4.540853394890562861e-02
-5.945000000000000284e+00,4.243674171630922487e-04,3.055552263982329493e-03,-6.632742335171623593e-02
-5.940000000000000391e+00,4.246760897766240395e-04,1.198220235003514319e-03,-8.556245710329797582e-02
-5.935000000000000497e+00,4.249860926709640285e-04,4.883142583880008616e-03,-1.028254437012109668e-01
-5.929999999999999716e+00,4.252974293256518972e-04,3.326713502863467252e-03,-1.178744698647689881e-01
-5.924999999999999822e+00,4.256101032399535727e-04,5.352139033700283564e-03,-1.305164313597849401e-01
-5.919999999999999929e+00,4.259241179312704857e-04,2.997162726729747824e-03,-1.406084508711727132e-01
-5.915000000000000036e+00,4.262394769366509490e-04,3.069921724715819235e-03,-1.480582184396776746e-01
-5.910000000000000142e+00,4.265561838115779648e-04,4.019024745460616360e-03,-1.528233131068196526e-01
-5.905000000000000249e+00,4.268742421319897981e-04,3.762806608688101708e-03,-1.549095847226547307e-01
-5.900000000000000355e+00,4.271936554917872336e-04,2.803367518881939770e-03,-1.543686919760473286e-01
-5.895000000000000462e+00,4.275144275055345940e-04,1.613293470997003570e-03,-1.512949063046446219e-01
-5.889999999999999680e+00,4.278365618065474787e-04,2.825192721702531311e-03,-1.458213012083039439e-01
-5.884999999999999787e+00,4.281600620485543577e-04,4.621458305394457282e-03,-1.381154525070172057e-01
-5.879999999999999893e+00,4.284849319040637088e-04,3.042823170982816936e-03,-1.283747772312310020e-01
-5.875000000000000000e+00,4.288111750663627987e-04,2.124462167738388422e-03,-1.168216372036140066e-01
-5.870000000000000107e+00,4.291387952478353807e-04,3.774792911420965513e-03,-1.036983281831132253e-01
-5.865000000000000213e+00,4.294677961818226734e-04,4.579607727700224160e-03,-8.926206702714313546e-02
-5.860000000000000320e+00,4.297981816210134833e-04,4.353359252924833209e-03,-7.378007814696645184e-02
-5.855000000000000426e+00,4.301299553387078964e-04,4.819716650677829256e-03,-5.752486714088702463e-02
-5.850000000000000533e+00,4.304631211281648054e-04,4.848806038498035265e-03,-4.076975454782256342e-02
-5.844999999999999751e+00,4.307976828039168844e-04,3.107085673432382223e-03,-2.378472687715692258e-02
-5.839999999999999858e+00,4.311336441999903289e-04,2.983277499845633958e-03,-6.832646181270328987e-03
-5.834999999999999964e+00,4.314710091718612986e-04,4.235480834798289324e-03,9.834155833375253161e-03
-5.830000000000000071e+00,4.318097815951255471e-04,3.915110738827928816e-03,2.597688714677073851e-02
-5.825000000000000178e+00,4.321499653668258107e-04,3.956557925800212837e-03,4.137290833876425267e-02
-5.820000000000000284e+00,4.324915644044423618e-04,3.002579544103337918e-03,5.581795904090643134e-02
-5.815000000000000391e+00,4.328345826468092141e-04,2.022905961111153526e-03,6.912801517950342700e-02
-5.810000000000000497e+00,4.331790240535760873e-04,3.000645959603997961e-03,8.114079889538219903e-02
-5.804999999999999716e+00,4.335248926063386336e-04,3.935089048794140724e-03,9.171696509555976595e-02
-5.799999999999999822e+00,4.338721923073087720e-04,3.949656745650930931e-03,1.007409883521021565e-01
-5.794999999999999929e+00,4.342209271806532446e-04,2.708269940651820886e-03,1.081217717118236471e-01
-5.790000000000000036e+00,4.345711012716577505e-04,4.190954264678613435e-03,1.137929954300723329e-01
-5.785000000000000142e+00,4.349227186480634426e-04,4.448657029534274290e-03,1.177132192597176025e-01
-5.780000000000000249e+00,4.352757833983808295e-04,4.121835388139679160e-03,1.198657473041763039e-01
-5.775000000000000355e+00,4.356302996341879599e-04,2.946077164655817263e-03,1.202582601401477741e-01
-5.770000000000000462e+00,4.359862714883192621e-04,4.076791791057946326e-03,1.189222154160521072e-01
-5.764999999999999680e+00,4.363437031159644376e-04,3.676182741680922034e-03,1.159120158191147415e-01
-5.759999999999999787e+00,4.367025986944013134e-04,5.704567553860177137e-03,1.113039424246910908e-01
-5.754999999999999893e+00,4.370629624234654100e-04,4.232852836184592543e-03,1.051948521114666191e-01
-5.750000000000000000e+00,4.374247985253993461e-04,3.872610926654194638e-03,9.770063991554947536e-02
-5.745000000000000107e+00,4.377881112452742130e-04,3.910177004209065312e-03,8.895447075786483415e-02
-5.740000000000000213e+00,4.381529048504952876e-04,3.171203026823011736e-03,7.910478966204523288e-02
-5.735000000000000320e+00,4.385191836315386932e-04,3.408956688813632313e-03,6.831312506119890937e-02
-5.730000000000000426e+00,4.388869519017272948e-04,3.267099790198944344e-03,5.675170571147026416e-02
-5.725000000000000533e+00,4.392562139974376194e-04,2.472686361321924618e-03,4.460091772068314891e-02
-5.719999999999999751e+00,4.396269742782513189e-04,4.503629757948971260e-03,3.204663391188267152e-02
-5.714999999999999858e+00,4.399992371272559819e-04,5.369129683184556065e-03,1.927745287187125622e-02
-5.709999999999999964e+00,4.403730069505001595e-04,2.551268303589517006e-03,6.481889336716587131e-03
-5.705000000000000071e+00,4.407482881782205197e-04,2.577782447027651257e-03,-6.154439144039178418e-03
-5.700000000000000178e+00,4.411250852635999480e-04,1.680322606628578685e-03,-1.845158215785783207e-02
-5.695000000000000284e+00,4.415034026840786185e-04,3.701791466135308586e-03,-3.023793491323624807e-02
-5.690000000000000391e+00,4.418832449410831065e-04,3.915964933341175257e-03,-4.135277739699013549e-02
-5.685000000000000497e+00,4.422646165598747084e-04,4.642290624764329118e-03,-5.164862774321669903e-02
-5.679999999999999716e+00,4.426475220897294191e-04,4.346916266538632459e-03,-6.099336587969755169e-02
-5.674999999999999822e+00,4.430319661045701847e-04,2.647661134401934832e-03,-6.927208711634204319e-02
-5.669999999999999929e+00,4.434179532027520136e-04,2.758916668921636978e-03,-7.638864994464328317e-02
-5.665000000000000036e+00,4.438054880066902037e-04,3.850278457599802615e-03,-8.226688785867895815e-02
-5.660000000000000142e+00,4.441945751640332860e-04,3.771953118941951105e-03,-8.685146140865653008e-02
-5.655000000000000249e+00,4.445852193470804835e-04,2.362301213230667309e-03,-9.010833386955133251e-02
-5.650000000000000355e+00,4.449774252528476844e-04,2.436430637430468497e-03,-9.202486173858903662e-02
-5.645000000000000462e+00,4.453711976037281008e-04,3.663579985894104777e-03,-9.260949962729403406e-02
-5.639999999999999680e+00,4.457665411470054079e-04,2.460519423669145327e-03,-9.189112780676975123e-02
-5.634999999999999787e+00,4.461634606557828508e-04,3.335238920726415167e-03,-8.991801948550734447e-02
-5.629999999999999893e+00,4.465619609282427886e-04,2.242661165763764654e-03,-8.675647358195351377e-02
-5.625000000000000000e+00,4.469620467882560164e-04,3.329581126537135231e-03,-8.248914701223326873e-02
-5.620000000000000107e+00,4.473637230856147601e-04,3.384917750188705301e-03,-7.721312802200087921e-02
-5.615000000000000213e+00,4.477669946959095108e-04,2.020054905680623673e-03,-7.103779853056768623e-02
-5.610000000000000320e+00,4.481718665207074848e-04,4.308528061362133961e-03,-6.408253851014271418e-02
-5.605000000000000426e+00,4.485783434877938045e-04,3.496234358986339760e-03,-5.647432881760696549e-02
-5.600000000000000533e+00,4.489864305511603849e-04,4.087355276629869166e-03,-4.834531041499879472e-02
-5.594999999999999751e+00,4.493961326914232431e-04,2.374020951541658091e-03,-3.983035742157579190e-02
-5.589999999999999858e+00,4.498074549159942364e-04,2.267012949438850129e-03,-3.106471889915836046e-02
-5.584999999999999964e+00,4.502204022584096153e-04,3.893330445540028883e-03,-2.218177975647747310e-02
-5.580000000000000071e+00,4.506349797796725914e-04,2.083126210832154934e-03,-1.331098485851324627e-02
-5.575000000000000178e+00,4.510511925673884150e-04,4.621984514122286399e-03,-4.575962640405042622e-03
-5.570000000000000284e+00,4.514690457369346628e-04,4.334560434184636483e-03,3.907124346280980119e-03
-5.565000000000000391e+00,4.518885444301786814e-04,2.474358405945132830e-03,1.203098401493240405e-02
-5.560000000000000497e+00,4.523096938170645875e-04,5.181657200398694270e-03,1.969834609022570043e-02
-5.554999999999999716e+00,4.527324990951889661e-04,2.406782458018502137e-03,2.682286099387008044e-02
-5.549999999999999822e+00,4.531569654898059659e-04,4.399860515834202838e-03,3.332975523030926729e-02
-5.544999999999999929e+00,4.535830982539887910e-04,3.410975853954211282e-03,3.915625901939268766e-02
-5.540000000000000036e+00,4.540109026688764660e-04,3.543603647358787440e-03,4.425182696304835739e-02
-5.535000000000000142e+00,4.544403840437791654e-04,3.325385074677735062e-03,4.857817560332303858e-02
-5.530000000000000249e+00,4.548715477172746136e-04,2.436700748530483233e-03,5.210916275185227542e-02
-5.525000000000000355e+00,4.553043990552572799e-04,2.885380247449989641e-03,5.483053253041854369e-02
-5.520000000000000462e+00,4.557389434529155836e-04,4.678316837926925834e-03,5.673954739038414297e-02
-5.514999999999999680e+00,4.561751863343690115e-04,1.646925207697638206e-03,5.784452434926490999e-02
-5.509999999999999787e+00,4.566131331525699437e-04,2.430371818749632942e-03,5.816428778058228138e-02
-5.504999999999999893e+00,4.570527893899432783e-04,4.162073310390753539e-03,5.772754587332428605e-02
-5.500000000000000000e+00,4.574941605579411498e-04,4.061630312670381007e-03,5.657219292736526822e-02
-5.495000000000000107e+00,4.579372521977185498e-04,4.979393166296319957e-03,5.474453553386208343e-02
-5.490000000000000213e+00,4.583820698801375007e-04,4.349209585020726888e-03,5.229843790199865949e-02
-5.485000000000000320e+00,4.588286192058960763e-04,3.418218877032492414e-03,4.929438051486484396e-02
-5.480000000000000426e+00,4.592769058055107289e-04,3.302353621183414661e-03,4.579842716040339462e-02
-5.475000000000000533e+00,4.597269353400391815e-04,3.110094417484027696e-03,4.188109824281258109e-02
-5.469999999999999751e+00,4.601787135005698222e-04,4.555174689692713039e-03,3.761615300758611169e-02
-5.464999999999999858e+00,4.606322460090734542e-04,3.585635651336926012e-03,3.307928959775841005e-02
-5.459999999999999964e+00,4.610875386177767346e-04,4.817348616720228648e-03,2.834677922856129739e-02
-5.455000000000000071e+00,4.615445971099695261e-04,4.687954255427297622e-03,2.349405862403596348e-02
-5.450000000000000178e+00,4.620034273002034684e-04,2.959482648584301975e-03,1.859431252232363746e-02
-5.445000000000000284e+00,4.624640350340045560e-04,4.690372425246761359e-03,1.371708481527880892e-02
-5.440000000000000391e+00,4.629264261884298223e-04,3.142032503385224895e-03,8.926962067956713265e-03
-5.435000000000000497e+00,4.633906066720371443e-04,4.430543503922948836e-03,4.282376166151001008e-03
-5.429999999999999716e+00,4.638565824250198461e-04,4.017398814064397639e-03,-1.654267873954514236e-04
-5.424999999999999822e+00,4.643243594198040946e-04,1.318041851531013935e-03,-4.373206746566050442e-03
-5.419999999999999929e+00,4.647939436607596343e-04,4.815695152040042060e-03,-8.306300105144289944e-03
-5.415000000000000036e+00,4.652653411847584766e-04,3.015505795271912481e-03,-1.193890949242158890e-02
-5.410000000000000142e+00,4.657385580607620356e-04,3.197653739135579952e-03,-1.525409312584746595e-02
-5.405000000000000249e+00,4.662136003906451219e-04,1.151072663489245695e-03,-1.824344664275326031e-02
-5.400000000000000355e+00,4.666904743092033150e-04,3.494084545878826682e-03,-2.090648433935223677e-02
-5.395000000000000462e+00,4.671691859843119074e-04,4.860329429389862246e-03,-2.324974117007829258e-02
-5.389999999999999680e+00,4.676497416169785970e-04,3.638274061910750767e-03,-2.528563084521259427e-02
-5.384999999999999787e+00,4.681321474415834748e-04,3.693077076240890242e-03,-2.703110805494102903e-02
-5.379999999999999893e+00,4.686164097263996052e-04,3.559468844502592082e-03,-2.850619346220770872e-02
-5.375000000000000000e+00,4.691025347731682892e-04,4.251280427570032841e-03,-2.973242798057740277e-02
-5.370000000000000107e+00,4.695905289181174017e-04,4.678982812900534145e-03,-3.073132748444888304e-02
-5.365000000000000213e+00,4.700803985311254713e-04,5.036753480992013296e-03,-3.152291018228106645e-02
-5.360000000000000320e+00,4.705721500169487807e-04,4.378216513062422287e-03,-3.212436631937214820e-02
-5.355000000000000426e+00,4.710657898147850835e-04,2.372060886213115099e-03,-3.254893377914313407e-02
-5.350000000000000533e+00,4.715613243984442034e-04,4.365387752816953827e-03,-3.280503383163216324e-02
-5.344999999999999751e+00,4.720587602771742506e-04,3.299237265620045927e-03,-3.289570922334546926e-02
-5.339999999999999858e+00,4.725581039953370113e-04,2.398467345113672496e-03,-3.281839263856371758e-02
-5.334999999999999964e+00,4.730593621324447572e-04,3.226447362460936174e-03,-3.256501801839684074e-02
-5.330000000000000071e+00,4.735625413038242640e-04,3.512064777554603241e-03,-3.212247108335223450e-02
-5.325000000000000178e+00,4.740676481607601980e-04,6.348611090540325769e-03,-3.147335946678913449e-02
-5.320000000000000284e+00,4.745746893906072224e-04,3.409441558940535816e-03,-3.059706789855798359e-02
-5.315000000000000391e+00,4.750836717168523387e-04,2.678289315388869898e-03,-2.947105058219435039e-02
-5.310000000000000497e+00,4.755946018991191152e-04,5.165046769234297314e-03,-2.807230189091150865e-02
-5.304999999999999716e+00,4.761074867347134341e-04,4.172395237033537513e-03,-2.637893824841090404e-02
-5.299999999999999822e+00,4.766223330569835815e-04,4.260317514761456995e-03,-2.437181889929982553e-02
-5.294999999999999929e+00,4.771391477367997497e-04,2.762789355099804466e-03,-2.203613140486220326e-02
-5.290000000000000036e+00,4.776579376819617374e-04,3.028414740832127520e-03,-1.936286915668445144e-02
-5.285000000000000142e+00,4.781787098388037859e-04,2.318747343742746415e-03,-1.635013287209248836e-02
-5.280000000000000249e+00,4.787014711902422021e-04,4.513480162982409089e-03,-1.300419566933714438e-02
-5.275000000000000355e+00,4.792262287582235410e-04,2.808770068892589913e-03,-9.340281540408194513e-03
-5.270000000000000462e+00,4.797529896022340447e-04,5.321647360347932579e-03,-5.383019362472448062e-03
-5.264999999999999680e+00,4.802817608209578211e-04,5.246234059746742069e-03,-1.166548455610092946e-03
-5.259999999999999787e+00,4.808125495512228370e-04,2.559577037089823780e-03,3.265733519688533790e-03
-5.254999999999999893e+00,4.813453629689402706e-04,3.299281663454641314e-03,7.861774469334496807e-03
-5.250000000000000000e+00,4.818802082891710816e-04,4.001008420895465524e-03,1.256180303907251938e-02
-5.245000000000000107e+00,4.824170927666418204e-04,5.434169272719541373e-03,1.729956084191545604e-02
-5.240000000000000213e+00,4.829560236956567535e-04,4.448471513178778834e-03,2.200378543752054203e-02
-5.235000000000000320e+00,4.834970084101359190e-04,2.181038353860068144e-03,2.659988777428436840e-02
-5.230000000000000426e+00,4.840400542841019876e-04,4.292114199608038083e-03,3.101176033569245580e-02
-5.225000000000000533e+00,4.845851687326576708e-04,4.155807740522167101e-03,3.516364760382075655e-02
-5.219999999999999751e+00,4.851323592106950868e-04,5.233455896994579880e-03,3.898200886233325196e-02
-5.214999999999999858e+00,4.856816332144653055e-04,4.751264375962641062e-03,4.239730488020297672e-02
-5.209999999999999964e+00,4.862329982811445595e-04,2.931042092527887718e-03,4.534564459393791019e-02
-5.205000000000000071e+00,4.867864619892793630e-04,3.384663054979903003e-03,4.777023534078259775e-02
-5.200000000000000178e+00,4.873420319591461420e-04,5.175519921711987936e-03,4.962259017632428965e-02
-5.195000000000000284e+00,4.878997158529508357e-04,5.174147612024716097e-03,5.086345788989713596e-02
-5.190000000000000391e+00,4.884595213742558414e-04,3.746242215592744500e-03,5.146345496101529388e-02
-5.185000000000000497e+00,4.890214562705736973e-04,3.951477090541390472e-03,5.140339323878119482e-02
-5.179999999999999716e+00,4.895855283305243586e-04,4.765825975531370537e-03,5.067431186273620852e-02
-5.174999999999999822e+00,4.901517453862688518e-04,5.039643988248266974e-03,4.927723612853160406e-02
-5.169999999999999929e+00,4.907201153134285558e-04,3.296290406911134459e-03,4.722269888240594737e-02
-5.165000000000000036e+00,4.912906460303181292e-04,3.756397463218156835e-03,4.453007087719483559e-02
-5.160000000000000142e+00,4.918633454999548618e-04,3.549495299819823649e-03,4.122675469024872363e-02
-5.155000000000000249e+00,4.924382217276566248e-04,6.835735264017893387e-03,3.734730174786197315e-02
-5.150000000000000355e+00,4.930152827653458284e-04,4.188378990136832312e-03,3.293251332734099812e-02
-5.145000000000000462e+00,4.935945367075085998e-04,3.198360143566333219e-03,2.802858391746597400e-02
-5.139999999999999680e+00,4.941759916941958555e-04,3.865460746040740719e-03,2.268633900563586658e-02
-5.134999999999999787e+00,4.947596559108617545e-04,2.547287983274125825e-03,1.696060946443041229e-02
-5.129999999999999893e+00,4.953455375869464297e-04,4.452632670330110634e-03,1.090977169253003372e-02
-5.125000000000000000e+00,4.959336449991706610e-04,4.763235037842059559e-03,4.595467205113308931e-03
-5.120000000000000107e+00,4.965239864693901314e-04,3.416631801424784877e-03,-1.917501648460216788e-03
-5.115000000000000213e+00,4.971165703657736291e-04,3.122107422137353119e-03,-8.561120713177510291e-03
-5.110000000000000320e+00,4.977114051025252747e-04,3.461459365717679294e-03,-1.526399563016795496e-02
-5.105000000000000426e+00,4.983084991413554588e-04,1.535385548576145669e-03,-2.195111903582519508e-02
-5.100000000000000533e+00,4.989078609906049148e-04,3.026129417016652778e-03,-2.854363871072096784e-02
-5.094999999999999751e+00,4.995094992063026833e-04,6.006053165580085146e-03,-3.495870048846275169e-02
-5.089999999999999858e+00,5.001134223919158784e-04,5.061702669646875666e-03,-4.110944352049257511e-02
-5.084999999999999964e+00,5.007196391987204847e-04,4.585664818884259593e-03,-4.690522405167411868e-02
-5.080000000000000071e+00,5.013281583265440360e-04,4.999160804259752434e-03,-5.225213695272450803e-02
-5.075000000000000178e+00,5.019389885238662290e-04,4.512122318255762377e-03,-5.705389196388242073e-02
-5.070000000000000284e+00,5.025521385874808693e-04,3.770257133176642406e-03,-6.121308437160913329e-02
-5.065000000000000391e+00,5.031676173642008875e-04,4.120702993286075311e-03,-6.463287843114680353e-02
-5.060000000000000497e+00,5.037854337496979178e-04,5.099158276279016494e-03,-6.721909732978191554e-02
-5.054999999999999716e+00,5.044055966896828858e-04,5.374221370319261573e-03,-6.888268715932388542e-02
-5.049999999999999822e+00,5.050281151798828062e-04,2.954958128427082921e-03,-6.954249570169103445e-02
-5.044999999999999929e+00,5.056529982666753669e-04,4.483253292503964170e-03,-6.912828136707614701e-02
-5.040000000000000036e+00,5.062802550472966616e-04,3.429543327579305002e-03,-6.758384489383327531e-02
-5.035000000000000142e+00,5.069098946694619362e-04,4.167341005742514724e-03,-6.487015783463241647e-02
-5.030000000000000249e+00,5.075419263328334899e-04,5.324984381187246318e-03,-6.096834864444921481e-02
-5.025000000000000355e+00,5.081763592889394689e-04,2.035943186103015938e-03,-5.588240030312409401e-02
-5.020000000000000462e+00,5.088132028410383405e-04,3.657880473802977827e-03,-4.964141347947625266e-02
-5.014999999999999680e+00,5.094524663449440799e-04,2.631121033512488078e-03,-4.230129654236047115e-02
-5.009999999999999787e+00,5.100941592090110993e-04,3.139498324324464969e-03,-3.394575813722931767e-02
-5.004999999999999893e+00,5.107382908951354009e-04,4.355574638158604163e-03,-2.468649909487473371e-02
-5.000000000000000000e+00,5.113848709182001150e-04,3.188631111705393130e-03,-1.466252730560189087e-02
-4.995000000000000107e+00,5.120339088472403676e-04,5.743187736023783879e-03,-4.038550760736900683e-03
-4.990000000000000213e+00,5.126854143048613886e-04,4.718406092437726386e-03,6.997561110038030135e-03
-4.985000000000000320e+00,5.133393969688977753e-04,1.669208641939362494e-03,1.823822090435343879e-02
-4.980000000000000426e+00,5.139958665712889571e-04,3.849994787410928807e-03,2.946040759182099941e-02
-4.975000000000000533e+00,5.146548328996697211e-04,3.683099079432318804e-03,4.043069214732445543e-02
-4.969999999999999751e+00,5.153163057969611417e-04,6.286235890301850732e-03,5.091087211870511803e-02
-4.964999999999999858e+00,5.159802951620228373e-04,2.775890036989638390e-03,6.066405432427175032e-02
-4.959999999999999964e+00,5.166468109502252116e-04,5.213593481466187105e-03,6.946100196704674268e-02
-4.955000000000000071e+00,5.173158631728548779e-04,5.601839225556308824e-03,7.708654607755878463e-02
-4.950000000000000178e+00,5.179874618989983512e-04,4.296439496061501759e-03,8.334585207731194656e-02
-4.945000000000000284e+00,5.186616172549260049e-04,2.875712035664953949e-03,8.807033082648810240e-02
-4.940000000000000391e+00,5.193383394240458839e-04,5.601720271620816254e-03,9.112298990910785990e-02
-4.935000000000000497e+00,5.200176386488302230e-04,5.206748233277007712e-03,9.240303495023066693e-02
-4.929999999999999716e+00,5.206995252297199695e-04,3.470332837648899913e-03,9.184955199503781753e-02
-4.924999999999999822e+00,5.213840095260069982e-04,4.581427246775063820e-03,8.944412967505403766e-02
-4.919999999999999929e+00,5.220711019564652257e-04,3.723781998085285219e-03,8.521231308130360060e-02
-4.915000000000000036e+00,5.227608129996104934e-04,6.329084446085962885e-03,7.922381877712630915e-02
-4.910000000000000142e+00,5.234531531934362393e-04,3.433028452488449348e-03,7.159148087974162578e-02
-4.905000000000000249e+00,5.241481331373329692e-04,5.521659271172750863e-03,6.246894016779551417e-02
-4.900000000000000355e+00,5.248457634906496293e-04,5.232115200473353919e-03,5.204713021051736443e-02
-4.895000000000000462e+00,5.255460549746706483e-04,5.458038437097315065e-03,4.054965504062859466e-02
-4.889999999999999680e+00,5.262490183719698619e-04,5.472121086219207918e-03,2.822719042419974053e-02
-4.884999999999999787e+00,5.269546645274436484e-04,3.745410930592804437e-03,1.535107393940487140e-02
-4.879999999999999893e+00,5.276630043480262178e-04,3.081625851970603170e-03,2.206276643763094552e-03
-4.875000000000000000e+00,5.283740488043570062e-04,3.358224831606618135e-03,-1.091602993572714231e-02
-4.870000000000000107e+00,5.290878089295253861e-04,4.289131660019288202e-03,-2.372608418007760706e-02
-4.865000000000000213e+00,5.298042958211808496e-04,4.810979001686192802e-03,-3.594308911204966567e-02
-4.860000000000000320e+00,5.305235206404243032e-04,4.062156955198577279e-03,-4.730248084393385427e-02
-4.855000000000000426e+00,5.312454946134981216e-04,3.073420788315941489e-03,-5.756269041740249420e-02
-4.850000000000000533e+00,5.319702290314619721e-04,3.543953489267523925e-03,-6.651119657524408313e-02
-4.844999999999999751e+00,5.326977352507857640e-04,4.372370610803241742e-03,-7.396969170438399965e-02
-4.839999999999999858e+00,5.334280246940601268e-04,3.473117595843469140e-03,-7.979821377188010822e-02
-4.834999999999999964e+00,5.341611088501382236e-04,5.221706449509704202e-03,-8.389813237789045530e-02
-4.830000000000000071e+00,5.348969992747863809e-04,2.086397940805774249e-03,-8.621391573408061781e-02
-4.825000000000000178e+00,5.356357075906130732e-04,3.713306847655152218e-03,-8.673364600965646765e-02
-4.820000000000000284e+00,5.363772454886975034e-04,5.430066170485590808e-03,-8.548829158198233136e-02
-4.815000000000000391e+00,5.371216247277037009e-04,3.955994484868012931e-03,-8.254978480424250697e-02
-4.810000000000000497e+00,5.378688571350055984e-04,4.767473351458790393e-03,-7.802799155927309105e-02
-4.804999999999999716e+00,5.386189546070748509e-04,4.086006899779855324e-03,-7.206669281023828089e-02
-4.799999999999999822e+00,5.393719291103805068e-04,3.374734426773593789e-03,-6.483872747477721632e-02
-4.794999999999999929e+00,5.401277926810075852e-04,5.472167327819573573e-03,-5.654046931770462942e-02
-4.790000000000000036e+00,5.408865574258227022e-04,3.337408536715159770e-03,-4.738582750346932715e-02
-4.785000000000000142e+00,5.416482355224101026e-04,4.006596487851920609e-03,-3.759997053997318067e-02
-4.780000000000000249e+00,5.424128392199473701e-04,4.027135587927423155e-03,-2.741297641284974260e-02
-4.775000000000000355e+00,5.431803808396795490e-04,5.826092535699407306e-03,-1.705360784326777346e-02
-4.770000000000000462e+00,5.439508727754174431e-04,4.779912221045178565e-03,-6.743401132019335997e-03
-4.764999999999999680e+00,5.447243274937811283e-04,4.993801678595289305e-03,3.308759459352541774e-03
-4.759999999999999787e+00,5.455007575350201508e-04,4.327007986572380983e-03,1.291143164591845513e-02
-4.754999999999999893e+00,5.462801755129867475e-04,5.461213949279853860e-03,2.189464541781099144e-02
-4.750000000000000000e+00,5.470625941167452360e-04,4.745335302828404545e-03,3.011307927902757281e-02
-4.745000000000000107e+00,5.478480261097116999e-04,4.933689656048529520e-03,3.744831978650189214e-02
-4.740000000000000213e+00,5.486364843310544527e-04,4.754893705496435197e-03,4.381017463091260028e-02
-4.735000000000000320e+00,5.494279816960756773e-04,4.453289787951858307e-03,4.913704234736209625e-02
-4.730000000000000426e+00,5.502225311964258807e-04,4.980890063375152318e-03,5.339537347044425591e-02
-4.725000000000000533e+00,5.510201459014131770e-04,3.948850054453905203e-03,5.657828753861823823e-02
-4.719999999999999751e+00,5.518208389570916899e-04,4.198766244628181037e-03,5.870343690271406789e-02
-4.714999999999999858e+00,5.526246235885058514e-04,3.642381750374754177e-03,5.981023102292085114e-02
-4.709999999999999964e+00,5.534315130991655394e-04,3.670131361445885462e-03,5.995655320380559317e-02
-4.705000000000000071e+00,5.542415208717147053e-04,4.756935383593593851e-03,5.921511502831246915e-02
-4.700000000000000178e+00,5.550546603686984468e-04,5.459952497034945007e-03,5.766960177031939944e-02
-4.695000000000000284e+00,5.558709451334496688e-04,5.047319925096817490e-03,5.541076460671757326e-02
-4.690000000000000391e+00,5.566903887895501262e-04,4.898054705505451578e-03,5.253261248956925950e-02
-4.685000000000000497e+00,5.575130050426593646e-04,5.295547215136026456e-03,4.912884820145832498e-02
-4.679999999999999716e+00,5.583388076802387910e-04,4.257360502973765899e-03,4.528967968469298916e-02
-4.674999999999999822e+00,5.591678105726599450e-04,5.753141821341833766e-03,4.109911964250848732e-02
-4.669999999999999929e+00,5.600000276735158820e-04,4.101136647036804361e-03,3.663286423708735084e-02
-4.665000000000000036e+00,5.608354730200621179e-04,4.130018733998254594e-03,3.195681618820555431e-02
-4.660000000000000142e+00,5.616741607341354907e-04,2.745313108346148986e-03,2.712628956294738103e-02
-4.655000000000000249e+00,5.625161050226845519e-04,3.650496054847066595e-03,2.218590403196453800e-02
-4.650000000000000355e+00,5.633613201779899852e-04,4.121170830611395157e-03,1.717014641959894658e-02
-4.645000000000000462e+00,5.642098205790513007e-04,5.678332146538031186e-03,1.210454814808206020e-02
-4.639999999999999680e+00,5.650616206913901610e-04,2.734537283987744771e-03,7.007399832361104614e-03
-4.634999999999999787e+00,5.659167350681654825e-04,5.083660136333159434e-03,1.891899974996192561e-03
-4.629999999999999893e+00,5.667751783503972157e-04,5.174854136298628199e-03,-3.231385482942892955e-03
-4.625000000000000000e+00,5.676369652682511239e-04,4.150663661425896440e-03,-8.351891132209170870e-03
-4.620000000000000107e+00,5.685021106408290987e-04,5.048330723502892324e-03,-1.345639526366644058e-02
-4.615000000000000213e+00,5.693706293777526378e-04,4.140780259375321723e-03,-1.852648883868185034e-02
-4.610000000000000320e+00,5.702425364787915051e-04,4.450639100196068614e-03,-2.353631714381892309e-02
-4.605000000000000426e+00,5.711178470353275123e-04,7.421885927045341128e-03,-2.845073065777038376e-02
-4.600000000000000533e+00,5.719965762303398822e-04,4.827880343050668273e-03,-3.322396499299753309e-02
-4.594999999999999751e+00,5.728787393401098315e-04,5.700724383187950883e-03,-3.779894741415158049e-02
-4.589999999999999858e+00,5.737643517334259586e-04,4.223492796012038100e-03,-4.210730026968140249e-02
-4.584999999999999964e+00,5.746534288737863670e-04,3.857158427677314858e-03,-4.607008083258663095e-02
-4.580000000000000071e+00,5.755459863185169922e-04,5.069074943032662178e-03,-4.959926383553433377e-02
-4.575000000000000178e+00,5.764420397213074415e-04,5.557834358949185691e-03,-5.259993883853887608e-02
-4.570000000000000284e+00,5.773416048309317448e-04,5.295666892476244038e-03,-5.497316096530576596e-02
-4.565000000000000391e+00,5.782446974931896178e-04,4.119406782824568992e-03,-5.661936194918655574e-02
-4.560000000000000497e+00,5.791513336517262276e-04,4.874780471201007465e-03,-5.744220021836963369e-02
-4.554999999999999716e+00,5.800615293475278218e-04,3.503374407733110367e-03,-5.735270514860958679e-02
-4.549999999999999822e+00,5.809753007207869900e-04,3.513306442174790600e-03,-5.627355264066229157e-02
-4.544999999999999929e+00,5.818926640118612069e-04,5.188027749488469988e-03,-5.414329762140143026e-02
-4.540000000000000036e+00,5.828136355603532118e-04,5.420072181311119501e-03,-5.092038442092406553e-02
-4.535000000000000142e+00,5.837382318077575464e-04,3.589501411085385500e-03,-4.658675846880769300e-02
-4.530000000000000249e+00,5.846664692968284649e-04,4.291773958160646774e-03,-4.115091230151212559e-02
-4.525000000000000355e+00,5.855983646729728083e-04,4.642594563459264377e-03,-3.465021513977958184e-02
-4.520000000000000462e+00,5.865339346851279915e-04,4.585247114947826191e-03,-2.715239766663204296e-02
-4.514999999999999680e+00,5.874731961857548477e-04,4.280318249769673664e-03,-1.875609129159628088e-02
-4.509999999999999787e+00,5.884161661323307913e-04,4.790013637143040667e-03,-9.590353100720842502e-03
-4.504999999999999893e+00,5.893628615884367308e-04,4.905933981202508475e-03,1.868572954452923528e-04
-4.500000000000000000e+00,5.903132997233215447e-04,3.371156279570131087e-03,1.039124595755358538e-02
-4.495000000000000107e+00,5.912674978137386116e-04,4.060577477179871247e-03,2.081575743977436693e-02
-4.490000000000000213e+00,5.922254732441843347e-04,4.099392112896676696e-03,3.123507527757663632e-02
-4.485000000000000320e+00,5.931872435080661529e-04,6.203166804617563958e-03,4.141093874273865660e-02
-4.480000000000000426e+00,5.941528262076772784e-04,5.401022354557384435e-03,5.109813335591486400e-02
-4.475000000000000533e+00,5.951222390565877969e-04,4.057109126317784940e-03,6.005098595522566363e-02
-4.469999999999999751e+00,5.960954998792669310e-04,5.182948611179198119e-03,6.803017379832497491e-02
-4.464999999999999858e+00,5.970726266123038521e-04,3.556919201594952069e-03,7.480964199006187587e-02
-4.459999999999999964e+00,5.980536373047528904e-04,6.897320085774455434e-03,8.018341503451398289e-02
-4.455000000000000071e+00,5.990385501196186747e-04,3.615155296183018320e-03,8.397208684577439630e-02
-4.450000000000000178e+00,6.000273833346661404e-04,5.253779726424857854e-03,8.602877920950002810e-02
-4.445000000000000284e+00,6.010201553425577889e-04,5.511443904167078432e-03,8.624437132191593858e-02
-4.440000000000000391e+00,6.020168846527266474e-04,4.059642291049420267e-03,8.455182225921253902e-02
-4.435000000000000497e+00,6.030175898913180468e-04,5.210270517276367058e-03,8.092943343846890902e-02
-4.429999999999999716e+00,6.040222898028712196e-04,6.449046746922734545e-03,7.540292850243439371e-02
-4.424999999999999822e+00,6.050310032509442337e-04,5.858609730756632154e-03,6.804626260352182598e-02
-4.419999999999999929e+00,6.060437492184863077e-04,5.891199337659543296e-03,5.898111063821820377e-02
-4.415000000000000036e+00,6.070605468097173838e-04,5.626459814688706575e-03,4.837502336179758805e-02
-4.410000000000000142e+00,6.080814152500446440e-04,4.600896303334341304e-03,3.643828020076944618e-02
-4.405000000000000249e+00,6.091063738876766704e-04,4.510819831929291195e-03,2.341950669037669297e-02
-4.400000000000000355e+00,6.101354421943424883e-04,4.037034021422230418e-03,9.600161540449632380e-03
-4.395000000000000462e+00,6.111686397663302316e-04,5.387268813648843357e-03,-4.711967782131390968e-03
-4.389999999999999680e+00,6.122059863249302561e-04,4.200484809115192369e-03,-1.919009240711835526e-02
-4.384999999999999787e+00,6.132475017183998227e-04,5.974050091128429302e-03,-3.349637924163624547e-02
-4.379999999999999893e+00,6.142932059217084181e-04,4.974694986210825669e-03,-4.729032608431772700e-02
-4.375000000000000000e+00,6.153431190388608746e-04,3.565330535437792863e-03,-6.023733025482527759e-02
-4.370000000000000107e+00,6.163972613022164915e-04,3.931585246826898791e-03,-7.201722032325311162e-02
-4.365000000000000213e+00,6.174556530752416074e-04,5.801148656541874581e-03,-8.233252111530635353e-02
-4.360000000000000320e+00,6.185183148524782664e-04,4.027581787530652366e-03,-9.091622921645864386e-02
-4.355000000000000426e+00,6.195852672606594292e-04,4.637441229804456673e-03,-9.753888938042888646e-02
-4.350000000000000533e+00,6.206565310594016694e-04,6.187849825290790175e-03,-1.020147810927743426e-01
-4.344999999999999751e+00,6.217321271437975007e-04,3.477957209458304270e-03,-1.042070484348746329e-01
-4.339999999999999858e+00,6.228120765430797488e-04,3.910319125993229512e-03,-1.040316346143550091e-01
-4.334999999999999964e+00,6.238964004242289084e-04,5.762880671307325439e-03,-1.014599142675100540e-01
-4.330000000000000071e+00,6.249851200905592354e-04,3.630876210965695329e-03,-9.651995102134085236e-02
-4.325000000000000178e+00,6.260782569845611996e-04,6.052825020114505072e-03,-8.929634391305667218e-02
-4.320000000000000284e+00,6.271758326881974720e-04,4.586004057945700617e-03,-7.992866316008012673e-02
-4.315000000000000391e+00,6.282778689243227960e-04,4.417553439327562455e-03,-6.860851250577766625e-02
-4.310000000000000497e+00,6.293843875572605658e-04,4.425847387894700849e-03,-5.557529099314605092e-02
-4.304999999999999716e+00,6.304954105949645091e-04,4.435570274987209877e-03,-4.111076062522713709e-02
-4.299999999999999822e+00,6.316109601890840643e-04,5.031520850731018880e-03,-2.553255708199271209e-02
-4.294999999999999929e+00,6.327310586362101287e-04,5.890095136648664312e-03,-9.186807664085715197e-03
-4.290000000000000036e+00,6.338557283796246358e-04,5.558715194212911909e-03,7.559956809524512149e-03
-4.285000000000000142e+00,6.349849920099995401e-04,2.874888610091836348e-03,2.432939193688689675e-02
-4.280000000000000249e+00,6.361188722667506608e-04,5.062969340072078633e-03,4.074021538031662865e-02
-4.275000000000000355e+00,6.372573920390812259e-04,5.466617956378252638e-03,5.641714611889602632e-02
-4.270000000000000462e+00,6.384005743670587022e-04,4.278297497023620527e-03,7.099968532140296662e-02
-4.264999999999999680e+00,6.395484424431190171e-04,5.783270920205823944e-03,8.415052306761816592e-02
-4.259999999999999787e+00,6.407010196131786251e-04,4.401592622006469946e-03,9.556336724201865140e-02
-4.254999999999999893e+00,6.418583293777361653e-04,7.611568500500960101e-03,1.049700084868754046e-01
-4.250000000000000000e+00,6.430203953929762876e-04,5.904462982668809250e-03,1.121464575229494803e-01
-4.245000000000000107e+00,6.441872414725487205e-04,5.925449478148845338e-03,1.169180176403690069e-01
-4.240000000000000213e+00,6.453588915881830132e-04,6.577527994044386414e-03,1.191631848014692019e-01
-4.235000000000000320e+00,6.465353698712082622e-04,3.246391058384394922e-03,1.188162995420014578e-01
-4.230000000000000426e+00,6.477167006140947380e-04,4.677909426740749568e-03,1.158689076232627679e-01
-4.224999999999999645e+00,6.489029082715103321e-04,6.839829293502975791e-03,1.103698190745964897e-01
-4.219999999999999751e+00,6.500940174613020848e-04,5.902474468029416006e-03,1.024238868397926161e-01
-4.214999999999999858e+00,6.512900529663504965e-04,4.623632839617193395e-03,9.218955576504049565e-02
-4.209999999999999964e+00,6.524910397356646803e-04,5.343115251747444783e-03,7.987525935483993922e-02
-4.205000000000000071e+00,6.536970028856558656e-04,6.012084843171633212e-03,6.573476498242948607e-02
-4.200000000000000178e+00,6.549079677018594366e-04,3.583129405911208293e-03,5.006158767321697983e-02
-4.195000000000000284e+00,6.561239596394446158e-04,4.494842203831487908e-03,3.318260800619018958e-02
-4.190000000000000391e+00,6.573450043257328488e-04,3.579955446037220729e-03,1.545104111277150610e-02
-4.185000000000000497e+00,6.585711275605659991e-04,6.185603129799668864e-03,-2.761088615809105182e-03
-4.179999999999999716e+00,6.598023553182948836e-04,3.227458780056987209e-03,-2.107080834783052123e-02
-4.174999999999999822e+00,6.610387137492551969e-04,4.145680173109019852e-03,-3.909223330865730511e-02
-4.169999999999999929e+00,6.622802291806690255e-04,5.787065482322660201e-03,-5.644462064482444474e-02
-4.165000000000000036e+00,6.635269281186755583e-04,6.874985783764480524e-03,-7.276028606887473271e-02
-4.160000000000000142e+00,6.647788372495973264e-04,5.868304409529078586e-03,-8.769223423316099830e-02
-4.155000000000000249e+00,6.660359834409094798e-04,5.180768401830590161e-03,-1.009213608328510398e-01
-4.150000000000000355e+00,6.672983937435255026e-04,6.009907001030776255e-03,-1.121630928270344191e-01
-4.145000000000000462e+00,6.685660953930701745e-04,5.348692343955913607e-03,-1.211733428127815676e-01
-4.139999999999999680e+00,6.698391158109290788e-04,6.766729700138802810e-03,-1.277536645198577292e-01
-4.134999999999999787e+00,6.711174826063650732e-04,3.465302618471327069e-03,-1.317555087088878307e-01
-4.129999999999999893e+00,6.724012235777740128e-04,3.872088852228914267e-03,-1.330834925892155352e-01
-4.125000000000000000e+00,6.736903667142470856e-04,4.795643518327803029e-03,-1.316976113626236455e-01
-4.120000000000000107e+00,6.749849401971160174e-04,4.777664571147157389e-03,-1.276143377350481001e-01
-4.115000000000000213e+00,6.762849724021130189e-04,5.546747611250981563e-03,-1.209065742347220085e-01
-4.110000000000000320e+00,6.775904918996585339e-04,6.082448566500841744e-03,-1.117024438342779646e-01
-4.105000000000000426e+00,6.789015274583523694e-04,3.849327271257148297e-03,-1.001829264718740176e-01
-4.099999999999999645e+00,6.802181080443521228e-04,6.005510941853709969e-03,-8.657837224737681414e-02
-4.094999999999999751e+00,6.815402628257393727e-04,2.482368955428369654e-03,-7.116394585515198323e-02
-4.089999999999999858e+00,6.828680211712229728e-04,4.889806596112863946e-03,-5.425408062296118578e-02
-4.084999999999999964e+00,6.842014126545513213e-04,5.134780168676572089e-03,-3.619604370521401632e-02
-4.080000000000000071e+00,6.855404670541506706e-04,7.746264538211948200e-03,-1.736273583707415025e-02
-4.075000000000000178e+00,6.868852143564630613e-04,6.033378318503423120e-03,1.855131089900770736e-03
-4.070000000000000284e+00,6.882356847560248177e-04,4.255087712375621445e-03,2.105731816904344092e-02
-4.065000000000000391e+00,6.895919086588273581e-04,6.358277740772085886e-03,3.984263090166766802e-02
-4.060000000000000497e+00,6.909539166830712571e-04,7.681277050919713134e-03,5.781759319985436268e-02
-4.054999999999999716e+00,6.923217396615616824e-04,6.546978198523373260e-03,7.460503307700892817e-02
-4.049999999999999822e+00,6.936954086426457954e-04,5.331038585074306460e-03,8.985238726890747152e-02
-4.044999999999999929e+00,6.950749548932859227e-04,5.748247610971399940e-03,1.032395346233542649e-01
-4.040000000000000036e+00,6.964604098996899110e-04,4.919871121723333809e-03,1.144859751763277617e-01
-4.035000000000000142e+00,6.978518053704017539e-04,5.759914217796846189e-03,1.233571833170401533e-01
-4.030000000000000249e+00,6.992491732368760022e-04,6.463403475409243600e-03,1.296699791741143803e-01
-4.025000000000000355e+00,7.006525456564170360e-04,4.378585509289678948e-03,1.332967820773847123e-01
-4.020000000000000462e+00,7.020619550133719040e-04,5.188328233735376403e-03,1.341686333512234486e-01
-4.014999999999999680e+00,7.034774339219500077e-04,6.591104457993921840e-03,1.322769023779950259e-01
-4.009999999999999787e+00,7.048990152272519016e-04,7.827382365719129376e-03,1.276736193655272633e-01
-4.004999999999999893e+00,7.063267320077034348e-04,7.154794664605946576e-03,1.204704100128837496e-01
-4.000000000000000000e+00,7.077606175772385754e-04,6.365472063679671402e-03,1.108360406513730356e-01
-3.995000000000000107e+00,7.092007054865962249e-04,4.931806331824299325e-03,9.899261671789227890e-02
-3.990000000000000213e+00,7.106470295265913647e-04,5.844669779307224040e-03,8.521051177319283187e-02
-3.984999999999999876e+00,7.120996237288780084e-04,6.616549212494637552e-03,6.980213780334121321e-02
-3.979999999999999982e+00,7.135585223689848607e-04,6.368021210037817618e-03,5.311469927191778129e-02
-3.975000000000000089e+00,7.150237599673481270e-04,7.422911013582103243e-03,3.552210230912616201e-02
-3.970000000000000195e+00,7.164953712934249777e-04,5.187944975098860920e-03,1.741621551879410715e-02
-3.965000000000000302e+00,7.179733913654685754e-04,7.340457589216204358e-03,-8.023008177726799082e-04
-3.959999999999999964e+00,7.194578554536880909e-04,7.623037988897216760e-03,-1.873336574851797859e-02
-3.955000000000000071e+00,7.209487990840828756e-04,4.561768055824953066e-03,-3.598680928100404103e-02
-3.950000000000000178e+00,7.224462580373609702e-04,6.047592947718610258e-03,-5.219142382690732107e-02
-3.945000000000000284e+00,7.239502683537705260e-04,4.288150167025541089e-03,-6.700350070278805747e-02
-3.939999999999999947e+00,7.254608663345361559e-04,4.964714441879941771e-03,-8.011463029236100264e-02
-3.935000000000000053e+00,7.269780885441177619e-04,5.734297266391252985e-03,-9.125856488788193499e-02
-3.930000000000000160e+00,7.285019718124865996e-04,6.031990228287484497e-03,-1.002169701293995491e-01
-3.925000000000000266e+00,7.300325532377591317e-04,5.564840384001972298e-03,-1.068239235022017536e-01
-3.919999999999999929e+00,7.315698701879223180e-04,5.081216762105446837e-03,-1.109690554312577765e-01
-3.915000000000000036e+00,7.331139603041063888e-04,5.446768390932407375e-03,-1.125992688058928826e-01
-3.910000000000000142e+00,7.346648615021250618e-04,5.459163218458872903e-03,-1.117190148173959202e-01
-3.905000000000000249e+00,7.362226119758795038e-04,6.259726650993563055e-03,-1.083891452382240855e-01
-3.899999999999999911e+00,7.377872501985705770e-04,5.884496140880325979e-03,-1.027244021664822926e-01
-3.895000000000000018e+00,7.393588149265839689e-04,5.139924635739642061e-03,-9.488964430894937518e-02
-3.890000000000000124e+00,7.409373452004494945e-04,6.305939014226667576e-03,-8.509494273845631673e-02
-3.885000000000000231e+00,7.425228803491116603e-04,8.441214133022557214e-03,-7.358970759472903411e-02
-3.879999999999999893e+00,7.441154599907767514e-04,5.910147982557220625e-03,-6.065602951225415596e-02
-3.875000000000000000e+00,7.457151240373082954e-04,4.942836661126159825e-03,-4.660143506597280022e-02
-3.870000000000000107e+00,7.473219126950903044e-04,5.924290421856345454e-03,-3.175126393534519892e-02
-3.865000000000000213e+00,7.489358664687270064e-04,7.382943382390183204e-03,-1.644087683193849389e-02
-3.859999999999999876e+00,7.505570261633896009e-04,5.382281252371569000e-03,-1.007897841773579229e-03
-3.854999999999999982e+00,7.521854328878989707e-04,7.725200254835830165e-03,1.421531670783011611e-02
-3.850000000000000089e+00,7.538211280568693669e-04,6.677159996780655631e-03,2.890880761611518829e-02
-3.845000000000000195e+00,7.554641533936218767e-04,6.916213832101813716e-03,4.277158637667552443e-02
-3.839999999999999858e+00,7.571145509336041053e-04,6.685552443173499622e-03,5.552752335685413876e-02
-3.834999999999999964e+00,7.587723630266029248e-04,5.754084380341195626e-03,6.693044752554797028e-02
-3.830000000000000071e+00,7.604376323394554122e-04,6.278745227148730887e-03,7.676838213717444848e-02
-3.825000000000000178e+00,7.621104018593076370e-04,5.323045012940069362e-03,8.486686810723691188e-02
-3.820000000000000284e+00,7.637907148965758335e-04,6.544882330989253497e-03,9.109135304068863292e-02
-3.814999999999999947e+00,7.654786150878093451e-04,7.281033938346470093e-03,9.534864818061089542e-02
-3.810000000000000053e+00,7.671741463982670144e-04,6.168980406584425973e-03,9.758747729424771533e-02
-3.805000000000000160e+00,7.688773531256767619e-04,5.962958658791970602e-03,9.779816026365450998e-02
-3.800000000000000266e+00,7.705882799026541165e-04,5.934322607783157691e-03,9.601148964696605559e-02
-3.794999999999999929e+00,7.723069717002199091e-04,6.624461796515900003e-03,9.229687065971681204e-02
-3.790000000000000036e+00,7.740334738302000455e-04,5.682225497167979478e-03,8.675980399060104209e-02
-3.785000000000000142e+00,7.757678319496898178e-04,7.900289309598905116e-03,7.953879684925137250e-02
-3.780000000000000249e+00,7.775100920625921700e-04,6.106739476797211005e-03,7.080179098217020961e-02
-3.774999999999999911e+00,7.792603005244336158e-04,4.323200006414444629e-03,6.074219748695289245e-02
-3.770000000000000018e+00,7.810185040440728328e-04,6.633836661948160074e-03,4.957462753570363728e-02
-3.765000000000000124e+00,7.827847496882729596e-04,5.628774200342909380e-03,3.753040600721953973e-02
-3.760000000000000231e+00,7.845590848847572036e-04,6.744432967781404352e-03,2.485295190361466733e-02
-3.754999999999999893e+00,7.863415574241008812e-04,7.212860900532403613e-03,1.179310561770686647e-02
-3.750000000000000000e+00,7.881322154662559303e-04,8.245629807220966265e-03,-1.395521138325193575e-03
-3.745000000000000107e+00,7.899311075399189285e-04,6.003284017014279966e-03,-1.446110146859878876e-02
-3.740000000000000213e+00,7.917382825504392643e-04,5.333316826889894502e-03,-2.715798895602749077e-02
-3.734999999999999876e+00,7.935537897787993357e-04,7.323127444447948518e-03,-3.925089123848681666e-02
-3.729999999999999982e+00,7.953776788889396375e-04,5.934504357427998825e-03,-5.051876503652090455e-02
-3.725000000000000089e+00,7.972099999296017965e-04,6.189277177148209269e-03,-6.075838161913058033e-02
-3.720000000000000195e+00,7.990508033376753950e-04,5.797838709006057460e-03,-6.978751751980996620e-02
-3.714999999999999858e+00,8.009001399430003363e-04,7.330843459582831075e-03,-7.744773157775292072e-02
-3.709999999999999964e+00,8.027580609708164904e-04,5.430714310366929753e-03,-8.360669611472174023e-02
-3.705000000000000071e+00,8.046246180464924425e-04,5.416981677887016886e-03,-8.816005724167033653e-02
-3.700000000000000178e+00,8.064998631988731835e-04,7.052136420951615227e-03,-9.103280685466005884e-02
-3.695000000000000284e+00,8.083838488647546129e-04,6.362952248991617966e-03,-9.218015669699908265e-02
-3.689999999999999947e+00,8.102766278914420384e-04,6.105679661906653760e-03,-9.158791275950484145e-02
-3.685000000000000053e+00,8.121782535418433247e-04,5.683845364055811408e-03,-8.927235606133042400e-02
-3.680000000000000160e+00,8.140887794984709002e-04,7.827304970761519987e-03,-8.527964327491520391e-02
-3.675000000000000266e+00,8.160082598660187972e-04,6.003739522414388782e-03,-7.968474752043414044e-02
-3.669999999999999929e+00,8.179367491774374365e-04,6.009604363384809210e-03,-7.258996577163610853e-02
-3.665000000000000036e+00,8.198743023966327493e-04,5.295746753893521876e-03,-6.412302454696545972e-02
-3.660000000000000142e+00,8.218209749230912745e-04,7.711802656084679880e-03,-5.443481983122688828e-02
-3.655000000000000249e+00,8.237768225961681788e-04,7.396099330426998859e-03,-4.369683047110604901e-02
-3.649999999999999911e+00,8.257419016989787832e-04,6.941396761164157596e-03,-3.209824667207586413e-02
-3.645000000000000018e+00,8.277162689629834376e-04,7.117810334498233388e-03,-1.984285681078279059e-02
-3.640000000000000124e+00,8.296999815724550838e-04,7.804296959033136388e-03,-7.145736728880412378e-03
-3.635000000000000231e+00,8.316930971686032356e-04,6.616696930406760352e-03,5.770213821028732579e-03
-3.629999999999999893e+00,8.336956738540270140e-04,6.349617931578288577e-03,1.867784265331389609e-02
-3.625000000000000000e+00,8.357077701971627609e-04,5.631139073185985333e-03,3.134937945979736351e-02
-3.620000000000000107e+00,8.377294452373829341e-04,7.314621052999905997e-03,4.356008763976017967e-02
-3.615000000000000213e+00,8.397607584889740448e-04,5.649317150116357766e-03,5.509188799535636588e-02
-3.609999999999999876e+00,8.418017699458053404e-04,6.263167764710010632e-03,6.573690816154120764e-02
-3.604999999999999982e+00,8.438525400864971965e-04,6.062230146571908306e-03,7.530091109370846969e-02
-3.600000000000000089e+00,8.459131298790803673e-04,6.897588086502832311e-03,8.360655544521186644e-02
-3.595000000000000195e+00,8.479836007852389022e-04,8.384616363190664293e-03,9.049644040294976821e-02
-3.589999999999999858e+00,8.500640147657728988e-04,5.888435969834513069e-03,9.583588772647125276e-02
-3.584999999999999964e+00,8.521544342855015899e-04,7.614909679874400268e-03,9.951541456640139449e-02
-3.580000000000000071e+00,8.542549223182398319e-04,7.334652500677408919e-03,1.014528523319431358e-01
-3.575000000000000178e+00,8.563655423515940729e-04,8.816304374702859520e-03,1.015950696029917916e-01
-3.570000000000000284e+00,8.584863583917769691e-04,5.434135637571915062e-03,9.991926095604442004e-02
-3.564999999999999947e+00,8.606174349701327646e-04,6.048474135063800286e-03,9.643376864641702018e-02
-3.560000000000000053e+00,8.627588371467433473e-04,8.673179792515382791e-03,9.117841033707106690e-02
-3.555000000000000160e+00,8.649106305169514597e-04,7.911589475672657634e-03,8.422429338819190092e-02
-3.550000000000000266e+00,8.670728812156658491e-04,6.174204872811925142e-03,7.567310445928025764e-02
-3.544999999999999929e+00,8.692456559237746487e-04,5.361188356579857026e-03,6.565587210467255241e-02
-3.540000000000000036e+00,8.714290218728011584e-04,5.922578776113959081e-03,5.433120941100421514e-02
-3.535000000000000142e+00,8.736230468514420179e-04,7.690902186252966503e-03,4.188305325251522049e-02
-3.530000000000000249e+00,8.758277992099399020e-04,8.743372493198842133e-03,2.851792615681750936e-02
-3.524999999999999911e+00,8.780433478667049605e-04,8.584704207770209317e-03,1.446175582240359810e-02
-3.520000000000000018e+00,8.802697623137459119e-04,7.054730958704402699e-03,-4.370420466829945952e-05
-3.515000000000000124e+00,8.825071126224247721e-04,5.222029146078355569e-03,-1.474480148095144195e-02
-3.510000000000000231e+00,8.847554694497194224e-04,8.186055978177035272e-03,-2.938020119881664879e-02
-3.504999999999999893e+00,8.870149040435708950e-04,4.325678808658814725e-03,-4.368532837708517802e-02
-3.500000000000000000e+00,8.892854882495051377e-04,7.375614765756205796e-03,-5.739696687103627154e-02
-3.495000000000000107e+00,8.915672945164684069e-04,6.214963702223832466e-03,-7.025794241032509713e-02
-3.490000000000000213e+00,8.938603959027628405e-04,7.477643431563239101e-03,-8.202181384091300487e-02
-3.484999999999999876e+00,8.961648660829084822e-04,6.707935838217173562e-03,-9.245749459913814305e-02
-3.479999999999999982e+00,8.984807793536179945e-04,7.298638140456348462e-03,-1.013537251496250402e-01
-3.475000000000000089e+00,9.008082106398565894e-04,8.180785827876903629e-03,-1.085233166694893336e-01
-3.470000000000000195e+00,9.031472355022610076e-04,7.479954785928470337e-03,-1.138070866888209326e-01
-3.464999999999999858e+00,9.054979301428507698e-04,5.721498866786982676e-03,-1.170774087710678146e-01
-3.459999999999999964e+00,9.078603714119961275e-04,8.829544703128749603e-03,-1.182413007474761163e-01
-3.455000000000000071e+00,9.102346368152289128e-04,5.616970392025080576e-03,-1.172429796507756944e-01
-3.450000000000000178e+00,9.126208045199158021e-04,7.324408552571479158e-03,-1.140658164875407304e-01
-3.445000000000000284e+00,9.150189533621347609e-04,7.759521817266992055e-03,-1.087336305143200288e-01
-3.439999999999999947e+00,9.174291628540771079e-04,6.663347134198114446e-03,-1.013112708843769971e-01
-3.435000000000000053e+00,9.198515131902430808e-04,7.924015675214614654e-03,-9.190444351813652213e-02
-3.430000000000000160e+00,9.222860852555884222e-04,7.917965156461478221e-03,-8.065875286333103189e-02
-3.425000000000000266e+00,9.247329606321272799e-04,6.638697166845646501e-03,-6.775794181354340140e-02
-3.419999999999999929e+00,9.271922216065460161e-04,5.964809474547145239e-03,-5.342132831384039521e-02
-3.415000000000000036e+00,9.296639511772694956e-04,5.943259406268559808e-03,-3.790045386998944915e-02
-3.410000000000000142e+00,9.321482330627711699e-04,7.648632122468332177e-03,-2.147497695886778357e-02
-3.405000000000000249e+00,9.346451517081123339e-04,7.189453136898443265e-03,-4.447862792873057483e-03
-3.399999999999999911e+00,9.371547922939026240e-04,5.897229829092217115e-03,1.286006048267313885e-02
-3.395000000000000018e+00,9.396772407424210972e-04,9.278150928225982821e-03,3.011609083724489308e-02
-3.390000000000000124e+00,9.422125837277306459e-04,9.202652383089190979e-03,4.698208105761351311e-02
-3.385000000000000231e+00,9.447609086813224619e-04,8.033796606069025861e-03,6.312118582087603014e-02
-3.379999999999999893e+00,9.473223038024095608e-04,8.305754882124833510e-03,7.820479231162605349e-02
-3.375000000000000000e+00,9.498968580644701586e-04,6.220635890352862150e-03,9.191948871237266838e-02
-3.370000000000000107e+00,9.524846612246280807e-04,9.035170800360202079e-03,1.039739172223409364e-01
-3.365000000000000213e+00,9.550858038308251930e-04,7.360050936097866682e-03,1.141053541579706981e-01
-3.359999999999999876e+00,9.577003772328567368e-04,7.173726915232363915e-03,1.220858594590419205e-01
-3.354999999999999982e+00,9.603284735874331431e-04,7.365615405525473280e-03,1.277278417645361930e-01
-3.350000000000000089e+00,9.629701858699557700e-04,8.873020623044387475e-03,1.308888932155366780e-01
-3.345000000000000195e+00,9.656256078818779842e-04,8.656955505245289215e-03,1.314757602501765987e-01
-3.339999999999999858e+00,9.682948342602493933e-04,8.122726797643040411e-03,1.294473327192714185e-01
-3.334999999999999964e+00,9.709779604867008456e-04,6.668421571414837219e-03,1.248165533917199171e-01
-3.330000000000000071e+00,9.736750828961002668e-04,9.024007880917395141e-03,1.176511729341476187e-01
-3.325000000000000178e+00,9.763862986869636029e-04,7.978742212124521546e-03,1.080733012304067042e-01
-3.320000000000000284e+00,9.791117059296853241e-04,9.363540001078420397e-03,9.625773383658398075e-02
-3.314999999999999947e+00,9.818514035773262365e-04,1.032492902037493616e-02,8.242906174562995847e-02
-3.310000000000000053e+00,9.846054914741083144e-04,8.071678551941047219e-03,6.685760268855900357e-02
-3.305000000000000160e+00,9.873740703664733460e-04,8.124671376616701343e-03,4.985422210654654601e-02
-3.300000000000000266e+00,9.901572419115604179e-04,7.150937966014039165e-03,3.176414084921855979e-02
-3.294999999999999929e+00,9.929551086890614497e-04,8.722930247580022722e-03,1.295985375503770805e-02
-3.290000000000000036e+00,9.957677742096408911e-04,8.593576705670262147e-03,-6.166692246034406050e-03
-3.285000000000000142e+00,9.985953429268554400e-04,7.502015818417762279e-03,-2.521249072911772166e-02
-3.280000000000000249e+00,1.001437920246046236e-03,8.565878619131161997e-03,-4.377225213293167022e-02
-3.274999999999999911e+00,1.004295612537084523e-03,7.784985970316687584e-03,-6.144736428489246116e-02
-3.270000000000000018e+00,1.007168527142326226e-03,7.830039222660546694e-03,-7.785482971685231401e-02
-3.265000000000000124e+00,1.010056772390635670e-03,8.739377265825873028e-03,-9.263596973856279282e-02
-3.260000000000000231e+00,1.012960457605696640e-03,8.203556929443208898e-03,-1.054646877800894250e-01
-3.254999999999999893e+00,1.015879693118859964e-03,8.385231131566766097e-03,-1.160550922099779642e-01
-3.250000000000000000e+00,1.018814590280114332e-03,7.966389959024313891e-03,-1.241682914811088195e-01
-3.245000000000000107e+00,1.021765261469375014e-03,7.939892708930525872e-03,-1.296181917346098666e-01
-3.240000000000000213e+00,1.024731820108108890e-03,8.286408841181478954e-03,-1.322761484816627475e-01
-3.234999999999999876e+00,1.027714380671473178e-03,6.975648483116133995e-03,-1.320743491749099274e-01
-3.229999999999999982e+00,1.030713058700094423e-03,7.552990319135850436e-03,-1.290078318030825344e-01
-3.225000000000000089e+00,1.033727970812211780e-03,9.189539746595906666e-03,-1.231350754730567293e-01
-3.220000000000000195e+00,1.036759234715730737e-03,8.798458196141542564e-03,-1.145771316292939074e-01
-3.214999999999999858e+00,1.039806969221148325e-03,9.416325998453089000e-03,-1.035152984239754159e-01
-3.209999999999999964e+00,1.042871294253988265e-03,8.147480867153115286e-03,-9.018737509833302246e-02
-3.205000000000000071e+00,1.045952330867424987e-03,9.220987816398344694e-03,-7.488256736046695894e-02
-3.200000000000000178e+00,1.049050201255334819e-03,8.830031295199753869e-03,-5.793514792761654542e-02
-3.195000000000000284e+00,1.052165028765667670e-03,8.773154430193375736e-03,-3.971700790982321538e-02
-3.189999999999999947e+00,1.055296937913638086e-03,7.849133139398035974e-03,-2.062926380720761163e-02
-3.185000000000000053e+00,1.058446054395155260e-03,8.117179541914518875e-03,-1.093110825635361513e-03
-3.180000000000000160e+00,1.061612505100640105e-03,7.919141444907304775e-03,1.845986475150478492e-02
-3.175000000000000266e+00,1.064796418128612478e-03,8.261670065833733034e-03,3.759768398820765439e-02
-3.169999999999999929e+00,1.067997922800380597e-03,8.531896059180765074e-03,5.589804224984806086e-02
-3.165000000000000036e+00,1.071217149674266430e-03,1.013472261696219193e-02,7.295819619060552041e-02
-3.160000000000000142e+00,1.074454230558488394e-03,8.816195082683565484e-03,8.840442242165694187e-02
-3.155000000000000249e+00,1.077709298528641739e-03,9.237922528934634780e-03,1.019008063620849419e-01
-3.149999999999999911e+00,1.080982487940175757e-03,1.028908592442247943e-02,1.131571334872115836e-01
-3.145000000000000018e+00,1.084273934444798197e-03,1.007681683406770612e-02,1.219356756923577062e-01
-3.140000000000000124e+00,1.087583775005101583e-03,8.246411578148222371e-03,1.280566924669497841e-01
-3.135000000000000231e+00,1.090912147910566479e-03,1.007422083533361136e-02,1.314024994498198817e-01
-3.129999999999999893e+00,1.094259192792238541e-03,1.056643141777809623e-02,1.319199948753873308e-01
-3.125000000000000000e+00,1.097625050640977599e-03,7.934181368629542042e-03,1.296215763397819409e-01
-3.120000000000000107e+00,1.101009863820440107e-03,1.038240504851391070e-02,1.245844249189505815e-01
-3.115000000000000213e+00,1.104413776086784300e-03,9.519409790287503351e-03,1.169481794947238307e-01
-3.109999999999999876e+00,1.107836932602501582e-03,1.152572555460710559e-02,1.069110696177742736e-01
-3.104999999999999982e+00,1.111279479955083445e-03,1.027480762386986761e-02,9.472461875754839555e-02
-3.100000000000000089e+00,1.114741566173431311e-03,8.541819704028183816e-03,8.068706979342721297e-02
-3.095000000000000195e+00,1.118223340745574772e-03,9.696697467391646869e-03,6.513571965434955535e-02
-3.089999999999999858e+00,1.121724954635335133e-03,9.160713001128832286e-03,4.843837887115220314e-02
-3.084999999999999964e+00,1.125246560301760386e-03,9.254670898115373301e-03,3.098419348745922591e-02
-3.080000000000000071e+00,1.128788311715761853e-03,8.953349523302331359e-03,1.317408061164968523e-02
-3.075000000000000178e+00,1.132350364379550904e-03,8.887034395400922326e-03,-4.588965445121776648e-03
-3.070000000000000284e+00,1.135932875344390809e-03,8.004209183028578381e-03,-2.190944198257599798e-02
-3.064999999999999947e+00,1.139536003230056434e-03,8.006823519141706771e-03,-3.840853748029891823e-02
-3.060000000000000053e+00,1.143159908244078832e-03,8.916761511477206553e-03,-5.373273509074637938e-02
-3.055000000000000160e+00,1.146804752200975084e-03,7.140567539868813290e-03,-6.756161675664214272e-02
-3.050000000000000266e+00,1.150470698541987934e-03,9.639329682889122286e-03,-7.961469321137749910e-02
-3.044999999999999929e+00,1.154157912355112305e-03,1.053883327093628128e-02,-8.965711744232711389e-02
-3.040000000000000036e+00,1.157866560395625971e-03,1.089596019467895492e-02,-9.750417396979120521e-02
-3.035000000000000142e+00,1.161596811106536953e-03,8.648899532343158961e-03,-1.030244722171861083e-01
-3.030000000000000249e+00,1.165348834639516433e-03,1.032293966660314394e-02,-1.061418081095376470e-01
-3.024999999999999911e+00,1.169122802876274882e-03,9.750767600680085995e-03,-1.068356927521105365e-01
-3.020000000000000018e+00,1.172918889449719396e-03,8.894764689447096084e-03,-1.051405796917270347e-01
-3.015000000000000124e+00,1.176737269766441139e-03,1.044773576432438990e-02,-1.011438521208666286e-01
-3.010000000000000231e+00,1.180578121028422363e-03,8.399214312077393774e-03,-9.498265790200884073e-02
-3.004999999999999893e+00,1.184441622255519300e-03,8.881219462643292692e-03,-8.683970310628492950e-02
-3.000000000000000000e+00,1.188327954308985874e-03,1.054092518726661501e-02,-7.693813366398961906e-02
-2.995000000000000107e+00,1.192237299913696596e-03,1.034019444747117863e-02,-6.553564963776314922e-02
-2.990000000000000213e+00,1.196169843682514874e-03,9.570468465150958060e-03,-5.291800757062146282e-02
-2.984999999999999876e+00,1.200125772139649114e-03,7.555230574426065326e-03,-3.939207342475112283e-02
-2.979999999999999982e+00,1.204105273744766457e-03,1.044807879266402423e-02,-2.527859194712093333e-02
-2.975000000000000089e+00,1.208108538919031852e-03,8.947461134168813515e-03,-1.090483804833532015e-02
-2.970000000000000195e+00,1.212135760067832493e-03,9.606533439867719071e-03,3.402687846870018282e-03
-2.964999999999999858e+00,1.216187131608120319e-03,1.104409081520774799e-02,1.732536531589955880e-02
-2.959999999999999964e+00,1.220262849993519099e-03,1.049319875914254963e-02,3.055921487915312998e-02
-2.955000000000000071e+00,1.224363113739246984e-03,9.783628631297031086e-03,4.282118130072010836e-02
-2.950000000000000178e+00,1.228488123450645342e-03,9.092077395349121988e-03,5.385482089424245555e-02
-2.944999999999999840e+00,1.232638081849397795e-03,1.059081588862156691e-02,6.343529115946607011e-02
-2.939999999999999947e+00,1.236813193800125705e-03,9.681810789550300902e-03,7.137355930120126146e-02
-2.935000000000000053e+00,1.241013666339333982e-03,1.183529271145720291e-02,7.751976548110871279e-02
-2.930000000000000160e+00,1.245239708702664894e-03,1.031373134475135726e-02,8.176569651698985253e-02
-2.925000000000000266e+00,1.249491532354189086e-03,1.124526544638293317e-02,8.404634563717380824e-02
-2.919999999999999929e+00,1.253769351014973228e-03,1.025399121724444168e-02,8.434055329797861267e-02
-2.915000000000000036e+00,1.258073380692960189e-03,1.034099142338366570e-02,8.267074247973359158e-02
-2.910000000000000142e+00,1.262403839713485210e-03,1.204200965469851177e-02,7.910177886151655013e-02
-2.905000000000000249e+00,1.266760948748878093e-03,8.076362418958309142e-03,7.373900148874354410e-02
-2.899999999999999911e+00,1.271144930849025341e-03,1.103119889447697413e-02,6.672548275201453660e-02
-2.895000000000000018e+00,1.275556011474294994e-03,8.320400632994648382e-03,5.823858757624735677e-02
-2.890000000000000124e+00,1.279994418526686191e-03,8.505677987623968400e-03,4.848591067464264048e-02
-2.885000000000000231e+00,1.284460382381397885e-03,1.135949879678112284e-02,3.770067767518460455e-02
-2.879999999999999893e+00,1.288954135921125625e-03,1.069852946353811417e-02,2.613670108257249922e-02
-2.875000000000000000e+00,1.293475914569024990e-03,9.935974922804150997e-03,1.406298567323958568e-02
-2.870000000000000107e+00,1.298025956322210834e-03,1.152127443450816358e-02,1.758080335298708692e-03
-2.865000000000000213e+00,1.302604501787080161e-03,1.148943986284396528e-02,-1.049572514395561394e-02
-2.859999999999999876e+00,1.307211794213521084e-03,1.032754221757959355e-02,-2.241825902270707868e-02
-2.854999999999999982e+00,1.311848079531619578e-03,1.061391602205151788e-02,-3.373728263754657841e-02
-2.850000000000000089e+00,1.316513606386794134e-03,1.142576227300184759e-02,-4.419416197114382078e-02
-2.845000000000000195e+00,1.321208626177206805e-03,1.197676456508602223e-02,-5.354929673059668355e-02
-2.839999999999999858e+00,1.325933393090742958e-03,1.053493476342707083e-02,-6.158720901465291470e-02
-2.834999999999999964e+00,1.330688164143745047e-03,1.129040628559016372e-02,-6.812119555577737795e-02
-2.830000000000000071e+00,1.335473199218243463e-03,1.058172891050807897e-02,-7.299745053768133540e-02
-2.825000000000000178e+00,1.340288761102751379e-03,9.087802788227078085e-03,-7.609857045992617086e-02
-2.819999999999999840e+00,1.345135115530809652e-03,1.136606969543592881e-02,-7.734635880403430142e-02
-2.814999999999999947e+00,1.350012531222520443e-03,1.052901603628631291e-02,-7.670385667248896810e-02
-2.810000000000000053e+00,1.354921279924814915e-03,9.485488941901118118e-03,-7.417653638187608756e-02
-2.805000000000000160e+00,1.359861636453838602e-03,1.193974870826513407e-02,-6.981260834231893531e-02
-2.800000000000000266e+00,1.364833878737320731e-03,1.125168172875662398e-02,-6.370240747463445929e-02
-2.794999999999999929e+00,1.369838287857827594e-03,1.212941278635261411e-02,-5.597684377203135386e-02
-2.790000000000000036e+00,1.374875148096538083e-03,1.053699599014192891e-02,-4.680492211847937789e-02
-2.785000000000000142e+00,1.379944746978118168e-03,1.225505253386832000e-02,-3.639035868327152035e-02
-2.780000000000000249e+00,1.385047375316021895e-03,1.093900728613686132e-02,-2.496734451856835735e-02
-2.774999999999999911e+00,1.390183327258869440e-03,1.076576945314891044e-02,-1.279553066772066809e-02
-2.770000000000000018e+00,1.395352900336616769e-03,1.036949306225614688e-02,-1.543323158884769960e-04
-2.765000000000000124e+00,1.400556395509288147e-03,1.247117986665772019e-02,1.266332861583520028e-02
-2.760000000000000231e+00,1.405794117214683413e-03,1.011404738398817560e-02,2.535770342820191370e-02
-2.754999999999999893e+00,1.411066373418246511e-03,1.091308362060728829e-02,3.762916370450249126e-02
-2.750000000000000000e+00,1.416373475662749924e-03,1.086139401029292614e-02,4.918524755211861610e-02
-2.745000000000000107e+00,1.421715739119669159e-03,1.284599146048658221e-02,5.974762929720037197e-02
-2.740000000000000213e+00,1.427093482640908514e-03,1.234964483302173482e-02,6.905883428990547412e-02
-2.734999999999999876e+00,1.432507028811404398e-03,1.216450340383296025e-02,7.688852338142049270e-02
-2.729999999999999982e+00,1.437956704002738700e-03,1.055175391714679480e-02,8.303918015147608578e-02
-2.725000000000000089e+00,1.443442838427928072e-03,1.454328914972542568e-02,8.735104795041406800e-02
-2.720000000000000195e+00,1.448965766197068657e-03,1.311319343166456389e-02,8.970618288218029646e-02
-2.714999999999999858e+00,1.454525825373141927e-03,1.251337032207178179e-02,9.003151237661118078e-02
-2.709999999999999964e+00,1.460123358029948373e-03,1.238539574643555963e-02,8.830081615638590842e-02
-2.705000000000000071e+00,1.465758710310307482e-03,1.189135215088057106e-02,8.453557621767528174e-02
-2.700000000000000178e+00,1.471432232485396984e-03,1.299955864626433678e-02,7.880467381842788666e-02
-2.694999999999999840e+00,1.477144279015324630e-03,1.262235752662316073e-02,7.122294325862278674e-02
-2.689999999999999947e+00,1.482895208610557130e-03,1.038953621216855486e-02,6.194862330246964782e-02
-2.685000000000000053e+00,1.488685384294525897e-03,1.280440892088104479e-02,5.117977635673512382e-02
-2.680000000000000160e+00,1.494515173467171479e-03,1.247354212866178848e-02,3.914977202080612700e-02
-2.675000000000000266e+00,1.500384947969463567e-03,1.128239987404712485e-02,2.612195456327535970e-02
-2.669999999999999929e+00,1.506295084150411192e-03,1.363747881540527951e-02,1.238363264212941246e-02
-2.665000000000000036e+00,1.512245962932484353e-03,1.284969923224345799e-02,-1.760456228291142587e-03
-2.660000000000000142e+00,1.518237969881183801e-03,1.076763919495314636e-02,-1.599504454803085327e-02
-2.655000000000000249e+00,1.524271495273371579e-03,1.312091257804908623e-02,-3.000143047169435626e-02
-2.649999999999999911e+00,1.530346934169291755e-03,1.233455403600016223e-02,-4.346460357177862194e-02
-2.645000000000000018e+00,1.536464686483346703e-03,1.096467346638556502e-02,-5.608023823128161639e-02
-2.640000000000000124e+00,1.542625157058085013e-03,1.253833545068525589e-02,-6.756140010232657145e-02
-2.635000000000000231e+00,1.548828755738031757e-03,1.287597289648133650e-02,-7.764482224329020965e-02
-2.629999999999999893e+00,1.555075897446427883e-03,1.270048847213118767e-02,-8.609662139529060398e-02
-2.625000000000000000e+00,1.561367002261630256e-03,1.466968094353924244e-02,-9.271734080295888913e-02
-2.620000000000000107e+00,1.567702495496374644e-03,1.323861035366047899e-02,-9.734622346938397175e-02
-2.615000000000000213e+00,1.574082807777391936e-03,1.148461829328737208e-02,-9.986463824356760222e-02
-2.609999999999999876e+00,1.580508375127438660e-03,1.467506079211045034e-02,-1.001986002225717792e-01
-2.604999999999999982e+00,1.586979639047735383e-03,1.227370265590424503e-02,-9.832034620568960714e-02
-2.600000000000000089e+00,1.593497046603154421e-03,1.254528482121356099e-02,-9.424894504192572742e-02
-2.595000000000000195e+00,1.600061050507120683e-03,1.188612139294175675e-02,-8.804994138636443313e-02
-2.589999999999999858e+00,1.606672109210749346e-03,1.152333848566664334e-02,-7.983404940055524590e-02
-2.584999999999999964e+00,1.613330686991004508e-03,1.392038101954087836e-02,-6.975493011334173155e-02
-2.580000000000000071e+00,1.620037254042125613e-03,1.363708951426895362e-02,-5.800610234160732265e-02
-2.575000000000000178e+00,1.626792286567937734e-03,1.410366429804727970e-02,-4.481705211652012993e-02
-2.569999999999999840e+00,1.633596266876555106e-03,1.342183170630055142e-02,-3.044861934461459696e-02
-2.564999999999999947e+00,1.640449683475693129e-03,1.450687562928963496e-02,-1.518775283102434537e-02
-2.560000000000000053e+00,1.647353031171730400e-03,1.318112047673461289e-02,6.582643143735632989e-04
-2.555000000000000160e+00,1.654306811167990119e-03,1.373410943403342507e-02,1.676800759283367942e-02
-2.550000000000000266e+00,1.661311531167369154e-03,1.365622519311370832e-02,3.281240352463321575e-02
-2.544999999999999929e+00,1.668367705475641257e-03,1.245374830498117980e-02,4.846139703084300504e-02
-2.540000000000000036e+00,1.675475855106218093e-03,1.394926020883108936e-02,6.339066553567113127e-02
-2.535000000000000142e+00,1.682636507888734699e-03,1.510569304419586562e-02,7.728824985367092892e-02
-2.530000000000000249e+00,1.689850198577296002e-03,1.197227867414429013e-02,8.986097236981151204e-02
-2.524999999999999911e+00,1.697117468963120664e-03,1.493995967500358173e-02,1.008405156652979334e-01
-2.520000000000000018e+00,1.704438867987246057e-03,1.509077995644486463e-02,1.099890396187079011e-01
-2.515000000000000124e+00,1.711814951857744188e-03,1.513957606907552836e-02,1.171042221457542637e-01
-2.510000000000000231e+00,1.719246284165912384e-03,1.344360971948646566e-02,1.220236181057885866e-01
-2.504999999999999893e+00,1.726733436008630069e-03,1.427529281989618065e-02,1.246282424471759215e-01
-2.500000000000000000e+00,1.734276986109771186e-03,1.437340532108563607e-02,1.248452972890703588e-01
-2.495000000000000107e+00,1.741877520946144261e-03,1.475482432637221196e-02,1.226499781905178166e-01
-2.490000000000000213e+00,1.749535634873944194e-03,1.310660212863417641e-02,1.180663121460526765e-01
-2.484999999999999876e+00,1.757251930260079510e-03,1.470318972032356140e-02,1.111669986053741011e-01
-2.479999999999999982e+00,1.765027017613737467e-03,1.515050870862325559e-02,1.020722447364982022e-01
-2.475000000000000089e+00,1.772861515722318725e-03,1.304017703489847128e-02,9.094760686281726236e-02
-2.470000000000000195e+00,1.780756051788405687e-03,1.605229532098178050e-02,7.800087108840139671e-02
-2.464999999999999858e+00,1.788711261571104090e-03,1.418423442427819113e-02,6.347802711854448610e-02
-2.459999999999999964e+00,1.796727789528979003e-03,1.602053144828570128e-02,4.765840969092492024e-02
-2.455000000000000071e+00,1.804806288966593654e-03,1.672144681455174989e-02,3.084910134577254631e-02
-2.450000000000000178e+00,1.812947422183027119e-03,1.408140511161637409e-02,1.337870796977219320e-02
-2.444999999999999840e+00,1.821151860624597215e-03,1.341817237082727071e-02,-4.409365844481153568e-03
-2.439999999999999947e+00,1.829420285039542104e-03,1.280032201492068041e-02,-2.216400153190464795e-02
-2.435000000000000053e+00,1.837753385636714748e-03,1.713370088379632949e-02,-3.953366119810326762e-02
-2.430000000000000160e+00,1.846151862246591920e-03,1.350421091310344095e-02,-5.617373518823994688e-02
-2.425000000000000266e+00,1.854616424486507480e-03,1.436688451921069171e-02,-7.175378233774069858e-02
-2.419999999999999929e+00,1.863147791928107403e-03,1.437912808050743028e-02,-8.596450309394924882e-02
-2.415000000000000036e+00,1.871746694269528022e-03,1.442595680905017427e-02,-9.852428988840836177e-02
-2.410000000000000142e+00,1.880413871510046688e-03,1.523446834446494196e-02,-1.091852070393111579e-01
-2.405000000000000249e+00,1.889150074128644876e-03,1.490875708195273097e-02,-1.177382639422453608e-01
-2.399999999999999911e+00,1.897956063266320907e-03,1.581520335505258792e-02,-1.240178601264015357e-01
-2.395000000000000018e+00,1.906832610912343514e-03,1.473197860454684462e-02,-1.279052986064264652e-01
-2.390000000000000124e+00,1.915780500093835007e-03,1.576517836708284451e-02,-1.293312844484278967e-01
-2.385000000000000231e+00,1.924800525069775585e-03,1.522747006762522302e-02,-1.282773481387748937e-01
-2.379999999999999893e+00,1.933893491528835976e-03,1.450801781242027841e-02,-1.247761576816424911e-01
-2.375000000000000000e+00,1.943060216791494188e-03,1.508283329269863304e-02,-1.189107087909042487e-01
-2.370000000000000107e+00,1.952301530016146893e-03,1.611423582603447799e-02,-1.108124084920818486e-01
-2.365000000000000213e+00,1.961618272409384588e-03,1.507642156587866988e-02,-1.006580932851343091e-01
-2.359999999999999876e+00,1.971011297441980278e-03,1.501526693996733768e-02,-8.866604811024092481e-02
-2.354999999999999982e+00,1.980481471067393508e-03,1.446780805462252739e-02,-7.509111607462672089e-02
-2.350000000000000089e+00,1.990029671946704805e-03,1.461901125017179247e-02,-6.021901062946588556e-02
-2.345000000000000195e+00,1.999656791677136003e-03,1.744365222255685882e-02,-4.435996105782056415e-02
-2.339999999999999858e+00,2.009363735026284750e-03,1.681150031676640830e-02,-2.784183822495709532e-02
-2.334999999999999964e+00,2.019151420171241829e-03,1.741013631807681802e-02,-1.100292010408192821e-02
-2.330000000000000071e+00,2.029020778942284674e-03,1.429341778730200060e-02,5.815534739182865766e-03
-2.325000000000000178e+00,2.038972757072363574e-03,1.652639046042541499e-02,2.227673299892428752e-02
-2.319999999999999840e+00,2.049008314451963332e-03,1.753344223804873328e-02,3.805563888367664155e-02
-2.314999999999999947e+00,2.059128425389173886e-03,1.721292497769406557e-02,5.284594392755867509e-02
-2.310000000000000053e+00,2.069334078875685427e-03,1.687656768999743276e-02,6.636655381427072897e-02
-2.305000000000000160e+00,2.079626278859019427e-03,1.697437292184900484e-02,7.836744396810180202e-02
-2.300000000000000266e+00,2.090006044519606473e-03,1.647711039601882851e-02,8.863475162566811227e-02
-2.294999999999999929e+00,2.100474410555286560e-03,1.772404336114469930e-02,9.699499128836187867e-02
-2.290000000000000036e+00,2.111032427470637546e-03,1.680946214613999665e-02,1.033183023486822782e-01
-2.285000000000000142e+00,2.121681161874391756e-03,1.657995203982293858e-02,1.075206616970748041e-01
-2.280000000000000249e+00,2.132421696782582816e-03,1.819538166658158512e-02,1.095650196116939312e-01
-2.274999999999999911e+00,2.143255131927948327e-03,1.698542586000423293e-02,1.094613435495200710e-01
-2.270000000000000018e+00,2.154182584076732437e-03,1.858519702237416277e-02,1.072655809190547760e-01
-2.265000000000000124e+00,2.165205187353355393e-03,1.812310236729486324e-02,1.030775778559916839e-01
-2.260000000000000231e+00,2.176324093571535383e-03,1.800786072588750342e-02,9.703801580775658908e-02
-2.254999999999999893e+00,2.187540472572972912e-03,1.875306608622408916e-02,8.932445075827664949e-02
-2.250000000000000000e+00,2.198855512573811514e-03,1.595372028397665579e-02,8.014656064722608386e-02
-2.245000000000000107e+00,2.210270420519169689e-03,1.835084915658629495e-02,6.974072447330312285e-02
-2.240000000000000213e+00,2.221786422446008630e-03,1.741512045622412713e-02,5.836407131302896040e-02
-2.234999999999999876e+00,2.233404763853235036e-03,1.781890908612538543e-02,4.628814870189144892e-02
-2.229999999999999982e+00,2.245126710081807656e-03,1.936813128524015118e-02,3.379236727653296690e-02
-2.225000000000000089e+00,2.256953546702341728e-03,1.826267870915136010e-02,2.115738211012460623e-02
-2.220000000000000195e+00,2.268886579912870235e-03,1.898865872407589847e-02,8.658570737392200234e-03
-2.214999999999999858e+00,2.280927136944620008e-03,1.819252654184893431e-02,-3.440236502348549639e-03
-2.209999999999999964e+00,2.293076566478900909e-03,1.839321834505037653e-02,-1.489262633341064540e-02
-2.205000000000000071e+00,2.305336239071224900e-03,1.736212090588935830e-02,-2.547493687085601241e-02
-2.200000000000000178e+00,2.317707547588827161e-03,1.992299908331433139e-02,-3.499093560746879827e-02
-2.194999999999999840e+00,2.330191907654705422e-03,1.857098100346232447e-02,-4.327573804527442419e-02
-2.189999999999999947e+00,2.342790758106243557e-03,1.828273599704890312e-02,-5.019888409099612647e-02
-2.185000000000000053e+00,2.355505561460667814e-03,1.754713437002708085e-02,-5.566651127978382990e-02
-2.180000000000000160e+00,2.368337804394079864e-03,1.988954946689630923e-02,-5.962258706323363133e-02
-2.175000000000000266e+00,2.381288998234165968e-03,1.899086824564592477e-02,-6.204918617986660695e-02
-2.169999999999999929e+00,2.394360679456399889e-03,1.807845316737958369e-02,-6.296582289880006678e-02
-2.165000000000000036e+00,2.407554410202935105e-03,1.908023053796213675e-02,-6.242787107557516008e-02
-2.160000000000000142e+00,2.420871778808329679e-03,2.038504599208933177e-02,-6.052412689998209333e-02
-2.155000000000000249e+00,2.434314400335971761e-03,2.138562843437389824e-02,-5.737358941577246074e-02
-2.149999999999999911e+00,2.447883917132511085e-03,1.976926688264407997e-02,-5.312155187457602568e-02
-2.145000000000000018e+00,2.461581999392827187e-03,1.962811575329640248e-02,-4.793511236431727968e-02
-2.140000000000000124e+00,2.475410345741434117e-03,1.826761000960064676e-02,-4.199822460854590878e-02
-2.135000000000000231e+00,2.489370683824149513e-03,1.979106198646819054e-02,-3.550641916046763658e-02
-2.129999999999999893e+00,2.503464770918689512e-03,1.967708058794272533e-02,-2.866133128336813621e-02
-2.125000000000000000e+00,2.517694394557329525e-03,2.062335297331628625e-02,-2.166517459225652392e-02
-2.120000000000000107e+00,2.532061373167674660e-03,2.097451781245894542e-02,-1.471529907504913991e-02
-2.115000000000000213e+00,2.546567556726899838e-03,2.042377597434335765e-02,-7.998968543599042913e-03
-2.109999999999999876e+00,2.561214827434344157e-03,2.071359165361864874e-02,-1.688486067489795546e-03
-2.104999999999999982e+00,2.576005100400550422e-03,2.101727170937121164e-02,4.063213253359198619e-03
-2.100000000000000089e+00,2.590940324353153620e-03,2.318371069044470462e-02,9.126394456434127819e-03
-2.095000000000000195e+00,2.606022482362082074e-03,2.035028771352060187e-02,1.339768590061692945e-02
-2.089999999999999858e+00,2.621253592581363791e-03,2.136342140465763081e-02,1.680249521733244780e-02
-2.084999999999999964e+00,2.636635709011960708e-03,2.120902865645440602e-02,1.929661705426853613e-02
-2.080000000000000071e+00,2.652170922282588543e-03,2.057184322607156710e-02,2.086699023996658672e-02
-2.075000000000000178e+00,2.667861360451981734e-03,1.969418981694623372e-02,2.153158166209554261e-02
-2.069999999999999840e+00,2.683709189830712615e-03,2.100794509377484909e-02,2.133839461866631274e-02
-2.064999999999999947e+00,2.699716615825815697e-03,2.235283791848115265e-02,2.036362039516251624e-02
-2.060000000000000053e+00,2.715885883806190473e-03,2.339901735473144673e-02,1.870897305428983332e-02
-2.055000000000000160e+00,2.732219279991556123e-03,2.170410006514944881e-02,1.649826856602707587e-02
-2.049999999999999822e+00,2.748719132364424271e-03,2.355696297176826728e-02,1.387333008503865463e-02
-2.044999999999999929e+00,2.765387811606548688e-03,2.308633039621677679e-02,1.098932095709994131e-02
-2.040000000000000036e+00,2.782227732059431267e-03,2.222591348314016321e-02,8.009625410355250899e-03
-2.035000000000000142e+00,2.799241352711767401e-03,2.011861875595174695e-02,5.100413292994891191e-03
-2.030000000000000249e+00,2.816431178212130265e-03,2.407945816783489332e-02,2.425039038539928554e-03
-2.024999999999999911e+00,2.833799759909330033e-03,2.179343497525484258e-02,1.384356251730451803e-04
-2.020000000000000018e+00,2.851349696920834394e-03,2.404520563442305581e-02,-1.618329005266815578e-03
-2.015000000000000124e+00,2.869083637230519790e-03,2.320006452743541767e-02,-2.723163404423056908e-03
-2.010000000000000231e+00,2.887004278815597652e-03,2.510528618426337288e-02,-3.077565115792822367e-03
-2.004999999999999893e+00,2.905114370804779116e-03,2.379198503443781879e-02,-2.610575637652819397e-03
-2.000000000000000000e+00,2.923416714667553731e-03,2.291017594467880530e-02,-1.281933179467481965e-03
-1.995000000000000107e+00,2.941914165437714210e-03,2.266946261860474515e-02,9.157019090803070107e-04
-1.989999999999999991e+00,2.960609632969076355e-03,2.300518195348514108e-02,3.955549217746256833e-03
-1.985000000000000098e+00,2.979506083227285128e-03,2.389583644443331670e-02,7.776608246424359175e-03
-1.979999999999999982e+00,2.998606539616330367e-03,2.289985752465360444e-02,1.228469279722352661e-02
-1.975000000000000089e+00,3.017914084344101595e-03,2.269059809418972479e-02,1.735459947528463984e-02
-1.969999999999999973e+00,3.037431859824767967e-03,2.364021284723191382e-02,2.283337144466248553e-02
-1.965000000000000080e+00,3.057163070120923719e-03,2.369536845889350096e-02,2.854457980314608831e-02
-1.959999999999999964e+00,3.077110982427850097e-03,2.523587490062883729e-02,3.429350747969064223e-02
-1.955000000000000071e+00,3.097278928598323853e-03,2.519560215350407847e-02,3.987308600703503431e-02
-1.949999999999999956e+00,3.117670306713438838e-03,2.428148856947200118e-02,4.507040540138715357e-02
-1.945000000000000062e+00,3.138288582694840224e-03,2.476672722010533206e-02,4.967359307131331836e-02
-1.939999999999999947e+00,3.159137291967526340e-03,2.630157796808609352e-02,5.347884032805231419e-02
-1.935000000000000053e+00,3.180220041169159323e-03,2.604135159640947467e-02,5.629734554436870153e-02
-1.929999999999999938e+00,3.201540509907485274e-03,2.718381401806049119e-02,5.796194182726736172e-02
-1.925000000000000044e+00,3.223102452572541767e-03,2.773054044064516069e-02,5.833318438308214560e-02
-1.919999999999999929e+00,3.244909700198729107e-03,2.448573725148087479e-02,5.730468833717321936e-02
-1.915000000000000036e+00,3.266966162383829527e-03,2.546396777300605554e-02,5.480753103533761439e-02
-1.910000000000000142e+00,3.289275829265265755e-03,2.823357745530961915e-02,5.081356288394976717e-02
-1.905000000000000027e+00,3.311842773552797076e-03,2.693543654998241388e-02,4.533750639258905812e-02
-1.900000000000000133e+00,3.334671152624406158e-03,2.617369872888850035e-02,3.843776286179024365e-02
-1.895000000000000018e+00,3.357765210683816715e-03,2.726947064942020216e-02,3.021588857427538743e-02
-1.890000000000000124e+00,3.381129280983706433e-03,2.638140847109630982e-02,2.081474579804524702e-02
-1.885000000000000009e+00,3.404767788115802604e-03,2.717627415469711996e-02,1.041537680721137289e-02
-1.880000000000000115e+00,3.428685250370783894e-03,2.606856134895103871e-02,-7.673100360603465463e-04
-1.875000000000000000e+00,3.452886282170520953e-03,2.797481737182234279e-02,-1.248991568910412173e-02
-1.870000000000000107e+00,3.477375596575277023e-03,2.829052996988325880e-02,-2.448682808807021646e-02
-1.864999999999999991e+00,3.502158007867357380e-03,2.742522569386008496e-02,-3.647721561756079450e-02
-1.860000000000000098e+00,3.527238434215851891e-03,2.823547425537555403e-02,-4.817252906577686872e-02
-1.854999999999999982e+00,3.552621900423595658e-03,2.717494614990039609e-02,-5.928429065953776111e-02
-1.850000000000000089e+00,3.578313540760847192e-03,2.694205339023222900e-02,-6.953194174005511430e-02
-1.844999999999999973e+00,3.604318601886783054e-03,2.939520375728437926e-02,-7.865052066484315429e-02
-1.840000000000000080e+00,3.630642445865410028e-03,2.986639554141325148e-02,-8.639794939941700114e-02
-1.834999999999999964e+00,3.657290553274160534e-03,2.876733820590366558e-02,-9.256172059892431303e-02
-1.830000000000000071e+00,3.684268526414829787e-03,2.876824204384175951e-02,-9.696479620955017475e-02
-1.824999999999999956e+00,3.711582092624396596e-03,2.786203104416661372e-02,-9.947055304055382741e-02
-1.820000000000000062e+00,3.739237107695189861e-03,2.885741662499308538e-02,-9.998663954604390669e-02
-1.814999999999999947e+00,3.767239559402976549e-03,2.946822231676321166e-02,-9.846764030545197832e-02
-1.810000000000000053e+00,3.795595571152237616e-03,2.852980532776969516e-02,-9.491647942681212535e-02
-1.804999999999999938e+00,3.824311405737532057e-03,3.183848903291403715e-02,-8.938453030637194541e-02
-1.800000000000000044e+00,3.853393469232459408e-03,3.246683180297006005e-02,-8.197043582941061779e-02
-1.794999999999999929e+00,3.882848315001937237e-03,2.986270731088902855e-02,-7.281767916913903238e-02
-1.790000000000000036e+00,3.912682647851018283e-03,2.985191312025060884e-02,-6.211097983938769496e-02
-1.785000000000000142e+00,3.942903328310687870e-03,3.134981275984177751e-02,-5.007162164204088245e-02
-1.780000000000000027e+00,3.973517377067357567e-03,3.041294633722161148e-02,-3.695184775523315673e-02
-1.775000000000000133e+00,4.004531979540003339e-03,3.229188937404484094e-02,-2.302848266870234639e-02
-1.770000000000000018e+00,4.035954490614115757e-03,3.240451757932402005e-02,-8.595960335961388629e-03
-1.765000000000000124e+00,4.067792439534960273e-03,3.227455872361939537e-02,6.041047728740309326e-03
-1.760000000000000009e+00,4.100053534968392706e-03,3.357638011277323808e-02,2.057520198339521725e-02
-1.755000000000000115e+00,4.132745670235332680e-03,3.218371413928457214e-02,3.470405674736350143e-02
-1.750000000000000000e+00,4.165876928726246729e-03,3.333182249649410678e-02,4.813741218222750834e-02
-1.745000000000000107e+00,4.199455589504764823e-03,3.332186856974962003e-02,6.060426280169114305e-02
-1.739999999999999991e+00,4.233490133104514733e-03,3.659025972861613962e-02,7.185916299663322460e-02
-1.735000000000000098e+00,4.267989247530681526e-03,3.461842926940732201e-02,8.168784895328180806e-02
-1.729999999999999982e+00,4.302961834471828555e-03,3.399591227296430707e-02,8.991197942473323768e-02
-1.725000000000000089e+00,4.338417015732194855e-03,3.578640656092034467e-02,9.639288431564643767e-02
-1.719999999999999973e+00,4.374364139892296909e-03,3.380073729161051782e-02,1.010342390947521485e-01
-1.715000000000000080e+00,4.410812789208613457e-03,3.597342139447189807e-02,1.037836137347349780e-01
-1.709999999999999964e+00,4.447772786759521257e-03,3.546133489275175160e-02,1.046328762532057199e-01
-1.705000000000000071e+00,4.485254203852086403e-03,3.711787519873149116e-02,1.036174620612388964e-01
-1.699999999999999956e+00,4.523267367695379439e-03,3.652513589856848375e-02,1.008145503315368702e-01
-1.695000000000000062e+00,4.561822869356421152e-03,3.727868268202803176e-02,9.634021667582662318e-02
-1.689999999999999947e+00,4.600931572006272154e-03,3.656648364741988538e-02,9.034565685995678275e-02
-1.685000000000000053e+00,4.640604619472692323e-03,3.635032557716596363e-02,8.301259850119066530e-02
-1.679999999999999938e+00,4.680853445108362938e-03,3.698948986983935372e-02,7.454803622578963507e-02
-1.675000000000000044e+00,4.721689780992204336e-03,3.713827137404258211e-02,6.517844028532115974e-02
-1.669999999999999929e+00,4.763125667474339686e-03,3.659360440087250366e-02,5.514359893773998489e-02
-1.665000000000000036e+00,4.805173463082672292e-03,3.867701202135868238e-02,4.469026091054286581e-02
-1.660000000000000142e+00,4.847845854804149271e-03,3.973067229589345717e-02,3.406574599801818343e-02
-1.655000000000000027e+00,4.891155868760888210e-03,4.104976667733836737e-02,2.351168942080128499e-02
-1.650000000000000133e+00,4.935116881293305502e-03,3.978897643782598054e-02,1.325807917867892309e-02
-1.645000000000000018e+00,4.979742630472874972e-03,3.727517266486155001e-02,3.517735514187380740e-03
-1.640000000000000124e+00,5.025047228061659335e-03,4.016108000385834598e-02,-5.518631922453318996e-03
-1.635000000000000009e+00,5.071045171938322674e-03,4.055815845750706389e-02,-1.368667020737329536e-02
-1.630000000000000115e+00,5.117751359012768543e-03,4.071587769287163955e-02,-2.085183284258982153e-02
-1.625000000000000000e+00,5.165181098650413818e-03,4.036807315164959997e-02,-2.691195480728527170e-02
-1.620000000000000107e+00,5.213350126629435512e-03,3.896964453642484671e-02,-3.179889805650563256e-02
-1.614999999999999991e+00,5.262274619657792037e-03,4.051191000953163757e-02,-3.547923716833748659e-02
-1.610000000000000098e+00,5.311971210471115763e-03,4.290841146493901137e-02,-3.795398020459696958e-02
-1.604999999999999982e+00,5.362457003542378357e-03,4.307113951736229324e-02,-3.925734540414732576e-02
-1.600000000000000089e+00,5.413749591431613571e-03,4.247232874085336840e-02,-3.945463946905022196e-02
-1.594999999999999973e+00,5.465867071802066150e-03,4.349371132074501128e-02,-3.863930730373055233e-02
-1.590000000000000080e+00,5.518828065139976674e-03,4.478791304992554151e-02,-3.692924548928501471e-02
-1.584999999999999964e+00,5.572651733204957332e-03,4.229990283760924619e-02,-3.446249187860250807e-02
-1.580000000000000071e+00,5.627357798251868617e-03,4.242736209990237428e-02,-3.139242087314298574e-02
-1.574999999999999956e+00,5.682966563057343171e-03,4.490891320125126041e-02,-2.788258762116273271e-02
-1.570000000000000062e+00,5.739498931791032349e-03,4.420932633255524047e-02,-2.410137406591232254e-02
-1.564999999999999947e+00,5.796976431771782949e-03,4.364795562196269185e-02,-2.021659507792123930e-02
-1.560000000000000053e+00,5.855421236156206112e-03,4.472758884845578348e-02,-1.639022355629849922e-02
-1.554999999999999938e+00,5.914856187596535982e-03,4.875374120841380332e-02,-1.277338925786397801e-02
-1.550000000000000044e+00,5.975304822928540274e-03,4.733900957755045324e-02,-9.501797247698253596e-03
-1.544999999999999929e+00,6.036791398927912958e-03,4.685852081951486642e-02,-6.691698474917411217e-03
-1.540000000000000036e+00,6.099340919197567858e-03,4.870235295411608212e-02,-4.436527446517984918e-03
-1.535000000000000142e+00,6.162979162239976515e-03,4.814687078777970392e-02,-2.804300853508668711e-03
-1.530000000000000027e+00,6.227732710773447623e-03,4.924361613192376752e-02,-1.835846991552441418e-03
-1.525000000000000133e+00,6.293628982358890310e-03,4.832804417037382672e-02,-1.543909733185008359e-03
-1.520000000000000018e+00,6.360696261402344967e-03,4.925603601095710632e-02,-1.913143547210907408e-03
-1.515000000000000124e+00,6.428963732605005518e-03,4.896960079382127462e-02,-2.900988570305628421e-03
-1.510000000000000009e+00,6.498461515936504972e-03,4.929104744043062702e-02,-4.439387958548649676e-03
-1.505000000000000115e+00,6.569220703212261606e-03,5.141381390460288137e-02,-6.437284583607988039e-03
-1.500000000000000000e+00,6.641273396357284288e-03,5.270916857471213274e-02,-8.783811412040548258e-03
-1.495000000000000107e+00,6.714652747448974883e-03,5.145078460584055768e-02,-1.135207031350640716e-02
-1.489999999999999991e+00,6.789393000631602747e-03,5.205509506202477682e-02,-1.400337815051172670e-02
-1.485000000000000098e+00,6.865529536006387268e-03,5.266335027634504173e-02,-1.659184720649195185e-02
-1.479999999999999982e+00,6.943098915600752312e-03,5.194532445220879924e-02,-1.896915954871506230e-02
-1.475000000000000089e+00,7.022138931534339067e-03,5.312212402599154198e-02,-2.098939187226441655e-02
-1.469999999999999973e+00,7.102688656498645607e-03,5.390538125035360117e-02,-2.251374865307145465e-02
-1.465000000000000080e+00,7.184788496682839934e-03,5.577755735687957295e-02,-2.341506684224358911e-02
-1.459999999999999964e+00,7.268480247278741660e-03,5.696714355810834213e-02,-2.358196453795959741e-02
-1.455000000000000071e+00,7.353807150711952866e-03,5.658476365222809418e-02,-2.292251866126423024e-02
-1.449999999999999956e+00,7.440813957751447709e-03,5.503373692789120808e-02,-2.136737216394662964e-02
-1.445000000000000062e+00,7.529546991665326053e-03,5.764733634772007537e-02,-1.887218918030791892e-02
-1.439999999999999947e+00,7.620054215594504292e-03,5.934990551453497853e-02,-1.541939625382463333e-02
-1.435000000000000053e+00,7.712385303330765440e-03,5.872559799723951757e-02,-1.101916874876633819e-02
-1.429999999999999938e+00,7.806591713699402406e-03,5.915143838060122478e-02,-5.709643225166852534e-03
-1.425000000000000044e+00,7.902726768755674244e-03,5.961623467994235648e-02,4.436416651915114548e-04
-1.419999999999999929e+00,8.000845736023720622e-03,6.044370554014199398e-02,7.349051882463981770e-03
-1.415000000000000036e+00,8.101005915015051240e-03,6.236196564771424866e-02,1.489086811937269730e-02
-1.409999999999999920e+00,8.203266728286352089e-03,6.149993166211891599e-02,2.293193641150855291e-02
-1.405000000000000027e+00,8.307689817309596783e-03,6.203022417503247649e-02,3.131687963849977274e-02
-1.400000000000000133e+00,8.414339143449495184e-03,6.243548020854815250e-02,3.987577619511352423e-02
-1.395000000000000018e+00,8.523281094358899773e-03,6.414426530706515694e-02,4.842820095064864078e-02
-1.390000000000000124e+00,8.634584596131096579e-03,6.484305086016402264e-02,5.678751576184980915e-02
-1.385000000000000009e+00,8.748321231565353573e-03,6.615323257549764191e-02,6.476529249977851233e-02
-1.380000000000000115e+00,8.864565364931844757e-03,6.698510054390782731e-02,7.217575092659898883e-02
-1.375000000000000000e+00,8.983394273645473049e-03,6.735838915238454017e-02,7.884009681053084917e-02
-1.370000000000000107e+00,9.104888287293815691e-03,6.918518337828490072e-02,8.459065225427878087e-02
-1.364999999999999991e+00,9.229130934487026275e-03,6.937814337807067522e-02,8.927468004302692439e-02
-1.360000000000000098e+00,9.356209098043775235e-03,6.983146562968496618e-02,9.275781646491744470e-02
-1.354999999999999982e+00,9.486213179054105160e-03,7.217085757664855328e-02,9.492704196306504805e-02
-1.350000000000000089e+00,9.619237270405879212e-03,7.206677221804427824e-02,9.569313548804059266e-02
-1.344999999999999973e+00,9.755379340406857003e-03,7.100534460125342007e-02,9.499257580513861821e-02
-1.340000000000000080e+00,9.894741427176140247e-03,7.057663650728167315e-02,9.278887051214373960e-02
-1.334999999999999964e+00,1.003742984453574218e-02,7.210620482245044816e-02,8.907331038708893312e-02
-1.330000000000000071e+00,1.018355540018775832e-02,7.771542283664070738e-02,8.386516221448736541e-02
-1.324999999999999956e+00,1.033323362701953942e-02,7.527980548898439983e-02,7.721132681878221937e-02
-1.320000000000000062e+00,1.048658502845221246e-02,7.753911938593913145e-02,6.918550018564047221e-02
-1.314999999999999947e+00,1.064373533881246905e-02,7.703370533612367843e-02,5.988688394220131883e-02
-1.310000000000000053e+00,1.080481579979033699e-02,7.942298966638199065e-02,4.943849694237709841e-02
-1.304999999999999938e+00,1.096996345413062644e-02,7.865263119507784340e-02,3.798514228584321667e-02
-1.300000000000000044e+00,1.113932145779514445e-02,7.967434580029382485e-02,2.569108398827016360e-02
-1.294999999999999929e+00,1.131303941193768231e-02,8.006868150840151799e-02,1.273748507997000262e-02
-1.290000000000000036e+00,1.149127371614102298e-02,8.279737494390722319e-02,-6.803453630940599784e-04
-1.284999999999999920e+00,1.167418794448962273e-02,8.450218142296764268e-02,-1.435585425849858661e-02
-1.280000000000000027e+00,1.186195324617901441e-02,8.397746340564370138e-02,-2.807425971183687835e-02
-1.275000000000000133e+00,1.205474877251084403e-02,8.408094361961986063e-02,-4.161564943874222072e-02
-1.270000000000000018e+00,1.225276213227782622e-02,8.636634583368185680e-02,-5.475813774569027875e-02
-1.265000000000000124e+00,1.245618987771828987e-02,8.732695759910359679e-02,-6.728106037734181422e-02
-1.260000000000000009e+00,1.266523802340809891e-02,9.071207065271619241e-02,-7.896818880372982741e-02
-1.255000000000000115e+00,1.288012260066580782e-02,9.045936684943420292e-02,-8.961094580155513911e-02
-1.250000000000000000e+00,1.310107025027781001e-02,9.130892282534090743e-02,-9.901160238569288452e-02
-1.245000000000000107e+00,1.332831885660043861e-02,9.362323643282031982e-02,-1.069864323621109864e-01
-1.239999999999999991e+00,1.356211822637325842e-02,9.577275511766598914e-02,-1.133687952818854261e-01
-1.235000000000000098e+00,1.380273081588294544e-02,9.577460511417527911e-02,-1.180121118211100439e-01
-1.229999999999999982e+00,1.405043251045418919e-02,9.631161779783732613e-02,-1.207926881794792601e-01
-1.225000000000000089e+00,1.430551346061562090e-02,9.861969599557107724e-02,-1.216123386620830138e-01
-1.219999999999999973e+00,1.456827897969787712e-02,9.886562790189569461e-02,-1.204007489183195473e-01
-1.215000000000000080e+00,1.483905050807670864e-02,1.008126241322267608e-01,-1.171175170958889539e-01
-1.209999999999999964e+00,1.511816664977605473e-02,1.017772013116215735e-01,-1.117538071081779633e-01
-1.205000000000000071e+00,1.540598428770016681e-02,1.036265608265288657e-01,-1.043335478999711796e-01
-1.199999999999999956e+00,1.570287978438671822e-02,1.043282931861323343e-01,-9.491411547297405604e-02
-1.195000000000000062e+00,1.600925027585467508e-02,1.066479969244093634e-01,-8.358644077628944735e-02
-1.189999999999999947e+00,1.632551506688496509e-02,1.085502716940279222e-01,-7.047449645453801592e-02
-1.185000000000000053e+00,1.665211713692206150e-02,1.105025010787801243e-01,-5.573412875199314914e-02
-1.179999999999999938e+00,1.698952476672770454e-02,1.122038904405193716e-01,-3.955121725995752041e-02
-1.175000000000000044e+00,1.733823329697748578e-02,1.147722826241484029e-01,-2.213916414069526731e-02
-1.169999999999999929e+00,1.769876703116715633e-02,1.170788312516728019e-01,-3.735735259711816299e-03
-1.165000000000000036e+00,1.807168129651511371e-02,1.157367893729289443e-01,1.540070253216498271e-02
-1.159999999999999920e+00,1.845756467802332421e-02,1.192816952851323831e-01,3.499548185829532559e-02
-1.155000000000000027e+00,1.885704144251474507e-02,1.194460220771034337e-01,5.476238599075482216e-02
-1.150000000000000133e+00,1.927077417132541659e-02,1.218308063054737572e-01,7.440874477481899951e-02
-1.145000000000000018e+00,1.969946662241432028e-02,1.235412448580911898e-01,9.364075335849529613e-02
-1.140000000000000124e+00,2.014386684501153629e-02,1.268195100669594622e-01,1.121688796643720704e-01
-1.135000000000000009e+00,2.060477057257062428e-02,1.281659729481330889e-01,1.297132190381000971e-01
-1.130000000000000115e+00,2.108302492278930212e-02,1.310693534755471013e-01,1.460086521945895277e-01
-1.125000000000000000e+00,2.157953243684419126e-02,1.335589089330207202e-01,1.608096658053150274e-01
-1.120000000000000107e+00,2.209525549381532311e-02,1.369576145467909511e-01,1.738947039246125648e-01
-1.114999999999999991e+00,2.263122114062454324e-02,1.365082374560225575e-01,1.850699327579840014e-01
-1.110000000000000098e+00,2.318852638274474659e-02,1.388931797651517253e-01,1.941723205825274523e-01
-1.104999999999999982e+00,2.376834398655229205e-02,1.417993789913279679e-01,2.010719582171967834e-01
-1.100000000000000089e+00,2.437192885059513703e-02,1.452646853093624013e-01,2.056735723564102059e-01
-1.094999999999999973e+00,2.500062501034935533e-02,1.465576409132592073e-01,2.079172131764341902e-01
-1.090000000000000080e+00,2.565587334939448474e-02,1.480861856827949685e-01,2.077781276079672668e-01
-1.084999999999999964e+00,2.633922009949997076e-02,1.499460849969702636e-01,2.052658591800686771e-01
-1.080000000000000071e+00,2.705232622310196552e-02,1.539406176463431475e-01,2.004226430126674341e-01
-1.074999999999999956e+00,2.779697778427385121e-02,1.554065683921341257e-01,1.933211890732378646e-01
-1.070000000000000062e+00,2.857509742884374246e-02,1.571476151140224209e-01,1.840619670657434037e-01
-1.064999999999999947e+00,2.938875711110243080e-02,1.596560841853974233e-01,1.727701213412054237e-01
-1.060000000000000053e+00,3.024019222398032294e-02,1.634227905343209608e-01,1.595921533245230062e-01
-1.054999999999999938e+00,3.113181731208568628e-02,1.655050292637099685e-01,1.446925117519703152e-01
-1.050000000000000044e+00,3.206624357316754936e-02,1.678544315707390933e-01,1.282502274399523745e-01
-1.044999999999999929e+00,3.304629838403006642e-02,1.711963791535381640e-01,1.104557196112808809e-01
-1.040000000000000036e+00,3.407504712248198009e-02,1.742274343589245711e-01,9.150788554918343198e-02
-1.034999999999999920e+00,3.515581759849795845e-02,1.775230022755642512e-01,7.161156536621680890e-02
-1.030000000000000027e+00,3.629222745655449195e-02,1.795920794354255445e-01,5.097545002512406109e-02
-1.024999999999999911e+00,3.748821496844297052e-02,1.822257950014747885e-01,2.981047465808979099e-02
-1.020000000000000018e+00,3.874807370347170543e-02,1.846820431220381475e-01,8.328712028492807340e-03
-1.015000000000000124e+00,4.007649164285680132e-02,1.886809296829325688e-01,-1.325724598823786737e-02
-1.010000000000000009e+00,4.147859539980545268e-02,1.910694432111863794e-01,-3.473445645101018442e-02
-1.005000000000000115e+00,4.296000031934161384e-02,1.958571987884578369e-01,-5.588940316501726097e-02
-1.000000000000000000e+00,4.452686736609996754e-02,2.002441471490443992e-01,-7.650746344689733636e-02
-9.949999999999999956e-01,4.618596786876159183e-02,2.023599973970512389e-01,-9.637215744927193906e-02
-9.899999999999999911e-01,4.794475738225959655e-02,2.062900541795152365e-01,-1.152642830140239022e-01
-9.849999999999999867e-01,4.981146016050942704e-02,2.092928336215714447e-01,-1.329610430887916972e-01
-9.799999999999999822e-01,5.179516601210749221e-02,2.133199317301304188e-01,-1.492352715416256914e-01
-9.749999999999999778e-01,5.390594165039204466e-02,2.172008532036527051e-01,-1.638548570575013852e-01
-9.699999999999999734e-01,5.615495906146526772e-02,2.206302926956065780e-01,-1.765824542392079310e-01
-9.649999999999999689e-01,5.855464391703103094e-02,2.233804376208303188e-01,-1.871755568119360946e-01
-9.599999999999999645e-01,6.111884767563811882e-02,2.256847292435733565e-01,-1.953869908351747453e-01
-9.550000000000000711e-01,6.386304777488911733e-02,2.319758541358336035e-01,-2.009658670348154486e-01
-9.500000000000000666e-01,6.680458125501695377e-02,2.357897016927999190e-01,-2.036590117906988129e-01
-9.450000000000000622e-01,6.996291831826594032e-02,2.388464755458202526e-01,-2.032128769203168650e-01
-9.400000000000000577e-01,7.335998377979204010e-02,2.440695759884880245e-01,-1.993759100808116524e-01
-9.350000000000000533e-01,7.702053618381606015e-02,2.466699805824085490e-01,-1.919013511202795341e-01
-9.300000000000000488e-01,8.097261664734720088e-02,2.508210244752781537e-01,-1.805504056394533208e-01
-9.250000000000000444e-01,8.524808238952878703e-02,2.549012643924717936e-01,-1.650957357748157328e-01
-9.200000000000000400e-01,8.988324358807670000e-02,2.604940482131051782e-01,-1.453251999834585251e-01
-9.150000000000000355e-01,9.491962691566456500e-02,2.627301972375786776e-01,-1.210457684040334575e-01
-9.100000000000000311e-01,1.004048951700697440e-01,2.664064496536703297e-01,-9.208753800681930557e-02
-9.050000000000000266e-01,1.063939602558856834e-01,2.727247349306874957e-01,-5.830777189475014333e-02
-9.000000000000000222e-01,1.129503369906262045e-01,2.766010549576203292e-01,-1.959488931998327327e-02
-8.950000000000000178e-01,1.201477985973729568e-01,2.797958529710577458e-01,2.412766330379810531e-02
-8.900000000000000133e-01,1.280724124148614473e-01,2.846259359728949834e-01,7.289772545906635093e-02
-8.850000000000000089e-01,1.368250578357345093e-01,2.882648454265653304e-01,1.267109796958151569e-01
-8.800000000000000044e-01,1.465245599131910770e-01,2.941614519089921775e-01,1.855178080904123228e-01
-8.750000000000000000e-01,1.573116144642534575e-01,2.955290568510987037e-01,2.492204988746045680e-01
-8.699999999999999956e-01,1.693537381097515448e-01,2.993601174655544650e-01,3.176708507181905117e-01
-8.649999999999999911e-01,1.828515556194568459e-01,3.060842090617449385e-01,3.906682198042668031e-01
-8.599999999999999867e-01,1.980468459418945615e-01,3.094200722682247662e-01,4.679580535553602982e-01
-8.549999999999999822e-01,2.152329200926388630e-01,3.144026787996210826e-01,5.492309545065242604e-01
-8.499999999999999778e-01,2.347681171638842934e-01,3.156945820017318938e-01,6.341223180784297808e-01
-8.449999999999999734e-01,2.570935062105338953e-01,3.186083347279362044e-01,7.222125884652317307e-01
-8.399999999999999689e-01,2.827563114591776783e-01,3.265058471842321453e-01,8.130281770004746944e-01
-8.349999999999999645e-01,3.124411945200435969e-01,3.288530000139736620e-01,9.060430866353594848e-01
-8.300000000000000711e-01,3.470124149440436123e-01,3.320959201467231781e-01,1.000681283980963565e+00
-8.250000000000000666e-01,3.875711707276364715e-01,3.330595146265970530e-01,1.096319856188548991e+00
-8.200000000000000622e-01,4.355342591589047574e-01,3.364643431600002899e-01,1.192292983318022248e+00
-8.150000000000000577e-01,4.927428026991170218e-01,3.391491988276316150e-01,1.287896747440251177e+00
-8.100000000000000533e-01,5.616133533902476493e-01,3.421982016104371804e-01,1.382394787362780653e+00
-8.050000000000000488e-01,6.453482258284424233e-01,3.465168747837235608e-01,1.475024792568784049e+00
-8.000000000000000444e-01,7.482266414779751296e-01,3.494650928563351466e-01,1.565005811915707090e+00
-7.950000000000000400e-01,8.760000165855296173e-01,3.500844876461795541e-01,1.651546332247576965e+00
-7.900000000000000355e-01,1.036403552419856045e+00,3.541435247871983494e-01,1.733853059902978666e+00
-7.850000000000000311e-01,1.239744563345297479e+00,3.556682523125512807e-01,1.811140314873340706e+00
-7.800000000000000266e-01,1.499365641258771031e+00,3.571559005956000399e-01,1.882639923926813896e+00
-7.750000000000000222e-01,1.831351599787714779e+00,3.588965834678311539e-01,1.947611476281468024e+00
-7.700000000000000178e-01,2.251891325721644854e+00,3.602385993668191233e-01,2.005352784338596539e+00
-7.650000000000000133e-01,2.769132062068169642e+00,3.627982282961730309e-01,2.055210373510119037e+00
-7.600000000000000089e-01,3.365647610968269365e+00,3.638384073004572450e-01,2.096589810168337564e+00
-7.550000000000000044e-01,3.973491113169131950e+00,3.630388907253672137e-01,2.128965665987553990e+00
-7.500000000000000000e-01,4.462964123649953763e+00,3.647105197472549354e-01,2.151890911071313806e+00
-7.449999999999999956e-01,4.682566294572286125e+00,3.644746563107003068e-01,2.165005527742658309e+00
-7.399999999999999911e-01,4.550490519973497072e+00,3.668694022304810343e-01,2.168044142008920705e+00
-7.349999999999999867e-01,4.117009287827684716e+00,3.679971025532893791e-01,2.160842480591733228e+00
-7.299999999999999822e-01,3.525218621875125358e+00,3.641559751644583010e-01,2.143342477943850799e+00
-7.249999999999999778e-01,2.916914984744663375e+00,3.664681562836337725e-01,2.115595879561092296e+00
-7.199999999999999734e-01,2.376228547358907761e+00,3.640296345814312273e-01,2.077766214676861178e+00
-7.149999999999999689e-01,1.931150757080033031e+00,3.640175000166575581e-01,2.030129042464843270e+00
-7.099999999999999645e-01,1.577998938679545882e+00,3.632354166241323901e-01,1.973070410402401276e+00
-7.049999999999999600e-01,1.301556315158582722e+00,3.614942545384108863e-01,1.907083500581335578e+00
-7.000000000000000666e-01,1.085308544526750518e+00,3.620268313656376247e-01,1.832763478521302725e+00
-6.950000000000000622e-01,9.151255603726249355e-01,3.608612522198761940e-01,1.750800598419219423e+00
-6.900000000000000577e-01,7.799508925940841220e-01,3.563497838257660977e-01,1.661971657706105665e+00
-6.850000000000000533e-01,6.714457172847601019e-01,3.566022095800410741e-01,1.567129931229676920e+00
-6.800000000000000488e-01,5.834026244874035427e-01,3.533784164208039202e-01,1.467193750334310209e+00
-6.750000000000000444e-01,5.112068194628783813e-01,3.505037368464490877e-01,1.363133923618490950e+00
-6.700000000000000400e-01,4.514111131276346001e-01,3.509589570823194449e-01,1.255960223366971995e+00
-6.650000000000000355e-01,4.014201701725916283e-01,3.472904239689189043e-01,1.146707183845975919e+00
-6.600000000000000311e-01,3.592616518543338966e-01,3.464354956448469358e-01,1.036419474219645753e+00
-6.550000000000000266e-01,3.234217103644264069e-01,3.406891475630111632e-01,9.261371193586870332e-01
-6.500000000000000222e-01,2.927267234754147851e-01,3.396841048726085832e-01,8.168808459940719580e-01
-6.450000000000000178e-01,2.662578735769149385e-01,3.349654708832623395e-01,7.096378294240943685e-01
-6.400000000000000133e-01,2.432890081838204599e-01,3.328226299724286741e-01,6.053481073869104723e-01
-6.350000000000000089e-01,2.232410547385532684e-01,3.300691900937202661e-01,5.048919130027199609e-01
-6.300000000000000044e-01,2.056482769810100142e-01,3.267844935536312612e-01,4.090781582688460261e-01
-6.250000000000000000e-01,1.901330661055996574e-01,3.246532592542808460e-01,3.186342739919486577e-01
-6.199999999999999956e-01,1.763869351478455361e-01,3.209764688132467625e-01,2.341975819159728411e-01
-6.149999999999999911e-01,1.641560615939870738e-01,3.165628788205039901e-01,1.563083409104863430e-01
-6.099999999999999867e-01,1.532301943217626861e-01,3.141256575112611471e-01,8.540457224454317542e-02
-6.049999999999999822e-01,1.434340709675882286e-01,3.134034291298067876e-01,2.181873007592066011e-02
-5.999999999999999778e-01,1.346207245917206419e-01,3.086261693200219591e-01,-3.422375674661515266e-02
-5.949999999999999734e-01,1.266662239919496280e-01,3.059209652270530322e-01,-8.260408569671970347e-02
-5.899999999999999689e-01,1.194655106066209865e-01,3.022119671772580674e-01,-1.233078780035521960e-01
-5.849999999999999645e-01,1.129290806321441437e-01,2.986535895882525549e-01,-1.564212638968980329e-01
-5.799999999999999600e-01,1.069803233942716036e-01,2.934473040662268772e-01,-1.821253822471626538e-01
-5.750000000000000666e-01,1.015533728408890279e-01,2.898418739459349136e-01,-2.006894529079898681e-01
-5.700000000000000622e-01,9.659136293779765903e-02,2.898384957554681618e-01,-2.124626075197968422e-01
-5.650000000000000577e-01,9.204500303645829495e-02,2.832921717233849446e-01,-2.178646869845815570e-01
-5.600000000000000533e-01,8.787140827673624310e-02,2.810858224567716612e-01,-2.173762306657568699e-01
-5.550000000000000488e-01,8.403313445583392161e-02,2.788968962480279923e-01,-2.115278931228291026e-01
-5.500000000000000444e-01,8.049737773772992766e-02,2.784823998699815784e-01,-2.008895285570437839e-01
-5.450000000000000400e-01,7.723530796676843224e-02,2.743182210851766722e-01,-1.860591810077525943e-01
-5.400000000000000355e-01,7.422151082119016197e-02,2.699373863894799497e-01,-1.676522098051266008e-01
-5.350000000000000311e-01,7.143351906580466815e-02,2.685631077291155688e-01,-1.462907651872795700e-01
-5.300000000000000266e-01,6.885141708469011412e-02,2.653892717366754805e-01,-1.225938088910688700e-01
-5.250000000000000222e-01,6.645750595355925938e-02,2.620935409127320148e-01,-9.716784970774582086e-02
-5.200000000000000178e-01,6.423601874142816082e-02,2.594265545449918053e-01,-7.059853542512452285e-02
-5.150000000000000133e-01,6.217287765910653463e-02,2.557115787282432384e-01,-4.344321137678542472e-02
-5.100000000000000089e-01,6.025548620914095155e-02,2.543298912309489013e-01,-1.622452320047164040e-02
-5.050000000000000044e-01,5.847255072326212888e-02,2.533422101589768993e-01,1.057489138158708951e-02
-5.000000000000000000e-01,5.681392666444548545e-02,2.491248535850423274e-01,3.651660868826818451e-02
-4.949999999999999956e-01,5.527048587184457684e-02,2.462881136486953226e-01,6.120953960865644500e-02
-4.899999999999999911e-01,5.383400157724842205e-02,2.429212902046143929e-01,8.431200746069385243e-02
-4.849999999999999867e-01,5.249704855190339553e-02,2.401859469766763344e-01,1.055328486183173403e-01
-4.799999999999999822e-01,5.125291617644465308e-02,2.394236925110611869e-01,1.246316194017338119e-01
-4.750000000000000333e-01,5.009553258316991331e-02,2.373873357216322866e-01,1.414180060241987946e-01
-4.700000000000000289e-01,4.901939831384061197e-02,2.343815922692076559e-01,1.557505428782283707e-01
-4.650000000000000244e-01,4.801952817947320595e-02,2.349138234016829863e-01,1.675347482900777507e-01
-4.600000000000000200e-01,4.709140021061883341e-02,2.314290679127403716e-01,1.767207864404823636e-01
-4.550000000000000155e-01,4.623091075497651886e-02,2.301104677223683448e-01,1.833007599543038102e-01
-4.500000000000000111e-01,4.543433491995139961e-02,2.281840509533652195e-01,1.873057303256054906e-01
-4.450000000000000067e-01,4.469829167582786006e-02,2.273085705340419371e-01,1.888025535452622639e-01
-4.400000000000000022e-01,4.401971303457850870e-02,2.277192877751459399e-01,1.878906067366818422e-01
-4.349999999999999978e-01,4.339581680319431339e-02,2.238017102829738814e-01,1.846984689530675461e-01
-4.299999999999999933e-01,4.282408248144234375e-02,2.210556593979163265e-01,1.793806061795630569e-01
-4.249999999999999889e-01,4.230222993427810302e-02,2.200284756040113143e-01,1.721140975772901260e-01
-4.199999999999999845e-01,4.182820052056179794e-02,2.199642046827390840e-01,1.630954275920894203e-01
-4.150000000000000355e-01,4.140014040368070886e-02,2.176983931808884054e-01,1.525373571476995038e-01
-4.100000000000000311e-01,4.101638580740054468e-02,2.170452917781254820e-01,1.406658770948519821e-01
-4.050000000000000266e-01,4.067545001274584099e-02,2.161503735387109992e-01,1.277172386807323701e-01
-4.000000000000000222e-01,4.037601191977858994e-02,2.161995591362898539e-01,1.139350492715772989e-01
-3.950000000000000178e-01,4.011690602252065280e-02,2.132984509353549052e-01,9.956741708526385681e-02
-3.900000000000000133e-01,3.989711366651482738e-02,2.123782331929633116e-01,8.486412641070024965e-02
-3.850000000000000089e-01,3.971575547715562593e-02,2.143250036501728462e-01,7.007382479305709899e-02
-3.800000000000000044e-01,3.957208486335136999e-02,2.113145172107631919e-01,5.544120597315958104e-02
-3.750000000000000000e-01,3.946548251567474908e-02,2.113603665989374769e-01,4.120417694741396186e-02
-3.699999999999999956e-01,3.939545183120731625e-02,2.103446213850204694e-01,2.759100422792734597e-02
-3.649999999999999911e-01,3.936161520908192796e-02,2.097805234884972669e-01,1.481744300888880768e-02
-3.599999999999999867e-01,3.936371117146521270e-02,2.098602720056635951e-01,3.083863149695763653e-03
-3.549999999999999822e-01,3.940159227465486053e-02,2.108249584428224799e-01,-7.427602780020362699e-03
-3.500000000000000333e-01,3.947522378423511114e-02,2.088294890043934371e-01,-1.655585223487350890e-02
-3.450000000000000289e-01,3.958468309702076887e-02,2.089630379441013153e-01,-2.416349720855569608e-02
-3.400000000000000244e-01,3.973015990100506323e-02,2.088407339609459623e-01,-3.013938048402130254e-02
-3.350000000000000200e-01,3.991195707279607957e-02,2.083607541713730082e-01,-3.440085407911035870e-02
-3.300000000000000155e-01,4.013049232030058838e-02,2.096353581337541683e-01,-3.689574316785924207e-02
-3.250000000000000111e-01,4.038630058675659468e-02,2.078158023349468420e-01,-3.760391459491183030e-02
-3.200000000000000067e-01,4.068003724082211447e-02,2.096592377482578984e-01,-3.653836856586905463e-02
-3.150000000000000022e-01,4.101248208642985921e-02,2.079744487610543924e-01,-3.374577564997650880e-02
-3.099999999999999978e-01,4.138454423565184059e-02,2.083522609521475111e-01,-2.930638913468583406e-02
-3.049999999999999933e-01,4.179726789808989318e-02,2.103447633029147945e-01,-2.333327506840876531e-02
-2.999999999999999889e-01,4.225183915147220221e-02,2.094586453717667274e-01,-1.597081879485939479e-02
-2.949999999999999845e-01,4.274959377041644137e-02,2.088505337565938480e-01,-7.392486955249090094e-03
-2.899999999999999800e-01,4.329202620394857759e-02,2.108856765492704566e-01,2.202152917313666188e-03
-2.850000000000000311e-01,4.388079980760874882e-02,2.104386413559239388e-01,1.259112790526090153e-02
-2.800000000000000266e-01,4.451775845314016183e-02,2.099476367438807556e-01,2.353441691967223318e-02
-2.750000000000000222e-01,4.520493965821323346e-02,2.130997881237218505e-01,3.477889047008306950e-02
-2.700000000000000178e-01,4.594458940078732095e-02,2.137634710271478222e-01,4.606372971834919033e-02
-2.650000000000000133e-01,4.673917880806394143e-02,2.144409984379179179e-01,5.712620032054465530e-02
-2.600000000000000089e-01,4.759142293911394067e-02,2.165408258011029818e-01,6.770763939965858402e-02
-2.550000000000000044e-01,4.850430191385196599e-02,2.171043292177259332e-01,7.755950188006638379e-02
-2.500000000000000000e-01,4.948108467990993548e-02,2.180918163936317322e-01,8.644930609364966101e-02
-2.449999999999999956e-01,5.052535575409880519e-02,2.190449995855778820e-01,9.416631848422993278e-02
-2.399999999999999911e-01,5.164104532771054967e-02,2.189869499581295065e-01,1.005268235109317981e-01
-2.350000000000000144e-01,5.283246318631236449e-02,2.222351728244165991e-01,1.053788372597461859e-01
-2.300000000000000100e-01,5.410433696660441050e-02,2.225424066324782346e-01,1.086061412578953472e-01
-2.250000000000000056e-01,5.546185535738443889e-02,2.231098534934282118e-01,1.101315356909726845e-01
-2.200000000000000011e-01,5.691071695118540830e-02,2.275563955261905302e-01,1.099192375295089397e-01
-2.149999999999999967e-01,5.845718557068328020e-02,2.280338264304157814e-01,1.079763776787802665e-01
-2.099999999999999922e-01,6.010815303322880609e-02,2.299299613402261133e-01,1.043535807551301681e-01
-2.050000000000000155e-01,6.187121048225445452e-02,2.290699406727917942e-01,9.914464001962995654e-02
-2.000000000000000111e-01,6.375472961137212957e-02,2.314080721333309776e-01,9.248532698207537206e-02
-1.950000000000000067e-01,6.576795534243691510e-02,2.336055044508969225e-01,8.455139897908268976e-02
-1.900000000000000022e-01,6.792111180103428680e-02,2.353082726778092659e-01,7.555588759672897392e-02
-1.849999999999999978e-01,7.022552377205371066e-02,2.368720860906986803e-01,6.574576539531863661e-02
-1.799999999999999933e-01,7.269375622704944695e-02,2.389579836076856090e-01,5.539809754737914232e-02
-1.750000000000000167e-01,7.533977500988946197e-02,2.415705765874982258e-01,4.481578861277479842e-02
-1.700000000000000122e-01,7.817913236772282282e-02,2.424236625656475408e-01,3.432303295968248957e-02
-1.650000000000000078e-01,8.122918174553304949e-02,2.446960407367878565e-01,2.426057082664072329e-02
-1.600000000000000033e-01,8.450932715603332035e-02,2.475778644781838345e-01,1.498084150617602466e-02
-1.549999999999999989e-01,8.804131353214700306e-02,2.490538844030246446e-01,6.843111621126292572e-03
-1.499999999999999944e-01,9.184956581726483327e-02,2.513444109579323626e-01,2.086411085782415823e-04
-1.449999999999999900e-01,9.596158621305098113e-02,2.535753205368486141e-01,-4.564066464839607214e-03
-1.400000000000000133e-01,1.004084210676282340e-01,2.583840336588352216e-01,-7.123898065784849826e-03
-1.350000000000000089e-01,1.052252114534475425e-01,2.595120512773504973e-01,-7.131632418223240490e-03
-1.300000000000000044e-01,1.104518446886453287e-01,2.594741272441871138e-01,-4.264302049631649681e-03
-1.250000000000000000e-01,1.161337280718047066e-01,2.629431161173553799e-01,1.780582217017981882e-03
-1.199999999999999956e-01,1.223227111518211396e-01,2.674444956914384663e-01,1.128093861362084761e-02
-1.150000000000000050e-01,1.290781892320860269e-01,2.686042952192809752e-01,2.448614776794692457e-02
-1.100000000000000006e-01,1.364684288874275786e-01,2.714883693619785099e-01,4.161320988610302252e-02
-1.049999999999999961e-01,1.445721665407967149e-01,2.745687213237851254e-01,6.284303078354316896e-02
-1.000000000000000056e-01,1.534805442366681538e-01,2.753023536606007404e-01,8.831685176774191348e-02
-9.500000000000000111e-02,1.632994634769879827e-01,2.779482428321815579e-01,1.181328503861921592e-01
-8.999999999999999667e-02,1.741524594051722941e-01,2.809163605770170213e-01,1.523429521322916813e-01
-8.500000000000000611e-02,1.861842250762655582e-01,2.809403662523898837e-01,1.909499063153348719e-01
-8.000000000000000167e-02,1.995649507242127363e-01,2.857712246614143026e-01,2.339046914192266791e-01
-7.499999999999999722e-02,2.144956879005665007e-01,2.878933620052632203e-01,2.811043254154560467e-01
-7.000000000000000666e-02,2.312150055476957233e-01,2.902305669465979898e-01,3.323901638030042349e-01
-6.500000000000000222e-02,2.500072771289647555e-01,2.906655672893611597e-01,3.875467719208590678e-01
-5.999999999999999778e-02,2.712130272708327405e-01,2.949405145375318393e-01,4.463014578321145009e-01
-5.500000000000000028e-02,2.952418740613157455e-01,2.968327695236881447e-01,5.083245475463624707e-01
-5.000000000000000278e-02,3.225887266296288969e-01,2.984312513059394489e-01,5.732304755097228366e-01
-4.499999999999999833e-02,3.538540258724690024e-01,3.005226487977650240e-01,6.405797503590341391e-01
-4.000000000000000083e-02,3.897689200516103458e-01,3.035985674906501175e-01,7.098818393341598254e-01
-3.500000000000000333e-02,4.312262802996377764e-01,3.023715981175812417e-01,7.805989950836258462e-01
-2.999999999999999889e-02,4.793182442774424068e-01,3.072484865901536910e-01,8.521510266332620320e-01
-2.500000000000000139e-02,5.353802479797500347e-01,3.067841162539839406e-01,9.239209928679410488e-01
-2.000000000000000042e-02,6.010397181956885770e-01,3.085817693498482117e-01,9.952617728939102681e-01
-1.499999999999999944e-02,6.782637214898530331e-01,3.127952790242887193e-01,1.065503443989944010e+00
-1.000000000000000021e-02,7.693920491724430821e-01,3.120668202611533992e-01,1.133961375351024037e+00
-5.000000000000000104e-03,8.771273664084956456e-01,3.148234596315331313e-01,1.199944925215663094e+00
0.000000000000000000e+00,1.004427648565001885e+00,3.166308037952597076e-01,1.262766610857532612e+00
5.000000000000000104e-03,1.154203513130735326e+00,3.174399462376892300e-01,1.321751605782640171e+00
1.000000000000000021e-02,1.328665514097810307e+00,3.174977712278194142e-01,1.376247406618511304e+00
1.499999999999999944e-02,1.528118648830548265e+00,3.204183857815177117e-01,1.425633503787571144e+00
2.000000000000000042e-02,1.749045714763025838e+00,3.195177461486644055e-01,1.469330885162486000e+00
2.500000000000000139e-02,1.981629528206111157e+00,3.191886854067634283e-01,1.506811200451682708e+00
2.999999999999999889e-02,2.207623024737317419e+00,3.203595695861674586e-01,1.537605415923899876e+00
3.500000000000000333e-02,2.400522426471162429e+00,3.198950633038158964e-01,1.561311794081331028e+00
4.000000000000000083e-02,2.530268481696684724e+00,3.215387954193520970e-01,1.577603040845527493e+00
4.499999999999999833e-02,2.572585223070454230e+00,3.198727630719583881e-01,1.586232473557810607e+00
5.000000000000000278e-02,2.518829895734706614e+00,3.198136050993306001e-01,1.587039076468631071e+00
5.500000000000000028e-02,2.379919759063211071e+00,3.228796276858718617e-01,1.579951326282492019e+00
5.999999999999999778e-02,2.181406692915091927e+00,3.192674249412001397e-01,1.564989688645428201e+00
6.500000000000000222e-02,1.953344691990160920e+00,3.199045374141569198e-01,1.542267707124501230e+00
7.000000000000000666e-02,1.721381890973691542e+00,3.199267332377171980e-01,1.511991629131284709e+00
7.499999999999999722e-02,1.502684062281314015e+00,3.189899770727702699e-01,1.474458538239531213e+00
8.000000000000000167e-02,1.306170282604261379e+00,3.190701779627980184e-01,1.430052989213411507e+00
8.500000000000000611e-02,1.134769219729934830e+00,3.153903589200360846e-01,1.379242170474465290e+00
8.999999999999999667e-02,9.878575804422794482e-01,3.156762608639629430e-01,1.322569648243849816e+00
9.500000000000000111e-02,8.630887475275794696e-01,3.163056224309669373e-01,1.260647776620736460e+00
1.000000000000000056e-01,7.575203496177537188e-01,3.132761337892618903e-01,1.194148887690047678e+00
1.049999999999999961e-01,6.682143204770333300e-01,3.104092977466587078e-01,1.123795404569926992e+00
1.100000000000000006e-01,5.925088967280726093e-01,3.115814521914295754e-01,1.050349047205029418e+00
1.150000000000000050e-01,5.281101688020686247e-01,3.084188406307560304e-01,9.745993247393813785e-01
1.199999999999999956e-01,4.730944728445514169e-01,3.070710178921546296e-01,8.973515285175708289e-01
1.250000000000000000e-01,4.258724130261546392e-01,3.041805784780776678e-01,8.194144552888589228e-01
1.300000000000000044e-01,3.851405723395857628e-01,3.021918368845659675e-01,7.415881002604416405e-01
1.350000000000000089e-01,3.498331858622527601e-01,3.011509867164489096e-01,6.646515636746105349e-01
1.400000000000000133e-01,3.190788477557546243e-01,2.977289515296008271e-01,5.893514121882814649e-01
1.449999999999999900e-01,2.921637781854335980e-01,2.961649260355944668e-01,5.163907273815112609e-01
1.499999999999999944e-01,2.685015598357839428e-01,2.929403370104277649e-01,4.464190583465119655e-01
1.549999999999999989e-01,2.476086097234736494e-01,2.914970831061272638e-01,3.800234739075329382e-01
1.600000000000000033e-01,2.290844743806643435e-01,2.894201935490414712e-01,3.177208832438150332e-01
1.650000000000000078e-01,2.125960662626174003e-01,2.875588999955466796e-01,2.599517624079261680e-01
1.700000000000000122e-01,1.978650685845914359e-01,2.847199435830049530e-01,2.070753894964286190e-01
1.750000000000000167e-01,1.846578645196344792e-01,2.809908978583685046e-01,1.593666542217990478e-01
1.799999999999999933e-01,1.727774686095847334e-01,2.793824120417437995e-01,1.170144695958802022e-01
1.849999999999999978e-01,1.620570437383943851e-01,2.786069338418170060e-01,8.012177561761117672e-02
1.900000000000000022e-01,1.523546741568785889e-01,2.757590401911892974e-01,4.870708846467801389e-02
1.950000000000000067e-01,1.435491351656652537e-01,2.738126893422620500e-01,2.270751481270129324e-02
2.000000000000000111e-01,1.355364556309251733e-01,2.708060539145092371e-01,1.983120497125412125e-03
2.050000000000000155e-01,1.282271131611837367e-01,2.676375058467670431e-01,-1.367748344041830322e-02
2.099999999999999922e-01,1.215437359082505164e-01,2.661221155856823284e-01,-2.455049564881059410e-02
2.149999999999999967e-01,1.154192115942293817e-01,2.630672753421794408e-01,-3.096939484053869152e-02
2.200000000000000011e-01,1.097951251526007588e-01,2.604192086866531919e-01,-3.331671106106885022e-02
2.250000000000000056e-01,1.046204626083540173e-01,2.585603615546900880e-01,-3.201528887903649923e-02
2.300000000000000100e-01,9.985053153078635169e-02,2.559552503626565390e-01,-2.751923405326734198e-02
2.350000000000000144e-01,9.544605836536163013e-02,2.550865390856908443e-01,-2.030473104741140414e-02
2.399999999999999911e-01,9.137243080053610023e-02,2.506284644364869529e-01,-1.086091033554104426e-02
2.449999999999999956e-01,8.759905952420987685e-02,2.492079839152812615e-01,3.190676611471208557e-04
2.500000000000000000e-01,8.409883863676397009e-02,2.473008699168932345e-01,1.274656031788859445e-02
2.550000000000000044e-01,8.084768789458499083e-02,2.459416596026525736e-01,2.594548807645961908e-02
2.600000000000000089e-01,7.782416307679847212e-02,2.427335891740618201e-01,3.945976232668844952e-02
2.650000000000000133e-01,7.500912326686973164e-02,2.407258488025597054e-01,5.286000125834715985e-02
2.700000000000000178e-01,7.238544585044837110e-02,2.412855291488875120e-01,6.574945970534837314e-02
2.750000000000000222e-01,6.993778165305937489e-02,2.361743890573717031e-01,7.776911945641665214e-02
2.800000000000000266e-01,6.765234395548799795e-02,2.360012448086896975e-01,8.860190620318735000e-02
2.850000000000000311e-01,6.551672619327056357e-02,2.320628608821549699e-01,9.797601776572600896e-02
2.899999999999999800e-01,6.351974401858100083e-02,2.322514184977138574e-01,1.056673650827938959e-01
2.949999999999999845e-01,6.165129811667761917e-02,2.296681354942628484e-01,1.115011423824633918e-01
2.999999999999999889e-01,5.990225475556591045e-02,2.291411668367893950e-01,1.153525557489371023e-01
3.049999999999999933e-01,5.826434153096218121e-02,2.260882576512562581e-01,1.171467498730326406e-01
3.099999999999999978e-01,5.673005616844774279e-02,2.253231872760192434e-01,1.168579811065267593e-01
3.150000000000000022e-01,5.529258657635949259e-02,2.226738779500473386e-01,1.145080911239503146e-01
3.200000000000000067e-01,5.394574061898967099e-02,2.224314208877728738e-01,1.101643396958959104e-01
3.250000000000000111e-01,5.268388431005331662e-02,2.207533527328318923e-01,1.039366575368660117e-01
3.300000000000000155e-01,5.150188731928887625e-02,2.213591744296810326e-01,9.597438119387477484e-02
3.350000000000000200e-01,5.039507484700680301e-02,2.165731013786456050e-01,8.646253181385341047e-02
3.400000000000000244e-01,4.935918505781181076e-02,2.177160739612613305e-01,7.561769869510466535e-02
3.450000000000000289e-01,4.839033137988577732e-02,2.169970903193245149e-01,6.368358711324027810e-02
3.500000000000000333e-01,4.748496907377539045e-02,2.145458260939740180e-01,5.092628830483632296e-02
3.549999999999999822e-01,4.663986555745289198e-02,2.156503125144111632e-01,3.762932793923071118e-02
3.599999999999999867e-01,4.585207404496299127e-02,2.125949176262497131e-01,2.408854810288062198e-02
3.649999999999999911e-01,4.511891011621207981e-02,2.147613435419755135e-01,1.060687689442841967e-02
3.699999999999999956e-01,4.443793088705622063e-02,2.122156904103224273e-01,-2.510960746439610224e-03
3.750000000000000000e-01,4.380691649315460179e-02,2.115036779080340934e-01,-1.496373736138741604e-02
3.800000000000000044e-01,4.322385363925457941e-02,2.117022200635068629e-01,-2.645896840270741540e-02
3.850000000000000089e-01,4.268692099857519101e-02,2.099908547131140724e-01,-3.671805393346549290e-02
3.900000000000000133e-01,4.219447627559935743e-02,2.084536852641175608e-01,-4.548126070234505269e-02
3.950000000000000178e-01,4.174504477051508428e-02,2.092767949911541470e-01,-5.251248749094147850e-02
4.000000000000000222e-01,4.133730930534570969e-02,2.090033824489168357e-01,-5.760375540699533281e-02
4.050000000000000266e-01,4.097010139096992493e-02,2.097950034146968679e-01,-6.057936369265310567e-02
4.100000000000000311e-01,4.064239353114030423e-02,2.085621377362626983e-01,-6.129965077866307566e-02
4.150000000000000355e-01,4.035329257464566333e-02,2.083332971615066698e-01,-5.966429989784440696e-02
4.199999999999999845e-01,4.010203404021061430e-02,2.105819558743146080e-01,-5.561512873817001101e-02
4.249999999999999889e-01,3.988797735085959639e-02,2.080756548326564981e-01,-4.913830355636552433e-02
4.299999999999999933e-01,3.971060192552074847e-02,2.094821882911024336e-01,-4.026592008460829625e-02
4.349999999999999978e-01,3.956950408581338952e-02,2.092063384813730720e-01,-2.907689667293316196e-02
4.400000000000000022e-01,3.946439474542764309e-02,2.091747388743404046e-01,-1.569712965274630209e-02
4.450000000000000067e-01,3.939509785845075190e-02,2.096297338041502312e-01,-2.988671249462555683e-04
4.500000000000000111e-01,3.936154961155605841e-02,2.102688194991691739e-01,1.690073450035160796e-02
4.550000000000000155e-01,3.936379835330713894e-02,2.108908668445368395e-01,3.564189665960435655e-02
4.600000000000000200e-01,3.940200526208374743e-02,2.117269667320446636e-01,5.562536046817308233e-02
4.650000000000000244e-01,3.947644576243766745e-02,2.127612309456113626e-01,7.651638245003876404e-02
4.700000000000000289e-01,3.958751170818246290e-02,2.112223510057301967e-01,9.794956539418414598e-02
4.750000000000000333e-01,3.973571435937919144e-02,2.125675593867976110e-01,1.195344865438037890e-01
4.799999999999999822e-01,3.992168818970030786e-02,2.135650014714439715e-01,1.408620646229902240e-01
4.849999999999999867e-01,4.014619557068997702e-02,2.145224303495268936e-01,1.615115853506736143e-01
4.899999999999999911e-01,4.041013239028234255e-02,2.151611848723063436e-01,1.810582827629490243e-01
4.949999999999999956e-01,4.071453467488189010e-02,2.161060235319499367e-01,1.990813516983789278e-01
5.000000000000000000e-01,4.106058629753270989e-02,2.175909070909768095e-01,2.151722461451724966e-01
5.050000000000000044e-01,4.144962786949916295e-02,2.208105800287375187e-01,2.289430998351776048e-01
5.100000000000000089e-01,4.188316692926120216e-02,2.189145339700400428e-01,2.400350905477536545e-01
5.150000000000000133e-01,4.236288956185694371e-02,2.210005411939551245e-01,2.481265590751008665e-01
5.200000000000000178e-01,4.289067360310342553e-02,2.234866204152606839e-01,2.529406886054755832e-01
5.250000000000000222e-01,4.346860360801819978e-02,2.230913624191978306e-01,2.542525511417934592e-01
5.300000000000000266e-01,4.409898779132952196e-02,2.259445603133601876e-01,2.518953349874632486e-01
5.350000000000000311e-01,4.478437718102398074e-02,2.275666009750007546e-01,2.457655815127627597e-01
5.400000000000000355e-01,4.552758726430428116e-02,2.293958122705775371e-01,2.358272802407494206e-01
5.450000000000000400e-01,4.633172245011470819e-02,2.306595531127323129e-01,2.221146982992039942e-01
5.500000000000000444e-01,4.720020372481052717e-02,2.326719727163057416e-01,2.047338526509552004e-01
5.550000000000000488e-01,4.813679993906735261e-02,2.371312624639943523e-01,1.838625701084197206e-01
5.600000000000000533e-01,4.914566323657209440e-02,2.363623713185787623e-01,1.597491195374216022e-01
5.650000000000000577e-01,5.023136922063736742e-02,2.390938536439422002e-01,1.327094412453992123e-01
5.700000000000000622e-01,5.139896255630494598e-02,2.404073171617094606e-01,1.031230385893932150e-01
5.750000000000000666e-01,5.265400882609402866e-02,2.437066999499450659e-01,7.142763457065318122e-02
5.799999999999999600e-01,5.400265360137206094e-02,2.437980089318257104e-01,3.811272993462822695e-02
5.849999999999999645e-01,5.545168986340305584e-02,2.460390950218483697e-01,3.712227578305454107e-03
5.899999999999999689e-01,5.700863511473579226e-02,2.489941667686312587e-01,-3.120369032272496401e-02
5.949999999999999734e-01,5.868181977045711095e-02,2.494536160206572428e-01,-6.603723196810416807e-02
5.999999999999999778e-01,6.048048871969046586e-02,2.528153943593936526e-01,-1.001720057471108122e-01
6.049999999999999822e-01,6.241491831272029389e-02,2.568638494576713227e-01,-1.329821654445207946e-01
6.099999999999999867e-01,6.449655147361084417e-02,2.592777213732896935e-01,-1.638414954701782889e-01
6.149999999999999911e-01,6.673815418154782630e-02,2.594865878143299831e-01,-1.921322568746628434e-01
6.199999999999999956e-01,6.915399723102141905e-02,2.637171976690476094e-01,-2.172536366138917707e-01
6.250000000000000000e-01,7.176006800285268661e-02,2.687148087064726854e-01,-2.386296683817673292e-01
6.300000000000000044e-01,7.457431799530694905e-02,2.696064677714636315e-01,-2.557165217661739876e-01
6.350000000000000089e-01,7.761695312918728828e-02,2.733389702465707782e-01,-2.680090858731344339e-01
6.400000000000000133e-01,8.091077542028657366e-02,2.761228714317626731e-01,-2.750468023259295958e-01
6.450000000000000178e-01,8.448158659477524035e-02,2.797882833123958024e-01,-2.764187292507057636e-01
6.500000000000000222e-01,8.835866672310280223e-02,2.830469309562981817e-01,-2.717678413048978392e-01
6.550000000000000266e-01,9.257534411745395320e-02,2.869164543348149410e-01,-2.607945900782229764e-01
6.600000000000000311e-01,9.716967677772629652e-02,2.903437017818303878e-01,-2.432597637165054005e-01
6.650000000000000355e-01,1.021852708494400686e-01,2.916856297111085627e-01,-2.189866941450513138e-01
6.700000000000000400e-01,1.076722682336951203e-01,2.959873772293846184e-01,-1.878628648908531040e-01
6.750000000000000444e-01,1.136885441502729632e-01,2.986750471214528746e-01,-1.498409726083033688e-01
6.800000000000000488e-01,1.203011667612609997e-01,3.009179037927304790e-01,-1.049394916308609288e-01
6.850000000000000533e-01,1.275881858196094842e-01,3.044417597073836856e-01,-5.324278401625504725e-02
6.900000000000000577e-01,1.356408369639342804e-01,3.091342135987396600e-01,5.099211455757019125e-03
6.950000000000000622e-01,1.445662744737210015e-01,3.114156048230730112e-01,6.987168807386680280e-02
7.000000000000000666e-01,1.544909804588316671e-01,3.162344533721109241e-01,1.407960649762261540e-01
7.049999999999999600e-01,1.655650460138200497e-01,3.186394269635701715e-01,2.175314630056543186e-01
7.099999999999999645e-01,1.779675846974312081e-01,3.221544995625598706e-01,2.996765683148070458e-01
7.149999999999999689e-01,1.919136277856396400e-01,3.234747009519868266e-01,3.867718961565072555e-01
7.199999999999999734e-01,2.076629741696256470e-01,3.262845882651788654e-01,4.783024718621026183e-01
7.249999999999999778e-01,2.255316401626550338e-01,3.306440037356406791e-01,5.737009482030217544e-01
7.299999999999999822e-01,2.459067972145059233e-01,3.342494524703767400e-01,6.723511781398034959e-01
7.349999999999999867e-01,2.692664299465262756e-01,3.362607863265830166e-01,7.735922595188347017e-01
7.399999999999999911e-01,2.962054390205961507e-01,3.394486466391931079e-01,8.767230638279916999e-01
7.449999999999999956e-01,3.274706204595079218e-01,3.425576497871802850e-01,9.810072549870537673e-01
7.500000000000000000e-01,3.640079725542133549e-01,3.448901197945233310e-01,1.085678796684647285e+00
7.550000000000000044e-01,4.070272507995299494e-01,3.480762492144503506e-01,1.189947938341543443e+00
7.600000000000000089e-01,4.580907936246215173e-01,3.493240604400532634e-01,1.293007660708881401e+00
7.650000000000000133e-01,5.192365911934174738e-01,3.516893169436375866e-01,1.394040552679537859e+00
7.700000000000000178e-01,5.931495262936191670e-01,3.528754797176695268e-01,1.492226081316706754e+00
7.750000000000000222e-01,6.833994945304499025e-01,3.553506081794131077e-01,1.586748207529813381e+00
7.800000000000000266e-01,7.947693155480605176e-01,3.594379287438401738e-01,1.676803290344030195e+00
7.850000000000000311e-01,9.336939933592846019e-01,3.596310432159151027e-01,1.761608213350893237e+00
7.900000000000000355e-01,1.108811183844848669e+00,3.602700844100608646e-01,1.840408657714686980e+00
7.950000000000000400e-01,1.331540960770143167e+00,3.620226534068300972e-01,1.912487437059236850e+00
8.000000000000000444e-01,1.616374402664895849e+00,3.629846889614762317e-01,1.977172800723673518e+00
8.050000000000000488e-01,1.979955506724960124e+00,3.619879255599478540e-01,2.033846603364077854e+00
8.100000000000000533e-01,2.436824934675545951e+00,3.663813567522896109e-01,2.081952230870941278e+00
8.150000000000000577e-01,2.988102302489044071e+00,3.650330436796621059e-01,2.121002165350504676e+00
8.200000000000000622e-01,3.600195286673944839e+00,3.654295153373794403e-01,2.150585065844273114e+00
8.250000000000000666e-01,4.181171726040870951e+00,3.638650889586688697e-01,2.170372236986081393e+00
8.300000000000000711e-01,4.584766879619220248e+00,3.638185479883356832e-01,2.180123355428825960e+00
8.349999999999999645e-01,4.674212343195214281e+00,3.643317212451209208e-01,2.179691324152329912e+00
8.399999999999999689e-01,4.415246613501439654e+00,3.639332696765797404e-01,2.169026128210930437e+00
8.449999999999999734e-01,3.903052779579371023e+00,3.628175740026807761e-01,2.148177572564820448e+00
8.499999999999999778e-01,3.290799738874507607e+00,3.634768442476851158e-01,2.117296793713444814e+00
8.549999999999999822e-01,2.701506645312474308e+00,3.621956030158541284e-01,2.076636452124655197e+00
8.599999999999999867e-01,2.195788334597530866e+00,3.606219953749015272e-01,2.026549531938945492e+00
8.649999999999999911e-01,1.786695434027030904e+00,3.594232373963492932e-01,1.967486697927456119e+00
8.699999999999999956e-01,1.464386123006603091e+00,3.591695304798336319e-01,1.899992186763959312e+00
8.750000000000000000e-01,1.212398700269380791e+00,3.552486849765137955e-01,1.824698239686054491e+00
8.800000000000000044e-01,1.014909387771101068e+00,3.531318550666683875e-01,1.742318115711886328e+00
8.850000000000000089e-01,8.589526299880946292e-01,3.496427749149121356e-01,1.653637757730598734e+00
8.900000000000000133e-01,7.345634406193843891e-01,3.479677740855825485e-01,1.559506216858504546e+00
8.950000000000000178e-01,6.342777596548033747e-01,3.433042693603695072e-01,1.460824972261540067e+00
9.000000000000000222e-01,5.525475601464696629e-01,3.415054209081454517e-01,1.358536312997746798e+00
9.050000000000000266e-01,4.852429121091220154e-01,3.417917708320512560e-01,1.253610974225586094e+00
9.100000000000000311e-01,4.292704035468316581e-01,3.362254792651028223e-01,1.147035241366521019e+00
9.150000000000000355e-01,3.822930586611590353e-01,3.345488802708807552e-01,1.039797751707712825e+00
9.200000000000000400e-01,3.425282459800440549e-01,3.291118044270881504e-01,9.328762329036297540e-01
9.250000000000000444e-01,3.086025095753480718e-01,3.257992699554755345e-01,8.272244215485524688e-01
9.300000000000000488e-01,2.794470618181892352e-01,3.219435191197079771e-01,7.237594023686350075e-01
9.350000000000000533e-01,2.542221119284375219e-01,3.203920815772279274e-01,6.233495997884607176e-01
9.400000000000000577e-01,2.322616493071057164e-01,3.145757094773277140e-01,5.268036390619594833e-01
9.450000000000000622e-01,2.130328004887203364e-01,3.110606450433362480e-01,4.348602744114679619e-01
9.500000000000000666e-01,1.961056392694123240e-01,3.067040623995845872e-01,3.481795574403183102e-01
9.550000000000000711e-01,1.811305543497305215e-01,3.025409328450280877e-01,2.673353913293299300e-01
9.599999999999999645e-01,1.678211279621904251e-01,3.016209702266762771e-01,1.928095859151464087e-01
9.649999999999999689e-01,1.559410686736751317e-01,2.968289687441708624e-01,1.249874966096649609e-01
9.699999999999999734e-01,1.452941530351725408e-01,2.931402260931884052e-01,6.415529716387489978e-02
9.749999999999999778e-01,1.357164197099341718e-01,2.863065477436527173e-01,1.049890335126301040e-02
9.799999999999999822e-01,1.270700641312936252e-01,2.832150071125862367e-01,-3.589546749462015768e-02
9.849999999999999867e-01,1.192386275022069703e-01,2.799455845617595529e-01,-7.503914684785255307e-02
9.899999999999999911e-01,1.121231787304423910e-01,2.755861620272332391e-01,-1.070373497242847333e-01
9.949999999999999956e-01,1.056392638344437335e-01,2.711960574067053265e-01,-1.320840945103879949e-01
1.000000000000000000e+00,9.971445284025140521e-02,2.670562403295242415e-01,-1.504558321092167028e-01
1.005000000000000115e+00,9.428635505207981493e-02,2.637422237790387758e-01,-1.625039290903884659e-01
1.010000000000000009e+00,8.930100390532101640e-02,2.585496608993695378e-01,-1.686461667837557965e-01
1.015000000000000124e+00,8.471153528656226450e-02,2.540383648562065111e-01,-1.693574321682601302e-01
1.020000000000000018e+00,8.047710028367348334e-02,2.517924283198617608e-01,-1.651597868867349383e-01
1.024999999999999911e+00,7.656196628176316354e-02,2.461970641511829760e-01,-1.566121077076107204e-01
1.030000000000000027e+00,7.293477021067987232e-02,2.427456845763094617e-01,-1.442994952175231105e-01
1.034999999999999920e+00,6.956789534986926316e-02,2.388085066957246205e-01,-1.288226474486713902e-01
1.040000000000000036e+00,6.643694897329363580e-02,2.343650207308898559e-01,-1.107873915376528934e-01
1.044999999999999929e+00,6.352032268864210574e-02,2.327362488060660262e-01,-9.079455941470807034e-02
1.050000000000000044e+00,6.079882090160081132e-02,2.284834982433539829e-01,-6.943038302737399026e-02
1.054999999999999938e+00,5.825534564947652816e-02,2.237317549402578765e-01,-4.725757084818723447e-02
1.060000000000000053e+00,5.587462827350063443e-02,2.196324218232569292e-01,-2.480721060809609746e-02
1.064999999999999947e+00,5.364300016773140833e-02,2.162134036806562798e-01,-2.571623617653016284e-03
1.070000000000000062e+00,5.154819625512333664e-02,2.117254503615438321e-01,1.900172595880553553e-02
1.074999999999999956e+00,4.957918597500717700e-02,2.102776945837356304e-01,3.951518748461159414e-02
1.080000000000000071e+00,4.772602748011942758e-02,2.059596111569237664e-01,5.862469194124898808e-02
1.084999999999999964e+00,4.597974148126254129e-02,2.035114766121461916e-01,7.604230412056306454e-02
1.090000000000000080e+00,4.433220177928727523e-02,1.984907810853396015e-01,9.153755792797359236e-02
1.094999999999999973e+00,4.277604001520135535e-02,1.963670320097779531e-01,1.049376000493230654e-01
1.100000000000000089e+00,4.130456257168903245e-02,1.931060589956428153e-01,1.161261924530565814e-01
1.104999999999999982e+00,3.991167789039495178e-02,1.880860040180774850e-01,1.250416477586895059e-01
1.110000000000000098e+00,3.859183274266045349e-02,1.855821886946192323e-01,1.316737928113398404e-01
1.114999999999999991e+00,3.733995621783210012e-02,1.836678124177472116e-01,1.360600743338436225e-01
1.120000000000000107e+00,3.615141038149582292e-02,1.795838042794079548e-01,1.382809358416061951e-01
1.125000000000000000e+00,3.502194671296686435e-02,1.760931305414227543e-01,1.384546067549151105e-01
1.130000000000000115e+00,3.394766756269494007e-02,1.747040588480811285e-01,1.367314525968852945e-01
1.135000000000000009e+00,3.292499198044609998e-02,1.691763419815761893e-01,1.332880391968407907e-01
1.140000000000000124e+00,3.195062535787184660e-02,1.689997156971232983e-01,1.283210639211141701e-01
1.145000000000000018e+00,3.102153240736190212e-02,1.661090901082854232e-01,1.220413032210061616e-01
1.150000000000000133e+00,3.013491306533194400e-02,1.631604264801401194e-01,1.146677184173147401e-01
1.155000000000000027e+00,2.928818096432865559e-02,1.600692271411478518e-01,1.064218509138653429e-01
1.159999999999999920e+00,2.847894416616927535e-02,1.565529742424387472e-01,9.752262431043273727e-02
1.165000000000000036e+00,2.770498788914318652e-02,1.535096402256097559e-01,8.818165458395678391e-02
1.169999999999999929e+00,2.696425899719492175e-02,1.541260460218406292e-01,7.859915110774091940e-02
1.175000000000000044e+00,2.625485204891313956e-02,1.500985688589436817e-01,6.896047128889240541e-02
1.179999999999999938e+00,2.557499672984203665e-02,1.472419691325048685e-01,5.943337057635765530e-02
1.185000000000000053e+00,2.492304651374803795e-02,1.450756399936707075e-01,5.016596809707410398e-02
1.189999999999999947e+00,2.429746841756470765e-02,1.438590678682803436e-01,4.128542680122977010e-02
1.195000000000000062e+00,2.369683373123885814e-02,1.396979192972550854e-01,3.289732633786927873e-02
1.199999999999999956e+00,2.311980961799887588e-02,1.402179555358693819e-01,2.508568752721144351e-02
1.205000000000000071e+00,2.256515149298498127e-02,1.348067360146270044e-01,1.791358982284956686e-02
1.209999999999999964e+00,2.203169609897343700e-02,1.325370512285900526e-01,1.142430810480840261e-02
1.215000000000000080e+00,2.151835520734270493e-02,1.314116698214891910e-01,5.642883001681970115e-03
1.219999999999999973e+00,2.102410988064270028e-02,1.301545979979367440e-01,5.780301187286293520e-04
1.225000000000000089e+00,2.054800524031900888e-02,1.280322529337556414e-01,-3.775711637647001778e-03
1.229999999999999982e+00,2.008914568943792958e-02,1.266232469750621925e-01,-7.435693810817741237e-03
1.235000000000000098e+00,1.964669054578889462e-02,1.254414098527611710e-01,-1.042883288186513026e-02
1.239999999999999991e+00,1.921985004559428195e-02,1.217976798956105500e-01,-1.278933788619743966e-02
1.245000000000000107e+00,1.880788168234628910e-02,1.208721115933349688e-01,-1.455657380021562960e-02
1.250000000000000000e+00,1.841008684904967690e-02,1.193289558392691407e-01,-1.577313055660902602e-02
1.255000000000000115e+00,1.802580775549728759e-02,1.163615974959131549e-01,-1.648315233077017258e-02
1.260000000000000009e+00,1.765442459514571238e-02,1.136151798047833755e-01,-1.673096482910072652e-02
1.265000000000000124e+00,1.729535293877345475e-02,1.157822486689811942e-01,-1.656002053101043869e-02
1.270000000000000018e+00,1.694804133442145977e-02,1.118849713107238075e-01,-1.601216408242741446e-02
1.275000000000000133e+00,1.661196909518069045e-02,1.111872079569926758e-01,-1.512720319997954213e-02
1.280000000000000027e+00,1.628664425821263473e-02,1.083146028668739852e-01,-1.394275537245639844e-02
1.284999999999999920e+00,1.597160170003472310e-02,1.063941297900500710e-01,-1.249432808330399290e-02
1.290000000000000036e+00,1.566640139454860900e-02,1.039174546151765549e-01,-1.081558082982681315e-02
1.294999999999999929e+00,1.537062680159300039e-02,1.044078222575082343e-01,-8.938711292142888232e-03
1.300000000000000044e+00,1.508388337496984269e-02,1.012339590828181812e-01,-6.894905812158744554e-03
1.304999999999999938e+00,1.480579717992820676e-02,1.011347170408884721e-01,-4.714795857042606946e-03
1.310000000000000053e+00,1.453601361102597848e-02,9.918926027744581764e-02,-2.428867113252475025e-03
1.314999999999999947e+00,1.427419620213185754e-02,9.703354610399392288e-02,-6.777584271898717046e-05
1.320000000000000062e+00,1.402002552107498891e-02,9.624488021180768738e-02,2.337462491695229457e-03
1.324999999999999956e+00,1.377319814213514258e-02,9.431966999554704245e-02,4.755435303388309831e-03
1.330000000000000071e+00,1.353342569016974771e-02,9.459382875931901524e-02,7.154455783544994181e-03
1.334999999999999964e+00,1.330043395072892827e-02,9.329847234896980479e-02,9.502843913070553594e-03
1.340000000000000080e+00,1.307396204100400548e-02,9.182946098359157094e-02,1.176935084116171627e-02
1.344999999999999973e+00,1.285376163690101284e-02,9.140286734935003377e-02,1.392370138146281459e-02
1.350000000000000089e+00,1.263959625194192166e-02,8.942348069095359953e-02,1.593722097487977607e-02
1.354999999999999982e+00,1.243124056405721031e-02,8.892813975484439859e-02,1.778350758990313030e-02
1.360000000000000098e+00,1.222847978667099267e-02,8.581219173279611145e-02,1.943910592605610499e-02
1.364999999999999991e+00,1.203110908077650865e-02,8.656696054049586864e-02,2.088414100898561623e-02
1.370000000000000107e+00,1.183893300498052407e-02,8.521250648527524396e-02,2.210287070872315324e-02
1.375000000000000000e+00,1.165176500073479039e-02,8.234835098761957017e-02,2.308412160438243210e-02
1.380000000000000115e+00,1.146942691021072755e-02,8.266088640537953836e-02,2.382157956033443755e-02
1.385000000000000009e+00,1.129174852446529313e-02,8.079768049606758651e-02,2.431391488018717212e-02
1.390000000000000124e+00,1.111856715974851237e-02,7.907988760362263947e-02,2.456473140491449020e-02
1.395000000000000018e+00,1.094972725996277985e-02,8.030367924868253571e-02,2.458233884379569523e-02
1.400000000000000133e+00,1.078508002344614677e-02,7.910676330150422098e-02,2.437935739670558238e-02
1.405000000000000027e+00,1.062448305239237223e-02,7.780762465568095976e-02,2.397217280695713992e-02
1.409999999999999920e+00,1.046780002335333595e-02,7.692192639296746570e-02,2.338026790297046201e-02
1.415000000000000036e+00,1.031490037738287333e-02,7.532146766817313099e-02,2.262546305050110867e-02
1.419999999999999929e+00,1.016565902850037444e-02,7.431102504410162790e-02,2.173110244768151553e-02
1.425000000000000044e+00,1.001995608924038592e-02,7.451163008323433146e-02,2.072122565632321042e-02
1.429999999999999938e+00,9.877676612155484454e-03,7.154182373109066462e-02,1.961976408742194256e-02
1.435000000000000053e+00,9.738710346223124203e-03,7.121326736601846230e-02,1.844980036178511112e-02
1.439999999999999947e+00,9.602951507176446869e-03,7.231868139751902735e-02,1.723292466854477872e-02
1.445000000000000062e+00,9.470298560861760070e-03,6.929393491401812655e-02,1.598871665184805474e-02
1.449999999999999956e+00,9.340654018779018589e-03,6.891489330709286987e-02,1.473437427042039762e-02
1.455000000000000071e+00,9.213924245035086044e-03,6.896441997933458468e-02,1.348450285074988611e-02
1.459999999999999964e+00,9.090019273979772427e-03,6.834940249812278268e-02,1.225106861908455136e-02
1.465000000000000080e+00,8.968852637859002844e-03,6.655109866277796049e-02,1.104351180112073810e-02
1.469999999999999973e+00,8.850341203857635050e-03,6.748561235191434526e-02,9.869005396527887053e-03
1.475000000000000089e+00,8.734405019953138741e-03,6.470487751150361122e-02,8.732837445798112205e-03
1.479999999999999982e+00,8.620967169038699918e-03,6.493767366265196239e-02,7.638887453607021323e-03
1.485000000000000098e+00,8.509953630811967554e-03,6.447589857682468895e-02,6.590162033761587379e-03
1.489999999999999991e+00,8.401293150961408954e-03,6.314800943404166866e-02,5.589351130832987888e-03
1.495000000000000107e+00,8.294917117209884769e-03,6.210311908664534891e-02,4.639364620179779915e-03
1.500000000000000000e+00,8.190759441810488081e-03,6.016365318501273873e-02,3.743809845757426619e-03
1.505000000000000115e+00,8.088756450110720295e-03,6.232488517077201806e-02,2.907373767602713585e-03
1.510000000000000009e+00,7.988846774829794911e-03,6.167801942374524088e-02,2.136078773042931773e-03
1.515000000000000124e+00,7.890971255718604374e-03,6.065579805230739835e-02,1.437388643240758998e-03
1.520000000000000018e+00,7.795072844286204429e-03,5.968036758387097740e-02,8.201503140518493721e-04
1.525000000000000133e+00,7.701096513307456592e-03,5.837150362119888219e-02,2.943674619752876371e-04
1.530000000000000027e+00,7.608989170835770040e-03,5.856484496066142326e-02,-1.291869798890369562e-04
1.535000000000000142e+00,7.518699578467217051e-03,5.619491442546147714e-02,-4.395011625691130300e-04
1.540000000000000036e+00,7.430178273618080406e-03,5.815510068353133000e-02,-6.259688425784943559e-04
1.544999999999999929e+00,7.343377495589737541e-03,5.605902282787883495e-02,-6.791102837465459209e-04
1.550000000000000044e+00,7.258251115213523036e-03,5.610571503789210657e-02,-5.913245996215366193e-04
1.554999999999999938e+00,7.174754567876227146e-03,5.488217176428051430e-02,-3.576240076137887939e-04
1.560000000000000053e+00,7.092844789744011565e-03,5.630044735073495149e-02,2.370114014276936013e-05
1.564999999999999947e+00,7.012480157009049614e-03,5.312793143485156772e-02,5.505360397468852694e-04
1.570000000000000062e+00,6.933620427997373367e-03,5.275743054896322309e-02,1.216558357497641912e-03
1.574999999999999956e+00,6.856226687982963988e-03,5.171570917717253912e-02,2.011054782479561581e-03
1.580000000000000071e+00,6.780261296567093900e-03,5.346919630849732152e-02,2.918962663521199128e-03
1.584999999999999964e+00,6.705687837484712761e-03,5.013224231839270850e-02,3.921149027843479767e-03
1.590000000000000080e+00,6.632471070711428059e-03,5.039661314319213853e-02,4.994924663586366824e-03
1.594999999999999973e+00,6.560576886751343616e-03,5.049877320250736878e-02,6.114775779303477030e-03
1.600000000000000089e+00,6.489972262993516823e-03,4.955086529259538491e-02,7.253281019342148854e-03
1.604999999999999982e+00,6.420625222027910063e-03,5.067863528825029829e-02,8.382168320196684008e-03
1.610000000000000098e+00,6.352504791824370098e-03,4.915478904418245365e-02,9.473455193352086495e-03
1.614999999999999991e+00,6.285580967677058088e-03,4.876861188871275954e-02,1.050060834915696011e-02
1.620000000000000107e+00,6.219824675826320787e-03,4.892788853599577131e-02,1.143965477377253091e-02
1.625000000000000000e+00,6.155207738674832452e-03,4.849176720122025386e-02,1.227017684149424304e-02
1.630000000000000115e+00,6.091702841515099845e-03,4.787847703228808455e-02,1.297612891083869090e-02
1.635000000000000009e+00,6.029283500699293523e-03,4.642031585320034737e-02,1.354642193851129592e-02
1.640000000000000124e+00,5.967924033173858944e-03,4.768005365199489559e-02,1.397523548329749482e-02
1.645000000000000018e+00,5.907599527318094061e-03,4.788154885968060048e-02,1.426203232486725897e-02
1.650000000000000133e+00,5.848285815016829141e-03,4.666527820516908759e-02,1.441126883027421361e-02
1.655000000000000027e+00,5.789959444915646763e-03,4.518329620077903702e-02,1.443181304582797503e-02
1.660000000000000142e+00,5.732597656793801504e-03,4.485360361364024162e-02,1.433610106906464329e-02
1.665000000000000036e+00,5.676178357007301799e-03,4.603541609271605967e-02,1.413907936487275065e-02
1.669999999999999929e+00,5.620680094947622107e-03,4.402897596028879090e-02,1.385699520437291658e-02
1.675000000000000044e+00,5.566082040471497655e-03,4.112506060937906605e-02,1.350610836557908020e-02
1.679999999999999938e+00,5.512363962251941481e-03,4.127940618919920257e-02,1.310140389604663377e-02
1.685000000000000053e+00,5.459506207013292180e-03,4.247487381420320118e-02,1.265538763482075557e-02
1.689999999999999947e+00,5.407489679602287339e-03,4.172687754469082966e-02,1.217704315437552476e-02
1.695000000000000062e+00,5.356295823863784986e-03,4.313772801570023990e-02,1.167102095371258010e-02
1.699999999999999956e+00,5.305906604279073818e-03,4.131665688006672110e-02,1.113711855073955953e-02
1.705000000000000071e+00,5.256304488334069200e-03,4.307885462265979848e-02,1.057009428404067503e-02
1.709999999999999964e+00,5.207472429584805544e-03,3.994166528400093508e-02,9.959839057204987120e-03
1.715000000000000080e+00,5.159393851387738920e-03,3.976169179901514750e-02,9.291910013542429778e-03
1.719999999999999973e+00,5.112052631265312334e-03,4.068809545849912807e-02,8.548409370947107969e-03
1.725000000000000089e+00,5.065433085879290052e-03,4.190565275528077699e-02,7.709171547760590264e-03
1.729999999999999982e+00,5.019519956584123609e-03,3.710453860781970370e-02,6.753203392730071711e-03
1.735000000000000098e+00,4.974298395534493440e-03,3.805403267986423588e-02,5.660306797529452566e-03
1.739999999999999991e+00,4.929753952324328163e-03,4.053564875995339239e-02,4.412801059125200445e-03
1.745000000000000107e+00,4.885872561133488938e-03,3.952275351633261630e-02,2.997254698332255714e-03
1.750000000000000000e+00,4.842640528356954160e-03,3.824334952571108170e-02,1.406133421587374768e-03
1.755000000000000115e+00,4.800044520703681400e-03,3.823885387404755282e-02,-3.607273258522525469e-04
1.760000000000000009e+00,4.758071553734440247e-03,3.790647624877879068e-02,-2.294910334351442198e-03
1.765000000000000124e+00,4.716708980829827091e-03,3.748975830085177902e-02,-4.378539501845352469e-03
1.770000000000000018e+00,4.675944482563090636e-03,3.652062260074231959e-02,-6.583797467256866619e-03
1.775000000000000133e+00,4.635766056465087312e-03,3.783947964663333940e-02,-8.872880356269792837e-03
1.780000000000000027e+00,4.596162007161983670e-03,3.678739586166304698e-02,-1.119841234855347561e-02
1.785000000000000142e+00,4.557120936873068281e-03,3.697766854592543506e-02,-1.350432197712678369e-02
1.790000000000000036e+00,4.518631736250249518e-03,3.602063381267213427e-02,-1.572716112422493928e-02
1.794999999999999929e+00,4.480683575548721591e-03,3.431871030846481152e-02,-1.779782757772213966e-02
1.800000000000000044e+00,4.443265896113147290e-03,3.598532858169463389e-02,-1.964363368701058099e-02
1.804999999999999938e+00,4.406368402165937621e-03,3.616798991448867684e-02,-2.119064793202482533e-02
1.810000000000000053e+00,4.369981052887206112e-03,3.582357443402758163e-02,-2.236622376341739979e-02
1.814999999999999947e+00,4.334094054773430724e-03,3.372816276065287999e-02,-2.310162138986301614e-02
1.820000000000000062e+00,4.298697854264430657e-03,3.234012311917394689e-02,-2.333462358106582965e-02
1.824999999999999956e+00,4.263783130625708323e-03,3.361382534568003316e-02,-2.301204612718052780e-02
1.830000000000000071e+00,4.229340789079958328e-03,3.413715952532894726e-02,-2.209204725279129838e-02
1.834999999999999964e+00,4.195361954173668778e-03,3.268570103645239422e-02,-2.054614774885301157e-02
1.840000000000000080e+00,4.161837963372642772e-03,3.268497610999879927e-02,-1.836088442398166667e-02
1.844999999999999973e+00,4.128760360875491364e-03,3.357126518092960060e-02,-1.553903312340152755e-02
1.850000000000000089e+00,4.096120891638004718e-03,3.328468905075097212e-02,-1.210035336413551460e-02
1.854999999999999982e+00,4.063911495599292420e-03,3.165658372822203331e-02,-8.081823878424813923e-03
1.860000000000000098e+00,4.032124302102240571e-03,3.290428562223830788e-02,-3.537356317355242093e-03
1.864999999999999991e+00,4.000751624500895748e-03,3.260140963144379095e-02,1.463007667274856139e-03
1.870000000000000107e+00,3.969785954947635705e-03,3.182141779309079210e-02,6.834393439170156209e-03
1.875000000000000000e+00,3.939219959352416832e-03,3.287939401845266230e-02,1.247884591429508812e-02
1.880000000000000115e+00,3.909046472509903822e-03,3.140429367824330159e-02,1.828748475385054764e-02
1.885000000000000009e+00,3.879258493384127836e-03,3.041454176119293140e-02,2.414299724104612688e-02
1.890000000000000124e+00,3.849849180550493633e-03,3.115603202558862167e-02,2.992239425595575458e-02
1.895000000000000018e+00,3.820811847782370260e-03,2.872588236818391857e-02,3.549994786183350431e-02
1.900000000000000133e+00,3.792139959784172204e-03,3.208282654086097585e-02,4.075022494573594251e-02
1.905000000000000027e+00,3.763827128058412803e-03,2.896610633150524181e-02,4.555113014556991247e-02
1.910000000000000142e+00,3.735867106907713505e-03,3.184857733738068880e-02,4.978687288764871433e-02
1.915000000000000036e+00,3.708253789562910609e-03,3.067656590022779795e-02,5.335077761552201731e-02
1.919999999999999929e+00,3.680981204436037813e-03,2.870564591199841961e-02,5.614786299923507640e-02
1.925000000000000044e+00,3.654043511488199066e-03,2.817856535742574789e-02,5.809712479308636046e-02
1.929999999999999938e+00,3.627434998715696642e-03,2.983961997867071170e-02,5.913346770775963074e-02
1.935000000000000053e+00,3.601150078743593254e-03,2.915923068454092174e-02,5.920924377938126260e-02
1.939999999999999947e+00,3.575183285526114477e-03,3.052107110259677514e-02,5.829536779415907255e-02
1.945000000000000062e+00,3.549529271149702569e-03,2.970624766807042003e-02,5.638199387550832387e-02
1.949999999999999956e+00,3.524182802734402657e-03,2.874313741693999835e-02,5.347875084869720824e-02
1.955000000000000071e+00,3.499138759430591491e-03,2.698326532844012166e-02,4.961454695088080014e-02
1.959999999999999964e+00,3.474392129508049442e-03,2.838842845678669555e-02,4.483696636144660769e-02
1.965000000000000080e+00,3.449938007532730565e-03,2.728853835941740316e-02,3.921129043427239169e-02
1.969999999999999973e+00,3.425771591629966570e-03,2.746577863895237337e-02,3.281918504275441878e-02
1.975000000000000089e+00,3.401888180830101374e-03,2.709704442350575893e-02,2.575710180295067223e-02
1.979999999999999982e+00,3.378283172493711742e-03,2.700941778595183571e-02,1.813444494163096374e-02
1.985000000000000098e+00,3.354952059813647979e-03,2.764050945178461380e-02,1.007155716276109982e-02
1.989999999999999991e+00,3.331890429392553310e-03,2.771234355058784654e-02,1.697577112047648964e-03
1.995000000000000107e+00,3.309093958890345962e-03,2.524896655243864807e-02,-6.851781851876802970e-03
2.000000000000000000e+00,3.286558414743310629e-03,2.704779131348611018e-02,-1.543648657722093698e-02
2.004999999999999893e+00,3.264279649948045176e-03,2.558688361858026117e-02,-2.391443381702712881e-02
2.010000000000000231e+00,3.242253601912723285e-03,2.675334588272908903e-02,-3.214366276223541014e-02
2.015000000000000124e+00,3.220476290367985193e-03,2.429540849367074068e-02,-3.998450576353149155e-02
2.020000000000000018e+00,3.198943815340952405e-03,2.369871892943799588e-02,-4.730165965632420616e-02
2.024999999999999911e+00,3.177652355187648818e-03,2.782640438993446569e-02,-5.396616639765710460e-02
2.030000000000000249e+00,3.156598164679207379e-03,2.440202365207117668e-02,-5.985729678328318565e-02
2.035000000000000142e+00,3.135777573146754631e-03,2.676157798051937570e-02,-6.486433447456536883e-02
2.040000000000000036e+00,3.115186982675786920e-03,2.598527328081918358e-02,-6.888825919106816853e-02
2.044999999999999929e+00,3.094822866355095847e-03,2.378336962053884465e-02,-7.184332762676395867e-02
2.049999999999999822e+00,3.074681766571821760e-03,2.343442487803139990e-02,-7.365854849381467395e-02
2.055000000000000160e+00,3.054760293356853246e-03,2.733664439515665415e-02,-7.427904431229376270e-02
2.060000000000000053e+00,3.035055122776034609e-03,2.407294114704633392e-02,-7.366728750463145958e-02
2.064999999999999947e+00,3.015562995365752771e-03,2.412950624988971851e-02,-7.180419250410158272e-02
2.069999999999999840e+00,2.996280714612969964e-03,2.563667713655558983e-02,-6.869003950172668238e-02
2.075000000000000178e+00,2.977205145476367627e-03,2.406211255272963992e-02,-6.434519974189467639e-02
2.080000000000000071e+00,2.958333212948604119e-03,2.297473757633928387e-02,-5.881062753512263097e-02
2.084999999999999964e+00,2.939661900658494063e-03,2.381369531022069913e-02,-5.214808094541361488e-02
2.089999999999999858e+00,2.921188249511195035e-03,2.360683274553983593e-02,-4.444003190598935088e-02
2.095000000000000195e+00,2.902909356364475647e-03,2.284409964037262958e-02,-3.578922768224801487e-02
2.100000000000000089e+00,2.884822372742648806e-03,2.320510784647893121e-02,-2.631786935179966300e-02
2.104999999999999982e+00,2.866924503583625616e-03,2.411212433909410910e-02,-1.616637937562389118e-02
2.109999999999999876e+00,2.849213006021211921e-03,2.123680957127272589e-02,-5.491739294724055746e-03
2.115000000000000213e+00,2.831685188197819759e-03,2.127169144841484227e-02,5.534610144416489755e-03
2.120000000000000107e+00,2.814338408111495982e-03,2.475517541727783460e-02,1.672930093736464674e-02
2.125000000000000000e+00,2.797170072491639726e-03,2.303665770367905458e-02,2.789998172662376194e-02
2.129999999999999893e+00,2.780177635706048127e-03,2.350890909140978396e-02,3.884863809148775271e-02
2.135000000000000231e+00,2.763358598694044474e-03,2.233858224128188949e-02,4.937523800095787452e-02
2.140000000000000124e+00,2.746710507931798481e-03,2.285509624405296716e-02,5.928163603495437139e-02
2.145000000000000018e+00,2.730230954420708855e-03,2.212607538025826437e-02,6.837565595204014857e-02
2.149999999999999911e+00,2.713917572705264441e-03,2.240398960818115390e-02,7.647525894035629712e-02
2.155000000000000249e+00,2.697768039912980167e-03,2.133524658529481130e-02,8.341269502122149182e-02
2.160000000000000142e+00,2.681780074823549194e-03,2.420052832348280197e-02,8.903852809939666324e-02
2.165000000000000036e+00,2.665951436957879339e-03,2.195945189056782224e-02,9.322542149797474753e-02
2.169999999999999929e+00,2.650279925693143409e-03,2.188347780554919519e-02,9.587157080577958512e-02
2.175000000000000266e+00,2.634763379398735120e-03,2.059207566314263937e-02,9.690367471104581465e-02
2.180000000000000160e+00,2.619399674595860195e-03,2.104398394315927512e-02,9.627934227417381252e-02
2.185000000000000053e+00,2.604186725137059427e-03,2.065402149017591185e-02,9.398884675258310784e-02
2.189999999999999947e+00,2.589122481407241452e-03,1.994971836010177302e-02,9.005615142019920971e-02
2.194999999999999840e+00,2.574204929544011717e-03,2.291205933391890492e-02,8.453915147368161465e-02
2.200000000000000178e+00,2.559432090679419642e-03,2.139484777092285836e-02,7.752909757171376481e-02
2.205000000000000071e+00,2.544802020197767592e-03,2.292339879085287732e-02,6.914919016495302273e-02
2.209999999999999964e+00,2.530312807014603853e-03,2.260447517255926089e-02,5.955235875484648361e-02
2.214999999999999858e+00,2.515962572871886706e-03,2.082978381815903807e-02,4.891826568176368961e-02
2.220000000000000195e+00,2.501749471651414265e-03,2.056140265221233915e-02,3.744959902305807636e-02
2.225000000000000089e+00,2.487671688704912003e-03,2.150973931378329443e-02,2.536774268478901237e-02
2.229999999999999982e+00,2.473727440200208100e-03,1.987282920848095283e-02,1.290793282038672773e-02
2.234999999999999876e+00,2.459914972483670959e-03,1.922765648910344793e-02,3.140273940665186544e-04
2.240000000000000213e+00,2.446232561459130497e-03,1.964533437652177250e-02,-1.216697075832871670e-02
2.245000000000000107e+00,2.432678511978734765e-03,1.999436551299800524e-02,-2.429048825593357191e-02
2.250000000000000000e+00,2.419251157253502187e-03,1.977848783151334860e-02,-3.581990019080542875e-02
2.254999999999999893e+00,2.405948858272310628e-03,1.895090086127325379e-02,-4.653184291382179288e-02
2.260000000000000231e+00,2.392770003240387786e-03,1.959742578779343977e-02,-5.622117671528591154e-02
2.265000000000000124e+00,2.379713007026922327e-03,1.854281106697259346e-02,-6.470546652543392174e-02
2.270000000000000018e+00,2.366776310628384682e-03,1.902087347992291455e-02,-7.182886515269122640e-02
2.274999999999999911e+00,2.353958380642917538e-03,1.863435913789349835e-02,-7.746530360556137806e-02
2.280000000000000249e+00,2.341257708758007379e-03,1.861991556435795003e-02,-8.152091580988864161e-02
2.285000000000000142e+00,2.328672811250676825e-03,1.908734947333500312e-02,-8.393564953297755205e-02
2.290000000000000036e+00,2.316202228499022499e-03,1.860854541162190387e-02,-8.468404053115317909e-02
2.294999999999999929e+00,2.303844524503849845e-03,1.869231666690333860e-02,-8.377515183762253292e-02
2.300000000000000266e+00,2.291598286423879999e-03,1.812034569902190584e-02,-8.125170377644432007e-02
2.305000000000000160e+00,2.279462124119794198e-03,1.872153815885488348e-02,-7.718844192638062152e-02
2.310000000000000053e+00,2.267434669709764237e-03,1.848396671322460535e-02,-7.168980922176455828e-02
2.314999999999999947e+00,2.255514577134745506e-03,2.097760496777574188e-02,-6.488700420685214465e-02
2.319999999999999840e+00,2.243700521734815455e-03,1.891739965309487473e-02,-5.693451988033097766e-02
2.325000000000000178e+00,2.231991199832846894e-03,1.757615622803536740e-02,-4.800626647524344065e-02
2.330000000000000071e+00,2.220385328331371706e-03,1.712901007678716003e-02,-3.829138697747255793e-02
2.334999999999999964e+00,2.208881644314267950e-03,1.792273646160073147e-02,-2.798987637246629426e-02
2.339999999999999858e+00,2.197478904661428339e-03,1.862198040922072653e-02,-1.730811480573583860e-02
2.345000000000000195e+00,2.186175885669328512e-03,1.699791174768129631e-02,-6.454421378392983730e-03
2.350000000000000089e+00,2.174971382681883947e-03,1.660829806513370102e-02,4.365270464781019315e-03
2.354999999999999982e+00,2.163864209728383250e-03,1.848272789987881123e-02,1.495152270784501532e-02
2.359999999999999876e+00,2.152853199170448942e-03,1.753279219453706197e-02,2.511520377119965536e-02
2.365000000000000213e+00,2.141937201356209925e-03,1.714006132192102266e-02,3.468092746579085062e-02
2.370000000000000107e+00,2.131115084282406841e-03,1.674173133966454230e-02,4.349005829146468383e-02
2.375000000000000000e+00,2.120385733263722983e-03,1.772075226924272814e-02,5.140323397698646352e-02
2.379999999999999893e+00,2.109748050610618392e-03,1.694572503755614745e-02,5.830236925934267900e-02
2.385000000000000231e+00,2.099200955311981281e-03,1.743249897267545867e-02,6.409211837884017104e-02
2.390000000000000124e+00,2.088743382726731927e-03,1.841336580382677349e-02,6.870078740736484946e-02
2.395000000000000018e+00,2.078374284281233556e-03,1.716773150576235418e-02,7.208070106900225926e-02
2.399999999999999911e+00,2.068092627174166007e-03,1.618377928669679361e-02,7.420804188232822673e-02
2.405000000000000249e+00,2.057897394085956080e-03,1.656089456171648891e-02,7.508219193347752396e-02
2.410000000000000142e+00,2.047787582896415728e-03,1.724428911678207998e-02,7.472461904484149764e-02
2.415000000000000036e+00,2.037762206407507659e-03,1.588921679671629478e-02,7.317735918836222597e-02
2.419999999999999929e+00,2.027820292072670359e-03,1.758388970183815889e-02,7.050115536962417440e-02
2.425000000000000266e+00,2.017960881731135220e-03,1.814615886630777802e-02,6.677331957839573173e-02
2.430000000000000160e+00,2.008183031348155598e-03,1.481102028249826549e-02,6.208538852363189309e-02
2.435000000000000053e+00,1.998485810761163866e-03,1.678600364291739366e-02,5.654064558583995342e-02
2.439999999999999947e+00,1.988868303431518166e-03,1.497501106710453535e-02,5.025158067627709391e-02
2.444999999999999840e+00,1.979329606200123676e-03,1.482401531998881784e-02,4.333735654546407717e-02
2.450000000000000178e+00,1.969868829050043946e-03,1.470141587269001293e-02,3.592134470959532783e-02
2.455000000000000071e+00,1.960485094872232124e-03,1.572772112586432597e-02,2.812878684845734542e-02
2.459999999999999964e+00,1.951177539237876476e-03,1.664837731441063881e-02,2.008462865035975584e-02
2.464999999999999858e+00,1.941945310174376244e-03,1.469269680787669077e-02,1.191156308811821413e-02
2.470000000000000195e+00,1.932787567946471583e-03,1.657513431386659075e-02,3.728309499974623298e-03
2.475000000000000089e+00,1.923703484841581945e-03,1.382933865897082240e-02,-4.351855883331969162e-03
2.479999999999999982e+00,1.914692244960059138e-03,1.521118518545800866e-02,-1.222231269346211145e-02
2.484999999999999876e+00,1.905753044008902256e-03,1.731134966215118823e-02,-1.978405677228202431e-02
2.490000000000000213e+00,1.896885089100907923e-03,1.510436496367366550e-02,-2.694642085933195499e-02
2.495000000000000107e+00,1.888087598556763280e-03,1.521063749937242270e-02,-3.362757538705405530e-02
2.500000000000000000e+00,1.879359801712358544e-03,1.514828642326302398e-02,-3.975483458767292699e-02
2.504999999999999893e+00,1.870700938728141107e-03,1.555029162766200825e-02,-4.526479687910987121e-02
2.510000000000000231e+00,1.862110260405136410e-03,1.514784285436059086e-02,-5.010335059790878287e-02
2.515000000000000124e+00,1.853587028001902519e-03,1.389664341579612168e-02,-5.422557665411298355e-02
2.520000000000000018e+00,1.845130513057028883e-03,1.345937295027721699e-02,-5.759557872509067644e-02
2.524999999999999911e+00,1.836739997213981089e-03,1.485604552215406306e-02,-6.018626934761982239e-02
2.530000000000000249e+00,1.828414772050701142e-03,1.614913132249980177e-02,-6.197913689400688653e-02
2.535000000000000142e+00,1.820154138911388294e-03,1.197444150656239506e-02,-6.296401412811444831e-02
2.540000000000000036e+00,1.811957408742419793e-03,1.508105105890115982e-02,-6.313886403168354755e-02
2.544999999999999929e+00,1.803823901931167961e-03,1.376204942150752349e-02,-6.250959307295837764e-02
2.550000000000000266e+00,1.795752948147969277e-03,1.382458384970168541e-02,-6.108989627016377794e-02
2.555000000000000160e+00,1.787743886191924154e-03,1.276047854035114275e-02,-5.890113249667990741e-02
2.560000000000000053e+00,1.779796063838531622e-03,1.619734873788084006e-02,-5.597222271395563969e-02
2.564999999999999947e+00,1.771908837691200033e-03,1.476807480128027386e-02,-5.233955844947308506e-02
2.569999999999999840e+00,1.764081573035499286e-03,1.553571158699559515e-02,-4.804690311517850754e-02
2.575000000000000178e+00,1.756313643695889791e-03,1.420655903704045112e-02,-4.314526495754851532e-02
2.580000000000000071e+00,1.748604431895757613e-03,1.448665849944299512e-02,-3.769271779547635204e-02
2.584999999999999964e+00,1.740953328119978832e-03,1.414679672655296504e-02,-3.175414447752353264e-02
2.589999999999999858e+00,1.733359730979248123e-03,1.275247392795069747e-02,-2.540087835904146149e-02
2.595000000000000195e+00,1.725823047079241140e-03,1.263842803453547881e-02,-1.871022018506266968e-02
2.600000000000000089e+00,1.718342690889478963e-03,1.436060483538205597e-02,-1.176481159658961453e-02
2.604999999999999982e+00,1.710918084617103979e-03,1.269182674403986771e-02,-4.651851976992863597e-03
2.609999999999999876e+00,1.703548658081614851e-03,1.417908245449207676e-02,2.537847666707970275e-03
2.615000000000000213e+00,1.696233848592246718e-03,1.227380974101272004e-02,9.710971950103106098e-03
2.620000000000000107e+00,1.688973100828431622e-03,1.361213424598100956e-02,1.677295875298867936e-02
2.625000000000000000e+00,1.681765866721316675e-03,1.455969466205779550e-02,2.362938737912231510e-02
2.629999999999999893e+00,1.674611605339218099e-03,1.331797811878940654e-02,3.018746852183262080e-02
2.635000000000000231e+00,1.667509782772289440e-03,1.263524763244649844e-02,3.635759936741200793e-02
2.640000000000000124e+00,1.660459872023591554e-03,1.410442935642268296e-02,4.205494064960961509e-02
2.645000000000000018e+00,1.653461352897826146e-03,1.323796385454236758e-02,4.720096786567042763e-02
2.649999999999999911e+00,1.646513711895284315e-03,1.438899831525804196e-02,5.172494656174381894e-02
2.655000000000000249e+00,1.639616442105936269e-03,1.305684896835675873e-02,5.556528183165061058e-02
2.660000000000000142e+00,1.632769043107312702e-03,1.513296786386079257e-02,5.867069503068325642e-02
2.665000000000000036e+00,1.625971020861852754e-03,1.161848320500441512e-02,6.100118609288904259e-02
2.669999999999999929e+00,1.619221887617744611e-03,1.442825438316996771e-02,6.252874749993198034e-02
2.675000000000000266e+00,1.612521161812369716e-03,1.274670132544303280e-02,6.323780546591999119e-02
2.680000000000000160e+00,1.605868367975019475e-03,1.413719213445176724e-02,6.312537474022603123e-02
2.685000000000000053e+00,1.599263036633544795e-03,1.457073455539017147e-02,6.220092496062306492e-02
2.689999999999999947e+00,1.592704704221735088e-03,1.219118697870528317e-02,6.048596804204835892e-02
2.694999999999999840e+00,1.586192912988756368e-03,1.318023305976425905e-02,5.801338699720748338e-02
2.700000000000000178e+00,1.579727210910025726e-03,1.304552911435755830e-02,5.482653622970531243e-02
2.705000000000000071e+00,1.573307151599661995e-03,1.185376280270290621e-02,5.097815120684439510e-02
2.709999999999999964e+00,1.566932294225149716e-03,1.278184594193792351e-02,4.652911109909586146e-02
2.714999999999999858e+00,1.560602203421855658e-03,1.280909883040763121e-02,4.154710123223071677e-02
2.720000000000000195e+00,1.554316449211285821e-03,1.279544385811111872e-02,3.610522295533132725e-02
2.725000000000000089e+00,1.548074606919447836e-03,1.269322437723034713e-02,3.028059686874622417e-02
2.729999999999999982e+00,1.541876257096892354e-03,1.177144269220287316e-02,2.415300152260974054e-02
2.734999999999999876e+00,1.535720985440057864e-03,1.244809648366505123e-02,1.780358405215716824e-02
2.740000000000000213e+00,1.529608382714569247e-03,1.083755942203548303e-02,1.131367222420760245e-02
2.745000000000000107e+00,1.523538044678960030e-03,1.319149072446385886e-02,4.763709547125164270e-03
2.750000000000000000e+00,1.517509572011317004e-03,1.312013610590787548e-02,-1.767673025504924115e-03
2.754999999999999893e+00,1.511522570234720940e-03,1.268655687982930651e-02,-8.204443179056161023e-03
2.760000000000000231e+00,1.505576649646898782e-03,1.168919130747031118e-02,-1.447381275248641429e-02
2.765000000000000124e+00,1.499671425248863196e-03,1.232406102707826571e-02,-2.050675057628275483e-02
2.770000000000000018e+00,1.493806516675823953e-03,1.261611086386190371e-02,-2.623837552351371283e-02
2.774999999999999911e+00,1.487981548129096131e-03,1.307627815353623428e-02,-3.160824627479925236e-02
2.780000000000000249e+00,1.482196148309187275e-03,1.142916233928805217e-02,-3.656056651169603544e-02
2.785000000000000142e+00,1.476449950349999121e-03,1.191859770376099865e-02,-4.104432515483999455e-02
2.790000000000000036e+00,1.470742591754226058e-03,1.212631414705494549e-02,-4.501339102528111036e-02
2.794999999999999929e+00,1.465073714329730246e-03,1.138454855223831018e-02,-4.842658015158834983e-02
2.800000000000000266e+00,1.459442964127364564e-03,1.160709825636996491e-02,-5.124771212524080466e-02
2.805000000000000160e+00,1.453849991379549964e-03,1.214578283474944398e-02,-5.344566966659686919e-02
2.810000000000000053e+00,1.448294450439442833e-03,1.227114753195873362e-02,-5.499447311887116496e-02
2.814999999999999947e+00,1.442775999722940589e-03,1.039367535016522473e-02,-5.587337910908310445e-02
2.819999999999999840e+00,1.437294301648777339e-03,1.159790222244389511e-02,-5.606701019746843095e-02
2.825000000000000178e+00,1.431849022582330766e-03,1.205530713842973937e-02,-5.556552002392454309e-02
2.830000000000000071e+00,1.426439832779030029e-03,9.860833521620791103e-03,-5.436479621809911511e-02
2.834999999999999964e+00,1.421066406329176378e-03,1.125274061847937081e-02,-5.246670109465383092e-02
2.839999999999999858e+00,1.415728421102788485e-03,1.153526952640166955e-02,-4.987934780116429906e-02
2.845000000000000195e+00,1.410425558696994791e-03,1.124954730150425943e-02,-4.661740700686978905e-02
2.850000000000000089e+00,1.405157504382835822e-03,1.135749400935784532e-02,-4.270243632745304718e-02
2.854999999999999982e+00,1.399923947053964514e-03,1.303833571678182299e-02,-3.816322141999558409e-02
2.859999999999999876e+00,1.394724579174854090e-03,1.100142981717812038e-02,-3.303611407186764215e-02
2.865000000000000213e+00,1.389559096731761553e-03,1.185371149313511202e-02,-2.736534873620139266e-02
2.870000000000000107e+00,1.384427199183629149e-03,1.143263576705295242e-02,-2.120331501173835717e-02
2.875000000000000000e+00,1.379328589411798860e-03,1.027298019931054650e-02,-1.461075977984162798e-02
2.879999999999999893e+00,1.374262973674650464e-03,9.947264851081523765e-03,-7.656889413382723941e-03
2.885000000000000231e+00,1.369230061560308860e-03,1.249594168082108873e-02,-4.193400291911650898e-04
2.890000000000000124e+00,1.364229565938999012e-03,1.171756150530673703e-02,7.016017460491160221e-03
2.895000000000000018e+00,1.359261202919862183e-03,1.057940981366446362e-02,1.455547036916336051e-02
2.899999999999999911e+00,1.354324691804790820e-03,1.171490629396519656e-02,2.209808593695476372e-02
2.905000000000000249e+00,1.349419755045590426e-03,1.096788520019341059e-02,2.953658794874717761e-02
2.910000000000000142e+00,1.344546118200349531e-03,1.048698409618471598e-02,3.675850793600630995e-02
2.915000000000000036e+00,1.339703509891061696e-03,1.175705950683767452e-02,4.364762190240286527e-02
2.919999999999999929e+00,1.334891661761765770e-03,8.754721325891914180e-03,5.008567283264882958e-02
2.925000000000000266e+00,1.330110308438217691e-03,1.116176809106748241e-02,5.595436696375889751e-02
2.930000000000000160e+00,1.325359187486182090e-03,1.074598962084419990e-02,6.113761841731127356e-02
2.935000000000000053e+00,1.320638039372651253e-03,9.991800402475884552e-03,6.552400293597011871e-02
2.939999999999999947e+00,1.315946607426554281e-03,1.096899242644089160e-02,6.900936783986894030e-02
2.944999999999999840e+00,1.311284637799892778e-03,9.828181068537285292e-03,7.149953268332943923e-02
2.950000000000000178e+00,1.306651879430230931e-03,1.199350763759254174e-02,7.291300419545430900e-02
2.955000000000000071e+00,1.302048084003032489e-03,1.063099972549802832e-02,7.318362063808543649e-02
2.959999999999999964e+00,1.297473005915062002e-03,1.076722735260307769e-02,7.226303531467775931e-02
2.964999999999999858e+00,1.292926402238757074e-03,9.884788033928179965e-03,7.012294707557126250e-02
2.970000000000000195e+00,1.288408032685471301e-03,1.027779203894295564e-02,6.675698758233745977e-02
2.975000000000000089e+00,1.283917659572055697e-03,1.259696895741032642e-02,6.218218090743592164e-02
2.979999999999999982e+00,1.279455047785155912e-03,1.111649424952779880e-02,5.643990064896964309e-02
2.984999999999999876e+00,1.275019964747840925e-03,1.149185518007281130e-02,4.959626282430383559e-02
2.990000000000000213e+00,1.270612180386109435e-03,1.113013300448486946e-02,4.174190888203489769e-02
2.995000000000000107e+00,1.266231467095516169e-03,1.003171136103348307e-02,3.299115160545246228e-02
3.000000000000000000e+00,1.261877599709961819e-03,1.009299674496749732e-02,2.348047671744433323e-02
3.004999999999999893e+00,1.257550355468881617e-03,9.937477462412740159e-03,1.336641382574051823e-02
3.010000000000000231e+00,1.253249513986293313e-03,1.028015173808062913e-02,2.822811128705505178e-03
3.015000000000000124e+00,1.248974857219510570e-03,1.059300817925154341e-02,-7.962431776345525042e-03
3.020000000000000018e+00,1.244726169438770992e-03,1.055374082890519344e-02,-1.879110032763017107e-02
3.024999999999999911e+00,1.240503237198966203e-03,7.070854757074087130e-03,-2.945878197124603137e-02
3.030000000000000249e+00,1.236305849306828467e-03,1.143307096097829351e-02,-3.975926171266367520e-02
3.035000000000000142e+00,1.232133796795042762e-03,1.024318235696919203e-02,-4.948908423161090669e-02
3.040000000000000036e+00,1.227986872892094898e-03,9.487718335237958073e-03,-5.845216394966448042e-02
3.044999999999999929e+00,1.223864872993858264e-03,1.003377493962955176e-02,-6.646432143449766683e-02
3.050000000000000266e+00,1.219767594637002255e-03,1.230942210625362611e-02,-7.335762511897697680e-02
3.055000000000000160e+00,1.215694837471417754e-03,8.895350046531979443e-03,-7.898442140718758830e-02
3.060000000000000053e+00,1.211646403232067778e-03,8.959406986662532546e-03,-8.322094363972230846e-02
3.064999999999999947e+00,1.207622095714310818e-03,8.788689316508602883e-03,-8.597040083873840055e-02
3.070000000000000284e+00,1.203621720746065682e-03,1.003441757416351741e-02,-8.716546032186162085e-02
3.075000000000000178e+00,1.199645086163757604e-03,1.021067888149270603e-02,-8.677005380301454351e-02
3.080000000000000071e+00,1.195692001785789117e-03,9.888725861586910443e-03,-8.478045407790139876e-02
3.084999999999999964e+00,1.191762279387704017e-03,9.120231885364940561e-03,-8.122558839456486823e-02
3.089999999999999858e+00,1.187855732678462202e-03,1.040188604767140583e-02,-7.616657466955568945e-02
3.095000000000000195e+00,1.183972177275300058e-03,1.003046001526580744e-02,-6.969548734102769261e-02
3.100000000000000089e+00,1.180111430680153397e-03,9.939286816589815166e-03,-6.193338033955485961e-02
3.104999999999999982e+00,1.176273312256627488e-03,8.766650090854517449e-03,-5.302761486612768416e-02
3.109999999999999876e+00,1.172457643206269509e-03,8.978172482496318482e-03,-4.314855884470070180e-02
3.115000000000000213e+00,1.168664246545827188e-03,9.524148270177314191e-03,-3.248574250103625910e-02
3.120000000000000107e+00,1.164892947084740331e-03,1.055591687279310888e-02,-2.124356995495064668e-02
3.125000000000000000e+00,1.161143571403575612e-03,9.220249352072020649e-03,-9.636699473791523682e-03
3.129999999999999893e+00,1.157415947831537612e-03,9.075479870283835460e-03,2.114785365365597254e-03
3.135000000000000231e+00,1.153709906425069058e-03,9.511083211438630530e-03,1.379028532111029916e-02
3.140000000000000124e+00,1.150025278946615421e-03,8.441826465257382464e-03,2.517354549546204148e-02
3.145000000000000018e+00,1.146361898844265982e-03,1.101532954848527361e-02,3.605733715556985047e-02
3.149999999999999911e+00,1.142719601230685620e-03,1.071986962497121533e-02,4.624783881179098111e-02
3.155000000000000249e+00,1.139098222862851067e-03,9.000913485769642536e-03,5.556860396159790660e-02
3.160000000000000142e+00,1.135497602121951109e-03,1.013138132334190714e-02,6.386401656361019585e-02
3.165000000000000036e+00,1.131917578994006465e-03,1.159249866149872354e-02,7.100215219763378327e-02
3.169999999999999929e+00,1.128357995050393832e-03,1.015133074889885967e-02,7.687698240021517693e-02
3.175000000000000266e+00,1.124818693428488543e-03,1.123467980129561061e-02,8.140988111109789815e-02
3.180000000000000160e+00,1.121299518812572411e-03,7.356656477848014242e-03,8.455041471038456102e-02
3.185000000000000053e+00,1.117800317416019640e-03,1.032063692429257933e-02,8.627641989308421078e-02
3.189999999999999947e+00,1.114320936962152637e-03,9.401849902088180513e-03,8.659339573050067740e-02
3.195000000000000284e+00,1.110861226666547824e-03,8.752089632367947292e-03,8.553325685379335741e-02
3.200000000000000178e+00,1.107421037219233047e-03,1.046875517151044446e-02,8.315251298099421429e-02
3.205000000000000071e+00,1.104000220766925954e-03,8.518551123804587316e-03,7.952995532602281925e-02
3.209999999999999964e+00,1.100598630895863704e-03,8.932557569788203422e-03,7.476394224986337989e-02
3.214999999999999858e+00,1.097216122614224796e-03,9.967913445629795338e-03,6.896938447800131378e-02
3.220000000000000195e+00,1.093852552336150316e-03,8.293965023094153691e-03,6.227453413012878913e-02
3.225000000000000089e+00,1.090507777864956366e-03,9.720892535660479589e-03,5.481768168771205402e-02
3.229999999999999982e+00,1.087181658375834751e-03,1.122717085551907905e-02,4.674386103684381732e-02
3.234999999999999876e+00,1.083874054400703422e-03,8.772258962762466764e-03,3.820165520388132258e-02
3.240000000000000213e+00,1.080584827811962960e-03,9.119659926518315640e-03,2.934018482913575837e-02
3.245000000000000107e+00,1.077313841806573332e-03,8.426480469739931062e-03,2.030634839208426273e-02
3.250000000000000000e+00,1.074060960890608129e-03,7.752694120207660744e-03,1.124236838285931975e-02
3.254999999999999893e+00,1.070826050864702624e-03,9.229932206934578567e-03,2.283681737117210665e-03
3.260000000000000231e+00,1.067608978808064820e-03,8.374967646349037315e-03,-6.442803349563760301e-03
3.265000000000000124e+00,1.064409613063974254e-03,1.016851108964674996e-02,-1.482007791424534530e-02
3.270000000000000018e+00,1.061227823225282738e-03,9.761301885435726480e-03,-2.274203845291701900e-02
3.274999999999999911e+00,1.058063480119563176e-03,7.987635700863172927e-03,-3.011415039927630571e-02
3.280000000000000249e+00,1.054916455795340199e-03,7.448810726735637100e-03,-3.685380134244168465e-02
3.285000000000000142e+00,1.051786623507609559e-03,8.627824396989263595e-03,-4.289038495951778135e-02
3.290000000000000036e+00,1.048673857704519137e-03,9.244421951537462601e-03,-4.816516244066711139e-02
3.294999999999999929e+00,1.045578034013024951e-03,9.828562198562464103e-03,-5.263095122490996786e-02
3.300000000000000266e+00,1.042499029225638519e-03,8.008838415404317609e-03,-5.625169121614628093e-02
3.305000000000000160e+00,1.039436721287501217e-03,1.150311713545164316e-02,-5.900193651115427651e-02
3.310000000000000053e+00,1.036390989282580865e-03,8.377726349528668431e-03,-6.086631635405721080e-02
3.314999999999999947e+00,1.033361713421478579e-03,7.283921965150676886e-03,-6.183900293321566155e-02
3.320000000000000284e+00,1.030348775027814870e-03,8.967646658537865856e-03,-6.192321621619099881e-02
3.325000000000000178e+00,1.027352056526457599e-03,8.070353305544768902e-03,-6.113078775736522502e-02
3.330000000000000071e+00,1.024371441430165256e-03,8.201339912651643693e-03,-5.948179679802828579e-02
3.334999999999999964e+00,1.021406814328547612e-03,8.683086490713169334e-03,-5.700428345968197585e-02
3.339999999999999858e+00,1.018458060874500182e-03,7.921221207841668346e-03,-5.373403580590159490e-02
3.345000000000000195e+00,1.015525067773443519e-03,7.397570667561925023e-03,-4.971444034136530965e-02
3.350000000000000089e+00,1.012607722770776176e-03,9.487051188143235184e-03,-4.499637937150136741e-02
3.354999999999999982e+00,1.009705914640927297e-03,8.907816790367315690e-03,-3.963815371475721411e-02
3.359999999999999876e+00,1.006819533175037267e-03,6.894624596306050783e-03,-3.370540562344664925e-02
3.365000000000000213e+00,1.003948469170385001e-03,7.382995452020387102e-03,-2.727101442281810312e-02
3.370000000000000107e+00,1.001092614418740362e-03,7.475258174672038368e-03,-2.041493627884382114e-02
3.375000000000000000e+00,9.982518616956604848e-04,9.640708170312754788e-03,-1.322395955936355415e-02
3.379999999999999893e+00,9.954261047491646305e-04,8.454015114219863222e-03,-5.791348354495662841e-03
3.385000000000000231e+00,9.926152382896422186e-04,9.288023679811914513e-03,1.783651234590365609e-03
3.390000000000000124e+00,9.898191579782804859e-04,8.394295103779775974e-03,9.396464541562494707e-03
3.395000000000000018e+00,9.870377604179112179e-04,6.991770201797867929e-03,1.693802035630780772e-02
3.399999999999999911e+00,9.842709431412640687e-04,7.697064120535852122e-03,2.429577597194099159e-02
3.405000000000000249e+00,9.815186046018443012e-04,8.198555015352611275e-03,3.135494461075145206e-02
3.410000000000000142e+00,9.787806441633158452e-04,7.161609212099761569e-03,3.799992878361158760e-02
3.415000000000000036e+00,9.760569620899066509e-04,9.151043426863578537e-03,4.411595663821686608e-02
3.419999999999999929e+00,9.733474595360171525e-04,7.953844079580493082e-03,4.959091116293345980e-02
3.425000000000000266e+00,9.706520385375080537e-04,7.073131065026509214e-03,5.431733427737102382e-02
3.430000000000000160e+00,9.679706020009455842e-04,8.913880016784780924e-03,5.819457944069305472e-02
3.435000000000000053e+00,9.653030536953872585e-04,8.662592372653293848e-03,6.113107759270040159e-02
3.439999999999999947e+00,9.626492982420543085e-04,7.722440757891761189e-03,6.304667222523865910e-02
3.445000000000000284e+00,9.600092411055458509e-04,6.708952590442404836e-03,6.387497045589894673e-02
3.450000000000000178e+00,9.573827885852086378e-04,6.669078008901548060e-03,6.356564851185519949e-02
3.455000000000000071e+00,9.547698478056699124e-04,9.195598603536636606e-03,6.208664246336215858e-02
3.459999999999999964e+00,9.521703267071114640e-04,7.456566349075501553e-03,5.942614886251474521e-02
3.464999999999999858e+00,9.495841340389608734e-04,7.687005588620271675e-03,5.559435565709846400e-02
3.470000000000000195e+00,9.470111793485515165e-04,8.602117603726512629e-03,5.062482187928039196e-02
3.475000000000000089e+00,9.444513729746649476e-04,6.726835895262472248e-03,4.457542562842992800e-02
3.479999999999999982e+00,9.419046260378597085e-04,7.417759680438185295e-03,3.752880418843331650e-02
3.484999999999999876e+00,9.393708504326582411e-04,7.663726532341154710e-03,2.959221802877521137e-02
3.490000000000000213e+00,9.368499588196081435e-04,9.547986176277858256e-03,2.089678209163887621e-02
3.495000000000000107e+00,9.343418646163475843e-04,7.854798419997376796e-03,1.159602312492284161e-02
3.500000000000000000e+00,9.318464819905764203e-04,5.731926503296763675e-03,1.863740657876538417e-03
3.504999999999999893e+00,9.293637258515676522e-04,8.264147645251764679e-03,-8.108828914859049844e-03
3.510000000000000231e+00,9.268935118425835392e-04,7.297264553184936581e-03,-1.811652143203888385e-02
3.515000000000000124e+00,9.244357563327343244e-04,8.508263015739377100e-03,-2.794437777162859030e-02
3.520000000000000018e+00,9.219903764104503624e-04,8.504151281445094385e-03,-3.737232462530842847e-02
3.524999999999999911e+00,9.195572898745830960e-04,8.466952871118180873e-03,-4.618030188669838138e-02
3.530000000000000249e+00,9.171364152282306332e-04,7.526156877135536070e-03,-5.415371154854056734e-02
3.535000000000000142e+00,9.147276716704523828e-04,8.731930685812482051e-03,-6.108904233957640484e-02
3.540000000000000036e+00,9.123309790897726236e-04,7.085931915873540377e-03,-6.679950790969124697e-02
3.544999999999999929e+00,9.099462580562869699e-04,7.367040534676482823e-03,-7.112052521356322654e-02
3.550000000000000266e+00,9.075734298155289318e-04,7.205932313391879250e-03,-7.391485466631463053e-02
3.555000000000000160e+00,9.052124162803261475e-04,6.105694014269002698e-03,-7.507722521508179703e-02
3.560000000000000053e+00,9.028631400253426175e-04,5.854651973685319651e-03,-7.453827594889538000e-02
3.564999999999999947e+00,9.005255242786824269e-04,5.706703766311012511e-03,-7.226766119748981310e-02
3.570000000000000284e+00,8.981994929168574202e-04,7.373918515811853439e-03,-6.827618785694490600e-02
3.575000000000000178e+00,8.958849704564185706e-04,5.392376803533193916e-03,-6.261688122337591422e-02
3.580000000000000071e+00,8.935818820487670964e-04,7.275715239891604284e-03,-5.538490792935286261e-02
3.584999999999999964e+00,8.912901534731822823e-04,6.516650069388923994e-03,-4.671632044916438492e-02
3.589999999999999858e+00,8.890097111300143164e-04,8.723087384817624843e-03,-3.678562568483570439e-02
3.595000000000000195e+00,8.867404820351634234e-04,7.513067055135006812e-03,-2.580221888637350761e-02
3.600000000000000089e+00,8.844823938130079400e-04,5.357843156226616867e-03,-1.400576210117491366e-02
3.604999999999999982e+00,8.822353746909933868e-04,7.194764020953038110e-03,-1.660622027516315668e-03
3.609999999999999876e+00,8.799993534928607581e-04,9.785129957555090824e-03,1.095048576044364494e-02
3.615000000000000213e+00,8.777742596331569898e-04,6.790045824655024584e-03,2.353347192555845305e-02
3.620000000000000107e+00,8.755600231111853281e-04,6.572123155672912956e-03,3.579027192618879083e-02
3.625000000000000000e+00,8.733565745045877198e-04,5.227536827640025599e-03,4.742645697159441481e-02
3.629999999999999893e+00,8.711638449638830356e-04,7.584852370276997865e-03,5.815883808330005872e-02
3.635000000000000231e+00,8.689817662073917029e-04,8.588429953937598907e-03,6.772284285210865284e-02
3.640000000000000124e+00,8.668102705144603093e-04,7.974562696376457510e-03,7.587945044819797979e-02
3.645000000000000018e+00,8.646492907203624919e-04,6.076908205993544060e-03,8.242148322664469284e-02
3.649999999999999911e+00,8.624987602104667965e-04,7.746395210167586129e-03,8.717907238954106242e-02
3.655000000000000249e+00,8.603586129157499238e-04,6.487549208567491843e-03,9.002413995430416649e-02
3.660000000000000142e+00,8.582287833060634006e-04,6.080826889660246627e-03,9.087376890590227740e-02
3.665000000000000036e+00,8.561092063857251048e-04,7.347931099719516752e-03,8.969236692151678902e-02
3.669999999999999929e+00,8.539998176872785982e-04,7.911120044214228417e-03,8.649256538822953921e-02
3.675000000000000266e+00,8.519005532675927089e-04,7.662762384816290857e-03,8.133483344627434608e-02
3.680000000000000160e+00,8.498113497013905790e-04,7.325836002340889268e-03,7.432582529909825819e-02
3.685000000000000053e+00,8.477321440772322622e-04,6.951828880375345715e-03,6.561551682964643362e-02
3.689999999999999947e+00,8.456628739914750668e-04,5.837782478517981877e-03,5.539322345947843979e-02
3.695000000000000284e+00,8.436034775439584313e-04,8.439569004105786088e-03,4.388262403712350074e-02
3.700000000000000178e+00,8.415538933331416028e-04,6.068906512720976566e-03,3.133594427600930321e-02
3.705000000000000071e+00,8.395140604507227416e-04,7.749935574988789551e-03,1.802747693362350898e-02
3.709999999999999964e+00,8.374839184768002355e-04,6.336540311680807780e-03,4.246633727599477721e-03
3.714999999999999858e+00,8.354634074759662108e-04,7.205587306307313124e-03,-9.709264687679250785e-03
3.720000000000000195e+00,8.334524679919554525e-04,5.583755907471426271e-03,-2.354224991333936021e-02
3.725000000000000089e+00,8.314510410425826137e-04,6.169119264029761414e-03,-3.696080998698298564e-02
3.729999999999999982e+00,8.294590681160467129e-04,5.903887419714121121e-03,-4.968663790611980990e-02
3.734999999999999876e+00,8.274764911658500201e-04,6.200672384204364458e-03,-6.146084197102334723e-02
3.740000000000000213e+00,8.255032526063856794e-04,6.361957143478975778e-03,-7.204945751868815917e-02
3.745000000000000107e+00,8.235392953087097541e-04,6.000152834654365504e-03,-8.124812683810143932e-02
3.750000000000000000e+00,8.215845625959751096e-04,6.316224210089755112e-03,-8.888584533366788998e-02
3.754999999999999893e+00,8.196389982385572735e-04,5.387386178672208190e-03,-9.482770610492498309e-02
3.760000000000000231e+00,8.177025464512753007e-04,7.395824139074962111e-03,-9.897661068625758507e-02
3.765000000000000124e+00,8.157751518873296737e-04,5.413653906606882490e-03,-1.012739493209275782e-01
3.770000000000000018e+00,8.138567596351859801e-04,6.963689644394643885e-03,-1.016992884178752055e-01
3.774999999999999911e+00,8.119473152143656062e-04,7.274049607890142183e-03,-1.002691344023862730e-01
3.780000000000000249e+00,8.100467645711185776e-04,4.830551148523523977e-03,-9.703487080113314123e-02
3.785000000000000142e+00,8.081550540742840757e-04,6.920452979681227315e-03,-9.207998805321070124e-02
3.790000000000000036e+00,8.062721305114761055e-04,5.812623301203684659e-03,-8.551674240455343912e-02
3.794999999999999929e+00,8.043979410849859705e-04,7.134073460931554533e-03,-7.748239078137014735e-02
3.800000000000000266e+00,8.025324334081969250e-04,6.257960768391338316e-03,-6.813515250658454259e-02
3.805000000000000160e+00,8.006755555013043936e-04,8.716640195957761628e-03,-5.765004617627243755e-02
3.810000000000000053e+00,7.988272557874867867e-04,7.420759399122539568e-03,-4.621474131511521533e-02
3.814999999999999947e+00,7.969874830897178374e-04,6.095946916782287762e-03,-3.402555021114628264e-02
3.820000000000000284e+00,7.951561866254450118e-04,5.918461949171791373e-03,-2.128366647751231064e-02
3.825000000000000178e+00,7.933333160063168327e-04,8.390782190015932951e-03,-8.191734476272765145e-03
3.830000000000000071e+00,7.915188212287919533e-04,6.725923812204727056e-03,5.049191011344798113e-03
3.834999999999999964e+00,7.897126526763966837e-04,6.093281411968864275e-03,1.824226127367750694e-02
3.839999999999999858e+00,7.879147611136045606e-04,6.181739595400376902e-03,3.119701824058862885e-02
3.845000000000000195e+00,7.861250976818121147e-04,8.681359712799187334e-03,4.373116304847450564e-02
3.850000000000000089e+00,7.843436138959431489e-04,6.199809003955255964e-03,5.567194580953611222e-02
3.854999999999999982e+00,7.825702616417668563e-04,6.180207496763057834e-03,6.685723143015467884e-02
3.859999999999999876e+00,7.808049931724917988e-04,7.131627045348904945e-03,7.713630950840573430e-02
3.865000000000000213e+00,7.790477611044163047e-04,5.117491087179862341e-03,8.637052453477074565e-02
3.870000000000000107e+00,7.772985184144059643e-04,4.122680606714975229e-03,9.443380554285078776e-02
3.875000000000000000e+00,7.755572184362752135e-04,6.008083180099456182e-03,1.012131719795823920e-01
3.879999999999999893e+00,7.738238148578710464e-04,9.214560189409236671e-03,1.066092851255011353e-01
3.885000000000000231e+00,7.720982617170167985e-04,7.233023377557237094e-03,1.105371023643560296e-01
3.890000000000000124e+00,7.703805133987884140e-04,6.706945076877066092e-03,1.129266756619684148e-01
3.895000000000000018e+00,7.686705246327929899e-04,5.515770116209837461e-03,1.137241166293262440e-01
3.899999999999999911e+00,7.669682504891666601e-04,5.830442418151667722e-03,1.128927295164626893e-01
3.905000000000000249e+00,7.652736463763138179e-04,7.923075669749616787e-03,1.104142915072827968e-01
3.910000000000000142e+00,7.635866680365909062e-04,5.148177574833836222e-03,1.062904379118657927e-01
3.915000000000000036e+00,7.619072715448280001e-04,6.556117754307097013e-03,1.005440894337511215e-01
3.919999999999999929e+00,7.602354133041468219e-04,6.673687503941942191e-03,9.322084073900610557e-02
3.925000000000000266e+00,7.585710500437808446e-04,6.016531127996336929e-03,8.439021509804968402e-02
3.930000000000000160e+00,7.569141388153933407e-04,4.667342499567964792e-03,7.414667980865168040e-02
3.935000000000000053e+00,7.552646369902522774e-04,7.227675771275994705e-03,6.261031216921573994e-02
3.939999999999999947e+00,7.536225022572464426e-04,7.094733929301326632e-03,4.992700648083318177e-02
3.945000000000000284e+00,7.519876926191663069e-04,5.416429721155393597e-03,3.626811920538867973e-02
3.950000000000000178e+00,7.503601663898693767e-04,6.222244944658742762e-03,2.182946202738724958e-02
3.955000000000000071e+00,7.487398821919096946e-04,5.655871022971415384e-03,6.829570922014555935e-03
3.959999999999999964e+00,7.471267989536283828e-04,6.492379544841867314e-03,-8.492797094764460014e-03
3.965000000000000302e+00,7.455208759064918186e-04,7.431817817704878051e-03,-2.388195984440653202e-02
3.970000000000000195e+00,7.439220725818383772e-04,8.547767998827442149e-03,-3.906938737602896894e-02
3.975000000000000089e+00,7.423303488092130968e-04,5.910265373931751498e-03,-5.377851614679914072e-02
3.979999999999999982e+00,7.407456647125989927e-04,5.166821381638467617e-03,-6.773022088484152714e-02
3.984999999999999876e+00,7.391679807091039792e-04,5.644234047935249229e-03,-8.064883136756262338e-02
3.990000000000000213e+00,7.375972575047066776e-04,5.274737179343520765e-03,-9.226854995633497480e-02
3.995000000000000107e+00,7.360334560934358918e-04,6.604490080253119441e-03,-1.023400981186532721e-01
4.000000000000000000e+00,7.344765377533012726e-04,4.989527352099679819e-03,-1.106373977488845917e-01
4.004999999999999893e+00,7.329264640451646625e-04,4.689786032535630048e-03,-1.169640771029286375e-01
4.009999999999999787e+00,7.313831968090304990e-04,6.057934259445366294e-03,-1.211595825875210475e-01
4.014999999999999680e+00,7.298466981625405074e-04,5.530613238936960691e-03,-1.231046771992773542e-01
4.020000000000000462e+00,7.283169304975700654e-04,4.628312572809721408e-03,-1.227261144661932757e-01
4.025000000000000355e+00,7.267938564792643472e-04,4.746667429593714321e-03,-1.200002933298799368e-01
4.030000000000000249e+00,7.252774390417574598e-04,5.783864766328059709e-03,-1.149557241742345387e-01
4.035000000000000142e+00,7.237676413876827086e-04,4.167495434213879489e-03,-1.076741684640961094e-01
4.040000000000000036e+00,7.222644269843647713e-04,4.881516042640476893e-03,-9.829035318065439120e-02
4.044999999999999929e+00,7.207677595625822976e-04,3.964950342383947654e-03,-8.699020511532447320e-02
4.049999999999999822e+00,7.192776031135773547e-04,6.089687654690470117e-03,-7.400759756921480859e-02
4.054999999999999716e+00,7.177939218871900572e-04,4.783843443234069535e-03,-5.961965137753784394e-02
4.060000000000000497e+00,7.163166803893995967e-04,5.155809329255912378e-03,-4.414068162245009946e-02
4.065000000000000391e+00,7.148458433801310090e-04,4.759234381661340760e-03,-2.791492906602453111e-02
4.070000000000000284e+00,7.133813758713502314e-04,6.424377496402984035e-03,-1.130825942225910721e-02
4.075000000000000178e+00,7.119232431241119281e-04,4.863984187134671490e-03,5.300947583162676432e-03
4.080000000000000071e+00,7.104714106478335085e-04,4.913869183500754051e-03,2.153146535313567311e-02
4.084999999999999964e+00,7.090258441962006379e-04,4.619075823146075004e-03,3.700916570276803486e-02
4.089999999999999858e+00,7.075865097672751156e-04,6.117261951898649887e-03,5.137694918074774825e-02
4.094999999999999751e+00,7.061533735993547403e-04,6.290189690418173003e-03,6.430436191441690763e-02
4.099999999999999645e+00,7.047264021704611331e-04,6.718032466356744538e-03,7.549660499511660905e-02
4.105000000000000426e+00,7.033055621953169818e-04,6.386310947508477137e-03,8.470265683414719693e-02
4.110000000000000320e+00,7.018908206239327834e-04,5.214673030662126015e-03,9.172225279959191069e-02
4.115000000000000213e+00,7.004821446391420190e-04,5.154151508085581465e-03,9.641149904186223363e-02
4.120000000000000107e+00,6.990795016548663216e-04,4.588300698220446755e-03,9.868693766625741270e-02
4.125000000000000000e+00,6.976828593142650687e-04,7.472692303999422386e-03,9.852792698386084180e-02
4.129999999999999893e+00,6.962921854875218745e-04,5.843362513696393097e-03,9.597725191335909622e-02
4.134999999999999787e+00,6.949074482703786410e-04,5.490004711975597119e-03,9.113993399851882948e-02
4.139999999999999680e+00,6.935286159813045968e-04,6.011968348848886756e-03,8.418026613128452851e-02
4.145000000000000462e+00,6.921556571607707497e-04,7.589785659131415181e-03,7.531715207347822183e-02
4.150000000000000355e+00,6.907885405684970970e-04,6.096072795788949616e-03,6.481788342888457344e-02
4.155000000000000249e+00,6.894272351821371632e-04,4.713914271479356828e-03,5.299053510458332644e-02
4.160000000000000142e+00,6.880717101951183776e-04,5.746810918903250132e-03,4.017520294420491578e-02
4.165000000000000036e+00,6.867219350150796306e-04,6.022090617703541003e-03,2.673434275313450389e-02
4.169999999999999929e+00,6.853778792616352150e-04,3.566811339146588877e-03,1.304249725805534804e-02
4.174999999999999822e+00,6.840395127655972364e-04,4.715982617022629678e-03,-5.242841750963501491e-04
4.179999999999999716e+00,6.827068055658092006e-04,4.956067205778432253e-03,-1.359901951452889904e-02
4.185000000000000497e+00,6.813797279089444606e-04,5.651148771130916001e-03,-2.583404920350869730e-02
4.190000000000000391e+00,6.800582502461564654e-04,4.528722807458111441e-03,-3.691067060858721494e-02
4.195000000000000284e+00,6.787423432327382121e-04,5.272310297417800128e-03,-4.654786979127379515e-02
4.200000000000000178e+00,6.774319777258043301e-04,4.936546694126798564e-03,-5.450989700897705681e-02
4.205000000000000071e+00,6.761271247826131699e-04,7.378513165483019387e-03,-6.061246829853304818e-02
4.209999999999999964e+00,6.748277556591853127e-04,4.733659877708206766e-03,-6.472741783387502001e-02
4.214999999999999858e+00,6.735338418082883636e-04,4.753130503994605974e-03,-6.678567313670971672e-02
4.219999999999999751e+00,6.722453548781022990e-04,4.617867635305481291e-03,-6.677847617829084370e-02
4.224999999999999645e+00,6.709622667107820312e-04,4.704889472669959022e-03,-6.475682638813172465e-02
4.230000000000000426e+00,6.696845493401707176e-04,4.682249774936088696e-03,-6.082917497215949848e-02
4.235000000000000320e+00,6.684121749910627202e-04,6.170960794478250189e-03,-5.515745214924384909e-02
4.240000000000000213e+00,6.671451160771822188e-04,4.808162384279865247e-03,-4.795155838438307228e-02
4.245000000000000107e+00,6.658833451993296593e-04,4.378139004973968795e-03,-3.946249597051051244e-02
4.250000000000000000e+00,6.646268351447779613e-04,5.679521624546865488e-03,-2.997435705706379822e-02
4.254999999999999893e+00,6.633755588846925507e-04,4.390028970989581954e-03,-1.979541727336057988e-02
4.259999999999999787e+00,6.621294895736145204e-04,5.546678885372786569e-03,-9.248609481818945502e-03
4.264999999999999680e+00,6.608886005471484608e-04,5.263455498948350735e-03,1.338330819666964499e-03
4.270000000000000462e+00,6.596528653210001220e-04,6.616427575603045508e-03,1.164274884129702994e-02
4.275000000000000355e+00,6.584222575893708190e-04,6.051052340694455627e-03,2.135668401923707452e-02
4.280000000000000249e+00,6.571967512232962166e-04,6.446527454479279370e-03,3.019592525050768250e-02
4.285000000000000142e+00,6.559763202699707635e-04,5.979862478244844619e-03,3.790823825634366540e-02
4.290000000000000036e+00,6.547609389501227303e-04,5.469756030176829015e-03,4.428052253098464092e-02
4.294999999999999929e+00,6.535505816574937923e-04,6.082242135151385599e-03,4.914468971967622668e-02
4.299999999999999822e+00,6.523452229576094360e-04,6.202128329211218510e-03,5.238209594237113603e-02
4.304999999999999716e+00,6.511448375854691746e-04,4.057997397189424399e-03,5.392640628417900289e-02
4.310000000000000497e+00,6.499494004451425748e-04,4.578377513489647298e-03,5.376481900036600425e-02
4.315000000000000391e+00,6.487588866076625426e-04,5.107045985364055268e-03,5.193762839929336877e-02
4.320000000000000284e+00,6.475732713102834047e-04,6.965355248714132086e-03,4.853615726709524514e-02
4.325000000000000178e+00,6.463925299548610014e-04,4.271065256210109656e-03,4.369914044621214799e-02
4.330000000000000071e+00,6.452166381066705815e-04,6.228748503358381983e-03,3.760768916227316683e-02
4.334999999999999964e+00,6.440455714928057605e-04,6.564291477900869795e-03,3.047900936623726756e-02
4.339999999999999858e+00,6.428793060012877401e-04,6.010682909391740561e-03,2.255908529424208511e-02
4.344999999999999751e+00,6.417178176796178987e-04,5.131272786301308876e-03,1.411457039502229081e-02
4.350000000000000533e+00,6.405610827333657262e-04,5.904049606269536933e-03,5.424150692282848213e-03
4.355000000000000426e+00,6.394090775251659369e-04,4.894348979550993024e-03,-3.230340238933476250e-03
4.360000000000000320e+00,6.382617785733278723e-04,4.753337670034592753e-03,-1.157277068023246543e-02
4.365000000000000213e+00,6.371191625505999434e-04,3.637415424282755376e-03,-1.934124518868214279e-02
4.370000000000000107e+00,6.359812062832869827e-04,4.225866950166053473e-03,-2.629605854649241098e-02
4.375000000000000000e+00,6.348478867494737783e-04,4.429230365077295797e-03,-3.222682640424134187e-02
4.379999999999999893e+00,6.337191810781122843e-04,4.524884436270322670e-03,-3.695858031297571261e-02
4.384999999999999787e+00,6.325950665480362979e-04,4.556925624133701183e-03,-4.035665211276550507e-02
4.389999999999999680e+00,6.314755205864190733e-04,5.985026486964408962e-03,-4.233021524315790790e-02
4.395000000000000462e+00,6.303605207679828298e-04,2.793523603435287862e-03,-4.283439684983022383e-02
4.400000000000000355e+00,6.292500448134097455e-04,4.249611912754730665e-03,-4.187092284327515596e-02
4.405000000000000249e+00,6.281440705886472001e-04,4.424293285031161149e-03,-3.948730651781621331e-02
4.410000000000000142e+00,6.270425761031388993e-04,5.676887764983862966e-03,-3.577463820151697421e-02
4.415000000000000036e+00,6.259455395103201382e-04,4.916107463030438066e-03,-3.086407701434627435e-02
4.419999999999999929e+00,6.248529391038569209e-04,3.604382747158785955e-03,-2.492218468792533823e-02
4.424999999999999822e+00,6.237647533192029834e-04,6.030819851832909528e-03,-1.814527430633551194e-02
4.429999999999999716e+00,6.226809607301242748e-04,5.665884876336340671e-03,-1.075297281788636754e-02
4.435000000000000497e+00,6.216015400505164054e-04,6.505936163604741224e-03,-2.981214614443854563e-03
4.440000000000000391e+00,6.205264701299431553e-04,4.413665273207085203e-03,4.925105918796276842e-03
4.445000000000000284e+00,6.194557299554079516e-04,5.206709427660187982e-03,1.271959218794924129e-02
4.450000000000000178e+00,6.183892986482946840e-04,6.743140830748318992e-03,2.016168750880041605e-02
4.455000000000000071e+00,6.173271554655181516e-04,3.741523436344371730e-03,2.702368715358882331e-02
4.459999999999999964e+00,6.162692797957664351e-04,5.123103517826564125e-03,3.309722361255627854e-02
4.464999999999999858e+00,6.152156511610547751e-04,4.394481717390281289e-03,3.819905118834123620e-02
4.469999999999999751e+00,6.141662492135077688e-04,4.362216426890702832e-03,4.217598294874033704e-02
4.475000000000000533e+00,6.131210537364171174e-04,5.269757679891916985e-03,4.490886293737988283e-02
4.480000000000000426e+00,6.120800446414233513e-04,5.320620022319356296e-03,4.631548827735207374e-02
4.485000000000000320e+00,6.110432019692198019e-04,2.932148989229142917e-03,4.635242833679665414e-02
4.490000000000000213e+00,6.100105058866307859e-04,5.484109694928575654e-03,4.501572047463593684e-02
4.495000000000000107e+00,6.089819366879190444e-04,5.239782797495541947e-03,4.234045316953873039e-02
4.500000000000000000e+00,6.079574747916118493e-04,6.473277905922799821e-03,3.839927679195121596e-02
4.504999999999999893e+00,6.069371007414519573e-04,3.614005710038786442e-03,3.329990926938027757e-02
4.509999999999999787e+00,6.059207952037099811e-04,5.105270783675387031e-03,2.718172791192207532e-02
4.514999999999999680e+00,6.049085389678395723e-04,4.485543224746566665e-03,2.021155931367118325e-02
4.520000000000000462e+00,6.039003129443207274e-04,4.460602225623163525e-03,1.257879625951590155e-02
4.525000000000000355e+00,6.028960981648772777e-04,5.781593530872975589e-03,4.489983772505920685e-03
4.530000000000000249e+00,6.018958757803652979e-04,5.151251872652778084e-03,-3.836974232656454372e-03
4.535000000000000142e+00,6.008996270608388084e-04,2.866850101665989643e-03,-1.217883076000497548e-02
4.540000000000000036e+00,5.999073333938562515e-04,3.990060350759208271e-03,-2.031307539177039032e-02
4.544999999999999929e+00,5.989189762847945851e-04,4.669879679556334859e-03,-2.802392112733749496e-02
4.549999999999999822e+00,5.979345373542818915e-04,3.319493031691063585e-03,-3.510804710899521897e-02
4.554999999999999716e+00,5.969539983389299731e-04,4.527766132438308493e-03,-4.137995450734621716e-02
4.560000000000000497e+00,5.959773410896424548e-04,3.767867814131181138e-03,-4.667680431721980133e-02
4.565000000000000391e+00,5.950045475708311228e-04,6.424824221493845820e-03,-5.086261990593017590e-02
4.570000000000000284e+00,5.940355998593072192e-04,3.400895112375004400e-03,-5.383175353740341645e-02
4.575000000000000178e+00,5.930704801446641658e-04,6.161492642153101711e-03,-5.551153443451083136e-02
4.580000000000000071e+00,5.921091707269710317e-04,4.886645640789563129e-03,-5.586403588633209044e-02
4.584999999999999964e+00,5.911516540166904601e-04,3.382199441976716306e-03,-5.488692009723669663e-02
4.589999999999999858e+00,5.901979125336351229e-04,4.278769395328591019e-03,-5.261334153288866472e-02
4.594999999999999751e+00,5.892479289065010806e-04,5.221542730264471313e-03,-4.911091205314778441e-02
4.600000000000000533e+00,5.883016858714134332e-04,3.332183094007794884e-03,-4.447975372270963901e-02
4.605000000000000426e+00,5.873591662722942985e-04,3.954380579818233751e-03,-3.884968742746926912e-02
4.610000000000000320e+00,5.864203530583847598e-04,4.214254839105723016e-03,-3.237662685625956882e-02
4.615000000000000213e+00,5.854852292852407054e-04,4.071456792854867904e-03,-2.523826756963926804e-02
4.620000000000000107e+00,5.845537781124877713e-04,5.580153655090626733e-03,-1.762917931474984254e-02
4.625000000000000000e+00,5.836259828042243388e-04,3.537301417764399103e-03,-9.755425991670643032e-03
4.629999999999999893e+00,5.827018267271619114e-04,3.159637879872952138e-03,-1.828851303050290202e-03
4.634999999999999787e+00,5.817812933510463271e-04,6.240280431590796047e-03,5.938821289844132580e-03
4.639999999999999680e+00,5.808643662466902568e-04,5.131001938000516287e-03,1.334191847577854105e-02
4.645000000000000462e+00,5.799510290864635887e-04,4.375228278517014242e-03,2.018661751751280042e-02
4.650000000000000355e+00,5.790412656424122296e-04,6.233344786790836513e-03,2.629645822349757633e-02
4.655000000000000249e+00,5.781350597862666696e-04,5.018261655813406608e-03,3.151741192260461982e-02
4.660000000000000142e+00,5.772323954892588605e-04,4.185205622008415262e-03,3.572236140117102110e-02
4.665000000000000036e+00,5.763332568187402643e-04,4.945752052743164311e-03,3.881485829615025779e-02
4.669999999999999929e+00,5.754376279417017150e-04,4.946769966458149786e-03,4.073204085076084779e-02
4.674999999999999822e+00,5.745454931202666074e-04,5.092540893314788028e-03,4.144661498090215085e-02
4.679999999999999716e+00,5.736568367127444163e-04,3.576439956102558503e-03,4.096782492141522874e-02
4.685000000000000497e+00,5.727716431730951003e-04,4.188514760805998882e-03,3.934136588139449525e-02
4.690000000000000391e+00,5.718898970495077134e-04,6.078281208322066677e-03,3.664821959190858042e-02
4.695000000000000284e+00,5.710115829841280527e-04,4.376366933274593481e-03,3.300242374925015792e-02
4.700000000000000178e+00,5.701366857123396159e-04,3.838397059087605371e-03,2.854781741515134696e-02
4.705000000000000071e+00,5.692651900623885760e-04,5.718849318668782142e-03,2.345383562647043382e-02
4.709999999999999964e+00,5.683970809536072069e-04,4.689312393118607279e-03,1.791045690489928219e-02
4.714999999999999858e+00,5.675323433973547549e-04,5.535756486356584530e-03,1.212243609800564038e-02
4.719999999999999751e+00,5.666709624951159641e-04,5.888848331471142547e-03,6.302981045661903980e-03
4.725000000000000533e+00,5.658129234384818868e-04,5.039878359998883374e-03,6.670539522430279445e-04
4.730000000000000426e+00,5.649582115083126620e-04,4.903334289345965234e-03,-4.575503904172298526e-03
4.735000000000000320e+00,5.641068120741124731e-04,4.983367421614843563e-03,-9.226813281545086232e-03
4.740000000000000213e+00,5.632587105934189252e-04,5.808639613165336203e-03,-1.310754715498762234e-02
4.745000000000000107e+00,5.624138926111982772e-04,3.572035655913855662e-03,-1.606305423979408065e-02
4.750000000000000000e+00,5.615723437590199301e-04,3.746590947736363510e-03,-1.796880845764142753e-02
4.754999999999999893e+00,5.607340497549346712e-04,3.219873268978119124e-03,-1.873499272124936818e-02
4.759999999999999787e+00,5.598989964025306593e-04,4.930009045361508774e-03,-1.831004847003432981e-02
4.764999999999999680e+00,5.590671695900006856e-04,3.873673597933131613e-03,-1.668305225305990319e-02
4.770000000000000462e+00,5.582385552903272466e-04,2.762433019022532583e-03,-1.388481653238541821e-02
4.775000000000000355e+00,5.574131395601249423e-04,5.360204053704882912e-03,-9.987652667272821708e-03
4.780000000000000249e+00,5.565909085389196976e-04,3.755963572799701083e-03,-5.103778365002199259e-03
4.785000000000000142e+00,5.557718484495856965e-04,5.250309361451100700e-03,6.176018568439663962e-04
4.790000000000000036e+00,5.549559455959860495e-04,3.257912101754945576e-03,6.994468217093555151e-03
4.794999999999999929e+00,5.541431863643768354e-04,5.554645794521247820e-03,1.381728948338448518e-02
4.799999999999999822e+00,5.533335572214525015e-04,3.165716525688479568e-03,2.085529805620747398e-02
4.804999999999999716e+00,5.525270447143569227e-04,4.219461200527243119e-03,2.786353933601929886e-02
4.810000000000000497e+00,5.517236354698392417e-04,4.661580259533863388e-03,3.459046921649647222e-02
4.815000000000000391e+00,5.509233161943245588e-04,4.249587398334995179e-03,4.078585250070525942e-02
4.820000000000000284e+00,5.501260736719726678e-04,3.467539864591541975e-03,4.620870307608777178e-02
4.825000000000000178e+00,5.493318947661498608e-04,5.153300055474092749e-03,5.063500438258756314e-02
4.830000000000000071e+00,5.485407664171578499e-04,4.919155640220058100e-03,5.386495620824448965e-02
4.834999999999999964e+00,5.477526756426479319e-04,6.250991659408718613e-03,5.572951085574563007e-02
4.839999999999999858e+00,5.469676095361869148e-04,4.885931947715123000e-03,5.609598751687699253e-02
4.844999999999999751e+00,5.461855552681728343e-04,5.123935906400116889e-03,5.487258714685026156e-02
4.850000000000000533e+00,5.454065000839854139e-04,6.022826254668834853e-03,5.201166979163350523e-02
4.855000000000000426e+00,5.446304313041967250e-04,4.161329960487260976e-03,4.751170045441735490e-02
4.860000000000000320e+00,5.438573363232161511e-04,4.331430226453667279e-03,4.141781629394030578e-02
4.865000000000000213e+00,5.430872026101577496e-04,4.265718014749282465e-03,3.382101523827503453e-02
4.870000000000000107e+00,5.423200177072708692e-04,4.429223273832734627e-03,2.485601201661738827e-02
4.875000000000000000e+00,5.415557692296341877e-04,3.404880538719452614e-03,1.469785031584296998e-02
4.879999999999999893e+00,5.407944448645038904e-04,2.988774340451353772e-03,3.557397634976022186e-03
4.884999999999999787e+00,5.400360323714879004e-04,4.491355184709762936e-03,-8.324118896953336399e-03
4.889999999999999680e+00,5.392805195814017209e-04,5.559849171283541558e-03,-2.068135294310292221e-02
4.895000000000000462e+00,5.385278943960905172e-04,2.925586822825329558e-03,-3.323165605728020666e-02
4.900000000000000355e+00,5.377781447882374298e-04,3.404153500306566615e-03,-4.568226309409486458e-02
4.905000000000000249e+00,5.370312587996438130e-04,3.338691255835239680e-03,-5.773763654965953507e-02
4.910000000000000142e+00,5.362872245423378316e-04,3.544566407565655566e-03,-6.910676667900471359e-02
4.915000000000000036e+00,5.355460301973008486e-04,1.997136392506503044e-03,-7.951023686532177059e-02
4.919999999999999929e+00,5.348076640137400337e-04,2.901219602467254924e-03,-8.868688166835340947e-02
4.924999999999999822e+00,5.340721143094265266e-04,4.673269462320527208e-03,-9.639988701606977406e-02
4.929999999999999716e+00,5.333393694694381956e-04,5.139454237639683003e-03,-1.024422068097881888e-01
4.935000000000000497e+00,5.326094179464000052e-04,4.532719303475094171e-03,-1.066411964789271555e-01
4.940000000000000391e+00,5.318822482595025967e-04,4.070347060638941986e-03,-1.088623905128733305e-01
4.945000000000000284e+00,5.311578489940780396e-04,2.996888673309183650e-03,-1.090123766308263575e-01
4.950000000000000178e+00,5.304362088016819059e-04,4.831109593366821921e-03,-1.070407431298128625e-01
4.955000000000000071e+00,5.297173163991776611e-04,1.808830258526653630e-03,-1.029410974144047280e-01
4.959999999999999964e+00,5.290011605681359079e-04,6.252010069103756257e-03,-9.675117233893035240e-02
4.964999999999999858e+00,5.282877301551988950e-04,3.530324639469308717e-03,-8.855205260558829394e-02
4.969999999999999751e+00,5.275770140703913303e-04,3.614538720840087312e-03,-7.846656610887675631e-02
4.975000000000000533e+00,5.268690012884759584e-04,4.133835937804704319e-03,-6.665689503120676707e-02
4.980000000000000426e+00,5.261636808465734120e-04,5.043453281081357667e-03,-5.332146906728175983e-02
4.985000000000000320e+00,5.254610418453021419e-04,4.738300380205838144e-03,-3.869120885953586386e-02
4.990000000000000213e+00,5.247610734470202747e-04,4.738518364285189410e-03,-2.302519209553078802e-02
4.995000000000000107e+00,5.240637648768166823e-04,4.559982638462925508e-03,-6.605818259015155958e-03
5.000000000000000000e+00,5.233691054209863762e-04,3.155791360259404578e-03,1.026644880038819416e-02
5.004999999999999893e+00,5.226770844274091117e-04,2.409436642943694421e-03,2.727867814689300882e-02
5.009999999999999787e+00,5.219876913042823885e-04,4.623587128921311309e-03,4.411132316348689159e-02
5.014999999999999680e+00,5.213009155208278090e-04,3.710889070844325399e-03,6.044423764325803500e-02
5.020000000000000462e+00,5.206167466053324665e-04,3.478784396065010172e-03,7.596276314682277875e-02
5.025000000000000355e+00,5.199351741466833087e-04,3.807053906111769730e-03,9.036379015018504435e-02
5.030000000000000249e+00,5.192561877925507734e-04,5.461841378163674252e-03,1.033616916870549046e-01
5.035000000000000142e+00,5.185797772496283974e-04,4.658436426516740503e-03,1.146940250125390998e-01
5.040000000000000036e+00,5.179059322829452153e-04,4.305402116658391121e-03,1.241268947434476244e-01
5.044999999999999929e+00,5.172346427156309214e-04,4.792904964877296725e-03,1.314598704531277085e-01
5.049999999999999822e+00,5.165658984284235335e-04,5.859917123574962840e-03,1.365303532885479565e-01
5.054999999999999716e+00,5.158996893593647323e-04,3.794628064286717853e-03,1.392172902559559167e-01
5.060000000000000497e+00,5.152360055038066912e-04,4.273101393794410778e-03,1.394441417292614782e-01
5.065000000000000391e+00,5.145748369135447154e-04,3.334795629174181278e-03,1.371810177010780729e-01
5.070000000000000284e+00,5.139161736960777072e-04,5.095562076322450624e-03,1.324459114140213445e-01
5.075000000000000178e+00,5.132600060155297376e-04,4.041315451397776981e-03,1.253049752321500343e-01
5.080000000000000071e+00,5.126063240910613654e-04,4.223303590513694666e-03,1.158718027302823306e-01
5.084999999999999964e+00,5.119551181970819235e-04,3.503541714452816126e-03,1.043057026284360117e-01
5.089999999999999858e+00,5.113063786626310904e-04,5.385094259460072343e-03,9.080897387173915425e-02
5.094999999999999751e+00,5.106600958715971396e-04,4.005773228205139480e-03,7.562321619409287377e-02
5.100000000000000533e+00,5.100162602614618677e-04,4.808291510265173124e-03,5.902473614742216601e-02
5.105000000000000426e+00,5.093748623238219869e-04,5.200951065850635373e-03,4.131913396087334017e-02
5.110000000000000320e+00,5.087358926032915871e-04,4.173999639451286478e-03,2.283518080508439851e-02
5.115000000000000213e+00,5.080993416979994598e-04,3.922514285854578064e-03,3.918118134848129139e-03
5.120000000000000107e+00,5.074652002582553121e-04,4.806923865377715939e-03,-1.507747014140312439e-02
5.125000000000000000e+00,5.068334589871920483e-04,4.128739290453056765e-03,-3.379504671332612259e-02
5.129999999999999893e+00,5.062041086396991321e-04,4.001763447040071822e-03,-5.188359458965862564e-02
5.134999999999999787e+00,5.055771400227496897e-04,2.198881502797079331e-03,-6.900499351819182337e-02
5.139999999999999680e+00,5.049525439939815067e-04,4.048606898950220419e-03,-8.484111728153698184e-02
5.145000000000000462e+00,5.043303114627283208e-04,3.330253123959217489e-03,-9.910047592121311311e-02
5.150000000000000355e+00,5.037104333888553888e-04,4.100174060327661102e-03,-1.115242384619846983e-01
5.155000000000000249e+00,5.030929007827837727e-04,2.905105492733780700e-03,-1.218914885476420490e-01
5.160000000000000142e+00,5.024777047046653702e-04,4.639371391856833213e-03,-1.300235869843377190e-01
5.165000000000000036e+00,5.018648362646868167e-04,3.401556240724963858e-03,-1.357875407349239671e-01
5.169999999999999929e+00,5.012542866223899073e-04,2.648213819893053579e-03,-1.390983064476392084e-01
5.174999999999999822e+00,5.006460469867927022e-04,2.087479441356467156e-03,-1.399199870351861275e-01
5.179999999999999716e+00,5.000401086152016748e-04,3.056362498424512568e-03,-1.382659109719910906e-01
5.185000000000000497e+00,4.994364628139873500e-04,3.864132234931178835e-03,-1.341976146606108644e-01
5.190000000000000391e+00,4.988351009371777686e-04,2.453676849595504746e-03,-1.278227772988942135e-01
5.195000000000000284e+00,4.982360143873075260e-04,4.995296596372469401e-03,-1.192921841394800064e-01
5.200000000000000178e+00,4.976391946143015861e-04,4.897540637925207156e-03,-1.087958170119391055e-01
5.205000000000000071e+00,4.970446331152819685e-04,3.407537451160512140e-03,-9.655818983090753982e-02
5.209999999999999964e+00,4.964523214345187415e-04,5.555679804656935700e-03,-8.283306111577000419e-02
5.214999999999999858e+00,4.958622511632362765e-04,3.284308126961251514e-03,-6.789766512406898713e-02
5.219999999999999751e+00,4.952744139389339941e-04,5.109583242506491457e-03,-5.204660810215985117e-02
5.225000000000000533e+00,4.946888014450951483e-04,4.745009309068086781e-03,-3.558557664286066125e-02
5.230000000000000426e+00,4.941054054112844042e-04,3.149565103127660928e-03,-1.882500165080288473e-02
5.235000000000000320e+00,4.935242176123712243e-04,3.915055750235604294e-03,-2.073814505708621025e-03
5.240000000000000213e+00,4.929452298695969400e-04,3.963711759936110537e-03,1.436657767116866942e-02
5.245000000000000107e+00,4.923684340482471864e-04,2.977687113967822721e-03,3.020798254352272463e-02
5.250000000000000000e+00,4.917938220574570715e-04,3.278929667868560674e-03,4.518067704563403369e-02
5.254999999999999893e+00,4.912213858527336805e-04,4.046696779567877066e-03,5.903813815126249948e-02
5.259999999999999787e+00,4.906511174336280773e-04,5.345762712320229273e-03,7.156117680264985348e-02
5.264999999999999680e+00,4.900830088423771243e-04,2.722987135828551161e-03,8.256141643968263610e-02
5.270000000000000462e+00,4.895170521658430115e-04,4.327784208184060587e-03,9.188407186985447783e-02
5.275000000000000355e+00,4.889532395329920528e-04,4.834797581914848826e-03,9.940999809635271689e-02
5.280000000000000249e+00,4.883915631183861428e-04,3.636393987425640302e-03,1.050569920996108492e-01
5.285000000000000142e+00,4.878320151367509031e-04,5.083193149107285286e-03,1.087803434478498005e-01
5.290000000000000036e+00,4.872745878470491386e-04,4.924517816622796945e-03,1.105726420349639333e-01
5.294999999999999929e+00,4.867192735504449232e-04,3.536715496449433383e-03,1.104628632702480545e-01
5.299999999999999822e+00,4.861660645897202438e-04,4.558097357885002553e-03,1.085147627222507460e-01
5.304999999999999716e+00,4.856149533500519946e-04,4.856332538558881182e-03,1.048246235660347664e-01
5.310000000000000497e+00,4.850659322574107186e-04,2.853421487104414178e-03,9.951841117164500483e-02
5.315000000000000391e+00,4.845189937797737215e-04,4.134217906064955629e-03,9.274839970710399562e-02
5.320000000000000284e+00,4.839741304261545481e-04,5.178629869007869702e-03,8.468934556079844855e-02
5.325000000000000178e+00,4.834313347460210907e-04,5.158609794922769734e-03,7.553429149976856327e-02
5.330000000000000071e+00,4.828905993296836257e-04,3.150361392311811035e-03,6.549009349890813625e-02
5.334999999999999964e+00,4.823519168081250811e-04,4.912854887185343772e-03,5.477276879437045082e-02
5.339999999999999858e+00,4.818152798515942304e-04,2.779162440052876035e-03,4.360276859510228697e-02
5.344999999999999751e+00,4.812806811711337670e-04,4.084824165693402495e-03,3.220028169114084321e-02
5.350000000000000533e+00,4.807481135165672117e-04,3.722424484785719599e-03,2.078067561188709153e-02
5.355000000000000426e+00,4.802175696778086290e-04,4.331771957962268424e-03,9.550179734434246712e-03
5.360000000000000320e+00,4.796890424836256612e-04,5.741800352275516078e-03,-1.298090374950030884e-03
5.365000000000000213e+00,4.791625248016880998e-04,2.646088330169912677e-03,-1.158767619865288048e-02
5.370000000000000107e+00,4.786380095380464938e-04,4.560821021739984438e-03,-2.116180695482830845e-02
5.375000000000000000e+00,4.781154896380292174e-04,4.291031345196788527e-03,-2.988585148760879856e-02
5.379999999999999893e+00,4.775949580842783846e-04,3.643862221141975274e-03,-3.764914152913610007e-02
5.384999999999999787e+00,4.770764078983867227e-04,5.214810904105409740e-03,-4.436613501061338616e-02
5.389999999999999680e+00,4.765598321386540332e-04,2.424980420278816280e-03,-4.997690811490921453e-02
5.395000000000000462e+00,4.760452239017608743e-04,1.863558480275057539e-03,-5.444698557026433905e-02
5.400000000000000355e+00,4.755325763214103270e-04,4.474171977042384375e-03,-5.776653946442412979e-02
5.405000000000000249e+00,4.750218825684977266e-04,2.677588800364249979e-03,-5.994900672926749274e-02
5.410000000000000142e+00,4.745131358506255912e-04,2.917744099884457803e-03,-6.102919350655158087e-02
5.415000000000000036e+00,4.740063294124067638e-04,3.864943965904423743e-03,-6.106094999387599864e-02
5.419999999999999929e+00,4.735014565345368781e-04,4.304076773280396742e-03,-6.011451131760209982e-02
5.424999999999999822e+00,4.729985105342125349e-04,2.452526124960606110e-03,-5.827360786734728237e-02
5.429999999999999716e+00,4.724974847646828762e-04,3.814711753809130711e-03,-5.563245194256184745e-02
5.435000000000000497e+00,4.719983726147277043e-04,3.935282804406234347e-03,-5.229270632285124010e-02
5.440000000000000391e+00,4.715011675091793628e-04,5.325445755339186862e-03,-4.836053457410967316e-02
5.445000000000000284e+00,4.710058629077826437e-04,5.475583413818371076e-03,-4.394382289317030205e-02
5.450000000000000178e+00,4.705124523059163238e-04,4.296983394025497005e-03,-3.914964968512053139e-02
5.455000000000000071e+00,4.700209292338413248e-04,4.484700913790563501e-03,-3.408206268761089508e-02
5.459999999999999964e+00,4.695312872565551594e-04,4.387290601716141610e-03,-2.884020529031348229e-02
5.464999999999999858e+00,4.690435199735132365e-04,3.384059841249404364e-03,-2.351681483270091910e-02
5.469999999999999751e+00,4.685576210187982686e-04,4.310959884127905060e-03,-1.819709719873268544e-02
5.475000000000000533e+00,4.680735840606172556e-04,1.672761883138450430e-03,-1.295796500090275021e-02
5.480000000000000426e+00,4.675914028010165566e-04,2.558009979419090946e-03,-7.867611964303066266e-03
5.485000000000000320e+00,4.671110709761605844e-04,2.784210919655312477e-03,-2.985384481484871285e-03
5.490000000000000213e+00,4.666325823555013603e-04,3.683494954335871444e-03,1.638096826227561321e-03
5.495000000000000107e+00,4.661559307418814595e-04,3.311554993099151498e-03,5.960617153626897313e-03
5.500000000000000000e+00,4.656811099718553143e-04,3.550107687108658861e-03,9.947901620365517950e-03
5.504999999999999893e+00,4.652081139147070353e-04,2.852112097001381283e-03,1.357305347821099843e-02
5.509999999999999787e+00,4.647369364722960753e-04,2.884630598075575182e-03,1.681594131025261965e-02
5.514999999999999680e+00,4.642675715793051863e-04,2.748023726218577940e-03,1.966257295006451286e-02
5.520000000000000462e+00,4.638000132030469435e-04,3.808476946337283151e-03,2.210448544224652770e-02
5.525000000000000355e+00,4.633342553431482971e-04,3.234832052233355647e-03,2.413817151564281310e-02
5.530000000000000249e+00,4.628702920311744619e-04,3.780682105333100368e-03,2.576455448403515772e-02
5.535000000000000142e+00,4.624081173304595113e-04,4.581488166914190682e-03,2.698851585798930225e-02
5.540000000000000036e+00,4.619477253364455698e-04,4.076370367726901180e-03,2.781847371855087486e-02
5.544999999999999929e+00,4.614891101758432064e-04,5.234600073727674850e-03,2.826600536005874700e-02
5.549999999999999822e+00,4.610322660068497396e-04,4.495977081809752508e-03,2.834550496537969685e-02
5.554999999999999716e+00,4.605771870189490384e-04,3.135472662918074426e-03,2.807386606024264361e-02
5.560000000000000497e+00,4.601238674326116329e-04,3.290740972266503316e-03,2.747017899411450040e-02
5.565000000000000391e+00,4.596723014989819215e-04,3.407047366874874084e-03,2.655543538863634756e-02
5.570000000000000284e+00,4.592224834998455906e-04,2.518837998861913220e-03,2.535223400109325870e-02
5.575000000000000178e+00,4.587744077480170003e-04,3.436696571520565617e-03,2.388448537230603366e-02
5.580000000000000071e+00,4.583280685862299911e-04,3.790259537100430787e-03,2.217711559279308617e-02
5.584999999999999964e+00,4.578834603873012735e-04,1.838626849679796896e-03,2.025577222262896215e-02
5.589999999999999858e+00,4.574405775542671995e-04,3.289736224371243942e-03,1.814653760642654171e-02
5.594999999999999751e+00,4.569994145199257965e-04,3.874069042180438779e-03,1.587565639806055515e-02
5.600000000000000533e+00,4.565599657465911946e-04,2.589945533398975777e-03,1.346928500105428785e-02
5.605000000000000426e+00,4.561222257263755739e-04,3.466450360818515083e-03,1.095327085245455072e-02
5.610000000000000320e+00,4.556861889807223070e-04,3.100813896784730683e-03,8.352969110279672565e-03
5.615000000000000213e+00,4.552518500599665860e-04,5.026375584418689250e-03,5.693103432038905225e-03
5.620000000000000107e+00,4.548192035435501485e-04,3.326473557890950380e-03,2.997676259797898805e-03
5.625000000000000000e+00,4.543882440392334968e-04,4.132897741564132109e-03,2.899324294865739788e-04
5.629999999999999893e+00,4.539589661854061156e-04,4.313768459706563557e-03,-2.407621949693549476e-03
5.634999999999999787e+00,4.535313646466565844e-04,3.989327230064492608e-03,-5.073145527787140639e-03
5.639999999999999680e+00,4.531054341169050005e-04,3.905885435750325145e-03,-7.685335231518095229e-03
5.645000000000000462e+00,4.526811693186871344e-04,3.273689517588379040e-03,-1.022325251303736297e-02
5.650000000000000355e+00,4.522585650023144984e-04,2.657730048104784554e-03,-1.266611053513637050e-02
5.655000000000000249e+00,4.518376159454080311e-04,2.356142433433857687e-03,-1.499303372088197153e-02
5.660000000000000142e+00,4.514183169543861110e-04,3.322032887134836448e-03,-1.718280450299066592e-02
5.665000000000000036e+00,4.510006628624730935e-04,3.579242162580283278e-03,-1.921361555136642460e-02
5.669999999999999929e+00,4.505846485309176292e-04,2.425632898838333672e-03,-2.106284902143927551e-02
5.674999999999999822e+00,4.501702688478139195e-04,2.618024945761554187e-03,-2.270690715650552222e-02
5.679999999999999716e+00,4.497575187287682834e-04,5.686823121987793703e-03,-2.412112055607501526e-02
5.685000000000000497e+00,4.493463931161290493e-04,2.177089102478170154e-03,-2.527976121875093185e-02
5.690000000000000391e+00,4.489368869793780603e-04,2.352395663863774029e-03,-2.615618672497262848e-02
5.695000000000000284e+00,4.485289953145664551e-04,2.845567691612439862e-03,-2.672313933458539750e-02
5.700000000000000178e+00,4.481227131443205774e-04,4.360658938109999300e-03,-2.695321912031117817e-02
5.705000000000000071e+00,4.477180355175213225e-04,3.961072621962154032e-03,-2.681954345921637103e-02
5.709999999999999964e+00,4.473149575099943411e-04,3.070331902992575173e-03,-2.629659633427372523e-02
5.714999999999999858e+00,4.469134742230709769e-04,5.497996996331626363e-03,-2.536126021663713537e-02
5.719999999999999751e+00,4.465135807841059739e-04,3.020686683475287074e-03,-2.399401124328325724e-02
5.725000000000000533e+00,4.461152723469660720e-04,4.209067114780037401e-03,-2.218024558165700502e-02
5.730000000000000426e+00,4.457185440906743200e-04,3.870332497797299674e-03,-1.991169203376320918e-02
5.735000000000000320e+00,4.453233912199747288e-04,4.011503717059179859e-03,-1.718785391402863696e-02
5.740000000000000213e+00,4.449298089651222070e-04,3.251282840608842820e-03,-1.401741292442556554e-02
5.745000000000000107e+00,4.445377925814951209e-04,2.438705817007159622e-03,-1.041952000139355523e-02
5.750000000000000000e+00,4.441473373502045083e-04,2.706652885737606453e-03,-6.424893689204632698e-03
5.754999999999999893e+00,4.437584385770814333e-04,4.955610080579802429e-03,-2.076646119225036662e-03
5.759999999999999787e+00,4.433710915924768967e-04,2.930719557660398794e-03,2.569239448743577958e-03
5.764999999999999680e+00,4.429852917524048565e-04,8.940073972014141689e-04,7.443847179382202632e-03
5.770000000000000462e+00,4.426010344368384039e-04,3.813821928209649124e-03,1.246573817668702143e-02
5.775000000000000355e+00,4.422183150506949780e-04,2.988857390268724601e-03,1.754186903401180539e-02
5.780000000000000249e+00,4.418371290230755266e-04,3.795174404664127411e-03,2.256903734498048181e-02
5.785000000000000142e+00,4.414574718075736670e-04,2.521926084683984506e-03,2.743584949049634319e-02
5.790000000000000036e+00,4.410793388815147922e-04,2.323848481325929520e-03,3.202518201680330800e-02
5.794999999999999929e+00,4.407027257467261263e-04,3.805817363765755766e-03,3.621708372238179735e-02
5.799999999999999822e+00,4.403276279288271676e-04,3.282029284119281163e-03,3.989204242705738507e-02
5.804999999999999716e+00,4.399540409771146555e-04,3.612848295321590634e-03,4.293451952572439889e-02
5.810000000000000497e+00,4.395819604644957829e-04,3.056655426035183830e-03,4.523663796606503668e-02
5.815000000000000391e+00,4.392113819875427322e-04,3.028912712001843692e-03,4.670189620337100722e-02
5.820000000000000284e+00,4.388423011660201253e-04,5.121805165889960730e-03,4.724877272875490503e-02
5.825000000000000178e+00,4.384747136433328539e-04,3.264459581104484347e-03,4.681408344342461586e-02
5.830000000000000071e+00,4.381086150858297498e-04,3.199991666401500075e-03,4.535595767053511584e-02
5.834999999999999964e+00,4.377440011829425263e-04,4.223280780887570147e-03,4.285630788982706246e-02
5.839999999999999858e+00,4.373808676469614020e-04,4.574698627668953577e-03,3.932268298835613074e-02
5.844999999999999751e+00,4.370192102132596391e-04,4.035759541672095940e-03,3.478941433402475691e-02
5.850000000000000533e+00,4.366590246393538114e-04,3.096301184932801799e-03,2.931798746314461662e-02
5.855000000000000426e+00,4.363003067059645335e-04,3.536042319647701195e-03,2.299659862725300999e-02
5.860000000000000320e+00,4.359430522162344797e-04,2.232762985587828045e-03,1.593888374508192415e-02
5.865000000000000213e+00,4.355872569948312611e-04,3.109724946018496521e-03,8.281836276410162873e-03
5.870000000000000107e+00,4.352329168898144761e-04,3.771293364455737939e-03,1.829589931377621249e-04
5.875000000000000000e+00,4.348800277707200331e-04,3.301105532245893551e-03,-8.183278555616763095e-03
5.879999999999999893e+00,4.345285855292269355e-04,4.164907931471774523e-03,-1.662958092430072421e-02
5.884999999999999787e+00,4.341785860787207812e-04,2.780803148566696800e-03,-2.496044941636700251e-02
5.889999999999999680e+00,4.338300253545486051e-04,2.487432490083254285e-03,-3.297715352723579879e-02
5.895000000000000462e+00,4.334828993138124462e-04,4.151865718272932694e-03,-4.048290658091980437e-02
5.900000000000000355e+00,4.331372039352480259e-04,2.945697831008180830e-03,-4.728809435443996623e-02
5.905000000000000249e+00,4.327929352188976983e-04,3.426817981987151287e-03,-5.321540400458898284e-02
5.910000000000000142e+00,4.324500891859162695e-04,4.162749382679857731e-03,-5.810470413383091171e-02
5.915000000000000036e+00,4.321086618792619599e-04,1.661943965839408378e-03,-6.181753504904819591e-02
5.919999999999999929e+00,4.317686493626781211e-04,2.961573832854061655e-03,-6.424108071464865177e-02
5.924999999999999822e+00,4.314300477209234122e-04,1.750835571174548912e-03,-6.529150998328780986e-02
5.929999999999999716e+00,4.310928530600024100e-04,2.154479561104187361e-03,-6.491659371045198357e-02
5.935000000000000497e+00,4.307570615063892111e-04,2.357624491308232817e-03,-6.309752557714083665e-02
5.940000000000000391e+00,4.304226692074885978e-04,5.188803402417383782e-03,-5.984989708473562736e-02
5.945000000000000284e+00,4.300896723310778367e-04,4.123931914101828036e-03,-5.522380049746944408e-02
5.950000000000000178e+00,4.297580670658892200e-04,3.040949370914289556e-03,-4.930305677773533929e-02
5.955000000000000071e+00,4.294278496210517018e-04,1.299418076961238698e-03,-4.220358815611670311e-02
5.959999999999999964e+00,4.290990162252666875e-04,3.735409407121858660e-03,-3.407097635061381857e-02
5.964999999999999858e+00,4.287715631282874276e-04,3.174941750217099949e-03,-2.507726715183889593e-02
5.969999999999999751e+00,4.284454865997061211e-04,5.337222596883043832e-03,-1.541709977742099572e-02
5.975000000000000533e+00,4.281207829293664537e-04,2.616162676478482607e-03,-5.303254815017377673e-03
5.980000000000000426e+00,4.277974484264662584e-04,3.271595355182248602e-03,5.038272448648892232e-03
5.985000000000000320e+00,4.274754794203332623e-04,3.558603845861457293e-03,1.537355608048877192e-02
5.990000000000000213e+00,4.271548722601830922e-04,3.364843651695850670e-03,2.546625587142853017e-02
5.995000000000000107e+00,4.268356233149248774e-04,2.198789587928494989e-03,3.508323575940547334e-02
6.000000000000000000e+00,4.265177289726705396e-04,2.657479143726085638e-03,4.400015148816509292e-02
6.004999999999999893e+00,4.262011856412816109e-04,4.372309932573315017e-03,5.200687479932028512e-02
6.009999999999999787e+00,4.258859897476021598e-04,3.116591284910460394e-03,5.891262424676654841e-02
6.015000000000000568e+00,4.255721377382783405e-04,2.142085718098549543e-03,6.455067821315850496e-02
6.020000000000000462e+00,4.252596260785728713e-04,2.888868223474375455e-03,6.878255389306486833e-02
6.025000000000000355e+00,4.249484512532271927e-04,3.626964373876725035e-03,7.150154687063081660e-02
6.030000000000000249e+00,4.246386097659787264e-04,3.873168951161103622e-03,7.263553938777966845e-02
6.035000000000000142e+00,4.243300981388183047e-04,4.775995957658014414e-03,7.214900134445778601e-02
6.040000000000000036e+00,4.240229129134354667e-04,1.771864742004273727e-03,7.004412628061676416e-02
6.044999999999999929e+00,4.237170506498761616e-04,5.134653694162217598e-03,6.636106475461535370e-02
6.049999999999999822e+00,4.234125079264370391e-04,4.711626415691206292e-03,6.117723924951556230e-02
6.054999999999999716e+00,4.231092813406803709e-04,2.787760986293078697e-03,5.460574750127759891e-02
6.060000000000000497e+00,4.228073675080463263e-04,2.333233607308002160e-03,4.679288436052753131e-02
6.065000000000000391e+00,4.225067630624530237e-04,3.553025723027584005e-03,3.791483531417178671e-02
6.070000000000000284e+00,4.222074646561040849e-04,4.806608730272928474e-03,2.817361690076408340e-02
6.075000000000000178e+00,4.219094689596028557e-04,2.881410190117000315e-03,1.779235974645262258e-02
6.080000000000000071e+00,4.216127726616515940e-04,4.283844871099406343e-03,7.010048137932775071e-03
6.084999999999999964e+00,4.213173724688011818e-04,2.612711911818920915e-03,-3.924154688952711731e-03
6.089999999999999858e+00,4.210232651053047036e-04,6.499974742878267091e-04,-1.475685456649173874e-02
6.094999999999999751e+00,4.207304473137655283e-04,2.956190219612203456e-03,-2.523649881961840744e-02
6.100000000000000533e+00,4.204389158543308256e-04,5.007967375300263410e-03,-3.511942043044502526e-02
6.105000000000000426e+00,4.201486675048530573e-04,3.885537069679952885e-03,-4.417570178802524700e-02
6.110000000000000320e+00,4.198596990607886053e-04,2.195662873600522785e-03,-5.219471062883557222e-02
6.115000000000000213e+00,4.195720073351617212e-04,2.013485532051825962e-03,-5.899016960401958637e-02
6.120000000000000107e+00,4.192855891583784230e-04,2.569426627501760711e-03,-6.440463349124268821e-02
6.125000000000000000e+00,4.190004413784337951e-04,3.294676618544313280e-03,-6.831326396864130512e-02
6.129999999999999893e+00,4.187165608600004448e-04,3.468102396206566504e-03,-7.062681055119003626e-02
6.134999999999999787e+00,4.184339444858168233e-04,3.493311737100549680e-03,-7.129372715464660226e-02
6.140000000000000568e+00,4.181525891551075434e-04,3.070631764371889016e-03,-7.030137615284627606e-02
6.145000000000000462e+00,4.178724917845034331e-04,3.511540817388160256e-03,-6.767629506311445553e-02
6.150000000000000355e+00,4.175936493072496887e-04,3.329760019639312497e-03,-6.348352447474020499e-02
6.155000000000000249e+00,4.173160586740382169e-04,2.373846552280725261e-03,-5.782501889245534460e-02
6.160000000000000142e+00,4.170397168518047122e-04,3.305079778197283352e-03,-5.083718421224384110e-02
6.165000000000000036e+00,4.167646208247668353e-04,2.500774133304085531e-03,-4.268760605286701232e-02
6.169999999999999929e+00,4.164907675930873908e-04,1.765934096006976277e-03,-3.357105167299467147e-02
6.174999999999999822e+00,4.162181541742812976e-04,2.325090742147005451e-03,-2.370484433129341900e-02
6.179999999999999716e+00,4.159467776021146348e-04,4.659258983638182514e-03,-1.332372239486722711e-02
6.185000000000000497e+00,4.156766349268351977e-04,3.993826830296883998e-03,-2.674306056821971166e-03
6.190000000000000391e+00,4.154077232147091099e-04,4.769062014184220766e-03,7.990697949865368382e-03
6.195000000000000284e+00,4.151400395488622180e-04,2.505585884517991246e-03,1.841841880795346692e-02
6.200000000000000178e+00,4.148735810283347763e-04,3.097801940331585454e-03,2.836173502733519564e-02
6.205000000000000071e+00,4.146083447683147666e-04,3.534271457552994045e-03,3.758504419753529863e-02
6.209999999999999964e+00,4.143443279001900485e-04,2.482011955569486065e-03,4.586975891191624050e-02
6.214999999999999858e+00,4.140815275713108107e-04,3.841179122780784359e-03,5.301940579523590352e-02
6.219999999999999751e+00,4.138199409448947578e-04,2.940813252831572539e-03,5.886421410312872582e-02
6.225000000000000533e+00,4.135595652002946906e-04,2.926095286344371042e-03,6.326509208402508744e-02
6.230000000000000426e+00,4.133003975324776023e-04,2.815657623028087943e-03,6.611690292631332289e-02
6.235000000000000320e+00,4.130424351522757245e-04,4.092232908671117851e-03,6.735096737719097060e-02
6.240000000000000213e+00,4.127856752861554842e-04,4.037412290113721013e-03,6.693673671404790082e-02
6.245000000000000107e+00,4.125301151755516411e-04,3.190126955981652072e-03,6.488259737962270846e-02
6.250000000000000000e+00,4.122757520787333619e-04,3.575289280394302553e-03,6.123578695385706316e-02
6.254999999999999893e+00,4.120225832680941488e-04,4.620487077144803945e-03,5.608141992049653357e-02
6.259999999999999787e+00,4.117706060326591653e-04,2.083546975419020217e-03,4.954064058696078243e-02
6.265000000000000568e+00,4.115198176757600560e-04,2.275647207421791982e-03,4.176793921580586322e-02
6.270000000000000462e+00,4.112702155165923494e-04,3.644558094262425555e-03,3.294768560835575205e-02
6.275000000000000355e+00,4.110217968893488004e-04,3.421622924650037992e-03,2.328995172402708452e-02
6.280000000000000249e+00,4.107745591435670398e-04,3.726668606480553966e-03,1.302571109869149653e-02
6.285000000000000142e+00,4.105284996433716631e-04,2.980171045701647536e-03,2.401517521388882304e-03
6.290000000000000036e+00,4.102836157685006441e-04,4.795538995292739949e-03,-8.326221674214843646e-03
6.294999999999999929e+00,4.100399049132579421e-04,3.393744588924631905e-03,-1.889725155396020095e-02
6.299999999999999822e+00,4.097973644873664973e-04,2.698526091148329472e-03,-2.905362020665080286e-02
6.304999999999999716e+00,4.095559919142238584e-04,3.370057748821432466e-03,-3.854583373207806640e-02
6.310000000000000497e+00,4.093157846332819518e-04,3.037932265718131224e-03,-4.713887239097701992e-02
6.315000000000000391e+00,4.090767400978729857e-04,1.654064604196750585e-03,-5.461792488234771398e-02
6.320000000000000284e+00,4.088388557765245323e-04,4.427980009481378119e-03,-6.079370107258233458e-02
6.325000000000000178e+00,4.086021291516430906e-04,2.901064682412167646e-03,-6.550719012663021312e-02
6.330000000000000071e+00,4.083665577209815529e-04,2.855619413239976739e-03,-6.863374090344831480e-02
6.334999999999999964e+00,4.081321389961070113e-04,1.545576755241696767e-03,-7.008635461815723722e-02
6.339999999999999858e+00,4.078988705032513679e-04,5.441920985224871568e-03,-6.981809601526499376e-02
6.344999999999999751e+00,4.076667497827973145e-04,2.142864048671521641e-03,-6.782354842910759407e-02
6.350000000000000533e+00,4.074357743901780584e-04,3.969362528315470082e-03,-6.413925983333913783e-02
6.355000000000000426e+00,4.072059418937245298e-04,3.613650462329953770e-03,-5.884315091401599862e-02
6.360000000000000320e+00,4.069772498771139445e-04,3.870919046851156210e-03,-5.205288186184873350e-02
6.365000000000000213e+00,4.067496959373254864e-04,1.473312753225214248e-03,-4.392320139747283442e-02
6.370000000000000107e+00,4.065232776859923074e-04,4.469759358271209806e-03,-3.464232886186296295e-02
6.375000000000000000e+00,4.062979927485080365e-04,3.191116816167409182e-03,-2.442744728415933292e-02
6.379999999999999893e+00,4.060738387640267259e-04,2.398103250444832794e-03,-1.351941138125431485e-02
6.384999999999999787e+00,4.058508133856636446e-04,2.748704702357425943e-03,-2.176798604740582451e-03
6.390000000000000568e+00,4.056289142807587944e-04,2.053964982157100144e-03,9.330547226721094822e-03
6.395000000000000462e+00,4.054081391300124750e-04,2.042680589992586747e-03,2.072831232545755201e-02
6.400000000000000355e+00,4.051884856278161829e-04,3.607366922702956447e-03,3.174466849247706279e-02
6.405000000000000249e+00,4.049699514823856426e-04,3.926128280577660147e-03,4.211719851409033433e-02
6.410000000000000142e+00,4.047525344155144221e-04,5.781798702176285318e-03,5.159959921202283278e-02
6.415000000000000036e+00,4.045362321626685834e-04,3.954637632578921098e-03,5.996797303980539590e-02
6.419999999999999929e+00,4.043210424725314262e-04,2.399426321693503943e-03,6.702652829594007988e-02
6.424999999999999822e+00,4.041069631073391025e-04,2.541022461071080606e-03,7.261252321976102708e-02
6.429999999999999716e+00,4.038939918430807605e-04,4.654348906193617533e-03,7.660031012011618567e-02
6.435000000000000497e+00,4.036821264686873988e-04,4.301562386554739700e-03,7.890436168719733301e-02
6.440000000000000391e+00,4.034713647863009110e-04,3.742146963039141502e-03,7.948119195025260542e-02
6.445000000000000284e+00,4.032617046117142716e-04,5.163858447898971721e-03,7.833011795627940754e-02
6.450000000000000178e+00,4.030531437736717382e-04,1.789786393570175172e-03,7.549284399059394413e-02
6.455000000000000071e+00,4.028456801140164654e-04,4.049553447423021382e-03,7.105188674797210946e-02
6.459999999999999964e+00,4.026393114881700471e-04,2.651411389156870142e-03,6.512789595676451992e-02
6.464999999999999858e+00,4.024340357638147778e-04,3.524155357713523902e-03,5.787595921785933933e-02
6.469999999999999751e+00,4.022298508214960347e-04,4.041269823904760500e-03,4.948101097742500093e-02
6.475000000000000533e+00,4.020267545562020693e-04,2.566276771068578058e-03,4.015249246155168372e-02
6.480000000000000426e+00,4.018247448740281335e-04,3.485262890971517306e-03,3.011843109167554669e-02
6.485000000000000320e+00,4.016238196953351948e-04,2.499577156112598331e-03,1.961912362268117618e-02
6.490000000000000213e+00,4.014239769522054760e-04,3.481850343822490319e-03,8.900616499376165502e-03
6.495000000000000107e+00,4.012252145901906773e-04,3.539721265474362558e-03,-1.791820523132893516e-03
6.500000000000000000e+00,4.010275305671332315e-04,1.024732483761741156e-03,-1.222003555971549332e-02
6.504999999999999893e+00,4.008309228536073034e-04,3.703571796478734648e-03,-2.215896911147308482e-02
6.509999999999999787e+00,4.006353894328604053e-04,3.004225672817872721e-03,-3.140209673047892475e-02
6.515000000000000568e+00,4.004409283009489765e-04,3.051192983323829360e-03,-3.976619597020274177e-02
6.520000000000000462e+00,4.002475374657946941e-04,2.175548338269796527e-03,-4.709531919834086117e-02
6.525000000000000355e+00,4.000552149486685284e-04,1.321593255204992585e-03,-5.326388234056215337e-02
6.530000000000000249e+00,3.998639587826158855e-04,4.162997040591442412e-03,-5.817881004169098841e-02
6.535000000000000142e+00,3.996737670131810709e-04,1.834189838108768325e-03,-6.178070891584307167e-02
6.540000000000000036e+00,3.994846376983170297e-04,1.930421342196741953e-03,-6.404407138652136455e-02
6.544999999999999929e+00,3.992965689081702952e-04,4.041990486424932097e-03,-6.497654204261674171e-02
6.549999999999999822e+00,3.991095587252998893e-04,3.478982589486977282e-03,-6.461730551738142925e-02
6.554999999999999716e+00,3.989236052446442542e-04,3.400570082947098737e-03,-6.303467884527495790e-02
6.560000000000000497e+00,3.987387065727637206e-04,3.462564918673148844e-03,-6.032301144259306219e-02
6.565000000000000391e+00,3.985548608286384261e-04,2.683642968217190856e-03,-5.659901184209718134e-02
6.570000000000000284e+00,3.983720661434052876e-04,2.772060231155027647e-03,-5.199763182617685164e-02
6.575000000000000178e+00,3.981903206600926432e-04,3.193020193410679806e-03,-4.666764555268579362e-02
6.580000000000000071e+00,3.980096225339394412e-04,2.717758033806695964e-03,-4.076706371711946719e-02
6.584999999999999964e+00,3.978299699317054705e-04,2.177004546335661785e-03,-3.445852095319269087e-02
6.589999999999999858e+00,3.976513610323361932e-04,4.697758461840893449e-03,-2.790476885796709661e-02
6.594999999999999751e+00,3.974737940265597475e-04,1.957197408297577969e-03,-2.126439765885201200e-02
6.600000000000000533e+00,3.972972671172927094e-04,2.481593959678436365e-03,-1.468789709443005589e-02
6.605000000000000426e+00,3.971217785188189183e-04,3.977794053242320917e-03,-8.314152094432272766e-03
6.610000000000000320e+00,3.969473264571173944e-04,3.921183480057046158e-03,-2.267451869884216931e-03
6.615000000000000213e+00,3.967739091702210462e-04,1.881155607867393163e-03,3.344927368890580552e-03
6.620000000000000107e+00,3.966015249074199452e-04,1.711900752350527504e-03,8.434525094467218778e-03
6.625000000000000000e+00,3.964301719301048890e-04,5.058322932909788128e-03,1.293286311852026409e-02
6.629999999999999893e+00,3.962598485107060760e-04,2.772644313254394970e-03,1.679197410944672716e-02
6.634999999999999787e+00,3.960905529338692478e-04,3.225332573165969573e-03,1.998430843391409487e-02
6.640000000000000568e+00,3.959222834950217236e-04,3.863061760415583464e-03,2.250205315524519273e-02
6.645000000000000462e+00,3.957550385016792970e-04,2.111431693325170264e-03,2.435591275687767551e-02
6.650000000000000355e+00,3.955888162721627041e-04,4.947081566136409328e-03,2.557341488574641983e-02
6.655000000000000249e+00,3.954236151369058751e-04,3.504997368107777046e-03,2.619681580557560452e-02
6.660000000000000142e+00,3.952594334372312203e-04,2.437723814230719453e-03,2.628068906458860821e-02
6.665000000000000036e+00,3.950962695258286301e-04,2.258716275268969967e-03,2.588928693352599356e-02
6.669999999999999929e+00,3.949341217666969828e-04,2.975022902225803526e-03,2.509376736124354496e-02
6.674999999999999822e+00,3.947729885354984611e-04,2.313123997816192781e-03,2.396937951015083029e-02
6.679999999999999716e+00,3.946128682181765748e-04,4.292031270654772870e-03,2.259269844276552350e-02
6.685000000000000497e+00,3.944537592126754334e-04,1.709833340780756708e-03,2.103899438756313967e-02
6.690000000000000391e+00,3.942956599277329215e-04,4.901074191573817629e-03,1.937981444680143481e-02
6.695000000000000284e+00,3.941385687834868213e-04,2.849907379396954005e-03,1.768084492165882329e-02
6.700000000000000178e+00,3.939824842106167757e-04,3.556664499313420651e-03,1.600011097675542796e-02
6.705000000000000071e+00,3.938274046512659681e-04,3.563691583562840319e-03,1.438655754592904276e-02
6.709999999999999964e+00,3.936733285584449737e-04,1.599930111889594653e-03,1.287904162152521750e-02
6.714999999999999858e+00,3.935202543961550882e-04,3.298797972930261977e-03,1.150575181128678931e-02
6.719999999999999751e+00,3.933681806393576441e-04,3.333623392139631932e-03,1.028405672562412478e-02
6.725000000000000533e+00,3.932171057740118498e-04,3.563423301603723791e-03,9.220769800670859662e-03
6.730000000000000426e+00,3.930670282964863387e-04,3.997525021483572770e-03,8.312804962064447231e-03
6.735000000000000320e+00,3.929179467144464262e-04,4.968534053585020246e-03,7.548185454879231295e-03
6.740000000000000213e+00,3.927698595460840008e-04,2.567780192231130295e-03,6.907357526199641405e-03
6.745000000000000107e+00,3.926227653203602768e-04,1.995523380988158471e-03,6.364751718950685533e-03
6.750000000000000000e+00,3.924766625773388616e-04,4.064540882517390062e-03,5.890527543569869240e-03
6.754999999999999893e+00,3.923315498675372941e-04,3.083230015310653091e-03,5.452432404735575028e-03
6.759999999999999787e+00,3.921874257520388801e-04,2.232140016833328647e-03,5.017702989505006331e-03
6.765000000000000568e+00,3.920442888026124425e-04,4.328727839078594895e-03,4.554936928109786821e-03
6.770000000000000462e+00,3.919021376019401668e-04,3.055303443260792753e-03,4.035864422661925542e-03
6.775000000000000355e+00,3.917609707430171691e-04,3.280936554335893082e-03,3.436953642796408085e-03
6.780000000000000249e+00,3.916207868290593396e-04,4.918456743018346372e-03,2.740789899235638628e-03
6.785000000000000142e+00,3.914815844742131697e-04,3.126439759435053860e-03,1.937176749010563514e-03
6.790000000000000036e+00,3.913433623032382428e-04,3.766729955018833023e-03,1.023917035823326133e-03
6.794999999999999929e+00,3.912061189509405770e-04,4.524530349216232886e-03,7.243136421583547289e-06
6.799999999999999822e+00,3.910698530626134607e-04,2.176254345027331220e-03,-1.098121957705870851e-03
6.804999999999999716e+00,3.909345632943952943e-04,2.336451077039928929e-03,-2.269278018859191993e-03
6.810000000000000497e+00,3.908002483122424708e-04,4.530164525255028427e-03,-3.475827334361042669e-03
6.815000000000000391e+00,3.906669067928282340e-04,1.828167562548145986e-03,-4.680899473057834742e-03
6.820000000000000284e+00,3.905345374226497834e-04,5.105818479396749543e-03,-5.842486994627894836e-03
6.825000000000000178e+00,3.904031388991844676e-04,3.899509336361898192e-03,-6.915046297384776740e-03
6.830000000000000071e+00,3.902727099295149617e-04,2.757814397928231957e-03,-7.851307463254126109e-03
6.834999999999999964e+00,3.901432492313884788e-04,4.667015847505986449e-03,-8.604228397132809500e-03
6.839999999999999858e+00,3.900147555325640257e-04,1.395133899899669329e-03,-9.129022099024998796e-03
6.844999999999999751e+00,3.898872275704992857e-04,2.363061611075084265e-03,-9.385181822307988447e-03
6.850000000000000533e+00,3.897606640942549651e-04,4.777435708554912674e-03,-9.338427358319160640e-03
6.855000000000000426e+00,3.896350638611625525e-04,3.037368063430978711e-03,-8.962496857032327402e-03
6.860000000000000320e+00,3.895104256399356535e-04,3.329331917713209289e-03,-8.240712477144996120e-03
6.865000000000000213e+00,3.893867482089874714e-04,2.859142506710584362e-03,-7.167254683860695141e-03
6.870000000000000107e+00,3.892640303560541016e-04,2.840453651150509108e-03,-5.748089016830945988e-03
6.875000000000000000e+00,3.891422708800406564e-04,3.005664079353021455e-03,-4.001500379229454979e-03
6.879999999999999893e+00,3.890214685891910237e-04,4.159024144538680384e-03,-1.958203001042809008e-03
6.884999999999999787e+00,3.889016223019447116e-04,2.644955670640880118e-03,3.389912172142904123e-04
6.890000000000000568e+00,3.887827308462948384e-04,2.846274361272509504e-03,2.835947766779147242e-03
6.895000000000000462e+00,3.886647930602083151e-04,2.622178424144288016e-03,5.468413872121180054e-03
6.900000000000000355e+00,3.885478077923078624e-04,3.324558001708479739e-03,8.163622245879333106e-03
6.905000000000000249e+00,3.884317739000375412e-04,3.151385959397995547e-03,1.084224942318984947e-02
6.910000000000000142e+00,3.883166902510530247e-04,2.517674112228084592e-03,1.342067022602293040e-02
6.915000000000000036e+00,3.882025557230092574e-04,4.137504385323637762e-03,1.581343819254841382e-02
6.919999999999999929e+00,3.880893692032287437e-04,2.135981756229603581e-03,1.793591247873797465e-02
6.924999999999999822e+00,3.879771295886264666e-04,3.857387643531876974e-03,1.970694519761441096e-02
6.929999999999999716e+00,3.878658357859737825e-04,2.367452119557585978e-03,2.105153970474903796e-02
6.935000000000000497e+00,3.877554867118806949e-04,3.676481644570519462e-03,2.190339013521486189e-02
6.940000000000000391e+00,3.876460812925601484e-04,1.963200965972150373e-03,2.220721558908028692e-02
6.945000000000000284e+00,3.875376184635642425e-04,3.562411068188094630e-03,2.192080864720733629e-02
6.950000000000000178e+00,3.874300971707036350e-04,2.732912886910439723e-03,2.101672713933703390e-02
6.955000000000000071e+00,3.873235163690077381e-04,5.119465620863418095e-03,1.948356992025611356e-02
6.959999999999999964e+00,3.872178750229043702e-04,4.415214759224894529e-03,1.732679136280767737e-02
6.964999999999999858e+00,3.871131721069997317e-04,3.743389491591150343e-03,1.456902479127641405e-02
6.969999999999999751e+00,3.870094066050161572e-04,2.131352674110151800e-03,1.124990153615869348e-02
6.975000000000000533e+00,3.869065775100859346e-04,2.835950077581988853e-03,7.425369047963603815e-03
6.980000000000000426e+00,3.868046838254081692e-04,3.586042486268007853e-03,3.166527920090525614e-03
6.985000000000000320e+00,3.867037245630475413e-04,1.217772196816084909e-03,-1.441976870445299585e-03
6.990000000000000213e+00,3.866036987450258275e-04,2.643913012319405384e-03,-6.303961240181580640e-03
6.995000000000000107e+00,3.865046054024330710e-04,1.737666127971034067e-03,-1.131404254846497988e-02
7.000000000000000000e+00,3.864064435761420716e-04,2.877247769410204697e-03,-1.636024453849737464e-02
7.004999999999999893e+00,3.863092123162232411e-04,3.969266841773055714e-03,-2.132678876827374947e-02
7.009999999999999787e+00,3.862129106819045966e-04,3.589487227942731243e-03,-2.609699038106854524e-02
7.015000000000000568e+00,3.861175377420803054e-04,3.315720024760252307e-03,-3.055617463046135171e-02
7.020000000000000462e+00,3.860230925753651665e-04,2.872740870414716360e-03,-3.459453190603382217e-02
7.025000000000000355e+00,3.859295742687825085e-04,4.202903999144074788e-03,-3.810983294134837746e-02
7.030000000000000249e+00,3.858369819193440894e-04,2.587041992009845789e-03,-4.100993219496089359e-02
7.035000000000000142e+00,3.857453146331428907e-04,2.766154454836871994e-03,-4.321499576295237399e-02
7.040000000000000036e+00,3.856545715257083014e-04,1.835335646967442514e-03,-4.465940024040600254e-02
7.044999999999999929e+00,3.855647517212765045e-04,2.677343909265444619e-03,-4.529326028033042045e-02
7.049999999999999822e+00,3.854758543542287255e-04,2.626762093212313669e-03,-4.508355476008448631e-02
7.054999999999999716e+00,3.853878785671371746e-04,3.970725147562577211e-03,-4.401483399209240449e-02
7.060000000000000497e+00,3.853008235126538354e-04,2.383815370722156164e-03,-4.208950285636799821e-02
7.065000000000000391e+00,3.852146883518889862e-04,2.215100142488300901e-03,-3.932768664776831180e-02
7.070000000000000284e+00,3.851294722556793376e-04,2.713928441420151300e-03,-3.576669743058669138e-02
7.075000000000000178e+00,3.850451744037487506e-04,2.459371726832722607e-03,-3.146012843635884876e-02
7.080000000000000071e+00,3.849617939848733617e-04,3.532012905305547713e-03,-2.647661226823571148e-02
7.084999999999999964e+00,3.848793301970319068e-04,4.294722834238796916e-03,-2.089828520463351061e-02
7.089999999999999858e+00,3.847977822471894231e-04,2.331418307808115833e-03,-1.481900464282858744e-02
7.094999999999999751e+00,3.847171493514752209e-04,4.998685259711049649e-03,-8.342369694420316908e-03
7.100000000000000533e+00,3.846374307355475549e-04,3.935373748364603616e-03,-1.579596233190467105e-03
7.105000000000000426e+00,3.845586256329989257e-04,3.125906560933166146e-03,5.352702530168192314e-03
7.110000000000000320e+00,3.844807332875918669e-04,2.724316552927462994e-03,1.233478038873015749e-02
7.115000000000000213e+00,3.844037529513628926e-04,2.589727898179526415e-03,1.924602038644237026e-02
7.120000000000000107e+00,3.843276838855981710e-04,2.445542197211035031e-03,2.596715127746092311e-02
7.125000000000000000e+00,3.842525253605762973e-04,3.217928365282307548e-03,3.238237833088859069e-02
7.129999999999999893e+00,3.841782766553421833e-04,4.335924157729499281e-03,3.838139273959443459e-02
7.134999999999999787e+00,3.841049370582515438e-04,3.586543284556015666e-03,4.386122814981770895e-02
7.140000000000000568e+00,3.840325058663055218e-04,2.650723420614961492e-03,4.872793711778348330e-02
7.145000000000000462e+00,3.839609823851438579e-04,2.414410534071387889e-03,5.289806457622482638e-02
7.150000000000000355e+00,3.838903659304197130e-04,2.682974721845375436e-03,5.629989966950777608e-02
7.155000000000000249e+00,3.838206558253766387e-04,3.060855212741873943e-03,5.887449164018813269e-02
7.160000000000000142e+00,3.837518514027960220e-04,3.207141902876669420e-03,6.057641988678032219e-02
7.165000000000000036e+00,3.836839520042446480e-04,2.696690509343924961e-03,6.137431292513066683e-02
7.169999999999999929e+00,3.836169569800458611e-04,2.893454077052191181e-03,6.125111580280034190e-02
7.174999999999999822e+00,3.835508656894305937e-04,4.742007157593641602e-03,6.020411052197262303e-02
7.179999999999999716e+00,3.834856775005255486e-04,4.026117200380810966e-03,5.824469914094207446e-02
7.185000000000000497e+00,3.834213917897941843e-04,3.936690228254161733e-03,5.539796430202041655e-02
7.190000000000000391e+00,3.833580079434151158e-04,3.558292413489463814e-03,5.170202676389479973e-02
7.195000000000000284e+00,3.832955253554573474e-04,4.387207350676548302e-03,4.720722384473825112e-02
7.200000000000000178e+00,3.832339434290005253e-04,2.229541360298630155e-03,4.197513622326611016e-02
7.205000000000000071e+00,3.831732615761530435e-04,2.043953897784617744e-03,3.607749302231908622e-02
7.209999999999999964e+00,3.831134792175484318e-04,2.923848750591185718e-03,2.959498626863171430e-02
7.214999999999999858e+00,3.830545957825103715e-04,2.978158101415794012e-03,2.261602551232943722e-02
7.219999999999999751e+00,3.829966107094367740e-04,3.411800808834021450e-03,1.523546152159842813e-02
7.225000000000000533e+00,3.829395234446622900e-04,2.918862465678750268e-03,7.553304585188026776e-03
7.230000000000000426e+00,3.828833334441226143e-04,2.036341421075951990e-03,-3.265417720093992415e-04
7.235000000000000320e+00,3.828280401720688926e-04,3.543189823022690338e-03,-8.297516629776064204e-03
7.240000000000000213e+00,3.827736431009994716e-04,2.348980530797911779e-03,-1.625159844856014987e-02
7.245000000000000107e+00,3.827201417127368364e-04,2.764595920639320754e-03,-2.408046070876440972e-02
7.250000000000000000e+00,3.826675354975451787e-04,2.139273761688226944e-03,-3.167659047978657605e-02
7.254999999999999893e+00,3.826158239539613698e-04,4.037368161780912831e-03,-3.893437916291314638e-02
7.259999999999999787e+00,3.825650065899300657e-04,2.691545994824144552e-03,-4.575119835783339473e-02
7.265000000000000568e+00,3.825150829208783269e-04,3.146246573158283967e-03,-5.202847561515609037e-02
7.270000000000000462e+00,3.824660524720721860e-04,3.683028943716214199e-03,-5.767278447124860041e-02
7.275000000000000355e+00,3.824179147766454054e-04,2.747450714096850034e-03,-6.259696049368222714e-02
7.280000000000000249e+00,3.823706693764721519e-04,2.993736985310386112e-03,-6.672125016185985469e-02
7.285000000000000142e+00,3.823243158220572752e-04,2.143126978910852524e-03,-6.997449252816025089e-02
7.290000000000000036e+00,3.822788536724786284e-04,4.549173153432628687e-03,-7.229532519100889676e-02
7.294999999999999929e+00,3.822342824950622411e-04,4.111262221148232615e-03,-7.363339676629580832e-02
7.299999999999999822e+00,3.821906018663826583e-04,2.929649936666594429e-03,-7.395055848515411090e-02
7.304999999999999716e+00,3.821478113708918589e-04,3.707989219284994319e-03,-7.322199856102566684e-02
7.310000000000000497e+00,3.821059106019344476e-04,3.702776278380350526e-03,-7.143727535094535064e-02
7.315000000000000391e+00,3.820648991613845020e-04,1.809567460900340452e-03,-6.860119982240284187e-02
7.320000000000000284e+00,3.820247766592214868e-04,3.631607141017755003e-03,-6.473451505355219682e-02
7.325000000000000178e+00,3.819855427145176906e-04,2.101514363018050155e-03,-5.987432089597224949e-02
7.330000000000000071e+00,3.819471969546062639e-04,3.137661507535353944e-03,-5.407419576114617932e-02
7.334999999999999964e+00,3.819097390151426929e-04,2.575617737859414291e-03,-4.740397476884894434e-02
7.339999999999999858e+00,3.818731685404818310e-04,1.393178106927727431e-03,-3.994915398110530230e-02
7.344999999999999751e+00,3.818374851833726959e-04,2.795606455433585335e-03,-3.180990367618288100e-02
7.350000000000000533e+00,3.818026886051031563e-04,2.922184145814846288e-03,-2.309968891933805030e-02
7.355000000000000426e+00,3.817687784755133761e-04,2.787858928064523931e-03,-1.394351222533667979e-02
7.360000000000000320e+00,3.817357544724785416e-04,2.987998356798945380e-03,-4.475809943782070588e-03
7.365000000000000213e+00,3.817036162829255718e-04,4.020916042462756648e-03,5.161949856360910013e-03
7.370000000000000107e+00,3.816723636018292559e-04,3.665966115761804759e-03,1.482390572757512001e-02
7.375000000000000000e+00,3.816419961327077335e-04,3.677889609428065462e-03,2.436260315771625329e-02
7.379999999999999893e+00,3.816125135874144365e-04,5.049540469163091121e-03,3.363187387652467886e-02
7.384999999999999787e+00,3.815839156865990373e-04,2.724334635475229860e-03,4.248970622835636368e-02
7.390000000000000568e+00,3.815562021587869611e-04,2.670832470578509473e-03,5.080101783762591694e-02
7.395000000000000462e+00,3.815293727413983198e-04,4.524141886937797265e-03,5.844024511228507884e-02
7.400000000000000355e+00,3.815034271799009865e-04,3.333647624239112137e-03,6.529367144803691070e-02
7.405000000000000249e+00,3.814783652286558944e-04,4.404247123565685484e-03,7.126142691601129731e-02
7.410000000000000142e+00,3.814541866497485377e-04,4.075420957521298099e-03,7.625910614180297920e-02
7.415000000000000036e+00,3.814308912142905564e-04,1.613603055278977488e-03,8.021896726266153355e-02
7.419999999999999929e+00,3.814084787011719820e-04,3.376279861006802573e-03,8.309069241214242507e-02
7.424999999999999822e+00,3.813869488983769713e-04,4.288238750473874657e-03,8.484170820247213807e-02
7.429999999999999716e+00,3.813663016018105909e-04,4.165481905331358016e-03,8.545708221815061234e-02
7.435000000000000497e+00,3.813465366158945327e-04,3.468596276268868465e-03,8.493902770794829749e-02
7.440000000000000391e+00,3.813276537531953944e-04,2.724871800557633009e-03,8.330606267046784807e-02
7.445000000000000284e+00,3.813096528350081978e-04,4.147014506473031131e-03,8.059188070360545630e-02
7.450000000000000178e+00,3.812925336908225813e-04,4.420580243725262537e-03,7.684399883214657057e-02
7.455000000000000071e+00,3.812762961584285643e-04,3.385133749071400199e-03,7.212225173171583903e-02
7.459999999999999964e+00,3.812609400841934521e-04,2.287460255192089089e-03,6.649720222352817345e-02
7.464999999999999858e+00,3.812464653224909494e-04,4.011549901634168039e-03,6.004853472355155958e-02
7.469999999999999751e+00,3.812328717363465858e-04,1.231890487963334044e-03,5.286349178308722557e-02
7.475000000000000533e+00,3.812201591971897045e-04,3.094005133900587165e-03,4.503540442833744994e-02
7.480000000000000426e+00,3.812083275845435434e-04,3.249603519062866253e-03,3.666235531266726078e-02
7.485000000000000320e+00,3.811973767864661254e-04,2.860957999726502447e-03,2.784600046692906408e-02
7.490000000000000213e+00,3.811873066990908825e-04,3.593101205009382321e-03,1.869056147297886231e-02
7.495000000000000107e+00,3.811781172271518970e-04,3.106587724223273429e-03,9.301986015637680322e-03
