frequency_offset_GHz,intrinsic_RB_density_per_GHz,incident_density_per_GHz,recovered_incident_density_per_GHz
-7.500000000000000000e+00,3.811694907413703333e-04,3.811698082839402087e-04,0.000000000000000000e+00
-7.495000000000000107e+00,3.811620622732252530e-04,3.811623797902976207e-04,0.000000000000000000e+00
-7.490000000000000213e+00,3.811555141816083073e-04,3.811558316762572599e-04,0.000000000000000000e+00
-7.485000000000000320e+00,3.811498464045397238e-04,3.811501638800516949e-04,0.000000000000000000e+00
-7.480000000000000426e+00,3.811450588883733416e-04,3.811453763473221187e-04,0.000000000000000000e+00
-7.475000000000000533e+00,3.811411515877959066e-04,3.811414690333655747e-04,0.000000000000000000e+00
-7.469999999999999751e+00,3.811381244658260960e-04,3.811384419010073184e-04,0.000000000000000000e+00
-7.464999999999999858e+00,3.811359774938134336e-04,3.811362949217693159e-04,0.000000000000000000e+00
-7.459999999999999964e+00,3.811347106514379650e-04,3.811350280751584657e-04,0.000000000000000000e+00
-7.455000000000000071e+00,3.811343239267098236e-04,3.811346413490210240e-04,0.000000000000000000e+00
-7.450000000000000178e+00,3.811348173159689596e-04,3.811351347400313634e-04,0.000000000000000000e+00
-7.445000000000000284e+00,3.811361908238847067e-04,3.811365082528496559e-04,0.000000000000000000e+00
-7.440000000000000391e+00,3.811384444634569198e-04,3.811387618999570199e-04,0.000000000000000000e+00
-7.435000000000000497e+00,3.811415782560147831e-04,3.811418957031786621e-04,0.000000000000000000e+00
-7.429999999999999716e+00,3.811455922312184902e-04,3.811459096920716684e-04,0.000000000000000000e+00
-7.424999999999999822e+00,3.811504864270591898e-04,3.811508039046640505e-04,0.000000000000000000e+00
-7.419999999999999929e+00,3.811562608898600162e-04,3.811565783872940673e-04,0.000000000000000000e+00
-7.415000000000000036e+00,3.811629156742767934e-04,3.811632331944221695e-04,0.000000000000000000e+00
-7.410000000000000142e+00,3.811704508432995535e-04,3.811707683891058808e-04,0.000000000000000000e+00
-7.405000000000000249e+00,3.811788664682535664e-04,3.811791840427758557e-04,0.000000000000000000e+00
-7.400000000000000355e+00,3.811881626288008036e-04,3.811884802350298806e-04,0.000000000000000000e+00
-7.395000000000000462e+00,3.811983394129416728e-04,3.811986570539760248e-04,0.000000000000000000e+00
-7.390000000000000568e+00,3.812093969170168612e-04,3.812097145959428323e-04,0.000000000000000000e+00
-7.384999999999999787e+00,3.812213352457091242e-04,3.812216529653136561e-04,0.000000000000000000e+00
-7.379999999999999893e+00,3.812341545120457253e-04,3.812344722754087110e-04,0.000000000000000000e+00
-7.375000000000000000e+00,3.812478548374004955e-04,3.812481726475427934e-04,0.000000000000000000e+00
-7.370000000000000107e+00,3.812624363514964900e-04,3.812627542115423914e-04,0.000000000000000000e+00
-7.365000000000000213e+00,3.812778991924086988e-04,3.812782171051291532e-04,0.000000000000000000e+00
-7.360000000000000320e+00,3.812942435065666482e-04,3.812945614752151296e-04,0.000000000000000000e+00
-7.355000000000000426e+00,3.813114694487578708e-04,3.813117874763319814e-04,0.000000000000000000e+00
-7.350000000000000533e+00,3.813295771821305076e-04,3.813298952714184358e-04,0.000000000000000000e+00
-7.344999999999999751e+00,3.813485668781972106e-04,3.813488850321974802e-04,0.000000000000000000e+00
-7.339999999999999858e+00,3.813684387168382334e-04,3.813687569388090346e-04,0.000000000000000000e+00
-7.334999999999999964e+00,3.813891928863056050e-04,3.813895111790012991e-04,0.000000000000000000e+00
-7.330000000000000071e+00,3.814108295832264366e-04,3.814111479500097309e-04,0.000000000000000000e+00
-7.325000000000000178e+00,3.814333490126077465e-04,3.814336674564777611e-04,0.000000000000000000e+00
-7.320000000000000284e+00,3.814567513878399838e-04,3.814570699117892250e-04,8.980665230379892118e-05
-7.315000000000000391e+00,3.814810369307014733e-04,3.814813555375813387e-04,1.796133046075978424e-04
-7.310000000000000497e+00,3.815062058713635657e-04,3.815065245644262823e-04,2.694199569113967636e-04
-7.304999999999999716e+00,3.815322584483950828e-04,3.815325772303613475e-04,3.592266092152116225e-04
-7.299999999999999822e+00,3.815591949087668170e-04,3.815595137828658176e-04,4.490332615190819926e-04
-7.294999999999999929e+00,3.815870155078572232e-04,3.815873344770795146e-04,9.409263250950304549e-04
-7.290000000000000036e+00,3.816157205094575689e-04,3.816160395768526323e-04,1.432819388670978971e-03
-7.285000000000000142e+00,3.816453101857770840e-04,3.816456293544222104e-04,1.924712452246927488e-03
-7.280000000000000249e+00,3.816757848174488158e-04,3.816761040902892947e-04,2.416605515822875788e-03
-7.275000000000000355e+00,3.817071446935356460e-04,3.817074640736986416e-04,2.908498579398824304e-03
-7.270000000000000462e+00,3.817393901115355491e-04,3.817397096020233257e-04,3.078114388406742383e-03
-7.265000000000000568e+00,3.817725213773886400e-04,3.817728409812217306e-04,3.247730197414660895e-03
-7.259999999999999787e+00,3.818065388054828115e-04,3.818068585258090346e-04,3.417346006422609331e-03
-7.254999999999999893e+00,3.818414427186604568e-04,3.818417625583164646e-04,3.586961815430527410e-03
-7.250000000000000000e+00,3.818772334482254077e-04,3.818775534103660118e-04,3.756577624438445923e-03
-7.245000000000000107e+00,3.819139113339492238e-04,3.819142314217994919e-04,3.361411392489702978e-03
-7.240000000000000213e+00,3.819514767240787269e-04,3.819517969406154988e-04,2.966245160540960032e-03
-7.235000000000000320e+00,3.819899299753431034e-04,3.819902503235046210e-04,2.571078928592217087e-03
-7.230000000000000426e+00,3.820292714529609506e-04,3.820295919361004888e-04,2.175912696643474142e-03
-7.225000000000000533e+00,3.820695015306481922e-04,3.820698221515415795e-04,1.780746464694730764e-03
-7.219999999999999751e+00,3.821106205906258844e-04,3.821109413525264863e-04,1.424597171755734087e-03
-7.214999999999999858e+00,3.821526290236275879e-04,3.821529499293727073e-04,1.068447878816800511e-03
-7.209999999999999964e+00,3.821955272289083135e-04,3.821958482816883778e-04,7.122985858778671520e-04
-7.205000000000000071e+00,3.822393156142517854e-04,3.822396368172089210e-04,3.561492929389335760e-04
-7.200000000000000178e+00,3.822839945959798200e-04,3.822843159522454739e-04,0.000000000000000000e+00
-7.195000000000000284e+00,3.823295645989601321e-04,3.823298861115002477e-04,0.000000000000000000e+00
-7.190000000000000391e+00,3.823760260566160928e-04,3.823763477286651704e-04,0.000000000000000000e+00
-7.185000000000000497e+00,3.824233794109347523e-04,3.824237012452978940e-04,0.000000000000000000e+00
-7.179999999999999716e+00,3.824716251124765979e-04,3.824719471126130591e-04,0.000000000000000000e+00
-7.174999999999999822e+00,3.825207636203847698e-04,3.825210857890899490e-04,0.000000000000000000e+00
-7.169999999999999929e+00,3.825707954023944393e-04,3.825711177429028369e-04,0.000000000000000000e+00
-7.165000000000000036e+00,3.826217209348427295e-04,3.826220434503227095e-04,0.000000000000000000e+00
-7.160000000000000142e+00,3.826735407026785811e-04,3.826738633961421655e-04,0.000000000000000000e+00
-7.155000000000000249e+00,3.827262551994726732e-04,3.827265780740617173e-04,0.000000000000000000e+00
-7.150000000000000355e+00,3.827798649274279401e-04,3.827801879863550975e-04,0.000000000000000000e+00
-7.145000000000000462e+00,3.828343703973893287e-04,3.828346936435286568e-04,0.000000000000000000e+00
-7.140000000000000568e+00,3.828897721288556711e-04,3.828900955656774300e-04,0.000000000000000000e+00
-7.134999999999999787e+00,3.829460706499891709e-04,3.829463942801742673e-04,0.000000000000000000e+00
-7.129999999999999893e+00,3.830032664976272213e-04,3.830035903246554563e-04,0.000000000000000000e+00
-7.125000000000000000e+00,3.830613602172934094e-04,3.830616842442552471e-04,0.000000000000000000e+00
-7.120000000000000107e+00,3.831203523632084672e-04,3.831206765932277107e-04,0.000000000000000000e+00
-7.115000000000000213e+00,3.831802434983024139e-04,3.831805679344383025e-04,0.000000000000000000e+00
-7.110000000000000320e+00,3.832410341942261035e-04,3.832413588397012112e-04,0.000000000000000000e+00
-7.105000000000000426e+00,3.833027250313626624e-04,3.833030498892724949e-04,0.000000000000000000e+00
-7.100000000000000533e+00,3.833653165988402294e-04,3.833656416724611914e-04,0.000000000000000000e+00
-7.094999999999999751e+00,3.834288094945439355e-04,3.834291347868324837e-04,0.000000000000000000e+00
-7.089999999999999858e+00,3.834932043251284271e-04,3.834935298394332825e-04,0.000000000000000000e+00
-7.084999999999999964e+00,3.835585017060303336e-04,3.835588274455507059e-04,0.000000000000000000e+00
-7.080000000000000071e+00,3.836247022614816581e-04,3.836250282292884414e-04,0.000000000000000000e+00
-7.075000000000000178e+00,3.836918066245222450e-04,3.836921328239108718e-04,0.000000000000000000e+00
-7.070000000000000284e+00,3.837598154370132244e-04,3.837601418710154494e-04,0.000000000000000000e+00
-7.065000000000000391e+00,3.838287293496504024e-04,3.838290560215270718e-04,0.000000000000000000e+00
-7.060000000000000497e+00,3.838985490219778670e-04,3.838988759349681434e-04,0.000000000000000000e+00
-7.054999999999999716e+00,3.839692751224020291e-04,3.839696022794954916e-04,0.000000000000000000e+00
-7.049999999999999822e+00,3.840409083282050667e-04,3.840412357328842809e-04,0.000000000000000000e+00
-7.044999999999999929e+00,3.841134493255597237e-04,3.841137769809398195e-04,0.000000000000000000e+00
-7.040000000000000036e+00,3.841868988095431341e-04,3.841872267187581604e-04,0.000000000000000000e+00
-7.035000000000000142e+00,3.842612574841515667e-04,3.842615856505667243e-04,0.000000000000000000e+00
-7.030000000000000249e+00,3.843365260623157124e-04,3.843368544890720436e-04,0.000000000000000000e+00
-7.025000000000000355e+00,3.844127052659146709e-04,3.844130339562822920e-04,0.000000000000000000e+00
-7.020000000000000462e+00,3.844897958257917250e-04,3.844901247830794042e-04,0.000000000000000000e+00
-7.015000000000000568e+00,3.845677984817697371e-04,3.845681277089300280e-04,0.000000000000000000e+00
-7.009999999999999787e+00,3.846467139826662191e-04,3.846470434832062447e-04,0.000000000000000000e+00
-7.004999999999999893e+00,3.847265430863094872e-04,3.847268728634360463e-04,0.000000000000000000e+00
-7.000000000000000000e+00,3.848072865595544910e-04,3.848076166164424530e-04,0.000000000000000000e+00
-6.995000000000000107e+00,3.848889451782985349e-04,3.848892755182980845e-04,0.000000000000000000e+00
-6.990000000000000213e+00,3.849715197274985166e-04,3.849718503539642836e-04,0.000000000000000000e+00
-6.985000000000000320e+00,3.850550110011863227e-04,3.850553419173563855e-04,0.000000000000000000e+00
-6.980000000000000426e+00,3.851394198024863931e-04,3.851397510116030039e-04,0.000000000000000000e+00
-6.975000000000000533e+00,3.852247469436323088e-04,3.852250784488926716e-04,0.000000000000000000e+00
-6.969999999999999751e+00,3.853109932459840314e-04,3.853113250507985039e-04,0.000000000000000000e+00
-6.964999999999999858e+00,3.853981595400447616e-04,3.853984916478317251e-04,0.000000000000000000e+00
-6.959999999999999964e+00,3.854862466654793173e-04,3.854865790792421200e-04,0.000000000000000000e+00
-6.955000000000000071e+00,3.855752554711310465e-04,3.855755881942605850e-04,0.000000000000000000e+00
-6.950000000000000178e+00,3.856651868150401505e-04,3.856655198510150332e-04,0.000000000000000000e+00
-6.945000000000000284e+00,3.857560415644617903e-04,3.857563749164736916e-04,0.000000000000000000e+00
-6.940000000000000391e+00,3.858478205958843551e-04,3.858481542674971560e-04,0.000000000000000000e+00
-6.935000000000000497e+00,3.859405247950480566e-04,3.859408587893412164e-04,0.000000000000000000e+00
-6.929999999999999716e+00,3.860341550569633602e-04,3.860344893774778291e-04,0.000000000000000000e+00
-6.924999999999999822e+00,3.861287122859307177e-04,3.861290469359354737e-04,0.000000000000000000e+00
-6.919999999999999929e+00,3.862241973955586193e-04,3.862245323783350544e-04,0.000000000000000000e+00
-6.915000000000000036e+00,3.863206113087840304e-04,3.863209466279713235e-04,0.000000000000000000e+00
-6.910000000000000142e+00,3.864179549578910405e-04,3.864182906166502914e-04,0.000000000000000000e+00
-6.905000000000000249e+00,3.865162292845314624e-04,3.865165652862432677e-04,0.000000000000000000e+00
-6.900000000000000355e+00,3.866154352397442400e-04,3.866157715878921954e-04,0.000000000000000000e+00
-6.895000000000000462e+00,3.867155737839759392e-04,3.867159104819234568e-04,0.000000000000000000e+00
-6.890000000000000568e+00,3.868166458871008604e-04,3.868169829382130868e-04,0.000000000000000000e+00
-6.884999999999999787e+00,3.869186525284421256e-04,3.869189899362368633e-04,0.000000000000000000e+00
-6.879999999999999893e+00,3.870215946967921704e-04,3.870219324646989134e-04,0.000000000000000000e+00
-6.875000000000000000e+00,3.871254733904338314e-04,3.871258115217256776e-04,0.000000000000000000e+00
-6.870000000000000107e+00,3.872302896171615967e-04,3.872306281153404649e-04,0.000000000000000000e+00
-6.865000000000000213e+00,3.873360443943035065e-04,3.873363832628585763e-04,0.000000000000000000e+00
-6.860000000000000320e+00,3.874427387487420246e-04,3.874430779911844304e-04,0.000000000000000000e+00
-6.855000000000000426e+00,3.875503737169367518e-04,3.875507133365598661e-04,0.000000000000000000e+00
-6.850000000000000533e+00,3.876589503449460561e-04,3.876592903452282706e-04,0.000000000000000000e+00
-6.844999999999999751e+00,3.877684696884497865e-04,3.877688100731098604e-04,0.000000000000000000e+00
-6.839999999999999858e+00,3.878789328127713368e-04,3.878792735850985769e-04,0.000000000000000000e+00
-6.834999999999999964e+00,3.879903407929009558e-04,3.879906819564871612e-04,0.000000000000000000e+00
-6.830000000000000071e+00,3.881026947135186780e-04,3.881030362717237370e-04,0.000000000000000000e+00
-6.825000000000000178e+00,3.882159956690171463e-04,3.882163376254395260e-04,0.000000000000000000e+00
-6.820000000000000284e+00,3.883302447635254644e-04,3.883305871216278897e-04,0.000000000000000000e+00
-6.815000000000000391e+00,3.884454431109326156e-04,3.884457858743470553e-04,0.000000000000000000e+00
-6.810000000000000497e+00,3.885615918349119113e-04,3.885619350071200097e-04,0.000000000000000000e+00
-6.804999999999999716e+00,3.886786920689443018e-04,3.886790356535410563e-04,0.000000000000000000e+00
-6.799999999999999822e+00,3.887967449563432582e-04,3.887970889568085784e-04,0.000000000000000000e+00
-6.794999999999999929e+00,3.889157516502792758e-04,3.889160960701861501e-04,0.000000000000000000e+00
-6.790000000000000036e+00,3.890357133138047023e-04,3.890360581567355513e-04,0.000000000000000000e+00
-6.785000000000000142e+00,3.891566311198785114e-04,3.891569763894138587e-04,0.000000000000000000e+00
-6.780000000000000249e+00,3.892785062513920533e-04,3.892788519511586093e-04,0.000000000000000000e+00
-6.775000000000000355e+00,3.894013399011942073e-04,3.894016860346565943e-04,0.000000000000000000e+00
-6.770000000000000462e+00,3.895251332721169700e-04,3.895254798429876588e-04,0.000000000000000000e+00
-6.765000000000000568e+00,3.896498875770019088e-04,3.896502345888597967e-04,0.000000000000000000e+00
-6.759999999999999787e+00,3.897756040387260210e-04,3.897759514953373010e-04,0.000000000000000000e+00
-6.754999999999999893e+00,3.899022838902282961e-04,3.899026317950157945e-04,0.000000000000000000e+00
-6.750000000000000000e+00,3.900299283745362251e-04,3.900302767311139671e-04,0.000000000000000000e+00
-6.745000000000000107e+00,3.901585387447929049e-04,3.901588875572308229e-04,0.000000000000000000e+00
-6.740000000000000213e+00,3.902881162642840357e-04,3.902884655357449100e-04,0.000000000000000000e+00
-6.735000000000000320e+00,3.904186622064655674e-04,3.904190119410645959e-04,0.000000000000000000e+00
-6.730000000000000426e+00,3.905501778549908595e-04,3.905505280560866294e-04,0.000000000000000000e+00
-6.725000000000000533e+00,3.906826645037389241e-04,3.906830151753979525e-04,0.000000000000000000e+00
-6.719999999999999751e+00,3.908161234568427239e-04,3.908164746026075872e-04,0.000000000000000000e+00
-6.714999999999999858e+00,3.909505560287167107e-04,3.909509076524326403e-04,0.000000000000000000e+00
-6.709999999999999964e+00,3.910859635440864786e-04,3.910863156492670484e-04,0.000000000000000000e+00
-6.705000000000000071e+00,3.912223473380167359e-04,3.912226999283218874e-04,0.000000000000000000e+00
-6.700000000000000178e+00,3.913597087559407962e-04,3.913600618353825110e-04,0.000000000000000000e+00
-6.695000000000000284e+00,3.914980491536899595e-04,3.914984027258022487e-04,0.000000000000000000e+00
-6.690000000000000391e+00,3.916373698975231113e-04,3.916377239660421899e-04,0.000000000000000000e+00
-6.685000000000000497e+00,3.917776723641562672e-04,3.917780269331864909e-04,0.000000000000000000e+00
-6.679999999999999716e+00,3.919189579407929844e-04,3.919193130139478906e-04,0.000000000000000000e+00
-6.674999999999999822e+00,3.920612280251542319e-04,3.920615836063226370e-04,0.000000000000000000e+00
-6.669999999999999929e+00,3.922044840255099946e-04,3.922048401183663140e-04,0.000000000000000000e+00
-6.665000000000000036e+00,3.923487273607087641e-04,3.923490839691210516e-04,0.000000000000000000e+00
-6.660000000000000142e+00,3.924939594602098471e-04,3.924943165880760265e-04,0.000000000000000000e+00
-6.655000000000000249e+00,3.926401817641139952e-04,3.926405394150158908e-04,0.000000000000000000e+00
-6.650000000000000355e+00,3.927873957231952794e-04,3.927877539011243274e-04,0.000000000000000000e+00
-6.645000000000000462e+00,3.929356027989331832e-04,3.929359615080139597e-04,0.000000000000000000e+00
-6.640000000000000568e+00,3.930848044635440442e-04,3.930851637075139567e-04,0.000000000000000000e+00
-6.634999999999999787e+00,3.932350022000143932e-04,3.932353619827251784e-04,0.000000000000000000e+00
-6.629999999999999893e+00,3.933861975021331011e-04,3.933865578274412119e-04,0.000000000000000000e+00
-6.625000000000000000e+00,3.935383918745240673e-04,3.935387527464724393e-04,0.000000000000000000e+00
-6.620000000000000107e+00,3.936915868326802096e-04,3.936919482549857048e-04,3.910592021624604078e-04
-6.615000000000000213e+00,3.938457839029960443e-04,3.938461458797646989e-04,7.821184043250598104e-04
-6.610000000000000320e+00,3.940009846228021101e-04,3.940013471579496287e-04,1.173177606487659213e-03
-6.605000000000000426e+00,3.941571905403987402e-04,3.941575536380339238e-04,1.564236808650119621e-03
-6.600000000000000533e+00,3.943144032150900529e-04,3.943147668790780822e-04,1.955296010812580029e-03
-6.594999999999999751e+00,3.944726242172190249e-04,3.944729884516428426e-04,2.451526671627326116e-03
-6.589999999999999858e+00,3.946318551282020234e-04,3.946322199369394412e-04,2.947757332441719620e-03
-6.584999999999999964e+00,3.947920975405638257e-04,3.947924629277371430e-04,3.443987993256113125e-03
-6.580000000000000071e+00,3.949533530579732356e-04,3.949537190275069390e-04,3.940218654070683571e-03
-6.575000000000000178e+00,3.951156232952786449e-04,3.951159898513491894e-04,4.436449314885252716e-03
-6.570000000000000284e+00,3.952789098785438660e-04,3.952792770250720521e-04,4.268763434129695805e-03
-6.565000000000000391e+00,3.954432144450845620e-04,3.954435821862601805e-04,4.101077553374138027e-03
-6.560000000000000497e+00,3.956085386435046207e-04,3.956089069833334192e-04,3.933391672618521268e-03
-6.554999999999999716e+00,3.957748841337329097e-04,3.957752530763816398e-04,3.765705791862904508e-03
-6.549999999999999822e+00,3.959422525870603558e-04,3.959426221364938363e-04,3.598019911107347164e-03
-6.544999999999999929e+00,3.961106456861774585e-04,3.961110158466035866e-04,3.008120622544744899e-03
-6.540000000000000036e+00,3.962800651252116951e-04,3.962804359008099617e-04,2.418221333982142202e-03
-6.535000000000000142e+00,3.964505126097656843e-04,3.964508840046034196e-04,1.828322045419749839e-03
-6.530000000000000249e+00,3.966219898569554587e-04,3.966223618752495045e-04,1.238422756857357043e-03
-6.525000000000000355e+00,3.967944985954486290e-04,3.967948712414854327e-04,6.485234682947546700e-04
-6.520000000000000462e+00,3.969680405655034148e-04,3.969684138434095041e-04,5.188187746357853045e-04
-6.515000000000000568e+00,3.971426175190080014e-04,3.971429914330245584e-04,3.891140809768620177e-04
-6.509999999999999787e+00,3.973182312195195709e-04,3.973186057738119920e-04,2.594093873178926523e-04
-6.504999999999999893e+00,3.974948834423042555e-04,3.974952586411054827e-04,1.297046936589232868e-04
-6.500000000000000000e+00,3.976725759743768730e-04,3.976729518218779440e-04,0.000000000000000000e+00
-6.495000000000000107e+00,3.978513106145418012e-04,3.978516871149969628e-04,0.000000000000000000e+00
-6.490000000000000213e+00,3.980310891734328772e-04,3.980314663311839253e-04,0.000000000000000000e+00
-6.485000000000000320e+00,3.982119134735549217e-04,3.982122912929827920e-04,0.000000000000000000e+00
-6.480000000000000426e+00,3.983937853493245049e-04,3.983941638346071706e-04,0.000000000000000000e+00
-6.475000000000000533e+00,3.985767066471120686e-04,3.985770858026654309e-04,0.000000000000000000e+00
-6.469999999999999751e+00,3.987606792252831249e-04,3.987610590554086475e-04,0.000000000000000000e+00
-6.464999999999999858e+00,3.989457049542408117e-04,3.989460854633760257e-04,0.000000000000000000e+00
-6.459999999999999964e+00,3.991317857164683393e-04,3.991321669089967282e-04,0.000000000000000000e+00
-6.455000000000000071e+00,3.993189234065718158e-04,3.993193052866420793e-04,0.000000000000000000e+00
-6.450000000000000178e+00,3.995071199313231822e-04,3.995075025034783983e-04,0.000000000000000000e+00
-6.445000000000000284e+00,3.996963772097040135e-04,3.996967604784714854e-04,0.000000000000000000e+00
-6.440000000000000391e+00,3.998866971729484539e-04,3.998870811426011307e-04,0.000000000000000000e+00
-6.435000000000000497e+00,4.000780817645885898e-04,4.000784664395964202e-04,0.000000000000000000e+00
-6.429999999999999716e+00,4.002705329404977102e-04,4.002709183254461105e-04,0.000000000000000000e+00
-6.424999999999999822e+00,4.004640526689353546e-04,4.004644387681482315e-04,0.000000000000000000e+00
-6.419999999999999929e+00,4.006586429305929588e-04,4.006590297488687199e-04,0.000000000000000000e+00
-6.415000000000000036e+00,4.008543057186384688e-04,4.008546932602104359e-04,0.000000000000000000e+00
-6.410000000000000142e+00,4.010510430387623660e-04,4.010514313081684672e-04,0.000000000000000000e+00
-6.405000000000000249e+00,4.012488569092238539e-04,4.012492459109297553e-04,0.000000000000000000e+00
-6.400000000000000355e+00,4.014477493608971533e-04,4.014481390996969801e-04,0.000000000000000000e+00
-6.395000000000000462e+00,4.016477224373179609e-04,4.016481129177423772e-04,0.000000000000000000e+00
-6.390000000000000568e+00,4.018487781947311537e-04,4.018491694213940360e-04,0.000000000000000000e+00
-6.384999999999999787e+00,4.020509187021376811e-04,4.020513106794742835e-04,0.000000000000000000e+00
-6.379999999999999893e+00,4.022541460413424320e-04,4.022545387744629790e-04,0.000000000000000000e+00
-6.375000000000000000e+00,4.024584623070025366e-04,4.024588558000229848e-04,0.000000000000000000e+00
-6.370000000000000107e+00,4.026638696066755043e-04,4.026642638646737689e-04,0.000000000000000000e+00
-6.365000000000000213e+00,4.028703700608682304e-04,4.028707650881518465e-04,0.000000000000000000e+00
-6.360000000000000320e+00,4.030779658030863807e-04,4.030783616049034290e-04,0.000000000000000000e+00
-6.355000000000000426e+00,4.032866589798833439e-04,4.032870555604552740e-04,0.000000000000000000e+00
-6.350000000000000533e+00,4.034964517509104297e-04,4.034968491151832092e-04,0.000000000000000000e+00
-6.344999999999999751e+00,4.037073462889674471e-04,4.037077444414744506e-04,0.000000000000000000e+00
-6.339999999999999858e+00,4.039193447800524151e-04,4.039197437258664619e-04,0.000000000000000000e+00
-6.334999999999999964e+00,4.041324494234134414e-04,4.041328491670262185e-04,0.000000000000000000e+00
-6.330000000000000071e+00,4.043466624315991925e-04,4.043470629781674365e-04,0.000000000000000000e+00
-6.325000000000000178e+00,4.045619860305114230e-04,4.045623873846069434e-04,0.000000000000000000e+00
-6.320000000000000284e+00,4.047784224594563125e-04,4.047788246260381959e-04,0.000000000000000000e+00
-6.315000000000000391e+00,4.049959739711972667e-04,4.049963769551804724e-04,0.000000000000000000e+00
-6.310000000000000497e+00,4.052146428320076090e-04,4.052150466382731611e-04,0.000000000000000000e+00
-6.304999999999999716e+00,4.054344313217239236e-04,4.054348359549957994e-04,0.000000000000000000e+00
-6.299999999999999822e+00,4.056553417337991816e-04,4.056557471992691373e-04,0.000000000000000000e+00
-6.294999999999999929e+00,4.058773763753570590e-04,4.058777826776975724e-04,0.000000000000000000e+00
-6.290000000000000036e+00,4.061005375672461473e-04,4.061009447117616775e-04,0.000000000000000000e+00
-6.285000000000000142e+00,4.063248276440945429e-04,4.063252356355319438e-04,0.000000000000000000e+00
-6.280000000000000249e+00,4.065502489543651953e-04,4.065506577978973040e-04,0.000000000000000000e+00
-6.275000000000000355e+00,4.067768038604111479e-04,4.067772135608042254e-04,0.000000000000000000e+00
-6.270000000000000462e+00,4.070044947385312653e-04,4.070049053010852715e-04,0.000000000000000000e+00
-6.265000000000000568e+00,4.072333239790270460e-04,4.072337354087096324e-04,0.000000000000000000e+00
-6.259999999999999787e+00,4.074632939862585126e-04,4.074637062881951910e-04,0.000000000000000000e+00
-6.254999999999999893e+00,4.076944071787020002e-04,4.076948203579759981e-04,0.000000000000000000e+00
-6.250000000000000000e+00,4.079266659890072935e-04,4.079270800508898393e-04,0.000000000000000000e+00
-6.245000000000000107e+00,4.081600728640553065e-04,4.081604878136481135e-04,0.000000000000000000e+00
-6.240000000000000213e+00,4.083946302650167380e-04,4.083950461073811329e-04,0.000000000000000000e+00
-6.235000000000000320e+00,4.086303406674103469e-04,4.086307574076692936e-04,0.000000000000000000e+00
-6.230000000000000426e+00,4.088672065611625842e-04,4.088676242047847441e-04,0.000000000000000000e+00
-6.225000000000000533e+00,4.091052304506663561e-04,4.091056490027475878e-04,0.000000000000000000e+00
-6.219999999999999751e+00,4.093444148548418477e-04,4.093448343207497652e-04,0.000000000000000000e+00
-6.214999999999999858e+00,4.095847623071958835e-04,4.095851826920673825e-04,0.000000000000000000e+00
-6.209999999999999964e+00,4.098262753558833474e-04,4.098266966650631650e-04,0.000000000000000000e+00
-6.205000000000000071e+00,4.100689565637684396e-04,4.100693788026383386e-04,0.000000000000000000e+00
-6.200000000000000178e+00,4.103128085084858261e-04,4.103132316823351953e-04,0.000000000000000000e+00
-6.195000000000000284e+00,4.105578337825031431e-04,4.105582578967577096e-04,0.000000000000000000e+00
-6.190000000000000391e+00,4.108040349931829584e-04,4.108044600531695159e-04,0.000000000000000000e+00
-6.185000000000000497e+00,4.110514147628460896e-04,4.110518407739409798e-04,0.000000000000000000e+00
-6.179999999999999716e+00,4.112999757288350296e-04,4.113004026967764467e-04,0.000000000000000000e+00
-6.174999999999999822e+00,4.115497205435774265e-04,4.115501484734283778e-04,0.000000000000000000e+00
-6.169999999999999929e+00,4.118006518746504855e-04,4.118010807721433106e-04,0.000000000000000000e+00
-6.165000000000000036e+00,4.120527724048455871e-04,4.120532022754093198e-04,0.000000000000000000e+00
-6.160000000000000142e+00,4.123060848322335019e-04,4.123065156814015308e-04,0.000000000000000000e+00
-6.155000000000000249e+00,4.125605918702300937e-04,4.125610237036443900e-04,0.000000000000000000e+00
-6.150000000000000355e+00,4.128162962476619128e-04,4.128167290707599672e-04,0.000000000000000000e+00
-6.145000000000000462e+00,4.130732007088333091e-04,4.130736345272304215e-04,1.204441595265402261e-04
-6.140000000000000568e+00,4.133313080135929472e-04,4.133317428331446768e-04,2.408883190530376804e-04
-6.134999999999999787e+00,4.135906209374014069e-04,4.135910567634303188e-04,3.613324785795778930e-04
-6.129999999999999893e+00,4.138511422713989454e-04,4.138515791098585565e-04,4.817766381061181326e-04
-6.125000000000000000e+00,4.141128748224741276e-04,4.141133126789390260e-04,6.022207976326155463e-04
-6.120000000000000107e+00,4.143758214133324018e-04,4.143762602936054544e-04,6.935496264141284778e-04
-6.115000000000000213e+00,4.146399848825656513e-04,4.146404247924225656e-04,7.848784551956738270e-04
-6.110000000000000320e+00,4.149053680847216373e-04,4.149058090298212440e-04,8.762072839772192846e-04
-6.105000000000000426e+00,4.151719738903746353e-04,4.151724158765533572e-04,9.675361127587322162e-04
-6.100000000000000533e+00,4.154398051861962326e-04,4.154402482193353787e-04,1.058864941540245148e-03
-6.094999999999999751e+00,4.157088648750260191e-04,4.157093089609590849e-04,9.810189518763968823e-04
-6.089999999999999858e+00,4.159791558759441741e-04,4.159796010205114316e-04,9.031729622126039112e-04
-6.084999999999999964e+00,4.162506811243426447e-04,4.162511273335532842e-04,8.253269725488110485e-04
-6.080000000000000071e+00,4.165234435719993044e-04,4.165238908517163120e-04,7.474809828849904303e-04
-6.075000000000000178e+00,4.167974461871498909e-04,4.167978945434426302e-04,6.696349932211698120e-04
-6.070000000000000284e+00,4.170726919545623816e-04,4.170731413932058556e-04,5.357079945769549316e-04
-6.065000000000000391e+00,4.173491838756109907e-04,4.173496344029022456e-04,4.017809959327399427e-04
-6.060000000000000497e+00,4.176269249683513046e-04,4.176273765901898638e-04,2.678539972884774116e-04
-6.054999999999999716e+00,4.179059182675951456e-04,4.179063709900251652e-04,1.339269986442148805e-04
-6.049999999999999822e+00,4.181861668249867918e-04,4.181866206539205347e-04,0.000000000000000000e+00
-6.044999999999999929e+00,4.184676737090789792e-04,4.184681286509811093e-04,0.000000000000000000e+00
-6.040000000000000036e+00,4.187504420054096095e-04,4.187508980663886844e-04,0.000000000000000000e+00
-6.035000000000000142e+00,4.190344748165797579e-04,4.190349320028115558e-04,0.000000000000000000e+00
-6.030000000000000249e+00,4.193197752623312484e-04,4.193202335797500415e-04,0.000000000000000000e+00
-6.025000000000000355e+00,4.196063464796246614e-04,4.196068059347121898e-04,0.000000000000000000e+00
-6.020000000000000462e+00,4.198941916227191319e-04,4.198946522216921566e-04,0.000000000000000000e+00
-6.015000000000000568e+00,4.201833138632512783e-04,4.201837756123406008e-04,0.000000000000000000e+00
-6.009999999999999787e+00,4.204737163903155971e-04,4.204741792959158417e-04,0.000000000000000000e+00
-6.004999999999999893e+00,4.207654024105448557e-04,4.207658664789930758e-04,0.000000000000000000e+00
-6.000000000000000000e+00,4.210583751481917873e-04,4.210588403859549778e-04,0.000000000000000000e+00
-5.995000000000000107e+00,4.213526378452100811e-04,4.213531042587481353e-04,0.000000000000000000e+00
-5.990000000000000213e+00,4.216481937613373774e-04,4.216486613568375661e-04,0.000000000000000000e+00
-5.985000000000000320e+00,4.219450461741778300e-04,4.219455149583035513e-04,0.000000000000000000e+00
-5.980000000000000426e+00,4.222431983792853728e-04,4.222436683584558626e-04,0.000000000000000000e+00
-5.975000000000000533e+00,4.225426536902483418e-04,4.225431248710090370e-04,0.000000000000000000e+00
-5.969999999999999751e+00,4.228434154387735009e-04,4.228438878279343837e-04,0.000000000000000000e+00
-5.964999999999999858e+00,4.231454869747713681e-04,4.231459605785538075e-04,0.000000000000000000e+00
-5.959999999999999964e+00,4.234488716664422479e-04,4.234493464915378854e-04,0.000000000000000000e+00
-5.955000000000000071e+00,4.237535729003622615e-04,4.237540489536776819e-04,0.000000000000000000e+00
-5.950000000000000178e+00,4.240595940815705179e-04,4.240600713695052786e-04,0.000000000000000000e+00
-5.945000000000000284e+00,4.243669386336566623e-04,4.243674171630922487e-04,0.000000000000000000e+00
-5.940000000000000391e+00,4.246756099988485884e-04,4.246760897766240395e-04,0.000000000000000000e+00
-5.935000000000000497e+00,4.249856116381021563e-04,4.249860926709640285e-04,0.000000000000000000e+00
-5.929999999999999716e+00,4.252969470311895547e-04,4.252974293256518972e-04,0.000000000000000000e+00
-5.924999999999999822e+00,4.256096196767899403e-04,4.256101032399535727e-04,0.000000000000000000e+00
-5.919999999999999929e+00,4.259236330925796976e-04,4.259241179312704857e-04,0.000000000000000000e+00
-5.915000000000000036e+00,4.262389908153239458e-04,4.262394769366509490e-04,0.000000000000000000e+00
-5.910000000000000142e+00,4.265556964009682077e-04,4.265561838115779648e-04,0.000000000000000000e+00
-5.905000000000000249e+00,4.268737534247312175e-04,4.268742421319897981e-04,0.000000000000000000e+00
-5.900000000000000355e+00,4.271931654811972952e-04,4.271936554917872336e-04,0.000000000000000000e+00
-5.895000000000000462e+00,4.275139361844110513e-04,4.275144275055345940e-04,0.000000000000000000e+00
-5.889999999999999680e+00,4.278360691679713329e-04,4.278365618065474787e-04,0.000000000000000000e+00
-5.884999999999999787e+00,4.281595680851260914e-04,4.281600620485543577e-04,0.000000000000000000e+00
-5.879999999999999893e+00,4.284844366088686601e-04,4.284849319040637088e-04,0.000000000000000000e+00
-5.875000000000000000e+00,4.288106784320336513e-04,4.288111750663627987e-04,0.000000000000000000e+00
-5.870000000000000107e+00,4.291382972673944804e-04,4.291387952478353807e-04,6.264858451695706711e-05
-5.865000000000000213e+00,4.294672968477606192e-04,4.294677961818226734e-04,1.252971690339363875e-04
-5.860000000000000320e+00,4.297976809260760410e-04,4.297981816210134833e-04,1.879457535509157214e-04
-5.855000000000000426e+00,4.301294532755187507e-04,4.301299553387078964e-04,2.505943380678727749e-04
-5.850000000000000533e+00,4.304626176896000976e-04,4.304631211281648054e-04,3.132429225848298556e-04
-5.844999999999999751e+00,4.307971779822654976e-04,4.307976828039168844e-04,6.004646391142931614e-04
-5.839999999999999858e+00,4.311331379879951016e-04,4.311336441999903289e-04,8.876863556435524204e-04
-5.834999999999999964e+00,4.314705015619059274e-04,4.314710091718612986e-04,1.174908072172811679e-03
-5.830000000000000071e+00,4.318092725798550213e-04,4.318097815951255471e-04,1.462129788702172962e-03
-5.825000000000000178e+00,4.321494549385416443e-04,4.321499653668258107e-04,1.749351505231534244e-03
-5.820000000000000284e+00,4.324910525556118976e-04,4.324915644044423618e-04,2.023146664571079997e-03
-5.815000000000000391e+00,4.328340693697629144e-04,4.328345826468092141e-04,2.296941823910625749e-03
-5.810000000000000497e+00,4.331785093408490575e-04,4.331790240535760873e-04,2.570736983250269080e-03
-5.804999999999999716e+00,4.335243764499874665e-04,4.335248926063386336e-04,2.844532142589911976e-03
-5.799999999999999822e+00,4.338716746996645803e-04,4.338721923073087720e-04,3.118327301929457729e-03
-5.794999999999999929e+00,4.342204081138445579e-04,4.342209271806532446e-04,3.135493550869744833e-03
-5.790000000000000036e+00,4.345705807380776439e-04,4.345711012716577505e-04,3.152659799810031936e-03
-5.785000000000000142e+00,4.349221966396079383e-04,4.349227186480634426e-04,3.169826048750313402e-03
-5.780000000000000249e+00,4.352752599074851780e-04,4.352757833983808295e-04,3.186992297690594434e-03
-5.775000000000000355e+00,4.356297746526740784e-04,4.356302996341879599e-04,3.204158546630881538e-03
-5.770000000000000462e+00,4.359857450081658435e-04,4.359862714883192621e-04,2.948629346554928771e-03
-5.764999999999999680e+00,4.363431751290907062e-04,4.363437031159644376e-04,2.693100146479067078e-03
-5.759999999999999787e+00,4.367020691928308481e-04,4.367025986944013134e-04,2.437570946403114312e-03
-5.754999999999999893e+00,4.370624313991336982e-04,4.370629624234654100e-04,2.182041746327161545e-03
-5.750000000000000000e+00,4.374242659702269674e-04,4.374247985253993461e-04,1.926512546251300069e-03
-5.745000000000000107e+00,4.377875771509336274e-04,4.377881112452742130e-04,1.626481260920188601e-03
-5.740000000000000213e+00,4.381523692087880835e-04,4.381529048504952876e-04,1.326449975588970664e-03
-5.735000000000000320e+00,4.385186464341531598e-04,4.385191836315386932e-04,1.026418690257752727e-03
-5.730000000000000426e+00,4.388864131403378437e-04,4.388869519017272948e-04,7.263874049266412589e-04
-5.725000000000000533e+00,4.392556736637157348e-04,4.392562139974376194e-04,4.263561195955297366e-04
-5.719999999999999751e+00,4.396264323638445783e-04,4.396269742782513189e-04,3.410848956763874577e-04
-5.714999999999999858e+00,4.399986936235861777e-04,4.399992371272559819e-04,2.558136717573057314e-04
-5.709999999999999964e+00,4.403724618492279338e-04,4.403730069505001595e-04,1.705424478382240052e-04
-5.705000000000000071e+00,4.407477414706041673e-04,4.407482881782205197e-04,8.527122391911202970e-05
-5.700000000000000178e+00,4.411245369412191753e-04,4.411250852635999480e-04,0.000000000000000000e+00
-5.695000000000000284e+00,4.415028527383712100e-04,4.415034026840786185e-04,0.000000000000000000e+00
-5.690000000000000391e+00,4.418826933632758066e-04,4.418832449410831065e-04,0.000000000000000000e+00
-5.685000000000000497e+00,4.422640633411923099e-04,4.422646165598747084e-04,0.000000000000000000e+00
-5.679999999999999716e+00,4.426469672215495874e-04,4.426475220897294191e-04,0.000000000000000000e+00
-5.674999999999999822e+00,4.430314095780729352e-04,4.430319661045701847e-04,0.000000000000000000e+00
-5.669999999999999929e+00,4.434173950089121221e-04,4.434179532027520136e-04,0.000000000000000000e+00
-5.665000000000000036e+00,4.438049281367708438e-04,4.438054880066902037e-04,0.000000000000000000e+00
-5.660000000000000142e+00,4.441940136090355797e-04,4.441945751640332860e-04,0.000000000000000000e+00
-5.655000000000000249e+00,4.445846560979071073e-04,4.445852193470804835e-04,0.000000000000000000e+00
-5.650000000000000355e+00,4.449768603005314189e-04,4.449774252528476844e-04,0.000000000000000000e+00
-5.645000000000000462e+00,4.453706309391326995e-04,4.453711976037281008e-04,0.000000000000000000e+00
-5.639999999999999680e+00,4.457659727611466296e-04,4.457665411470054079e-04,0.000000000000000000e+00
-5.634999999999999787e+00,4.461628905393546086e-04,4.461634606557828508e-04,0.000000000000000000e+00
-5.629999999999999893e+00,4.465613890720194980e-04,4.465619609282427886e-04,0.000000000000000000e+00
-5.625000000000000000e+00,4.469614731830215794e-04,4.469620467882560164e-04,0.000000000000000000e+00
-5.620000000000000107e+00,4.473631477219958694e-04,4.473637230856147601e-04,0.000000000000000000e+00
-5.615000000000000213e+00,4.477664175644703007e-04,4.477669946959095108e-04,0.000000000000000000e+00
-5.610000000000000320e+00,4.481712876120049339e-04,4.481718665207074848e-04,0.000000000000000000e+00
-5.605000000000000426e+00,4.485777627923324701e-04,4.485783434877938045e-04,0.000000000000000000e+00
-5.600000000000000533e+00,4.489858480594983840e-04,4.489864305511603849e-04,0.000000000000000000e+00
-5.594999999999999751e+00,4.493955483940045262e-04,4.493961326914232431e-04,0.000000000000000000e+00
-5.589999999999999858e+00,4.498068688029508290e-04,4.498074549159942364e-04,0.000000000000000000e+00
-5.584999999999999964e+00,4.502198143201806974e-04,4.502204022584096153e-04,0.000000000000000000e+00
-5.580000000000000071e+00,4.506343900064251539e-04,4.506349797796725914e-04,0.000000000000000000e+00
-5.575000000000000178e+00,4.510506009494498025e-04,4.510511925673884150e-04,0.000000000000000000e+00
-5.570000000000000284e+00,4.514684522642018459e-04,4.514690457369346628e-04,0.000000000000000000e+00
-5.565000000000000391e+00,4.518879490929580251e-04,4.518885444301786814e-04,0.000000000000000000e+00
-5.560000000000000497e+00,4.523090966054744565e-04,4.523096938170645875e-04,0.000000000000000000e+00
-5.554999999999999716e+00,4.527318999991368476e-04,4.527324990951889661e-04,0.000000000000000000e+00
-5.549999999999999822e+00,4.531563644991117436e-04,4.531569654898059659e-04,0.000000000000000000e+00
-5.544999999999999929e+00,4.535824953584994537e-04,4.535830982539887910e-04,0.000000000000000000e+00
-5.540000000000000036e+00,4.540102978584870867e-04,4.540109026688764660e-04,0.000000000000000000e+00
-5.535000000000000142e+00,4.544397773085038627e-04,4.544403840437791654e-04,0.000000000000000000e+00
-5.530000000000000249e+00,4.548709390463767503e-04,4.548715477172746136e-04,0.000000000000000000e+00
-5.525000000000000355e+00,4.553037884384874049e-04,4.553043990552572799e-04,0.000000000000000000e+00
-5.520000000000000462e+00,4.557383308799296492e-04,4.557389434529155836e-04,0.000000000000000000e+00
-5.514999999999999680e+00,4.561745717946696639e-04,4.561751863343690115e-04,0.000000000000000000e+00
-5.509999999999999787e+00,4.566125166357050944e-04,4.566131331525699437e-04,0.000000000000000000e+00
-5.504999999999999893e+00,4.570521708852278982e-04,4.570527893899432783e-04,0.000000000000000000e+00
-5.500000000000000000e+00,4.574935400547856736e-04,4.574941605579411498e-04,0.000000000000000000e+00
-5.495000000000000107e+00,4.579366296854459712e-04,4.579372521977185498e-04,0.000000000000000000e+00
-5.490000000000000213e+00,4.583814453479609298e-04,4.583820698801375007e-04,0.000000000000000000e+00
-5.485000000000000320e+00,4.588279926429343516e-04,4.588286192058960763e-04,0.000000000000000000e+00
-5.480000000000000426e+00,4.592762772009875856e-04,4.592769058055107289e-04,0.000000000000000000e+00
-5.475000000000000533e+00,4.597263046829288256e-04,4.597269353400391815e-04,0.000000000000000000e+00
-5.469999999999999751e+00,4.601780807799231670e-04,4.601787135005698222e-04,0.000000000000000000e+00
-5.464999999999999858e+00,4.606316112136621768e-04,4.606322460090734542e-04,0.000000000000000000e+00
-5.459999999999999964e+00,4.610869017365376902e-04,4.610875386177767346e-04,0.000000000000000000e+00
-5.455000000000000071e+00,4.615439581318143080e-04,4.615445971099695261e-04,0.000000000000000000e+00
-5.450000000000000178e+00,4.620027862138038443e-04,4.620034273002034684e-04,0.000000000000000000e+00
-5.445000000000000284e+00,4.624633918280419975e-04,4.624640350340045560e-04,0.000000000000000000e+00
-5.440000000000000391e+00,4.629257808514645870e-04,4.629264261884298223e-04,0.000000000000000000e+00
-5.435000000000000497e+00,4.633899591925867722e-04,4.633906066720371443e-04,0.000000000000000000e+00
-5.429999999999999716e+00,4.638559327916824877e-04,4.638565824250198461e-04,0.000000000000000000e+00
-5.424999999999999822e+00,4.643237076209651257e-04,4.643243594198040946e-04,0.000000000000000000e+00
-5.419999999999999929e+00,4.647932896847706036e-04,4.647939436607596343e-04,0.000000000000000000e+00
-5.415000000000000036e+00,4.652646850197402146e-04,4.652653411847584766e-04,0.000000000000000000e+00
-5.410000000000000142e+00,4.657378996950065140e-04,4.657385580607620356e-04,0.000000000000000000e+00
-5.405000000000000249e+00,4.662129398123786642e-04,4.662136003906451219e-04,0.000000000000000000e+00
-5.400000000000000355e+00,4.666898115065305969e-04,4.666904743092033150e-04,0.000000000000000000e+00
-5.395000000000000462e+00,4.671685209451903703e-04,4.671691859843119074e-04,6.640578984393642888e-05
-5.389999999999999680e+00,4.676490743293300659e-04,4.676497416169785970e-04,1.328115796878492493e-04
-5.384999999999999787e+00,4.681314778933572595e-04,4.681321474415834748e-04,1.992173695317856646e-04
-5.379999999999999893e+00,4.686157379053095266e-04,4.686164097263996052e-04,2.656231593757220799e-04
-5.375000000000000000e+00,4.691018606670475390e-04,4.691025347731682892e-04,3.320289492196349139e-04
-5.370000000000000107e+00,4.695898525144521726e-04,4.695905289181174017e-04,4.176464559355578957e-04
-5.365000000000000213e+00,4.700797198176211275e-04,4.700803985311254713e-04,5.032639626515113436e-04
-5.360000000000000320e+00,4.705714689810683673e-04,4.705721500169487807e-04,5.888814693674647915e-04
-5.355000000000000426e+00,4.710651064439241539e-04,4.710657898147850835e-04,6.744989760833877733e-04
-5.350000000000000533e+00,4.715606386801373057e-04,4.715613243984442034e-04,7.601164827993107552e-04
-5.344999999999999751e+00,4.720580721986777808e-04,4.720587602771742506e-04,7.711632899728504756e-04
-5.339999999999999858e+00,4.725574135437418622e-04,4.725581039953370113e-04,7.822100971463823898e-04
-5.334999999999999964e+00,4.730586692949579936e-04,4.730593621324447572e-04,7.932569043199143039e-04
-5.330000000000000071e+00,4.735618460675957591e-04,4.735625413038242640e-04,8.043037114934501212e-04
-5.325000000000000178e+00,4.740669505127735627e-04,4.740676481607601980e-04,8.153505186669859385e-04
-5.320000000000000284e+00,4.745739893176704268e-04,4.745746893906072224e-04,7.419599146556030362e-04
-5.315000000000000391e+00,4.750829692057383330e-04,4.750836717168523387e-04,6.685693106442201338e-04
-5.310000000000000497e+00,4.755938969369157563e-04,4.755946018991191152e-04,5.951787066328113190e-04
-5.304999999999999716e+00,4.761067793078437461e-04,4.761074867347134341e-04,5.217881026214022874e-04
-5.299999999999999822e+00,4.766216231520823874e-04,4.766223330569835815e-04,4.483974986100194393e-04
-5.294999999999999929e+00,4.771384353403301348e-04,4.771391477367997497e-04,3.684430498204590470e-04
-5.290000000000000036e+00,4.776572227806439599e-04,4.776579376819617374e-04,2.884886010308987088e-04
-5.285000000000000142e+00,4.781779924186610161e-04,4.781787098388037859e-04,2.085341522413666955e-04
-5.280000000000000249e+00,4.787007512378226894e-04,4.787014711902422021e-04,1.285797034518347363e-04
-5.275000000000000355e+00,4.792255062595992990e-04,4.792262287582235410e-04,4.862525466227435078e-05
-5.270000000000000462e+00,4.797522645437177799e-04,4.797529896022340447e-04,3.890020372981810098e-05
-5.264999999999999680e+00,4.802810331883898532e-04,4.802817608209578211e-04,2.917515279736530029e-05
-5.259999999999999787e+00,4.808118193305420938e-04,4.808125495512228370e-04,1.945010186490904710e-05
-5.254999999999999893e+00,4.813446301460480039e-04,4.813453629689402706e-04,9.725050932452793909e-06
-5.250000000000000000e+00,4.818794728499628511e-04,4.818802082891710816e-04,0.000000000000000000e+00
-5.245000000000000107e+00,4.824163546967574767e-04,4.824170927666418204e-04,0.000000000000000000e+00
-5.240000000000000213e+00,4.829552829805568745e-04,4.829560236956567535e-04,0.000000000000000000e+00
-5.235000000000000320e+00,4.834962650353784980e-04,4.834970084101359190e-04,0.000000000000000000e+00
-5.230000000000000426e+00,4.840393082353730623e-04,4.840400542841019876e-04,0.000000000000000000e+00
-5.225000000000000533e+00,4.845844199950676760e-04,4.845851687326576708e-04,0.000000000000000000e+00
-5.219999999999999751e+00,4.851316077696098410e-04,4.851323592106950868e-04,0.000000000000000000e+00
-5.214999999999999858e+00,4.856808790550132954e-04,4.856816332144653055e-04,0.000000000000000000e+00
-5.209999999999999964e+00,4.862322413884075426e-04,4.862329982811445595e-04,0.000000000000000000e+00
-5.205000000000000071e+00,4.867857023482855916e-04,4.867864619892793630e-04,0.000000000000000000e+00
-5.200000000000000178e+00,4.873412695547582022e-04,4.873420319591461420e-04,0.000000000000000000e+00
-5.195000000000000284e+00,4.878989506698056910e-04,4.878997158529508357e-04,0.000000000000000000e+00
-5.190000000000000391e+00,4.884587533975344540e-04,4.884595213742558414e-04,0.000000000000000000e+00
-5.185000000000000497e+00,4.890206854844344640e-04,4.890214562705736973e-04,0.000000000000000000e+00
-5.179999999999999716e+00,4.895847547196390459e-04,4.895855283305243586e-04,0.000000000000000000e+00
-5.174999999999999822e+00,4.901509689351848682e-04,4.901517453862688518e-04,0.000000000000000000e+00
-5.169999999999999929e+00,4.907193360062775183e-04,4.907201153134285558e-04,4.564076673681848940e-05
-5.165000000000000036e+00,4.912898638515552892e-04,4.912906460303181292e-04,9.128153347363697880e-05
-5.160000000000000142e+00,4.918625604333576274e-04,4.918633454999548618e-04,1.369223002104392594e-04
-5.155000000000000249e+00,4.924374337579934735e-04,4.924382217276566248e-04,1.825630669472415128e-04
-5.150000000000000355e+00,4.930144918760140469e-04,4.930152827653458284e-04,2.282038336840600022e-04
-5.145000000000000462e+00,4.935937428824853064e-04,4.935945367075085998e-04,4.359274621279864473e-04
-5.139999999999999680e+00,4.941751949172645299e-04,4.941759916941958555e-04,6.436510905718391667e-04
-5.134999999999999787e+00,4.947588561652771109e-04,4.947596559108617545e-04,8.513747190157655576e-04
-5.129999999999999893e+00,4.953447348567968254e-04,4.953455375869464297e-04,1.059098347459691948e-03
-5.125000000000000000e+00,4.959328392677284829e-04,4.959336449991706610e-04,1.266821975903544830e-03
-5.120000000000000107e+00,4.965231777198906866e-04,4.965239864693901314e-04,1.528781829669927919e-03
-5.115000000000000213e+00,4.971157585813031467e-04,4.971165703657736291e-04,1.790741683436404032e-03
-5.110000000000000320e+00,4.977105902664747533e-04,4.977114051025252747e-04,2.052701537202880362e-03
-5.105000000000000426e+00,4.983076812366947928e-04,4.983084991413554588e-04,2.314661390969263450e-03
-5.100000000000000533e+00,4.989070400003248152e-04,4.989078609906049148e-04,2.576621244735646538e-03
-5.094999999999999751e+00,4.995086751130952719e-04,4.995094992063026833e-04,2.713671251377536807e-03
-5.089999999999999858e+00,5.001125951784011776e-04,5.001134223919158784e-04,2.850721258019329497e-03
-5.084999999999999964e+00,5.007188088476030845e-04,5.007196391987204847e-04,2.987771264661122188e-03
-5.080000000000000071e+00,5.013273248203292502e-04,5.013281583265440360e-04,3.124821271302963450e-03
-5.075000000000000178e+00,5.019381518447789967e-04,5.019389885238662290e-04,3.261871277944804713e-03
-5.070000000000000284e+00,5.025512987180298652e-04,5.025521385874808693e-04,3.168469955201354358e-03
-5.065000000000000391e+00,5.031667742863471559e-04,5.031676173642008875e-04,3.075068632457904003e-03
-5.060000000000000497e+00,5.037845874454942264e-04,5.037854337496979178e-04,2.981667309714420254e-03
-5.054999999999999716e+00,5.044047471410478866e-04,5.044055966896828858e-04,2.888265986970936939e-03
-5.049999999999999822e+00,5.050272623687128166e-04,5.050281151798828062e-04,2.794864664227486584e-03
-5.044999999999999929e+00,5.056521421746420575e-04,5.056529982666753669e-04,2.526147319752948799e-03
-5.040000000000000036e+00,5.062793956557571761e-04,5.062802550472966616e-04,2.257429975278411015e-03
-5.035000000000000142e+00,5.069090319600721159e-04,5.069098946694619362e-04,1.988712630803968207e-03
-5.030000000000000249e+00,5.075410602870196507e-04,5.075419263328334899e-04,1.719995286329526049e-03
-5.025000000000000355e+00,5.081754898877796807e-04,5.081763592889394689e-04,1.451277941854988264e-03
-5.020000000000000462e+00,5.088123300656111070e-04,5.088132028410383405e-04,1.204911557780899293e-03
-5.014999999999999680e+00,5.094515901761852237e-04,5.094524663449440799e-04,9.585451737068977074e-04
-5.009999999999999787e+00,5.100932796279224711e-04,5.100941592090110993e-04,7.121787896328086271e-04
-5.004999999999999893e+00,5.107374078823313573e-04,5.107382908951354009e-04,4.658124055587195469e-04
-5.000000000000000000e+00,5.113839844543505240e-04,5.113848709182001150e-04,2.194460214847181786e-04
-4.995000000000000107e+00,5.120330189126927637e-04,5.120339088472403676e-04,1.755568171877807662e-04
-4.990000000000000213e+00,5.126845208801928322e-04,5.126854143048613886e-04,1.316676128908277955e-04
-4.985000000000000320e+00,5.133385000341563441e-04,5.133393969688977753e-04,8.777840859387479769e-05
-4.980000000000000426e+00,5.139949661067128982e-04,5.139958665712889571e-04,4.388920429693738529e-05
-4.975000000000000533e+00,5.146539288851721293e-04,5.146548328996697211e-04,0.000000000000000000e+00
-4.969999999999999751e+00,5.153153982123808438e-04,5.153163057969611417e-04,0.000000000000000000e+00
-4.964999999999999858e+00,5.159793839870837348e-04,5.159802951620228373e-04,0.000000000000000000e+00
-4.959999999999999964e+00,5.166458961642890826e-04,5.166468109502252116e-04,0.000000000000000000e+00
-4.955000000000000071e+00,5.173149447556334808e-04,5.173158631728548779e-04,0.000000000000000000e+00
-4.950000000000000178e+00,5.179865398297526331e-04,5.179874618989983512e-04,0.000000000000000000e+00
-4.945000000000000284e+00,5.186606915126535603e-04,5.186616172549260049e-04,0.000000000000000000e+00
-4.940000000000000391e+00,5.193374099880896256e-04,5.193383394240458839e-04,0.000000000000000000e+00
-4.935000000000000497e+00,5.200167054979398969e-04,5.200176386488302230e-04,0.000000000000000000e+00
-4.929999999999999716e+00,5.206985883425902439e-04,5.206995252297199695e-04,0.000000000000000000e+00
-4.924999999999999822e+00,5.213830688813171459e-04,5.213840095260069982e-04,0.000000000000000000e+00
-4.919999999999999929e+00,5.220701575326765946e-04,5.220711019564652257e-04,0.000000000000000000e+00
-4.915000000000000036e+00,5.227598647748938655e-04,5.227608129996104934e-04,0.000000000000000000e+00
-4.910000000000000142e+00,5.234522011462571910e-04,5.234531531934362393e-04,0.000000000000000000e+00
-4.905000000000000249e+00,5.241471772455155546e-04,5.241481331373329692e-04,0.000000000000000000e+00
-4.900000000000000355e+00,5.248448037322772436e-04,5.248457634906496293e-04,0.000000000000000000e+00
-4.895000000000000462e+00,5.255450913274153403e-04,5.255460549746706483e-04,0.000000000000000000e+00
-4.889999999999999680e+00,5.262480508134720217e-04,5.262490183719698619e-04,0.000000000000000000e+00
-4.884999999999999787e+00,5.269536930350694716e-04,5.269546645274436484e-04,0.000000000000000000e+00
-4.879999999999999893e+00,5.276620288993230700e-04,5.276630043480262178e-04,0.000000000000000000e+00
-4.875000000000000000e+00,5.283730693762576187e-04,5.283740488043570062e-04,0.000000000000000000e+00
-4.870000000000000107e+00,5.290868254992263852e-04,5.290878089295253861e-04,0.000000000000000000e+00
-4.865000000000000213e+00,5.298033083653353511e-04,5.298042958211808496e-04,0.000000000000000000e+00
-4.860000000000000320e+00,5.305225291358691949e-04,5.305235206404243032e-04,0.000000000000000000e+00
-4.855000000000000426e+00,5.312444990367208532e-04,5.312454946134981216e-04,0.000000000000000000e+00
-4.850000000000000533e+00,5.319692293588259603e-04,5.319702290314619721e-04,0.000000000000000000e+00
-4.844999999999999751e+00,5.326967314585990231e-04,5.326977352507857640e-04,0.000000000000000000e+00
-4.839999999999999858e+00,5.334270167583743654e-04,5.334280246940601268e-04,0.000000000000000000e+00
-4.834999999999999964e+00,5.341600967468493506e-04,5.341611088501382236e-04,0.000000000000000000e+00
-4.830000000000000071e+00,5.348959829795336745e-04,5.348969992747863809e-04,0.000000000000000000e+00
-4.825000000000000178e+00,5.356346870791993094e-04,5.356357075906130732e-04,0.000000000000000000e+00
-4.820000000000000284e+00,5.363762207363359773e-04,5.363772454886975034e-04,0.000000000000000000e+00
-4.815000000000000391e+00,5.371205957096098762e-04,5.371216247277037009e-04,0.000000000000000000e+00
-4.810000000000000497e+00,5.378678238263260919e-04,5.378688571350055984e-04,0.000000000000000000e+00
-4.804999999999999716e+00,5.386179169828948050e-04,5.386189546070748509e-04,0.000000000000000000e+00
-4.799999999999999822e+00,5.393708871453015098e-04,5.393719291103805068e-04,0.000000000000000000e+00
-4.794999999999999929e+00,5.401267463495805932e-04,5.401277926810075852e-04,0.000000000000000000e+00
-4.790000000000000036e+00,5.408855067022934685e-04,5.408865574258227022e-04,0.000000000000000000e+00
-4.785000000000000142e+00,5.416471803810099604e-04,5.416482355224101026e-04,0.000000000000000000e+00
-4.780000000000000249e+00,5.424117796347942451e-04,5.424128392199473701e-04,0.000000000000000000e+00
-4.775000000000000355e+00,5.431793167846940421e-04,5.431803808396795490e-04,0.000000000000000000e+00
-4.770000000000000462e+00,5.439498042242351186e-04,5.439508727754174431e-04,0.000000000000000000e+00
-4.764999999999999680e+00,5.447232544199181797e-04,5.447243274937811283e-04,0.000000000000000000e+00
-4.759999999999999787e+00,5.454996799117212873e-04,5.455007575350201508e-04,0.000000000000000000e+00
-4.754999999999999893e+00,5.462790933136054241e-04,5.462801755129867475e-04,0.000000000000000000e+00
-4.750000000000000000e+00,5.470615073140254773e-04,5.470625941167452360e-04,0.000000000000000000e+00
-4.745000000000000107e+00,5.478469346764437177e-04,5.478480261097116999e-04,0.000000000000000000e+00
-4.740000000000000213e+00,5.486353882398490233e-04,5.486364843310544527e-04,0.000000000000000000e+00
-4.735000000000000320e+00,5.494268809192803327e-04,5.494279816960756773e-04,0.000000000000000000e+00
-4.730000000000000426e+00,5.502214257063526995e-04,5.502225311964258807e-04,0.000000000000000000e+00
-4.725000000000000533e+00,5.510190356697908286e-04,5.510201459014131770e-04,0.000000000000000000e+00
-4.719999999999999751e+00,5.518197239559633708e-04,5.518208389570916899e-04,0.000000000000000000e+00
-4.714999999999999858e+00,5.526235037894245902e-04,5.526246235885058514e-04,0.000000000000000000e+00
-4.709999999999999964e+00,5.534303884734601518e-04,5.534315130991655394e-04,0.000000000000000000e+00
-4.705000000000000071e+00,5.542403913906356191e-04,5.542415208717147053e-04,0.000000000000000000e+00
-4.700000000000000178e+00,5.550535260033514573e-04,5.550546603686984468e-04,0.000000000000000000e+00
-4.695000000000000284e+00,5.558698058544018312e-04,5.558709451334496688e-04,0.000000000000000000e+00
-4.690000000000000391e+00,5.566892445675383902e-04,5.566903887895501262e-04,0.000000000000000000e+00
-4.685000000000000497e+00,5.575118558480391491e-04,5.575130050426593646e-04,0.000000000000000000e+00
-4.679999999999999716e+00,5.583376534832809471e-04,5.583388076802387910e-04,0.000000000000000000e+00
-4.674999999999999822e+00,5.591666513433171106e-04,5.591678105726599450e-04,0.000000000000000000e+00
-4.669999999999999929e+00,5.599988633814622719e-04,5.600000276735158820e-04,0.000000000000000000e+00
-4.665000000000000036e+00,5.608343036348781632e-04,5.608354730200621179e-04,0.000000000000000000e+00
-4.660000000000000142e+00,5.616729862251678687e-04,5.616741607341354907e-04,0.000000000000000000e+00
-4.655000000000000249e+00,5.625149253589727854e-04,5.625161050226845519e-04,0.000000000000000000e+00
-4.650000000000000355e+00,5.633601353285758737e-04,5.633613201779899852e-04,0.000000000000000000e+00
-4.645000000000000462e+00,5.642086305125101117e-04,5.642098205790513007e-04,0.000000000000000000e+00
-4.639999999999999680e+00,5.650604253761707437e-04,5.650616206913901610e-04,0.000000000000000000e+00
-4.634999999999999787e+00,5.659155344724343603e-04,5.659167350681654825e-04,0.000000000000000000e+00
-4.629999999999999893e+00,5.667739724422828562e-04,5.667751783503972157e-04,0.000000000000000000e+00
-4.625000000000000000e+00,5.676357540154318339e-04,5.676369652682511239e-04,0.000000000000000000e+00
-4.620000000000000107e+00,5.685008940109654045e-04,5.685021106408290987e-04,5.827710631453303489e-05
-4.615000000000000213e+00,5.693694073379758662e-04,5.693706293777526378e-04,1.165542126290867780e-04
-4.610000000000000320e+00,5.702413089962091305e-04,5.702425364787915051e-04,1.748313189436405347e-04
-4.605000000000000426e+00,5.711166140767154602e-04,5.711178470353275123e-04,2.331084252581735561e-04
-4.600000000000000533e+00,5.719953377625057369e-04,5.719965762303398822e-04,2.913855315727066045e-04
-4.594999999999999751e+00,5.728774953292142336e-04,5.728787393401098315e-04,5.403461284610229943e-04
-4.589999999999999858e+00,5.737631021457653994e-04,5.737643517334259586e-04,7.893067253491624965e-04
-4.584999999999999964e+00,5.746521736750483415e-04,5.746534288737863670e-04,1.038267322237301999e-03
-4.580000000000000071e+00,5.755447254745957525e-04,5.755459863185169922e-04,1.287227919125529972e-03
-4.575000000000000178e+00,5.764407731972685843e-04,5.764420397213074415e-04,1.536188516013757945e-03
-4.570000000000000284e+00,5.773403325919490700e-04,5.773416048309317448e-04,1.750654539981749995e-03
-4.565000000000000391e+00,5.782434195042355889e-04,5.782446974931896178e-04,1.965120563949742261e-03
-4.560000000000000497e+00,5.791500498771470730e-04,5.791513336517262276e-04,2.179586587917810639e-03
-4.554999999999999716e+00,5.800602397518325086e-04,5.800615293475278218e-04,2.394052611885879017e-03
-4.549999999999999822e+00,5.809740052682854259e-04,5.809753007207869900e-04,2.608518635853871066e-03
-4.544999999999999929e+00,5.818913626660671698e-04,5.818926640118612069e-04,2.591294349236386834e-03
-4.540000000000000036e+00,5.828123282850334241e-04,5.828136355603532118e-04,2.574070062618903035e-03
-4.535000000000000142e+00,5.837369185660693004e-04,5.837382318077575464e-04,2.556845776001424875e-03
-4.530000000000000249e+00,5.846651500518300652e-04,5.846664692968284649e-04,2.539621489383947148e-03
-4.525000000000000355e+00,5.855970393874885887e-04,5.855983646729728083e-04,2.522397202766462915e-03
-4.520000000000000462e+00,5.865326033214886487e-04,5.865339346851279915e-04,2.289999026223631801e-03
-4.514999999999999680e+00,5.874718587063058233e-04,5.874731961857548477e-04,2.057600849680883085e-03
-4.509999999999999787e+00,5.884148224992148896e-04,5.884161661323307913e-04,1.825202673138051537e-03
-4.504999999999999893e+00,5.893615117630626428e-04,5.893628615884367308e-04,1.592804496595220422e-03
-4.500000000000000000e+00,5.903119436670500398e-04,5.903132997233215447e-04,1.360406320052471706e-03
-4.495000000000000107e+00,5.912661354875192211e-04,5.912674978137386116e-04,1.124768601445066442e-03
-4.490000000000000213e+00,5.922241046087472561e-04,5.922254732441843347e-04,8.891308828375772601e-04
-4.485000000000000320e+00,5.931858685237488852e-04,5.931872435080661529e-04,6.534931642300881869e-04
-4.480000000000000426e+00,5.941514448350852275e-04,5.941528262076772784e-04,4.178554456226828140e-04
-4.475000000000000533e+00,5.951208512556786659e-04,5.951222390565877969e-04,1.822177270152772514e-04
-4.469999999999999751e+00,5.960941056096371671e-04,5.960954998792669310e-04,1.457741816122062753e-04
-4.464999999999999858e+00,5.970712258330833702e-04,5.970726266123038521e-04,1.093306362091611711e-04
-4.459999999999999964e+00,5.980522299749939765e-04,5.980536373047528904e-04,7.288709080611608033e-05
-4.455000000000000071e+00,5.990371361980442342e-04,5.990385501196186747e-04,3.644354540305804694e-05
-4.450000000000000178e+00,6.000259627794605555e-04,6.000273833346661404e-04,0.000000000000000000e+00
-4.445000000000000284e+00,6.010187281118818062e-04,6.010201553425577889e-04,0.000000000000000000e+00
-4.440000000000000391e+00,6.020154507042271017e-04,6.020168846527266474e-04,0.000000000000000000e+00
-4.435000000000000497e+00,6.030161491825716249e-04,6.030175898913180468e-04,0.000000000000000000e+00
-4.429999999999999716e+00,6.040208422910313358e-04,6.040222898028712196e-04,0.000000000000000000e+00
-4.424999999999999822e+00,6.050295488926533179e-04,6.050310032509442337e-04,0.000000000000000000e+00
-4.419999999999999929e+00,6.060422879703171841e-04,6.060437492184863077e-04,0.000000000000000000e+00
-4.415000000000000036e+00,6.070590786276422283e-04,6.070605468097173838e-04,0.000000000000000000e+00
-4.410000000000000142e+00,6.080799400899041191e-04,6.080814152500446440e-04,0.000000000000000000e+00
-4.405000000000000249e+00,6.091048917049583138e-04,6.091063738876766704e-04,0.000000000000000000e+00
-4.400000000000000355e+00,6.101339529441737741e-04,6.101354421943424883e-04,0.000000000000000000e+00
-4.395000000000000462e+00,6.111671434033751375e-04,6.111686397663302316e-04,0.000000000000000000e+00
-4.389999999999999680e+00,6.122044828037900930e-04,6.122059863249302561e-04,0.000000000000000000e+00
-4.384999999999999787e+00,6.132459909930096592e-04,6.132475017183998227e-04,0.000000000000000000e+00
-4.379999999999999893e+00,6.142916879459555096e-04,6.142932059217084181e-04,0.000000000000000000e+00
-4.375000000000000000e+00,6.153415937658547781e-04,6.153431190388608746e-04,0.000000000000000000e+00
-4.370000000000000107e+00,6.163957286852264671e-04,6.163972613022164915e-04,0.000000000000000000e+00
-4.365000000000000213e+00,6.174541130668740338e-04,6.174556530752416074e-04,0.000000000000000000e+00
-4.360000000000000320e+00,6.185167674048889282e-04,6.185183148524782664e-04,0.000000000000000000e+00
-4.355000000000000426e+00,6.195837123256634545e-04,6.195852672606594292e-04,0.000000000000000000e+00
-4.350000000000000533e+00,6.206549685889111139e-04,6.206565310594016694e-04,0.000000000000000000e+00
-4.344999999999999751e+00,6.217305570886985482e-04,6.217321271437975007e-04,0.000000000000000000e+00
-4.339999999999999858e+00,6.228104988544855064e-04,6.228120765430797488e-04,0.000000000000000000e+00
-4.334999999999999964e+00,6.238948150521746779e-04,6.238964004242289084e-04,0.000000000000000000e+00
-4.330000000000000071e+00,6.249835269851718254e-04,6.249851200905592354e-04,0.000000000000000000e+00
-4.325000000000000178e+00,6.260766560954549162e-04,6.260782569845611996e-04,0.000000000000000000e+00
-4.320000000000000284e+00,6.271742239646539881e-04,6.271758326881974720e-04,0.000000000000000000e+00
-4.315000000000000391e+00,6.282762523151394713e-04,6.282778689243227960e-04,0.000000000000000000e+00
-4.310000000000000497e+00,6.293827630111233041e-04,6.293843875572605658e-04,0.000000000000000000e+00
-4.304999999999999716e+00,6.304937780597677467e-04,6.304954105949645091e-04,0.000000000000000000e+00
-4.299999999999999822e+00,6.316093196123043858e-04,6.316109601890840643e-04,0.000000000000000000e+00
-4.294999999999999929e+00,6.327294099651673432e-04,6.327310586362101287e-04,0.000000000000000000e+00
-4.290000000000000036e+00,6.338540715611316878e-04,6.338557283796246358e-04,0.000000000000000000e+00
-4.285000000000000142e+00,6.349833269904667015e-04,6.349849920099995401e-04,0.000000000000000000e+00
-4.280000000000000249e+00,6.361171989920985778e-04,6.361188722667506608e-04,0.000000000000000000e+00
-4.275000000000000355e+00,6.372557104547819018e-04,6.372573920390812259e-04,0.000000000000000000e+00
-4.270000000000000462e+00,6.383988844182867436e-04,6.384005743670587022e-04,0.000000000000000000e+00
-4.264999999999999680e+00,6.395467440745923647e-04,6.395484424431190171e-04,0.000000000000000000e+00
-4.259999999999999787e+00,6.406993127690943689e-04,6.407010196131786251e-04,0.000000000000000000e+00
-4.254999999999999893e+00,6.418566140018237788e-04,6.418583293777361653e-04,0.000000000000000000e+00
-4.250000000000000000e+00,6.430186714286763045e-04,6.430203953929762876e-04,0.000000000000000000e+00
-4.245000000000000107e+00,6.441855088626527795e-04,6.441872414725487205e-04,0.000000000000000000e+00
-4.240000000000000213e+00,6.453571502751139074e-04,6.453588915881830132e-04,0.000000000000000000e+00
-4.235000000000000320e+00,6.465336197970441168e-04,6.465353698712082622e-04,0.000000000000000000e+00
-4.230000000000000426e+00,6.477149417203287513e-04,6.477167006140947380e-04,0.000000000000000000e+00
-4.224999999999999645e+00,6.489011404990442699e-04,6.489029082715103321e-04,0.000000000000000000e+00
-4.219999999999999751e+00,6.500922407507572299e-04,6.500940174613020848e-04,0.000000000000000000e+00
-4.214999999999999858e+00,6.512882672578414840e-04,6.512900529663504965e-04,0.000000000000000000e+00
-4.209999999999999964e+00,6.524892449688022081e-04,6.524910397356646803e-04,0.000000000000000000e+00
-4.205000000000000071e+00,6.536951989996152160e-04,6.536970028856558656e-04,0.000000000000000000e+00
-4.200000000000000178e+00,6.549061546350804777e-04,6.549079677018594366e-04,0.000000000000000000e+00
-4.195000000000000284e+00,6.561221373301847444e-04,6.561239596394446158e-04,0.000000000000000000e+00
-4.190000000000000391e+00,6.573431727114820633e-04,6.573450043257328488e-04,0.000000000000000000e+00
-4.185000000000000497e+00,6.585692865784825321e-04,6.585711275605659991e-04,0.000000000000000000e+00
-4.179999999999999716e+00,6.598005049050595936e-04,6.598023553182948836e-04,0.000000000000000000e+00
-4.174999999999999822e+00,6.610368538408658949e-04,6.610387137492551969e-04,0.000000000000000000e+00
-4.169999999999999929e+00,6.622783597127671453e-04,6.622802291806690255e-04,0.000000000000000000e+00
-4.165000000000000036e+00,6.635250490262872489e-04,6.635269281186755583e-04,0.000000000000000000e+00
-4.160000000000000142e+00,6.647769484670673157e-04,6.647788372495973264e-04,0.000000000000000000e+00
-4.155000000000000249e+00,6.660340849023415862e-04,6.660359834409094798e-04,0.000000000000000000e+00
-4.150000000000000355e+00,6.672964853824240889e-04,6.672983937435255026e-04,0.000000000000000000e+00
-4.145000000000000462e+00,6.685641771422129714e-04,6.685660953930701745e-04,1.807620189360851506e-04
-4.139999999999999680e+00,6.698371876027064313e-04,6.698391158109290788e-04,3.615240378721060622e-04
-4.134999999999999787e+00,6.711155443725358872e-04,6.711174826063650732e-04,5.422860568081911857e-04
-4.129999999999999893e+00,6.723992752495141102e-04,6.724012235777740128e-04,7.230480757442764176e-04
-4.125000000000000000e+00,6.736884082221965839e-04,6.736903667142470856e-04,9.038100946802973563e-04
-4.120000000000000107e+00,6.749829714714598861e-04,6.749849401971160174e-04,1.236568268625161133e-03
-4.115000000000000213e+00,6.762829933720945980e-04,6.762849724021130189e-04,1.569326442570143088e-03
-4.110000000000000320e+00,6.775885024944152367e-04,6.775904918996585339e-04,1.902084616515125042e-03
-4.105000000000000426e+00,6.788995276058843896e-04,6.789015274583523694e-04,2.234842790459988602e-03
-4.099999999999999645e+00,6.802160976727534376e-04,6.802181080443521228e-04,2.567600964404936296e-03
-4.094999999999999751e+00,6.815382418617207342e-04,6.815402628257393727e-04,2.803333238597823657e-03
-4.089999999999999858e+00,6.828659895416039870e-04,6.828680211712229728e-04,3.039065512790627317e-03
-4.084999999999999964e+00,6.841993702850316132e-04,6.842014126545513213e-04,3.274797786983430544e-03
-4.080000000000000071e+00,6.855384138701489487e-04,6.855404670541506706e-04,3.510530061176317905e-03
-4.075000000000000178e+00,6.868831502823421293e-04,6.868852143564630613e-04,3.746262335369205266e-03
-4.070000000000000284e+00,6.882336097159797534e-04,6.882356847560248177e-04,3.701849313900278278e-03
-4.065000000000000391e+00,6.895898225761706987e-04,6.895919086588273581e-04,3.657436292431350856e-03
-4.060000000000000497e+00,6.909518194805414548e-04,6.909539166830712571e-04,3.613023270962407822e-03
-4.054999999999999716e+00,6.923196312610282012e-04,6.923217396615616824e-04,3.568610249493464788e-03
-4.049999999999999822e+00,6.936932889656889428e-04,6.936954086426457954e-04,3.524197228024537800e-03
-4.044999999999999929e+00,6.950728238605352691e-04,6.950749548932859227e-04,3.230286691071505324e-03
-4.040000000000000036e+00,6.964582674313795100e-04,6.964604098996899110e-04,2.936376154118472415e-03
-4.035000000000000142e+00,6.978496513857007557e-04,6.978518053704017539e-04,2.642465617165544456e-03
-4.030000000000000249e+00,6.992470076545331033e-04,6.992491732368760022e-04,2.348555080212616497e-03
-4.025000000000000355e+00,7.006503683943683235e-04,7.006525456564170360e-04,2.054644543259583588e-03
-4.020000000000000462e+00,7.020597659890816201e-04,7.020619550133719040e-04,1.740592445595589947e-03
-4.014999999999999680e+00,7.034752330518741952e-04,7.034774339219500077e-04,1.426540347931707763e-03
-4.009999999999999787e+00,7.048968024272373898e-04,7.048990152272519016e-04,1.112488250267713906e-03
-4.004999999999999893e+00,7.063245071929356899e-04,7.063267320077034348e-04,7.984361526037202662e-04
-4.000000000000000000e+00,7.077583806620105483e-04,7.077606175772385754e-04,4.843840549398381362e-04
-3.995000000000000107e+00,7.091984563848042654e-04,7.092007054865962249e-04,3.875072439518911739e-04
-3.990000000000000213e+00,7.106447681510047942e-04,7.106470295265913647e-04,2.906304329639097881e-04
-3.984999999999999876e+00,7.120973499917111456e-04,7.120996237288780084e-04,1.937536219759283481e-04
-3.979999999999999982e+00,7.135562361815197185e-04,7.135585223689848607e-04,9.687681098798138577e-05
-3.975000000000000089e+00,7.150214612406336151e-04,7.150237599673481270e-04,0.000000000000000000e+00
-3.970000000000000195e+00,7.164930599369912553e-04,7.164953712934249777e-04,0.000000000000000000e+00
-3.965000000000000302e+00,7.179710672884190596e-04,7.179733913654685754e-04,0.000000000000000000e+00
-3.959999999999999964e+00,7.194555185648052751e-04,7.194578554536880909e-04,0.000000000000000000e+00
-3.955000000000000071e+00,7.209464492902950506e-04,7.209487990840828756e-04,0.000000000000000000e+00
-3.950000000000000178e+00,7.224438952455115338e-04,7.224462580373609702e-04,0.000000000000000000e+00
-3.945000000000000284e+00,7.239478924697970250e-04,7.239502683537705260e-04,0.000000000000000000e+00
-3.939999999999999947e+00,7.254584772634778758e-04,7.254608663345361559e-04,0.000000000000000000e+00
-3.935000000000000053e+00,7.269756861901543240e-04,7.269780885441177619e-04,0.000000000000000000e+00
-3.930000000000000160e+00,7.284995560790124463e-04,7.285019718124865996e-04,0.000000000000000000e+00
-3.925000000000000266e+00,7.300301240271616981e-04,7.300325532377591317e-04,0.000000000000000000e+00
-3.919999999999999929e+00,7.315674274019964146e-04,7.315698701879223180e-04,0.000000000000000000e+00
-3.915000000000000036e+00,7.331115038435796457e-04,7.331139603041063888e-04,0.000000000000000000e+00
-3.910000000000000142e+00,7.346623912670575659e-04,7.346648615021250618e-04,0.000000000000000000e+00
-3.905000000000000249e+00,7.362201278650926410e-04,7.362226119758795038e-04,0.000000000000000000e+00
-3.899999999999999911e+00,7.377847521103272606e-04,7.377872501985705770e-04,0.000000000000000000e+00
-3.895000000000000018e+00,7.393563027578707895e-04,7.393588149265839689e-04,0.000000000000000000e+00
-3.890000000000000124e+00,7.409348188478139408e-04,7.409373452004494945e-04,0.000000000000000000e+00
-3.885000000000000231e+00,7.425203397077696039e-04,7.425228803491116603e-04,0.000000000000000000e+00
-3.879999999999999893e+00,7.441129049554393677e-04,7.441154599907767514e-04,0.000000000000000000e+00
-3.875000000000000000e+00,7.457125545012093177e-04,7.457151240373082954e-04,0.000000000000000000e+00
-3.870000000000000107e+00,7.473193285507712027e-04,7.473219126950903044e-04,0.000000000000000000e+00
-3.865000000000000213e+00,7.489332676077737434e-04,7.489358664687270064e-04,0.000000000000000000e+00
-3.859999999999999876e+00,7.505544124764995271e-04,7.505570261633896009e-04,0.000000000000000000e+00
-3.854999999999999982e+00,7.521828042645734534e-04,7.521854328878989707e-04,0.000000000000000000e+00
-3.850000000000000089e+00,7.538184843856969835e-04,7.538211280568693669e-04,0.000000000000000000e+00
-3.845000000000000195e+00,7.554614945624145905e-04,7.554641533936218767e-04,0.000000000000000000e+00
-3.839999999999999858e+00,7.571118768289077485e-04,7.571145509336041053e-04,0.000000000000000000e+00
-3.834999999999999964e+00,7.587696735338198212e-04,7.587723630266029248e-04,0.000000000000000000e+00
-3.830000000000000071e+00,7.604349273431112001e-04,7.604376323394554122e-04,0.000000000000000000e+00
-3.825000000000000178e+00,7.621076812429448000e-04,7.621104018593076370e-04,0.000000000000000000e+00
-3.820000000000000284e+00,7.637879785426047313e-04,7.637907148965758335e-04,0.000000000000000000e+00
-3.814999999999999947e+00,7.654758628774430531e-04,7.654786150878093451e-04,0.000000000000000000e+00
-3.810000000000000053e+00,7.671713782118603532e-04,7.671741463982670144e-04,0.000000000000000000e+00
-3.805000000000000160e+00,7.688745688423193969e-04,7.688773531256767619e-04,0.000000000000000000e+00
-3.800000000000000266e+00,7.705854794003914095e-04,7.705882799026541165e-04,0.000000000000000000e+00
-3.794999999999999929e+00,7.723041548558325000e-04,7.723069717002199091e-04,0.000000000000000000e+00
-3.790000000000000036e+00,7.740306405196980318e-04,7.740334738302000455e-04,0.000000000000000000e+00
-3.785000000000000142e+00,7.757649820474878935e-04,7.757678319496898178e-04,0.000000000000000000e+00
-3.780000000000000249e+00,7.775072254423274392e-04,7.775100920625921700e-04,0.000000000000000000e+00
-3.774999999999999911e+00,7.792574170581830157e-04,7.792603005244336158e-04,0.000000000000000000e+00
-3.770000000000000018e+00,7.810156036031121836e-04,7.810185040440728328e-04,0.000000000000000000e+00
-3.765000000000000124e+00,7.827818321425514519e-04,7.827847496882729596e-04,0.000000000000000000e+00
-3.760000000000000231e+00,7.845561501026381652e-04,7.845590848847572036e-04,0.000000000000000000e+00
-3.754999999999999893e+00,7.863386052735702294e-04,7.863415574241008812e-04,0.000000000000000000e+00
-3.750000000000000000e+00,7.881292458130022662e-04,7.881322154662559303e-04,0.000000000000000000e+00
-3.745000000000000107e+00,7.899281202494802577e-04,7.899311075399189285e-04,0.000000000000000000e+00
-3.740000000000000213e+00,7.917352774859132700e-04,7.917382825504392643e-04,0.000000000000000000e+00
-3.734999999999999876e+00,7.935507668030851837e-04,7.935537897787993357e-04,0.000000000000000000e+00
-3.729999999999999982e+00,7.953746378632026376e-04,7.953776788889396375e-04,0.000000000000000000e+00
-3.725000000000000089e+00,7.972069407134865565e-04,7.972099999296017965e-04,0.000000000000000000e+00
-3.720000000000000195e+00,7.990477257898008674e-04,7.990508033376753950e-04,0.000000000000000000e+00
-3.714999999999999858e+00,8.008970439203213316e-04,8.009001399430003363e-04,0.000000000000000000e+00
-3.709999999999999964e+00,8.027549463292486115e-04,8.027580609708164904e-04,0.000000000000000000e+00
-3.705000000000000071e+00,8.046214846405605860e-04,8.046246180464924425e-04,0.000000000000000000e+00
-3.700000000000000178e+00,8.064967108818068414e-04,8.064998631988731835e-04,0.000000000000000000e+00
-3.695000000000000284e+00,8.083806774879462049e-04,8.083838488647546129e-04,0.000000000000000000e+00
-3.689999999999999947e+00,8.102734373052294893e-04,8.102766278914420384e-04,0.000000000000000000e+00
-3.685000000000000053e+00,8.121750435951222450e-04,8.121782535418433247e-04,0.000000000000000000e+00
-3.680000000000000160e+00,8.140855500382760844e-04,8.140887794984709002e-04,0.000000000000000000e+00
-3.675000000000000266e+00,8.160050107385425060e-04,8.160082598660187972e-04,0.000000000000000000e+00
-3.669999999999999929e+00,8.179334802270318231e-04,8.179367491774374365e-04,0.000000000000000000e+00
-3.665000000000000036e+00,8.198710134662207712e-04,8.198743023966327493e-04,0.000000000000000000e+00
-3.660000000000000142e+00,8.218176658541047862e-04,8.218209749230912745e-04,0.000000000000000000e+00
-3.655000000000000249e+00,8.237734932283999377e-04,8.237768225961681788e-04,0.000000000000000000e+00
-3.649999999999999911e+00,8.257385518707888823e-04,8.257419016989787832e-04,0.000000000000000000e+00
-3.645000000000000018e+00,8.277128985112199413e-04,8.277162689629834376e-04,0.000000000000000000e+00
-3.640000000000000124e+00,8.296965903322546434e-04,8.296999815724550838e-04,0.000000000000000000e+00
-3.635000000000000231e+00,8.316896849734613456e-04,8.316930971686032356e-04,0.000000000000000000e+00
-3.629999999999999893e+00,8.336922405358658831e-04,8.336956738540270140e-04,0.000000000000000000e+00
-3.625000000000000000e+00,8.357043155864471050e-04,8.357077701971627609e-04,0.000000000000000000e+00
-3.620000000000000107e+00,8.377259691626898729e-04,8.377294452373829341e-04,0.000000000000000000e+00
-3.615000000000000213e+00,8.397572607771874994e-04,8.397607584889740448e-04,0.000000000000000000e+00
-3.609999999999999876e+00,8.417982504222995890e-04,8.418017699458053404e-04,0.000000000000000000e+00
-3.604999999999999982e+00,8.438489985748601858e-04,8.438525400864971965e-04,0.000000000000000000e+00
-3.600000000000000089e+00,8.459095662009469621e-04,8.459131298790803673e-04,0.000000000000000000e+00
-3.595000000000000195e+00,8.479800147607010393e-04,8.479836007852389022e-04,0.000000000000000000e+00
-3.589999999999999858e+00,8.500604062132055723e-04,8.500640147657728988e-04,0.000000000000000000e+00
-3.584999999999999964e+00,8.521508030214193031e-04,8.521544342855015899e-04,0.000000000000000000e+00
-3.580000000000000071e+00,8.542512681571713716e-04,8.542549223182398319e-04,0.000000000000000000e+00
-3.575000000000000178e+00,8.563618651062115299e-04,8.563655423515940729e-04,0.000000000000000000e+00
-3.570000000000000284e+00,8.584826578733223716e-04,8.584863583917769691e-04,0.000000000000000000e+00
-3.564999999999999947e+00,8.606137109874896756e-04,8.606174349701327646e-04,0.000000000000000000e+00
-3.560000000000000053e+00,8.627550895071355247e-04,8.627588371467433473e-04,0.000000000000000000e+00
-3.555000000000000160e+00,8.649068590254118142e-04,8.649106305169514597e-04,0.000000000000000000e+00
-3.550000000000000266e+00,8.670690856755602222e-04,8.670728812156658491e-04,0.000000000000000000e+00
-3.544999999999999929e+00,8.692418361363300761e-04,8.692456559237746487e-04,0.000000000000000000e+00
-3.540000000000000036e+00,8.714251776374656085e-04,8.714290218728011584e-04,0.000000000000000000e+00
-3.535000000000000142e+00,8.736191779652565303e-04,8.736230468514420179e-04,0.000000000000000000e+00
-3.530000000000000249e+00,8.758239054681561490e-04,8.758277992099399020e-04,0.000000000000000000e+00
-3.524999999999999911e+00,8.780394290624643234e-04,8.780433478667049605e-04,0.000000000000000000e+00
-3.520000000000000018e+00,8.802658182380819745e-04,8.802697623137459119e-04,5.291946752356500026e-05
-3.515000000000000124e+00,8.825031430643322759e-04,8.825071126224247721e-04,1.058389350471112032e-04
-3.510000000000000231e+00,8.847514741958524250e-04,8.847554694497194224e-04,1.587584025706762034e-04
-3.504999999999999893e+00,8.870108828785576221e-04,8.870149040435708950e-04,2.116778700942412172e-04
-3.500000000000000000e+00,8.892814409556754150e-04,8.892854882495051377e-04,2.645973376177873930e-04
-3.495000000000000107e+00,8.915632208738555027e-04,8.915672945164684069e-04,5.198363751469225070e-04
-3.490000000000000213e+00,8.938562956893497972e-04,8.938603959027628405e-04,7.750754126761480976e-04
-3.484999999999999876e+00,8.961607390742728227e-04,8.961648660829084822e-04,1.030314450205373905e-03
-3.479999999999999982e+00,8.984766253229323728e-04,8.984807793536179945e-04,1.285553487734508856e-03
-3.475000000000000089e+00,9.008040293582446258e-04,9.008082106398565894e-04,1.540792525263734664e-03
-3.470000000000000195e+00,9.031430267382191922e-04,9.031472355022610076e-04,1.909823667448112350e-03
-3.464999999999999858e+00,9.054936936625314391e-04,9.054979301428507698e-04,2.278854809632621225e-03
-3.459999999999999964e+00,9.078561069791698428e-04,9.078603714119961275e-04,2.647885951816998911e-03
-3.455000000000000071e+00,9.102303441911693176e-04,9.102346368152289128e-04,3.016917094001507569e-03
-3.450000000000000178e+00,9.126164834634239087e-04,9.126208045199158021e-04,3.385948236186016227e-03
-3.445000000000000284e+00,9.150146036295861126e-04,9.150189533621347609e-04,3.714641455627934116e-03
-3.439999999999999947e+00,9.174247841990493561e-04,9.174291628540771079e-04,4.043334675069968666e-03
-3.435000000000000053e+00,9.198471053640193797e-04,9.198515131902430808e-04,4.372027894511886989e-03
-3.430000000000000160e+00,9.222816480066720318e-04,9.222860852555884222e-04,4.700721113953920671e-03
-3.425000000000000266e+00,9.247284937063996423e-04,9.247329606321272799e-04,5.029414333395838994e-03
-3.419999999999999929e+00,9.271877247471486862e-04,9.271922216065460161e-04,5.193553975356789316e-03
-3.415000000000000036e+00,9.296594241248488455e-04,9.296639511772694956e-04,5.357693617317739639e-03
-3.410000000000000142e+00,9.321436755549346613e-04,9.321482330627711699e-04,5.521833259278631847e-03
-3.405000000000000249e+00,9.346405634799616205e-04,9.346451517081123339e-04,5.685972901239524056e-03
-3.399999999999999911e+00,9.371501730773188453e-04,9.371547922939026240e-04,5.850112543200474378e-03
-3.395000000000000018e+00,9.396725902670362155e-04,9.396772407424210972e-04,5.796638145056939341e-03
-3.390000000000000124e+00,9.422079017196930816e-04,9.422125837277306459e-04,5.743163746913424253e-03
-3.385000000000000231e+00,9.447561948644250980e-04,9.447609086813224619e-04,5.689689348769889216e-03
-3.379999999999999893e+00,9.473175578970331875e-04,9.473223038024095608e-04,5.636214950626355046e-03
-3.375000000000000000e+00,9.498920797881937710e-04,9.498968580644701586e-04,5.582740552482839090e-03
-3.370000000000000107e+00,9.524798502917761157e-04,9.524846612246280807e-04,5.336713526972546202e-03
-3.365000000000000213e+00,9.550809599532622497e-04,9.550858038308251930e-04,5.090686501462166579e-03
-3.359999999999999876e+00,9.576955001182786567e-04,9.577003772328567368e-04,4.844659475951786087e-03
-3.354999999999999982e+00,9.603235629412307543e-04,9.603284735874331431e-04,4.598632450441493200e-03
-3.350000000000000089e+00,9.629652413940553322e-04,9.629701858699557700e-04,4.352605424931113576e-03
-3.345000000000000195e+00,9.656206292750794604e-04,9.656256078818779842e-04,4.003758036032229774e-03
-3.339999999999999858e+00,9.682898212179970321e-04,9.682948342602493933e-04,3.654910647133221505e-03
-3.334999999999999964e+00,9.709729127009574141e-04,9.709779604867008456e-04,3.306063258234337270e-03
-3.330000000000000071e+00,9.736700000557755273e-04,9.736750828961002668e-04,2.957215869335329435e-03
-3.325000000000000178e+00,9.763811804772585872e-04,9.763862986869636029e-04,2.608368480436321600e-03
-3.320000000000000284e+00,9.791065520326537337e-04,9.791117059296853241e-04,2.282887752279263993e-03
-3.314999999999999947e+00,9.818462136712204514e-04,9.818514035773262365e-04,1.957407024122090593e-03
-3.310000000000000053e+00,9.846002652339231210e-04,9.846054914741083144e-04,1.631926295965032987e-03
-3.305000000000000160e+00,9.873688074632566009e-04,9.873740703664733460e-04,1.306445567807859587e-03
-3.300000000000000266e+00,9.901519420131941075e-04,9.901572419115604179e-04,9.809648396508019799e-04
-3.294999999999999929e+00,9.929497714592694282e-04,9.929551086890614497e-04,7.956818337033090939e-04
-3.290000000000000036e+00,9.957623993087877205e-04,9.957677742096408911e-04,6.103988277558162080e-04
-3.285000000000000142e+00,9.985899300111766071e-04,9.985953429268554400e-04,4.251158218083891330e-04
-3.280000000000000249e+00,1.001432468968465640e-03,1.001437920246046236e-03,2.398328158609620581e-04
-3.274999999999999911e+00,1.004290122545911266e-03,1.004295612537084523e-03,5.454980991346915860e-05
-3.270000000000000018e+00,1.007162998082758183e-03,1.007168527142326226e-03,4.363984793077377918e-05
-3.265000000000000124e+00,1.010051203903144677e-03,1.010056772390635670e-03,3.272988594808227578e-05
-3.260000000000000231e+00,1.012954849327154334e-03,1.012960457605696640e-03,2.181992396538688959e-05
-3.254999999999999893e+00,1.015874044682011290e-03,1.015879693118859964e-03,1.090996198269151017e-05
-3.250000000000000000e+00,1.018808901313428142e-03,1.018814590280114332e-03,0.000000000000000000e+00
-3.245000000000000107e+00,1.021759531597104349e-03,1.021765261469375014e-03,0.000000000000000000e+00
-3.240000000000000213e+00,1.024726048950378799e-03,1.024731820108108890e-03,0.000000000000000000e+00
-3.234999999999999876e+00,1.027708567844039592e-03,1.027714380671473178e-03,0.000000000000000000e+00
-3.229999999999999982e+00,1.030707203814288427e-03,1.030713058700094423e-03,0.000000000000000000e+00
-3.225000000000000089e+00,1.033722073474874562e-03,1.033727970812211780e-03,0.000000000000000000e+00
-3.220000000000000195e+00,1.036753294529384889e-03,1.036759234715730737e-03,0.000000000000000000e+00
-3.214999999999999858e+00,1.039800985783704244e-03,1.039806969221148325e-03,0.000000000000000000e+00
-3.209999999999999964e+00,1.042865267158643756e-03,1.042871294253988265e-03,0.000000000000000000e+00
-3.205000000000000071e+00,1.045946259702740721e-03,1.045952330867424987e-03,0.000000000000000000e+00
-3.200000000000000178e+00,1.049044085605234334e-03,1.049050201255334819e-03,0.000000000000000000e+00
-3.195000000000000284e+00,1.052158868209216195e-03,1.052165028765667670e-03,0.000000000000000000e+00
-3.189999999999999947e+00,1.055290732024964260e-03,1.055296937913638086e-03,0.000000000000000000e+00
-3.185000000000000053e+00,1.058439802743452434e-03,1.058446054395155260e-03,0.000000000000000000e+00
-3.180000000000000160e+00,1.061606207250057705e-03,1.061612505100640105e-03,0.000000000000000000e+00
-3.175000000000000266e+00,1.064790073638442920e-03,1.064796418128612478e-03,0.000000000000000000e+00
-3.169999999999999929e+00,1.067991531224642306e-03,1.067997922800380597e-03,0.000000000000000000e+00
-3.165000000000000036e+00,1.071210710561331736e-03,1.071217149674266430e-03,0.000000000000000000e+00
-3.160000000000000142e+00,1.074447743452306954e-03,1.074454230558488394e-03,0.000000000000000000e+00
-3.155000000000000249e+00,1.077702762967153909e-03,1.077709298528641739e-03,0.000000000000000000e+00
-3.149999999999999911e+00,1.080975903456130082e-03,1.080982487940175757e-03,0.000000000000000000e+00
-3.145000000000000018e+00,1.084267300565247474e-03,1.084273934444798197e-03,0.000000000000000000e+00
-3.140000000000000124e+00,1.087577091251573300e-03,1.087583775005101583e-03,0.000000000000000000e+00
-3.135000000000000231e+00,1.090905413798737549e-03,1.090912147910566479e-03,0.000000000000000000e+00
-3.129999999999999893e+00,1.094252407832664760e-03,1.094259192792238541e-03,0.000000000000000000e+00
-3.125000000000000000e+00,1.097618214337522631e-03,1.097625050640977599e-03,0.000000000000000000e+00
-3.120000000000000107e+00,1.101002975671899189e-03,1.101009863820440107e-03,0.000000000000000000e+00
-3.115000000000000213e+00,1.104406835585204812e-03,1.104413776086784300e-03,0.000000000000000000e+00
-3.109999999999999876e+00,1.107829939234310831e-03,1.107836932602501582e-03,0.000000000000000000e+00
-3.104999999999999982e+00,1.111272433200419501e-03,1.111279479955083445e-03,0.000000000000000000e+00
-3.100000000000000089e+00,1.114734465506178130e-03,1.114741566173431311e-03,0.000000000000000000e+00
-3.095000000000000195e+00,1.118216185633036722e-03,1.118223340745574772e-03,0.000000000000000000e+00
-3.089999999999999858e+00,1.121717744538850651e-03,1.121724954635335133e-03,0.000000000000000000e+00
-3.084999999999999964e+00,1.125239294675738338e-03,1.125246560301760386e-03,0.000000000000000000e+00
-3.080000000000000071e+00,1.128780990008194799e-03,1.128788311715761853e-03,0.000000000000000000e+00
-3.075000000000000178e+00,1.132342986031464969e-03,1.132350364379550904e-03,0.000000000000000000e+00
-3.070000000000000284e+00,1.135925439790183523e-03,1.135932875344390809e-03,0.000000000000000000e+00
-3.064999999999999947e+00,1.139528509897280760e-03,1.139536003230056434e-03,0.000000000000000000e+00
-3.060000000000000053e+00,1.143152356553166476e-03,1.143159908244078832e-03,0.000000000000000000e+00
-3.055000000000000160e+00,1.146797141565189873e-03,1.146804752200975084e-03,0.000000000000000000e+00
-3.050000000000000266e+00,1.150463028367383969e-03,1.150470698541987934e-03,0.000000000000000000e+00
-3.044999999999999929e+00,1.154150182040495362e-03,1.154157912355112305e-03,0.000000000000000000e+00
-3.040000000000000036e+00,1.157858769332309988e-03,1.157866560395625971e-03,0.000000000000000000e+00
-3.035000000000000142e+00,1.161588958678274859e-03,1.161596811106536953e-03,0.000000000000000000e+00
-3.030000000000000249e+00,1.165340920222422520e-03,1.165348834639516433e-03,0.000000000000000000e+00
-3.024999999999999911e+00,1.169114825838605794e-03,1.169122802876274882e-03,0.000000000000000000e+00
-3.020000000000000018e+00,1.172910849152040231e-03,1.172918889449719396e-03,0.000000000000000000e+00
-3.015000000000000124e+00,1.176729165561172250e-03,1.176737269766441139e-03,0.000000000000000000e+00
-3.010000000000000231e+00,1.180569952259865165e-03,1.180578121028422363e-03,0.000000000000000000e+00
-3.004999999999999893e+00,1.184433388259919801e-03,1.184441622255519300e-03,0.000000000000000000e+00
-3.000000000000000000e+00,1.188319654413924923e-03,1.188327954308985874e-03,0.000000000000000000e+00
-2.995000000000000107e+00,1.192228933438454390e-03,1.192237299913696596e-03,0.000000000000000000e+00
-2.990000000000000213e+00,1.196161409937605618e-03,1.196169843682514874e-03,0.000000000000000000e+00
-2.984999999999999876e+00,1.200117270426897783e-03,1.200125772139649114e-03,0.000000000000000000e+00
-2.979999999999999982e+00,1.204096703357520649e-03,1.204105273744766457e-03,0.000000000000000000e+00
-2.975000000000000089e+00,1.208099899140955506e-03,1.208108538919031852e-03,0.000000000000000000e+00
-2.970000000000000195e+00,1.212127050173965152e-03,1.212135760067832493e-03,0.000000000000000000e+00
-2.964999999999999858e+00,1.216178350863963585e-03,1.216187131608120319e-03,0.000000000000000000e+00
-2.959999999999999964e+00,1.220253997654764709e-03,1.220262849993519099e-03,0.000000000000000000e+00
-2.955000000000000071e+00,1.224354189052731566e-03,1.224363113739246984e-03,0.000000000000000000e+00
-2.950000000000000178e+00,1.228479125653317598e-03,1.228488123450645342e-03,0.000000000000000000e+00
-2.944999999999999840e+00,1.232629010168016879e-03,1.232638081849397795e-03,0.000000000000000000e+00
-2.939999999999999947e+00,1.236804047451720923e-03,1.236813193800125705e-03,0.000000000000000000e+00
-2.935000000000000053e+00,1.241004444530505050e-03,1.241013666339333982e-03,0.000000000000000000e+00
-2.930000000000000160e+00,1.245230410629835204e-03,1.245239708702664894e-03,0.000000000000000000e+00
-2.925000000000000266e+00,1.249482157203210412e-03,1.249491532354189086e-03,0.000000000000000000e+00
-2.919999999999999929e+00,1.253759897961250619e-03,1.253769351014973228e-03,0.000000000000000000e+00
-2.915000000000000036e+00,1.258063848901232965e-03,1.258073380692960189e-03,0.000000000000000000e+00
-2.910000000000000142e+00,1.262394228337089487e-03,1.262403839713485210e-03,0.000000000000000000e+00
-2.905000000000000249e+00,1.266751256929867994e-03,1.266760948748878093e-03,0.000000000000000000e+00
-2.899999999999999911e+00,1.271135157718674552e-03,1.271144930849025341e-03,0.000000000000000000e+00
-2.895000000000000018e+00,1.275546156152089538e-03,1.275556011474294994e-03,0.000000000000000000e+00
-2.890000000000000124e+00,1.279984480120092191e-03,1.279994418526686191e-03,0.000000000000000000e+00
-2.885000000000000231e+00,1.284450359986470018e-03,1.284460382381397885e-03,0.000000000000000000e+00
-2.879999999999999893e+00,1.288944028621753389e-03,1.288954135921125625e-03,0.000000000000000000e+00
-2.875000000000000000e+00,1.293465721436659263e-03,1.293475914569024990e-03,0.000000000000000000e+00
-2.870000000000000107e+00,1.298015676416074213e-03,1.298025956322210834e-03,0.000000000000000000e+00
-2.865000000000000213e+00,1.302594134153569130e-03,1.302604501787080161e-03,0.000000000000000000e+00
-2.859999999999999876e+00,1.307201337886470128e-03,1.307211794213521084e-03,0.000000000000000000e+00
-2.854999999999999982e+00,1.311837533531481741e-03,1.311848079531619578e-03,0.000000000000000000e+00
-2.850000000000000089e+00,1.316502969720888651e-03,1.316513606386794134e-03,0.000000000000000000e+00
-2.845000000000000195e+00,1.321197897839328358e-03,1.321208626177206805e-03,0.000000000000000000e+00
-2.839999999999999858e+00,1.325922572061166010e-03,1.325933393090742958e-03,0.000000000000000000e+00
-2.834999999999999964e+00,1.330677249388459481e-03,1.330688164143745047e-03,0.000000000000000000e+00
-2.830000000000000071e+00,1.335462189689546990e-03,1.335473199218243463e-03,0.000000000000000000e+00
-2.825000000000000178e+00,1.340277655738259660e-03,1.340288761102751379e-03,0.000000000000000000e+00
-2.819999999999999840e+00,1.345123913253762045e-03,1.345135115530809652e-03,0.000000000000000000e+00
-2.814999999999999947e+00,1.350001230941051634e-03,1.350012531222520443e-03,0.000000000000000000e+00
-2.810000000000000053e+00,1.354909880532112997e-03,1.354921279924814915e-03,0.000000000000000000e+00
-2.805000000000000160e+00,1.359850136827748688e-03,1.359861636453838602e-03,0.000000000000000000e+00
-2.800000000000000266e+00,1.364822277740093638e-03,1.364833878737320731e-03,0.000000000000000000e+00
-2.794999999999999929e+00,1.369826584335831444e-03,1.369838287857827594e-03,1.455995915481752846e-05
-2.790000000000000036e+00,1.374863340880119311e-03,1.374875148096538083e-03,2.911991830963505691e-05
-2.785000000000000142e+00,1.379932834881245247e-03,1.379944746978118168e-03,4.367987746444741508e-05
-2.780000000000000249e+00,1.385035357136017546e-03,1.385047375316021895e-03,5.823983661925977325e-05
-2.774999999999999911e+00,1.390171201775917747e-03,1.390183327258869440e-03,7.279979577407729493e-05
-2.770000000000000018e+00,1.395340666314011466e-03,1.395352900336616769e-03,3.957798459254182753e-04
-2.765000000000000124e+00,1.400544051692653074e-03,1.400556395509288147e-03,7.187598960766445472e-04
-2.760000000000000231e+00,1.405781662331983574e-03,1.405794117214683413e-03,1.041739946227985582e-03
-2.754999999999999893e+00,1.411053806179243158e-03,1.411066373418246511e-03,1.364719996379326616e-03
-2.750000000000000000e+00,1.416360794758912299e-03,1.416373475662749924e-03,1.687700046530552726e-03
-2.745000000000000107e+00,1.421702943223706554e-03,1.421715739119669159e-03,2.208398467036870854e-03
-2.740000000000000213e+00,1.427080570406424843e-03,1.427093482640908514e-03,2.729096887543374164e-03
-2.734999999999999876e+00,1.432493998872682445e-03,1.432507028811404398e-03,3.249795308049877474e-03
-2.729999999999999982e+00,1.437943554974538450e-03,1.437956704002738700e-03,3.770493728556195603e-03
-2.725000000000000089e+00,1.443429568905041979e-03,1.443442838427928072e-03,4.291192149062698913e-03
-2.720000000000000195e+00,1.448952374753707329e-03,1.448965766197068657e-03,4.769189248650219405e-03
-2.714999999999999858e+00,1.454512310562940201e-03,1.454525825373141927e-03,5.247186348237909900e-03
-2.709999999999999964e+00,1.460109718385435140e-03,1.460123358029948373e-03,5.725183447825430393e-03
-2.705000000000000071e+00,1.465744944342565028e-03,1.465758710310307482e-03,6.203180547413120888e-03
-2.700000000000000178e+00,1.471418338683773029e-03,1.471432232485396984e-03,6.681177647000811383e-03
-2.694999999999999840e+00,1.477130255847000162e-03,1.477144279015324630e-03,6.914383890388383323e-03
-2.689999999999999947e+00,1.482881054520160001e-03,1.482895208610557130e-03,7.147590133776037663e-03
-2.685000000000000053e+00,1.488671097703683907e-03,1.488685384294525897e-03,7.380796377163609603e-03
-2.680000000000000160e+00,1.494500752774160666e-03,1.494515173467171479e-03,7.614002620551264811e-03
-2.675000000000000266e+00,1.500370391549090028e-03,1.500384947969463567e-03,7.847208863938836751e-03
-2.669999999999999929e+00,1.506280390352772924e-03,1.506295084150411192e-03,7.750545879564962708e-03
-2.665000000000000036e+00,1.512231130083362650e-03,1.512245962932484353e-03,7.653882895191088664e-03
-2.660000000000000142e+00,1.518222996281101732e-03,1.518237969881183801e-03,7.557219910817248448e-03
-2.655000000000000249e+00,1.524256379197765294e-03,1.524271495273371579e-03,7.460556926443408232e-03
-2.649999999999999911e+00,1.530331673867338024e-03,1.530346934169291755e-03,7.363893942069534189e-03
-2.645000000000000018e+00,1.536449280177949262e-03,1.536464686483346703e-03,6.984868957221800068e-03
-2.640000000000000124e+00,1.542609602945094584e-03,1.542625157058085013e-03,6.605843972374200387e-03
-2.635000000000000231e+00,1.548813051986164735e-03,1.548828755738031757e-03,6.226818987526467133e-03
-2.629999999999999893e+00,1.555060042196317657e-03,1.555075897446427883e-03,5.847794002678733012e-03
-2.625000000000000000e+00,1.561350993625711635e-03,1.561367002261630256e-03,5.468769017831133332e-03
-2.620000000000000107e+00,1.567686331558134890e-03,1.567702495496374644e-03,4.963936229855113631e-03
-2.615000000000000213e+00,1.574066486591061765e-03,1.574082807777391936e-03,4.459103441878914387e-03
-2.609999999999999876e+00,1.580491894717156757e-03,1.580508375127438660e-03,3.954270653902715142e-03
-2.604999999999999982e+00,1.586962997407265858e-03,1.586979639047735383e-03,3.449437865926695008e-03
-2.600000000000000089e+00,1.593480241694922740e-03,1.593497046603154421e-03,2.944605077950495763e-03
-2.595000000000000195e+00,1.600044080262404264e-03,1.600061050507120683e-03,2.525407689600347224e-03
-2.589999999999999858e+00,1.606654971528362428e-03,1.606672109210749346e-03,2.106210301250049498e-03
-2.584999999999999964e+00,1.613313379737069814e-03,1.613330686991004508e-03,1.687012912899900742e-03
-2.580000000000000071e+00,1.620019775049318881e-03,1.620037254042125613e-03,1.267815524549603234e-03
-2.575000000000000178e+00,1.626774633634998088e-03,1.626792286567937734e-03,8.486181361993055082e-04
-2.569999999999999840e+00,1.633578437767391894e-03,1.633596266876555106e-03,6.788945089594685192e-04
-2.564999999999999947e+00,1.640431675919231530e-03,1.640449683475693129e-03,5.091708817195712486e-04
-2.560000000000000053e+00,1.647334842860550749e-03,1.647353031171730400e-03,3.394472544797342596e-04
-2.555000000000000160e+00,1.654288439758359788e-03,1.654306811167990119e-03,1.697236272398368806e-04
-2.550000000000000266e+00,1.661292974278206049e-03,1.661311531167369154e-03,0.000000000000000000e+00
-2.544999999999999929e+00,1.668348960687641254e-03,1.668367705475641257e-03,0.000000000000000000e+00
-2.540000000000000036e+00,1.675456919961641452e-03,1.675475855106218093e-03,0.000000000000000000e+00
-2.535000000000000142e+00,1.682617379890032376e-03,1.682636507888734699e-03,0.000000000000000000e+00
-2.530000000000000249e+00,1.689830875186952011e-03,1.689850198577296002e-03,0.000000000000000000e+00
-2.524999999999999911e+00,1.697097947602400469e-03,1.697117468963120664e-03,0.000000000000000000e+00
-2.520000000000000018e+00,1.704419146035922707e-03,1.704438867987246057e-03,0.000000000000000000e+00
-2.515000000000000124e+00,1.711795026652471359e-03,1.711814951857744188e-03,0.000000000000000000e+00
-2.510000000000000231e+00,1.719226153000501288e-03,1.719246284165912384e-03,0.000000000000000000e+00
-2.504999999999999893e+00,1.726713096132335978e-03,1.726733436008630069e-03,0.000000000000000000e+00
-2.500000000000000000e+00,1.734256434726866043e-03,1.734276986109771186e-03,0.000000000000000000e+00
-2.495000000000000107e+00,1.741856755214630159e-03,1.741877520946144261e-03,0.000000000000000000e+00
-2.490000000000000213e+00,1.749514651905329172e-03,1.749535634873944194e-03,0.000000000000000000e+00
-2.484999999999999876e+00,1.757230727117828871e-03,1.757251930260079510e-03,0.000000000000000000e+00
-2.479999999999999982e+00,1.765005591312709780e-03,1.765027017613737467e-03,0.000000000000000000e+00
-2.475000000000000089e+00,1.772839863227416643e-03,1.772861515722318725e-03,0.000000000000000000e+00
-2.470000000000000195e+00,1.780734170014079383e-03,1.780756051788405687e-03,0.000000000000000000e+00
-2.464999999999999858e+00,1.788689147380044357e-03,1.788711261571104090e-03,0.000000000000000000e+00
-2.459999999999999964e+00,1.796705439731201542e-03,1.796727789528979003e-03,0.000000000000000000e+00
-2.455000000000000071e+00,1.804783700318155588e-03,1.804806288966593654e-03,0.000000000000000000e+00
-2.450000000000000178e+00,1.812924591385315547e-03,1.812947422183027119e-03,0.000000000000000000e+00
-2.444999999999999840e+00,1.821128784322962680e-03,1.821151860624597215e-03,0.000000000000000000e+00
-2.439999999999999947e+00,1.829396959822371166e-03,1.829420285039542104e-03,0.000000000000000000e+00
-2.435000000000000053e+00,1.837729808034051964e-03,1.837753385636714748e-03,0.000000000000000000e+00
-2.430000000000000160e+00,1.846128028729191167e-03,1.846151862246591920e-03,0.000000000000000000e+00
-2.425000000000000266e+00,1.854592331464356572e-03,1.854616424486507480e-03,0.000000000000000000e+00
-2.419999999999999929e+00,1.863123435749548156e-03,1.863147791928107403e-03,0.000000000000000000e+00
-2.415000000000000036e+00,1.871722071219678084e-03,1.871746694269528022e-03,0.000000000000000000e+00
-2.410000000000000142e+00,1.880388977809554661e-03,1.880413871510046688e-03,0.000000000000000000e+00
-2.405000000000000249e+00,1.889124905932451073e-03,1.889150074128644876e-03,0.000000000000000000e+00
-2.399999999999999911e+00,1.897930616662351754e-03,1.897956063266320907e-03,0.000000000000000000e+00
-2.395000000000000018e+00,1.906806881919954856e-03,1.906832610912343514e-03,0.000000000000000000e+00
-2.390000000000000124e+00,1.915754484662531877e-03,1.915780500093835007e-03,0.000000000000000000e+00
-2.385000000000000231e+00,1.924774219077726636e-03,1.924800525069775585e-03,0.000000000000000000e+00
-2.379999999999999893e+00,1.933866890781388986e-03,1.933893491528835976e-03,0.000000000000000000e+00
-2.375000000000000000e+00,1.943033317019545641e-03,1.943060216791494188e-03,0.000000000000000000e+00
-2.370000000000000107e+00,1.952274326874613251e-03,1.952301530016146893e-03,1.244783550191977926e-04
-2.365000000000000213e+00,1.961590761475935293e-03,1.961618272409384588e-03,2.489567100384397665e-04
-2.359999999999999876e+00,1.970983474214771988e-03,1.971011297441980278e-03,3.734350650576817674e-04
-2.354999999999999982e+00,1.980453330963839742e-03,1.980481471067393508e-03,4.979134200768795329e-04
-2.350000000000000089e+00,1.990001210301510504e-03,1.990029671946704805e-03,6.223917750961215339e-04
-2.345000000000000195e+00,1.999628003740797858e-03,1.999656791677136003e-03,1.500435772382696046e-03
-2.339999999999999858e+00,2.009334615963225077e-03,2.009363735026284750e-03,2.378479769669582591e-03
-2.334999999999999964e+00,2.019121965057721260e-03,2.019151420171241829e-03,3.256523766956157320e-03
-2.330000000000000071e+00,2.028990982764652257e-03,2.029020778942284674e-03,4.134567764243044299e-03
-2.325000000000000178e+00,2.038942614725126022e-03,2.038972757072363574e-03,5.012611761529930411e-03
-2.319999999999999840e+00,2.048977820735693820e-03,2.049008314451963332e-03,5.969366062924493996e-03
-2.314999999999999947e+00,2.059097575008582599e-03,2.059128425389173886e-03,6.926120364319397586e-03
-2.310000000000000053e+00,2.069302866437621596e-03,2.069334078875685427e-03,7.882874665713961171e-03
-2.305000000000000160e+00,2.079594698869962482e-03,2.079626278859019427e-03,8.839628967108863894e-03
-2.300000000000000266e+00,2.089974091383785607e-03,2.090006044519606473e-03,9.796383268503428346e-03
-2.294999999999999929e+00,2.100442078572108563e-03,2.100474410555286560e-03,9.989991511623115550e-03
-2.290000000000000036e+00,2.110999710832878792e-03,2.111032427470637546e-03,1.018359975474280102e-02
-2.285000000000000142e+00,2.121648054665488999e-03,2.121681161874391756e-03,1.037720799786241883e-02
-2.280000000000000249e+00,2.132388192973902301e-03,2.132421696782582816e-03,1.057081624098203665e-02
-2.274999999999999911e+00,2.143221225376535852e-03,2.143255131927948327e-03,1.076442448410172385e-02
-2.270000000000000018e+00,2.154148268523090309e-03,2.154182584076732437e-03,1.001191824972639394e-02
-2.265000000000000124e+00,2.165170456418502934e-03,2.165205187353355393e-03,9.259412015351329434e-03
-2.260000000000000231e+00,2.176288940754211691e-03,2.176324093571535383e-03,8.506905780975999518e-03
-2.254999999999999893e+00,2.187504891246908143e-03,2.187540472572972912e-03,7.754399546600668734e-03
-2.250000000000000000e+00,2.198819495984996424e-03,2.198855512573811514e-03,7.001893312225605098e-03
-2.245000000000000107e+00,2.210233961782939131e-03,2.210270420519169689e-03,5.978335344710442902e-03
-2.240000000000000213e+00,2.221749514543719124e-03,2.221786422446008630e-03,4.954777377194917280e-03
-2.234999999999999876e+00,2.233367399629610211e-03,2.233404763853235036e-03,3.931219409679391659e-03
-2.229999999999999982e+00,2.245088882241492220e-03,2.245126710081807656e-03,2.907661442164229462e-03
-2.225000000000000089e+00,2.256915247806937259e-03,2.256953546702341728e-03,1.884103474648703841e-03
-2.220000000000000195e+00,2.268847802377295299e-03,2.268886579912870235e-03,1.507282779719043434e-03
-2.214999999999999858e+00,2.280887873034019749e-03,2.280927136944620008e-03,1.130462084789249019e-03
-2.209999999999999964e+00,2.293036808304485877e-03,2.293076566478900909e-03,7.536413898595886122e-04
-2.205000000000000071e+00,2.305295978587570526e-03,2.305336239071224900e-03,3.768206949297941977e-04
-2.200000000000000178e+00,2.317666776589222526e-03,2.317707547588827161e-03,0.000000000000000000e+00
-2.194999999999999840e+00,2.330150617768344309e-03,2.330191907654705422e-03,0.000000000000000000e+00
-2.189999999999999947e+00,2.342748940793205458e-03,2.342790758106243557e-03,0.000000000000000000e+00
-2.185000000000000053e+00,2.355463208008753365e-03,2.355505561460667814e-03,0.000000000000000000e+00
-2.180000000000000160e+00,2.368294905915042589e-03,2.368337804394079864e-03,0.000000000000000000e+00
-2.175000000000000266e+00,2.381245545657147220e-03,2.381288998234165968e-03,0.000000000000000000e+00
-2.169999999999999929e+00,2.394316663526840309e-03,2.394360679456399889e-03,0.000000000000000000e+00
-2.165000000000000036e+00,2.407509821476383829e-03,2.407554410202935105e-03,0.000000000000000000e+00
-2.160000000000000142e+00,2.420826607644769191e-03,2.420871778808329679e-03,0.000000000000000000e+00
-2.155000000000000249e+00,2.434268636896741358e-03,2.434314400335971761e-03,0.000000000000000000e+00
-2.149999999999999911e+00,2.447837551374980412e-03,2.447883917132511085e-03,0.000000000000000000e+00
-2.145000000000000018e+00,2.461535021065800518e-03,2.461581999392827187e-03,0.000000000000000000e+00
-2.140000000000000124e+00,2.475362744378763538e-03,2.475410345741434117e-03,0.000000000000000000e+00
-2.135000000000000231e+00,2.489322448740588934e-03,2.489370683824149513e-03,0.000000000000000000e+00
-2.129999999999999893e+00,2.503415891203768923e-03,2.503464770918689512e-03,0.000000000000000000e+00
-2.125000000000000000e+00,2.517644859070321262e-03,2.517694394557329525e-03,0.000000000000000000e+00
-2.120000000000000107e+00,2.532011170531096866e-03,2.532061373167674660e-03,0.000000000000000000e+00
-2.115000000000000213e+00,2.546516675321119309e-03,2.546567556726899838e-03,0.000000000000000000e+00
-2.109999999999999876e+00,2.561163255391373395e-03,2.561214827434344157e-03,0.000000000000000000e+00
-2.104999999999999982e+00,2.575952825597571921e-03,2.576005100400550422e-03,0.000000000000000000e+00
-2.100000000000000089e+00,2.590887334406368533e-03,2.590940324353153620e-03,0.000000000000000000e+00
-2.095000000000000195e+00,2.605968764619524120e-03,2.606022482362082074e-03,0.000000000000000000e+00
-2.089999999999999858e+00,2.621199134116574455e-03,2.621253592581363791e-03,0.000000000000000000e+00
-2.084999999999999964e+00,2.636580496616511716e-03,2.636635709011960708e-03,0.000000000000000000e+00
-2.080000000000000071e+00,2.652114942459095261e-03,2.652170922282588543e-03,0.000000000000000000e+00
-2.075000000000000178e+00,2.667804599406315997e-03,2.667861360451981734e-03,0.000000000000000000e+00
-2.069999999999999840e+00,2.683651633464658771e-03,2.683709189830712615e-03,0.000000000000000000e+00
-2.064999999999999947e+00,2.699658249728761721e-03,2.699716615825815697e-03,0.000000000000000000e+00
-2.060000000000000053e+00,2.715826693247140426e-03,2.715885883806190473e-03,0.000000000000000000e+00
-2.055000000000000160e+00,2.732159249910605728e-03,2.732219279991556123e-03,0.000000000000000000e+00
-2.049999999999999822e+00,2.748658247364118516e-03,2.748719132364424271e-03,0.000000000000000000e+00
-2.044999999999999929e+00,2.765326055942713378e-03,2.765387811606548688e-03,0.000000000000000000e+00
-2.040000000000000036e+00,2.782165089632336347e-03,2.782227732059431267e-03,0.000000000000000000e+00
-2.035000000000000142e+00,2.799177807056244666e-03,2.799241352711767401e-03,0.000000000000000000e+00
-2.030000000000000249e+00,2.816366712487842865e-03,2.816431178212130265e-03,0.000000000000000000e+00
-2.024999999999999911e+00,2.833734356890737095e-03,2.833799759909330033e-03,0.000000000000000000e+00
-2.020000000000000018e+00,2.851283338986840797e-03,2.851349696920834394e-03,0.000000000000000000e+00
-2.015000000000000124e+00,2.869016306353443756e-03,2.869083637230519790e-03,0.000000000000000000e+00
-2.010000000000000231e+00,2.886935956550118389e-03,2.887004278815597652e-03,0.000000000000000000e+00
-2.004999999999999893e+00,2.905045038276411317e-03,2.905114370804779116e-03,0.000000000000000000e+00
-2.000000000000000000e+00,2.923346352561286866e-03,2.923416714667553731e-03,0.000000000000000000e+00
-1.995000000000000107e+00,2.941842753985358591e-03,2.941914165437714210e-03,0.000000000000000000e+00
-1.989999999999999991e+00,2.960537151936893686e-03,2.960609632969076355e-03,0.000000000000000000e+00
-1.985000000000000098e+00,2.979432511902730014e-03,2.979506083227285128e-03,0.000000000000000000e+00
-1.979999999999999982e+00,2.998531856795184306e-03,2.998606539616330367e-03,0.000000000000000000e+00
-1.975000000000000089e+00,3.017838268316132885e-03,3.017914084344101595e-03,0.000000000000000000e+00
-1.969999999999999973e+00,3.037354888359457532e-03,3.037431859824767967e-03,8.466323109059088140e-04
-1.965000000000000080e+00,3.057084920453097265e-03,3.057163070120923719e-03,1.693264621812118386e-03
-1.959999999999999964e+00,3.077031631242021798e-03,3.077110982427850097e-03,2.539896932718027200e-03
-1.955000000000000071e+00,3.097198352013438589e-03,3.097278928598323853e-03,3.386529243624236771e-03
-1.949999999999999956e+00,3.117588480265640755e-03,3.117670306713438838e-03,4.233161554530445909e-03
-1.945000000000000062e+00,3.138205481321930911e-03,3.138288582694840224e-03,5.338302423040677640e-03
-1.939999999999999947e+00,3.159052889991115828e-03,3.159137291967526340e-03,6.443443291551302285e-03
-1.935000000000000053e+00,3.180134312276132295e-03,3.180220041169159323e-03,7.548584160061534015e-03
-1.929999999999999938e+00,3.201453427132404470e-03,3.201540509907485274e-03,8.653725028572159528e-03
-1.925000000000000044e+00,3.223013988277604984e-03,3.223102452572541767e-03,9.758865897082391258e-03
-1.919999999999999929e+00,3.244819826054561474e-03,3.244909700198729107e-03,1.009675446683475260e-02
-1.915000000000000036e+00,3.266874849349113950e-03,3.266966162383829527e-03,1.043464303658711394e-02
-1.910000000000000142e+00,3.289183047564775680e-03,3.289275829265265755e-03,1.077253160633935558e-02
-1.905000000000000027e+00,3.311748492656156530e-03,3.311842773552797076e-03,1.111042017609171692e-02
-1.900000000000000133e+00,3.334575341223167556e-03,3.334671152624406158e-03,1.144830874584395856e-02
-1.895000000000000018e+00,3.357667836668092824e-03,3.357765210683816715e-03,1.071995747412801160e-02
-1.890000000000000124e+00,3.381030311417722485e-03,3.381129280983706433e-03,9.991606202412323112e-03
-1.885000000000000009e+00,3.404667189212798751e-03,3.404767788115802604e-03,9.263254930696376149e-03
-1.880000000000000115e+00,3.428582987467126628e-03,3.428685250370783894e-03,8.534903658980685925e-03
-1.875000000000000000e+00,3.452782319698826600e-03,3.452886282170520953e-03,7.806552387264739830e-03
-1.870000000000000107e+00,3.477269898036228126e-03,3.477375596575277023e-03,6.707317563344281780e-03
-1.864999999999999991e+00,3.502050535801090603e-03,3.502158007867357380e-03,5.608082739423432550e-03
-1.860000000000000098e+00,3.527129150171880948e-03,3.527238434215851891e-03,4.508847915502583320e-03
-1.854999999999999982e+00,3.552510764929986149e-03,3.552621900423595658e-03,3.409613091582125270e-03
-1.850000000000000089e+00,3.578200513291835815e-03,3.578313540760847192e-03,2.310378267661276908e-03
-1.844999999999999973e+00,3.604203640830029934e-03,3.604318601886783054e-03,1.848302614129119972e-03
-1.840000000000000080e+00,3.630525508486712270e-03,3.630642445865410028e-03,1.386226960596799104e-03
-1.834999999999999964e+00,3.657171595682547419e-03,3.657290553274160534e-03,9.241513070646421683e-04
-1.830000000000000071e+00,3.684147503524800443e-03,3.684268526414829787e-03,4.620756535323210842e-04
-1.824999999999999956e+00,3.711458958118161577e-03,3.711582092624396596e-03,0.000000000000000000e+00
-1.820000000000000062e+00,3.739111813982119378e-03,3.739237107695189861e-03,0.000000000000000000e+00
-1.814999999999999947e+00,3.767112057578840111e-03,3.767239559402976549e-03,0.000000000000000000e+00
-1.810000000000000053e+00,3.795465810955669407e-03,3.795595571152237616e-03,0.000000000000000000e+00
-1.804999999999999938e+00,3.824179335506569175e-03,3.824311405737532057e-03,0.000000000000000000e+00
-1.800000000000000044e+00,3.853259035856938016e-03,3.853393469232459408e-03,0.000000000000000000e+00
-1.794999999999999929e+00,3.882711463876538805e-03,3.882848315001937237e-03,0.000000000000000000e+00
-1.790000000000000036e+00,3.912543322825351617e-03,3.912682647851018283e-03,0.000000000000000000e+00
-1.785000000000000142e+00,3.942761471637471621e-03,3.942903328310687870e-03,0.000000000000000000e+00
-1.780000000000000027e+00,3.973372929348340660e-03,3.973517377067357567e-03,0.000000000000000000e+00
-1.775000000000000133e+00,4.004384879670835028e-03,4.004531979540003339e-03,0.000000000000000000e+00
-1.770000000000000018e+00,4.035804675726021619e-03,4.035954490614115757e-03,0.000000000000000000e+00
-1.765000000000000124e+00,4.067639844934562918e-03,4.067792439534960273e-03,0.000000000000000000e+00
-1.760000000000000009e+00,4.099898094075109072e-03,4.100053534968392706e-03,0.000000000000000000e+00
-1.755000000000000115e+00,4.132587314516218691e-03,4.132745670235332680e-03,0.000000000000000000e+00
-1.750000000000000000e+00,4.165715587628716909e-03,4.165876928726246729e-03,0.000000000000000000e+00
-1.745000000000000107e+00,4.199291190385623027e-03,4.199455589504764823e-03,0.000000000000000000e+00
-1.739999999999999991e+00,4.233322601157185963e-03,4.233490133104514733e-03,0.000000000000000000e+00
-1.735000000000000098e+00,4.267818505708840734e-03,4.267989247530681526e-03,0.000000000000000000e+00
-1.729999999999999982e+00,4.302787803410305922e-03,4.302961834471828555e-03,0.000000000000000000e+00
-1.725000000000000089e+00,4.338239613664383008e-03,4.338417015732194855e-03,0.000000000000000000e+00
-1.719999999999999973e+00,4.374183282564429558e-03,4.374364139892296909e-03,0.000000000000000000e+00
-1.715000000000000080e+00,4.410628389789876362e-03,4.410812789208613457e-03,0.000000000000000000e+00
-1.709999999999999964e+00,4.447584755749634834e-03,4.447772786759521257e-03,0.000000000000000000e+00
-1.705000000000000071e+00,4.485062448983642529e-03,4.485254203852086403e-03,0.000000000000000000e+00
-1.699999999999999956e+00,4.523071793833329836e-03,4.523267367695379439e-03,0.000000000000000000e+00
-1.695000000000000062e+00,4.561623378392254055e-03,4.561822869356421152e-03,0.000000000000000000e+00
-1.689999999999999947e+00,4.600728062748743810e-03,4.600931572006272154e-03,0.000000000000000000e+00
-1.685000000000000053e+00,4.640396987532858196e-03,4.640604619472692323e-03,0.000000000000000000e+00
-1.679999999999999938e+00,4.680641582780705780e-03,4.680853445108362938e-03,0.000000000000000000e+00
-1.675000000000000044e+00,4.721473577129618737e-03,4.721689780992204336e-03,0.000000000000000000e+00
-1.669999999999999929e+00,4.762905007358521348e-03,4.763125667474339686e-03,0.000000000000000000e+00
-1.665000000000000036e+00,4.804948228288337744e-03,4.805173463082672292e-03,0.000000000000000000e+00
-1.660000000000000142e+00,4.847615923058213629e-03,4.847845854804149271e-03,0.000000000000000000e+00
-1.655000000000000027e+00,4.890921113793902583e-03,4.891155868760888210e-03,0.000000000000000000e+00
-1.650000000000000133e+00,4.934877172685652943e-03,4.935116881293305502e-03,0.000000000000000000e+00
-1.645000000000000018e+00,4.979497833493697935e-03,4.979742630472874972e-03,8.378872911534697378e-05
-1.640000000000000124e+00,5.024797203500348634e-03,5.025047228061659335e-03,1.675774582306641862e-04
-1.635000000000000009e+00,5.070789775928741423e-03,5.071045171938322674e-03,2.513661873460111464e-04
-1.630000000000000115e+00,5.117490442849202334e-03,5.117751359012768543e-03,3.351549164613283724e-04
-1.625000000000000000e+00,5.164914508595328663e-03,5.165181098650413818e-03,4.189436455766753597e-04
-1.620000000000000107e+00,5.213077703712994983e-03,5.213350126629435512e-03,2.059851560314255627e-03
-1.614999999999999991e+00,5.261996199466702391e-03,5.262274619657792037e-03,3.700759475052418923e-03
-1.610000000000000098e+00,5.311686622928921478e-03,5.311971210471115763e-03,5.341667389790582220e-03
-1.604999999999999982e+00,5.362166072679489838e-03,5.362457003542378357e-03,6.982575304528162649e-03
-1.600000000000000089e+00,5.413452135143460679e-03,5.413749591431613571e-03,8.623483219266326813e-03
-1.594999999999999973e+00,5.465562901597369010e-03,5.465867071802066150e-03,1.084837970074392990e-02
-1.590000000000000080e+00,5.518516985875437063e-03,5.518828065139976674e-03,1.307327618222232229e-02
-1.584999999999999964e+00,5.572333542808928508e-03,5.572651733204957332e-03,1.529817266369992365e-02
-1.580000000000000071e+00,5.627032287433652961e-03,5.627357798251868617e-03,1.752306914517831604e-02
-1.574999999999999956e+00,5.682633515002544385e-03,5.682966563057343171e-03,1.974796562665670843e-02
-1.570000000000000062e+00,5.739158121842173783e-03,5.739498931791032349e-03,2.100563775852087173e-02
-1.564999999999999947e+00,5.796627627094274454e-03,5.796976431771782949e-03,2.226330989038548258e-02
-1.560000000000000053e+00,5.855064195385528171e-03,5.855421236156206112e-03,2.352098202224964241e-02
-1.554999999999999938e+00,5.914490660471376920e-03,5.914856187596535982e-03,2.477865415411425326e-02
-1.550000000000000044e+00,5.974930549902018710e-03,5.975304822928540274e-03,2.603632628597841656e-02
-1.544999999999999929e+00,6.036408110761637760e-03,6.036791398927912958e-03,2.549886378701664985e-02
-1.540000000000000036e+00,6.098948336534604740e-03,6.099340919197567858e-03,2.496140128805488315e-02
-1.535000000000000142e+00,6.162576995155637921e-03,6.162979162239976515e-03,2.442393878909331073e-02
-1.530000000000000027e+00,6.227320658303993513e-03,6.227732710773447623e-03,2.388647629013154403e-02
-1.525000000000000133e+00,6.293206732005332191e-03,6.293628982358890310e-03,2.334901379116996814e-02
-1.520000000000000018e+00,6.360263488608581227e-03,6.360696261402344967e-03,2.142955158314044373e-02
-1.515000000000000124e+00,6.428520100208967060e-03,6.428963732605005518e-03,1.951008937511159932e-02
-1.510000000000000009e+00,6.498006673592664900e-03,6.498461515936504972e-03,1.759062716708207144e-02
-1.505000000000000115e+00,6.568754286782913822e-03,6.569220703212261606e-03,1.567116495905322704e-02
-1.500000000000000000e+00,6.640795027272199808e-03,6.641273396357284288e-03,1.375170275102370263e-02
-1.495000000000000107e+00,6.714162032030199755e-03,6.714652747448974883e-03,1.178696318395892201e-02
-1.489999999999999991e+00,6.788889529382590923e-03,6.789393000631602747e-03,9.822223616893445766e-03
-1.485000000000000098e+00,6.865012882861523669e-03,6.865529536006387268e-03,7.857484049827967790e-03
-1.479999999999999982e+00,6.942568637134864488e-03,6.943098915600752312e-03,5.892744482763188907e-03
-1.475000000000000089e+00,7.021594566127720149e-03,7.022138931534339067e-03,3.928004915697710930e-03
-1.469999999999999973e+00,7.102129723457010872e-03,7.102688656498645607e-03,3.142403932558336319e-03
-1.465000000000000080e+00,7.184214495307094349e-03,7.184788496682839934e-03,2.356802949418682416e-03
-1.459999999999999964e+00,7.267890655882841902e-03,7.268480247278741660e-03,1.571201966279307371e-03
-1.455000000000000071e+00,7.353201425584871345e-03,7.353807150711952866e-03,7.856009831396534686e-04
-1.449999999999999956e+00,7.440191532061093613e-03,7.440813957751447709e-03,0.000000000000000000e+00
-1.445000000000000062e+00,7.528907274298424733e-03,7.529546991665326053e-03,0.000000000000000000e+00
-1.439999999999999947e+00,7.619396589929333316e-03,7.620054215594504292e-03,0.000000000000000000e+00
-1.435000000000000053e+00,7.711709125939019381e-03,7.712385303330765440e-03,0.000000000000000000e+00
-1.429999999999999938e+00,7.805896312971408874e-03,7.806591713699402406e-03,0.000000000000000000e+00
-1.425000000000000044e+00,7.902011443445065841e-03,7.902726768755674244e-03,0.000000000000000000e+00
-1.419999999999999929e+00,8.000109753704310808e-03,8.000845736023720622e-03,0.000000000000000000e+00
-1.415000000000000036e+00,8.100248510445854852e-03,8.101005915015051240e-03,0.000000000000000000e+00
-1.409999999999999920e+00,8.202487101677530604e-03,8.203266728286352089e-03,0.000000000000000000e+00
-1.405000000000000027e+00,8.306887132483028666e-03,8.307689817309596783e-03,0.000000000000000000e+00
-1.400000000000000133e+00,8.413512525885628174e-03,8.414339143449495184e-03,0.000000000000000000e+00
-1.395000000000000018e+00,8.522429629123808373e-03,8.523281094358899773e-03,0.000000000000000000e+00
-1.390000000000000124e+00,8.633707325673537630e-03,8.634584596131096579e-03,0.000000000000000000e+00
-1.385000000000000009e+00,8.747417153375741314e-03,8.748321231565353573e-03,0.000000000000000000e+00
-1.380000000000000115e+00,8.863633429052360582e-03,8.864565364931844757e-03,0.000000000000000000e+00
-1.375000000000000000e+00,8.982433380022246047e-03,8.983394273645473049e-03,0.000000000000000000e+00
-1.370000000000000107e+00,9.103897282957126164e-03,9.104888287293815691e-03,0.000000000000000000e+00
-1.364999999999999991e+00,9.228108610550390251e-03,9.229130934487026275e-03,0.000000000000000000e+00
-1.360000000000000098e+00,9.355154186505308667e-03,9.356209098043775235e-03,0.000000000000000000e+00
-1.354999999999999982e+00,9.485124349387126161e-03,9.486213179054105160e-03,0.000000000000000000e+00
-1.350000000000000089e+00,9.618113125923460210e-03,9.619237270405879212e-03,0.000000000000000000e+00
-1.344999999999999973e+00,9.754218414381548435e-03,9.755379340406857003e-03,0.000000000000000000e+00
-1.340000000000000080e+00,9.893542178697823861e-03,9.894741427176140247e-03,0.000000000000000000e+00
-1.334999999999999964e+00,1.003619065408729166e-02,1.003742984453574218e-02,0.000000000000000000e+00
-1.330000000000000071e+00,1.018227456491533310e-02,1.018355540018775832e-02,0.000000000000000000e+00
-1.324999999999999956e+00,1.033190935567581022e-02,1.033323362701953942e-02,0.000000000000000000e+00
-1.320000000000000062e+00,1.048521543598454273e-02,1.048658502845221246e-02,0.000000000000000000e+00
-1.314999999999999947e+00,1.064231844056939651e-02,1.064373533881246905e-02,0.000000000000000000e+00
-1.310000000000000053e+00,1.080334950531567327e-02,1.080481579979033699e-02,0.000000000000000000e+00
-1.304999999999999938e+00,1.096844556051078216e-02,1.096996345413062644e-02,0.000000000000000000e+00
-1.300000000000000044e+00,1.113774964252411959e-02,1.113932145779514445e-02,0.000000000000000000e+00
-1.294999999999999929e+00,1.131141122525959608e-02,1.131303941193768231e-02,2.211550914009339196e-03
-1.290000000000000036e+00,1.148958657282750893e-02,1.149127371614102298e-02,4.423101828018678391e-03
-1.284999999999999920e+00,1.167243911500361400e-02,1.167418794448962273e-02,6.634652742027232625e-03
-1.280000000000000027e+00,1.186013984717369796e-02,1.186195324617901441e-02,8.846203656036572688e-03
-1.275000000000000133e+00,1.205286775660662987e-02,1.205474877251084403e-02,1.105775457004512519e-02
-1.270000000000000018e+00,1.225081027705553043e-02,1.225276213227782622e-02,1.493752704059660499e-02
-1.265000000000000124e+00,1.245416377385971836e-02,1.245618987771828987e-02,1.881729951114670396e-02
-1.260000000000000009e+00,1.266313406190902081e-02,1.266523802340809891e-02,2.269707198169818377e-02
-1.255000000000000115e+00,1.287793695903957994e-02,1.288012260066580782e-02,2.657684445224828274e-02
-1.250000000000000000e+00,1.309879887765885535e-02,1.310107025027781001e-02,3.045661692279976254e-02
-1.245000000000000107e+00,1.332595745764755639e-02,1.332831885660043861e-02,3.390114732373205458e-02
-1.239999999999999991e+00,1.355966224386324914e-02,1.356211822637325842e-02,3.734567772466557134e-02
-1.235000000000000098e+00,1.380017541187354008e-02,1.380273081588294544e-02,4.079020812559908810e-02
-1.229999999999999982e+00,1.404777254588281468e-02,1.405043251045418919e-02,4.423473852653138361e-02
-1.225000000000000089e+00,1.430274347318586693e-02,1.430551346061562090e-02,4.767926892746490036e-02
-1.219999999999999973e+00,1.456539315989122639e-02,1.456827897969787712e-02,4.870836931950991294e-02
-1.215000000000000080e+00,1.483604267310833363e-02,1.483905050807670864e-02,4.973746971155528634e-02
-1.209999999999999964e+00,1.511503021529398728e-02,1.511816664977605473e-02,5.076657010360029199e-02
-1.205000000000000071e+00,1.540271223700704142e-02,1.540598428770016681e-02,5.179567049564567233e-02
-1.199999999999999956e+00,1.569946463493648164e-02,1.570287978438671822e-02,5.282477088769104573e-02
-1.195000000000000062e+00,1.600568404275005269e-02,1.600925027585467508e-02,5.080354511104118176e-02
-1.189999999999999947e+00,1.632178922307104402e-02,1.632551506688496509e-02,4.878231933439060308e-02
-1.185000000000000053e+00,1.664822256973490927e-02,1.665211713692206150e-02,4.676109355774073217e-02
-1.179999999999999938e+00,1.698545173042014314e-02,1.698952476672770454e-02,4.473986778109015350e-02
-1.175000000000000044e+00,1.733397136079722900e-02,1.733823329697748578e-02,4.271864200444028953e-02
-1.169999999999999929e+00,1.769430502251388357e-02,1.769876703116715633e-02,3.879226105862214335e-02
-1.165000000000000036e+00,1.806700723864554728e-02,1.807168129651511371e-02,3.486588011280400412e-02
-1.159999999999999920e+00,1.845266572171015348e-02,1.845756467802332421e-02,3.093949916698725267e-02
-1.155000000000000027e+00,1.885190379099187588e-02,1.885704144251474507e-02,2.701311822116910996e-02
-1.150000000000000133e+00,1.926538299776802549e-02,1.927077417132541659e-02,2.308673727535235851e-02
-1.145000000000000018e+00,1.969380597911031192e-02,1.969946662241432028e-02,1.960603320713027661e-02
-1.140000000000000124e+00,2.013791956327059748e-02,2.014386684501153629e-02,1.612532913890942984e-02
-1.135000000000000009e+00,2.059851815229787539e-02,2.060477057257062428e-02,1.264462507068734622e-02
-1.130000000000000115e+00,2.107644741050742135e-02,2.108302492278930212e-02,9.163921002466499446e-03
-1.125000000000000000e+00,2.157260829078806383e-02,2.157953243684419126e-02,5.683216934244415819e-03
-1.120000000000000107e+00,2.208796143454016397e-02,2.209525549381532311e-02,4.546573547395774476e-03
-1.114999999999999991e+00,2.262353198535553903e-02,2.263122114062454324e-02,3.409930160546730243e-03
-1.110000000000000098e+00,2.318041486145291583e-02,2.318852638274474659e-02,2.273286773697685576e-03
-1.104999999999999982e+00,2.375978053746112886e-02,2.376834398655229205e-02,1.136643386849044667e-03
-1.100000000000000089e+00,2.436288139249588591e-02,2.437192885059513703e-02,0.000000000000000000e+00
-1.094999999999999973e+00,2.499105868873011810e-02,2.500062501034935533e-02,0.000000000000000000e+00
-1.090000000000000080e+00,2.564575025294886859e-02,2.565587334939448474e-02,0.000000000000000000e+00
-1.084999999999999964e+00,2.632849894307864175e-02,2.633922009949997076e-02,0.000000000000000000e+00
-1.080000000000000071e+00,2.704096199257793529e-02,2.705232622310196552e-02,0.000000000000000000e+00
-1.074999999999999956e+00,2.778492133810592582e-02,2.779697778427385121e-02,0.000000000000000000e+00
-1.070000000000000062e+00,2.856229505031596463e-02,2.857509742884374246e-02,0.000000000000000000e+00
-1.064999999999999947e+00,2.937515000427873973e-02,2.938875711110243080e-02,0.000000000000000000e+00
-1.060000000000000053e+00,3.022571594530094885e-02,3.024019222398032294e-02,0.000000000000000000e+00
-1.054999999999999938e+00,3.111640112823265900e-02,3.113181731208568628e-02,0.000000000000000000e+00
-1.050000000000000044e+00,3.204980973428449287e-02,3.206624357316754936e-02,0.000000000000000000e+00
-1.044999999999999929e+00,3.302876129956239942e-02,3.304629838403006642e-02,0.000000000000000000e+00
-1.040000000000000036e+00,3.405631242474291276e-02,3.407504712248198009e-02,0.000000000000000000e+00
-1.034999999999999920e+00,3.513578107650005417e-02,3.515581759849795845e-02,0.000000000000000000e+00
-1.030000000000000027e+00,3.627077383957846846e-02,3.629222745655449195e-02,0.000000000000000000e+00
-1.024999999999999911e+00,3.746521653515861444e-02,3.748821496844297052e-02,0.000000000000000000e+00
-1.020000000000000018e+00,3.872338868802732009e-02,3.874807370347170543e-02,0.000000000000000000e+00
-1.015000000000000124e+00,4.004996240407631553e-02,4.007649164285680132e-02,0.000000000000000000e+00
-1.010000000000000009e+00,4.145004631325104744e-02,4.147859539980545268e-02,0.000000000000000000e+00
-1.005000000000000115e+00,4.292923534428638721e-02,4.296000031934161384e-02,0.000000000000000000e+00
-1.000000000000000000e+00,4.449366723008718605e-02,4.452686736609996754e-02,0.000000000000000000e+00
-9.949999999999999956e-01,4.615008680100728816e-02,4.618596786876159183e-02,0.000000000000000000e+00
-9.899999999999999911e-01,4.790591931320005437e-02,4.794475738225959655e-02,0.000000000000000000e+00
-9.849999999999999867e-01,4.976935428766292302e-02,4.981146016050942704e-02,0.000000000000000000e+00
-9.799999999999999822e-01,5.174944161132908477e-02,5.179516601210749221e-02,0.000000000000000000e+00
-9.749999999999999778e-01,5.385620198550869486e-02,5.390594165039204466e-02,0.000000000000000000e+00
-9.699999999999999734e-01,5.610075421290496023e-02,5.615495906146526772e-02,0.000000000000000000e+00
-9.649999999999999689e-01,5.849546230968611510e-02,5.855464391703103094e-02,0.000000000000000000e+00
-9.599999999999999645e-01,6.105410603568160038e-02,6.111884767563811882e-02,0.000000000000000000e+00
-9.550000000000000711e-01,6.379207918170788638e-02,6.386304777488911733e-02,0.000000000000000000e+00
-9.500000000000000666e-01,6.672662087416017518e-02,6.680458125501695377e-02,0.000000000000000000e+00
-9.450000000000000622e-01,6.987708629940192484e-02,6.996291831826594032e-02,0.000000000000000000e+00
-9.400000000000000577e-01,7.326526467368417450e-02,7.335998377979204010e-02,0.000000000000000000e+00
-9.350000000000000533e-01,7.691575406564216122e-02,7.702053618381606015e-02,0.000000000000000000e+00
-9.300000000000000488e-01,8.085640491881311565e-02,8.097261664734720088e-02,0.000000000000000000e+00
-9.250000000000000444e-01,8.511884695366778164e-02,8.524808238952878703e-02,0.000000000000000000e+00
-9.200000000000000400e-01,8.973911772744032345e-02,8.988324358807670000e-02,1.408242065376923494e-02
-9.150000000000000355e-01,9.475841572822013559e-02,9.491962691566456500e-02,2.816484130753846987e-02
-9.100000000000000311e-01,1.002240067883581748e-01,1.004048951700697440e-01,4.224726196130270534e-02
-9.050000000000000266e-01,1.061903202397497387e-01,1.063939602558856834e-01,5.632968261507193680e-02
-9.000000000000000222e-01,1.127202811668496785e-01,1.129503369906262045e-01,7.041210326883616533e-02
-8.950000000000000178e-01,1.198869381154709091e-01,1.201477985973729568e-01,1.133408282786402821e-01
-8.900000000000000133e-01,1.277754627483424499e-01,1.280724124148614473e-01,1.562695532884291749e-01
-8.850000000000000089e-01,1.364856206710630682e-01,1.368250578357345093e-01,1.991982782982332778e-01
-8.800000000000000044e-01,1.461348430318396285e-01,1.465245599131910770e-01,2.421270033080221706e-01
-8.750000000000000000e-01,1.568620694002673677e-01,1.573116144642534575e-01,2.850557283178262735e-01
-8.699999999999999956e-01,1.688325879224220616e-01,1.693537381097515448e-01,3.559868247084815307e-01
-8.649999999999999911e-01,1.822441746315355826e-01,1.828515556194568459e-01,4.269179210991115303e-01
-8.599999999999999867e-01,1.973349383960791292e-01,1.980468459418945615e-01,4.978490174897667875e-01
-8.549999999999999822e-01,2.143934233607927009e-01,2.152329200926388630e-01,5.687801138803968426e-01
-8.499999999999999778e-01,2.337717244257135896e-01,2.347681171638842934e-01,6.397112102710520443e-01
-8.449999999999999734e-01,2.559026589947204222e-01,2.570935062105338953e-01,7.267306183868726954e-01
-8.399999999999999689e-01,2.813224476348308301e-01,2.827563114591776783e-01,8.137500265027242108e-01
-8.349999999999999645e-01,3.107009428786542959e-01,3.124411945200435969e-01,9.007694346185448619e-01
-8.300000000000000711e-01,3.448822903564162656e-01,3.470124149440436123e-01,9.877888427343963773e-01
-8.250000000000000666e-01,3.849401270963250798e-01,3.875711707276364715e-01,1.074808250850247893e+00
-8.200000000000000622e-01,4.322531830017314891e-01,4.355342591589047574e-01,1.160153452816572006e+00
-8.150000000000000577e-01,4.886096708325328719e-01,4.927428026991170218e-01,1.245498654782926540e+00
-8.100000000000000533e-01,5.563523748974126271e-01,5.616133533902476493e-01,1.330843856749250431e+00
-8.050000000000000488e-01,6.385810399364408863e-01,6.453482258284424233e-01,1.416189058715604965e+00
-8.000000000000000444e-01,7.394342045974831024e-01,7.482266414779751296e-01,1.501534260681929078e+00
-7.950000000000000400e-01,8.644770861171628962e-01,8.760000165855296173e-01,1.566863515498238879e+00
-7.900000000000000355e-01,1.021218806592416595e+00,1.036403552419856045e+00,1.632192770314548680e+00
-7.850000000000000311e-01,1.219751406317661324e+00,1.239744563345297479e+00,1.697522025130835388e+00
-7.800000000000000266e-01,1.473391300558348327e+00,1.499365641258771031e+00,1.762851279947144967e+00
-7.750000000000000222e-01,1.798878048964319687e+00,1.831351599787714779e+00,1.828180534763431675e+00
-7.700000000000000178e-01,2.214856444185454354e+00,2.251891325721644854e+00,1.859200404526114792e+00
-7.650000000000000133e-01,2.735596791336647904e+00,2.769132062068169642e+00,1.890220274288787028e+00
-7.600000000000000089e-01,3.354389110757091785e+00,3.365647610968269365e+00,1.921240144051470145e+00
-7.550000000000000044e-01,4.012267660277606396e+00,3.973491113169131950e+00,1.952260013814142381e+00
-7.500000000000000000e-01,4.567512893945784747e+00,4.462964123649953763e+00,1.983279883576825497e+00
-7.449999999999999956e-01,4.825291742209362411e+00,4.682566294572286125e+00,1.973093713669092253e+00
-7.399999999999999911e-01,4.669548383588147722e+00,4.550490519973497072e+00,1.962907543761362561e+00
-7.349999999999999867e-01,4.172452544949500464e+00,4.117009287827684716e+00,1.952721373853629538e+00
-7.299999999999999822e-01,3.524079830008652880e+00,3.525218621875125358e+00,1.942535203945899847e+00
-7.249999999999999778e-01,2.886812326290005615e+00,2.916914984744663375e+00,1.932349034038166602e+00
-7.199999999999999734e-01,2.338966675052188471e+00,2.376228547358907761e+00,1.883044726657889800e+00
-7.149999999999999689e-01,1.897156799288532314e+00,1.931150757080033031e+00,1.833740419277595457e+00
-7.099999999999999645e-01,1.550350816748991667e+00,1.577998938679545882e+00,1.784436111897318655e+00
-7.049999999999999600e-01,1.280130836538533101e+00,1.301556315158582722e+00,1.735131804517024312e+00
-7.000000000000000666e-01,1.069005080468618862e+00,1.085308544526750518e+00,1.685827497136729969e+00
-6.950000000000000622e-01,9.027606211783655299e-01,9.151255603726249355e-01,1.608061023958260005e+00
-6.900000000000000577e-01,7.705329336877081436e-01,7.799508925940841220e-01,1.530294550779762286e+00
-6.850000000000000533e-01,6.642144110398157109e-01,6.714457172847601019e-01,1.452528077601292100e+00
-6.800000000000000488e-01,5.777956093586081865e-01,5.834026244874035427e-01,1.374761604422794381e+00
-6.750000000000000444e-01,5.068136258275878214e-01,5.112068194628783813e-01,1.296995131244324417e+00
-6.700000000000000400e-01,4.479327224084716508e-01,4.514111131276346001e-01,1.207609667648881224e+00
-6.650000000000000355e-01,3.986378927510129677e-01,4.014201701725916283e-01,1.118224204053438253e+00
-6.600000000000000311e-01,3.570144135172559352e-01,3.592616518543338966e-01,1.028838740458026813e+00
-6.550000000000000266e-01,3.215898411022862224e-01,3.234217103644264069e-01,9.394532768625837305e-01
-6.500000000000000222e-01,2.912204756876292100e-01,2.927267234754147851e-01,8.500678132671724008e-01
-6.450000000000000178e-01,2.650092899733310081e-01,2.662578735769149385e-01,7.680717460385925177e-01
-6.400000000000000133e-01,2.422461377463601684e-01,2.432890081838204599e-01,6.860756788100417225e-01
-6.350000000000000089e-01,2.223638115609552490e-01,2.232410547385532684e-01,6.040796115814618394e-01
-6.300000000000000044e-01,2.049054518839810990e-01,2.056482769810100142e-01,5.220835443529110442e-01
-6.250000000000000000e-01,1.895001516419439480e-01,1.901330661055996574e-01,4.400874771243312167e-01
-6.199999999999999956e-01,1.758445286166240018e-01,1.763869351478455361e-01,3.815524677916630192e-01
-6.149999999999999911e-01,1.636886820700743095e-01,1.641560615939870738e-01,3.230174584590156384e-01
-6.099999999999999867e-01,1.528253987202601305e-01,1.532301943217626861e-01,2.644824491263474409e-01
-6.049999999999999822e-01,1.430817879345506471e-01,1.434340709675882286e-01,2.059474397937000323e-01
-5.999999999999999778e-01,1.343127484122597359e-01,1.346207245917206419e-01,1.474124304610318348e-01
-5.949999999999999734e-01,1.263958270288440544e-01,1.266662239919496280e-01,1.200072975318879631e-01
-5.899999999999999689e-01,1.192271442520656671e-01,1.194655106066209865e-01,9.260216460273436312e-02
-5.849999999999999645e-01,1.127181428773867677e-01,1.129290806321441437e-01,6.519703167359050533e-02
-5.799999999999999600e-01,1.067929769189170930e-01,1.069803233942716036e-01,3.779189874443689146e-02
-5.750000000000000666e-01,1.013864016938455098e-01,1.015533728408890279e-01,1.038676581528330013e-02
-5.700000000000000622e-01,9.644205890510190726e-02,9.659136293779765903e-02,8.309412652226934315e-03
-5.650000000000000577e-01,9.191107499975571804e-02,9.204500303645829495e-02,6.232059489169832107e-03
-5.600000000000000533e-01,8.775090949155772702e-02,8.787140827673624310e-02,4.154706326113467157e-03
-5.550000000000000488e-01,8.392440388366426141e-02,8.403313445583392161e-02,2.077353163056364083e-03
-5.500000000000000444e-01,8.039899246523192489e-02,8.049737773772992766e-02,0.000000000000000000e+00
-5.450000000000000400e-01,7.714604442142147800e-02,7.723530796676843224e-02,0.000000000000000000e+00
-5.400000000000000355e-01,7.414031300386256240e-02,7.422151082119016197e-02,0.000000000000000000e+00
-5.350000000000000311e-01,7.135947240994244822e-02,7.143351906580466815e-02,0.000000000000000000e+00
-5.300000000000000266e-01,6.878372684982621277e-02,6.885141708469011412e-02,0.000000000000000000e+00
-5.250000000000000222e-01,6.639547929040445773e-02,6.645750595355925938e-02,0.000000000000000000e+00
-5.200000000000000178e-01,6.417904974362520498e-02,6.423601874142816082e-02,0.000000000000000000e+00
-5.150000000000000133e-01,6.212043485521147324e-02,6.217287765910653463e-02,0.000000000000000000e+00
-5.100000000000000089e-01,6.020710205681278210e-02,6.025548620914095155e-02,0.000000000000000000e+00
-5.050000000000000044e-01,5.842781275294178095e-02,5.847255072326212888e-02,0.000000000000000000e+00
-5.000000000000000000e-01,5.677246998724556210e-02,5.681392666444548545e-02,0.000000000000000000e+00
-4.949999999999999956e-01,5.523198681993569947e-02,5.527048587184457684e-02,0.000000000000000000e+00
-4.899999999999999911e-01,5.379817228776902910e-02,5.383400157724842205e-02,0.000000000000000000e+00
-4.849999999999999867e-01,5.246363233966368916e-02,5.249704855190339553e-02,0.000000000000000000e+00
-4.799999999999999822e-01,5.122168356825534952e-02,5.125291617644465308e-02,0.000000000000000000e+00
-4.750000000000000333e-01,5.006627790888550089e-02,5.009553258316991331e-02,0.000000000000000000e+00
-4.700000000000000289e-01,4.899193676726477237e-02,4.901939831384061197e-02,0.000000000000000000e+00
-4.650000000000000244e-01,4.799369327697211585e-02,4.801952817947320595e-02,0.000000000000000000e+00
-4.600000000000000200e-01,4.706704158729183018e-02,4.709140021061883341e-02,0.000000000000000000e+00
-4.550000000000000155e-01,4.620789224808324880e-02,4.623091075497651886e-02,0.000000000000000000e+00
-4.500000000000000111e-01,4.541253289738567817e-02,4.543433491995139961e-02,0.000000000000000000e+00
-4.450000000000000067e-01,4.467759357411119764e-02,4.469829167582786006e-02,0.000000000000000000e+00
-4.400000000000000022e-01,4.400001607637481216e-02,4.401971303457850870e-02,0.000000000000000000e+00
-4.349999999999999978e-01,4.337702686893682436e-02,4.339581680319431339e-02,0.000000000000000000e+00
-4.299999999999999933e-01,4.280611311347950337e-02,4.282408248144234375e-02,0.000000000000000000e+00
-4.249999999999999889e-01,4.228500145513539032e-02,4.230222993427810302e-02,0.000000000000000000e+00
-4.199999999999999845e-01,4.181163924957730094e-02,4.182820052056179794e-02,2.190922496207632804e-03
-4.150000000000000355e-01,4.138417795850701797e-02,4.140014040368070886e-02,4.381844992415265608e-03
-4.100000000000000311e-01,4.100095847873885813e-02,4.101638580740054468e-02,6.572767488622120388e-03
-4.050000000000000266e-01,4.066049820225175332e-02,4.067545001274584099e-02,8.763689984829752325e-03
-4.000000000000000222e-01,4.036147963240743763e-02,4.037601191977858994e-02,1.095461248103660711e-02
-3.950000000000000178e-01,4.010274040569243581e-02,4.011690602252065280e-02,1.649634281729897914e-02
-3.900000000000000133e-01,3.988326458941852254e-02,3.989711366651482738e-02,2.203807315355938573e-02
-3.850000000000000089e-01,3.970217514429949524e-02,3.971575547715562593e-02,2.757980348982175950e-02
-3.800000000000000044e-01,3.955872745712690763e-02,3.957208486335136999e-02,3.312153382608216262e-02
-3.750000000000000000e-01,3.945230386324875133e-02,3.946548251567474908e-02,3.866326416234453639e-02
-3.699999999999999956e-01,3.938240909151530939e-02,3.939545183120731625e-02,4.489593766889288240e-02
-3.649999999999999911e-01,3.934866657606136964e-02,3.936161520908192796e-02,5.112861117543900796e-02
-3.599999999999999867e-01,3.935081558997136075e-02,3.936371117146521270e-02,5.736128468198735397e-02
-3.549999999999999822e-01,3.938870916572915354e-02,3.940159227465486053e-02,6.359395818853348648e-02
-3.500000000000000333e-01,3.946231277656716413e-02,3.947522378423511114e-02,6.982663169508182555e-02
-3.450000000000000289e-01,3.957170376156794733e-02,3.958468309702076887e-02,7.349895044371849984e-02
-3.400000000000000244e-01,3.971707148578767360e-02,3.973015990100506323e-02,7.717126919235646476e-02
-3.350000000000000200e-01,3.989871823491017433e-02,3.991195707279607957e-02,8.084358794099313905e-02
-3.300000000000000155e-01,4.011706085214365031e-02,4.013049232030058838e-02,8.451590668963110398e-02
-3.250000000000000111e-01,4.037263313337855625e-02,4.038630058675659468e-02,8.818822543826908278e-02
-3.200000000000000067e-01,4.066608900517398872e-02,4.068003724082211447e-02,8.752273401166069111e-02
-3.150000000000000022e-01,4.099820651908051006e-02,4.101248208642985921e-02,8.685724258505206352e-02
-3.099999999999999978e-01,4.136989270529096985e-02,4.138454423565184059e-02,8.619175115844365798e-02
-3.049999999999999933e-01,4.178218933880823577e-02,4.179726789808989318e-02,8.552625973183503039e-02
-2.999999999999999889e-01,4.223627968241196878e-02,4.225183915147220221e-02,8.486076830522663872e-02
-2.949999999999999845e-01,4.273349628290328689e-02,4.274959377041644137e-02,8.033290454753655441e-02
-2.899999999999999800e-01,4.327532991063619966e-02,4.329202620394857759e-02,7.580504078984648397e-02
-2.850000000000000311e-01,4.386343974747808350e-02,4.388079980760874882e-02,7.127717703215800948e-02
-2.800000000000000266e-01,4.449966494537899858e-02,4.451775845314016183e-02,6.674931327446792517e-02
-2.750000000000000222e-01,4.518603769703119499e-02,4.520493965821323346e-02,6.222144951677945762e-02
-2.700000000000000178e-01,4.592479798207847047e-02,4.594458940078732095e-02,5.615866544811320277e-02
-2.650000000000000133e-01,4.671841017747738189e-02,4.673917880806394143e-02,5.009588137944910591e-02
-2.600000000000000089e-01,4.756958174949314777e-02,4.759142293911394067e-02,4.403309731078285105e-02
-2.550000000000000044e-01,4.848128427811432967e-02,4.850430191385196599e-02,3.797031324211874725e-02
-2.500000000000000000e-01,4.945677710319747178e-02,4.948108467990993548e-02,3.190752917345249934e-02
-2.449999999999999956e-01,5.049963392637282777e-02,5.052535575409880519e-02,2.719991692012642751e-02
-2.399999999999999911e-01,5.161377275480696220e-02,5.164104532771054967e-02,2.249230466680202795e-02
-2.350000000000000144e-01,5.280348963371220283e-02,5.283246318631236449e-02,1.778469241347595958e-02
-2.300000000000000100e-01,5.407349668568214168e-02,5.410433696660441050e-02,1.307708016015156002e-02
-2.250000000000000056e-01,5.542896505853004557e-02,5.546185535738443889e-02,8.369467906825489925e-03
-2.200000000000000011e-01,5.687557348174625965e-02,5.691071695118540830e-02,6.695574325460748773e-03
-2.149999999999999967e-01,5.841956324793250166e-02,5.845718557068328020e-02,5.021680744095412610e-03
-2.099999999999999922e-01,6.006780057321656902e-02,6.010815303322880609e-02,3.347787162730671458e-03
-2.050000000000000155e-01,6.182784745410532107e-02,6.187121048225445452e-02,1.673893581365335295e-03
-2.000000000000000111e-01,6.370804233289048546e-02,6.375472961137212957e-02,0.000000000000000000e+00
-1.950000000000000067e-01,6.571759211621698571e-02,6.576795534243691510e-02,0.000000000000000000e+00
-1.900000000000000022e-01,6.786667736993677591e-02,6.792111180103428680e-02,0.000000000000000000e+00
-1.849999999999999978e-01,7.016657284802549355e-02,7.022552377205371066e-02,0.000000000000000000e+00
-1.799999999999999933e-01,7.262978591669932982e-02,7.269375622704944695e-02,0.000000000000000000e+00
-1.750000000000000167e-01,7.527021592258663352e-02,7.533977500988946197e-02,0.000000000000000000e+00
-1.700000000000000122e-01,7.810333814543503339e-02,7.817913236772282282e-02,3.329512424215497115e-03
-1.650000000000000078e-01,8.114641669589632567e-02,8.122918174553304949e-02,6.659024848430994230e-03
-1.600000000000000033e-01,8.441875159827774699e-02,8.450932715603332035e-02,9.988537272645307830e-03
-1.549999999999999989e-01,8.794196637573657716e-02,8.804131353214700306e-02,1.331804969686080538e-02
-1.499999999999999944e-01,9.174034378057940864e-02,9.184956581726483327e-02,1.664756212107511985e-02
-1.449999999999999900e-01,9.584121894785059548e-02,9.596158621305098113e-02,3.184749454034450922e-02
-1.400000000000000133e-01,1.002754412762944386e-01,1.004084210676282340e-01,4.704742695960849319e-02
-1.350000000000000089e-01,1.050779188594879177e-01,1.052252114534475425e-01,6.224735937887788256e-02
-1.300000000000000044e-01,1.102882624329785538e-01,1.104518446886453287e-01,7.744729179814185960e-02
-1.250000000000000000e-01,1.159515497399763173e-01,1.161337280718047066e-01,9.264722421741125591e-02
-1.199999999999999956e-01,1.221192361671969429e-01,1.223227111518211396e-01,1.226977863231096116e-01
-1.150000000000000050e-01,1.288502437467961836e-01,1.290781892320860269e-01,1.527483484287972815e-01
-1.100000000000000006e-01,1.362122685267709021e-01,1.364684288874275786e-01,1.827989105344956511e-01
-1.049999999999999961e-01,1.442833563566592037e-01,1.445721665407967149e-01,2.128494726401833348e-01
-1.000000000000000056e-01,1.531538099352469373e-01,1.534805442366681538e-01,2.429000347458816766e-01
-9.500000000000000111e-02,1.629285063218535168e-01,1.632994634769879827e-01,2.858301856969895360e-01
-8.999999999999999667e-02,1.737297250540008331e-01,1.741524594051722941e-01,3.287603366481126610e-01
-8.500000000000000611e-02,1.857006138626415004e-01,1.861842250762655582e-01,3.716904875992205204e-01
-8.000000000000000167e-02,1.990094534022224249e-01,1.995649507242127363e-01,4.146206385503437009e-01
-7.499999999999999722e-02,2.138549264866989597e-01,2.144956879005665007e-01,4.575507895014668258e-01
-7.000000000000000666e-02,2.304726535208495852e-01,2.312150055476957233e-01,5.076712482545520100e-01
-6.500000000000000222e-02,2.491433269199319067e-01,2.500072771289647555e-01,5.577917070076549022e-01
-5.999999999999999778e-02,2.702028660558347672e-01,2.712130272708327405e-01,6.079121657607400309e-01
-5.500000000000000028e-02,2.940551224737015246e-01,2.952418740613157455e-01,6.580326245138430341e-01
-5.000000000000000278e-02,3.211877917567220186e-01,3.225887266296288969e-01,7.081530832669281628e-01
-4.499999999999999833e-02,3.521923255413828002e-01,3.538540258724690024e-01,7.576967324225980516e-01
-4.000000000000000083e-02,3.877887617613374749e-01,3.897689200516103458e-01,8.072403815782679404e-01
-3.500000000000000333e-02,4.288564488740650993e-01,4.312262802996377764e-01,8.567840307339201766e-01
-2.999999999999999889e-02,4.764715134742154579e-01,4.793182442774424068e-01,9.063276798895900654e-01
-2.500000000000000139e-02,5.319513704727695247e-01,5.353802479797500347e-01,9.558713290452423017e-01
-2.000000000000000042e-02,5.969051268473354321e-01,6.010397181956885770e-01,9.967736626514113185e-01
-1.499999999999999944e-02,6.732854756752119085e-01,6.782637214898530331e-01,1.037675996257565680e+00
-1.000000000000000021e-02,7.634309387286852822e-01,7.693920491724430821e-01,1.078578329863734808e+00
-5.000000000000000104e-03,8.700741512161702662e-01,8.771273664084956456e-01,1.119480663469889281e+00
0.000000000000000000e+00,9.962675814325661072e-01,1.004427648565001885e+00,1.160382997076058187e+00
5.000000000000000104e-03,1.145136434329216080e+00,1.154203513130735326e+00,1.185926796735873312e+00
1.000000000000000021e-02,1.319305448971472616e+00,1.328665514097810307e+00,1.211470596395688437e+00
1.499999999999999944e-02,1.519773654435012000e+00,1.528118648830548265e+00,1.237014396055503340e+00
2.000000000000000042e-02,1.743992033360904692e+00,1.749045714763025838e+00,1.262558195715318465e+00
2.500000000000000139e-02,1.983108700507145494e+00,1.981629528206111157e+00,1.288101995375133590e+00
2.999999999999999889e-02,2.219087969982288744e+00,2.207623024737317419e+00,1.294182418454150385e+00
3.500000000000000333e-02,2.423818189846343341e+00,2.400522426471162429e+00,1.300262841533167402e+00
4.000000000000000083e-02,2.563443224585731262e+00,2.530268481696684724e+00,1.306343264612184196e+00
4.499999999999999833e-02,2.609340571475214254e+00,2.572585223070454230e+00,1.312423687691201213e+00
5.000000000000000278e-02,2.551067722709981389e+00,2.518829895734706614e+00,1.318504110770218007e+00
5.500000000000000028e-02,2.401793867799598026e+00,2.379919759063211071e+00,1.304336632640282101e+00
5.999999999999999778e-02,2.191509197713106705e+00,2.181406692915091927e+00,1.290169154510346194e+00
6.500000000000000222e-02,1.953839607685292634e+00,1.953344691990160920e+00,1.276001676380410066e+00
7.000000000000000666e-02,1.715772858891855046e+00,1.721381890973691542e+00,1.261834198250474159e+00
7.499999999999999722e-02,1.494115944445671751e+00,1.502684062281314015e+00,1.247666720120538253e+00
8.000000000000000167e-02,1.296792782518737752e+00,1.306170282604261379e+00,1.215851013708488360e+00
8.500000000000000611e-02,1.125789960392157507e+00,1.134769219729934830e+00,1.184035307296438244e+00
8.999999999999999667e-02,9.798267981780796054e-01,9.878575804422794482e-01,1.152219600884388129e+00
9.500000000000000111e-02,8.561714079443999426e-01,8.630887475275794696e-01,1.120403894472338235e+00
1.000000000000000056e-01,7.516852047610406151e-01,7.575203496177537188e-01,1.088588188060288120e+00
1.049999999999999961e-01,6.633459059169491967e-01,6.682143204770333300e-01,1.044543005518520973e+00
1.100000000000000006e-01,5.884669666600542692e-01,5.925088967280726093e-01,1.000497822976753826e+00
1.150000000000000050e-01,5.247580729328104043e-01,5.281101688020686247e-01,9.564526404349865674e-01
1.199999999999999956e-01,4.703107724521928268e-01,4.730944728445514169e-01,9.124074578932195312e-01
1.250000000000000000e-01,4.235541117389439170e-01,4.258724130261546392e-01,8.683622753514522730e-01
1.300000000000000044e-01,3.832025088721554562e-01,3.851405723395857628e-01,8.192446891874131110e-01
1.350000000000000089e-01,3.482059182734583702e-01,3.498331858622527601e-01,7.701271030233739490e-01
1.400000000000000133e-01,3.177061538473965885e-01,3.190788477557546243e-01,7.210095168593347870e-01
1.449999999999999900e-01,2.910002714125041745e-01,2.921637781854335980e-01,6.718919306952959580e-01
1.499999999999999944e-01,2.675106092255321033e-01,2.685015598357839428e-01,6.227743445312567960e-01
1.549999999999999989e-01,2.467606056996934361e-01,2.476086097234736494e-01,5.760762422258017823e-01
1.600000000000000033e-01,2.283554189198946094e-01,2.290844743806643435e-01,5.293781399203467686e-01
1.650000000000000078e-01,2.119664429160116881e-01,2.125960662626174003e-01,4.826800376148918659e-01
1.700000000000000122e-01,1.973189438082674496e-01,1.978650685845914359e-01,4.359819353094368521e-01
1.750000000000000167e-01,1.841821756086038930e-01,1.846578645196344792e-01,3.892838330039818939e-01
1.799999999999999933e-01,1.723614600927072249e-01,1.727774686095847334e-01,3.513466302078890879e-01
1.849999999999999978e-01,1.616918209761646352e-01,1.620570437383943851e-01,3.134094274117960599e-01
1.900000000000000022e-01,1.520328491077548860e-01,1.523546741568785889e-01,2.754722246157030319e-01
1.950000000000000067e-01,1.432645445381658389e-01,1.435491351656652537e-01,2.375350218196100038e-01
2.000000000000000111e-01,1.352839359073090830e-01,1.355364556309251733e-01,1.995978190235169758e-01
2.050000000000000155e-01,1.280023203738580861e-01,1.282271131611837367e-01,1.742948942821600511e-01
2.099999999999999922e-01,1.213430007164014446e-01,1.215437359082505164e-01,1.489919695408032374e-01
2.149999999999999967e-01,1.152394222866053031e-01,1.154192115942293817e-01,1.236890447994463266e-01
2.200000000000000011e-01,1.096336328161719859e-01,1.097951251526007588e-01,9.838612005808938799e-02
2.250000000000000056e-01,1.044750039535985026e-01,1.046204626083540173e-01,7.308319531673247715e-02
2.300000000000000100e-01,9.971916583415343927e-02,9.985053153078635169e-02,6.088674189066049791e-02
2.350000000000000144e-01,9.532711574211197303e-02,9.544605836536163013e-02,4.869028846458851173e-02
2.399999999999999911e-01,9.126446960638984196e-02,9.137243080053610023e-02,3.649383503851659494e-02
2.449999999999999956e-01,8.750083114042300769e-02,8.759905952420987685e-02,2.429738161244461569e-02
2.500000000000000000e-01,8.400925824987486024e-02,8.409883863676397009e-02,1.210092818637263819e-02
2.550000000000000044e-01,8.076581016173814409e-02,8.084768789458499083e-02,9.680742549098109856e-03
2.600000000000000089e-01,7.774916178760318819e-02,7.782416307679847212e-02,7.260556911823582392e-03
2.650000000000000133e-01,7.494027428649796541e-02,7.500912326686973164e-02,4.840371274549054928e-03
2.700000000000000178e-01,7.232211276633961072e-02,7.238544585044837110e-02,2.420185637274526597e-03
2.750000000000000222e-01,6.987940365707413781e-02,6.993778165305937489e-02,0.000000000000000000e+00
2.800000000000000266e-01,6.759842558071642304e-02,6.765234395548799795e-02,4.072270539922159946e-04
2.850000000000000311e-01,6.546682859466633475e-02,6.551672619327056357e-02,8.144541079844319891e-04
2.899999999999999800e-01,6.347347754282829657e-02,6.351974401858100083e-02,1.221681161976643538e-03
2.949999999999999845e-01,6.160831595205173983e-02,6.165129811667761917e-02,1.628908215968859425e-03
2.999999999999999889e-01,5.986224748925014078e-02,5.990225475556591045e-02,2.036135269961075311e-03
3.049999999999999933e-01,5.822703247109301677e-02,5.826434153096218121e-02,5.337989505363210929e-03
3.099999999999999978e-01,5.669519731243479604e-02,5.673005616844774279e-02,8.639843740765377339e-03
3.150000000000000022e-01,5.525995512687913863e-02,5.529258657635949259e-02,1.194169797616754375e-02
3.200000000000000067e-01,5.391513596531784247e-02,5.394574061898967099e-02,1.524355221156971016e-02
3.250000000000000111e-01,5.265512540579001671e-02,5.268388431005331662e-02,1.854540644697187657e-02
3.300000000000000155e-01,5.147481039855777984e-02,5.150188731928887625e-02,2.300863306551913928e-02
3.350000000000000200e-01,5.036953143035502456e-02,5.039507484700680301e-02,2.747185968406640547e-02
3.400000000000000244e-01,4.933504020660000461e-02,4.935918505781181076e-02,3.193508630261367165e-02
3.450000000000000289e-01,4.836746216426996564e-02,4.839033137988577732e-02,3.639831292116093436e-02
3.500000000000000333e-01,4.746326322462998681e-02,4.748496907377539045e-02,4.086153953970819708e-02
3.549999999999999822e-01,4.661922027698124638e-02,4.663986555745289198e-02,4.421210782670520478e-02
3.599999999999999867e-01,4.583239495442447548e-02,4.585207404496299127e-02,4.756267611370224718e-02
3.649999999999999911e-01,4.510011032228741779e-02,4.511891011621207981e-02,5.091324440069928958e-02
3.699999999999999956e-01,4.441993015097130820e-02,4.443793088705622063e-02,5.426381268769633892e-02
3.750000000000000000e-01,4.378964048888311228e-02,4.380691649315460179e-02,5.761438097469338132e-02
3.800000000000000044e-01,4.320723328896666077e-02,4.322385363925457941e-02,5.818862774955846362e-02
3.850000000000000089e-01,4.267089187507053238e-02,4.268692099857519101e-02,5.876287452442354592e-02
3.900000000000000133e-01,4.217897806278427669e-02,4.219447627559935743e-02,5.933712129928863516e-02
3.950000000000000178e-01,4.173002077410550154e-02,4.174504477051508428e-02,5.991136807415371746e-02
4.000000000000000222e-01,4.132270600692920792e-02,4.133730930534570969e-02,6.048561484901879975e-02
4.050000000000000266e-01,4.095586803935700321e-02,4.097010139096992493e-02,5.800418390969609012e-02
4.100000000000000311e-01,4.062848176561350416e-02,4.064239353114030423e-02,5.552275297037338048e-02
4.150000000000000355e-01,4.033965607528012393e-02,4.035329257464566333e-02,5.304132203105067084e-02
4.199999999999999845e-01,4.008862820091181611e-02,4.010203404021061430e-02,5.055989109172798895e-02
4.249999999999999889e-01,3.987475897115342477e-02,3.988797735085959639e-02,4.807846015240527932e-02
4.299999999999999933e-01,3.969752891744662143e-02,3.971060192552074847e-02,4.381450071752681502e-02
4.349999999999999978e-01,3.955653519251953881e-02,3.956950408581338952e-02,3.955054128264832991e-02
4.400000000000000022e-01,3.945148926826062136e-02,3.946439474542764309e-02,3.528658184776984480e-02
4.450000000000000067e-01,3.938221538946318906e-02,3.939509785845075190e-02,3.102262241289135622e-02
4.500000000000000111e-01,3.934864976843904100e-02,3.936154961155605841e-02,2.675866297801287111e-02
4.550000000000000155e-01,3.935084051378589381e-02,3.936379835330713894e-02,2.294941063035472323e-02
4.600000000000000200e-01,3.938894829479384213e-02,3.940200526208374743e-02,1.914015828269657882e-02
4.650000000000000244e-01,3.946324775122913436e-02,3.947644576243766745e-02,1.533090593503843267e-02
4.700000000000000289e-01,3.957412966668121673e-02,3.958751170818246290e-02,1.152165358738028479e-02
4.750000000000000333e-01,3.972210393244614973e-02,3.973571435937919144e-02,7.712401239722138646e-03
4.799999999999999822e-01,3.990780333820175690e-02,3.992168818970030786e-02,6.169920991777724795e-03
4.849999999999999867e-01,4.013198823567416113e-02,4.014619557068997702e-02,4.627440743833293596e-03
4.899999999999999911e-01,4.039555213228612079e-02,4.041013239028234255e-02,3.084960495888862397e-03
4.949999999999999956e-01,4.069952828362197877e-02,4.071453467488189010e-02,1.542480247944431199e-03
5.000000000000000000e-01,4.104509736667327074e-02,4.106058629753270989e-02,0.000000000000000000e+00
5.050000000000000044e-01,4.143359633051543062e-02,4.144962786949916295e-02,0.000000000000000000e+00
5.100000000000000089e-01,4.186652853761340526e-02,4.188316692926120216e-02,0.000000000000000000e+00
5.150000000000000133e-01,4.234557532772924987e-02,4.236288956185694371e-02,0.000000000000000000e+00
5.200000000000000178e-01,4.287260915782727805e-02,4.289067360310342553e-02,0.000000000000000000e+00
5.250000000000000222e-01,4.344970849594300549e-02,4.346860360801819978e-02,0.000000000000000000e+00
5.300000000000000266e-01,4.407917467529581107e-02,4.409898779132952196e-02,0.000000000000000000e+00
5.350000000000000311e-01,4.476355094768224435e-02,4.478437718102398074e-02,0.000000000000000000e+00
5.400000000000000355e-01,4.550564401323843600e-02,4.552758726430428116e-02,0.000000000000000000e+00
5.450000000000000400e-01,4.630854834801069464e-02,4.633172245011470819e-02,0.000000000000000000e+00
5.500000000000000444e-01,4.717567370265162568e-02,4.720020372481052717e-02,0.000000000000000000e+00
5.550000000000000488e-01,4.811077620643242070e-02,4.813679993906735261e-02,0.000000000000000000e+00
5.600000000000000533e-01,4.911799358242493335e-02,4.914566323657209440e-02,0.000000000000000000e+00
5.650000000000000577e-01,5.020188506433408832e-02,5.023136922063736742e-02,0.000000000000000000e+00
5.700000000000000622e-01,5.136747670571222696e-02,5.139896255630494598e-02,0.000000000000000000e+00
5.750000000000000666e-01,5.262031289142263951e-02,5.265400882609402866e-02,0.000000000000000000e+00
5.799999999999999600e-01,5.396651500324435580e-02,5.400265360137206094e-02,0.000000000000000000e+00
5.849999999999999645e-01,5.541284836137700537e-02,5.545168986340305584e-02,0.000000000000000000e+00
5.899999999999999689e-01,5.696679876743503818e-02,5.700863511473579226e-02,0.000000000000000000e+00
5.949999999999999734e-01,5.863666021994463212e-02,5.868181977045711095e-02,0.000000000000000000e+00
5.999999999999999778e-01,6.043163566988089819e-02,6.048048871969046586e-02,0.000000000000000000e+00
6.049999999999999822e-01,6.236195304334175155e-02,6.241491831272029389e-02,0.000000000000000000e+00
6.099999999999999867e-01,6.443899919605408644e-02,6.449655147361084417e-02,0.000000000000000000e+00
6.149999999999999911e-01,6.667547499902777564e-02,6.673815418154782630e-02,0.000000000000000000e+00
6.199999999999999956e-01,6.908557541040734329e-02,6.915399723102141905e-02,0.000000000000000000e+00
6.250000000000000000e-01,7.168519919615248814e-02,7.176006800285268661e-02,0.000000000000000000e+00
6.300000000000000044e-01,7.449219396099872326e-02,7.457431799530694905e-02,7.921803408012751888e-04
6.350000000000000089e-01,7.752664339193969523e-02,7.761695312918728828e-02,1.584360681602550378e-03
6.400000000000000133e-01,8.081120516490739036e-02,8.091077542028657366e-02,2.376541022403825566e-03
6.450000000000000178e-01,8.437150990687081187e-02,8.448158659477524035e-02,3.168721363205100755e-03
6.500000000000000222e-01,8.823663405206834398e-02,8.835866672310280223e-02,3.960901704006375944e-03
6.550000000000000266e-01,9.243966252969340602e-02,9.257534411745395320e-02,2.467855644932078971e-02
6.600000000000000311e-01,9.701836116588472003e-02,9.716967677772629652e-02,4.539621119463520260e-02
6.650000000000000355e-01,1.020159837347560383e-01,1.021852708494400686e-01,6.611386593994961203e-02
6.700000000000000400e-01,1.074822450991253370e-01,1.076722682336951203e-01,8.683152068526402145e-02
6.750000000000000444e-01,1.134745003105601668e-01,1.136885441502729632e-01,1.075491754305784309e-01
6.800000000000000488e-01,1.200591805272231000e-01,1.203011667612609997e-01,1.544893860964076937e-01
6.850000000000000533e-01,1.273135510276788562e-01,1.275881858196094842e-01,2.014295967622369288e-01
6.900000000000000577e-01,1.353278756486907264e-01,1.356408369639342804e-01,2.483698074280661916e-01
6.950000000000000622e-01,1.442080973190095483e-01,1.445662744737210015e-01,2.953100180938954544e-01
7.000000000000000666e-01,1.540791783248315894e-01,1.544909804588316671e-01,3.422502287597247173e-01
7.049999999999999600e-01,1.650892898010831999e-01,1.655650460138200497e-01,4.112396544056465264e-01
7.099999999999999645e-01,1.774151023434304419e-01,1.779675846974312081e-01,4.802290800515698899e-01
7.149999999999999689e-01,1.912685152236382469e-01,1.919136277856396400e-01,5.492185056974931978e-01
7.199999999999999734e-01,2.069052800358577027e-01,2.076629741696256470e-01,6.182079313434165613e-01
7.249999999999999778e-01,2.246361395824822971e-01,2.255316401626550338e-01,6.871973569893399247e-01
7.299999999999999822e-01,2.448413346762243481e-01,2.459067972145059233e-01,7.668543262199258859e-01
7.349999999999999867e-01,2.679896599802302215e-01,2.692664299465262756e-01,8.465112954505120690e-01
7.399999999999999911e-01,2.946637186758467308e-01,2.962054390205961507e-01,9.261682646810982522e-01
7.449999999999999956e-01,3.255936987414476125e-01,3.274706204595079218e-01,1.005825233911684435e+00
7.500000000000000000e-01,3.617029644519475506e-01,3.640079725542133549e-01,1.085482203142270619e+00
7.550000000000000044e-01,4.041701593969357353e-01,4.070272507995299494e-01,1.160967326649089859e+00
7.600000000000000089e-01,4.545145367983312035e-01,4.580907936246215173e-01,1.236452450155909322e+00
7.650000000000000133e-01,5.147141036843303485e-01,5.192365911934174738e-01,1.311937573662728562e+00
7.700000000000000178e-01,5.873701248087553894e-01,5.931495262936191670e-01,1.387422697169547803e+00
7.750000000000000222e-01,6.759366320955874086e-01,6.833994945304499025e-01,1.462907820676367265e+00
7.800000000000000266e-01,7.850391022879493752e-01,7.947693155480605176e-01,1.519670415505013805e+00
7.850000000000000311e-01,9.209092151987914310e-01,9.336939933592846019e-01,1.576433010333660123e+00
7.900000000000000355e-01,1.091952380000445810e+00,1.108811183844848669e+00,1.633195605162306663e+00
7.950000000000000400e-01,1.309412495347559657e+00,1.331540960770143167e+00,1.689958199990952981e+00
8.000000000000000444e-01,1.587927937557312097e+00,1.616374402664895849e+00,1.746720794819599520e+00
8.050000000000000488e-01,1.945301711923317578e+00,1.979955506724960124e+00,1.773737047945582956e+00
8.100000000000000533e-01,2.399674911236438390e+00,2.436824934675545951e+00,1.800753301071566392e+00
8.150000000000000577e-01,2.960111935133449279e+00,2.988102302489044071e+00,1.827769554197550050e+00
8.200000000000000622e-01,3.604519026842411655e+00,3.600195286673944839e+00,1.854785807323533486e+00
8.250000000000000666e-01,4.244751563999663801e+00,4.181171726040870951e+00,1.881802060449516922e+00
8.300000000000000711e-01,4.709762849606025981e+00,4.584766879619220248e+00,1.873865590071608800e+00
8.349999999999999645e-01,4.815380214343414345e+00,4.674212343195214281e+00,1.865929119693700899e+00
8.399999999999999689e-01,4.512245885370998799e+00,4.415246613501439654e+00,1.857992649315792777e+00
8.449999999999999734e-01,3.934365109214475353e+00,3.903052779579371023e+00,1.850056178937884654e+00
8.499999999999999778e-01,3.275443111686630271e+00,3.290799738874507607e+00,1.842119708559976532e+00
8.549999999999999822e-01,2.666793474719640233e+00,2.701506645312474308e+00,1.800875623115679280e+00
8.599999999999999867e-01,2.159044143708460428e+00,2.195788334597530866e+00,1.759631537671381363e+00
8.649999999999999911e-01,1.754981091901630874e+00,1.786695434027030904e+00,1.718387452227083445e+00
8.699999999999999956e-01,1.439188101098192618e+00,1.464386123006603091e+00,1.677143366782785527e+00
8.750000000000000000e-01,1.193053755226842316e+00,1.212398700269380791e+00,1.635899281338487610e+00
8.800000000000000044e-01,1.000225885473080334e+00,1.014909387771101068e+00,1.569487859114495620e+00
8.850000000000000089e-01,8.478054726046011513e-01,8.589526299880946292e-01,1.503076436890503631e+00
8.900000000000000133e-01,7.260498616840603825e-01,7.345634406193843891e-01,1.436665014666511864e+00
8.950000000000000178e-01,6.277175511929367069e-01,6.342777596548033747e-01,1.370253592442519874e+00
9.000000000000000222e-01,5.474410588479425854e-01,5.525475601464696629e-01,1.303842170218527885e+00
9.050000000000000266e-01,4.812260286539727372e-01,4.852429121091220154e-01,1.225209946954156637e+00
9.100000000000000311e-01,4.260776451538278442e-01,4.292704035468316581e-01,1.146577723689785389e+00
9.150000000000000355e-01,3.797297877751376616e-01,3.822930586611590353e-01,1.067945500425414140e+00
9.200000000000000400e-01,3.404506526320227877e-01,3.425282459800440549e-01,9.893132771610427811e-01
9.250000000000000444e-01,3.069033761431341767e-01,3.086025095753480718e-01,9.106810538966715329e-01
9.300000000000000488e-01,2.780456874786453314e-01,2.794470618181892352e-01,8.347955370953382692e-01
9.350000000000000533e-01,2.530571678043926354e-01,2.542221119284375219e-01,7.589100202940048945e-01
9.400000000000000577e-01,2.312860850008435776e-01,2.322616493071057164e-01,6.830245034926716308e-01
9.450000000000000622e-01,2.122101868688875681e-01,2.130328004887203364e-01,6.071389866913383671e-01
9.500000000000000666e-01,1.954075209256427859e-01,1.961056392694123240e-01,5.312534698900049923e-01
9.550000000000000711e-01,1.805345162779823098e-01,1.811305543497305215e-01,4.715960589700475825e-01
9.599999999999999645e-01,1.673093712831222046e-01,1.678211279621904251e-01,4.119386480500915049e-01
9.649999999999999689e-01,1.554993521007654866e-01,1.559410686736751317e-01,3.522812371301340395e-01
9.699999999999999734e-01,1.449109993631902960e-01,1.452941530351725408e-01,2.926238262101766296e-01
9.749999999999999778e-01,1.353825159719330984e-01,1.357164197099341718e-01,2.329664152902192198e-01
9.799999999999999822e-01,1.267778044766922907e-01,1.270700641312936252e-01,1.977569107870418841e-01
9.849999999999999867e-01,1.189817621202102355e-01,1.192386275022069703e-01,1.625474062838650757e-01
9.899999999999999911e-01,1.118965422008163235e-01,1.121231787304423910e-01,1.273379017806882674e-01
9.949999999999999956e-01,1.054385634311703485e-01,1.056392638344437335e-01,9.212839727751143126e-02
1.000000000000000000e+00,9.953610242736812830e-02,9.971445284025140521e-02,5.691889277433460903e-02
1.005000000000000115e+00,9.412734390054010303e-02,9.428635505207981493e-02,4.553511421946748738e-02
1.010000000000000009e+00,8.915879244228790135e-02,8.930100390532101640e-02,3.415133566460086534e-02
1.015000000000000124e+00,8.458397175374439414e-02,8.471153528656226450e-02,2.276755710973374369e-02
1.020000000000000018e+00,8.036235373158753803e-02,8.047710028367348334e-02,1.138377855486712165e-02
1.024999999999999911e+00,7.645847240472555817e-02,7.656196628176316354e-02,5.065392549852276716e-16
1.030000000000000027e+00,7.284118733403346924e-02,7.293477021067987232e-02,0.000000000000000000e+00
1.034999999999999920e+00,6.948306848871324548e-02,6.956789534986926316e-02,0.000000000000000000e+00
1.040000000000000036e+00,6.635988034280745906e-02,6.643694897329363580e-02,0.000000000000000000e+00
1.044999999999999929e+00,6.345014739768993495e-02,6.352032268864210574e-02,0.000000000000000000e+00
1.050000000000000044e+00,6.073478683114170301e-02,6.079882090160081132e-02,0.000000000000000000e+00
1.054999999999999938e+00,5.819679672561514638e-02,5.825534564947652816e-02,0.000000000000000000e+00
1.060000000000000053e+00,5.582099050669947493e-02,5.587462827350063443e-02,0.000000000000000000e+00
1.064999999999999947e+00,5.359376995587957632e-02,5.364300016773140833e-02,0.000000000000000000e+00
1.070000000000000062e+00,5.150293054712598573e-02,5.154819625512333664e-02,0.000000000000000000e+00
1.074999999999999956e+00,4.953749396957415896e-02,4.957918597500717700e-02,0.000000000000000000e+00
1.080000000000000071e+00,4.768756359621833391e-02,4.772602748011942758e-02,0.000000000000000000e+00
1.084999999999999964e+00,4.594419938586743329e-02,4.597974148126254129e-02,0.000000000000000000e+00
1.090000000000000080e+00,4.429930929734251371e-02,4.433220177928727523e-02,0.000000000000000000e+00
1.094999999999999973e+00,4.274555477826109257e-02,4.277604001520135535e-02,0.000000000000000000e+00
1.100000000000000089e+00,4.127626828710473372e-02,4.130456257168903245e-02,0.000000000000000000e+00
1.104999999999999982e+00,3.988538113349626713e-02,3.991167789039495178e-02,0.000000000000000000e+00
1.110000000000000098e+00,3.856736019107179225e-02,3.859183274266045349e-02,0.000000000000000000e+00
1.114999999999999991e+00,3.731715226069366037e-02,3.733995621783210012e-02,0.000000000000000000e+00
1.120000000000000107e+00,3.613013504749867932e-02,3.615141038149582292e-02,0.000000000000000000e+00
1.125000000000000000e+00,3.500207387026445932e-02,3.502194671296686435e-02,0.000000000000000000e+00
1.130000000000000115e+00,3.392908335128849012e-02,3.394766756269494007e-02,0.000000000000000000e+00
1.135000000000000009e+00,3.290759344387395036e-02,3.292499198044609998e-02,0.000000000000000000e+00
1.140000000000000124e+00,3.193431924619826584e-02,3.195062535787184660e-02,0.000000000000000000e+00
1.145000000000000018e+00,3.100623412775787430e-02,3.102153240736190212e-02,0.000000000000000000e+00
1.150000000000000133e+00,3.012054576012371254e-02,3.013491306533194400e-02,0.000000000000000000e+00
1.155000000000000027e+00,2.927467469938617103e-02,2.928818096432865559e-02,0.000000000000000000e+00
1.159999999999999920e+00,2.846623521502315846e-02,2.847894416616927535e-02,0.000000000000000000e+00
1.165000000000000036e+00,2.769301810033387296e-02,2.770498788914318652e-02,0.000000000000000000e+00
1.169999999999999929e+00,2.695297523414076982e-02,2.696425899719492175e-02,0.000000000000000000e+00
1.175000000000000044e+00,2.624420569309215273e-02,2.625485204891313956e-02,0.000000000000000000e+00
1.179999999999999938e+00,2.556494323936000027e-02,2.557499672984203665e-02,0.000000000000000000e+00
1.185000000000000053e+00,2.491354503045303467e-02,2.492304651374803795e-02,0.000000000000000000e+00
1.189999999999999947e+00,2.428848141679139719e-02,2.429746841756470765e-02,0.000000000000000000e+00
1.195000000000000062e+00,2.368832670905488338e-02,2.369683373123885814e-02,0.000000000000000000e+00
1.199999999999999956e+00,2.311175081150344812e-02,2.311980961799887588e-02,0.000000000000000000e+00
1.205000000000000071e+00,2.255751162978433116e-02,2.256515149298498127e-02,0.000000000000000000e+00
1.209999999999999964e+00,2.202444817245877151e-02,2.203169609897343700e-02,0.000000000000000000e+00
1.215000000000000080e+00,2.151147427482164379e-02,2.151835520734270493e-02,0.000000000000000000e+00
1.219999999999999973e+00,2.101757288174658372e-02,2.102410988064270028e-02,0.000000000000000000e+00
1.225000000000000089e+00,2.054179083342494092e-02,2.054800524031900888e-02,0.000000000000000000e+00
1.229999999999999982e+00,2.008323410412277479e-02,2.008914568943792958e-02,1.314077228989491948e-03
1.235000000000000098e+00,1.964106344956926056e-02,1.964669054578889462e-02,2.628154457979042444e-03
1.239999999999999991e+00,1.921449042341949812e-02,1.921985004559428195e-02,3.942231686968534175e-03
1.245000000000000107e+00,1.880277372748486928e-02,1.880788168234628910e-02,5.256308915958084887e-03
1.250000000000000000e+00,1.840521586417670150e-02,1.841008684904967690e-02,6.570386144947576619e-03
1.255000000000000115e+00,1.802116006292098574e-02,1.802580775549728759e-02,9.438842094935440824e-03
1.260000000000000009e+00,1.764998745523536222e-02,1.765442459514571238e-02,1.230729804492317579e-02
1.265000000000000124e+00,1.729111447575580260e-02,1.729535293877345475e-02,1.517575399491103913e-02
1.270000000000000018e+00,1.694399046880746065e-02,1.694804133442145977e-02,1.804420994489877583e-02
1.275000000000000133e+00,1.660809548216068618e-02,1.661196909518069045e-02,2.091266589488663744e-02
1.280000000000000027e+00,1.628293823143768526e-02,1.628664425821263473e-02,2.413029034883344345e-02
1.284999999999999920e+00,1.596805422025763394e-02,1.597160170003472310e-02,2.734791480278024600e-02
1.290000000000000036e+00,1.566300400265823942e-02,1.566640139454860900e-02,3.056553925672719427e-02
1.294999999999999929e+00,1.536737157562509566e-02,1.537062680159300039e-02,3.378316371067399682e-02
1.300000000000000044e+00,1.508076289071796743e-02,1.508388337496984269e-02,3.700078816462094855e-02
1.304999999999999938e+00,1.480280447481998642e-02,1.480579717992820676e-02,3.914489522613152223e-02
1.310000000000000053e+00,1.453314215096465113e-02,1.453601361102597848e-02,4.128900228764218611e-02
1.314999999999999947e+00,1.427143985103018591e-02,1.427419620213185754e-02,4.343310934915275978e-02
1.320000000000000062e+00,1.401737851283999838e-02,1.402002552107498891e-02,4.557721641066342366e-02
1.324999999999999956e+00,1.377065505488289480e-02,1.377319814213514258e-02,4.772132347217399734e-02
1.330000000000000071e+00,1.353098142247358311e-02,1.353342569016974771e-02,4.791059660129451392e-02
1.334999999999999964e+00,1.329808369972220426e-02,1.330043395072892827e-02,4.809986973041493336e-02
1.340000000000000080e+00,1.307170128217531764e-02,1.307396204100400548e-02,4.828914285953536667e-02
1.344999999999999973e+00,1.285158610543788403e-02,1.285376163690101284e-02,4.847841598865578611e-02
1.350000000000000089e+00,1.263750192548920327e-02,1.263959625194192166e-02,4.866768911777621248e-02
1.354999999999999982e+00,1.242922364677176948e-02,1.243124056405721031e-02,4.688260449959618520e-02
1.360000000000000098e+00,1.222653669446295902e-02,1.222847978667099267e-02,4.509751988141608159e-02
1.364999999999999991e+00,1.202923642764048597e-02,1.203110908077650865e-02,4.331243526323605431e-02
1.370000000000000107e+00,1.183712759032472250e-02,1.183893300498052407e-02,4.152735064505594376e-02
1.375000000000000000e+00,1.165002379762974070e-02,1.165176500073479039e-02,3.974226602687591647e-02
1.380000000000000115e+00,1.146774705447963470e-02,1.146942691021072755e-02,3.676803792559372314e-02
1.385000000000000009e+00,1.129012730455267698e-02,1.129174852446529313e-02,3.379380982431166858e-02
1.390000000000000124e+00,1.111700200730236267e-02,1.111856715974851237e-02,3.081958172302947871e-02
1.395000000000000018e+00,1.094821574107544306e-02,1.094972725996277985e-02,2.784535362174742068e-02
1.400000000000000133e+00,1.078361983050230184e-02,1.078508002344614677e-02,2.487112552046523081e-02
1.405000000000000027e+00,1.062307199647767424e-02,1.062448305239237223e-02,2.194246874718346410e-02
1.409999999999999920e+00,1.046643602717925621e-02,1.046780002335333595e-02,1.901381197390169739e-02
1.415000000000000036e+00,1.031358146869112459e-02,1.031490037738287333e-02,1.608515520061980231e-02
1.419999999999999929e+00,1.016438333390751007e-02,1.016565902850037444e-02,1.315649842733803386e-02
1.425000000000000044e+00,1.001872182849227952e-02,1.001995608924038592e-02,1.022784165405613704e-02
1.429999999999999938e+00,9.876482092761195222e-03,9.877676612155484454e-03,8.463739972896434927e-03
1.435000000000000053e+00,9.737553958437691545e-03,9.738710346223124203e-03,6.699638291736654747e-03
1.439999999999999947e+00,9.601831719310350774e-03,9.602951507176446869e-03,4.935536610576953497e-03
1.445000000000000062e+00,9.469213914890762737e-03,9.470298560861760070e-03,3.171434929417173317e-03
1.449999999999999956e+00,9.339603126236098105e-03,9.340654018779018589e-03,1.407333248257472066e-03
1.455000000000000071e+00,9.212905783160226306e-03,9.213924245035086044e-03,1.125866598605920147e-03
1.459999999999999964e+00,9.089031982112777408e-03,9.090019273979772427e-03,8.443999489544463987e-04
1.465000000000000080e+00,8.967895314056326117e-03,8.968852637859002844e-03,5.629332993029600735e-04
1.469999999999999973e+00,8.849412701718906149e-03,8.850341203857635050e-03,2.814666496514862167e-04
1.475000000000000089e+00,8.733504245642202332e-03,8.734405019953138741e-03,0.000000000000000000e+00
1.479999999999999982e+00,8.620093078485996027e-03,8.620967169038699918e-03,0.000000000000000000e+00
1.485000000000000098e+00,8.509105227086151413e-03,8.509953630811967554e-03,0.000000000000000000e+00
1.489999999999999991e+00,8.400469481797926893e-03,8.401293150961408954e-03,0.000000000000000000e+00
1.495000000000000107e+00,8.294117272687496004e-03,8.294917117209884769e-03,0.000000000000000000e+00
1.500000000000000000e+00,8.189982552164397703e-03,8.190759441810488081e-03,0.000000000000000000e+00
1.505000000000000115e+00,8.088001683674227518e-03,8.088756450110720295e-03,0.000000000000000000e+00
1.510000000000000009e+00,7.988113336096329398e-03,7.988846774829794911e-03,0.000000000000000000e+00
1.515000000000000124e+00,7.890258383514295662e-03,7.890971255718604374e-03,0.000000000000000000e+00
1.520000000000000018e+00,7.794379810048878386e-03,7.795072844286204429e-03,0.000000000000000000e+00
1.525000000000000133e+00,7.700422619462747760e-03,7.701096513307456592e-03,0.000000000000000000e+00
1.530000000000000027e+00,7.608333749265376415e-03,7.608989170835770040e-03,0.000000000000000000e+00
1.535000000000000142e+00,7.518061989063423538e-03,7.518699578467217051e-03,0.000000000000000000e+00
1.540000000000000036e+00,7.429557902918292045e-03,7.430178273618080406e-03,0.000000000000000000e+00
1.544999999999999929e+00,7.342773755487240830e-03,7.343377495589737541e-03,0.000000000000000000e+00
1.550000000000000044e+00,7.257663441738652736e-03,7.258251115213523036e-03,0.000000000000000000e+00
1.554999999999999938e+00,7.174182420044790051e-03,7.174754567876227146e-03,0.000000000000000000e+00
1.560000000000000053e+00,7.092287648467572245e-03,7.092844789744011565e-03,0.000000000000000000e+00
1.564999999999999947e+00,7.011937524064175940e-03,7.012480157009049614e-03,0.000000000000000000e+00
1.570000000000000062e+00,6.933091825049707106e-03,6.933620427997373367e-03,0.000000000000000000e+00
1.574999999999999956e+00,6.855711655664066886e-03,6.856226687982963988e-03,0.000000000000000000e+00
1.580000000000000071e+00,6.779759393599200760e-03,6.780261296567093900e-03,0.000000000000000000e+00
1.584999999999999964e+00,6.705198639851587400e-03,6.705687837484712761e-03,0.000000000000000000e+00
1.590000000000000080e+00,6.631994170872622905e-03,6.632471070711428059e-03,0.000000000000000000e+00
1.594999999999999973e+00,6.560111892897289507e-03,6.560576886751343616e-03,0.000000000000000000e+00
1.600000000000000089e+00,6.489518798338153073e-03,6.489972262993516823e-03,0.000000000000000000e+00
1.604999999999999982e+00,6.420182924138584206e-03,6.420625222027910063e-03,0.000000000000000000e+00
1.610000000000000098e+00,6.352073311984947172e-03,6.352504791824370098e-03,0.000000000000000000e+00
1.614999999999999991e+00,6.285159970283464917e-03,6.285580967677058088e-03,0.000000000000000000e+00
1.620000000000000107e+00,6.219413837812560672e-03,6.219824675826320787e-03,0.000000000000000000e+00
1.625000000000000000e+00,6.154806748966822234e-03,6.155207738674832452e-03,0.000000000000000000e+00
1.630000000000000115e+00,6.091311400513116890e-03,6.091702841515099845e-03,0.000000000000000000e+00
1.635000000000000009e+00,6.028901319784136376e-03,6.029283500699293523e-03,0.000000000000000000e+00
1.640000000000000124e+00,5.967550834238481532e-03,5.967924033173858944e-03,0.000000000000000000e+00
1.645000000000000018e+00,5.907235042320572657e-03,5.907599527318094061e-03,0.000000000000000000e+00
1.650000000000000133e+00,5.847929785557114991e-03,5.848285815016829141e-03,0.000000000000000000e+00
1.655000000000000027e+00,5.789611621830446572e-03,5.789959444915646763e-03,0.000000000000000000e+00
1.660000000000000142e+00,5.732257799772173118e-03,5.732597656793801504e-03,0.000000000000000000e+00
1.665000000000000036e+00,5.675846234223732439e-03,5.676178357007301799e-03,0.000000000000000000e+00
1.669999999999999929e+00,5.620355482713131241e-03,5.620680094947622107e-03,0.000000000000000000e+00
1.675000000000000044e+00,5.565764722900049671e-03,5.566082040471497655e-03,0.000000000000000000e+00
1.679999999999999938e+00,5.512053730943833503e-03,5.512363962251941481e-03,0.000000000000000000e+00
1.685000000000000053e+00,5.459202860751390975e-03,5.459506207013292180e-03,0.000000000000000000e+00
1.689999999999999947e+00,5.407193024064242161e-03,5.407489679602287339e-03,0.000000000000000000e+00
1.695000000000000062e+00,5.356005671346006185e-03,5.356295823863784986e-03,0.000000000000000000e+00
1.699999999999999956e+00,5.305622773433739219e-03,5.305906604279073818e-03,0.000000000000000000e+00
1.705000000000000071e+00,5.256026803918294361e-03,5.256304488334069200e-03,4.776278475305353356e-04
1.709999999999999964e+00,5.207200722220718496e-03,5.207472429584805544e-03,9.552556950610706712e-04
1.715000000000000080e+00,5.159127957333316250e-03,5.159393851387738920e-03,1.432883542591627257e-03
1.719999999999999973e+00,5.111792392195706018e-03,5.112052631265312334e-03,1.910511390122162593e-03
1.725000000000000089e+00,5.065178348677515721e-03,5.065433085879290052e-03,2.388139237652719179e-03
1.729999999999999982e+00,5.019270573140943714e-03,5.019519956584123609e-03,3.395987929048363031e-03
1.735000000000000098e+00,4.974054222557594204e-03,4.974298395534493440e-03,4.403836620444051553e-03
1.739999999999999991e+00,4.929514851155405129e-03,4.929753952324328163e-03,5.411685311839695839e-03
1.745000000000000107e+00,4.885638397572516882e-03,4.885872561133488938e-03,6.419534003235383493e-03
1.750000000000000000e+00,4.842411172496192268e-03,4.842640528356954160e-03,7.427382694631026912e-03
1.755000000000000115e+00,4.799819846765873872e-03,4.800044520703681400e-03,8.555239367759889454e-03
1.760000000000000009e+00,4.757851439920534470e-03,4.758071553734440247e-03,9.683096040888702558e-03
1.765000000000000124e+00,4.716493309171355605e-03,4.716708980829827091e-03,1.081095271401756597e-02
1.770000000000000018e+00,4.675733138781773893e-03,4.675944482563090636e-03,1.193880938714637907e-02
1.775000000000000133e+00,4.635558929837664890e-03,4.635766056465087312e-03,1.306666606027524248e-02
1.780000000000000027e+00,4.595958990391386771e-03,4.596162007161983670e-03,1.383221607802599500e-02
1.785000000000000142e+00,4.556921925964037452e-03,4.557120936873068281e-03,1.459776609577678047e-02
1.790000000000000036e+00,4.518436630391108912e-03,4.518631736250249518e-03,1.536331611352753125e-02
1.794999999999999929e+00,4.480492276997365998e-03,4.480683575548721591e-03,1.612886613127828203e-02
1.800000000000000044e+00,4.443078310087411088e-03,4.443265896113147290e-03,1.689441614902906924e-02
1.804999999999999938e+00,4.406184436739112378e-03,4.406368402165937621e-03,1.699454644236931058e-02
1.810000000000000053e+00,4.369800618887515094e-03,4.369981052887206112e-03,1.709467673570955540e-02
1.814999999999999947e+00,4.333917065687575669e-03,4.334094054773430724e-03,1.719480702904979674e-02
1.820000000000000062e+00,4.298524226144444065e-03,4.298697854264430657e-03,1.729493732239004503e-02
1.824999999999999956e+00,4.263612782000661232e-03,4.263783130625708323e-03,1.739506761573028637e-02
1.830000000000000071e+00,4.229173640869982216e-03,4.229340789079958328e-03,1.681427136964148625e-02
1.834999999999999964e+00,4.195197929608127790e-03,4.195361954173668778e-03,1.623347512355268613e-02
1.840000000000000080e+00,4.161676987911056350e-03,4.161837963372642772e-03,1.565267887746385478e-02
1.844999999999999973e+00,4.128602362131942802e-03,4.128760360875491364e-03,1.507188263137505292e-02
1.850000000000000089e+00,4.095965799308202114e-03,4.096120891638004718e-03,1.449108638528622504e-02
1.854999999999999982e+00,4.063759241390539623e-03,4.063911495599292420e-03,1.348261082498000522e-02
1.860000000000000098e+00,4.031974819666128175e-03,4.032124302102240571e-03,1.247413526467374030e-02
1.864999999999999991e+00,4.000604849368518713e-03,4.000751624500895748e-03,1.146565970436752048e-02
1.870000000000000107e+00,3.969641824467082594e-03,3.969785954947635705e-03,1.045718414406125556e-02
1.875000000000000000e+00,3.939078412629222828e-03,3.939219959352416832e-03,9.448708583755035736e-03
1.880000000000000115e+00,3.908907450348750139e-03,3.909046472509903822e-03,8.417642989805776757e-03
1.885000000000000009e+00,3.879121938234213109e-03,3.879258493384127836e-03,7.386577395856562880e-03
1.890000000000000124e+00,3.849715036451124752e-03,3.849849180550493633e-03,6.355511801907303034e-03
1.895000000000000018e+00,3.820680060312411658e-03,3.820811847782370260e-03,5.324446207958089157e-03
1.900000000000000133e+00,3.792010476011515533e-03,3.792139959784172204e-03,4.293380614008830178e-03
1.905000000000000027e+00,3.763699896492922123e-03,3.763827128058412803e-03,3.616874986623577932e-03
1.910000000000000142e+00,3.735742077455008782e-03,3.735867106907713505e-03,2.940369359238296197e-03
1.915000000000000036e+00,3.708130913480425870e-03,3.708253789562910609e-03,2.263863731853044386e-03
1.919999999999999929e+00,3.680860434289309584e-03,3.680981204436037813e-03,1.587358104467792141e-03
1.925000000000000044e+00,3.653924801110890533e-03,3.654043511488199066e-03,9.108524770825098633e-04
1.929999999999999938e+00,3.627318303169237146e-03,3.627434998715696642e-03,7.286819816660127045e-04
1.935000000000000053e+00,3.601035354278988351e-03,3.601150078743593254e-03,5.465114862495076310e-04
1.939999999999999947e+00,3.575070489547189315e-03,3.575183285526114477e-03,3.643409908330104722e-04
1.945000000000000062e+00,3.549418362177402583e-03,3.549529271149702569e-03,1.821704954165052903e-04
1.949999999999999956e+00,3.524073740372521499e-03,3.524182802734402657e-03,8.131516293641283255e-18
1.955000000000000071e+00,3.499031504332732797e-03,3.499138759430591491e-03,0.000000000000000000e+00
1.959999999999999964e+00,3.474286643345352726e-03,3.474392129508049442e-03,0.000000000000000000e+00
1.965000000000000080e+00,3.449834252963278509e-03,3.449938007532730565e-03,0.000000000000000000e+00
1.969999999999999973e+00,3.425669532268988543e-03,3.425771591629966570e-03,0.000000000000000000e+00
1.975000000000000089e+00,3.401787781221106335e-03,3.401888180830101374e-03,0.000000000000000000e+00
1.979999999999999982e+00,3.378184398080708809e-03,3.378283172493711742e-03,0.000000000000000000e+00
1.985000000000000098e+00,3.354854876914600392e-03,3.354952059813647979e-03,0.000000000000000000e+00
1.989999999999999991e+00,3.331794805172959024e-03,3.331890429392553310e-03,0.000000000000000000e+00
1.995000000000000107e+00,3.308999861338780216e-03,3.309093958890345962e-03,0.000000000000000000e+00
2.000000000000000000e+00,3.286465812646716545e-03,3.286558414743310629e-03,0.000000000000000000e+00
2.004999999999999893e+00,3.264188512868949898e-03,3.264279649948045176e-03,0.000000000000000000e+00
2.010000000000000231e+00,3.242163900165851310e-03,3.242253601912723285e-03,0.000000000000000000e+00
2.015000000000000124e+00,3.220387994999259970e-03,3.220476290367985193e-03,0.000000000000000000e+00
2.020000000000000018e+00,3.198856898106279371e-03,3.198943815340952405e-03,0.000000000000000000e+00
2.024999999999999911e+00,3.177566788531600416e-03,3.177652355187648818e-03,0.000000000000000000e+00
2.030000000000000249e+00,3.156513921716409907e-03,3.156598164679207379e-03,0.000000000000000000e+00
2.035000000000000142e+00,3.135694627642020022e-03,3.135777573146754631e-03,0.000000000000000000e+00
2.040000000000000036e+00,3.115105309026418561e-03,3.115186982675786920e-03,0.000000000000000000e+00
2.044999999999999929e+00,3.094742439572036041e-03,3.094822866355095847e-03,0.000000000000000000e+00
2.049999999999999822e+00,3.074602562263030903e-03,3.074681766571821760e-03,0.000000000000000000e+00
2.055000000000000160e+00,3.054682287710524646e-03,3.054760293356853246e-03,0.000000000000000000e+00
2.060000000000000053e+00,3.034978292544221728e-03,3.035055122776034609e-03,0.000000000000000000e+00
2.064999999999999947e+00,3.015487317848919348e-03,3.015562995365752771e-03,0.000000000000000000e+00
2.069999999999999840e+00,2.996206167644491995e-03,2.996280714612969964e-03,0.000000000000000000e+00
2.075000000000000178e+00,2.977131707407959516e-03,2.977205145476367627e-03,0.000000000000000000e+00
2.080000000000000071e+00,2.958260862636291708e-03,2.958333212948604119e-03,0.000000000000000000e+00
2.084999999999999964e+00,2.939590617448679596e-03,2.939661900658494063e-03,0.000000000000000000e+00
2.089999999999999858e+00,2.921118013227022667e-03,2.921188249511195035e-03,0.000000000000000000e+00
2.095000000000000195e+00,2.902840147293445951e-03,2.902909356364475647e-03,0.000000000000000000e+00
2.100000000000000089e+00,2.884754171623680769e-03,2.884822372742648806e-03,0.000000000000000000e+00
2.104999999999999982e+00,2.866857291595185063e-03,2.866924503583625616e-03,0.000000000000000000e+00
2.109999999999999876e+00,2.849146764768970257e-03,2.849213006021211921e-03,0.000000000000000000e+00
2.115000000000000213e+00,2.831619899704040065e-03,2.831685188197819759e-03,0.000000000000000000e+00
2.120000000000000107e+00,2.814274054803488859e-03,2.814338408111495982e-03,0.000000000000000000e+00
2.125000000000000000e+00,2.797106637191250876e-03,2.797170072491639726e-03,0.000000000000000000e+00
2.129999999999999893e+00,2.780115101618607729e-03,2.780177635706048127e-03,0.000000000000000000e+00
2.135000000000000231e+00,2.763296949399503613e-03,2.763358598694044474e-03,0.000000000000000000e+00
2.140000000000000124e+00,2.746649727373859807e-03,2.746710507931798481e-03,0.000000000000000000e+00
2.145000000000000018e+00,2.730171026897967781e-03,2.730230954420708855e-03,0.000000000000000000e+00
2.149999999999999911e+00,2.713858482861228848e-03,2.713917572705264441e-03,0.000000000000000000e+00
2.155000000000000249e+00,2.697709772728389046e-03,2.697768039912980167e-03,0.000000000000000000e+00
2.160000000000000142e+00,2.681722615606560618e-03,2.681780074823549194e-03,0.000000000000000000e+00
2.165000000000000036e+00,2.665894771336246860e-03,2.665951436957879339e-03,0.000000000000000000e+00
2.169999999999999929e+00,2.650224039605711141e-03,2.650279925693143409e-03,0.000000000000000000e+00
2.175000000000000266e+00,2.634708259087962818e-03,2.634763379398735120e-03,0.000000000000000000e+00
2.180000000000000160e+00,2.619345306599730767e-03,2.619399674595860195e-03,0.000000000000000000e+00
2.185000000000000053e+00,2.604133096281738453e-03,2.604186725137059427e-03,0.000000000000000000e+00
2.189999999999999947e+00,2.589069578799729331e-03,2.589122481407241452e-03,0.000000000000000000e+00
2.194999999999999840e+00,2.574152740565559087e-03,2.574204929544011717e-03,0.000000000000000000e+00
2.200000000000000178e+00,2.559380602977844293e-03,2.559432090679419642e-03,0.000000000000000000e+00
2.205000000000000071e+00,2.544751221681581556e-03,2.544802020197767592e-03,0.000000000000000000e+00
2.209999999999999964e+00,2.530262685846160382e-03,2.530312807014603853e-03,0.000000000000000000e+00
2.214999999999999858e+00,2.515913117461312208e-03,2.515962572871886706e-03,0.000000000000000000e+00
2.220000000000000195e+00,2.501700670650417943e-03,2.501749471651414265e-03,0.000000000000000000e+00
2.225000000000000089e+00,2.487623531000741645e-03,2.487671688704912003e-03,0.000000000000000000e+00
2.229999999999999982e+00,2.473679914910053863e-03,2.473727440200208100e-03,4.627242286728126971e-04
2.234999999999999876e+00,2.459868068949236548e-03,2.459914972483670959e-03,9.254484573456253941e-04
2.240000000000000213e+00,2.446186269240385128e-03,2.446232561459130497e-03,1.388172686018479020e-03
2.245000000000000107e+00,2.432632820850005265e-03,2.432678511978734765e-03,1.850896914691291771e-03
2.250000000000000000e+00,2.419206057196842449e-03,2.419251157253502187e-03,2.313621143364104522e-03
2.254999999999999893e+00,2.405904339473991394e-03,2.405948858272310628e-03,3.245850020330823607e-03
2.260000000000000231e+00,2.392726056084844635e-03,2.392770003240387786e-03,4.178078897297625091e-03
2.265000000000000124e+00,2.379669622092531623e-03,2.379713007026922327e-03,5.110307774264344176e-03
2.270000000000000018e+00,2.366733478682454990e-03,2.366776310628384682e-03,6.042536651231063261e-03
2.274999999999999911e+00,2.353916092637586138e-03,2.353958380642917538e-03,6.974765528197781478e-03
2.280000000000000249e+00,2.341215955826154559e-03,2.341257708758007379e-03,7.778004444976816499e-03
2.285000000000000142e+00,2.328631584701418202e-03,2.328672811250676825e-03,8.581243361755780397e-03
2.290000000000000036e+00,2.316161519813151898e-03,2.316202228499022499e-03,9.384482278534745162e-03
2.294999999999999929e+00,2.303804325330581926e-03,2.303844524503849845e-03,1.018772119531370819e-02
2.300000000000000266e+00,2.291558588576420637e-03,2.291598286423879999e-03,1.099096011209274408e-02
2.305000000000000160e+00,2.279422919571738333e-03,2.279462124119794198e-03,1.108369340597856363e-02
2.310000000000000053e+00,2.267395950591345397e-03,2.267434669709764237e-03,1.117642669986438318e-02
2.314999999999999947e+00,2.255476335729443994e-03,2.255514577134745506e-03,1.126915999375020273e-02
2.319999999999999840e+00,2.243662750475255725e-03,2.243700521734815455e-03,1.136189328763602228e-02
2.325000000000000178e+00,2.231953891298358531e-03,2.231991199832846894e-03,1.145462658152185051e-02
2.330000000000000071e+00,2.220348475243499094e-03,2.220385328331371706e-03,1.073524582717861296e-02
2.334999999999999964e+00,2.208845239534601001e-03,2.208881644314267950e-03,1.001586507283537542e-02
2.339999999999999858e+00,2.197442941187768752e-03,2.197478904661428339e-03,9.296484318492136134e-03
2.345000000000000195e+00,2.186140356633007025e-03,2.186175885669328512e-03,8.577103564148834403e-03
2.350000000000000089e+00,2.174936281344477373e-03,2.174971382681883947e-03,7.857722809805596856e-03
2.354999999999999982e+00,2.163829529479025220e-03,2.163864209728383250e-03,6.837261451274371030e-03
2.359999999999999876e+00,2.152818933522805418e-03,2.152853199170448942e-03,5.816800092743145204e-03
2.365000000000000213e+00,2.141903343945764353e-03,2.141937201356209925e-03,4.796338734211829172e-03
2.370000000000000107e+00,2.131081628863807764e-03,2.131115084282406841e-03,3.775877375680602478e-03
2.375000000000000000e+00,2.120352673708429583e-03,2.120385733263722983e-03,2.755416017149376652e-03
2.379999999999999893e+00,2.109715380903635744e-03,2.109748050610618392e-03,2.204332813719520837e-03
2.385000000000000231e+00,2.099168669549962129e-03,2.099200955311981281e-03,1.653249610289616233e-03
2.390000000000000124e+00,2.088711475115422739e-03,2.088743382726731927e-03,1.102166406859760419e-03
2.395000000000000018e+00,2.078342749133192929e-03,2.078374284281233556e-03,5.510832034299043870e-04
2.399999999999999911e+00,2.068061458905878520e-03,2.068092627174166007e-03,4.900593819634480042e-17
2.405000000000000249e+00,2.057866587216199920e-03,2.057897394085956080e-03,0.000000000000000000e+00
2.410000000000000142e+00,2.047757132043922981e-03,2.047787582896415728e-03,0.000000000000000000e+00
2.415000000000000036e+00,2.037732106288896953e-03,2.037762206407507659e-03,0.000000000000000000e+00
2.419999999999999929e+00,2.027790537500027360e-03,2.027820292072670359e-03,0.000000000000000000e+00
2.425000000000000266e+00,2.017931467610065404e-03,2.017960881731135220e-03,0.000000000000000000e+00
2.430000000000000160e+00,2.008153952676045625e-03,2.008183031348155598e-03,0.000000000000000000e+00
2.435000000000000053e+00,1.998457062625241289e-03,1.998485810761163866e-03,0.000000000000000000e+00
2.439999999999999947e+00,1.988839881006510425e-03,1.988868303431518166e-03,0.000000000000000000e+00
2.444999999999999840e+00,1.979301504746894171e-03,1.979329606200123676e-03,0.000000000000000000e+00
2.450000000000000178e+00,1.969841043913335161e-03,1.969868829050043946e-03,0.000000000000000000e+00
2.455000000000000071e+00,1.960457621479406651e-03,1.960485094872232124e-03,0.000000000000000000e+00
2.459999999999999964e+00,1.951150373096914277e-03,1.951177539237876476e-03,0.000000000000000000e+00
2.464999999999999858e+00,1.941918446872266347e-03,1.941945310174376244e-03,0.000000000000000000e+00
2.470000000000000195e+00,1.932761003147492320e-03,1.932787567946471583e-03,0.000000000000000000e+00
2.475000000000000089e+00,1.923677214285800848e-03,1.923703484841581945e-03,0.000000000000000000e+00
2.479999999999999982e+00,1.914666264461565908e-03,1.914692244960059138e-03,0.000000000000000000e+00
2.484999999999999876e+00,1.905727349454638692e-03,1.905753044008902256e-03,0.000000000000000000e+00
2.490000000000000213e+00,1.896859676448882240e-03,1.896885089100907923e-03,0.000000000000000000e+00
2.495000000000000107e+00,1.888062463834832986e-03,1.888087598556763280e-03,0.000000000000000000e+00
2.500000000000000000e+00,1.879334941016379268e-03,1.879359801712358544e-03,0.000000000000000000e+00
2.504999999999999893e+00,1.870676348221380703e-03,1.870700938728141107e-03,0.000000000000000000e+00
2.510000000000000231e+00,1.862085936316119125e-03,1.862110260405136410e-03,0.000000000000000000e+00
2.515000000000000124e+00,1.853562966623511924e-03,1.853587028001902519e-03,0.000000000000000000e+00
2.520000000000000018e+00,1.845106710744970260e-03,1.845130513057028883e-03,0.000000000000000000e+00
2.524999999999999911e+00,1.836716450385851183e-03,1.836739997213981089e-03,0.000000000000000000e+00
2.530000000000000249e+00,1.828391477184398506e-03,1.828414772050701142e-03,0.000000000000000000e+00
2.535000000000000142e+00,1.820131092544099343e-03,1.820154138911388294e-03,0.000000000000000000e+00
2.540000000000000036e+00,1.811934607469377389e-03,1.811957408742419793e-03,0.000000000000000000e+00
2.544999999999999929e+00,1.803801342404544230e-03,1.803823901931167961e-03,0.000000000000000000e+00
2.550000000000000266e+00,1.795730627075943411e-03,1.795752948147969277e-03,0.000000000000000000e+00
2.555000000000000160e+00,1.787721800337198136e-03,1.787743886191924154e-03,0.000000000000000000e+00
2.560000000000000053e+00,1.779774210017510136e-03,1.779796063838531622e-03,0.000000000000000000e+00
2.564999999999999947e+00,1.771887212772925565e-03,1.771908837691200033e-03,0.000000000000000000e+00
2.569999999999999840e+00,1.764060173940515440e-03,1.764081573035499286e-03,0.000000000000000000e+00
2.575000000000000178e+00,1.756292467395386943e-03,1.756313643695889791e-03,0.000000000000000000e+00
2.580000000000000071e+00,1.748583475410487621e-03,1.748604431895757613e-03,0.000000000000000000e+00
2.584999999999999964e+00,1.740932588519107302e-03,1.740953328119978832e-03,0.000000000000000000e+00
2.589999999999999858e+00,1.733339205380049963e-03,1.733359730979248123e-03,0.000000000000000000e+00
2.595000000000000195e+00,1.725802732645392292e-03,1.725823047079241140e-03,0.000000000000000000e+00
2.600000000000000089e+00,1.718322584830792726e-03,1.718342690889478963e-03,0.000000000000000000e+00
2.604999999999999982e+00,1.710898184188264443e-03,1.710918084617103979e-03,0.000000000000000000e+00
2.609999999999999876e+00,1.703528960581394752e-03,1.703548658081614851e-03,0.000000000000000000e+00
2.615000000000000213e+00,1.696214351362929345e-03,1.696233848592246718e-03,0.000000000000000000e+00
2.620000000000000107e+00,1.688953801254682594e-03,1.688973100828431622e-03,0.000000000000000000e+00
2.625000000000000000e+00,1.681746762229716433e-03,1.681765866721316675e-03,0.000000000000000000e+00
2.629999999999999893e+00,1.674592693396745541e-03,1.674611605339218099e-03,0.000000000000000000e+00
2.635000000000000231e+00,1.667491060886714836e-03,1.667509782772289440e-03,0.000000000000000000e+00
2.640000000000000124e+00,1.660441337741505466e-03,1.660459872023591554e-03,0.000000000000000000e+00
2.645000000000000018e+00,1.653443003804719227e-03,1.653461352897826146e-03,0.000000000000000000e+00
2.649999999999999911e+00,1.646495545614502787e-03,1.646513711895284315e-03,0.000000000000000000e+00
2.655000000000000249e+00,1.639598456298364034e-03,1.639616442105936269e-03,0.000000000000000000e+00
2.660000000000000142e+00,1.632751235469936946e-03,1.632769043107312702e-03,0.000000000000000000e+00
2.665000000000000036e+00,1.625953389127654872e-03,1.625971020861852754e-03,0.000000000000000000e+00
2.669999999999999929e+00,1.619204429555294719e-03,1.619221887617744611e-03,0.000000000000000000e+00
2.675000000000000266e+00,1.612503875224346713e-03,1.612521161812369716e-03,0.000000000000000000e+00
2.680000000000000160e+00,1.605851250698176131e-03,1.605868367975019475e-03,0.000000000000000000e+00
2.685000000000000053e+00,1.599246086537933200e-03,1.599263036633544795e-03,0.000000000000000000e+00
2.689999999999999947e+00,1.592687919210180811e-03,1.592704704221735088e-03,0.000000000000000000e+00
2.694999999999999840e+00,1.586176290996202084e-03,1.586192912988756368e-03,0.000000000000000000e+00
2.700000000000000178e+00,1.579710749902947476e-03,1.579727210910025726e-03,0.000000000000000000e+00
2.705000000000000071e+00,1.573290849575600383e-03,1.573307151599661995e-03,0.000000000000000000e+00
2.709999999999999964e+00,1.566916149211705070e-03,1.566932294225149716e-03,0.000000000000000000e+00
2.714999999999999858e+00,1.560586213476850654e-03,1.560602203421855658e-03,0.000000000000000000e+00
2.720000000000000195e+00,1.554300612421861266e-03,1.554316449211285821e-03,0.000000000000000000e+00
2.725000000000000089e+00,1.548058921401467653e-03,1.548074606919447836e-03,0.000000000000000000e+00
2.729999999999999982e+00,1.541860720994424469e-03,1.541876257096892354e-03,0.000000000000000000e+00
2.734999999999999876e+00,1.535705596925054364e-03,1.535720985440057864e-03,0.000000000000000000e+00
2.740000000000000213e+00,1.529593139986178130e-03,1.529608382714569247e-03,0.000000000000000000e+00
2.745000000000000107e+00,1.523522945963411363e-03,1.523538044678960030e-03,0.000000000000000000e+00
2.750000000000000000e+00,1.517494615560789064e-03,1.517509572011317004e-03,0.000000000000000000e+00
2.754999999999999893e+00,1.511507754327707327e-03,1.511522570234720940e-03,0.000000000000000000e+00
2.760000000000000231e+00,1.505561972587139393e-03,1.505576649646898782e-03,0.000000000000000000e+00
2.765000000000000124e+00,1.499656885365108954e-03,1.499671425248863196e-03,0.000000000000000000e+00
2.770000000000000018e+00,1.493792112321396187e-03,1.493806516675823953e-03,0.000000000000000000e+00
2.774999999999999911e+00,1.487967277681444224e-03,1.487981548129096131e-03,0.000000000000000000e+00
2.780000000000000249e+00,1.482182010169449558e-03,1.482196148309187275e-03,5.672268566936001675e-04
2.785000000000000142e+00,1.476435942942615166e-03,1.476449950349999121e-03,1.134453713387200335e-03
2.790000000000000036e+00,1.470728713526525547e-03,1.470742591754226058e-03,1.701680570080800611e-03
2.794999999999999929e+00,1.465059963751648041e-03,1.465073714329730246e-03,2.268907426774400670e-03
2.800000000000000266e+00,1.459429339690914438e-03,1.459442964127364564e-03,2.836134283468051253e-03
2.805000000000000160e+00,1.453836491598375089e-03,1.453849991379549964e-03,3.904454947690747402e-03
2.810000000000000053e+00,1.448281073848900783e-03,1.448294450439442833e-03,4.972775611913443986e-03
2.814999999999999947e+00,1.442762744878907030e-03,1.442775999722940589e-03,6.041096276136139268e-03
2.819999999999999840e+00,1.437281167128091853e-03,1.437294301648777339e-03,7.109416940358836284e-03
2.825000000000000178e+00,1.431836006982154354e-03,1.431849022582330766e-03,8.177737604581626976e-03
2.830000000000000071e+00,1.426426934716487106e-03,1.426439832779030029e-03,8.780451518961005994e-03
2.834999999999999964e+00,1.421053624440810070e-03,1.421066406329176378e-03,9.383165433340385012e-03
2.839999999999999858e+00,1.415715754044739308e-03,1.415728421102788485e-03,9.985879347719764029e-03
2.845000000000000195e+00,1.410413005144271412e-03,1.410425558696994791e-03,1.058859326209919682e-02
2.850000000000000089e+00,1.405145063029155468e-03,1.405157504382835822e-03,1.119130717647857584e-02
2.854999999999999982e+00,1.399911616611147552e-03,1.399923947053964514e-03,1.078340238826953380e-02
2.859999999999999876e+00,1.394712358373123920e-03,1.394724579174854090e-03,1.037549760006049177e-02
2.865000000000000213e+00,1.389546984319040305e-03,1.389559096731761553e-03,9.967592811851415033e-03
2.870000000000000107e+00,1.384415193924719333e-03,1.384427199183629149e-03,9.559688023642372995e-03
2.875000000000000000e+00,1.379316690089444361e-03,1.379328589411798860e-03,9.151783235433330957e-03
2.879999999999999893e+00,1.374251179088361490e-03,1.374262973674650464e-03,8.094321972560646408e-03
2.885000000000000231e+00,1.369218370525651781e-03,1.369230061560308860e-03,7.036860709687868184e-03
2.890000000000000124e+00,1.364217977288478476e-03,1.364229565938999012e-03,5.979399446815183636e-03
2.895000000000000018e+00,1.359249715501682082e-03,1.359261202919862183e-03,4.921938183942499087e-03
2.899999999999999911e+00,1.354313304483216853e-03,1.354324691804790820e-03,3.864476921069814538e-03
2.905000000000000249e+00,1.349408466700309115e-03,1.349419755045590426e-03,3.091581536855790655e-03
2.910000000000000142e+00,1.344534927726329229e-03,1.344546118200349531e-03,2.318686152641860447e-03
2.915000000000000036e+00,1.339692416198358946e-03,1.339703509891061696e-03,1.545790768427929805e-03
2.919999999999999929e+00,1.334880663775443775e-03,1.334891661761765770e-03,7.728953842139991634e-04
2.925000000000000266e+00,1.330099405097518199e-03,1.330110308438217691e-03,0.000000000000000000e+00
2.930000000000000160e+00,1.325348377744990300e-03,1.325359187486182090e-03,0.000000000000000000e+00
2.935000000000000053e+00,1.320627322198971712e-03,1.320638039372651253e-03,0.000000000000000000e+00
2.939999999999999947e+00,1.315935981802145291e-03,1.315946607426554281e-03,0.000000000000000000e+00
2.944999999999999840e+00,1.311274102720255989e-03,1.311284637799892778e-03,0.000000000000000000e+00
2.950000000000000178e+00,1.306641433904210401e-03,1.306651879430230931e-03,0.000000000000000000e+00
2.955000000000000071e+00,1.302037727052784760e-03,1.302048084003032489e-03,0.000000000000000000e+00
2.959999999999999964e+00,1.297462736575913421e-03,1.297473005915062002e-03,0.000000000000000000e+00
2.964999999999999858e+00,1.292916219558564112e-03,1.292926402238757074e-03,0.000000000000000000e+00
2.970000000000000195e+00,1.288397935725178267e-03,1.288408032685471301e-03,0.000000000000000000e+00
2.975000000000000089e+00,1.283907647404671903e-03,1.283917659572055697e-03,0.000000000000000000e+00
2.979999999999999982e+00,1.279445119495979883e-03,1.279455047785155912e-03,0.000000000000000000e+00
2.984999999999999876e+00,1.275010119434145982e-03,1.275019964747840925e-03,0.000000000000000000e+00
2.990000000000000213e+00,1.270602417156935530e-03,1.270612180386109435e-03,0.000000000000000000e+00
2.995000000000000107e+00,1.266221785071970207e-03,1.266231467095516169e-03,0.000000000000000000e+00
3.000000000000000000e+00,1.261867998024370245e-03,1.261877599709961819e-03,0.000000000000000000e+00
3.004999999999999893e+00,1.257540833264901223e-03,1.257550355468881617e-03,0.000000000000000000e+00
3.010000000000000231e+00,1.253240070418608311e-03,1.253249513986293313e-03,0.000000000000000000e+00
3.015000000000000124e+00,1.248965491453938410e-03,1.248974857219510570e-03,0.000000000000000000e+00
3.020000000000000018e+00,1.244716880652329367e-03,1.244726169438770992e-03,0.000000000000000000e+00
3.024999999999999911e+00,1.240494024578276235e-03,1.240503237198966203e-03,0.000000000000000000e+00
3.030000000000000249e+00,1.236296712049842492e-03,1.236305849306828467e-03,0.000000000000000000e+00
3.035000000000000142e+00,1.232124734109632915e-03,1.232133796795042762e-03,0.000000000000000000e+00
3.040000000000000036e+00,1.227977883996200130e-03,1.227986872892094898e-03,0.000000000000000000e+00
3.044999999999999929e+00,1.223855957115888753e-03,1.223864872993858264e-03,0.000000000000000000e+00
3.050000000000000266e+00,1.219758751015105830e-03,1.219767594637002255e-03,0.000000000000000000e+00
3.055000000000000160e+00,1.215686065353010223e-03,1.215694837471417754e-03,0.000000000000000000e+00
3.060000000000000053e+00,1.211637701874612250e-03,1.211646403232067778e-03,0.000000000000000000e+00
3.064999999999999947e+00,1.207613464384280988e-03,1.207622095714310818e-03,0.000000000000000000e+00
3.070000000000000284e+00,1.203613158719646012e-03,1.203621720746065682e-03,0.000000000000000000e+00
3.075000000000000178e+00,1.199636592725891607e-03,1.199645086163757604e-03,0.000000000000000000e+00
3.080000000000000071e+00,1.195683576230435015e-03,1.195692001785789117e-03,0.000000000000000000e+00
3.084999999999999964e+00,1.191753921017981539e-03,1.191762279387704017e-03,0.000000000000000000e+00
3.089999999999999858e+00,1.187847440805949372e-03,1.187855732678462202e-03,0.000000000000000000e+00
3.095000000000000195e+00,1.183963951220261745e-03,1.183972177275300058e-03,0.000000000000000000e+00
3.100000000000000089e+00,1.180103269771496646e-03,1.180111430680153397e-03,0.000000000000000000e+00
3.104999999999999982e+00,1.176265215831384789e-03,1.176273312256627488e-03,0.000000000000000000e+00
3.109999999999999876e+00,1.172449610609659293e-03,1.172457643206269509e-03,0.000000000000000000e+00
3.115000000000000213e+00,1.168656277131242338e-03,1.168664246545827188e-03,0.000000000000000000e+00
3.120000000000000107e+00,1.164885040213767481e-03,1.164892947084740331e-03,0.000000000000000000e+00
3.125000000000000000e+00,1.161135726445432009e-03,1.161143571403575612e-03,0.000000000000000000e+00
3.129999999999999893e+00,1.157408164163167613e-03,1.157415947831537612e-03,0.000000000000000000e+00
3.135000000000000231e+00,1.153702183431136756e-03,1.153709906425069058e-03,0.000000000000000000e+00
3.140000000000000124e+00,1.150017616019534351e-03,1.150025278946615421e-03,0.000000000000000000e+00
3.145000000000000018e+00,1.146354295383702343e-03,1.146361898844265982e-03,0.000000000000000000e+00
3.149999999999999911e+00,1.142712056643541358e-03,1.142719601230685620e-03,0.000000000000000000e+00
3.155000000000000249e+00,1.139090736563223762e-03,1.139098222862851067e-03,4.247753361928331597e-05
3.160000000000000142e+00,1.135490173531198592e-03,1.135497602121951109e-03,8.495506723856663194e-05
3.165000000000000036e+00,1.131910207540477937e-03,1.131917578994006465e-03,1.274326008578499344e-04
3.169999999999999929e+00,1.128350680169216058e-03,1.128357995050393832e-03,1.699101344771332639e-04
3.175000000000000266e+00,1.124811434561555660e-03,1.124818693428488543e-03,2.123876680964203339e-04
3.180000000000000160e+00,1.121292315408758218e-03,1.121299518812572411e-03,5.812197005818189096e-04
3.185000000000000053e+00,1.117793168930591909e-03,1.117800317416019640e-03,9.500517330672175395e-04
3.189999999999999947e+00,1.114313842856993206e-03,1.114320936962152637e-03,1.318883765552616169e-03
3.195000000000000284e+00,1.110854186409983464e-03,1.110861226666547824e-03,1.687715798038047542e-03
3.200000000000000178e+00,1.107414050285844423e-03,1.107421037219233047e-03,2.056547830523446172e-03
3.205000000000000071e+00,1.103993286637541772e-03,1.104000220766925954e-03,2.327255825289890542e-03
3.209999999999999964e+00,1.100591749057399813e-03,1.100598630895863704e-03,2.597963820056334912e-03
3.214999999999999858e+00,1.097209292560016826e-03,1.097216122614224796e-03,2.868671814822779283e-03
3.220000000000000195e+00,1.093845773565422629e-03,1.093852552336150316e-03,3.139379809589247939e-03
3.225000000000000089e+00,1.090501049882470347e-03,1.090507777864956366e-03,3.410087804355692309e-03
3.229999999999999982e+00,1.087174980692459311e-03,1.087181658375834751e-03,3.287076365989626513e-03
3.234999999999999876e+00,1.083867426532988043e-03,1.083874054400703422e-03,3.164064927623560716e-03
3.240000000000000213e+00,1.080578249282030789e-03,1.080584827811962960e-03,3.041053489257484078e-03
3.245000000000000107e+00,1.077307312142235024e-03,1.077313841806573332e-03,2.918042050891418281e-03
3.250000000000000000e+00,1.074054479625435139e-03,1.074060960890608129e-03,2.795030612525352485e-03
3.254999999999999893e+00,1.070819617537383623e-03,1.070826050864702624e-03,2.432634348370032833e-03
3.260000000000000231e+00,1.067602592962688243e-03,1.067608978808064820e-03,2.070238084214681088e-03
3.265000000000000124e+00,1.064403274249959121e-03,1.064409613063974254e-03,1.707841820059361653e-03
3.270000000000000018e+00,1.061221530997160734e-03,1.061227823225282738e-03,1.345445555904042001e-03
3.274999999999999911e+00,1.058057234037157977e-03,1.058063480119563176e-03,9.830492917487223484e-04
3.280000000000000249e+00,1.054910255423471702e-03,1.054916455795340199e-03,7.864394333989557177e-04
3.285000000000000142e+00,1.051780468416216177e-03,1.051786623507609559e-03,5.898295750492211793e-04
3.290000000000000036e+00,1.048667747468234532e-03,1.048673857704519137e-03,3.932197166994866409e-04
3.294999999999999929e+00,1.045571968211421541e-03,1.045578034013024951e-03,1.966098583497521025e-04
3.300000000000000266e+00,1.042493007443231817e-03,1.042499029225638519e-03,0.000000000000000000e+00
3.305000000000000160e+00,1.039430743113369492e-03,1.039436721287501217e-03,0.000000000000000000e+00
3.310000000000000053e+00,1.036385054310657878e-03,1.036390989282580865e-03,0.000000000000000000e+00
3.314999999999999947e+00,1.033355821250086289e-03,1.033361713421478579e-03,0.000000000000000000e+00
3.320000000000000284e+00,1.030342925260030332e-03,1.030348775027814870e-03,0.000000000000000000e+00
3.325000000000000178e+00,1.027346248769645887e-03,1.027352056526457599e-03,0.000000000000000000e+00
3.330000000000000071e+00,1.024365675296427672e-03,1.024371441430165256e-03,0.000000000000000000e+00
3.334999999999999964e+00,1.021401089433936508e-03,1.021406814328547612e-03,0.000000000000000000e+00
3.339999999999999858e+00,1.018452376839691165e-03,1.018458060874500182e-03,0.000000000000000000e+00
3.345000000000000195e+00,1.015519424223218720e-03,1.015525067773443519e-03,0.000000000000000000e+00
3.350000000000000089e+00,1.012602119334265376e-03,1.012607722770776176e-03,0.000000000000000000e+00
3.354999999999999982e+00,1.009700350951162539e-03,1.009705914640927297e-03,0.000000000000000000e+00
3.359999999999999876e+00,1.006814008869345552e-03,1.006819533175037267e-03,0.000000000000000000e+00
3.365000000000000213e+00,1.003942983890028333e-03,1.003948469170385001e-03,0.000000000000000000e+00
3.370000000000000107e+00,1.001087167809019832e-03,1.001092614418740362e-03,0.000000000000000000e+00
3.375000000000000000e+00,9.982464534056953095e-04,9.982518616956604848e-04,0.000000000000000000e+00
3.379999999999999893e+00,9.954207344321061753e-04,9.954261047491646305e-04,0.000000000000000000e+00
3.385000000000000231e+00,9.926099056022340272e-04,9.926152382896422186e-04,0.000000000000000000e+00
3.390000000000000124e+00,9.898138625813884556e-04,9.898191579782804859e-04,0.000000000000000000e+00
3.395000000000000018e+00,9.870325019757356013e-04,9.870377604179112179e-04,0.000000000000000000e+00
3.399999999999999911e+00,9.842657213219715637e-04,9.842709431412640687e-04,0.000000000000000000e+00
3.405000000000000249e+00,9.815134190771220100e-04,9.815186046018443012e-04,0.000000000000000000e+00
3.410000000000000142e+00,9.787754946084805622e-04,9.787806441633158452e-04,0.000000000000000000e+00
3.415000000000000036e+00,9.760518481836715421e-04,9.760569620899066509e-04,0.000000000000000000e+00
3.419999999999999929e+00,9.733423809608444466e-04,9.733474595360171525e-04,0.000000000000000000e+00
3.425000000000000266e+00,9.706469949789931070e-04,9.706520385375080537e-04,0.000000000000000000e+00
3.430000000000000160e+00,9.679655931484012652e-04,9.679706020009455842e-04,0.000000000000000000e+00
3.435000000000000053e+00,9.652980792412073048e-04,9.653030536953872585e-04,0.000000000000000000e+00
3.439999999999999947e+00,9.626443578820917130e-04,9.626492982420543085e-04,0.000000000000000000e+00
3.445000000000000284e+00,9.600043345390842390e-04,9.600092411055458509e-04,0.000000000000000000e+00
3.450000000000000178e+00,9.573779155144877123e-04,9.573827885852086378e-04,0.000000000000000000e+00
3.455000000000000071e+00,9.547650079359142929e-04,9.547698478056699124e-04,0.000000000000000000e+00
3.459999999999999964e+00,9.521655197474407665e-04,9.521703267071114640e-04,0.000000000000000000e+00
3.464999999999999858e+00,9.495793597008719356e-04,9.495841340389608734e-04,0.000000000000000000e+00
3.470000000000000195e+00,9.470064373471157905e-04,9.470111793485515165e-04,0.000000000000000000e+00
3.475000000000000089e+00,9.444466630276680775e-04,9.444513729746649476e-04,0.000000000000000000e+00
3.479999999999999982e+00,9.418999478662030099e-04,9.419046260378597085e-04,4.395954151857553319e-04
3.484999999999999876e+00,9.393662037602703392e-04,9.393708504326582411e-04,8.791908303715106638e-04
3.490000000000000213e+00,9.368453433730960763e-04,9.368499588196081435e-04,1.318786245557305135e-03
3.495000000000000107e+00,9.343372801254881633e-04,9.343418646163475843e-04,1.758381660743060359e-03
3.500000000000000000e+00,9.318419281878384227e-04,9.318464819905764203e-04,2.197977075928815582e-03
3.504999999999999893e+00,9.293592024722297819e-04,9.293637258515676522e-04,2.662904107641982793e-03
3.510000000000000231e+00,9.268890186246370655e-04,9.268935118425835392e-04,3.127831139355191203e-03
3.515000000000000124e+00,9.244312930172304604e-04,9.244357563327343244e-04,3.592758171068358413e-03
3.520000000000000018e+00,9.219859427407660433e-04,9.219903764104503624e-04,4.057685202781525190e-03
3.524999999999999911e+00,9.195528855970789813e-04,9.195572898745830960e-04,4.522612234494693267e-03
3.530000000000000249e+00,9.171320400916639030e-04,9.171364152282306332e-04,4.522988219181267242e-03
3.535000000000000142e+00,9.147233254263501369e-04,9.147276716704523828e-04,4.523364203867800450e-03
3.540000000000000036e+00,9.123266614920636864e-04,9.123309790897726236e-04,4.523740188554334525e-03
3.544999999999999929e+00,9.099419688616811443e-04,9.099462580562869699e-04,4.524116173240867733e-03
3.550000000000000266e+00,9.075691687829696942e-04,9.075734298155289318e-04,4.524492157927400941e-03
3.555000000000000160e+00,9.052081831716147142e-04,9.052124162803261475e-04,4.054250908209569744e-03
3.560000000000000053e+00,9.028589346043303229e-04,9.028631400253426175e-04,3.584009658491738547e-03
3.564999999999999947e+00,9.005213463120560107e-04,9.005255242786824269e-04,3.113768408773907349e-03
3.570000000000000284e+00,8.981953421732348031e-04,8.981994929168574202e-04,2.643527159056034519e-03
3.575000000000000178e+00,8.958808467071747994e-04,8.958849704564185706e-04,2.173285909338203321e-03
3.580000000000000071e+00,8.935777850674879062e-04,8.935818820487670964e-04,1.738628727470570420e-03
3.584999999999999964e+00,8.912860830356115127e-04,8.912901534731822823e-04,1.303971545602937519e-03
3.589999999999999858e+00,8.890056670144058431e-04,8.890097111300143164e-04,8.693143637353044004e-04
3.595000000000000195e+00,8.867364640218305645e-04,8.867404820351634234e-04,4.346571818676329014e-04
3.600000000000000089e+00,8.844784016846955537e-04,8.844823938130079400e-04,0.000000000000000000e+00
3.604999999999999982e+00,8.822314082324874502e-04,8.822353746909933868e-04,0.000000000000000000e+00
3.609999999999999876e+00,8.799954124912699347e-04,8.799993534928607581e-04,0.000000000000000000e+00
3.615000000000000213e+00,8.777703438776582757e-04,8.777742596331569898e-04,0.000000000000000000e+00
3.620000000000000107e+00,8.755561323928647824e-04,8.755600231111853281e-04,0.000000000000000000e+00
3.625000000000000000e+00,8.733527086168136472e-04,8.733565745045877198e-04,0.000000000000000000e+00
3.629999999999999893e+00,8.711600037023296220e-04,8.711638449638830356e-04,0.000000000000000000e+00
3.635000000000000231e+00,8.689779493693915299e-04,8.689817662073917029e-04,0.000000000000000000e+00
3.640000000000000124e+00,8.668064778994577675e-04,8.668102705144603093e-04,0.000000000000000000e+00
3.645000000000000018e+00,8.646455221298553423e-04,8.646492907203624919e-04,0.000000000000000000e+00
3.649999999999999911e+00,8.624950154482377562e-04,8.624987602104667965e-04,0.000000000000000000e+00
3.655000000000000249e+00,8.603548917871065320e-04,8.603586129157499238e-04,0.000000000000000000e+00
3.660000000000000142e+00,8.582250856184000685e-04,8.582287833060634006e-04,0.000000000000000000e+00
3.665000000000000036e+00,8.561055319481411519e-04,8.561092063857251048e-04,0.000000000000000000e+00
3.669999999999999929e+00,8.539961663111514693e-04,8.539998176872785982e-04,0.000000000000000000e+00
3.675000000000000266e+00,8.518969247658260803e-04,8.519005532675927089e-04,0.000000000000000000e+00
3.680000000000000160e+00,8.498077438889710964e-04,8.498113497013905790e-04,0.000000000000000000e+00
3.685000000000000053e+00,8.477285607706969801e-04,8.477321440772322622e-04,0.000000000000000000e+00
3.689999999999999947e+00,8.456593130093757044e-04,8.456628739914750668e-04,0.000000000000000000e+00
3.695000000000000284e+00,8.435999387066548316e-04,8.436034775439584313e-04,0.000000000000000000e+00
3.700000000000000178e+00,8.415503764625295981e-04,8.415538933331416028e-04,0.000000000000000000e+00
3.705000000000000071e+00,8.395105653704715938e-04,8.395140604507227416e-04,0.000000000000000000e+00
3.709999999999999964e+00,8.374804450126136033e-04,8.374839184768002355e-04,0.000000000000000000e+00
3.714999999999999858e+00,8.354599554549918018e-04,8.354634074759662108e-04,0.000000000000000000e+00
3.720000000000000195e+00,8.334490372428393417e-04,8.334524679919554525e-04,0.000000000000000000e+00
3.725000000000000089e+00,8.314476313959384864e-04,8.314510410425826137e-04,0.000000000000000000e+00
3.729999999999999982e+00,8.294556794040218580e-04,8.294590681160467129e-04,0.000000000000000000e+00
3.734999999999999876e+00,8.274731232222282216e-04,8.274764911658500201e-04,0.000000000000000000e+00
3.740000000000000213e+00,8.254999052666109598e-04,8.255032526063856794e-04,0.000000000000000000e+00
3.745000000000000107e+00,8.235359684096964228e-04,8.235392953087097541e-04,0.000000000000000000e+00
3.750000000000000000e+00,8.215812559760936676e-04,8.215845625959751096e-04,0.000000000000000000e+00
3.754999999999999893e+00,8.196357117381534215e-04,8.196389982385572735e-04,0.000000000000000000e+00
3.760000000000000231e+00,8.176992799116767014e-04,8.177025464512753007e-04,0.000000000000000000e+00
3.765000000000000124e+00,8.157719051516730893e-04,8.157751518873296737e-04,0.000000000000000000e+00
3.770000000000000018e+00,8.138535325481651957e-04,8.138567596351859801e-04,0.000000000000000000e+00
3.774999999999999911e+00,8.119441076220412605e-04,8.119473152143656062e-04,0.000000000000000000e+00
3.780000000000000249e+00,8.100435763209543755e-04,8.100467645711185776e-04,0.000000000000000000e+00
3.785000000000000142e+00,8.081518850152688690e-04,8.081550540742840757e-04,0.000000000000000000e+00
3.790000000000000036e+00,8.062689804940508182e-04,8.062721305114761055e-04,0.000000000000000000e+00
3.794999999999999929e+00,8.043948099611043139e-04,8.043979410849859705e-04,0.000000000000000000e+00
3.800000000000000266e+00,8.025293210310506607e-04,8.025324334081969250e-04,0.000000000000000000e+00
3.805000000000000160e+00,8.006724617254551727e-04,8.006755555013043936e-04,0.000000000000000000e+00
3.810000000000000053e+00,7.988241804689915921e-04,7.988272557874867867e-04,0.000000000000000000e+00
3.814999999999999947e+00,7.969844260856543197e-04,7.969874830897178374e-04,0.000000000000000000e+00
3.820000000000000284e+00,7.951531477950092444e-04,7.951561866254450118e-04,0.000000000000000000e+00
3.825000000000000178e+00,7.933302952084892411e-04,7.933333160063168327e-04,0.000000000000000000e+00
3.830000000000000071e+00,7.915158183257271817e-04,7.915188212287919533e-04,0.000000000000000000e+00
3.834999999999999964e+00,7.897096675309320983e-04,7.897126526763966837e-04,0.000000000000000000e+00
3.839999999999999858e+00,7.879117935893054613e-04,7.879147611136045606e-04,0.000000000000000000e+00
3.845000000000000195e+00,7.861221476434941029e-04,7.861250976818121147e-04,0.000000000000000000e+00
3.850000000000000089e+00,7.843406812100864019e-04,7.843436138959431489e-04,0.000000000000000000e+00
3.854999999999999982e+00,7.825673461761433782e-04,7.825702616417668563e-04,0.000000000000000000e+00
3.859999999999999876e+00,7.808020947957690361e-04,7.808049931724917988e-04,0.000000000000000000e+00
3.865000000000000213e+00,7.790448796867185466e-04,7.790477611044163047e-04,0.000000000000000000e+00
3.870000000000000107e+00,7.772956538270448098e-04,7.772985184144059643e-04,0.000000000000000000e+00
3.875000000000000000e+00,7.755543705517775437e-04,7.755572184362752135e-04,0.000000000000000000e+00
3.879999999999999893e+00,7.738209835496425966e-04,7.738238148578710464e-04,0.000000000000000000e+00
3.885000000000000231e+00,7.720954468598150875e-04,7.720982617170167985e-04,0.000000000000000000e+00
3.890000000000000124e+00,7.703777148687089744e-04,7.703805133987884140e-04,0.000000000000000000e+00
3.895000000000000018e+00,7.686677423067988244e-04,7.686705246327929899e-04,0.000000000000000000e+00
3.899999999999999911e+00,7.669654842454794218e-04,7.669682504891666601e-04,0.000000000000000000e+00
3.905000000000000249e+00,7.652708960939560599e-04,7.652736463763138179e-04,0.000000000000000000e+00
3.910000000000000142e+00,7.635839335961718032e-04,7.635866680365909062e-04,0.000000000000000000e+00
3.915000000000000036e+00,7.619045528277638068e-04,7.619072715448280001e-04,0.000000000000000000e+00
3.919999999999999929e+00,7.602327101930558481e-04,7.602354133041468219e-04,0.000000000000000000e+00
3.925000000000000266e+00,7.585683624220805653e-04,7.585710500437808446e-04,0.000000000000000000e+00
3.930000000000000160e+00,7.569114665676363908e-04,7.569141388153933407e-04,8.480864368642343945e-06
3.935000000000000053e+00,7.552619800023731072e-04,7.552646369902522774e-04,1.696172873728468789e-05
3.939999999999999947e+00,7.536198604159091707e-04,7.536225022572464426e-04,2.544259310592703353e-05
3.945000000000000284e+00,7.519850658119813435e-04,7.519876926191663069e-04,3.392345747457012795e-05
3.950000000000000178e+00,7.503575545056239251e-04,7.503601663898693767e-04,4.240432184321247697e-05
3.955000000000000071e+00,7.487372851203762808e-04,7.487398821919096946e-04,4.968747989355892488e-04
3.959999999999999964e+00,7.471242165855221384e-04,7.471267989536283828e-04,9.513452760279659257e-04
3.965000000000000302e+00,7.455183081333571814e-04,7.455208759064918186e-04,1.405815753120383043e-03
3.970000000000000195e+00,7.439195192964856993e-04,7.439220725818383772e-04,1.860286230212759937e-03
3.975000000000000089e+00,7.423278099051451020e-04,7.423303488092130968e-04,2.314756707305136614e-03
3.979999999999999982e+00,7.407431400845606835e-04,7.407456647125989927e-04,2.799845510957086996e-03
3.984999999999999876e+00,7.391654702523249966e-04,7.391679807091039792e-04,3.284934314609037377e-03
3.990000000000000213e+00,7.375947611158073687e-04,7.375972575047066776e-04,3.770023118261031127e-03
3.995000000000000107e+00,7.360309736695900889e-04,7.360334560934358918e-04,4.255111921912981508e-03
4.000000000000000000e+00,7.344740691929301825e-04,7.344765377533012726e-04,4.740200725564931890e-03
4.004999999999999893e+00,7.329240092472493742e-04,7.329264640451646625e-04,4.833373017525816051e-03
4.009999999999999787e+00,7.313807556736483381e-04,7.313831968090304990e-04,4.926545309486701080e-03
4.014999999999999680e+00,7.298442705904497870e-04,7.298466981625405074e-04,5.019717601447585241e-03
4.020000000000000462e+00,7.283145163907627038e-04,7.283169304975700654e-04,5.112889893408486749e-03
4.025000000000000355e+00,7.267914557400775811e-04,7.267938564792643472e-04,5.206062185369370911e-03
4.030000000000000249e+00,7.252750515738803092e-04,7.252774390417574598e-04,4.859914378364181900e-03
4.035000000000000142e+00,7.237652670952964213e-04,7.237676413876827086e-04,4.513766571358992889e-03
4.040000000000000036e+00,7.222620657727553970e-04,7.222644269843647713e-04,4.167618764353803879e-03
4.044999999999999929e+00,7.207654113376818538e-04,7.207677595625822976e-04,3.821470957348614000e-03
4.049999999999999822e+00,7.192752677822090730e-04,7.192776031135773547e-04,3.475323150343424990e-03
4.054999999999999716e+00,7.177915993569162698e-04,7.177939218871900572e-04,3.003593409733930960e-03
4.060000000000000497e+00,7.163143705685901495e-04,7.163166803893995967e-04,2.531863669124352796e-03
4.065000000000000391e+00,7.148435461780078227e-04,7.148458433801310090e-04,2.060133928514858333e-03
4.070000000000000284e+00,7.133790911977429218e-04,7.133813758713502314e-04,1.588404187905364520e-03
4.075000000000000178e+00,7.119209708899952452e-04,7.119232431241119281e-04,1.116674447295870056e-03
4.080000000000000071e+00,7.104691507644407848e-04,7.104714106478335085e-04,8.933395578367039598e-04
4.084999999999999964e+00,7.090235965761050628e-04,7.090258441962006379e-04,6.700046683775378632e-04
4.089999999999999858e+00,7.075842743232571780e-04,7.075865097672751156e-04,4.466697789183718750e-04
4.094999999999999751e+00,7.061511502453265109e-04,7.061533735993547403e-04,2.233348894592057784e-04
4.099999999999999645e+00,7.047241908208385112e-04,7.047264021704611331e-04,3.968179951296946228e-17
4.105000000000000426e+00,7.033033627653731456e-04,7.033055621953169818e-04,0.000000000000000000e+00
4.110000000000000320e+00,7.018886330295435105e-04,7.018908206239327834e-04,0.000000000000000000e+00
4.115000000000000213e+00,7.004799687969945040e-04,7.004821446391420190e-04,0.000000000000000000e+00
4.120000000000000107e+00,6.990773374824217710e-04,6.990795016548663216e-04,0.000000000000000000e+00
4.125000000000000000e+00,6.976807067296109241e-04,6.976828593142650687e-04,0.000000000000000000e+00
4.129999999999999893e+00,6.962900444094961708e-04,6.962921854875218745e-04,0.000000000000000000e+00
4.134999999999999787e+00,6.949053186182384571e-04,6.949074482703786410e-04,0.000000000000000000e+00
4.139999999999999680e+00,6.935264976753230176e-04,6.935286159813045968e-04,0.000000000000000000e+00
4.145000000000000462e+00,6.921535501216747070e-04,6.921556571607707497e-04,0.000000000000000000e+00
4.150000000000000355e+00,6.907864447177957746e-04,6.907885405684970970e-04,0.000000000000000000e+00
4.155000000000000249e+00,6.894251504419169740e-04,6.894272351821371632e-04,0.000000000000000000e+00
4.160000000000000142e+00,6.880696364881713333e-04,6.880717101951183776e-04,0.000000000000000000e+00
4.165000000000000036e+00,6.867198722647836458e-04,6.867219350150796306e-04,0.000000000000000000e+00
4.169999999999999929e+00,6.853758273922798015e-04,6.853778792616352150e-04,0.000000000000000000e+00
4.174999999999999822e+00,6.840374717017118399e-04,6.840395127655972364e-04,0.000000000000000000e+00
4.179999999999999716e+00,6.827047752329020846e-04,6.827068055658092006e-04,0.000000000000000000e+00
4.185000000000000497e+00,6.813777082327041913e-04,6.813797279089444606e-04,0.000000000000000000e+00
4.190000000000000391e+00,6.800562411532808929e-04,6.800582502461564654e-04,0.000000000000000000e+00
4.195000000000000284e+00,6.787403446504000669e-04,6.787423432327382121e-04,0.000000000000000000e+00
4.200000000000000178e+00,6.774299895817450070e-04,6.774319777258043301e-04,0.000000000000000000e+00
4.205000000000000071e+00,6.761251470052436667e-04,6.761271247826131699e-04,0.000000000000000000e+00
4.209999999999999964e+00,6.748257881774143846e-04,6.748277556591853127e-04,0.000000000000000000e+00
4.214999999999999858e+00,6.735318845517250519e-04,6.735338418082883636e-04,0.000000000000000000e+00
4.219999999999999751e+00,6.722434077769711466e-04,6.722453548781022990e-04,0.000000000000000000e+00
4.224999999999999645e+00,6.709603296956692707e-04,6.709622667107820312e-04,0.000000000000000000e+00
4.230000000000000426e+00,6.696826223424641325e-04,6.696845493401707176e-04,0.000000000000000000e+00
4.235000000000000320e+00,6.684102579425542845e-04,6.684121749910627202e-04,0.000000000000000000e+00
4.240000000000000213e+00,6.671432089101297881e-04,6.671451160771822188e-04,0.000000000000000000e+00
4.245000000000000107e+00,6.658814478468277681e-04,6.658833451993296593e-04,0.000000000000000000e+00
4.250000000000000000e+00,6.646249475402013019e-04,6.646268351447779613e-04,0.000000000000000000e+00
4.254999999999999893e+00,6.633736809622041387e-04,6.633755588846925507e-04,0.000000000000000000e+00
4.259999999999999787e+00,6.621276212676897302e-04,6.621294895736145204e-04,0.000000000000000000e+00
4.264999999999999680e+00,6.608867417929230543e-04,6.608886005471484608e-04,0.000000000000000000e+00
4.270000000000000462e+00,6.596510160541106541e-04,6.596528653210001220e-04,0.000000000000000000e+00
4.275000000000000355e+00,6.584204177459407597e-04,6.584222575893708190e-04,0.000000000000000000e+00
4.280000000000000249e+00,6.571949207401398896e-04,6.571967512232962166e-04,0.000000000000000000e+00
4.285000000000000142e+00,6.559744990840418125e-04,6.559763202699707635e-04,0.000000000000000000e+00
4.290000000000000036e+00,6.547591269991719044e-04,6.547609389501227303e-04,0.000000000000000000e+00
4.294999999999999929e+00,6.535487788798431067e-04,6.535505816574937923e-04,0.000000000000000000e+00
4.299999999999999822e+00,6.523434292917670635e-04,6.523452229576094360e-04,0.000000000000000000e+00
4.304999999999999716e+00,6.511430529706770760e-04,6.511448375854691746e-04,9.637914423560938414e-05
4.310000000000000497e+00,6.499476248209649356e-04,6.499494004451425748e-04,1.927582884712358716e-04
4.315000000000000391e+00,6.487571199143312003e-04,6.487588866076625426e-04,2.891374327068452557e-04
4.320000000000000284e+00,6.475715134884463134e-04,6.475732713102834047e-04,3.855165769424546670e-04
4.325000000000000178e+00,6.463907809456264676e-04,6.463925299548610014e-04,4.818957211780640240e-04
4.330000000000000071e+00,6.452148978515216118e-04,6.452166381066705815e-04,6.437429356714807153e-04
4.334999999999999964e+00,6.440438399338146254e-04,6.440455714928057605e-04,8.055901501648974608e-04
4.339999999999999858e+00,6.428775830809343702e-04,6.428793060012877401e-04,9.674373646583142063e-04
4.344999999999999751e+00,6.417161033407795846e-04,6.417178176796178987e-04,1.129284579151730843e-03
4.350000000000000533e+00,6.405593769194557882e-04,6.405610827333657262e-04,1.291131793645176537e-03
4.355000000000000426e+00,6.394073801800234614e-04,6.394090775251659369e-04,1.384145351787940178e-03
4.360000000000000320e+00,6.382600896412575020e-04,6.382617785733278723e-04,1.477158909930703819e-03
4.365000000000000213e+00,6.371174819764203415e-04,6.371191625505999434e-04,1.570172468073467460e-03
4.370000000000000107e+00,6.359795340120431937e-04,6.359812062832869827e-04,1.663186026216231100e-03
4.375000000000000000e+00,6.348462227267218311e-04,6.348478867494737783e-04,1.756199584358994741e-03
4.379999999999999893e+00,6.337175252499224450e-04,6.337191810781122843e-04,1.706644556139783097e-03
4.384999999999999787e+00,6.325934188607980216e-04,6.325950665480362979e-04,1.657089527920571452e-03
4.389999999999999680e+00,6.314738809870158861e-04,6.314755205864190733e-04,1.607534499701359807e-03
4.395000000000000462e+00,6.303588892035976061e-04,6.303605207679828298e-04,1.557979471482139489e-03
4.400000000000000355e+00,6.292484212317682197e-04,6.292500448134097455e-04,1.508424443262927845e-03
4.405000000000000249e+00,6.281424549378153291e-04,6.281440705886472001e-04,1.359177555469227730e-03
4.410000000000000142e+00,6.270409683319613141e-04,6.270425761031388993e-04,1.209930667675527399e-03
4.415000000000000036e+00,6.259439395672436761e-04,6.259455395103201382e-04,1.060683779881827285e-03
4.419999999999999929e+00,6.248513469384067666e-04,6.248529391038569209e-04,9.114368920881270623e-04
4.424999999999999822e+00,6.237631688808035991e-04,6.237647533192029834e-04,7.621900042944268396e-04
4.429999999999999716e+00,6.226793839693073101e-04,6.226809607301242748e-04,6.325493409981322286e-04
4.435000000000000497e+00,6.215999709172336787e-04,6.216015400505164054e-04,5.029086777018146326e-04
4.440000000000000391e+00,6.205249085752726455e-04,6.205264701299431553e-04,3.732680144055200758e-04
4.445000000000000284e+00,6.194541759304282883e-04,6.194557299554079516e-04,2.436273511092255191e-04
4.450000000000000178e+00,6.183877521049725668e-04,6.183892986482946840e-04,1.139866878129309487e-04
4.455000000000000071e+00,6.173256163554040549e-04,6.173271554655181516e-04,9.118935025034556943e-05
4.459999999999999964e+00,6.162677480714187075e-04,6.162692797957664351e-04,6.839201268776019013e-05
4.464999999999999858e+00,6.152141267748902770e-04,6.152156511610547751e-04,4.559467512517481082e-05
4.469999999999999751e+00,6.141647321188579934e-04,6.141662492135077688e-04,2.279733756258943151e-05
4.475000000000000533e+00,6.131195438865251956e-04,6.131210537364171174e-04,0.000000000000000000e+00
4.480000000000000426e+00,6.120785419902669607e-04,6.120800446414233513e-04,0.000000000000000000e+00
4.485000000000000320e+00,6.110417064706449982e-04,6.110432019692198019e-04,0.000000000000000000e+00
4.490000000000000213e+00,6.100090174954341448e-04,6.100105058866307859e-04,0.000000000000000000e+00
4.495000000000000107e+00,6.089804553586551476e-04,6.089819366879190444e-04,0.000000000000000000e+00
4.500000000000000000e+00,6.079560004796179641e-04,6.079574747916118493e-04,0.000000000000000000e+00
4.504999999999999893e+00,6.069356334019720012e-04,6.069371007414519573e-04,0.000000000000000000e+00
4.509999999999999787e+00,6.059193347927673045e-04,6.059207952037099811e-04,0.000000000000000000e+00
4.514999999999999680e+00,6.049070854415213852e-04,6.049085389678395723e-04,0.000000000000000000e+00
4.520000000000000462e+00,6.038988662592964561e-04,6.039003129443207274e-04,0.000000000000000000e+00
4.525000000000000355e+00,6.028946582777843649e-04,6.028960981648772777e-04,0.000000000000000000e+00
4.530000000000000249e+00,6.018944426483991165e-04,6.018958757803652979e-04,0.000000000000000000e+00
4.535000000000000142e+00,6.008982006413779615e-04,6.008996270608388084e-04,0.000000000000000000e+00
4.540000000000000036e+00,5.999059136448912661e-04,5.999073333938562515e-04,0.000000000000000000e+00
4.544999999999999929e+00,5.989175631641592123e-04,5.989189762847945851e-04,0.000000000000000000e+00
4.549999999999999822e+00,5.979331308205758713e-04,5.979345373542818915e-04,0.000000000000000000e+00
4.554999999999999716e+00,5.969525983508435765e-04,5.969539983389299731e-04,0.000000000000000000e+00
4.560000000000000497e+00,5.959759476061114161e-04,5.959773410896424548e-04,0.000000000000000000e+00
4.565000000000000391e+00,5.950031605511258695e-04,5.950045475708311228e-04,0.000000000000000000e+00
4.570000000000000284e+00,5.940342192633833946e-04,5.940355998593072192e-04,0.000000000000000000e+00
4.575000000000000178e+00,5.930691059322954839e-04,5.930704801446641658e-04,0.000000000000000000e+00
4.580000000000000071e+00,5.921078028583579489e-04,5.921091707269710317e-04,0.000000000000000000e+00
4.584999999999999964e+00,5.911502924523302869e-04,5.911516540166904601e-04,0.000000000000000000e+00
4.589999999999999858e+00,5.901965572344185186e-04,5.901979125336351229e-04,0.000000000000000000e+00
4.594999999999999751e+00,5.892465798334690832e-04,5.892479289065010806e-04,0.000000000000000000e+00
4.600000000000000533e+00,5.883003429861667459e-04,5.883016858714134332e-04,0.000000000000000000e+00
4.605000000000000426e+00,5.873578295362425882e-04,5.873591662722942985e-04,8.409513307811731966e-05
4.610000000000000320e+00,5.864190224336851423e-04,5.864203530583847598e-04,1.681902661562346393e-04
4.615000000000000213e+00,5.854839047339622593e-04,5.854852292852407054e-04,2.522853992343519996e-04
4.620000000000000107e+00,5.845524595972467720e-04,5.845537781124877713e-04,3.363805323124692786e-04
4.625000000000000000e+00,5.836246702876510479e-04,5.836259828042243388e-04,4.204756653905866661e-04
4.629999999999999893e+00,5.827005201724668555e-04,5.827018267271619114e-04,5.697132321400839687e-04
4.634999999999999787e+00,5.817799927214124941e-04,5.817812933510463271e-04,7.189507988895813256e-04
4.639999999999999680e+00,5.808630715058864290e-04,5.808643662466902568e-04,8.681883656390786824e-04
4.645000000000000462e+00,5.799497401982265645e-04,5.799510290864635887e-04,1.017425932388602494e-03
4.650000000000000355e+00,5.790399825709781909e-04,5.790412656424122296e-04,1.166663499138099851e-03
4.655000000000000249e+00,5.781337824961645328e-04,5.781350597862666696e-04,1.289185136095695461e-03
4.660000000000000142e+00,5.772311239445679235e-04,5.772323954892588605e-04,1.411706773053291288e-03
4.665000000000000036e+00,5.763319909850132556e-04,5.763332568187402643e-04,1.534228410010886898e-03
4.669999999999999929e+00,5.754363677836610812e-04,5.754376279417017150e-04,1.656750046968482725e-03
4.674999999999999822e+00,5.745442386033037478e-04,5.745454931202666074e-04,1.779271683926078335e-03
4.679999999999999716e+00,5.736555878026699910e-04,5.736568367127444163e-04,1.800296746258046518e-03
4.685000000000000497e+00,5.727703998357334307e-04,5.727716431730951003e-04,1.821321808590018387e-03
4.690000000000000391e+00,5.718886592510293064e-04,5.718898970495077134e-04,1.842346870921986570e-03
4.695000000000000284e+00,5.710103506909751164e-04,5.710115829841280527e-04,1.863371933253954752e-03
4.700000000000000178e+00,5.701354588911974365e-04,5.701366857123396159e-04,1.884396995585922935e-03
4.705000000000000071e+00,5.692639686798651360e-04,5.692651900623885760e-04,1.794385686329927907e-03
4.709999999999999964e+00,5.683958649770288812e-04,5.683970809536072069e-04,1.704374377073932662e-03
4.714999999999999858e+00,5.675311327939637843e-04,5.675323433973547549e-04,1.614363067817937633e-03
4.719999999999999751e+00,5.666697572325202908e-04,5.666709624951159641e-04,1.524351758561942605e-03
4.725000000000000533e+00,5.658117234844788632e-04,5.658129234384818868e-04,1.434340449305931530e-03
4.730000000000000426e+00,5.649570168309120356e-04,5.649582115083126620e-04,1.290408213251953255e-03
4.735000000000000320e+00,5.641056226415489634e-04,5.641068120741124731e-04,1.146475977197974764e-03
4.740000000000000213e+00,5.632575263741483205e-04,5.632587105934189252e-04,1.002543741143996489e-03
4.745000000000000107e+00,5.624127135738747748e-04,5.624138926111982772e-04,8.586115050900181055e-04
4.750000000000000000e+00,5.615711698726808844e-04,5.615723437590199301e-04,7.146792690360398307e-04
4.754999999999999893e+00,5.607328809886953907e-04,5.607340497549346712e-04,6.021436881495696334e-04
4.759999999999999787e+00,5.598978327256147643e-04,5.598989964025306593e-04,4.896081072630993278e-04
4.764999999999999680e+00,5.590660109721017979e-04,5.590671695900006856e-04,3.770725263766291305e-04
4.770000000000000462e+00,5.582374017011874521e-04,5.582385552903272466e-04,2.645369454901388756e-04
4.775000000000000355e+00,5.574119909696798568e-04,5.574131395601249423e-04,1.520013646036687054e-04
4.780000000000000249e+00,5.565897649175759144e-04,5.565909085389196976e-04,1.216010916829360404e-04
4.785000000000000142e+00,5.557707097674791921e-04,5.557718484495856965e-04,9.120081876220337540e-05
4.790000000000000036e+00,5.549548118240232343e-04,5.549559455959860495e-04,6.080054584147072394e-05
4.794999999999999929e+00,5.541420574732978032e-04,5.541431863643768354e-04,3.040027292073805892e-05
4.799999999999999822e+00,5.533324331822816241e-04,5.533335572214525015e-04,5.393905808115384559e-18
4.804999999999999716e+00,5.525259254982797926e-04,5.525270447143569227e-04,0.000000000000000000e+00
4.810000000000000497e+00,5.517225210483640016e-04,5.517236354698392417e-04,0.000000000000000000e+00
4.815000000000000391e+00,5.509222065388201398e-04,5.509233161943245588e-04,0.000000000000000000e+00
4.820000000000000284e+00,5.501249687545981676e-04,5.501260736719726678e-04,0.000000000000000000e+00
4.825000000000000178e+00,5.493307945587680647e-04,5.493318947661498608e-04,0.000000000000000000e+00
4.830000000000000071e+00,5.485396708919788129e-04,5.485407664171578499e-04,0.000000000000000000e+00
4.834999999999999964e+00,5.477515847719238848e-04,5.477526756426479319e-04,0.000000000000000000e+00
4.839999999999999858e+00,5.469665232928098758e-04,5.469676095361869148e-04,0.000000000000000000e+00
4.844999999999999751e+00,5.461844736248284982e-04,5.461855552681728343e-04,0.000000000000000000e+00
4.850000000000000533e+00,5.454054230136354047e-04,5.454065000839854139e-04,0.000000000000000000e+00
4.855000000000000426e+00,5.446293587798315067e-04,5.446304313041967250e-04,0.000000000000000000e+00
4.860000000000000320e+00,5.438562683184492786e-04,5.438573363232161511e-04,0.000000000000000000e+00
4.865000000000000213e+00,5.430861390984422074e-04,5.430872026101577496e-04,0.000000000000000000e+00
4.870000000000000107e+00,5.423189586621803135e-04,5.423200177072708692e-04,0.000000000000000000e+00
4.875000000000000000e+00,5.415547146249483816e-04,5.415557692296341877e-04,0.000000000000000000e+00
4.879999999999999893e+00,5.407933946744487462e-04,5.407944448645038904e-04,0.000000000000000000e+00
4.884999999999999787e+00,5.400349865703081955e-04,5.400360323714879004e-04,0.000000000000000000e+00
4.889999999999999680e+00,5.392794781435880213e-04,5.392805195814017209e-04,0.000000000000000000e+00
4.895000000000000462e+00,5.385268572963000308e-04,5.385278943960905172e-04,0.000000000000000000e+00
4.900000000000000355e+00,5.377771120009246187e-04,5.377781447882374298e-04,0.000000000000000000e+00
4.905000000000000249e+00,5.370302302999339352e-04,5.370312587996438130e-04,0.000000000000000000e+00
4.910000000000000142e+00,5.362862003053174391e-04,5.362872245423378316e-04,0.000000000000000000e+00
4.915000000000000036e+00,5.355450101981135223e-04,5.355460301973008486e-04,0.000000000000000000e+00
4.919999999999999929e+00,5.348066482279431946e-04,5.348076640137400337e-04,0.000000000000000000e+00
4.924999999999999822e+00,5.340711027125481054e-04,5.340721143094265266e-04,0.000000000000000000e+00
4.929999999999999716e+00,5.333383620373317088e-04,5.333393694694381956e-04,3.619933168288442220e-05
4.935000000000000497e+00,5.326084146549062842e-04,5.326094179464000052e-04,7.239866336578170574e-05
4.940000000000000391e+00,5.318812490846407158e-04,5.318822482595025967e-04,1.085979950486725451e-04
4.945000000000000284e+00,5.311568539122130421e-04,5.311578489940780396e-04,1.447973267315634115e-04
4.950000000000000178e+00,5.304352177891682096e-04,5.304362088016819059e-04,1.809966584144542508e-04
4.955000000000000071e+00,5.297163294324765863e-04,5.297173163991776611e-04,2.393580667398223895e-04
4.959999999999999964e+00,5.290001776240977867e-04,5.290011605681359079e-04,2.977194750651905282e-04
4.964999999999999858e+00,5.282867512105486173e-04,5.282877301551988950e-04,3.560808833905586670e-04
4.969999999999999751e+00,5.275760391024721064e-04,5.275770140703913303e-04,4.144422917159268057e-04
4.975000000000000533e+00,5.268680302742120630e-04,5.268690012884759584e-04,4.728037000413052985e-04
4.980000000000000426e+00,5.261627137633906716e-04,5.261636808465734120e-04,5.165730292830183817e-04
4.985000000000000320e+00,5.254600786704884726e-04,5.254610418453021419e-04,5.603423585247314107e-04
4.990000000000000213e+00,5.247601141584287872e-04,5.247610734470202747e-04,6.041116877664444397e-04
4.995000000000000107e+00,5.240628094521647450e-04,5.240637648768166823e-04,6.478810170081574686e-04
5.000000000000000000e+00,5.233681538382703230e-04,5.233691054209863762e-04,6.916503462498704976e-04
5.004999999999999893e+00,5.226761366645340948e-04,5.226770844274091117e-04,6.960627559734069254e-04
5.009999999999999787e+00,5.219867473395561246e-04,5.219876913042823885e-04,7.004751656969432447e-04
5.014999999999999680e+00,5.212999753323480047e-04,5.213009155208278090e-04,7.048875754204796725e-04
5.020000000000000462e+00,5.206158101719371217e-04,5.206167466053324665e-04,7.092999851440167508e-04
5.025000000000000355e+00,5.199342414469729830e-04,5.199351741466833087e-04,7.137123948675531786e-04
5.030000000000000249e+00,5.192552588053363618e-04,5.192561877925507734e-04,6.826906725337832322e-04
5.035000000000000142e+00,5.185788519537525617e-04,5.185797772496283974e-04,6.516689502000132857e-04
5.040000000000000036e+00,5.179050106574073931e-04,5.179059322829452153e-04,6.206472278662433393e-04
5.044999999999999929e+00,5.172337247395659672e-04,5.172346427156309214e-04,5.896255055324733929e-04
5.049999999999999822e+00,5.165649840811943096e-04,5.165658984284235335e-04,5.586037831987034465e-04
5.054999999999999716e+00,5.158987786205844429e-04,5.158996893593647323e-04,5.226923423809771421e-04
5.060000000000000497e+00,5.152350983529821807e-04,5.152360055038066912e-04,4.867809015632435735e-04
5.065000000000000391e+00,5.145739333302180646e-04,5.145748369135447154e-04,4.508694607455164018e-04
5.070000000000000284e+00,5.139152736603409041e-04,5.139161736960777072e-04,4.149580199277892842e-04
5.075000000000000178e+00,5.132591095072534847e-04,5.132600060155297376e-04,3.790465791100621124e-04
5.080000000000000071e+00,5.126054310903531549e-04,5.126063240910613654e-04,3.786224596706191220e-04
5.084999999999999964e+00,5.119542286841734973e-04,5.119551181970819235e-04,3.781983402311761859e-04
5.089999999999999858e+00,5.113054926180286017e-04,5.113063786626310904e-04,3.777742207917331955e-04
5.094999999999999751e+00,5.106592132756623261e-04,5.106600958715971396e-04,3.773501013522902593e-04
5.100000000000000533e+00,5.100153810948967982e-04,5.100162602614618677e-04,3.769259819128472147e-04
5.105000000000000426e+00,5.093739865672872050e-04,5.093748623238219869e-04,4.388765134037830190e-04
5.110000000000000320e+00,5.087350202377774510e-04,5.087358926032915871e-04,5.008270448947188232e-04
5.115000000000000213e+00,5.080984727043578748e-04,5.080993416979994598e-04,5.627775763856545732e-04
5.120000000000000107e+00,5.074643346177268701e-04,5.074652002582553121e-04,6.247281078765904317e-04
5.125000000000000000e+00,5.068325966809549997e-04,5.068334589871920483e-04,6.866786393675261817e-04
5.129999999999999893e+00,5.062032496491513864e-04,5.062041086396991321e-04,8.051592835312206984e-04
5.134999999999999787e+00,5.055762843291324894e-04,5.055771400227496897e-04,9.236399276949152151e-04
5.139999999999999680e+00,5.049516915790935910e-04,5.049525439939815067e-04,1.042120571858609623e-03
5.145000000000000462e+00,5.043294623082833191e-04,5.043303114627283208e-04,1.160601216022325282e-03
5.150000000000000355e+00,5.037095874766796873e-04,5.037104333888553888e-04,1.279081860186019690e-03
5.155000000000000249e+00,5.030920580946699307e-04,5.030929007827837727e-04,1.410528033602878812e-03
5.160000000000000142e+00,5.024768652227316413e-04,5.024777047046653702e-04,1.541974207019737933e-03
5.165000000000000036e+00,5.018639999711162897e-04,5.018648362646868167e-04,1.673420380436597271e-03
5.169999999999999929e+00,5.012534534995368666e-04,5.012542866223899073e-04,1.804866553853456393e-03
5.174999999999999822e+00,5.006452170168558492e-04,5.006460469867927022e-04,1.936312727270315514e-03
5.179999999999999716e+00,5.000392817807765289e-04,5.000401086152016748e-04,2.014740553606832792e-03
5.185000000000000497e+00,4.994356390975369410e-04,4.994364628139873500e-04,2.093168379943354408e-03
5.190000000000000391e+00,4.988342803216054208e-04,4.988351009371777686e-04,2.171596206279862145e-03
5.195000000000000284e+00,4.982351968553794122e-04,4.982360143873075260e-04,2.250024032616369882e-03
5.200000000000000178e+00,4.976383801488855774e-04,4.976391946143015861e-04,2.328451858952877620e-03
5.205000000000000071e+00,4.970438216994821834e-04,4.970446331152819685e-04,2.299176499566421214e-03
5.209999999999999964e+00,4.964515130515657166e-04,4.964523214345187415e-04,2.269901140179964808e-03
5.214999999999999858e+00,4.958614457962766311e-04,4.958622511632362765e-04,2.240625780793507969e-03
5.219999999999999751e+00,4.952736115712097573e-04,4.952744139389339941e-04,2.211350421407051563e-03
5.225000000000000533e+00,4.946880020601260135e-04,4.946888014450951483e-04,2.182075062020589953e-03
5.230000000000000426e+00,4.941046089926663925e-04,4.941054054112844042e-04,2.041340880339472755e-03
5.235000000000000320e+00,4.935234241440675761e-04,4.935242176123712243e-04,1.900606698658355992e-03
5.240000000000000213e+00,4.929444393348812346e-04,4.929452298695969400e-04,1.759872516977238795e-03
5.245000000000000107e+00,4.923676464306932189e-04,4.923684340482471864e-04,1.619138335296121814e-03
5.250000000000000000e+00,4.917930373418470886e-04,4.917938220574570715e-04,1.478404153615004834e-03
5.254999999999999893e+00,4.912206040231680742e-04,4.912213858527336805e-04,1.295214129058854793e-03
5.259999999999999787e+00,4.906503384736905088e-04,4.906511174336280773e-04,1.112024104502704752e-03
5.264999999999999680e+00,4.900822327363854765e-04,4.900830088423771243e-04,9.288340799465546029e-04
5.270000000000000462e+00,4.895162788978925806e-04,4.895170521658430115e-04,7.456440553903720360e-04
5.275000000000000355e+00,4.889524690882525795e-04,4.889532395329920528e-04,5.624540308342219951e-04
5.280000000000000249e+00,4.883907954806419741e-04,4.883915631183861428e-04,4.499632246673815968e-04
5.285000000000000142e+00,4.878312502911096005e-04,4.878320151367509031e-04,3.374724185005411985e-04
5.290000000000000036e+00,4.872738257783159883e-04,4.872745878470491386e-04,2.249816123337008002e-04
5.294999999999999929e+00,4.867185142432736938e-04,4.867192735504449232e-04,1.124908061668604018e-04
5.299999999999999822e+00,4.861653080290902359e-04,4.861660645897202438e-04,1.994931997373328159e-17
5.304999999999999716e+00,4.856141995207126035e-04,4.856149533500519946e-04,0.000000000000000000e+00
5.310000000000000497e+00,4.850651811446733360e-04,4.850659322574107186e-04,0.000000000000000000e+00
5.315000000000000391e+00,4.845182453688400719e-04,4.845189937797737215e-04,0.000000000000000000e+00
5.320000000000000284e+00,4.839733847021643939e-04,4.839741304261545481e-04,0.000000000000000000e+00
5.325000000000000178e+00,4.834305916944350639e-04,4.834313347460210907e-04,0.000000000000000000e+00
5.330000000000000071e+00,4.828898589360313136e-04,4.828905993296836257e-04,0.000000000000000000e+00
5.334999999999999964e+00,4.823511790576790067e-04,4.823519168081250811e-04,0.000000000000000000e+00
5.339999999999999858e+00,4.818145447302085368e-04,4.818152798515942304e-04,0.000000000000000000e+00
5.344999999999999751e+00,4.812799486643133218e-04,4.812806811711337670e-04,0.000000000000000000e+00
5.350000000000000533e+00,4.807473836103117121e-04,4.807481135165672117e-04,0.000000000000000000e+00
5.355000000000000426e+00,4.802168423579102562e-04,4.802175696778086290e-04,0.000000000000000000e+00
5.360000000000000320e+00,4.796883177359675065e-04,4.796890424836256612e-04,0.000000000000000000e+00
5.365000000000000213e+00,4.791618026122610786e-04,4.791625248016880998e-04,0.000000000000000000e+00
5.370000000000000107e+00,4.786372898932557407e-04,4.786380095380464938e-04,0.000000000000000000e+00
5.375000000000000000e+00,4.781147725238735625e-04,4.781154896380292174e-04,0.000000000000000000e+00
5.379999999999999893e+00,4.775942434872644982e-04,4.775949580842783846e-04,0.000000000000000000e+00
5.384999999999999787e+00,4.770756958045813058e-04,4.770764078983867227e-04,0.000000000000000000e+00
5.389999999999999680e+00,4.765591225347528951e-04,4.765598321386540332e-04,0.000000000000000000e+00
5.395000000000000462e+00,4.760445167742616865e-04,4.760452239017608743e-04,0.000000000000000000e+00
5.400000000000000355e+00,4.755318716569221084e-04,4.755325763214103270e-04,0.000000000000000000e+00
5.405000000000000249e+00,4.750211803536598539e-04,4.750218825684977266e-04,0.000000000000000000e+00
5.410000000000000142e+00,4.745124360722937393e-04,4.745131358506255912e-04,0.000000000000000000e+00
5.415000000000000036e+00,4.740056320573182670e-04,4.740063294124067638e-04,0.000000000000000000e+00
5.419999999999999929e+00,4.735007615896894419e-04,4.735014565345368781e-04,0.000000000000000000e+00
5.424999999999999822e+00,4.729978179866094483e-04,4.729985105342125349e-04,0.000000000000000000e+00
5.429999999999999716e+00,4.724967946013156105e-04,4.724974847646828762e-04,0.000000000000000000e+00
5.435000000000000497e+00,4.719976848228694065e-04,4.719983726147277043e-04,0.000000000000000000e+00
5.440000000000000391e+00,4.715004820759474344e-04,4.715011675091793628e-04,0.000000000000000000e+00
5.445000000000000284e+00,4.710051798206331907e-04,4.710058629077826437e-04,0.000000000000000000e+00
5.450000000000000178e+00,4.705117715522124278e-04,4.705124523059163238e-04,0.000000000000000000e+00
5.455000000000000071e+00,4.700202508009669383e-04,4.700209292338413248e-04,0.000000000000000000e+00
5.459999999999999964e+00,4.695306111319720805e-04,4.695312872565551594e-04,0.000000000000000000e+00
5.464999999999999858e+00,4.690428461448958213e-04,4.690435199735132365e-04,0.000000000000000000e+00
5.469999999999999751e+00,4.685569494737978880e-04,4.685576210187982686e-04,0.000000000000000000e+00
5.475000000000000533e+00,4.680729147869307628e-04,4.680735840606172556e-04,0.000000000000000000e+00
5.480000000000000426e+00,4.675907357865433339e-04,4.675914028010165566e-04,0.000000000000000000e+00
5.485000000000000320e+00,4.671104062086845463e-04,4.671110709761605844e-04,0.000000000000000000e+00
5.490000000000000213e+00,4.666319198230088421e-04,4.666325823555013603e-04,0.000000000000000000e+00
5.495000000000000107e+00,4.661552704325831720e-04,4.661559307418814595e-04,0.000000000000000000e+00
5.500000000000000000e+00,4.656804518736960678e-04,4.656811099718553143e-04,0.000000000000000000e+00
5.504999999999999893e+00,4.652074580156662803e-04,4.652081139147070353e-04,0.000000000000000000e+00
5.509999999999999787e+00,4.647362827606547789e-04,4.647369364722960753e-04,0.000000000000000000e+00
5.514999999999999680e+00,4.642669200434768593e-04,4.642675715793051863e-04,0.000000000000000000e+00
5.520000000000000462e+00,4.637993638314159861e-04,4.638000132030469435e-04,0.000000000000000000e+00
5.525000000000000355e+00,4.633336081240394780e-04,4.633342553431482971e-04,0.000000000000000000e+00
5.530000000000000249e+00,4.628696469530141941e-04,4.628702920311744619e-04,0.000000000000000000e+00
5.535000000000000142e+00,4.624074743819248210e-04,4.624081173304595113e-04,0.000000000000000000e+00
5.540000000000000036e+00,4.619470845060931908e-04,4.619477253364455698e-04,0.000000000000000000e+00
5.544999999999999929e+00,4.614884714523979242e-04,4.614891101758432064e-04,0.000000000000000000e+00
5.549999999999999822e+00,4.610316293790973799e-04,4.610322660068497396e-04,0.000000000000000000e+00
5.554999999999999716e+00,4.605765524756516289e-04,4.605771870189490384e-04,0.000000000000000000e+00
5.560000000000000497e+00,4.601232349625467596e-04,4.601238674326116329e-04,0.000000000000000000e+00
5.565000000000000391e+00,4.596716710911214051e-04,4.596723014989819215e-04,0.000000000000000000e+00
5.570000000000000284e+00,4.592218551433922412e-04,4.592224834998455906e-04,0.000000000000000000e+00
5.575000000000000178e+00,4.587737814318824112e-04,4.587744077480170003e-04,0.000000000000000000e+00
5.580000000000000071e+00,4.583274442994513063e-04,4.583280685862299911e-04,0.000000000000000000e+00
5.584999999999999964e+00,4.578828381191242373e-04,4.578834603873012735e-04,0.000000000000000000e+00
5.589999999999999858e+00,4.574399572939245461e-04,4.574405775542671995e-04,0.000000000000000000e+00
5.594999999999999751e+00,4.569987962567063672e-04,4.569994145199257965e-04,0.000000000000000000e+00
5.600000000000000533e+00,4.565593494699880946e-04,4.565599657465911946e-04,0.000000000000000000e+00
5.605000000000000426e+00,4.561216114257890465e-04,4.561222257263755739e-04,0.000000000000000000e+00
5.610000000000000320e+00,4.556855766454639620e-04,4.556861889807223070e-04,0.000000000000000000e+00
5.615000000000000213e+00,4.552512396795422136e-04,4.552518500599665860e-04,0.000000000000000000e+00
5.620000000000000107e+00,4.548185951075654483e-04,4.548192035435501485e-04,0.000000000000000000e+00
5.625000000000000000e+00,4.543876375379275051e-04,4.543882440392334968e-04,0.000000000000000000e+00
5.629999999999999893e+00,4.539583616077161755e-04,4.539589661854061156e-04,0.000000000000000000e+00
5.634999999999999787e+00,4.535307619825544221e-04,4.535313646466565844e-04,0.000000000000000000e+00
5.639999999999999680e+00,4.531048333564441453e-04,4.531054341169050005e-04,0.000000000000000000e+00
5.645000000000000462e+00,4.526805704516102748e-04,4.526811693186871344e-04,0.000000000000000000e+00
5.650000000000000355e+00,4.522579680183460541e-04,4.522585650023144984e-04,0.000000000000000000e+00
5.655000000000000249e+00,4.518370208348598967e-04,4.518376159454080311e-04,0.000000000000000000e+00
5.660000000000000142e+00,4.514177237071226767e-04,4.514183169543861110e-04,0.000000000000000000e+00
5.665000000000000036e+00,4.510000714687167531e-04,4.510006628624730935e-04,0.000000000000000000e+00
5.669999999999999929e+00,4.505840589806853745e-04,4.505846485309176292e-04,0.000000000000000000e+00
5.674999999999999822e+00,4.501696811313834925e-04,4.501702688478139195e-04,0.000000000000000000e+00
5.679999999999999716e+00,4.497569328363298230e-04,4.497575187287682834e-04,0.000000000000000000e+00
5.685000000000000497e+00,4.493458090380592312e-04,4.493463931161290493e-04,0.000000000000000000e+00
5.690000000000000391e+00,4.489363047059779371e-04,4.489368869793780603e-04,0.000000000000000000e+00
5.695000000000000284e+00,4.485284148362166600e-04,4.485289953145664551e-04,0.000000000000000000e+00
5.700000000000000178e+00,4.481221344514878290e-04,4.481227131443205774e-04,0.000000000000000000e+00
5.705000000000000071e+00,4.477174586009421433e-04,4.477180355175213225e-04,0.000000000000000000e+00
5.709999999999999964e+00,4.473143823600265415e-04,4.473149575099943411e-04,0.000000000000000000e+00
5.714999999999999858e+00,4.469129008303433640e-04,4.469134742230709769e-04,0.000000000000000000e+00
5.719999999999999751e+00,4.465130091395099485e-04,4.465135807841059739e-04,0.000000000000000000e+00
5.725000000000000533e+00,4.461147024410201775e-04,4.461152723469660720e-04,0.000000000000000000e+00
5.730000000000000426e+00,4.457179759141055380e-04,4.457185440906743200e-04,0.000000000000000000e+00
5.735000000000000320e+00,4.453228247635988911e-04,4.453233912199747288e-04,0.000000000000000000e+00
5.740000000000000213e+00,4.449292442197974834e-04,4.449298089651222070e-04,0.000000000000000000e+00
5.745000000000000107e+00,4.445372295383282889e-04,4.445377925814951209e-04,0.000000000000000000e+00
5.750000000000000000e+00,4.441467760000137308e-04,4.441473373502045083e-04,0.000000000000000000e+00
5.754999999999999893e+00,4.437578789107376738e-04,4.437584385770814333e-04,0.000000000000000000e+00
5.759999999999999787e+00,4.433705336013141814e-04,4.433710915924768967e-04,0.000000000000000000e+00
5.764999999999999680e+00,4.429847354273547017e-04,4.429852917524048565e-04,0.000000000000000000e+00
5.770000000000000462e+00,4.426004797691383960e-04,4.426010344368384039e-04,0.000000000000000000e+00
5.775000000000000355e+00,4.422177620314826315e-04,4.422183150506949780e-04,0.000000000000000000e+00
5.780000000000000249e+00,4.418365776436129853e-04,4.418371290230755266e-04,2.510996745298094655e-04
5.785000000000000142e+00,4.414569220590370429e-04,4.414574718075736670e-04,5.021993490596189311e-04
5.790000000000000036e+00,4.410787907554158667e-04,4.410793388815147922e-04,7.532990235894282882e-04
5.794999999999999929e+00,4.407021792344391494e-04,4.407027257467261263e-04,1.004398698119237862e-03
5.799999999999999822e+00,4.403270830216990677e-04,4.403276279288271676e-04,1.255498372649047111e-03
5.804999999999999716e+00,4.399534976665666827e-04,4.399540409771146555e-04,1.546638689326621310e-03
5.810000000000000497e+00,4.395814187420674199e-04,4.395819604644957829e-04,1.837779006004254057e-03
5.815000000000000391e+00,4.392108418447600716e-04,4.392113819875427322e-04,2.128919322681835195e-03
5.820000000000000284e+00,4.388417625946131983e-04,4.388423011660201253e-04,2.420059639359416551e-03
5.825000000000000178e+00,4.384741766348851616e-04,4.384747136433328539e-04,2.711199956036997472e-03
5.830000000000000071e+00,4.381080796320041028e-04,4.381086150858297498e-04,2.722350517462461886e-03
5.834999999999999964e+00,4.377434672754482474e-04,4.377440011829425263e-04,2.733501078887925866e-03
5.839999999999999858e+00,4.373803352776278893e-04,4.373808676469614020e-04,2.744651640313390279e-03
5.844999999999999751e+00,4.370186793737668878e-04,4.370192102132596391e-04,2.755802201738854693e-03
5.850000000000000533e+00,4.366584953217869831e-04,4.366590246393538114e-04,2.766952763164320841e-03
5.855000000000000426e+00,4.362997789021914072e-04,4.363003067059645335e-04,2.481808367374186905e-03
5.860000000000000320e+00,4.359425259179490367e-04,4.359430522162344797e-04,2.196663971584052535e-03
5.865000000000000213e+00,4.355867321943806604e-04,4.355872569948312611e-04,1.911519575793918600e-03
5.870000000000000107e+00,4.352323935790451920e-04,4.352329168898144761e-04,1.626375180003784664e-03
5.875000000000000000e+00,4.348795059416265337e-04,4.348800277707200331e-04,1.341230784213650511e-03
5.879999999999999893e+00,4.345280651738220659e-04,4.345285855292269355e-04,1.072984627370929863e-03
5.884999999999999787e+00,4.341780671892309204e-04,4.341785860787207812e-04,8.047384705282094319e-04
5.889999999999999680e+00,4.338295079232433915e-04,4.338300253545486051e-04,5.364923136854887840e-04
5.895000000000000462e+00,4.334823833329316486e-04,4.334828993138124462e-04,2.682461568427206480e-04
5.900000000000000355e+00,4.331366893969402858e-04,4.331372039352480259e-04,0.000000000000000000e+00
5.905000000000000249e+00,4.327924221153778479e-04,4.327929352188976983e-04,0.000000000000000000e+00
5.910000000000000142e+00,4.324495775097101985e-04,4.324500891859162695e-04,0.000000000000000000e+00
5.915000000000000036e+00,4.321081516226528050e-04,4.321086618792619599e-04,0.000000000000000000e+00
5.919999999999999929e+00,4.317681405180652998e-04,4.317686493626781211e-04,0.000000000000000000e+00
5.924999999999999822e+00,4.314295402808457163e-04,4.314300477209234122e-04,0.000000000000000000e+00
5.929999999999999716e+00,4.310923470168261345e-04,4.310928530600024100e-04,0.000000000000000000e+00
5.935000000000000497e+00,4.307565568526689230e-04,4.307570615063892111e-04,0.000000000000000000e+00
5.940000000000000391e+00,4.304221659357634140e-04,4.304226692074885978e-04,0.000000000000000000e+00
5.945000000000000284e+00,4.300891704341232844e-04,4.300896723310778367e-04,0.000000000000000000e+00
5.950000000000000178e+00,4.297575665362851822e-04,4.297580670658892200e-04,0.000000000000000000e+00
5.955000000000000071e+00,4.294273504512073538e-04,4.294278496210517018e-04,0.000000000000000000e+00
5.959999999999999964e+00,4.290985184081694639e-04,4.290990162252666875e-04,0.000000000000000000e+00
5.964999999999999858e+00,4.287710666566729029e-04,4.287715631282874276e-04,0.000000000000000000e+00
5.969999999999999751e+00,4.284449914663415824e-04,4.284454865997061211e-04,0.000000000000000000e+00
5.975000000000000533e+00,4.281202891268237067e-04,4.281207829293664537e-04,0.000000000000000000e+00
5.980000000000000426e+00,4.277969559476947365e-04,4.277974484264662584e-04,0.000000000000000000e+00
5.985000000000000320e+00,4.274749882583593228e-04,4.274754794203332623e-04,0.000000000000000000e+00
5.990000000000000213e+00,4.271543824079558432e-04,4.271548722601830922e-04,0.000000000000000000e+00
5.995000000000000107e+00,4.268351347652605036e-04,4.268356233149248774e-04,0.000000000000000000e+00
6.000000000000000000e+00,4.265172417185920917e-04,4.265177289726705396e-04,0.000000000000000000e+00
6.004999999999999893e+00,4.262006996757180849e-04,4.262011856412816109e-04,0.000000000000000000e+00
6.009999999999999787e+00,4.258855050637608123e-04,4.258859897476021598e-04,0.000000000000000000e+00
6.015000000000000568e+00,4.255716543291039968e-04,4.255721377382783405e-04,0.000000000000000000e+00
6.020000000000000462e+00,4.252591439373010315e-04,4.252596260785728713e-04,0.000000000000000000e+00
6.025000000000000355e+00,4.249479703729826057e-04,4.249484512532271927e-04,0.000000000000000000e+00
6.030000000000000249e+00,4.246381301397657944e-04,4.246386097659787264e-04,0.000000000000000000e+00
6.035000000000000142e+00,4.243296197601636901e-04,4.243300981388183047e-04,0.000000000000000000e+00
6.040000000000000036e+00,4.240224357754947639e-04,4.240229129134354667e-04,0.000000000000000000e+00
6.044999999999999929e+00,4.237165747457947193e-04,4.237170506498761616e-04,0.000000000000000000e+00
6.049999999999999822e+00,4.234120332497267746e-04,4.234125079264370391e-04,0.000000000000000000e+00
6.054999999999999716e+00,4.231088078844942222e-04,4.231092813406803709e-04,0.000000000000000000e+00
6.060000000000000497e+00,4.228068952657522829e-04,4.228073675080463263e-04,0.000000000000000000e+00
6.065000000000000391e+00,4.225062920275223454e-04,4.225067630624530237e-04,0.000000000000000000e+00
6.070000000000000284e+00,4.222069948221042544e-04,4.222074646561040849e-04,0.000000000000000000e+00
6.075000000000000178e+00,4.219090003199915261e-04,4.219094689596028557e-04,0.000000000000000000e+00
6.080000000000000071e+00,4.216123052097864548e-04,4.216127726616515940e-04,0.000000000000000000e+00
6.084999999999999964e+00,4.213169061981144616e-04,4.213173724688011818e-04,0.000000000000000000e+00
6.089999999999999858e+00,4.210228000095414774e-04,4.210232651053047036e-04,0.000000000000000000e+00
6.094999999999999751e+00,4.207299833864893757e-04,4.207304473137655283e-04,0.000000000000000000e+00
6.100000000000000533e+00,4.204384530891541695e-04,4.204389158543308256e-04,0.000000000000000000e+00
6.105000000000000426e+00,4.201482058954229067e-04,4.201486675048530573e-04,0.000000000000000000e+00
6.110000000000000320e+00,4.198592386007926809e-04,4.198596990607886053e-04,0.000000000000000000e+00
6.115000000000000213e+00,4.195715480182889904e-04,4.195720073351617212e-04,0.000000000000000000e+00
6.120000000000000107e+00,4.192851309783856705e-04,4.192855891583784230e-04,0.000000000000000000e+00
6.125000000000000000e+00,4.189999843289240653e-04,4.190004413784337951e-04,0.000000000000000000e+00
6.129999999999999893e+00,4.187161049350346408e-04,4.187165608600004448e-04,0.000000000000000000e+00
6.134999999999999787e+00,4.184334896790572415e-04,4.184339444858168233e-04,0.000000000000000000e+00
6.140000000000000568e+00,4.181521354604628648e-04,4.181525891551075434e-04,0.000000000000000000e+00
6.145000000000000462e+00,4.178720391957760870e-04,4.178724917845034331e-04,0.000000000000000000e+00
6.150000000000000355e+00,4.175931978184975967e-04,4.175936493072496887e-04,0.000000000000000000e+00
6.155000000000000249e+00,4.173156082790269996e-04,4.173160586740382169e-04,0.000000000000000000e+00
6.160000000000000142e+00,4.170392675445874667e-04,4.170397168518047122e-04,0.000000000000000000e+00
6.165000000000000036e+00,4.167641725991489722e-04,4.167646208247668353e-04,0.000000000000000000e+00
6.169999999999999929e+00,4.164903204433538096e-04,4.164907675930873908e-04,0.000000000000000000e+00
6.174999999999999822e+00,4.162177080944415102e-04,4.162181541742812976e-04,0.000000000000000000e+00
6.179999999999999716e+00,4.159463325861748463e-04,4.159467776021146348e-04,0.000000000000000000e+00
6.185000000000000497e+00,4.156761909687659972e-04,4.156766349268351977e-04,0.000000000000000000e+00
6.190000000000000391e+00,4.154072803088035282e-04,4.154077232147091099e-04,0.000000000000000000e+00
6.195000000000000284e+00,4.151395976891793693e-04,4.151400395488622180e-04,0.000000000000000000e+00
6.200000000000000178e+00,4.148731402090171500e-04,4.148735810283347763e-04,0.000000000000000000e+00
6.205000000000000071e+00,4.146079049836001534e-04,4.146083447683147666e-04,0.000000000000000000e+00
6.209999999999999964e+00,4.143438891443000844e-04,4.143443279001900485e-04,0.000000000000000000e+00
6.214999999999999858e+00,4.140810898385065427e-04,4.140815275713108107e-04,0.000000000000000000e+00
6.219999999999999751e+00,4.138195042295568743e-04,4.138199409448947578e-04,0.000000000000000000e+00
6.225000000000000533e+00,4.135591294966660240e-04,4.135595652002946906e-04,0.000000000000000000e+00
6.230000000000000426e+00,4.132999628348579054e-04,4.133003975324776023e-04,1.759857756584874212e-04
6.235000000000000320e+00,4.130420014548961201e-04,4.130424351522757245e-04,3.519715513169748423e-04
6.240000000000000213e+00,4.127852425832155450e-04,4.127856752861554842e-04,5.279573269754623448e-04
6.245000000000000107e+00,4.125296834618552740e-04,4.125301151755516411e-04,7.039431026339496847e-04
6.250000000000000000e+00,4.122753213483902049e-04,4.122757520787333619e-04,8.799288782924371329e-04
6.254999999999999893e+00,4.120221535158649032e-04,4.120225832680941488e-04,1.294361788555089664e-03
6.259999999999999787e+00,4.117701772527269238e-04,4.117706060326591653e-04,1.708794698817742413e-03
6.265000000000000568e+00,4.115193898627605659e-04,4.115198176757600560e-04,2.123227609080468453e-03
6.270000000000000462e+00,4.112697886650219835e-04,4.112702155165923494e-04,2.537660519343121202e-03
6.275000000000000355e+00,4.110213709937733206e-04,4.110217968893488004e-04,2.952093429605773516e-03
6.280000000000000249e+00,4.107741341984184175e-04,4.107745591435670398e-04,3.121830568439214887e-03
6.285000000000000142e+00,4.105280756434390057e-04,4.105284996433716631e-04,3.291567707272656691e-03
6.290000000000000036e+00,4.102831927083303606e-04,4.102836157685006441e-04,3.461304846106098062e-03
6.294999999999999929e+00,4.100394827875384718e-04,4.100399049132579421e-04,3.631041984939539433e-03
6.299999999999999822e+00,4.097969432903964004e-04,4.097973644873664973e-04,3.800779123772980803e-03
6.304999999999999716e+00,4.095555716410631845e-04,4.095559919142238584e-04,3.505147165863340547e-03
6.310000000000000497e+00,4.093153652784604674e-04,4.093157846332819518e-04,3.209515207953564982e-03
6.315000000000000391e+00,4.090763216562120531e-04,4.090767400978729857e-04,2.913883250043841893e-03
6.320000000000000284e+00,4.088384382425818363e-04,4.088388557765245323e-04,2.618251292134118804e-03
6.325000000000000178e+00,4.086017125204135744e-04,4.086021291516430906e-04,2.322619334224395714e-03
6.330000000000000071e+00,4.083661419870708771e-04,4.083665577209815529e-04,1.892560172733180786e-03
6.334999999999999964e+00,4.081317241543766538e-04,4.081321389961070113e-04,1.462501011241966074e-03
6.339999999999999858e+00,4.078984565485538620e-04,4.078988705032513679e-04,1.032441849750751145e-03
6.344999999999999751e+00,4.076663367101670686e-04,4.076667497827973145e-04,6.023826882595364335e-04
6.350000000000000533e+00,4.074353621940629273e-04,4.074357743901780584e-04,1.723235267682451228e-04
6.355000000000000426e+00,4.072055305693126617e-04,4.072059418937245298e-04,1.378588214145960982e-04
6.360000000000000320e+00,4.069768394191537893e-04,4.069772498771139445e-04,1.033941160609470737e-04
6.365000000000000213e+00,4.067492863409330928e-04,4.067496959373254864e-04,6.892941070729804911e-05
6.370000000000000107e+00,4.065228689460489942e-04,4.065232776859923074e-04,3.446470535364902455e-05
6.375000000000000000e+00,4.062975848598958275e-04,4.062979927485080365e-04,0.000000000000000000e+00
6.379999999999999893e+00,4.060734317218069175e-04,4.060738387640267259e-04,0.000000000000000000e+00
6.384999999999999787e+00,4.058504071849991231e-04,4.058508133856636446e-04,0.000000000000000000e+00
6.390000000000000568e+00,4.056285089165170550e-04,4.056289142807587944e-04,0.000000000000000000e+00
6.395000000000000462e+00,4.054077345971785406e-04,4.054081391300124750e-04,0.000000000000000000e+00
6.400000000000000355e+00,4.051880819215195463e-04,4.051884856278161829e-04,0.000000000000000000e+00
6.405000000000000249e+00,4.049695485977400215e-04,4.049699514823856426e-04,0.000000000000000000e+00
6.410000000000000142e+00,4.047521323476502308e-04,4.047525344155144221e-04,0.000000000000000000e+00
6.415000000000000036e+00,4.045358309066169234e-04,4.045362321626685834e-04,0.000000000000000000e+00
6.419999999999999929e+00,4.043206420235105863e-04,4.043210424725314262e-04,0.000000000000000000e+00
6.424999999999999822e+00,4.041065634606520480e-04,4.041069631073391025e-04,0.000000000000000000e+00
6.429999999999999716e+00,4.038935929937609239e-04,4.038939918430807605e-04,0.000000000000000000e+00
6.435000000000000497e+00,4.036817284119030330e-04,4.036821264686873988e-04,0.000000000000000000e+00
6.440000000000000391e+00,4.034709675174388984e-04,4.034713647863009110e-04,0.000000000000000000e+00
6.445000000000000284e+00,4.032613081259726266e-04,4.032617046117142716e-04,0.000000000000000000e+00
6.450000000000000178e+00,4.030527480663008964e-04,4.030531437736717382e-04,0.000000000000000000e+00
6.455000000000000071e+00,4.028452851803623262e-04,4.028456801140164654e-04,0.000000000000000000e+00
6.459999999999999964e+00,4.026389173231872758e-04,4.026393114881700471e-04,0.000000000000000000e+00
6.464999999999999858e+00,4.024336423628483523e-04,4.024340357638147778e-04,0.000000000000000000e+00
6.469999999999999751e+00,4.022294581804105912e-04,4.022298508214960347e-04,0.000000000000000000e+00
6.475000000000000533e+00,4.020263626698824502e-04,4.020267545562020693e-04,0.000000000000000000e+00
6.480000000000000426e+00,4.018243537381670206e-04,4.018247448740281335e-04,0.000000000000000000e+00
6.485000000000000320e+00,4.016234293050136169e-04,4.016238196953351948e-04,0.000000000000000000e+00
6.490000000000000213e+00,4.014235873029700728e-04,4.014239769522054760e-04,0.000000000000000000e+00
6.495000000000000107e+00,4.012248256773341139e-04,4.012252145901906773e-04,0.000000000000000000e+00
6.500000000000000000e+00,4.010271423861070089e-04,4.010275305671332315e-04,0.000000000000000000e+00
6.504999999999999893e+00,4.008305353999459179e-04,4.008309228536073034e-04,0.000000000000000000e+00
6.509999999999999787e+00,4.006350027021174354e-04,4.006353894328604053e-04,0.000000000000000000e+00
6.515000000000000568e+00,4.004405422884509146e-04,4.004409283009489765e-04,0.000000000000000000e+00
6.520000000000000462e+00,4.002471521672931482e-04,4.002475374657946941e-04,0.000000000000000000e+00
6.525000000000000355e+00,4.000548303594619643e-04,4.000552149486685284e-04,0.000000000000000000e+00
6.530000000000000249e+00,3.998635748982010151e-04,3.998639587826158855e-04,0.000000000000000000e+00
6.535000000000000142e+00,3.996733838291351083e-04,3.996737670131810709e-04,0.000000000000000000e+00
6.540000000000000036e+00,3.994842552102252664e-04,3.994846376983170297e-04,0.000000000000000000e+00
6.544999999999999929e+00,3.992961871117240574e-04,3.992965689081702952e-04,0.000000000000000000e+00
6.549999999999999822e+00,3.991091776161324986e-04,3.991095587252998893e-04,0.000000000000000000e+00
6.554999999999999716e+00,3.989232248181550614e-04,3.989236052446442542e-04,0.000000000000000000e+00
6.560000000000000497e+00,3.987383268246572792e-04,3.987387065727637206e-04,0.000000000000000000e+00
6.565000000000000391e+00,3.985544817546222171e-04,3.985548608286384261e-04,0.000000000000000000e+00
6.570000000000000284e+00,3.983716877391079705e-04,3.983720661434052876e-04,0.000000000000000000e+00
6.575000000000000178e+00,3.981899429212048939e-04,3.981903206600926432e-04,0.000000000000000000e+00
6.580000000000000071e+00,3.980092454559935335e-04,3.980096225339394412e-04,0.000000000000000000e+00
6.584999999999999964e+00,3.978295935105031025e-04,3.978299699317054705e-04,0.000000000000000000e+00
6.589999999999999858e+00,3.976509852636696848e-04,3.976513610323361932e-04,0.000000000000000000e+00
6.594999999999999751e+00,3.974734189062951984e-04,3.974737940265597475e-04,0.000000000000000000e+00
6.600000000000000533e+00,3.972968926410064662e-04,3.972972671172927094e-04,0.000000000000000000e+00
6.605000000000000426e+00,3.971214046822145590e-04,3.971217785188189183e-04,0.000000000000000000e+00
6.610000000000000320e+00,3.969469532560745170e-04,3.969473264571173944e-04,0.000000000000000000e+00
6.615000000000000213e+00,3.967735366004454512e-04,3.967739091702210462e-04,0.000000000000000000e+00
6.620000000000000107e+00,3.966011529648508075e-04,3.966015249074199452e-04,0.000000000000000000e+00
6.625000000000000000e+00,3.964298006104391729e-04,3.964301719301048890e-04,0.000000000000000000e+00
6.629999999999999893e+00,3.962594778099448644e-04,3.962598485107060760e-04,0.000000000000000000e+00
6.634999999999999787e+00,3.960901828476492774e-04,3.960905529338692478e-04,0.000000000000000000e+00
6.640000000000000568e+00,3.959219140193426679e-04,3.959222834950217236e-04,0.000000000000000000e+00
6.645000000000000462e+00,3.957546696322855541e-04,3.957550385016792970e-04,0.000000000000000000e+00
6.650000000000000355e+00,3.955884480051710954e-04,3.955888162721627041e-04,0.000000000000000000e+00
6.655000000000000249e+00,3.954232474680871991e-04,3.954236151369058751e-04,0.000000000000000000e+00
6.660000000000000142e+00,3.952590663624796032e-04,3.952594334372312203e-04,0.000000000000000000e+00
6.665000000000000036e+00,3.950959030411142553e-04,3.950962695258286301e-04,0.000000000000000000e+00
6.669999999999999929e+00,3.949337558680414786e-04,3.949341217666969828e-04,0.000000000000000000e+00
6.674999999999999822e+00,3.947726232185582427e-04,3.947729885354984611e-04,0.000000000000000000e+00
6.679999999999999716e+00,3.946125034791730891e-04,3.946128682181765748e-04,0.000000000000000000e+00
6.685000000000000497e+00,3.944533950475698106e-04,3.944537592126754334e-04,0.000000000000000000e+00
6.690000000000000391e+00,3.942952963325715640e-04,3.942956599277329215e-04,0.000000000000000000e+00
6.695000000000000284e+00,3.941382057541060135e-04,3.941385687834868213e-04,0.000000000000000000e+00
6.700000000000000178e+00,3.939821217431699308e-04,3.939824842106167757e-04,0.000000000000000000e+00
6.705000000000000071e+00,3.938270427417944470e-04,3.938274046512659681e-04,0.000000000000000000e+00
6.709999999999999964e+00,3.936729672030107375e-04,3.936733285584449737e-04,0.000000000000000000e+00
6.714999999999999858e+00,3.935198935908151645e-04,3.935202543961550882e-04,0.000000000000000000e+00
6.719999999999999751e+00,3.933678203801363720e-04,3.933681806393576441e-04,0.000000000000000000e+00
6.725000000000000533e+00,3.932167460568007536e-04,3.932171057740118498e-04,0.000000000000000000e+00
6.730000000000000426e+00,3.930666691174987339e-04,3.930670282964863387e-04,0.000000000000000000e+00
6.735000000000000320e+00,3.929175880697526762e-04,3.929179467144464262e-04,0.000000000000000000e+00
6.740000000000000213e+00,3.927695014318832180e-04,3.927698595460840008e-04,0.000000000000000000e+00
6.745000000000000107e+00,3.926224077329767449e-04,3.926227653203602768e-04,0.000000000000000000e+00
6.750000000000000000e+00,3.924763055128530813e-04,3.924766625773388616e-04,0.000000000000000000e+00
6.754999999999999893e+00,3.923311933220331271e-04,3.923315498675372941e-04,0.000000000000000000e+00
6.759999999999999787e+00,3.921870697217077952e-04,3.921874257520388801e-04,0.000000000000000000e+00
6.765000000000000568e+00,3.920439332837052145e-04,3.920442888026124425e-04,0.000000000000000000e+00
6.770000000000000462e+00,3.919017825904606432e-04,3.919021376019401668e-04,0.000000000000000000e+00
6.775000000000000355e+00,3.917606162349843222e-04,3.917609707430171691e-04,0.000000000000000000e+00
6.780000000000000249e+00,3.916204328208313886e-04,3.916207868290593396e-04,0.000000000000000000e+00
6.785000000000000142e+00,3.914812309620710300e-04,3.914815844742131697e-04,0.000000000000000000e+00
6.790000000000000036e+00,3.913430092832560184e-04,3.913433623032382428e-04,0.000000000000000000e+00
6.794999999999999929e+00,3.912057664193930033e-04,3.912061189509405770e-04,0.000000000000000000e+00
6.799999999999999822e+00,3.910695010159123707e-04,3.910698530626134607e-04,0.000000000000000000e+00
6.804999999999999716e+00,3.909342117286390239e-04,3.909345632943952943e-04,0.000000000000000000e+00
6.810000000000000497e+00,3.907998972237625135e-04,3.908002483122424708e-04,0.000000000000000000e+00
6.815000000000000391e+00,3.906665561778089571e-04,3.906669067928282340e-04,0.000000000000000000e+00
6.820000000000000284e+00,3.905341872776109521e-04,3.905345374226497834e-04,0.000000000000000000e+00
6.825000000000000178e+00,3.904027892202800915e-04,3.904031388991844676e-04,0.000000000000000000e+00
6.830000000000000071e+00,3.902723607131782326e-04,3.902727099295149617e-04,0.000000000000000000e+00
6.834999999999999964e+00,3.901429004738889280e-04,3.901432492313884788e-04,0.000000000000000000e+00
6.839999999999999858e+00,3.900144072301906461e-04,3.900147555325640257e-04,0.000000000000000000e+00
6.844999999999999751e+00,3.898868797200282020e-04,3.898872275704992857e-04,0.000000000000000000e+00
6.850000000000000533e+00,3.897603166914858155e-04,3.897606640942549651e-04,0.000000000000000000e+00
6.855000000000000426e+00,3.896347169027602228e-04,3.896350638611625525e-04,0.000000000000000000e+00
6.860000000000000320e+00,3.895100791221332457e-04,3.895104256399356535e-04,0.000000000000000000e+00
6.865000000000000213e+00,3.893864021279456089e-04,3.893867482089874714e-04,0.000000000000000000e+00
6.870000000000000107e+00,3.892636847085702138e-04,3.892640303560541016e-04,0.000000000000000000e+00
6.875000000000000000e+00,3.891419256623862804e-04,3.891422708800406564e-04,0.000000000000000000e+00
6.879999999999999893e+00,3.890211237977530016e-04,3.890214685891910237e-04,0.000000000000000000e+00
6.884999999999999787e+00,3.889012779329843890e-04,3.889016223019447116e-04,0.000000000000000000e+00
6.890000000000000568e+00,3.887823868963230360e-04,3.887827308462948384e-04,0.000000000000000000e+00
6.895000000000000462e+00,3.886644495259159392e-04,3.886647930602083151e-04,0.000000000000000000e+00
6.900000000000000355e+00,3.885474646697883159e-04,3.885478077923078624e-04,0.000000000000000000e+00
6.905000000000000249e+00,3.884314311858196966e-04,3.884317739000375412e-04,0.000000000000000000e+00
6.910000000000000142e+00,3.883163479417190431e-04,3.883166902510530247e-04,0.000000000000000000e+00
6.915000000000000036e+00,3.882022138150001368e-04,3.882025557230092574e-04,0.000000000000000000e+00
6.919999999999999929e+00,3.880890276929581601e-04,3.880893692032287437e-04,0.000000000000000000e+00
6.924999999999999822e+00,3.879767884726451391e-04,3.879771295886264666e-04,0.000000000000000000e+00
6.929999999999999716e+00,3.878654950608466877e-04,3.878658357859737825e-04,0.000000000000000000e+00
6.935000000000000497e+00,3.877551463740586970e-04,3.877554867118806949e-04,0.000000000000000000e+00
6.940000000000000391e+00,3.876457413384633744e-04,3.876460812925601484e-04,0.000000000000000000e+00
6.945000000000000284e+00,3.875372788899075598e-04,3.875376184635642425e-04,0.000000000000000000e+00
6.950000000000000178e+00,3.874297579738783851e-04,3.874300971707036350e-04,0.000000000000000000e+00
6.955000000000000071e+00,3.873231775454821324e-04,3.873235163690077381e-04,0.000000000000000000e+00
6.959999999999999964e+00,3.872175365694210318e-04,3.872178750229043702e-04,0.000000000000000000e+00
6.964999999999999858e+00,3.871128340199717402e-04,3.871131721069997317e-04,0.000000000000000000e+00
6.969999999999999751e+00,3.870090688809627358e-04,3.870094066050161572e-04,0.000000000000000000e+00
6.975000000000000533e+00,3.869062401457535553e-04,3.869065775100859346e-04,0.000000000000000000e+00
6.980000000000000426e+00,3.868043468172124052e-04,3.868046838254081692e-04,0.000000000000000000e+00
6.985000000000000320e+00,3.867033879076958876e-04,3.867037245630475413e-04,0.000000000000000000e+00
6.990000000000000213e+00,3.866033624390270446e-04,3.866036987450258275e-04,0.000000000000000000e+00
6.995000000000000107e+00,3.865042694424750840e-04,3.865046054024330710e-04,0.000000000000000000e+00
7.000000000000000000e+00,3.864061079587348337e-04,3.864064435761420716e-04,0.000000000000000000e+00
7.004999999999999893e+00,3.863088770379059247e-04,3.863092123162232411e-04,0.000000000000000000e+00
7.009999999999999787e+00,3.862125757394731674e-04,3.862129106819045966e-04,0.000000000000000000e+00
7.015000000000000568e+00,3.861172031322860601e-04,3.861175377420803054e-04,0.000000000000000000e+00
7.020000000000000462e+00,3.860227582945394901e-04,3.860230925753651665e-04,0.000000000000000000e+00
7.025000000000000355e+00,3.859292403137538929e-04,3.859295742687825085e-04,0.000000000000000000e+00
7.030000000000000249e+00,3.858366482867557905e-04,3.858369819193440894e-04,2.734987700415709836e-04
7.035000000000000142e+00,3.857449813196591978e-04,3.857453146331428907e-04,5.469975400831419672e-04
7.040000000000000036e+00,3.856542385278461066e-04,3.856545715257083014e-04,8.204963101247130051e-04
7.044999999999999929e+00,3.855644190359482169e-04,3.855647517212765045e-04,1.093995080166283934e-03
7.049999999999999822e+00,3.854755219778281260e-04,3.854758543542287255e-04,1.367493850207855081e-03
7.054999999999999716e+00,3.853875464965612224e-04,3.853878785671371746e-04,1.689730783564996706e-03
7.060000000000000497e+00,3.853004917444173625e-04,3.853008235126538354e-04,2.011967716922204250e-03
7.065000000000000391e+00,3.852143568828431445e-04,3.852146883518889862e-04,2.334204650279354115e-03
7.070000000000000284e+00,3.851291410824443976e-04,3.851294722556793376e-04,2.656441583636504414e-03
7.075000000000000178e+00,3.850448435229678599e-04,3.850451744037487506e-04,2.978678516993654712e-03
7.080000000000000071e+00,3.849614633932851859e-04,3.849617939848733617e-04,3.112739277950915106e-03
7.084999999999999964e+00,3.848789998913746779e-04,3.848793301970319068e-04,3.246800038908175933e-03
7.089999999999999858e+00,3.847974522243050228e-04,3.847977822471894231e-04,3.380860799865436327e-03
7.094999999999999751e+00,3.847168196082184871e-04,3.847171493514752209e-04,3.514921560822697154e-03
7.100000000000000533e+00,3.846371012683141659e-04,3.846374307355475549e-04,3.648982321779981400e-03
7.105000000000000426e+00,3.845582964388320995e-04,3.845586256329989257e-04,3.534856355857535996e-03
7.110000000000000320e+00,3.844804043630369560e-04,3.844807332875918669e-04,3.420730389935090158e-03
7.115000000000000213e+00,3.844034242932020391e-04,3.844037529513628926e-04,3.306604424012644754e-03
7.120000000000000107e+00,3.843273554905935678e-04,3.843276838855981710e-04,3.192478458090198916e-03
7.125000000000000000e+00,3.842521972254554427e-04,3.842525253605762973e-04,3.078352492167753512e-03
7.129999999999999893e+00,3.841779487769939592e-04,3.841782766553421833e-04,2.817984310081074473e-03
7.134999999999999787e+00,3.841046094333620321e-04,3.841049370582515438e-04,2.557616127994395000e-03
7.140000000000000568e+00,3.840321784916449926e-04,3.840325058663055218e-04,2.297247945907669557e-03
7.145000000000000462e+00,3.839606552578457349e-04,3.839609823851438579e-04,2.036879763820990084e-03
7.150000000000000355e+00,3.838900390468697539e-04,3.838903659304197130e-04,1.776511581734311045e-03
7.155000000000000249e+00,3.838203291825112136e-04,3.838206558253766387e-04,1.532979102989613434e-03
7.160000000000000142e+00,3.837515249974386895e-04,3.837518514027960220e-04,1.289446624244916040e-03
7.165000000000000036e+00,3.836836258331810740e-04,3.836839520042446480e-04,1.045914145500218429e-03
7.169999999999999929e+00,3.836166310401139157e-04,3.836169569800458611e-04,8.023816667555209265e-04
7.174999999999999822e+00,3.835505399774459751e-04,3.835508656894305937e-04,5.588491880108234239e-04
7.179999999999999716e+00,3.834853520132055636e-04,3.834856775005255486e-04,4.470793504086439073e-04
7.185000000000000497e+00,3.834210665242272623e-04,3.834213917897941843e-04,3.353095128064680227e-04
7.190000000000000391e+00,3.833576828961395076e-04,3.833580079434151158e-04,2.235396752043120332e-04
7.195000000000000284e+00,3.832952005233512013e-04,3.832955253554573474e-04,1.117698376021559895e-04
7.200000000000000178e+00,3.832336188090389715e-04,3.832339434290005253e-04,0.000000000000000000e+00
7.205000000000000071e+00,3.831729371651353545e-04,3.831732615761530435e-04,0.000000000000000000e+00
7.209999999999999964e+00,3.831131550123158930e-04,3.831134792175484318e-04,0.000000000000000000e+00
7.214999999999999858e+00,3.830542717799876435e-04,3.830545957825103715e-04,0.000000000000000000e+00
7.219999999999999751e+00,3.829962869062764909e-04,3.829966107094367740e-04,0.000000000000000000e+00
7.225000000000000533e+00,3.829391998380164155e-04,3.829395234446622900e-04,0.000000000000000000e+00
7.230000000000000426e+00,3.828830100307370780e-04,3.828833334441226143e-04,0.000000000000000000e+00
7.235000000000000320e+00,3.828277169486531952e-04,3.828280401720688926e-04,0.000000000000000000e+00
7.240000000000000213e+00,3.827733200646528844e-04,3.827736431009994716e-04,0.000000000000000000e+00
7.245000000000000107e+00,3.827198188602870380e-04,3.827201417127368364e-04,0.000000000000000000e+00
7.250000000000000000e+00,3.826672128257582652e-04,3.826675354975451787e-04,0.000000000000000000e+00
7.254999999999999893e+00,3.826155014599104290e-04,3.826158239539613698e-04,0.000000000000000000e+00
7.259999999999999787e+00,3.825646842702185089e-04,3.825650065899300657e-04,0.000000000000000000e+00
7.265000000000000568e+00,3.825147607727775426e-04,3.825150829208783269e-04,0.000000000000000000e+00
7.270000000000000462e+00,3.824657304922935721e-04,3.824660524720721860e-04,0.000000000000000000e+00
7.275000000000000355e+00,3.824175929620732359e-04,3.824179147766454054e-04,0.000000000000000000e+00
7.280000000000000249e+00,3.823703477240140113e-04,3.823706693764721519e-04,0.000000000000000000e+00
7.285000000000000142e+00,3.823239943285949979e-04,3.823243158220572752e-04,0.000000000000000000e+00
7.290000000000000036e+00,3.822785323348673234e-04,3.822788536724786284e-04,0.000000000000000000e+00
7.294999999999999929e+00,3.822339613104454152e-04,3.822342824950622411e-04,0.000000000000000000e+00
7.299999999999999822e+00,3.821902808314974051e-04,3.821906018663826583e-04,0.000000000000000000e+00
7.304999999999999716e+00,3.821474904827367272e-04,3.821478113708918589e-04,0.000000000000000000e+00
7.310000000000000497e+00,3.821055898574136065e-04,3.821059106019344476e-04,0.000000000000000000e+00
7.315000000000000391e+00,3.820645785573064941e-04,3.820648991613845020e-04,0.000000000000000000e+00
7.320000000000000284e+00,3.820244561927137726e-04,3.820247766592214868e-04,0.000000000000000000e+00
7.325000000000000178e+00,3.819852223824456790e-04,3.819855427145176906e-04,0.000000000000000000e+00
7.330000000000000071e+00,3.819468767538163902e-04,3.819471969546062639e-04,0.000000000000000000e+00
7.334999999999999964e+00,3.819094189426364876e-04,3.819097390151426929e-04,0.000000000000000000e+00
7.339999999999999858e+00,3.818728485932054218e-04,3.818731685404818310e-04,0.000000000000000000e+00
7.344999999999999751e+00,3.818371653583038151e-04,3.818374851833726959e-04,0.000000000000000000e+00
7.350000000000000533e+00,3.818023688991866306e-04,3.818026886051031563e-04,0.000000000000000000e+00
7.355000000000000426e+00,3.817684588855761252e-04,3.817687784755133761e-04,0.000000000000000000e+00
7.360000000000000320e+00,3.817354349956545855e-04,3.817357544724785416e-04,0.000000000000000000e+00
7.365000000000000213e+00,3.817032969160583642e-04,3.817036162829255718e-04,0.000000000000000000e+00
7.370000000000000107e+00,3.816720443418708335e-04,3.816723636018292559e-04,0.000000000000000000e+00
7.375000000000000000e+00,3.816416769766166925e-04,3.816419961327077335e-04,0.000000000000000000e+00
7.379999999999999893e+00,3.816121945322550825e-04,3.816125135874144365e-04,0.000000000000000000e+00
7.384999999999999787e+00,3.815835967291738955e-04,3.815839156865990373e-04,0.000000000000000000e+00
7.390000000000000568e+00,3.815558832961846235e-04,3.815562021587869611e-04,0.000000000000000000e+00
7.395000000000000462e+00,3.815290539705158538e-04,3.815293727413983198e-04,0.000000000000000000e+00
7.400000000000000355e+00,3.815031084978083901e-04,3.815034271799009865e-04,0.000000000000000000e+00
7.405000000000000249e+00,3.814780466321097767e-04,3.814783652286558944e-04,0.000000000000000000e+00
7.410000000000000142e+00,3.814538681358693663e-04,3.814541866497485377e-04,0.000000000000000000e+00
7.415000000000000036e+00,3.814305727799331691e-04,3.814308912142905564e-04,0.000000000000000000e+00
7.419999999999999929e+00,3.814081603435396793e-04,3.814084787011719820e-04,0.000000000000000000e+00
7.424999999999999822e+00,3.813866306143146707e-04,3.813869488983769713e-04,0.000000000000000000e+00
7.429999999999999716e+00,3.813659833882670764e-04,3.813663016018105909e-04,0.000000000000000000e+00
7.435000000000000497e+00,3.813462184697848155e-04,3.813465366158945327e-04,0.000000000000000000e+00
7.440000000000000391e+00,3.813273356716307804e-04,3.813276537531953944e-04,0.000000000000000000e+00
7.445000000000000284e+00,3.813093348149389347e-04,3.813096528350081978e-04,0.000000000000000000e+00
7.450000000000000178e+00,3.812922157292106804e-04,3.812925336908225813e-04,0.000000000000000000e+00
7.455000000000000071e+00,3.812759782523110637e-04,3.812762961584285643e-04,0.000000000000000000e+00
7.459999999999999964e+00,3.812606222304660100e-04,3.812609400841934521e-04,0.000000000000000000e+00
7.464999999999999858e+00,3.812461475182583122e-04,3.812464653224909494e-04,0.000000000000000000e+00
7.469999999999999751e+00,3.812325539786255713e-04,3.812328717363465858e-04,0.000000000000000000e+00
7.475000000000000533e+00,3.812198414828566178e-04,3.812201591971897045e-04,0.000000000000000000e+00
7.480000000000000426e+00,3.812080099105893440e-04,3.812083275845435434e-04,0.000000000000000000e+00
7.485000000000000320e+00,3.811970591498079386e-04,3.811973767864661254e-04,0.000000000000000000e+00
7.490000000000000213e+00,3.811869890968407732e-04,3.811873066990908825e-04,0.000000000000000000e+00
7.495000000000000107e+00,3.811777996563579080e-04,3.811781172271518970e-04,0.000000000000000000e+00
