frequency_offset_GHz,known_incident_density,noisy_convolved_intensity,Wiener_recovered_density
-7.500000000000000000e+00,0.000000000000000000e+00,5.080793373546743132e-03,-6.535689450566403540e-03
-7.495000000000000107e+00,6.032211767129887489e-18,1.688089302433110712e-03,-5.714646206995840916e-03
-7.490000000000000213e+00,0.000000000000000000e+00,2.969004172098197586e-03,-4.843701514236018087e-03
-7.485000000000000320e+00,0.000000000000000000e+00,1.753777513415422356e-03,-3.929642552254475341e-03
-7.480000000000000426e+00,4.820218298580784666e-18,3.808529694557556168e-03,-2.980033901472842976e-03
-7.475000000000000533e+00,0.000000000000000000e+00,2.507287942176948409e-03,-2.003167132178374291e-03
-7.469999999999999751e+00,0.000000000000000000e+00,1.694664900835371598e-03,-1.007989972346298464e-03
-7.464999999999999858e+00,0.000000000000000000e+00,3.204864104798644999e-03,-4.015957135916181547e-06
-7.459999999999999964e+00,0.000000000000000000e+00,2.251044017053913625e-03,9.987840544246064881e-04
-7.455000000000000071e+00,0.000000000000000000e+00,2.798318799628472537e-03,1.990106669924540921e-03
-7.450000000000000178e+00,0.000000000000000000e+00,2.831779456032986093e-03,2.959454843782083084e-03
-7.445000000000000284e+00,4.783136849558304484e-17,3.192413924218669759e-03,3.896288290957484590e-03
-7.440000000000000391e+00,3.253101491888255254e-17,2.415633085774782605e-03,4.790182595801207449e-03
-7.435000000000000497e+00,0.000000000000000000e+00,2.672343585302422182e-03,5.630993954139551158e-03
-7.429999999999999716e+00,0.000000000000000000e+00,4.173638001332527318e-03,6.409026323267928010e-03
-7.424999999999999822e+00,0.000000000000000000e+00,2.382011256154939558e-03,7.115197651231430949e-03
-7.419999999999999929e+00,0.000000000000000000e+00,1.812919659164198560e-03,7.741201813419704494e-03
-7.415000000000000036e+00,0.000000000000000000e+00,3.516832079599596997e-03,8.279662900027046080e-03
-7.410000000000000142e+00,2.451742512713834970e-18,3.358494303211560089e-03,8.724278571065124249e-03
-7.405000000000000249e+00,2.450928349162442708e-17,3.374852218017077715e-03,9.069949324900112783e-03
-7.400000000000000355e+00,0.000000000000000000e+00,3.569029331910992652e-03,9.312890710114370835e-03
-7.395000000000000462e+00,0.000000000000000000e+00,2.312357307946572883e-03,9.450725747306530991e-03
-7.390000000000000568e+00,0.000000000000000000e+00,2.126081649649993674e-03,9.482555115897515693e-03
-7.384999999999999787e+00,0.000000000000000000e+00,4.115908841673229096e-03,9.409002999357417643e-03
-7.379999999999999893e+00,0.000000000000000000e+00,2.031187917551048432e-03,9.232236869179259384e-03
-7.375000000000000000e+00,0.000000000000000000e+00,2.513577463508315842e-03,8.955959921039959026e-03
-7.370000000000000107e+00,0.000000000000000000e+00,4.157535270781156575e-03,8.585375353485849223e-03
-7.365000000000000213e+00,2.786511762072466104e-17,2.428663117386608856e-03,8.127122196229966816e-03
-7.360000000000000320e+00,0.000000000000000000e+00,2.638398042693017656e-03,7.589182946615069189e-03
-7.355000000000000426e+00,0.000000000000000000e+00,2.510898373706470406e-03,6.980763852162903682e-03
-7.350000000000000533e+00,0.000000000000000000e+00,3.560612016798047653e-03,6.312149275281569646e-03
-7.344999999999999751e+00,0.000000000000000000e+00,4.302598363145914741e-03,5.594532182126792964e-03
-7.339999999999999858e+00,0.000000000000000000e+00,3.024817612045299382e-03,4.839823397870032969e-03
-7.334999999999999964e+00,0.000000000000000000e+00,2.779405612984039813e-03,4.060442849890480085e-03
-7.330000000000000071e+00,0.000000000000000000e+00,3.217784566494358810e-03,3.269096561615789445e-03
-7.325000000000000178e+00,2.644403214920449084e-17,3.335203424839193465e-03,2.478543644854130316e-03
-7.320000000000000284e+00,0.000000000000000000e+00,2.090898750299841242e-03,1.701357948936879291e-03
-7.315000000000000391e+00,1.802410073044748647e-17,2.612501596073193121e-03,9.496893430682119483e-04
-7.310000000000000497e+00,6.702786474003467042e-18,3.425706293234403055e-03,2.350298173066379926e-04
-7.304999999999999716e+00,3.742191741669780404e-18,2.325871887950453371e-03,-4.320103263069920933e-04
-7.299999999999999822e+00,0.000000000000000000e+00,4.074111991419194188e-03,-1.041910968675224510e-03
-7.294999999999999929e+00,0.000000000000000000e+00,2.199730737647382847e-03,-1.586430319067723199e-03
-7.290000000000000036e+00,0.000000000000000000e+00,1.870380560480929509e-03,-2.058768006258004848e-03
-7.285000000000000142e+00,0.000000000000000000e+00,1.624854072953797095e-03,-2.453698881162400241e-03
-7.280000000000000249e+00,0.000000000000000000e+00,3.072108960452423800e-03,-2.767673898960490257e-03
-7.275000000000000355e+00,0.000000000000000000e+00,1.361639856639583479e-03,-2.998885169780519250e-03
-7.270000000000000462e+00,0.000000000000000000e+00,3.155325722028620109e-03,-3.147293089366132775e-03
-7.265000000000000568e+00,0.000000000000000000e+00,3.329402552273819527e-03,-3.214614363372987269e-03
-7.259999999999999787e+00,0.000000000000000000e+00,2.820608280145850584e-03,-3.204270696368490164e-03
-7.254999999999999893e+00,0.000000000000000000e+00,1.743552494797074182e-03,-3.121298902309942256e-03
-7.250000000000000000e+00,0.000000000000000000e+00,3.617245954345144413e-03,-2.972224178826260964e-03
-7.245000000000000107e+00,0.000000000000000000e+00,2.634652672796514595e-03,-2.764899244549774877e-03
-7.240000000000000213e+00,0.000000000000000000e+00,2.902959233265806072e-03,-2.508312938649301903e-03
-7.235000000000000320e+00,0.000000000000000000e+00,2.040905822865217347e-03,-2.212372698250033957e-03
-7.230000000000000426e+00,0.000000000000000000e+00,3.163272410544928307e-03,-1.887666038042161952e-03
-7.225000000000000533e+00,0.000000000000000000e+00,1.609559369018235229e-03,-1.545206735922115271e-03
-7.219999999999999751e+00,0.000000000000000000e+00,2.846458346805420814e-03,-1.196171861147556689e-03
-7.214999999999999858e+00,0.000000000000000000e+00,2.956947051035366172e-03,-8.516360537677704172e-04
-7.209999999999999964e+00,0.000000000000000000e+00,3.027999745301798110e-03,-5.223095668311803982e-04
-7.205000000000000071e+00,7.579122514774239027e-18,3.524579063191000949e-03,-2.182865118837205680e-04
-7.200000000000000178e+00,0.000000000000000000e+00,5.093821873524440394e-03,5.119049596165344251e-05
-7.195000000000000284e+00,0.000000000000000000e+00,8.413192184591480015e-04,2.779435087863193414e-04
-7.190000000000000391e+00,0.000000000000000000e+00,1.109910346751243147e-03,4.550450168165044653e-04
-7.185000000000000497e+00,0.000000000000000000e+00,2.856768690882318783e-03,5.769718147744437847e-04
-7.179999999999999716e+00,0.000000000000000000e+00,4.399047737857100619e-03,6.397232924827461666e-04
-7.174999999999999822e+00,0.000000000000000000e+00,4.336584168641278991e-03,6.409014117360917629e-04
-7.169999999999999929e+00,1.098972764642264566e-17,3.479846967156609121e-03,5.797506378796009980e-04
-7.165000000000000036e+00,0.000000000000000000e+00,2.691460803490002083e-03,4.571571457520310776e-04
-7.160000000000000142e+00,0.000000000000000000e+00,2.416696079514168548e-03,2.756076853323981778e-04
-7.155000000000000249e+00,0.000000000000000000e+00,1.885431685798957683e-03,3.910954206056990008e-05
-7.150000000000000355e+00,0.000000000000000000e+00,4.123924417960951605e-03,-2.469259699040904170e-04
-7.145000000000000462e+00,0.000000000000000000e+00,2.269780935818834205e-03,-5.758331151206004311e-04
-7.140000000000000568e+00,0.000000000000000000e+00,2.671042944814011957e-03,-9.398702520827116776e-04
-7.134999999999999787e+00,0.000000000000000000e+00,2.353221698672218129e-03,-1.330422361431743200e-03
-7.129999999999999893e+00,6.821210263296814508e-17,1.903751225054184024e-03,-1.738222134321005695e-03
-7.125000000000000000e+00,0.000000000000000000e+00,3.006496035025943946e-03,-2.153583768103683235e-03
-7.120000000000000107e+00,0.000000000000000000e+00,3.670999409679015849e-03,-2.566643383902595874e-03
-7.115000000000000213e+00,0.000000000000000000e+00,3.511737797350118241e-03,-2.967599919013553644e-03
-7.110000000000000320e+00,0.000000000000000000e+00,1.993456871848545836e-03,-3.346950454840705476e-03
-7.105000000000000426e+00,0.000000000000000000e+00,5.091911286140308676e-04,-3.695714210938848970e-03
-7.100000000000000533e+00,0.000000000000000000e+00,2.927149465559087359e-03,-4.005639855613301638e-03
-7.094999999999999751e+00,0.000000000000000000e+00,3.172990346670346608e-03,-4.269391336741651909e-03
-7.089999999999999858e+00,0.000000000000000000e+00,3.000284801689431183e-03,-4.480708102546430462e-03
-7.084999999999999964e+00,0.000000000000000000e+00,1.556230649544155685e-03,-4.634536337642636804e-03
-7.080000000000000071e+00,0.000000000000000000e+00,1.850443982160053383e-03,-4.727128659456557649e-03
-7.075000000000000178e+00,0.000000000000000000e+00,2.553381995241060104e-03,-4.756110577734429766e-03
-7.070000000000000284e+00,0.000000000000000000e+00,2.181103910902383244e-03,-4.720512889366056987e-03
-7.065000000000000391e+00,0.000000000000000000e+00,1.532519631336821562e-03,-4.620770036902804336e-03
-7.060000000000000497e+00,0.000000000000000000e+00,4.060982707261553450e-03,-4.458685279230946950e-03
-7.054999999999999716e+00,0.000000000000000000e+00,2.898628867774917343e-03,-4.237364286662399088e-03
-7.049999999999999822e+00,3.031649005909695303e-18,2.798914537970751716e-03,-3.961119463538768058e-03
-7.044999999999999929e+00,0.000000000000000000e+00,4.103864418030126610e-03,-3.635347906686259636e-03
-7.040000000000000036e+00,0.000000000000000000e+00,3.037875303985441196e-03,-3.266386418616510409e-03
-7.035000000000000142e+00,0.000000000000000000e+00,8.911944826256936337e-04,-2.861347405513524431e-03
-7.030000000000000249e+00,0.000000000000000000e+00,2.064776927169955333e-03,-2.427939800244648810e-03
-7.025000000000000355e+00,0.000000000000000000e+00,1.293661775467203892e-03,-1.974279361666383265e-03
-7.020000000000000462e+00,0.000000000000000000e+00,4.880028704575102919e-03,-1.508692817361830842e-03
-7.015000000000000568e+00,0.000000000000000000e+00,2.873012731302451196e-03,-1.039520343471101111e-03
-7.009999999999999787e+00,0.000000000000000000e+00,4.648278388146576123e-03,-5.749208190920190691e-04
-7.004999999999999893e+00,0.000000000000000000e+00,2.976175982901708549e-03,-1.226841607599785371e-04
-7.000000000000000000e+00,0.000000000000000000e+00,2.600462591950142115e-03,3.099451587452222096e-04
-6.995000000000000107e+00,0.000000000000000000e+00,1.908091312545350492e-03,7.164295677988002540e-04
-6.990000000000000213e+00,0.000000000000000000e+00,1.594666330057405894e-03,1.091081313692711819e-03
-6.985000000000000320e+00,0.000000000000000000e+00,2.402566637859357424e-03,1.429183703643644755e-03
-6.980000000000000426e+00,0.000000000000000000e+00,2.663833173446073042e-03,1.727087962868002540e-03
-6.975000000000000533e+00,0.000000000000000000e+00,3.079486787296630869e-03,1.982283484215249109e-03
-6.969999999999999751e+00,0.000000000000000000e+00,2.322454088662975237e-03,2.193439771610177381e-03
-6.964999999999999858e+00,0.000000000000000000e+00,3.382678044715587643e-03,2.360418951103786418e-03
-6.959999999999999964e+00,0.000000000000000000e+00,3.616068093759172795e-03,2.484258334040944684e-03
-6.955000000000000071e+00,0.000000000000000000e+00,4.225203600101770651e-03,2.567123160102596259e-03
-6.950000000000000178e+00,0.000000000000000000e+00,4.101456548992191836e-03,2.612230315170340888e-03
-6.945000000000000284e+00,0.000000000000000000e+00,2.829697000589954676e-03,2.623744498655417208e-03
-6.940000000000000391e+00,0.000000000000000000e+00,2.474215529359244468e-03,2.606648993503914592e-03
-6.935000000000000497e+00,0.000000000000000000e+00,1.759673549410033754e-03,2.566593853510023334e-03
-6.929999999999999716e+00,0.000000000000000000e+00,2.155552585336035967e-03,2.509724948949563095e-03
-6.924999999999999822e+00,0.000000000000000000e+00,3.865546990252871108e-03,2.442497884033571244e-03
-6.919999999999999929e+00,0.000000000000000000e+00,3.354439608337284051e-03,2.371481298673174237e-03
-6.915000000000000036e+00,0.000000000000000000e+00,2.666430622126482724e-03,2.303154473793369954e-03
-6.910000000000000142e+00,0.000000000000000000e+00,2.618224681080410544e-03,2.243704456219006594e-03
-6.905000000000000249e+00,0.000000000000000000e+00,2.270180100672674305e-03,2.198828090704191881e-03
-6.900000000000000355e+00,0.000000000000000000e+00,2.888024317641632501e-03,2.173544380724753717e-03
-6.895000000000000462e+00,0.000000000000000000e+00,3.467464569211242773e-03,2.172022487576507829e-03
-6.890000000000000568e+00,0.000000000000000000e+00,1.386693699688667505e-03,2.197430414993779575e-03
-6.884999999999999787e+00,0.000000000000000000e+00,3.036505817670582391e-03,2.251809014217324382e-03
-6.879999999999999893e+00,0.000000000000000000e+00,3.560831624360380216e-03,2.335975387594942370e-03
-6.875000000000000000e+00,0.000000000000000000e+00,2.069204804237573074e-03,2.449459077615197440e-03
-6.870000000000000107e+00,0.000000000000000000e+00,2.847291233187978533e-03,2.590473617715455430e-03
-6.865000000000000213e+00,0.000000000000000000e+00,1.914004697859438822e-03,2.755925110742187770e-03
-6.860000000000000320e+00,0.000000000000000000e+00,3.933462196328022832e-03,2.941458514120796376e-03
-6.855000000000000426e+00,0.000000000000000000e+00,2.289684216606843736e-03,3.141541274225971656e-03
-6.850000000000000533e+00,0.000000000000000000e+00,1.634963939573425267e-03,3.349582895790518839e-03
-6.844999999999999751e+00,0.000000000000000000e+00,1.253757249034839283e-03,3.558087986407940714e-03
-6.839999999999999858e+00,0.000000000000000000e+00,2.122072449182265189e-03,3.758839313344585018e-03
-6.834999999999999964e+00,0.000000000000000000e+00,4.299713793386866767e-03,3.943106481624549312e-03
-6.830000000000000071e+00,0.000000000000000000e+00,2.672823792302790168e-03,4.101875019144244836e-03
-6.825000000000000178e+00,0.000000000000000000e+00,3.660942085357461045e-03,4.226089964522827640e-03
-6.820000000000000284e+00,1.212659602363878121e-17,3.917300780120119841e-03,4.306907521252743669e-03
-6.815000000000000391e+00,0.000000000000000000e+00,2.580590393747154467e-03,4.335947988010313038e-03
-6.810000000000000497e+00,0.000000000000000000e+00,2.639029980758189706e-03,4.305543015207973119e-03
-6.804999999999999716e+00,0.000000000000000000e+00,3.313921940121704497e-03,4.208970281530829277e-03
-6.799999999999999822e+00,0.000000000000000000e+00,9.294006053472867682e-04,4.040668934806726682e-03
-6.794999999999999929e+00,0.000000000000000000e+00,3.298987188699723568e-03,3.796429595683936675e-03
-6.790000000000000036e+00,0.000000000000000000e+00,4.469631525632154073e-03,3.473553370129328112e-03
-6.785000000000000142e+00,0.000000000000000000e+00,1.893833628899409260e-03,3.070975141010772163e-03
-6.780000000000000249e+00,0.000000000000000000e+00,3.183794913742828137e-03,2.589347386590702682e-03
-6.775000000000000355e+00,0.000000000000000000e+00,3.864823442659196494e-03,2.031081875805019338e-03
-6.770000000000000462e+00,0.000000000000000000e+00,3.885058223823962664e-03,1.400347782551411395e-03
-6.765000000000000568e+00,0.000000000000000000e+00,4.100378715179323758e-03,7.030260059072474975e-04
-6.759999999999999787e+00,0.000000000000000000e+00,1.513083803031253609e-03,-5.337926039331363984e-05
-6.754999999999999893e+00,0.000000000000000000e+00,3.129056352464416012e-03,-8.598694398191071087e-04
-6.750000000000000000e+00,0.000000000000000000e+00,2.908983027182582108e-03,-1.706117542522614773e-03
-6.745000000000000107e+00,0.000000000000000000e+00,3.561513168238818802e-03,-2.580666725769930388e-03
-6.740000000000000213e+00,0.000000000000000000e+00,3.159975155733515256e-03,-3.471156082934801802e-03
-6.735000000000000320e+00,0.000000000000000000e+00,3.543545403940409708e-03,-4.364567580560731186e-03
-6.730000000000000426e+00,0.000000000000000000e+00,2.045789543208020346e-03,-5.247487546677726857e-03
-6.725000000000000533e+00,0.000000000000000000e+00,2.293528378228968084e-03,-6.106375814783954539e-03
-6.719999999999999751e+00,0.000000000000000000e+00,1.399871412472593855e-03,-6.927835554436266238e-03
-6.714999999999999858e+00,0.000000000000000000e+00,2.497306878309118929e-03,-7.698876969613498329e-03
-6.709999999999999964e+00,0.000000000000000000e+00,1.841779107537447682e-03,-8.407168409588640368e-03
-6.705000000000000071e+00,0.000000000000000000e+00,2.869278371722105200e-03,-9.041268995230836852e-03
-6.700000000000000178e+00,0.000000000000000000e+00,1.421560118964718816e-03,-9.590837590143402522e-03
-6.695000000000000284e+00,0.000000000000000000e+00,3.849788337500124023e-03,-1.004681380858295399e-02
-6.690000000000000391e+00,0.000000000000000000e+00,3.205974226633004354e-03,-1.040156771367513854e-02
-6.685000000000000497e+00,0.000000000000000000e+00,1.210429454093319649e-03,-1.064901588058738899e-02
-6.679999999999999716e+00,0.000000000000000000e+00,3.612489146801846698e-03,-1.078470253963288890e-02
-6.674999999999999822e+00,0.000000000000000000e+00,1.494652658913427253e-03,-1.080584553460030815e-02
-6.669999999999999929e+00,0.000000000000000000e+00,2.137418942846485218e-03,-1.071134779568339371e-02
-6.665000000000000036e+00,0.000000000000000000e+00,3.314013472157728915e-03,-1.050177590248415477e-02
-6.660000000000000142e+00,0.000000000000000000e+00,3.602989782160152636e-03,-1.017930807460734784e-02
-6.655000000000000249e+00,0.000000000000000000e+00,2.669748012883001956e-03,-9.747654556110839363e-03
-6.650000000000000355e+00,0.000000000000000000e+00,3.897317499509682717e-03,-9.211953843135972653e-03
-6.645000000000000462e+00,0.000000000000000000e+00,3.133489619764361946e-03,-8.578648536503967470e-03
-6.640000000000000568e+00,0.000000000000000000e+00,2.134640668322077949e-03,-7.855344784701429051e-03
-6.634999999999999787e+00,0.000000000000000000e+00,2.145195919747648616e-03,-7.050659325688665192e-03
-6.629999999999999893e+00,0.000000000000000000e+00,3.982149154444139701e-03,-6.174058051761287594e-03
-6.625000000000000000e+00,0.000000000000000000e+00,2.843701125816630679e-03,-5.235689827884376472e-03
-6.620000000000000107e+00,0.000000000000000000e+00,2.978097938123664551e-03,-4.246219011090023726e-03
-6.615000000000000213e+00,0.000000000000000000e+00,2.570364924400802761e-03,-3.216659768785689374e-03
-6.610000000000000320e+00,0.000000000000000000e+00,4.569293978223424452e-03,-2.158214899516167160e-03
-6.605000000000000426e+00,0.000000000000000000e+00,3.972240355585346903e-03,-1.082121442622072582e-03
-6.600000000000000533e+00,0.000000000000000000e+00,1.637092524069543552e-03,4.950572005668618658e-07
-6.594999999999999751e+00,0.000000000000000000e+00,1.116460705989968201e-03,1.078756170895208734e-03
-6.589999999999999858e+00,0.000000000000000000e+00,3.444275854814560396e-03,2.142155010820725146e-03
-6.584999999999999964e+00,0.000000000000000000e+00,3.637997092236391720e-03,3.180668721196099145e-03
-6.580000000000000071e+00,0.000000000000000000e+00,3.814997915140951826e-03,4.184858588704647164e-03
-6.575000000000000178e+00,0.000000000000000000e+00,2.789590435889800161e-03,5.145957576045427986e-03
-6.570000000000000284e+00,1.212659602363878121e-17,2.638571205869163442e-03,6.055945279593951368e-03
-6.565000000000000391e+00,4.850638409455512484e-17,2.902131231088139144e-03,6.907610464177433261e-03
-6.560000000000000497e+00,3.637978807091634979e-17,2.788182250881858851e-03,7.694601437438781943e-03
-6.554999999999999716e+00,0.000000000000000000e+00,3.493840443946844357e-03,8.411464599182238988e-03
-6.549999999999999822e+00,0.000000000000000000e+00,3.394368543383132798e-03,9.053671544087980513e-03
-6.544999999999999929e+00,1.212659602363878121e-17,3.876308658172654582e-03,9.617635116439269063e-03
-6.540000000000000036e+00,0.000000000000000000e+00,3.884625532262178833e-03,1.010071482002764323e-02
-6.535000000000000142e+00,0.000000000000000000e+00,2.635284327427187684e-03,1.050121198196675605e-02
-6.530000000000000249e+00,3.031649005909695611e-17,3.244900273944486234e-03,1.081835506178155555e-02
-6.525000000000000355e+00,3.031649005909695611e-17,2.122700257610754711e-03,1.105227549210367061e-02
-6.520000000000000462e+00,3.031649005909695611e-17,3.363533533089073900e-03,1.120397443886602708e-02
-6.515000000000000568e+00,0.000000000000000000e+00,3.961321062038775445e-03,1.127528088032565302e-02
-6.509999999999999787e+00,0.000000000000000000e+00,2.027138491545568515e-03,1.126880142778966323e-02
-6.504999999999999893e+00,0.000000000000000000e+00,3.396614054002054621e-03,1.118786234779022004e-02
-6.500000000000000000e+00,0.000000000000000000e+00,2.202757500159745717e-03,1.103644429583258528e-02
-6.495000000000000107e+00,0.000000000000000000e+00,3.306044557192410003e-03,1.081911033512231342e-02
-6.490000000000000213e+00,0.000000000000000000e+00,4.268395765059666142e-03,1.054092788822305615e-02
-6.485000000000000320e+00,0.000000000000000000e+00,4.461327257234937518e-03,1.020738535333060720e-02
-6.480000000000000426e+00,4.850638409455512484e-17,2.943890214395255243e-03,9.824304206839959072e-03
-6.475000000000000533e+00,0.000000000000000000e+00,3.614464190068886369e-03,9.397747507146727089e-03
-6.469999999999999751e+00,0.000000000000000000e+00,3.080014170279137854e-03,8.933925807686175433e-03
-6.464999999999999858e+00,0.000000000000000000e+00,2.317419636341784203e-03,8.439101576842716890e-03
-6.459999999999999964e+00,0.000000000000000000e+00,2.889712728881443059e-03,7.919493305383530635e-03
-6.455000000000000071e+00,0.000000000000000000e+00,2.835127002489767727e-03,7.381180555536201449e-03
-6.450000000000000178e+00,0.000000000000000000e+00,3.115034656784606334e-03,6.830011267423114450e-03
-6.445000000000000284e+00,2.728484105318725926e-17,1.584157180888924165e-03,6.271512685994583974e-03
-6.440000000000000391e+00,8.488617216547146231e-17,3.675641361118454908e-03,5.710807303214766699e-03
-6.435000000000000497e+00,0.000000000000000000e+00,2.981003155917880901e-03,5.152535224347033760e-03
-6.429999999999999716e+00,3.031649005909695303e-18,4.333546625011347984e-03,4.600784362216316092e-03
-6.424999999999999822e+00,0.000000000000000000e+00,2.996217085195117258e-03,4.059029837503200927e-03
-6.419999999999999929e+00,0.000000000000000000e+00,2.478500161444497762e-03,3.530083914440811099e-03
-6.415000000000000036e+00,2.425319204727756242e-17,2.736575869673328783e-03,3.016057727193640313e-03
-6.410000000000000142e+00,0.000000000000000000e+00,3.184896401819237600e-03,2.518335949948363479e-03
-6.405000000000000249e+00,0.000000000000000000e+00,2.804964224708299345e-03,2.037565430053444107e-03
-6.400000000000000355e+00,5.002220859750997018e-17,3.019258864042122931e-03,1.573658635408159163e-03
-6.395000000000000462e+00,0.000000000000000000e+00,3.432228049798306813e-03,1.125812561720941586e-03
-6.390000000000000568e+00,0.000000000000000000e+00,2.520115316832264706e-03,6.925435003973573391e-04
-6.384999999999999787e+00,0.000000000000000000e+00,2.397027193239491608e-03,2.717377828266170372e-04
-6.379999999999999893e+00,0.000000000000000000e+00,3.136687469701608319e-03,-1.392817069177330880e-04
-6.375000000000000000e+00,0.000000000000000000e+00,3.366866118616726727e-03,-5.436738180072719960e-04
-6.370000000000000107e+00,0.000000000000000000e+00,2.438776001532238884e-03,-9.449831725246606159e-04
-6.365000000000000213e+00,0.000000000000000000e+00,1.927929168003644951e-03,-1.347031321764446087e-03
-6.360000000000000320e+00,0.000000000000000000e+00,2.634333920021392390e-03,-1.753796797639411075e-03
-6.355000000000000426e+00,0.000000000000000000e+00,3.092407063323732684e-03,-2.169286246177975445e-03
-6.350000000000000533e+00,0.000000000000000000e+00,2.451471091862684332e-03,-2.597399214884904377e-03
-6.344999999999999751e+00,0.000000000000000000e+00,1.847738440805613176e-03,-3.041789508814594228e-03
-6.339999999999999858e+00,0.000000000000000000e+00,1.212546280583206735e-03,-3.505726313074751695e-03
-6.334999999999999964e+00,0.000000000000000000e+00,4.246726688672337185e-03,-3.991958484925063957e-03
-6.330000000000000071e+00,1.667406953250332648e-17,3.740312467871690586e-03,-4.502585531030837279e-03
-6.325000000000000178e+00,0.000000000000000000e+00,2.715394772586605249e-03,-5.038938792701974125e-03
-6.320000000000000284e+00,0.000000000000000000e+00,2.628334196149301628e-03,-5.601476256171402865e-03
-6.315000000000000391e+00,3.486396356796149829e-17,1.449646386201697322e-03,-6.189694183265425330e-03
-6.310000000000000497e+00,0.000000000000000000e+00,2.904077255231860520e-03,-6.802058423026459064e-03
-6.304999999999999716e+00,2.880066555614210460e-17,3.904545390680781713e-03,-7.435957825519544200e-03
-6.299999999999999822e+00,0.000000000000000000e+00,3.659404067718327255e-03,-8.087681649318095162e-03
-6.294999999999999929e+00,0.000000000000000000e+00,3.900355829212006666e-03,-8.752422252981381656e-03
-6.290000000000000036e+00,4.699055959160027950e-17,2.421896992653483922e-03,-9.424303711212809326e-03
-6.285000000000000142e+00,0.000000000000000000e+00,3.239446371838253323e-03,-1.009643632371162898e-02
-6.280000000000000249e+00,1.061077152068393279e-17,8.066757255140851943e-04,-1.076099631574175576e-02
-6.275000000000000355e+00,0.000000000000000000e+00,2.308623899864402709e-03,-1.140932938997347816e-02
-6.270000000000000462e+00,0.000000000000000000e+00,5.538717873270069397e-03,-1.203207620329170557e-02
-6.265000000000000568e+00,3.789561257387119513e-17,2.005394756224976489e-03,-1.261931733015437575e-02
-6.259999999999999787e+00,0.000000000000000000e+00,1.892260995313590219e-03,-1.316073485130912248e-02
-6.254999999999999893e+00,0.000000000000000000e+00,1.802348193010852367e-03,-1.364578738323432051e-02
-6.250000000000000000e+00,1.364242052659362963e-17,2.304156999532886059e-03,-1.406389514338396082e-02
-6.245000000000000107e+00,0.000000000000000000e+00,1.613487220896095290e-03,-1.440463152750137699e-02
-6.240000000000000213e+00,0.000000000000000000e+00,2.438158656178966363e-03,-1.465791765042651421e-02
-6.235000000000000320e+00,0.000000000000000000e+00,1.036195521930467333e-03,-1.481421635944199164e-02
-6.230000000000000426e+00,0.000000000000000000e+00,4.450324365409988152e-03,-1.486472235427768566e-02
-6.225000000000000533e+00,0.000000000000000000e+00,2.534667712687361813e-03,-1.480154522390194141e-02
-6.219999999999999751e+00,1.818989403545817490e-17,3.859898639986785417e-03,-1.461788242036259587e-02
-6.214999999999999858e+00,0.000000000000000000e+00,1.464269266260338678e-03,-1.430817941868986996e-02
-6.209999999999999964e+00,3.334813906500665295e-17,3.454481450268661463e-03,-1.386827454640574345e-02
-6.205000000000000071e+00,0.000000000000000000e+00,5.296814346114264369e-04,-1.329552619717131769e-02
-6.200000000000000178e+00,0.000000000000000000e+00,4.382851825519479272e-03,-1.258892036545790349e-02
-6.195000000000000284e+00,0.000000000000000000e+00,3.694126332903579536e-03,-1.174915665225491519e-02
-6.190000000000000391e+00,0.000000000000000000e+00,3.362388474743555674e-03,-1.077871109910865169e-02
-6.185000000000000497e+00,0.000000000000000000e+00,1.668641529541653587e-03,-9.681874416345270795e-03
-6.179999999999999716e+00,0.000000000000000000e+00,3.739550948022531476e-03,-8.464764390540419070e-03
-6.174999999999999822e+00,0.000000000000000000e+00,2.168959753612788310e-03,-7.135311496925651753e-03
-6.169999999999999929e+00,1.212659602363878121e-17,3.414723931025188518e-03,-5.703217015044943598e-03
-6.165000000000000036e+00,0.000000000000000000e+00,2.446129671745479999e-03,-4.179883259508448273e-03
-6.160000000000000142e+00,0.000000000000000000e+00,1.689625882138480256e-03,-2.578315898324897402e-03
-6.155000000000000249e+00,0.000000000000000000e+00,2.910650376440032661e-03,-9.129987412596752118e-04
-6.150000000000000355e+00,0.000000000000000000e+00,2.642990222625508749e-03,8.002581625225483513e-04
-6.145000000000000462e+00,0.000000000000000000e+00,1.999890608890087917e-03,2.544495781819255086e-03
-6.140000000000000568e+00,0.000000000000000000e+00,4.023392093098164361e-03,4.301806856269474628e-03
-6.134999999999999787e+00,0.000000000000000000e+00,3.985580568527519185e-03,6.053557750561243574e-03
-6.129999999999999893e+00,0.000000000000000000e+00,2.514131840963973116e-03,7.780628489924812895e-03
-6.125000000000000000e+00,0.000000000000000000e+00,1.454445476789723111e-03,9.463667561886920931e-03
-6.120000000000000107e+00,0.000000000000000000e+00,2.419510292194833150e-03,1.108335762745562073e-02
-6.115000000000000213e+00,0.000000000000000000e+00,3.319962578787206617e-03,1.262068791790823749e-02
-6.110000000000000320e+00,0.000000000000000000e+00,2.398613934251526796e-03,1.405722881996817296e-02
-6.105000000000000426e+00,0.000000000000000000e+00,5.370731537262826358e-03,1.537540398727439521e-02
-6.100000000000000533e+00,3.031649005909695611e-17,3.255276505247747809e-03,1.655875526951180662e-02
-6.094999999999999751e+00,0.000000000000000000e+00,2.873700919919905741e-03,1.759219582602463902e-02
-6.089999999999999858e+00,0.000000000000000000e+00,4.169279227067959614e-03,1.846224698593080735e-02
-6.084999999999999964e+00,0.000000000000000000e+00,4.178711689589668238e-03,1.915725472295375098e-02
-6.080000000000000071e+00,0.000000000000000000e+00,4.846971172603832534e-03,1.966758201633546713e-02
-6.075000000000000178e+00,0.000000000000000000e+00,3.463138403908972394e-03,1.998577385069732690e-02
-6.070000000000000284e+00,0.000000000000000000e+00,2.601003713543805374e-03,2.010669214563531176e-02
-6.065000000000000391e+00,0.000000000000000000e+00,3.615610805022984910e-03,2.002761847691146221e-02
-6.060000000000000497e+00,0.000000000000000000e+00,3.685273835065857803e-03,1.974832303199392999e-02
-6.054999999999999716e+00,0.000000000000000000e+00,2.990794867363748277e-03,1.927109881173983547e-02
-6.049999999999999822e+00,1.818989403545817490e-17,2.446471533166790207e-03,1.860076062905641550e-02
-6.044999999999999929e+00,0.000000000000000000e+00,3.458515129215818714e-03,1.774460895024663684e-02
-6.040000000000000036e+00,0.000000000000000000e+00,3.113840558621662480e-03,1.671235906686450653e-02
-6.035000000000000142e+00,0.000000000000000000e+00,1.653008086589684506e-03,1.551603647207301130e-02
-6.030000000000000249e+00,0.000000000000000000e+00,3.302953131017563083e-03,1.416983964806534275e-02
-6.025000000000000355e+00,0.000000000000000000e+00,5.090684970049014907e-03,1.268997175753776123e-02
-6.020000000000000462e+00,0.000000000000000000e+00,4.430257067586809358e-03,1.109444298390621989e-02
-6.015000000000000568e+00,0.000000000000000000e+00,3.036334096876936069e-03,9.402845496225154670e-03
-6.009999999999999787e+00,0.000000000000000000e+00,3.980774552187362099e-03,7.636103241368213598e-03
-6.004999999999999893e+00,0.000000000000000000e+00,2.577944240378999240e-03,5.816199003281752669e-03
-6.000000000000000000e+00,6.026523336814138067e-18,2.139644575000378916e-03,3.965881430768870321e-03
-5.995000000000000107e+00,0.000000000000000000e+00,2.135936484833950936e-03,2.108355031431385397e-03
-5.990000000000000213e+00,0.000000000000000000e+00,2.892621492408895077e-03,2.669564658167591855e-04
-5.985000000000000320e+00,0.000000000000000000e+00,4.024892522671905289e-03,-1.535179147556403091e-03
-5.980000000000000426e+00,0.000000000000000000e+00,3.418755580548082148e-03,-3.275457795083406946e-03
-5.975000000000000533e+00,3.204152251018655615e-18,4.044792034094218079e-03,-4.932167445800187018e-03
-5.969999999999999751e+00,0.000000000000000000e+00,4.692794237342332551e-03,-6.484815256605988738e-03
-5.964999999999999858e+00,1.310916074626079144e-17,3.437066190536778969e-03,-7.914455705116433051e-03
-5.959999999999999964e+00,4.883991769699947742e-17,1.488168399297668714e-03,-9.204003887888329363e-03
-5.955000000000000071e+00,1.704501819180221250e-17,4.071892247201710190e-03,-1.033852794067102385e-02
-5.950000000000000178e+00,2.656367241484817394e-17,5.514050482613580551e-03,-1.130551436922705953e-02
-5.945000000000000284e+00,0.000000000000000000e+00,8.916924609620843940e-04,-1.209510005485655605e-02
-5.940000000000000391e+00,0.000000000000000000e+00,2.294648296960643402e-03,-1.270026484515919367e-02
-5.935000000000000497e+00,0.000000000000000000e+00,2.474045805273441916e-03,-1.311697897962177742e-02
-5.929999999999999716e+00,1.143388115112965994e-17,3.086075876176653122e-03,-1.334430014599716566e-02
-5.924999999999999822e+00,1.667204739964118909e-17,2.561931165667399434e-03,-1.338441572297249978e-02
-5.919999999999999929e+00,2.005010047740631942e-17,2.543454063841178552e-03,-1.324262673370305184e-02
-5.915000000000000036e+00,4.677952809372975491e-17,1.963228546946052706e-03,-1.292727119924787574e-02
-5.910000000000000142e+00,0.000000000000000000e+00,1.280377317942451090e-03,-1.244958591669722593e-02
-5.905000000000000249e+00,4.467955234484233817e-17,2.042916260344912818e-03,-1.182350715997751607e-02
-5.900000000000000355e+00,3.675349144949667925e-17,4.011465546038451950e-03,-1.106541236958384286e-02
-5.895000000000000462e+00,0.000000000000000000e+00,3.304983322182263993e-03,-1.019380651166460795e-02
-5.889999999999999680e+00,1.403175652339514309e-17,2.248224423662346146e-03,-9.228958392718025414e-03
-5.884999999999999787e+00,1.142112212725471028e-17,3.535938930129137528e-03,-8.192493756745054118e-03
-5.879999999999999893e+00,2.419088857971671473e-17,3.132609457375982748e-03,-7.106953409819709473e-03
-5.875000000000000000e+00,0.000000000000000000e+00,1.578802054584506863e-03,-5.995325857529841540e-03
-5.870000000000000107e+00,4.771378044363771005e-17,3.154045904904813694e-03,-4.880564953010986529e-03
-5.865000000000000213e+00,0.000000000000000000e+00,3.654735638471767745e-03,-3.785103793361771409e-03
-5.860000000000000320e+00,5.638841535718061780e-17,3.769560808948120654e-03,-2.730376534817176293e-03
-5.855000000000000426e+00,0.000000000000000000e+00,2.194928994396434189e-03,-1.736359897043774584e-03
-5.850000000000000533e+00,1.731179264649749327e-17,3.271549607093096612e-03,-8.211458806476538801e-04
-5.844999999999999751e+00,2.476098515878862738e-17,3.591116177207111498e-03,-5.566279792693269929e-07
-5.839999999999999858e+00,5.215743100069019299e-17,2.412306228063499855e-03,7.121885736093856766e-04
-5.834999999999999964e+00,3.422681871208277509e-17,5.858014907443368641e-03,1.306745391529305503e-03
-5.830000000000000071e+00,5.720584529507054264e-17,4.291833628982315990e-03,1.775848420109775536e-03
-5.825000000000000178e+00,3.490367801591205336e-18,4.216571511816384100e-03,2.115441552732607536e-03
-5.820000000000000284e+00,4.630376216177655470e-17,3.852479408423997113e-03,2.324731220694225935e-03
-5.815000000000000391e+00,4.822250306605576153e-17,2.119316771633799820e-03,2.406161025258445486e-03
-5.810000000000000497e+00,0.000000000000000000e+00,4.607354383760080274e-03,2.365308405223291981e-03
-5.804999999999999716e+00,0.000000000000000000e+00,3.573882814228867503e-03,2.210706087288894211e-03
-5.799999999999999822e+00,4.829605241606626507e-17,2.914433161644685612e-03,1.953593094635993916e-03
-5.794999999999999929e+00,4.291269950807535409e-17,3.365964784680048737e-03,1.607601976732101401e-03
-5.790000000000000036e+00,2.400678819936655217e-17,3.621393646892877034e-03,1.188390612518090824e-03
-5.785000000000000142e+00,0.000000000000000000e+00,1.083786762139589063e-03,7.132283787369738531e-04
-5.780000000000000249e+00,6.534316448325200714e-18,4.692239707643286808e-03,2.005476233103677054e-04
-5.775000000000000355e+00,4.843283474454462131e-17,3.015856607674527370e-03,-3.305277912601708849e-04
-5.770000000000000462e+00,3.061324898653606000e-17,1.129377864815847392e-03,-8.606646280626964940e-04
-5.764999999999999680e+00,2.823917756702317956e-17,3.944952835257345761e-03,-1.370800724249584494e-03
-5.759999999999999787e+00,5.716184004852183061e-18,3.641497135708001744e-03,-1.842611593611161169e-03
-5.754999999999999893e+00,0.000000000000000000e+00,1.622352566643346043e-03,-2.258951586549367598e-03
-5.750000000000000000e+00,3.031649005909695611e-17,4.299271657875739470e-03,-2.604258880810288342e-03
-5.745000000000000107e+00,0.000000000000000000e+00,1.596886117682113021e-03,-2.864914726400380474e-03
-5.740000000000000213e+00,3.608302914347723974e-17,3.160938367306720918e-03,-3.029548757938173992e-03
-5.735000000000000320e+00,3.417857114930396991e-17,6.602887341713506442e-04,-3.089283771337376742e-03
-5.730000000000000426e+00,1.878341189033639193e-17,2.635910705278544756e-03,-3.037915089150283916e-03
-5.725000000000000533e+00,0.000000000000000000e+00,3.832947808903182027e-03,-2.872021457630006148e-03
-5.719999999999999751e+00,1.259761446014459132e-17,2.583550376893061461e-03,-2.591006275713175679e-03
-5.714999999999999858e+00,0.000000000000000000e+00,3.216639746246946052e-03,-2.197069799486075278e-03
-5.709999999999999964e+00,3.511779799998320962e-17,2.728223252892874283e-03,-1.695114745650798220e-03
-5.705000000000000071e+00,3.680045142789406319e-17,3.891035545528300638e-03,-1.092589387980537384e-03
-5.700000000000000178e+00,0.000000000000000000e+00,3.204714077814494865e-03,-3.992737601354919962e-04
-5.695000000000000284e+00,2.722590437646284787e-18,3.166733213940165631e-03,3.729840896106632149e-04
-5.690000000000000391e+00,0.000000000000000000e+00,3.989667236771874369e-03,1.210573731457380070e-03
-5.685000000000000497e+00,0.000000000000000000e+00,2.960419844174701654e-03,2.098460941501686418e-03
-5.679999999999999716e+00,4.850778910572131509e-17,4.601865520779290473e-03,3.020549695649656346e-03
-5.674999999999999822e+00,0.000000000000000000e+00,1.526998953791799995e-03,3.960057677541821593e-03
-5.669999999999999929e+00,2.478088590772046966e-19,2.592976499500598744e-03,4.899895337261004312e-03
-5.665000000000000036e+00,3.417857114930396991e-17,2.016714258728262953e-03,5.823038738081127465e-03
-5.660000000000000142e+00,3.217340299607450664e-17,3.660399999799862202e-03,6.712886891325704590e-03
-5.655000000000000249e+00,5.408530447754963953e-18,5.020193679487673644e-03,7.553594988837894660e-03
-5.650000000000000355e+00,1.065174839341589499e-16,3.547123754702426104e-03,8.330375876924344877e-03
-5.645000000000000462e+00,6.450736084922522609e-17,4.818057166832266473e-03,9.029763247197113152e-03
-5.639999999999999680e+00,5.308588746917896825e-17,5.421654427950447358e-03,9.639831315217100433e-03
-5.634999999999999787e+00,2.586229612517791245e-17,2.456071042023663838e-03,1.015036717917183404e-02
-5.629999999999999893e+00,8.280885967339771041e-17,3.434617983387298294e-03,1.055299355564988557e-02
-5.625000000000000000e+00,1.645829053918541487e-17,1.836307095809196210e-03,1.084124113270407835e-02
-5.620000000000000107e+00,2.656741876877043582e-17,4.900227477121254019e-03,1.101057131437382410e-02
-5.615000000000000213e+00,0.000000000000000000e+00,5.462036969619101130e-03,1.105835160805450704e-02
-5.610000000000000320e+00,5.955754919715176293e-17,2.665205818210473684e-03,1.098378727975334382e-02
-5.605000000000000426e+00,2.539127768867210234e-17,3.173834139035233357e-03,1.078781412821516739e-02
-5.600000000000000533e+00,6.624639492960868412e-17,2.338249036277487234e-03,1.047295826741386458e-02
-5.594999999999999751e+00,0.000000000000000000e+00,2.336462432329064996e-03,1.004316962394273538e-02
-5.589999999999999858e+00,5.178097290282842319e-17,4.672715185832244586e-03,9.503636424726749632e-03
-5.584999999999999964e+00,7.051543472480292098e-17,2.578617707670679063e-03,8.860588253088524935e-03
-5.580000000000000071e+00,5.643402562746276398e-17,3.608332658258451339e-03,8.121095278665954945e-03
-5.575000000000000178e+00,2.754008049637515777e-17,3.677648496417991290e-03,7.292871020226523830e-03
-5.570000000000000284e+00,4.251176637603262953e-17,2.778753816991854503e-03,6.384085491416615146e-03
-5.565000000000000391e+00,1.841310361288677834e-17,2.019428270023352831e-03,5.403194829031175359e-03
-5.560000000000000497e+00,0.000000000000000000e+00,2.065011192574268007e-03,4.358792542054233318e-03
-5.554999999999999716e+00,4.011796473158476026e-17,3.941429319349241261e-03,3.259486385932267721e-03
-5.549999999999999822e+00,6.329572585782018572e-17,2.328518216644183837e-03,2.113803605576123137e-03
-5.544999999999999929e+00,4.207892762569826144e-17,2.583983087147171190e-03,9.301259524643369636e-04
-5.540000000000000036e+00,5.469780156941169724e-18,1.547393089765095519e-03,-2.833454811365048831e-04
-5.535000000000000142e+00,8.490534533192757514e-18,3.594002926208498139e-03,-1.518596900861498341e-03
-5.530000000000000249e+00,7.984729597195109603e-17,2.825081334070197406e-03,-2.767782463659807912e-03
-5.525000000000000355e+00,2.958342833577607538e-17,2.046356542544012364e-03,-4.023182610044064890e-03
-5.520000000000000462e+00,4.087959227511753347e-17,4.892118050236420913e-03,-5.277144689671438987e-03
-5.514999999999999680e+00,2.711695807988179200e-18,3.352437109090851582e-03,-6.522011238277804906e-03
-5.509999999999999787e+00,7.232327334595091659e-17,3.652769716405074307e-03,-7.750041774477787505e-03
-5.504999999999999893e+00,6.435411232879207515e-17,3.674162373675920849e-03,-8.953334246274147201e-03
-5.500000000000000000e+00,7.237837323472497001e-17,3.873749629820153612e-03,-1.012375226304378963e-02
-5.495000000000000107e+00,0.000000000000000000e+00,3.424699706187184917e-03,-1.125286400373057619e-02
-5.490000000000000213e+00,1.103746045060614930e-17,2.595094965173034857e-03,-1.233189820991635773e-02
-5.485000000000000320e+00,0.000000000000000000e+00,2.565253158163450196e-03,-1.335172197634438250e-02
-5.480000000000000426e+00,2.771908481468782069e-17,4.699859701074792645e-03,-1.430284417200850498e-02
-5.475000000000000533e+00,1.709671615876268295e-17,2.393026800769451970e-03,-1.517544729888130849e-02
-5.469999999999999751e+00,2.880264882542374769e-17,3.462949397253477831e-03,-1.595944946399997441e-02
-5.464999999999999858e+00,1.690406931219335239e-17,4.693522109562528639e-03,-1.664459694797734354e-02
-5.459999999999999964e+00,5.941045049713075586e-17,3.769249055492876477e-03,-1.722058664384314500e-02
-5.455000000000000071e+00,1.431832332675924152e-17,1.811005268665712804e-03,-1.767721645854385820e-02
-5.450000000000000178e+00,3.923307314036265307e-17,2.971606245027146043e-03,-1.800456065695241192e-02
-5.445000000000000284e+00,0.000000000000000000e+00,1.684842862416262516e-03,-1.819316612272146513e-02
-5.440000000000000391e+00,0.000000000000000000e+00,4.049281144147728537e-03,-1.823426464435193989e-02
-5.435000000000000497e+00,0.000000000000000000e+00,4.304776028083459778e-03,-1.811999563529174961e-02
-5.429999999999999716e+00,4.112464641491330596e-17,3.419016345312187247e-03,-1.784363318360330034e-02
-5.424999999999999822e+00,3.290979087610941034e-17,3.169610334687725673e-03,-1.739981101274503186e-02
-5.419999999999999929e+00,0.000000000000000000e+00,2.698635008193564326e-03,-1.678473882565821931e-02
-5.415000000000000036e+00,0.000000000000000000e+00,3.466328114328531742e-03,-1.599640359803145354e-02
-5.410000000000000142e+00,1.216195886679496174e-17,2.504334906306817776e-03,-1.503474967451542792e-02
-5.405000000000000249e+00,3.967212383484299389e-17,2.157536377245041458e-03,-1.390183198884860881e-02
-5.400000000000000355e+00,0.000000000000000000e+00,4.137072628096277564e-03,-1.260193735474205746e-02
-5.395000000000000462e+00,0.000000000000000000e+00,1.011727641233165984e-03,-1.114166953380432527e-02
-5.389999999999999680e+00,0.000000000000000000e+00,2.125119403244372322e-03,-9.529994651541025957e-03
-5.384999999999999787e+00,0.000000000000000000e+00,3.760679963699515432e-03,-7.778244471895082168e-03
-5.379999999999999893e+00,1.217695110316687947e-17,3.140920392410886074e-03,-5.900076023993543022e-03
-5.375000000000000000e+00,1.658219496872401820e-17,4.661754462510308422e-03,-3.911387071119830187e-03
-5.370000000000000107e+00,2.680292798702334550e-17,3.564147151220161541e-03,-1.830187893029700365e-03
-5.365000000000000213e+00,0.000000000000000000e+00,2.792478470507766142e-03,3.235692071658432959e-04
-5.360000000000000320e+00,0.000000000000000000e+00,4.274057622650827976e-03,2.528200382849952674e-03
-5.355000000000000426e+00,0.000000000000000000e+00,2.135343952247343961e-03,4.760537624415909184e-03
-5.350000000000000533e+00,3.103393319619554389e-19,3.412193529939857618e-03,6.996209249913148964e-03
-5.344999999999999751e+00,3.516815307951130326e-17,4.294600717245048924e-03,9.209949111743491457e-03
-5.339999999999999858e+00,0.000000000000000000e+00,3.973642028810170715e-03,1.137592962682600767e-02
-5.334999999999999964e+00,0.000000000000000000e+00,4.471337721883684481e-03,1.346811334421217643e-02
-5.330000000000000071e+00,1.234980560106738619e-17,3.977834747507512023e-03,1.546061747322923820e-02
-5.325000000000000178e+00,1.818989403545817490e-17,3.162264410466381504e-03,1.732808560196350683e-02
-5.320000000000000284e+00,7.597447728543040682e-18,3.356643385788488261e-03,1.904606073431693372e-02
-5.315000000000000391e+00,4.454193933919042119e-18,3.603994655806950533e-03,2.059135375756454556e-02
-5.310000000000000497e+00,6.707170946225708204e-18,4.147672682390217934e-03,2.194240151508572781e-02
-5.304999999999999716e+00,0.000000000000000000e+00,2.583613908407657485e-03,2.307960879541194610e-02
-5.299999999999999822e+00,1.824024911498627162e-17,1.495350517369485686e-03,2.398566875437865148e-02
-5.294999999999999929e+00,0.000000000000000000e+00,5.992498150772821060e-03,2.464585655878417242e-02
-5.290000000000000036e+00,0.000000000000000000e+00,4.506913013933714837e-03,2.504829137512674941e-02
-5.285000000000000142e+00,0.000000000000000000e+00,3.828184364299785317e-03,2.518416222398755372e-02
-5.280000000000000249e+00,0.000000000000000000e+00,5.034768809320139780e-03,2.504791367811249128e-02
-5.275000000000000355e+00,7.677773639449223789e-19,3.549331023060469520e-03,2.463738789859069855e-02
-5.270000000000000462e+00,3.389657642535012670e-18,4.089967277675956789e-03,2.395392007657976691e-02
-5.264999999999999680e+00,0.000000000000000000e+00,4.024390868247666557e-03,2.300238497463542170e-02
-5.259999999999999787e+00,1.170452765549487603e-17,5.366380921607313489e-03,2.179119293738101051e-02
-5.254999999999999893e+00,0.000000000000000000e+00,2.953928598002366138e-03,2.033223445999923773e-02
-5.250000000000000000e+00,4.165351945947458826e-17,2.759573377636711372e-03,1.864077315735988144e-02
-5.245000000000000107e+00,3.485190181334005403e-19,3.626336719070213065e-03,1.673528775724095197e-02
-5.240000000000000213e+00,3.306367977839183681e-17,4.089436575321250822e-03,1.463726453756257657e-02
-5.235000000000000320e+00,2.722359134400105889e-17,4.068705121436371093e-03,1.237094242784797342e-02
-5.230000000000000426e+00,4.588450381596503773e-17,4.811698890717026715e-03,9.963013786335562366e-03
-5.225000000000000533e+00,0.000000000000000000e+00,4.246094272897731926e-03,7.442284632594511895e-03
-5.219999999999999751e+00,0.000000000000000000e+00,4.003657587231505485e-03,4.839298846780634017e-03
-5.214999999999999858e+00,1.296792273759420799e-17,4.657878604773425628e-03,2.185931526553375019e-03
-5.209999999999999964e+00,2.875914607189089613e-17,1.126486138321028136e-03,-4.850426934778475567e-04
-5.205000000000000071e+00,1.771887559895236479e-17,3.577030911552576617e-03,-3.140400020850886344e-03
-5.200000000000000178e+00,2.341186533332213564e-17,3.530848181084538483e-03,-5.746929803268900627e-03
-5.195000000000000284e+00,6.479041512467383349e-17,5.122625411453984173e-03,-8.271901630720827903e-03
-5.190000000000000391e+00,8.663389031093265775e-18,3.058333468301513772e-03,-1.068352990837241612e-02
-5.185000000000000497e+00,0.000000000000000000e+00,3.952638294786098815e-03,-1.295142847423681048e-02
-5.179999999999999716e+00,0.000000000000000000e+00,2.463720712713151056e-03,-1.504704787619879844e-02
-5.174999999999999822e+00,0.000000000000000000e+00,5.105149196348751292e-03,-1.694408810148848032e-02
-5.169999999999999929e+00,6.563174183862926028e-17,3.021810976812435399e-03,-1.861887987026743935e-02
-5.165000000000000036e+00,1.677964874827312199e-17,2.290628988438103350e-03,-2.005072806247078926e-02
-5.160000000000000142e+00,6.444470612887283238e-17,3.835346025509159349e-03,-2.122221143893516723e-02
-5.155000000000000249e+00,1.044394259572792765e-17,3.121030973946089908e-03,-2.211943353609754914e-02
-5.150000000000000355e+00,5.647554511171397861e-17,1.898355755975791306e-03,-2.273222044635523145e-02
-5.145000000000000462e+00,0.000000000000000000e+00,3.040019234980888621e-03,-2.305426212816252818e-02
-5.139999999999999680e+00,1.434844568833647470e-18,3.630463489041861266e-03,-2.308319490231372853e-02
-5.134999999999999787e+00,2.028362423711868158e-18,4.726825004179551273e-03,-2.282062386157262396e-02
-5.129999999999999893e+00,1.831239345383058182e-17,2.058204810440956642e-03,-2.227208502547814439e-02
-5.125000000000000000e+00,4.375543123319697729e-17,3.357648566772152184e-03,-2.144694818412202705e-02
-5.120000000000000107e+00,0.000000000000000000e+00,2.604870330297290835e-03,-2.035826246654979382e-02
-5.115000000000000213e+00,0.000000000000000000e+00,5.304176724127509547e-03,-1.902254771308581338e-02
-5.110000000000000320e+00,0.000000000000000000e+00,2.909556780835961202e-03,-1.745953569949260098e-02
-5.105000000000000426e+00,0.000000000000000000e+00,2.873343929049882589e-03,-1.569186612901468311e-02
-5.100000000000000533e+00,8.413267139554267813e-19,2.024992145395931170e-03,-1.374474305366069765e-02
-5.094999999999999751e+00,6.667448887069707393e-17,3.073479267792762846e-03,-1.164555799005116341e-02
-5.089999999999999858e+00,6.132720813212831960e-17,3.412818450479337181e-03,-9.423486443757754516e-03
-5.084999999999999964e+00,2.257053861936670886e-17,4.995317944740762170e-03,-7.109064840919986430e-03
-5.080000000000000071e+00,0.000000000000000000e+00,4.248756629116276669e-03,-4.733754984314121270e-03
-5.075000000000000178e+00,1.087444566536508110e-16,3.289869831819684266e-03,-2.329503106191320623e-03
-5.070000000000000284e+00,0.000000000000000000e+00,4.856752578555863578e-03,7.169960850396635071e-05
-5.065000000000000391e+00,2.692658392162665499e-17,3.387907738567254561e-03,2.438248493012303356e-03
-5.060000000000000497e+00,1.311733447007702330e-17,4.222992525072659029e-03,4.739342786268980166e-03
-5.054999999999999716e+00,0.000000000000000000e+00,4.720621078182615261e-03,6.945383414567626174e-03
-5.049999999999999822e+00,4.217299097447171717e-17,3.665991143232174340e-03,9.028346271433115161e-03
-5.044999999999999929e+00,0.000000000000000000e+00,3.933921321027239459e-03,1.096212677128401841e-02
-5.040000000000000036e+00,1.539813181778967648e-17,3.836409746403379468e-03,1.272285214279829726e-02
-5.035000000000000142e+00,3.064453887063477871e-17,3.791848984102817906e-03,1.428915861272561649e-02
-5.030000000000000249e+00,0.000000000000000000e+00,3.200101080723999000e-03,1.564243128855523357e-02
-5.025000000000000355e+00,0.000000000000000000e+00,3.886079182757717996e-03,1.676700516174479266e-02
-5.020000000000000462e+00,6.911114005840735481e-17,3.978644507290186351e-03,1.765032620908376509e-02
-5.014999999999999680e+00,0.000000000000000000e+00,2.992867983378560623e-03,1.828307206066873830e-02
-5.009999999999999787e+00,1.056447606719913515e-17,2.611208973838629373e-03,1.865923212628521274e-02
-5.004999999999999893e+00,0.000000000000000000e+00,5.134187610451658966e-03,1.877614742985435695e-02
-5.000000000000000000e+00,1.016034383267975704e-16,2.470171849402015909e-03,1.863451070065962056e-02
-4.995000000000000107e+00,1.573478586499417014e-17,5.741488101090231125e-03,1.823832752008142447e-02
-4.990000000000000213e+00,2.928525687565339961e-17,3.859931887515056278e-03,1.759483953600132072e-02
-4.985000000000000320e+00,6.112046862186226809e-18,4.139186206605049469e-03,1.671441094766863700e-02
-4.980000000000000426e+00,1.766494834336245448e-17,3.531353115083145366e-03,1.561037964566644627e-02
-4.975000000000000533e+00,3.016401577260288668e-17,5.444441207162983333e-03,1.429887457815654656e-02
-4.969999999999999751e+00,9.139936747627486692e-17,3.384103226407791671e-03,1.279860111749047714e-02
-4.964999999999999858e+00,0.000000000000000000e+00,3.584521341417987866e-03,1.113059642979301496e-02
-4.959999999999999964e+00,0.000000000000000000e+00,2.786859243191470471e-03,9.317957110596216189e-03
-4.955000000000000071e+00,0.000000000000000000e+00,4.103127703687139624e-03,7.385541644403527742e-03
-4.950000000000000178e+00,7.256732251706734118e-17,3.672772204176915755e-03,5.359650574168169264e-03
-4.945000000000000284e+00,0.000000000000000000e+00,3.065709581605484488e-03,3.267687622717702946e-03
-4.940000000000000391e+00,0.000000000000000000e+00,4.926204757765022604e-03,1.137805383065095682e-03
-4.935000000000000497e+00,0.000000000000000000e+00,2.465794749652018732e-03,-1.001460424385972135e-03
-4.929999999999999716e+00,5.575099540302372352e-17,5.220174545035461376e-03,-3.121563758400796966e-03
-4.924999999999999822e+00,0.000000000000000000e+00,4.694481985610484201e-03,-5.194323414648936536e-03
-4.919999999999999929e+00,5.703788026445321662e-17,4.090640603686743378e-03,-7.192295526675709580e-03
-4.915000000000000036e+00,6.863307658809101442e-18,3.906733522754409112e-03,-9.089138175321873417e-03
-4.910000000000000142e+00,8.795920178749644763e-18,3.568947066025268417e-03,-1.085996273312102994e-02
-4.905000000000000249e+00,0.000000000000000000e+00,3.713404916604023595e-03,-1.248166653779632547e-02
-4.900000000000000355e+00,9.998598808066577058e-18,3.496483369113228146e-03,-1.393324157753089536e-02
-4.895000000000000462e+00,0.000000000000000000e+00,3.295852297743878754e-03,-1.519605409079870413e-02
-4.889999999999999680e+00,3.194429328020823985e-17,4.979754194998622582e-03,-1.625409034040944597e-02
-4.884999999999999787e+00,0.000000000000000000e+00,2.446667454000348626e-03,-1.709416431421399013e-02
-4.879999999999999893e+00,5.362284195272070529e-17,3.960561071700829765e-03,-1.770608372647510323e-02
-4.875000000000000000e+00,1.799073592319003294e-17,1.638986463198053960e-03,-1.808277143057852518e-02
-4.870000000000000107e+00,1.690493717724348274e-17,2.040447638052947203e-03,-1.822034018601975322e-02
-4.865000000000000213e+00,0.000000000000000000e+00,4.336788533048846657e-03,-1.811811962577108970e-02
-4.860000000000000320e+00,7.119179869659281086e-17,2.296603068925119878e-03,-1.777863521568074159e-02
-4.855000000000000426e+00,5.624447674137153348e-17,3.817278418630256232e-03,-1.720753995452541096e-02
-4.850000000000000533e+00,9.465737765761541733e-17,5.619546453317374526e-03,-1.641350050004920791e-02
-4.844999999999999751e+00,0.000000000000000000e+00,3.958969183344440874e-03,-1.540804029208232145e-02
-4.839999999999999858e+00,3.048791379327836678e-17,3.396956141389460924e-03,-1.420534305057511403e-02
-4.834999999999999964e+00,0.000000000000000000e+00,3.596642413349111170e-03,-1.282202073006038535e-02
-4.830000000000000071e+00,1.910043623407783188e-17,6.243049727591404308e-03,-1.127685059368262188e-02
-4.825000000000000178e+00,3.621793683606635704e-17,2.810102631704997425e-03,-9.590486516696595728e-03
-4.820000000000000284e+00,2.968182553142734114e-17,4.014669604314501442e-03,-7.785149934158651364e-03
-4.815000000000000391e+00,1.537834726087050607e-17,4.275561220515150182e-03,-5.884306010032768625e-03
-4.810000000000000497e+00,3.982561801070634224e-17,3.288543524845012611e-03,-3.912330629827744100e-03
-4.804999999999999716e+00,1.628985510810791154e-17,4.154100584354656657e-03,-1.894173716146311387e-03
-4.799999999999999822e+00,0.000000000000000000e+00,4.743144200917031629e-03,1.449758501258910837e-04
-4.794999999999999929e+00,1.661002524712993049e-17,3.781741488728980818e-03,2.180018734567058369e-03
-4.790000000000000036e+00,3.986345442471221725e-18,4.163539502076069911e-03,4.186262505259462363e-03
-4.785000000000000142e+00,0.000000000000000000e+00,4.983881994692761219e-03,6.139723720502968628e-03
-4.780000000000000249e+00,1.818002160670115487e-17,3.521600656294040978e-03,8.017411126829040655e-03
-4.775000000000000355e+00,1.811615511919027487e-18,4.532388289749667877e-03,9.797586870814211160e-03
-4.770000000000000462e+00,5.705026746878261419e-18,3.734711751581058607e-03,1.146000316492938424e-02
-4.764999999999999680e+00,0.000000000000000000e+00,4.041545196764859300e-03,1.298611238346690684e-02
-4.759999999999999787e+00,0.000000000000000000e+00,4.101738694724032380e-03,1.435924908911533245e-02
-4.754999999999999893e+00,8.272680794338978403e-18,4.754072371172821457e-03,1.556478299542953143e-02
-4.750000000000000000e+00,6.097752865882543670e-17,5.014042483566169550e-03,1.659024234882183410e-02
-4.745000000000000107e+00,6.517271255907218406e-17,2.882082311553241325e-03,1.742540766063618851e-02
-4.740000000000000213e+00,7.822120559962518886e-17,5.166632979585426659e-03,1.806237613130772662e-02
-4.735000000000000320e+00,3.370157036109962360e-17,4.086029506278686212e-03,1.849559748147264204e-02
-4.730000000000000426e+00,8.011729409236439031e-17,4.378710173369086515e-03,1.872188223635801868e-02
-4.725000000000000533e+00,3.448695412722348629e-17,3.714327903095687115e-03,1.874038379744610849e-02
-4.719999999999999751e+00,4.993023988332635511e-17,4.742770651587568075e-03,1.855255587734282868e-02
-4.714999999999999858e+00,4.035754161774644044e-17,5.086430031601675561e-03,1.816208706807036569e-02
-4.709999999999999964e+00,2.462932509125948524e-17,4.585318196618680224e-03,1.757481445879593637e-02
-4.705000000000000071e+00,5.009537218641255332e-17,3.816070553396082397e-03,1.679861831590615320e-02
-4.700000000000000178e+00,6.264630397912015565e-17,5.087954617320778264e-03,1.584329988741850145e-02
-4.695000000000000284e+00,6.502036900788663155e-17,3.323847161010706069e-03,1.472044439737749989e-02
-4.690000000000000391e+00,4.890409800208000689e-17,6.128532422795592710e-03,1.344327125819259026e-02
-4.685000000000000497e+00,0.000000000000000000e+00,2.162560897904419223e-03,1.202647345561848498e-02
-4.679999999999999716e+00,4.604271969475264571e-18,3.963457475048740020e-03,1.048604795975477573e-02
-4.674999999999999822e+00,2.353078597134614246e-17,3.811844361167228933e-03,8.839118894609761246e-03
-4.669999999999999929e+00,5.846414064675105106e-17,3.165301886796549526e-03,7.103755068204794902e-03
-4.665000000000000036e+00,6.553512651533928527e-17,4.270057108924304318e-03,5.298783334562162314e-03
-4.660000000000000142e+00,5.322278136150304565e-17,3.478029320761535492e-03,3.443599137577556431e-03
-4.655000000000000249e+00,1.174895105972732816e-17,5.478000037059719239e-03,1.557975482888615450e-03
-4.650000000000000355e+00,4.830390427923332450e-17,5.532541639120351455e-03,-3.381284964931941450e-04
-4.645000000000000462e+00,2.580462897759131696e-17,3.429227951988078615e-03,-2.224758268060462573e-03
-4.639999999999999680e+00,3.509179347567891222e-17,4.600456152360828110e-03,-4.082152833271248359e-03
-4.634999999999999787e+00,0.000000000000000000e+00,4.459887821124613669e-03,-5.890930777307432781e-03
-4.629999999999999893e+00,0.000000000000000000e+00,4.682640559621056159e-03,-7.632272323028719933e-03
-4.625000000000000000e+00,4.192468131917483716e-18,5.603703557574890581e-03,-9.288096239668709383e-03
-4.620000000000000107e+00,1.148533814350920762e-17,2.105492169118388605e-03,-1.084123041359309932e-02
-4.615000000000000213e+00,1.094271085781208696e-17,6.040372915103073628e-03,-1.227557484838943426e-02
-4.610000000000000320e+00,0.000000000000000000e+00,1.903724615743523745e-03,-1.357625583374631739e-02
-4.605000000000000426e+00,0.000000000000000000e+00,4.547056777844791890e-03,-1.472977001455528720e-02
-4.600000000000000533e+00,2.481165735831035109e-17,3.726240514487658660e-03,-1.572411710915612784e-02
-4.594999999999999751e+00,0.000000000000000000e+00,3.853609862633230933e-03,-1.654892007150522704e-02
-4.589999999999999858e+00,3.093719724844779053e-17,3.894680726281632248e-03,-1.719553156620234891e-02
-4.584999999999999964e+00,2.338823579250919889e-17,4.713068103725758830e-03,-1.765712572469908467e-02
-4.580000000000000071e+00,0.000000000000000000e+00,4.277982493697938052e-03,-1.792877426967631402e-02
-4.575000000000000178e+00,1.336694643860851835e-17,2.105309393672854384e-03,-1.800750622467914286e-02
-4.570000000000000284e+00,3.881082955015018983e-17,4.377011298171685355e-03,-1.789235055846773170e-02
-4.565000000000000391e+00,0.000000000000000000e+00,4.804839709280248235e-03,-1.758436123880672067e-02
-4.560000000000000497e+00,1.807875608476392660e-17,2.821021573947395632e-03,-1.708662428038506750e-02
-4.554999999999999716e+00,0.000000000000000000e+00,6.556455139232567411e-03,-1.640424645975930781e-02
-4.549999999999999822e+00,2.088870743044379265e-17,4.799095651432218682e-03,-1.554432543352084889e-02
-4.544999999999999929e+00,3.665327300931567209e-17,2.780068133149445585e-03,-1.451590103451895659e-02
-4.540000000000000036e+00,0.000000000000000000e+00,4.242506234424798205e-03,-1.332988753943165246e-02
-4.535000000000000142e+00,0.000000000000000000e+00,4.053910237087386161e-03,-1.199898670767059368e-02
-4.530000000000000249e+00,0.000000000000000000e+00,4.764890955785105499e-03,-1.053758139861061399e-02
-4.525000000000000355e+00,0.000000000000000000e+00,5.794997059330462066e-03,-8.961609596389620569e-03
-4.520000000000000462e+00,0.000000000000000000e+00,3.801722688486491777e-03,-7.288418725742026004e-03
-4.514999999999999680e+00,1.924479094602281889e-17,4.092319810493348295e-03,-5.536600245481501474e-03
-4.509999999999999787e+00,0.000000000000000000e+00,5.107495295728866833e-03,-3.725804674225623343e-03
-4.504999999999999893e+00,7.002583698086407210e-17,3.782651507284823245e-03,-1.876537448829715968e-03
-4.500000000000000000e+00,2.113531571978864719e-17,2.556120766767343028e-03,-9.936348347240553326e-06
-4.495000000000000107e+00,0.000000000000000000e+00,4.690877190965822563e-03,1.852468361609420269e-03
-4.490000000000000213e+00,0.000000000000000000e+00,5.070263993412166097e-03,3.689009401429136064e-03
-4.485000000000000320e+00,0.000000000000000000e+00,5.220916575068613313e-03,5.478151321555367950e-03
-4.480000000000000426e+00,3.934001272890849537e-17,4.040679037932032661e-03,7.198769833728573854e-03
-4.475000000000000533e+00,6.363280273073101612e-17,3.177451012101296067e-03,8.830438075539705917e-03
-4.469999999999999751e+00,0.000000000000000000e+00,4.744556484147818658e-03,1.035371558618594125e-02
-4.464999999999999858e+00,4.685585253127909882e-17,4.162548066519228783e-03,1.175043514086350147e-02
-4.459999999999999964e+00,0.000000000000000000e+00,3.891178199446589363e-03,1.300398203788702411e-02
-4.455000000000000071e+00,0.000000000000000000e+00,4.015430732573279336e-03,1.409955999631844897e-02
-4.450000000000000178e+00,3.838929174548783438e-17,3.448130704364091130e-03,1.502443754036363044e-02
-4.445000000000000284e+00,0.000000000000000000e+00,4.519690012531149548e-03,1.576816865346391747e-02
-4.440000000000000391e+00,0.000000000000000000e+00,6.385945499962419197e-03,1.632278160615034321e-02
-4.435000000000000497e+00,5.144033347429780727e-18,5.064349876589041045e-03,1.668293021457610895e-02
-4.429999999999999716e+00,0.000000000000000000e+00,5.877953722037781124e-03,1.684600237753232019e-02
-4.424999999999999822e+00,0.000000000000000000e+00,6.587543534165735473e-03,1.681218156318641660e-02
-4.419999999999999929e+00,0.000000000000000000e+00,3.620089932585778079e-03,1.658445795481324619e-02
-4.415000000000000036e+00,1.269623295385685820e-17,5.648978525419086523e-03,1.616858718770724374e-02
-4.410000000000000142e+00,1.535993554568870802e-17,6.098182293159675957e-03,1.557299597643934351e-02
-4.405000000000000249e+00,0.000000000000000000e+00,5.080053583127900306e-03,1.480863539317011160e-02
-4.400000000000000355e+00,0.000000000000000000e+00,5.919933738492502012e-03,1.388878405744335166e-02
-4.395000000000000462e+00,3.702815831729742404e-17,5.024678650124222989e-03,1.282880497583998615e-02
-4.389999999999999680e+00,2.364627012714915489e-17,4.585795886950272925e-03,1.164586116559256090e-02
-4.384999999999999787e+00,2.632856895464347618e-17,3.899216788221908803e-03,1.035859645172340290e-02
-4.379999999999999893e+00,0.000000000000000000e+00,3.645749562574612107e-03,8.986788890243509881e-03
-4.375000000000000000e+00,0.000000000000000000e+00,5.653549416379809872e-03,7.550985096686418929e-03
-4.370000000000000107e+00,0.000000000000000000e+00,4.129489483738282146e-03,6.072124316152000337e-03
-4.365000000000000213e+00,0.000000000000000000e+00,4.663801737496065490e-03,4.571161337225421867e-03
-4.360000000000000320e+00,0.000000000000000000e+00,2.083059431695669182e-03,3.068697319047348875e-03
-4.355000000000000426e+00,3.972526011845340938e-17,4.716200273859477883e-03,1.584627273446355313e-03
-4.350000000000000533e+00,0.000000000000000000e+00,6.295883455613792735e-03,1.378123393965733333e-04
-4.344999999999999751e+00,1.750895724702142558e-17,4.581000928152658899e-03,-1.254215866451554532e-03
-4.339999999999999858e+00,3.161915174132378008e-17,2.821699828150617088e-03,-2.575512604375407646e-03
-4.334999999999999964e+00,0.000000000000000000e+00,3.419499632605344300e-03,-3.811934084161137590e-03
-4.330000000000000071e+00,0.000000000000000000e+00,4.241413792585124569e-03,-4.951304617664059778e-03
-4.325000000000000178e+00,0.000000000000000000e+00,3.954922466834705046e-03,-5.983534628591525607e-03
-4.320000000000000284e+00,0.000000000000000000e+00,4.285907835352071628e-03,-6.900688727085161484e-03
-4.315000000000000391e+00,3.654558137592703514e-17,4.317810675755921757e-03,-7.697004453457452489e-03
-4.310000000000000497e+00,0.000000000000000000e+00,5.771125651931833384e-03,-8.368863614529216399e-03
-4.304999999999999716e+00,0.000000000000000000e+00,6.558111157658705684e-03,-8.914719338876065866e-03
-4.299999999999999822e+00,6.491992129061309084e-17,4.805983937769131228e-03,-9.334983032216057769e-03
-4.294999999999999929e+00,0.000000000000000000e+00,4.771289954464636406e-03,-9.631876296686259914e-03
-4.290000000000000036e+00,0.000000000000000000e+00,4.145807910520433841e-03,-9.809253570707053213e-03
-4.285000000000000142e+00,0.000000000000000000e+00,4.834757555000629078e-03,-9.872401739534443499e-03
-4.280000000000000249e+00,0.000000000000000000e+00,4.445335574296804468e-03,-9.827823257079960906e-03
-4.275000000000000355e+00,9.521272659185137893e-18,2.735630061675298295e-03,-9.683009409761824532e-03
-4.270000000000000462e+00,2.396897495297352776e-17,4.736056326103313396e-03,-9.446210250947233503e-03
-4.264999999999999680e+00,3.315866100213728997e-19,6.155141995802642860e-03,-9.126207452362193606e-03
-4.259999999999999787e+00,0.000000000000000000e+00,3.736107591355152142e-03,-8.732095872979737591e-03
-4.254999999999999893e+00,0.000000000000000000e+00,5.577641246978240312e-03,-8.273079056088273806e-03
-4.250000000000000000e+00,2.719010202175258105e-17,3.259827200825288554e-03,-7.758283153636956822e-03
-4.245000000000000107e+00,0.000000000000000000e+00,6.332248201582573073e-03,-7.196592968625304017e-03
-4.240000000000000213e+00,0.000000000000000000e+00,5.935705715427765095e-03,-6.596512927530643125e-03
-4.235000000000000320e+00,2.027415272702108955e-17,5.319392660676532623e-03,-5.966054873884767649e-03
-4.230000000000000426e+00,1.601089631246057894e-17,5.029842637024715610e-03,-5.312653639771993709e-03
-4.224999999999999645e+00,4.803268893738173375e-17,3.531024714160365188e-03,-4.643110433391912407e-03
-4.219999999999999751e+00,9.180212146020296613e-17,5.595686753194833649e-03,-3.963563206220262029e-03
-4.214999999999999858e+00,5.125381600616078703e-17,5.411129168681753226e-03,-3.279482359429314233e-03
-4.209999999999999964e+00,0.000000000000000000e+00,5.229923375499050293e-03,-2.595689440316573983e-03
-4.205000000000000071e+00,0.000000000000000000e+00,4.795026092022221416e-03,-1.916395885950045088e-03
-4.200000000000000178e+00,0.000000000000000000e+00,4.237539120184790307e-03,-1.245258408944536609e-03
-4.195000000000000284e+00,0.000000000000000000e+00,5.024651579567099811e-03,-5.854472998491102838e-04
-4.190000000000000391e+00,0.000000000000000000e+00,4.129509042903147138e-03,6.027625356587762190e-05
-4.185000000000000497e+00,9.473903143467798784e-19,4.184088156426527851e-03,6.894777592556173337e-04
-4.179999999999999716e+00,5.324333566628902346e-17,5.158761879513565698e-03,1.299965747524871795e-03
-4.174999999999999822e+00,9.473903143467798784e-19,4.915320481944022817e-03,1.889710421112038427e-03
-4.169999999999999929e+00,1.098972764642264566e-17,3.942999578701541531e-03,2.456767880487381248e-03
-4.165000000000000036e+00,0.000000000000000000e+00,2.262480587225845080e-03,2.999212752898589626e-03
-4.160000000000000142e+00,0.000000000000000000e+00,4.020004252474851554e-03,3.515081568259960983e-03
-4.155000000000000249e+00,0.000000000000000000e+00,6.563729516530707013e-03,4.002328701009391469e-03
-4.150000000000000355e+00,5.419072598063579949e-17,4.923214645228077106e-03,4.458796157064085809e-03
-4.145000000000000462e+00,0.000000000000000000e+00,7.142352699781561939e-03,4.882197949406637955e-03
-4.139999999999999680e+00,4.812742796881641197e-17,5.566075566507910216e-03,5.270119291741987531e-03
-4.134999999999999787e+00,0.000000000000000000e+00,4.019395592657099871e-03,5.620030360237626872e-03
-4.129999999999999893e+00,7.579122514774239027e-18,4.196537744765066642e-03,5.929313937630986166e-03
-4.125000000000000000e+00,0.000000000000000000e+00,5.593934092436742347e-03,6.195305867072340052e-03
-4.120000000000000107e+00,0.000000000000000000e+00,5.356948315290610725e-03,6.415346906506499795e-03
-4.115000000000000213e+00,0.000000000000000000e+00,5.501646511675258380e-03,6.586844287323240406e-03
-4.110000000000000320e+00,0.000000000000000000e+00,6.264243893591911472e-03,6.707341040795382174e-03
-4.105000000000000426e+00,5.305385760341966394e-18,4.610050006719842650e-03,6.774590959578992259e-03
-4.099999999999999645e+00,4.471682283716800225e-17,2.042709726535703752e-03,6.786636906710784983e-03
-4.094999999999999751e+00,1.667406953250332648e-17,3.085166957738952678e-03,6.741890070018881700e-03
-4.089999999999999858e+00,2.652692880170983351e-17,5.778414675175654047e-03,6.639207686399143521e-03
-4.084999999999999964e+00,0.000000000000000000e+00,5.681099701030389339e-03,6.477966730746890014e-03
-4.080000000000000071e+00,0.000000000000000000e+00,6.257230686574755292e-03,6.258131083143604959e-03
-4.075000000000000178e+00,1.212659602363878121e-17,5.287246863640415045e-03,5.980309761042474324e-03
-4.070000000000000284e+00,3.334813906500665295e-17,3.656953127769239312e-03,5.645803937144588079e-03
-4.065000000000000391e+00,4.244308608273573116e-17,5.362921689392907872e-03,5.256640664240660663e-03
-4.060000000000000497e+00,5.760133111228420921e-17,5.189487705477321099e-03,4.815591499688561504e-03
-4.054999999999999716e+00,1.667406953250332648e-17,4.843723025245287930e-03,4.326174565998801118e-03
-4.049999999999999822e+00,4.547473508864543416e-17,5.253028706767670294e-03,3.792638998046476279e-03
-4.044999999999999929e+00,0.000000000000000000e+00,6.012133930271837227e-03,3.219931205319377480e-03
-4.040000000000000036e+00,1.667406953250332648e-17,5.540573672582423809e-03,2.613642908558972636e-03
-4.035000000000000142e+00,0.000000000000000000e+00,5.588280578752147058e-03,1.979941478544922692e-03
-4.030000000000000249e+00,1.515824502954847805e-17,5.566775819303366839e-03,1.325483691244817375e-03
-4.025000000000000355e+00,9.094947017729087449e-18,4.355961245213957854e-03,6.573145954094717150e-04
-4.020000000000000462e+00,4.850638409455512484e-17,5.412690893006781752e-03,-1.724625897291076729e-05
-4.014999999999999680e+00,1.818989403545817490e-17,4.859554482286480154e-03,-6.907284854420083593e-04
-4.009999999999999787e+00,2.728484105318725926e-17,5.398982168126154578e-03,-1.355641255229679933e-03
-4.004999999999999893e+00,0.000000000000000000e+00,5.238334361811767051e-03,-2.004606941038005689e-03
-4.000000000000000000e+00,0.000000000000000000e+00,3.502045492617882755e-03,-2.630494334908102267e-03
-3.995000000000000107e+00,0.000000000000000000e+00,5.029654039503918955e-03,-3.226547702679793007e-03
-3.990000000000000213e+00,3.637978807091634979e-17,5.118060639173196806e-03,-3.786508016296863659e-03
-3.984999999999999876e+00,0.000000000000000000e+00,6.048055479353178776e-03,-4.304722925133916064e-03
-3.979999999999999982e+00,2.728484105318725926e-17,3.848747288005506181e-03,-4.776242381761619700e-03
-3.975000000000000089e+00,2.425319204727756242e-17,5.970239780300663941e-03,-5.196897312405392155e-03
-3.970000000000000195e+00,3.941143707682604048e-17,3.946678327091823583e-03,-5.563359297611389018e-03
-3.965000000000000302e+00,1.212659602363878121e-17,3.519734330166489691e-03,-5.873179878949784556e-03
-3.959999999999999964e+00,6.063298011819390605e-18,5.852891433494869164e-03,-6.124808803283358048e-03
-3.955000000000000071e+00,0.000000000000000000e+00,4.653607644082489309e-03,-6.317591225534935351e-03
-3.950000000000000178e+00,0.000000000000000000e+00,4.785291663895682029e-03,-6.451744581388931497e-03
-3.945000000000000284e+00,0.000000000000000000e+00,4.043733530174122362e-03,-6.528316482105172777e-03
-3.939999999999999947e+00,2.425319204727756242e-17,4.772989863092685914e-03,-6.549125546547226139e-03
-3.935000000000000053e+00,0.000000000000000000e+00,5.614017536729523465e-03,-6.516687547795721284e-03
-3.930000000000000160e+00,0.000000000000000000e+00,6.409638815714957874e-03,-6.434129596403285502e-03
-3.925000000000000266e+00,0.000000000000000000e+00,3.378544176810484474e-03,-6.305095299912428369e-03
-3.919999999999999929e+00,0.000000000000000000e+00,7.150344233375841539e-03,-6.133643926577306456e-03
-3.915000000000000036e+00,0.000000000000000000e+00,4.706839676475596014e-03,-5.924146565837607598e-03
-3.910000000000000142e+00,0.000000000000000000e+00,5.693587088792004085e-03,-5.681182131338270019e-03
-3.905000000000000249e+00,0.000000000000000000e+00,8.539020772438935328e-03,-5.409435812349471309e-03
-3.899999999999999911e+00,3.637978807091634979e-17,5.617132827251161177e-03,-5.113602268623698884e-03
-3.895000000000000018e+00,3.637978807091634979e-17,4.733047938803774946e-03,-4.798295506952636284e-03
-3.890000000000000124e+00,0.000000000000000000e+00,4.990406965009744171e-03,-4.467967000037513167e-03
-3.885000000000000231e+00,0.000000000000000000e+00,3.691853081420758305e-03,-4.126833233610521443e-03
-3.879999999999999893e+00,0.000000000000000000e+00,2.432100690667984583e-03,-3.778813516400475556e-03
-3.875000000000000000e+00,0.000000000000000000e+00,6.015915294703522154e-03,-3.427478575317867860e-03
-3.870000000000000107e+00,0.000000000000000000e+00,6.900425595100804534e-03,-3.076010195204749616e-03
-3.865000000000000213e+00,2.425319204727756242e-17,5.531430445798826180e-03,-2.727171952645695424e-03
-3.859999999999999876e+00,1.212659602363878121e-17,4.969466501037326719e-03,-2.383290934668072687e-03
-3.854999999999999982e+00,0.000000000000000000e+00,3.566815464273961379e-03,-2.046250218300712902e-03
-3.850000000000000089e+00,0.000000000000000000e+00,3.994432203386739759e-03,-1.717491804461786708e-03
-3.845000000000000195e+00,1.212659602363878121e-17,6.976957376879705172e-03,-1.398029635167631450e-03
-3.839999999999999858e+00,0.000000000000000000e+00,6.841736331242517961e-03,-1.088472261379924482e-03
-3.834999999999999964e+00,2.425319204727756242e-17,5.660467096600664723e-03,-7.890546553212705264e-04
-3.830000000000000071e+00,0.000000000000000000e+00,4.807458092186484705e-03,-4.996785636456403971e-04
-3.825000000000000178e+00,4.850638409455512484e-17,5.376591325512899630e-03,-2.199606678898172922e-04
-3.820000000000000284e+00,1.212659602363878121e-17,6.739321817511603058e-03,5.071234727534109114e-05
-3.814999999999999947e+00,3.637978807091634979e-17,4.029011032216676252e-03,3.131229177867756570e-04
-3.810000000000000053e+00,1.212659602363878121e-17,7.513053282938833392e-03,5.681572429400507957e-04
-3.805000000000000160e+00,0.000000000000000000e+00,5.218607185148911067e-03,8.167370159886597203e-04
-3.800000000000000266e+00,8.488617216547146231e-17,3.850824863698134367e-03,1.059750051213247330e-03
-3.794999999999999929e+00,2.425319204727756242e-17,6.976323615820054225e-03,1.297981834026823217e-03
-3.790000000000000036e+00,7.275957614183269959e-17,5.391955742676437201e-03,1.532050195759931347e-03
-3.785000000000000142e+00,0.000000000000000000e+00,7.189410086025450897e-03,1.762345425998821085e-03
-3.780000000000000249e+00,9.701276818911024968e-17,5.988866546323407328e-03,1.988978163747219530e-03
-3.774999999999999911e+00,0.000000000000000000e+00,5.164236239201631593e-03,2.211737339180103786e-03
-3.770000000000000018e+00,4.850638409455512484e-17,4.699671701377998098e-03,2.430060259880244874e-03
-3.765000000000000124e+00,3.637978807091634979e-17,4.272520168827811243e-03,2.643016645531834786e-03
-3.760000000000000231e+00,0.000000000000000000e+00,6.296612110746680965e-03,2.849308015685409184e-03
-3.754999999999999893e+00,2.425319204727756242e-17,5.213679404832592505e-03,3.047283336687380689e-03
-3.750000000000000000e+00,3.637978807091634979e-17,4.933303911116612706e-03,3.234971252720337392e-03
-3.745000000000000107e+00,2.425319204727756242e-17,6.687596616406762083e-03,3.410128585135235087e-03
-3.740000000000000213e+00,7.275957614183269959e-17,4.573941590887141938e-03,3.570304111454144363e-03
-3.734999999999999876e+00,3.637978807091634979e-17,4.319173653295678775e-03,3.712915961492152615e-03
-3.729999999999999982e+00,6.063298011819391222e-17,5.609402770389957868e-03,3.835340325435784674e-03
-3.725000000000000089e+00,3.637978807091634979e-17,6.569284569919185517e-03,3.935008589457292261e-03
-3.720000000000000195e+00,3.637978807091634979e-17,6.784858184710904072e-03,4.009509528218738357e-03
-3.714999999999999858e+00,3.637978807091634979e-17,6.698345375447903316e-03,4.056692816249570302e-03
-3.709999999999999964e+00,0.000000000000000000e+00,6.184271960046297534e-03,4.074769892021152043e-03
-3.705000000000000071e+00,6.063298011819391222e-17,5.123566291397167217e-03,4.062408133524039906e-03
-3.700000000000000178e+00,0.000000000000000000e+00,6.461011923990872541e-03,4.018814389030476997e-03
-3.695000000000000284e+00,0.000000000000000000e+00,6.857928342548112385e-03,3.943804151141932710e-03
-3.689999999999999947e+00,4.850638409455512484e-17,6.142288405169248067e-03,3.837853058600946589e-03
-3.685000000000000053e+00,1.212659602363878121e-17,6.310337235206841047e-03,3.702127944800214995e-03
-3.680000000000000160e+00,9.701276818911024968e-17,5.544172430034111608e-03,3.538495305152413763e-03
-3.675000000000000266e+00,3.637978807091634979e-17,8.274008921030666028e-03,3.349505803656190224e-03
-3.669999999999999929e+00,8.488617216547146231e-17,4.197606258581232375e-03,3.138354255426018327e-03
-3.665000000000000036e+00,2.425319204727756242e-17,7.930420406470760353e-03,2.908815377929726935e-03
-3.660000000000000142e+00,1.212659602363878121e-17,4.244848905153556125e-03,2.665156469935112647e-03
-3.655000000000000249e+00,3.637978807091634979e-17,4.086517871556621592e-03,2.412029024729775949e-03
-3.649999999999999911e+00,7.275957614183269959e-17,6.859543105376007463e-03,2.154342085358261320e-03
-3.645000000000000018e+00,3.637978807091634979e-17,6.845001961469791667e-03,1.897120878507460324e-03
-3.640000000000000124e+00,0.000000000000000000e+00,5.346505479076886329e-03,1.645354896801232147e-03
-3.635000000000000231e+00,0.000000000000000000e+00,7.342778320893411995e-03,1.403840115821461962e-03
-3.629999999999999893e+00,0.000000000000000000e+00,5.817952279607241373e-03,1.177020414282698834e-03
-3.625000000000000000e+00,0.000000000000000000e+00,7.344772819453337064e-03,9.688334987791715012e-04
-3.620000000000000107e+00,0.000000000000000000e+00,4.732592528019840400e-03,7.825667070520409951e-04
-3.615000000000000213e+00,2.425319204727756242e-17,7.803064556099514708e-03,6.207279681218550978e-04
-3.609999999999999876e+00,0.000000000000000000e+00,6.125097473817738870e-03,4.849369300165448887e-04
-3.604999999999999982e+00,0.000000000000000000e+00,4.878977808198697690e-03,3.758408267680503497e-04
-3.600000000000000089e+00,1.212659602363878121e-17,5.765908532396588765e-03,2.930590507856057291e-04
-3.595000000000000195e+00,0.000000000000000000e+00,4.806888035290928646e-03,2.351596347077133920e-04
-3.589999999999999858e+00,0.000000000000000000e+00,5.816753798903230924e-03,1.996699435275957096e-04
-3.584999999999999964e+00,0.000000000000000000e+00,5.497184435986086221e-03,1.831228537257913950e-04
-3.580000000000000071e+00,0.000000000000000000e+00,6.406838068497447934e-03,1.811385770527635774e-04
-3.575000000000000178e+00,0.000000000000000000e+00,6.056902317954468602e-03,1.885411034513614058e-04
-3.570000000000000284e+00,1.212659602363878121e-17,5.814753213381209165e-03,1.995070255250273763e-04
-3.564999999999999947e+00,0.000000000000000000e+00,6.837056439921911609e-03,2.077433053043951884e-04
-3.560000000000000053e+00,0.000000000000000000e+00,5.183708636613382215e-03,2.066893943126899480e-04
-3.555000000000000160e+00,1.212659602363878121e-17,6.033938433050203311e-03,1.897380636396330108e-04
-3.550000000000000266e+00,6.063298011819390605e-18,7.832700074611866764e-03,1.504683847705431824e-04
-3.544999999999999929e+00,1.212659602363878121e-17,6.423443370165983837e-03,8.288356586044187658e-05
-3.540000000000000036e+00,0.000000000000000000e+00,4.746245826070590035e-03,-1.835417014246824391e-05
-3.535000000000000142e+00,3.637978807091634979e-17,4.831528883118385576e-03,-1.576997471323125018e-04
-3.530000000000000249e+00,3.031649005909695611e-17,7.643784997913414050e-03,-3.385205111421782571e-04
-3.524999999999999911e+00,0.000000000000000000e+00,5.881531920024348978e-03,-5.629183932181168470e-04
-3.520000000000000018e+00,0.000000000000000000e+00,6.233410243202766078e-03,-8.315861353175269758e-04
-3.515000000000000124e+00,1.212659602363878121e-17,6.797356831634258044e-03,-1.143703862980705380e-03
-3.510000000000000231e+00,0.000000000000000000e+00,8.311644418097185322e-03,-1.496881121078743639e-03
-3.504999999999999893e+00,0.000000000000000000e+00,7.906106493016996570e-03,-1.887148076018301413e-03
-3.500000000000000000e+00,0.000000000000000000e+00,6.920171948323656716e-03,-2.308997971728335950e-03
-3.495000000000000107e+00,0.000000000000000000e+00,5.477593366146202986e-03,-2.755481161518900848e-03
-3.490000000000000213e+00,0.000000000000000000e+00,7.810145975197784612e-03,-3.218349187250050657e-03
-3.484999999999999876e+00,0.000000000000000000e+00,5.482218574485639255e-03,-3.688245512703758507e-03
-3.479999999999999982e+00,0.000000000000000000e+00,7.278396398960321721e-03,-4.154937716005254258e-03
-3.475000000000000089e+00,0.000000000000000000e+00,7.962042199871267878e-03,-4.607584284434139074e-03
-3.470000000000000195e+00,2.122154304136786558e-17,6.218127572316574717e-03,-5.035027710083056669e-03
-3.464999999999999858e+00,4.547473508864543416e-17,7.933541746853466775e-03,-5.426104426613950933e-03
-3.459999999999999964e+00,0.000000000000000000e+00,6.299546577916361953e-03,-5.769961316264655624e-03
-3.455000000000000071e+00,0.000000000000000000e+00,6.122605370241797004e-03,-6.056368099297266064e-03
-3.450000000000000178e+00,0.000000000000000000e+00,5.395756611742862779e-03,-6.276014925776452792e-03
-3.445000000000000284e+00,0.000000000000000000e+00,6.504855088928073598e-03,-6.420784933544050783e-03
-3.439999999999999947e+00,0.000000000000000000e+00,5.549800764406966243e-03,-6.483992407744430288e-03
-3.435000000000000053e+00,0.000000000000000000e+00,4.516084166204030644e-03,-6.460578446465636837e-03
-3.430000000000000160e+00,1.515824502954847805e-17,4.637595209265578389e-03,-6.347257654164437275e-03
-3.425000000000000266e+00,0.000000000000000000e+00,4.770008670589498054e-03,-6.142611281243207620e-03
-3.419999999999999929e+00,1.212659602363878121e-17,5.501945093393614296e-03,-5.847124321047589973e-03
-3.415000000000000036e+00,0.000000000000000000e+00,6.758201353844097391e-03,-5.463166269716736995e-03
-3.410000000000000142e+00,2.425319204727756242e-17,6.150366228577723582e-03,-4.994917448698930201e-03
-3.405000000000000249e+00,0.000000000000000000e+00,6.294542875878882636e-03,-4.448244881755166781e-03
-3.399999999999999911e+00,0.000000000000000000e+00,4.944696378328354916e-03,-3.830533610009042526e-03
-3.395000000000000018e+00,0.000000000000000000e+00,6.837537821269382664e-03,-3.150480931679920053e-03
-3.390000000000000124e+00,0.000000000000000000e+00,8.168283320989244006e-03,-2.417862293849084177e-03
-3.385000000000000231e+00,1.212659602363878121e-17,8.101752344725321464e-03,-1.643278386921032510e-03
-3.379999999999999893e+00,0.000000000000000000e+00,6.633691075626621005e-03,-8.378933649504223492e-04
-3.375000000000000000e+00,0.000000000000000000e+00,8.064353044616844740e-03,-1.317402678696903191e-05
-3.370000000000000107e+00,0.000000000000000000e+00,8.025225175114249904e-03,8.193607421929342697e-04
-3.365000000000000213e+00,0.000000000000000000e+00,9.961101541636416257e-03,1.648371913473801196e-03
-3.359999999999999876e+00,0.000000000000000000e+00,7.133473887924085370e-03,2.462906588250820834e-03
-3.354999999999999982e+00,0.000000000000000000e+00,6.578019055061825812e-03,3.252573121904309920e-03
-3.350000000000000089e+00,0.000000000000000000e+00,6.871191450741185279e-03,4.007681392250870590e-03
-3.345000000000000195e+00,0.000000000000000000e+00,7.963548597814954638e-03,4.719346371583316331e-03
-3.339999999999999858e+00,0.000000000000000000e+00,7.003216062824728534e-03,5.379555031223379191e-03
-3.334999999999999964e+00,1.212659602363878121e-17,6.366616782728652148e-03,5.981198382841165957e-03
-3.330000000000000071e+00,0.000000000000000000e+00,6.874543530250190430e-03,6.518072056879232849e-03
-3.325000000000000178e+00,0.000000000000000000e+00,5.871885029451243826e-03,6.984850160903827501e-03
-3.320000000000000284e+00,0.000000000000000000e+00,7.878463693238848750e-03,7.377038190924576321e-03
-3.314999999999999947e+00,1.061077152068393279e-17,6.660091283874213994e-03,7.690911446393409144e-03
-3.310000000000000053e+00,0.000000000000000000e+00,7.259077680721454963e-03,7.923445703635781032e-03
-3.305000000000000160e+00,0.000000000000000000e+00,5.361948623454968268e-03,8.072246831874553552e-03
-3.300000000000000266e+00,8.943364567433600449e-17,6.998480949861123415e-03,8.135485608938418378e-03
-3.294999999999999929e+00,2.273736754432271708e-17,7.168734523611345645e-03,8.111843245244066899e-03
-3.290000000000000036e+00,4.699055959160027950e-17,7.084147743209740118e-03,8.000472105270120537e-03
-3.285000000000000142e+00,1.515824502954847651e-18,5.012932919241114976e-03,7.800974886835195139e-03
-3.280000000000000249e+00,0.000000000000000000e+00,5.948766347218765321e-03,7.513404149857367403e-03
-3.274999999999999911e+00,0.000000000000000000e+00,5.953891170514778730e-03,7.138282651522534841e-03
-3.270000000000000018e+00,0.000000000000000000e+00,7.511853044858457853e-03,6.676643517615552317e-03
-3.265000000000000124e+00,0.000000000000000000e+00,7.393894039514709027e-03,6.130087930611833463e-03
-3.260000000000000231e+00,4.547473508864543416e-17,9.021393867344650042e-03,5.500856807472503940e-03
-3.254999999999999893e+00,1.061077152068393279e-17,7.777522407595587745e-03,4.791911928140692167e-03
-3.250000000000000000e+00,1.364242052659362963e-17,8.719094421391106187e-03,4.007021202100515510e-03
-3.245000000000000107e+00,0.000000000000000000e+00,6.868853317568113584e-03,3.150842255002565557e-03
-3.240000000000000213e+00,0.000000000000000000e+00,7.627937606992502700e-03,2.228998296670816649e-03
-3.234999999999999876e+00,2.728484105318725926e-17,7.733685274672243842e-03,1.248140299035434015e-03
-3.229999999999999982e+00,3.941143707682604048e-17,6.983358903999580328e-03,2.159898582562054796e-04
-3.225000000000000089e+00,0.000000000000000000e+00,7.887396095435230542e-03,-8.586422811482373506e-04
-3.220000000000000195e+00,5.456968210637451853e-17,7.555053411833302646e-03,-1.965866231510782908e-03
-3.214999999999999858e+00,1.818989403545817490e-17,8.700423903923150404e-03,-3.094754668005776903e-03
-3.209999999999999964e+00,4.547473508864543416e-17,7.360267689327073051e-03,-4.233418242095993503e-03
-3.205000000000000071e+00,0.000000000000000000e+00,6.307281945495749054e-03,-5.369115447514383882e-03
-3.200000000000000178e+00,6.063298011819390605e-18,8.146063974581306544e-03,-6.488396375355700088e-03
-3.195000000000000284e+00,0.000000000000000000e+00,6.265308390120834757e-03,-7.577278489499841493e-03
-3.189999999999999947e+00,2.728484105318725926e-17,7.624319921692970271e-03,-8.621451300002287363e-03
-3.185000000000000053e+00,0.000000000000000000e+00,9.138768984322868244e-03,-9.606505655836357002e-03
-3.180000000000000160e+00,8.488617216547146231e-17,7.201988379878726879e-03,-1.051818236085955496e-02
-3.175000000000000266e+00,4.244308608273573116e-17,9.160165520416842927e-03,-1.134263397412271952e-02
-3.169999999999999929e+00,4.850638409455512484e-17,7.005167197472491995e-03,-1.206669301732231012e-02
-3.165000000000000036e+00,9.094947017729087449e-18,7.862506284699763773e-03,-1.267813940077412715e-02
-3.160000000000000142e+00,9.094947017729087449e-18,6.830646818491445740e-03,-1.316595970932533423e-02
-3.155000000000000249e+00,1.515824502954847805e-17,7.014899303892913225e-03,-1.352059106723973482e-02
-3.149999999999999911e+00,4.547473508864543416e-17,9.473892647354318838e-03,-1.373414262360962354e-02
-3.145000000000000018e+00,0.000000000000000000e+00,6.906206185088569274e-03,-1.380058825582717967e-02
-3.140000000000000124e+00,7.275957614183269959e-17,6.704513644495954487e-03,-1.371592485794243498e-02
-3.135000000000000231e+00,0.000000000000000000e+00,6.988814559586208411e-03,-1.347829153543361226e-02
-3.129999999999999893e+00,3.031649005909695611e-17,6.481135374447119860e-03,-1.308804613288760792e-02
-3.125000000000000000e+00,0.000000000000000000e+00,5.737848393933351471e-03,-1.254779673575127236e-02
-3.120000000000000107e+00,3.637978807091634979e-17,7.687347258160108499e-03,-1.186238706710822897e-02
-3.115000000000000213e+00,2.425319204727756242e-17,7.689715525552974149e-03,-1.103883599865645646e-02
-3.109999999999999876e+00,0.000000000000000000e+00,7.959088755183677324e-03,-1.008623266527764427e-02
-3.104999999999999982e+00,4.244308608273573116e-17,7.621766146373963602e-03,-9.015589870382442403e-03
-3.100000000000000089e+00,3.031649005909695611e-17,9.115434304985799152e-03,-7.839659554398081820e-03
-3.095000000000000195e+00,1.818989403545817490e-17,1.059331467686885735e-02,-6.572715037137465653e-03
-3.089999999999999858e+00,4.850638409455512484e-17,9.408534252627758637e-03,-5.230305509324712811e-03
-3.084999999999999964e+00,3.637978807091634979e-17,6.100111338793000673e-03,-3.828988820623379762e-03
-3.080000000000000071e+00,1.212659602363878121e-17,7.903261873811795457e-03,-2.386048981080956480e-03
-3.075000000000000178e+00,6.669627813001330590e-17,9.597897092260424326e-03,-9.192049585737009556e-04
-3.070000000000000284e+00,5.456968210637451853e-17,7.092882464502637749e-03,5.536826767302613491e-04
-3.064999999999999947e+00,0.000000000000000000e+00,9.381579410194412424e-03,2.014900924850801869e-03
-3.060000000000000053e+00,8.488617216547146231e-17,8.988964557940506625e-03,3.447163388270231121e-03
-3.055000000000000160e+00,9.094947017729086832e-17,8.717588675307322288e-03,4.833873725555425452e-03
-3.050000000000000266e+00,1.818989403545817490e-17,6.919023242061034251e-03,6.159368719708642644e-03
-3.044999999999999929e+00,3.031649005909695611e-17,9.709378634331206764e-03,7.409136871401348842e-03
-3.040000000000000036e+00,1.818989403545817490e-17,7.840897266812037192e-03,8.570009200914323333e-03
-3.035000000000000142e+00,0.000000000000000000e+00,1.129681836996164999e-02,9.630319746353725383e-03
-3.030000000000000249e+00,6.063298011819391222e-17,8.729656972866310649e-03,1.058003405471498633e-02
-3.024999999999999911e+00,0.000000000000000000e+00,7.387876095721793157e-03,1.141084475471410530e-02
-3.020000000000000018e+00,0.000000000000000000e+00,8.756887875753890937e-03,1.211623405695634766e-02
-3.015000000000000124e+00,1.212659602363878121e-17,9.736474332356824524e-03,1.269150373231044127e-02
-3.010000000000000231e+00,0.000000000000000000e+00,7.959470489791632339e-03,1.313377376064930012e-02
-3.004999999999999893e+00,0.000000000000000000e+00,8.394599996020985291e-03,1.344195140965000722e-02
-3.000000000000000000e+00,1.619830628675155658e-17,8.227935278359932783e-03,1.361667299005488163e-02
-2.995000000000000107e+00,3.748788923956705734e-17,9.651541765871211528e-03,1.366022093488156522e-02
-2.990000000000000213e+00,1.174556392368750760e-16,1.021793488543814611e-02,1.357641916277079613e-02
-2.984999999999999876e+00,9.320244718959752593e-17,1.101409464882724745e-02,1.337050990918208990e-02
-2.979999999999999982e+00,9.862866246927202527e-17,8.772715031065780530e-03,1.304901534436981106e-02
-2.975000000000000089e+00,4.821981047050815620e-17,6.762421743427803923e-03,1.261958734667671320e-02
-2.970000000000000195e+00,1.055420674872727846e-16,9.224544718504474120e-03,1.209084876814372871e-02
-2.964999999999999858e+00,1.407731149062633677e-17,1.110208566650704165e-02,1.147222942308498764e-02
-2.959999999999999964e+00,3.587199495940528176e-17,7.867001238411117439e-03,1.077379985733648710e-02
-2.955000000000000071e+00,5.296128053405726671e-17,9.719279599672950992e-03,1.000610572643061830e-02
-2.950000000000000178e+00,5.357693208036037305e-17,8.497103315231430143e-03,9.180005336846226022e-03
-2.944999999999999840e+00,4.934185011715612184e-17,9.136206805819687901e-03,8.306512598832173355e-03
-2.939999999999999947e+00,1.644199641199952633e-16,6.982635137591529373e-03,7.396647316304238995e-03
-2.935000000000000053e+00,7.705314968460027265e-17,9.156215110525325537e-03,6.461294413212584180e-03
-2.930000000000000160e+00,4.400947064831064464e-17,1.238812598664919794e-02,5.511073380511836463e-03
-2.925000000000000266e+00,6.674070646091074830e-17,7.677806359589765643e-03,4.556218935763787538e-03
-2.919999999999999929e+00,3.831283855947111016e-17,8.928894323790010149e-03,3.606473628716078562e-03
-2.915000000000000036e+00,3.253821455124793404e-17,8.625345167558513479e-03,2.670992908019133479e-03
-2.910000000000000142e+00,9.398709337721693141e-17,9.747176713111257301e-03,1.758262990178110531e-03
-2.905000000000000249e+00,5.037342362153242920e-17,9.467944202571607765e-03,8.760317413573359691e-04
-2.899999999999999911e+00,2.787800765527393027e-17,1.209328107932527638e-02,3.125269142475979790e-05
-2.895000000000000018e+00,4.314516487798909393e-17,9.439598290460810351e-03,-7.699577604992272192e-04
-2.890000000000000124e+00,9.336851148523661942e-17,1.047179485602471420e-02,-1.522349929899981767e-03
-2.885000000000000231e+00,7.652972736520945263e-17,8.872773407750587232e-03,-2.221557234259053000e-03
-2.879999999999999893e+00,6.102026390129708045e-17,8.625291193701291326e-03,-2.864099438574463363e-03
-2.875000000000000000e+00,9.970934069257599635e-18,1.081756899193529568e-02,-3.447372874608191622e-03
-2.870000000000000107e+00,2.760267991367660515e-17,8.466808267240801683e-03,-3.969627842786337124e-03
-2.865000000000000213e+00,0.000000000000000000e+00,8.717431471951935310e-03,-4.429933539802694345e-03
-2.859999999999999876e+00,5.944453939727127558e-17,1.018748506378248410e-02,-4.828131034421050474e-03
-2.854999999999999982e+00,1.029535667825572365e-16,9.030141269799280349e-03,-5.164775038385132667e-03
-2.850000000000000089e+00,4.062575784309582214e-17,8.489324754885617039e-03,-5.441065483354122490e-03
-2.845000000000000195e+00,6.096651372063827096e-17,9.652995976546450627e-03,-5.658770208099402760e-03
-2.839999999999999858e+00,3.044039448863555944e-17,9.657091516818554558e-03,-5.820140368084243329e-03
-2.834999999999999964e+00,1.322123107525315787e-16,1.030394456062481458e-02,-5.927820483945168972e-03
-2.830000000000000071e+00,6.902959469459189261e-17,9.742832801493577985e-03,-5.984755325969468888e-03
-2.825000000000000178e+00,1.390995961060583129e-17,9.848735168125096265e-03,-5.994096067269041005e-03
-2.819999999999999840e+00,0.000000000000000000e+00,9.222981268144943637e-03,-5.959108308790310449e-03
-2.814999999999999947e+00,3.850347546258918109e-17,1.055956779524007925e-02,-5.883084666271538171e-03
-2.810000000000000053e+00,7.098581277945944633e-17,1.087192940597661063e-02,-5.769264598342573047e-03
-2.805000000000000160e+00,8.446691381965993917e-17,1.019926576330745620e-02,-5.620764036135090028e-03
-2.800000000000000266e+00,5.461324698364119277e-17,8.577613099818085646e-03,-5.440517143534056785e-03
-2.794999999999999929e+00,4.715866928025483260e-17,1.053332771483340286e-02,-5.231232194947068627e-03
-2.790000000000000036e+00,8.581462863396024990e-17,1.139619672792685501e-02,-4.995363111491267667e-03
-2.785000000000000142e+00,5.046260217942267240e-17,1.234697716804234596e-02,-4.735097659886763899e-03
-2.780000000000000249e+00,0.000000000000000000e+00,9.174336656674088319e-03,-4.452362709291980691e-03
-2.774999999999999911e+00,8.090299666805825033e-17,8.730402963699986085e-03,-4.148846282511596019e-03
-2.770000000000000018e+00,0.000000000000000000e+00,9.694785161071670793e-03,-3.826035455466365344e-03
-2.765000000000000124e+00,0.000000000000000000e+00,9.135739537779340516e-03,-3.485268480848128375e-03
-2.760000000000000231e+00,4.070305251946582037e-18,1.201045179730420367e-02,-3.127798867937382765e-03
-2.754999999999999893e+00,4.546243544782112792e-17,1.049221755414167859e-02,-2.754868569889509008e-03
-2.750000000000000000e+00,0.000000000000000000e+00,1.186729350556809358e-02,-2.367786940192412835e-03
-2.745000000000000107e+00,6.564532224315212371e-17,8.151780930713786386e-03,-1.968011746779559177e-03
-2.740000000000000213e+00,6.919565899023097377e-17,1.040560459989104194e-02,-1.557228296813993650e-03
-2.734999999999999876e+00,1.508341491583942656e-17,1.075703790761184039e-02,-1.137422644143836923e-03
-2.729999999999999982e+00,3.138102635048098941e-17,1.098681011815273723e-02,-7.109449356275740354e-04
-2.725000000000000089e+00,0.000000000000000000e+00,1.117858013405092880e-02,-2.805592062349055046e-04
-2.720000000000000195e+00,2.865843591283470270e-17,1.026580168126025455e-02,1.505236468943949664e-04
-2.714999999999999858e+00,7.141186132753240118e-17,1.014310478255811554e-02,5.786324048081775782e-04
-2.709999999999999964e+00,7.302096540543274505e-17,1.143394414442530302e-02,9.996435602165759660e-04
-2.705000000000000071e+00,0.000000000000000000e+00,8.022714637782479841e-03,1.409011994999571395e-03
-2.700000000000000178e+00,4.544885504329828297e-17,1.062872570155814177e-02,1.801824543363750308e-03
-2.694999999999999840e+00,5.444718268800211777e-17,9.565728638624447500e-03,2.172875728344642737e-03
-2.689999999999999947e+00,4.979412996336775850e-17,1.114603406182620472e-02,2.516764001653816300e-03
-2.685000000000000053e+00,2.874556566736805118e-17,9.527159092595648485e-03,2.828005898093177706e-03
-2.680000000000000160e+00,0.000000000000000000e+00,1.050597695018536462e-02,3.101164678636621295e-03
-2.675000000000000266e+00,4.328387503343674630e-19,1.086892843884509213e-02,3.330989321168677502e-03
-2.669999999999999929e+00,0.000000000000000000e+00,1.100400258702746194e-02,3.512559160555632325e-03
-2.665000000000000036e+00,0.000000000000000000e+00,1.291697202505334360e-02,3.641429109419784278e-03
-2.660000000000000142e+00,0.000000000000000000e+00,1.128640384365207049e-02,3.713770228381240487e-03
-2.655000000000000249e+00,0.000000000000000000e+00,1.129215434396247005e-02,3.726500470672206716e-03
-2.649999999999999911e+00,0.000000000000000000e+00,1.156415342991581538e-02,3.677400701240052944e-03
-2.645000000000000018e+00,0.000000000000000000e+00,1.181271038567023937e-02,3.565211574417815818e-03
-2.640000000000000124e+00,0.000000000000000000e+00,1.249415630026534142e-02,3.389707526180155486e-03
-2.635000000000000231e+00,0.000000000000000000e+00,1.250420301370440759e-02,3.151744967072495594e-03
-2.629999999999999893e+00,0.000000000000000000e+00,1.095838174819667096e-02,2.853282712292591616e-03
-2.625000000000000000e+00,0.000000000000000000e+00,1.176464914067552880e-02,2.497373713103451937e-03
-2.620000000000000107e+00,2.683970266202859110e-17,1.085304834922321861e-02,2.088128211986191481e-03
-2.615000000000000213e+00,1.806739461708576181e-17,1.231666463502719376e-02,1.630649485574885062e-03
-2.609999999999999876e+00,0.000000000000000000e+00,1.101681254821821124e-02,1.130944318494992145e-03
-2.604999999999999982e+00,0.000000000000000000e+00,1.163246174197671637e-02,5.958112260936468613e-04
-2.600000000000000089e+00,0.000000000000000000e+00,1.100480964716222740e-02,3.271017849789063233e-05
-2.595000000000000195e+00,1.111381982294903642e-17,1.271894636105596645e-02,-5.503818559591083489e-04
-2.589999999999999858e+00,5.796214977124191555e-17,9.474714417858590143e-03,-1.145124853327041808e-03
-2.584999999999999964e+00,0.000000000000000000e+00,1.141298871976896556e-02,-1.742974291311993407e-03
-2.580000000000000071e+00,2.593584547518841598e-17,1.194699583647598241e-02,-2.335339474729549152e-03
-2.575000000000000178e+00,4.239413601437382777e-17,1.243303798263721560e-02,-2.913737001411239626e-03
-2.569999999999999840e+00,7.227906808683496683e-17,1.270258598086428971e-02,-3.469935138076263911e-03
-2.564999999999999947e+00,3.899217873101452350e-17,1.373524224645229601e-02,-3.996085428053419014e-03
-2.560000000000000053e+00,2.463708072925002404e-17,1.119742059581399322e-02,-4.484838531332003241e-03
-2.555000000000000160e+00,0.000000000000000000e+00,1.131007586342716066e-02,-4.929442068448409292e-03
-2.550000000000000266e+00,1.033246205448127439e-17,1.076639572152627428e-02,-5.323819066513291003e-03
-2.544999999999999929e+00,2.711198655528674946e-17,1.136011081438275012e-02,-5.662626450166502630e-03
-2.540000000000000036e+00,3.228360277362261349e-17,9.923198577709997290e-03,-5.941293844600376017e-03
-2.535000000000000142e+00,3.541468117488995889e-17,1.341611917506027769e-02,-6.156043726002060484e-03
-2.530000000000000249e+00,3.186306366411255164e-17,1.162178376410834962e-02,-6.303894634181344582e-03
-2.524999999999999911e+00,7.127958550671066202e-18,1.463612831248887851e-02,-6.382649724559572718e-03
-2.520000000000000018e+00,4.171139658470427784e-18,1.422951795824592761e-02,-6.390873359898959633e-03
-2.515000000000000124e+00,0.000000000000000000e+00,1.305180616689236191e-02,-6.327858710243534565e-03
-2.510000000000000231e+00,1.675517371409217030e-17,1.202154517800658150e-02,-6.193589434029383826e-03
-2.504999999999999893e+00,0.000000000000000000e+00,1.409351758551990498e-02,-5.988698453345842401e-03
-2.500000000000000000e+00,3.196377382316874507e-17,1.008394986096759760e-02,-5.714426618208440049e-03
-2.495000000000000107e+00,0.000000000000000000e+00,1.321500515685618098e-02,-5.372583692702666280e-03
-2.490000000000000213e+00,3.779284338043378320e-17,1.261833520377893605e-02,-4.965513610185980260e-03
-2.484999999999999876e+00,0.000000000000000000e+00,1.407450301899231503e-02,-4.496065362078636649e-03
-2.479999999999999982e+00,0.000000000000000000e+00,1.417680444964657463e-02,-3.967570236180041794e-03
-2.475000000000000089e+00,0.000000000000000000e+00,1.241537323497925865e-02,-3.383825440452395503e-03
-2.470000000000000195e+00,4.519847101545822766e-17,1.419500932170813731e-02,-2.749083473261007028e-03
-2.464999999999999858e+00,0.000000000000000000e+00,1.353496228402881717e-02,-2.068045967894092257e-03
-2.459999999999999964e+00,6.245452339133239199e-17,1.253173292057258893e-02,-1.345860183009807117e-03
-2.455000000000000071e+00,0.000000000000000000e+00,1.360516613808421954e-02,-5.881158637139331140e-04
-2.450000000000000178e+00,2.476168766437172251e-17,1.319317832199774429e-02,1.991601122986992134e-04
-2.444999999999999840e+00,0.000000000000000000e+00,1.406931464314885305e-02,1.009514041618235318e-03
-2.439999999999999947e+00,4.472159188759799701e-17,1.405748338123721970e-02,1.836083374040881023e-03
-2.435000000000000053e+00,0.000000000000000000e+00,1.373074835645437392e-02,2.671624887016223106e-03
-2.430000000000000160e+00,2.498396773089333325e-17,1.290950389144461009e-02,3.508555211074674239e-03
-2.425000000000000266e+00,2.318935826147662733e-17,1.406676142935710597e-02,4.339005334735398199e-03
-2.419999999999999929e+00,3.245751102989776752e-17,1.243129644831357863e-02,5.154890054269526019e-03
-2.415000000000000036e+00,2.306615633752111912e-17,1.290905256688296490e-02,5.947992565476387973e-03
-2.410000000000000142e+00,5.717563381700280962e-17,1.450702845124700671e-02,6.710063559545864989e-03
-2.405000000000000249e+00,3.476529880192077063e-17,1.320973738031695419e-02,7.432933326713059459e-03
-2.399999999999999911e+00,1.500986556582892303e-17,1.336761349304034681e-02,8.108634536383005700e-03
-2.395000000000000018e+00,0.000000000000000000e+00,1.517557184034551074e-02,8.729532598038618543e-03
-2.390000000000000124e+00,0.000000000000000000e+00,1.370896382842005240e-02,9.288459858510027603e-03
-2.385000000000000231e+00,4.925212370424854539e-18,1.370538260549939401e-02,9.778849398581920122e-03
-2.379999999999999893e+00,4.492373620090489532e-18,1.573301711029422706e-02,1.019486388784119658e-02
-2.375000000000000000e+00,0.000000000000000000e+00,1.368821269689332425e-02,1.053151486458936414e-02
-2.370000000000000107e+00,2.297902658298777063e-17,1.492431233872315230e-02,1.078476793888540931e-02
-2.365000000000000213e+00,0.000000000000000000e+00,1.578188304895826108e-02,1.095162977076715588e-02
-2.359999999999999876e+00,4.970840522000060643e-17,1.515605004020075669e-02,1.103021323876044076e-02
-2.354999999999999982e+00,0.000000000000000000e+00,1.625521944306966907e-02,1.101977796039765173e-02
-2.350000000000000089e+00,3.638119308208254005e-17,1.592706394523040261e-02,1.092074422003190548e-02
-2.345000000000000195e+00,1.688035890732931851e-17,1.758807296230860059e-02,1.073467935496755753e-02
-2.339999999999999858e+00,5.750471173925895348e-17,1.448528745186461637e-02,1.046425669772462104e-02
-2.334999999999999964e+00,0.000000000000000000e+00,1.476379752941639478e-02,1.011318821678800113e-02
-2.330000000000000071e+00,3.596052972510482049e-17,1.502959271509623704e-02,9.686132987514389781e-03
-2.325000000000000178e+00,0.000000000000000000e+00,1.548171324313735164e-02,9.188584510276636558e-03
-2.319999999999999840e+00,5.869174744901539370e-17,1.531385453898392868e-02,8.626740632548925494e-03
-2.314999999999999947e+00,4.071148258646297421e-17,1.440907045388149267e-02,8.007360393264880555e-03
-2.310000000000000053e+00,2.374680394693268771e-17,1.202259418912287811e-02,7.337612470302757109e-03
-2.305000000000000160e+00,3.714756543486127304e-17,1.488118692684248408e-02,6.624920066397009706e-03
-2.300000000000000266e+00,1.661896964372926997e-17,1.545328911569135086e-02,5.876807018372345696e-03
-2.294999999999999929e+00,5.343159646497998786e-17,1.560995810870867764e-02,5.100749673764524983e-03
-2.290000000000000036e+00,5.851748793994869673e-17,1.561657809414968186e-02,4.304038671697332785e-03
-2.285000000000000142e+00,2.325118622877828054e-17,1.547339976197171368e-02,3.493654222879851844e-03
-2.280000000000000249e+00,5.783684033053712813e-17,1.645110525240915667e-02,2.676157843018997246e-03
-2.274999999999999911e+00,7.969161017158849147e-18,1.523427176097368226e-02,1.857602792978330000e-03
-2.270000000000000018e+00,2.917840441770241927e-17,1.515316377824030801e-02,1.043464755275738893e-03
-2.265000000000000124e+00,3.410361678812727612e-17,1.762676417851804372e-02,2.385935639925247989e-04
-2.260000000000000231e+00,3.071395914559225960e-17,1.447671649335987784e-02,-5.528138668430102216e-04
-2.254999999999999893e+00,2.578874677516740891e-17,1.768208041471753741e-02,-1.327219880682499508e-03
-2.250000000000000000e+00,2.254618783265340254e-17,1.674130629845097668e-02,-2.081732677403796885e-03
-2.245000000000000107e+00,2.593584547518841598e-17,1.597011697974196759e-02,-2.814074615374609518e-03
-2.240000000000000213e+00,0.000000000000000000e+00,1.587505029882931712e-02,-3.522534017599945281e-03
-2.234999999999999876e+00,0.000000000000000000e+00,1.693294626885764875e-02,-4.205902560615692835e-03
-2.229999999999999982e+00,3.043948646733994993e-18,1.608012118100193150e-02,-4.863400529586963186e-03
-2.225000000000000089e+00,0.000000000000000000e+00,1.550380200014544324e-02,-5.494592366608926776e-03
-2.220000000000000195e+00,0.000000000000000000e+00,1.795429722184884933e-02,-6.099295033411691186e-03
-2.214999999999999858e+00,0.000000000000000000e+00,1.777831065832363375e-02,-6.677481765972502308e-03
-2.209999999999999964e+00,6.308341091004968286e-17,1.576493170943685934e-02,-7.229183825840428297e-03
-2.205000000000000071e+00,0.000000000000000000e+00,1.645765734757168725e-02,-7.754392857183444593e-03
-2.200000000000000178e+00,2.442745155634426247e-17,1.476136631411450496e-02,-8.252966441740795453e-03
-2.194999999999999840e+00,1.099071415766939541e-16,1.715609301610835843e-02,-8.724539404476681220e-03
-2.189999999999999947e+00,7.597778429763338732e-17,1.741679573945059678e-02,-9.168443355893096322e-03
-2.185000000000000053e+00,0.000000000000000000e+00,1.638246866295516371e-02,-9.583636855425325604e-03
-2.180000000000000160e+00,1.361295218823142393e-18,1.821495102846364469e-02,-9.968648435532346391e-03
-2.175000000000000266e+00,3.868312016275110721e-17,1.746930460544731875e-02,-1.032153452951807895e-02
-2.169999999999999929e+00,0.000000000000000000e+00,1.598646902073866047e-02,-1.063985409055822999e-02
-2.165000000000000036e+00,0.000000000000000000e+00,1.930041193661082358e-02,-1.092066137044218031e-02
-2.160000000000000142e+00,0.000000000000000000e+00,1.864644502432791229e-02,-1.116051794313603455e-02
-2.155000000000000249e+00,9.736128720724365595e-17,1.811795968231917284e-02,-1.135552461399031397e-02
-2.149999999999999911e+00,3.561201070697142039e-17,1.885033446135174137e-02,-1.150137335826827839e-02
-2.145000000000000018e+00,8.278426039174909794e-17,1.888695839885666528e-02,-1.159341889522756165e-02
-2.140000000000000124e+00,0.000000000000000000e+00,1.708930114594175292e-02,-1.162676894292638020e-02
-2.135000000000000231e+00,0.000000000000000000e+00,1.666710967172133073e-02,-1.159639163377434827e-02
-2.129999999999999893e+00,0.000000000000000000e+00,1.928419455926397991e-02,-1.149723802338443492e-02
-2.125000000000000000e+00,0.000000000000000000e+00,1.820445004675501008e-02,-1.132437711760314776e-02
-2.120000000000000107e+00,7.127834303203422365e-18,1.892734017046369260e-02,-1.107314039600635659e-02
-2.115000000000000213e+00,2.715004199399054611e-17,1.726079622614406714e-02,-1.073927244382535603e-02
-2.109999999999999876e+00,4.405243865557137964e-18,1.867206375792742137e-02,-1.031908403367758943e-02
-2.104999999999999982e+00,5.157749355033481782e-17,1.998816369822685110e-02,-9.809603834707136816e-03
-2.100000000000000089e+00,0.000000000000000000e+00,1.866162849579727084e-02,-9.208724875792627385e-03
-2.095000000000000195e+00,7.902173294436739040e-17,1.932095365409922452e-02,-8.515341951551218952e-03
-2.089999999999999858e+00,1.373785417797722289e-16,1.876006924910741253e-02,-7.729476330098906424e-03
-2.084999999999999964e+00,1.458676713017987931e-16,2.060847754223619696e-02,-6.852384389807447164e-03
-2.080000000000000071e+00,1.716564180769661774e-16,1.850094513597251231e-02,-5.886647164461923307e-03
-2.075000000000000178e+00,1.933612791956641501e-16,1.763190173445027681e-02,-4.836238195069429008e-03
-2.069999999999999840e+00,2.791894882341472388e-16,1.824422299328816791e-02,-3.706567553048382285e-03
-2.064999999999999947e+00,4.077575422828052365e-16,1.958979626612879568e-02,-2.504500394255978341e-03
-2.060000000000000053e+00,4.566124453954937306e-16,2.084571993711982832e-02,-1.238348908059750883e-03
-2.055000000000000160e+00,6.642293931975648086e-16,2.041122495766454353e-02,8.216297571953330356e-05
-2.049999999999999822e+00,8.389297599212650260e-16,1.983250558389173038e-02,1.445962279090932511e-03
-2.044999999999999929e+00,1.065207620195299913e-15,2.114936135397546893e-02,2.840716771741966847e-03
-2.040000000000000036e+00,1.506551620783696923e-15,2.180067575190112322e-02,4.252951153287705052e-03
-2.035000000000000142e+00,2.034736606611267160e-15,2.021175801159869403e-02,5.668188514581671764e-03
-2.030000000000000249e+00,2.453014450862142912e-15,2.199121812349551924e-02,7.071115608022110303e-03
-2.024999999999999911e+00,3.258706271495949608e-15,2.163030229034640373e-02,8.445770115065883918e-03
-2.020000000000000018e+00,4.169878449076512201e-15,2.212398731830042542e-02,9.775747770505200870e-03
-2.015000000000000124e+00,5.424042104601918002e-15,2.062586767635735119e-02,1.104442687950334123e-02
-2.010000000000000231e+00,6.984866648564550883e-15,2.058170727298882022e-02,1.223520743847289829e-02
-2.004999999999999893e+00,8.866286391361729142e-15,2.203595791495182102e-02,1.333176174100963833e-02
-2.000000000000000000e+00,1.142851656580896385e-14,2.073366509754106038e-02,1.431829301544298300e-02
-1.995000000000000107e+00,1.480596762742176974e-14,1.967640606855854124e-02,1.517979830619801788e-02
-1.989999999999999991e+00,1.895616957780329435e-14,2.108198591186140336e-02,1.590233148662682436e-02
-1.985000000000000098e+00,2.424486150304914759e-14,2.226588049986528636e-02,1.647326199062605981e-02
-1.979999999999999982e+00,3.106774789876851752e-14,2.327180561252720908e-02,1.688152459221082050e-02
-1.975000000000000089e+00,3.971946376753404649e-14,2.238658911923087358e-02,1.711785536662988397e-02
-1.969999999999999973e+00,5.067560101539992322e-14,2.332143637051735038e-02,1.717500885520997778e-02
-1.965000000000000080e+00,6.469285227120961332e-14,2.423503733669707394e-02,1.704795144939363211e-02
-1.959999999999999964e+00,8.239588455009271844e-14,2.237923457397317240e-02,1.673402612562038122e-02
-1.955000000000000071e+00,1.050042786634952126e-13,2.388599135694865691e-02,1.623308391574964857e-02
-1.949999999999999956e+00,1.335699857588021511e-13,2.237339982311674011e-02,1.554757789608962777e-02
-1.945000000000000062e+00,1.697273221153232246e-13,2.449987536779213090e-02,1.468261602378576405e-02
-1.939999999999999947e+00,2.153455949572262734e-13,2.431324666278197183e-02,1.364596983739768503e-02
-1.935000000000000053e+00,2.731875830444131288e-13,2.602076215603115958e-02,1.244803685683039396e-02
-1.929999999999999938e+00,3.461012975149364880e-13,2.352492874922955043e-02,1.110175544792686882e-02
-1.925000000000000044e+00,4.381135260586270035e-13,2.271917644306405484e-02,9.622471934261460358e-03
-1.919999999999999929e+00,5.540064397348079998e-13,2.514783992998537859e-02,8.027760814120024971e-03
-1.915000000000000036e+00,6.999158144195549220e-13,2.550789815125187668e-02,6.337200041651835057e-03
-1.910000000000000142e+00,8.832765377314563528e-13,2.249274843717683284e-02,4.572104423515938043e-03
-1.905000000000000027e+00,1.113743247524041345e-12,2.434939904296846980e-02,2.755221231382600118e-03
-1.900000000000000133e+00,1.402839471929692982e-12,2.407160425948492305e-02,9.103931027567201345e-04
-1.895000000000000018e+00,1.765354385346680899e-12,2.729518322025647342e-02,-9.378058331865339776e-04
-1.890000000000000124e+00,2.219264877246798202e-12,2.580073087786251967e-02,-2.764453939342575561e-03
-1.885000000000000009e+00,2.787253189050151902e-12,2.437761322996452248e-02,-4.544678928254064672e-03
-1.880000000000000115e+00,3.497154164711195017e-12,2.577692112755084267e-02,-6.254059963410201622e-03
-1.875000000000000000e+00,4.383594516823327815e-12,2.531678552123095213e-02,-7.869027167653509791e-03
-1.870000000000000107e+00,5.489307290217931934e-12,2.630910946802502218e-02,-9.367250688922121316e-03
-1.864999999999999991e+00,6.867243798484873206e-12,2.583683716934439753e-02,-1.072801165326326550e-02
-1.860000000000000098e+00,8.582720360059527006e-12,2.463580975689923236e-02,-1.193254770079669666e-02
-1.854999999999999982e+00,1.071622004371013496e-11,2.699055384251980091e-02,-1.296436633962577863e-02
-1.850000000000000089e+00,1.336713320126893953e-11,2.560922822132573329e-02,-1.380952004777451746e-02
-1.844999999999999973e+00,1.665744863878677465e-11,2.594987568375485901e-02,-1.445683788187542874e-02
-1.840000000000000080e+00,2.073742260888124698e-11,2.585341668818207442e-02,-1.489810928771987363e-02
-1.834999999999999964e+00,2.579143690174588226e-11,2.683967227468710137e-02,-1.512821682362821239e-02
-1.830000000000000071e+00,3.204621416572801439e-11,2.795436555305074594e-02,-1.514521557334364346e-02
-1.824999999999999956e+00,3.977881639532993766e-11,2.722556442237623192e-02,-1.495035811119776320e-02
-1.820000000000000062e+00,4.932915518569245997e-11,2.608622420079844198e-02,-1.454806496017217211e-02
-1.814999999999999947e+00,6.111272759068080922e-11,2.851727237820429750e-02,-1.394584152699887038e-02
-1.810000000000000053e+00,7.563724787022441998e-11,2.710652890545671781e-02,-1.315414348470225064e-02
-1.804999999999999938e+00,9.352243531599568022e-11,2.858169675236157253e-02,-1.218619348287494110e-02
-1.800000000000000044e+00,1.155240670735913842e-10,3.083199688996726348e-02,-1.105775288495978656e-02
-1.794999999999999929e+00,1.425624351196626488e-10,2.826367808097534490e-02,-9.786852949545980437e-03
-1.790000000000000036e+00,1.757574976573181353e-10,2.996932151311789208e-02,-8.393490483383569262e-03
-1.785000000000000142e+00,2.164704667477215661e-10,2.925192979830341586e-02,-6.899293495347309096e-03
-1.780000000000000027e+00,2.663544367066367369e-10,2.943224634112374255e-02,-5.327162773860431334e-03
-1.775000000000000133e+00,3.274140129455943342e-10,2.886727797977681198e-02,-3.700895598800353105e-03
-1.770000000000000018e+00,4.020783896965070039e-10,2.968420423659410418e-02,-2.044797987076712575e-03
-1.765000000000000124e+00,4.932878716257229738e-10,2.901401681888092499e-02,-3.832919642819518813e-04
-1.760000000000000009e+00,6.045974615961502690e-10,3.108040992659188637e-02,1.259475642192723396e-03
-1.755000000000000115e+00,7.403010418769996768e-10,3.097311686652843080e-02,2.860016476163207769e-03
-1.750000000000000000e+00,9.055795895980952982e-10,3.149360188104927821e-02,4.395869745456242907e-03
-1.745000000000000107e+00,1.106677417136302407e-09,3.071405963443168963e-02,5.845951135538363791e-03
-1.739999999999999991e+00,1.351112981019953958e-09,3.103424103277085608e-02,7.190875872885228726e-03
-1.735000000000000098e+00,1.647928843865416158e-09,3.185924874471496998e-02,8.413250675312343094e-03
-1.729999999999999982e+00,2.007989463172061754e-09,3.343482868439783678e-02,9.497929815138759016e-03
-1.725000000000000089e+00,2.444334148862573775e-09,3.209155158142190656e-02,1.043223108928787585e-02
-1.719999999999999973e+00,2.972596209589870745e-09,3.386533940120178832e-02,1.120610813628287149e-02
-1.715000000000000080e+00,3.611498516410093023e-09,3.263535899340609669e-02,1.181227625951435101e-02
-1.709999999999999964e+00,4.383440863213268307e-09,3.301227875960569685e-02,1.224628970259293917e-02
-1.705000000000000071e+00,5.315192956323427103e-09,3.345347800939681843e-02,1.250656916664614864e-02
-1.699999999999999956e+00,6.438713599336098532e-09,3.392731564022102853e-02,1.259437924842799796e-02
-1.695000000000000062e+00,7.792115179007150213e-09,3.327756573779583338e-02,1.251375639659844247e-02
-1.689999999999999947e+00,9.420800369201703057e-09,3.582016264939905797e-02,1.227138891296032999e-02
-1.685000000000000053e+00,1.137879885867497570e-08,3.530824226719088410e-02,1.187645144518205582e-02
-1.679999999999999938e+00,1.373033788696694363e-08,3.391977064227157113e-02,1.134039730521925471e-02
-1.675000000000000044e+00,1.655168491503554823e-08,3.559316222250265976e-02,1.067671278004719664e-02
-1.669999999999999929e+00,1.993330815281367008e-08,3.514761297689236036e-02,9.900638355476977515e-03
-1.665000000000000036e+00,2.398240495914443054e-08,3.692104077424177705e-02,9.028862427789651271e-03
-1.660000000000000142e+00,2.882585961328257619e-08,3.610331733800620918e-02,8.079193611965967622e-03
-1.655000000000000027e+00,3.461369679594184935e-08,3.571602273169035419e-02,7.070218152808355888e-03
-1.650000000000000133e+00,4.152311113523368010e-08,3.577846152358860748e-02,6.020949193578258724e-03
-1.645000000000000018e+00,4.976316203042219978e-08,3.729732004111770832e-02,4.950474748058738064e-03
-1.640000000000000124e+00,5.958023816234362961e-08,3.724177583772831507e-02,3.877611153419496283e-03
-1.635000000000000009e+00,7.126440832008342071e-08,3.855466337368413515e-02,2.820568555706735262e-03
-1.630000000000000115e+00,8.515679654456126759e-08,3.696072775596486587e-02,1.796634605471820545e-03
-1.625000000000000000e+00,1.016581331773457388e-07,3.803442728946288681e-02,8.218820312944453499e-04
-1.620000000000000107e+00,1.212386600498341532e-07,3.737920452905248853e-02,-8.909486824218504147e-05
-1.614999999999999991e+00,1.444495882205438089e-07,3.978625856335447908e-02,-9.234104965105534258e-04
-1.610000000000000098e+00,1.719363376051624411e-07,3.816663067768485962e-02,-1.670081471531614662e-03
-1.604999999999999982e+00,2.044538144292219544e-07,3.897524749876904449e-02,-2.320180696242987988e-03
-1.600000000000000089e+00,2.428840222720921223e-07,3.865031274880233181e-02,-2.866950162998968109e-03
-1.594999999999999973e+00,2.882563334108377147e-07,4.103261093730124764e-02,-3.305871523757855819e-03
-1.590000000000000080e+00,3.417707983037861484e-07,4.088537662059928135e-02,-3.634694284721125528e-03
-1.584999999999999964e+00,4.048249120389722758e-07,4.277852661468473094e-02,-3.853422264997999683e-03
-1.580000000000000071e+00,4.790443148969189648e-07,4.167794109447589546e-02,-3.964259677955935673e-03
-1.574999999999999956e+00,5.663179582662909681e-07,4.133939620032620055e-02,-3.971518840822712941e-03
-1.570000000000000062e+00,6.688383388103508143e-07,4.401142770680988719e-02,-3.881492086589570858e-03
-1.564999999999999947e+00,7.891474697220556971e-07,4.275128231312355642e-02,-3.702290940510665450e-03
-1.560000000000000053e+00,9.301893439659036376e-07,4.336978457222664257e-02,-3.443656033312883936e-03
-1.554999999999999938e+00,1.095369728162217411e-06,4.347593295410155656e-02,-3.116741559032134082e-03
-1.550000000000000044e+00,1.288624226146290886e-06,4.313331139398728087e-02,-2.733878353722516905e-03
-1.544999999999999929e+00,1.514495655947425281e-06,4.377257158058764364e-02,-2.308319878965339397e-03
-1.540000000000000036e+00,1.778221901640200536e-06,4.496030780773621616e-02,-1.853975548028079842e-03
-1.535000000000000142e+00,2.085835529409321078e-06,4.682449792247879439e-02,-1.385135938036526071e-03
-1.530000000000000027e+00,2.444276596514074732e-06,4.550915704303019199e-02,-9.161944920434603960e-04
-1.525000000000000133e+00,2.861520232952605186e-06,4.635487522261946131e-02,-4.613703316561021677e-04
-1.520000000000000018e+00,3.346720742283905259e-06,4.679060299522463245e-02,-3.443677229046815554e-05
-1.515000000000000124e+00,3.910374143861530534e-06,4.867002348646520121e-02,3.515399444814312660e-04
-1.510000000000000009e+00,4.564501274135423044e-06,4.782686614685909693e-02,6.844473191443407574e-04
-1.505000000000000115e+00,5.322853772139552826e-06,4.693296439760400590e-02,9.533544740616240560e-04
-1.500000000000000000e+00,6.201145496558296870e-06,4.896990876889538435e-02,1.148717317157611642e-03
-1.495000000000000107e+00,7.217312163244246706e-06,4.898449849900438080e-02,1.262557396713303789e-03
-1.489999999999999991e+00,8.391802248517761130e-06,5.152358183879541392e-02,1.288611267117418082e-03
-1.485000000000000098e+00,9.747902473419564490e-06,5.070114123244718468e-02,1.222447676655505702e-03
-1.479999999999999982e+00,1.131210148181745906e-05,5.264628270304012175e-02,1.061550455738744349e-03
-1.475000000000000089e+00,1.311449562279914760e-05,5.134744508660206430e-02,8.053656205979073173e-04
-1.469999999999999973e+00,1.518924108285773429e-05,5.192009501295051510e-02,4.553119023759831453e-04
-1.465000000000000080e+00,1.757505694563577835e-05,5.368502303289354044e-02,1.475464948906690671e-05
-1.459999999999999964e+00,2.031578412223925055e-05,5.476391492111849085e-02,-5.110561869981360182e-04
-1.455000000000000071e+00,2.346100546146824377e-05,5.451725410397614824e-02,-1.115082511285271595e-03
-1.449999999999999956e+00,2.706673274312024338e-05,5.439135079499023834e-02,-1.788626768371063365e-03
-1.445000000000000062e+00,3.119616665240918906e-05,5.637622831381324667e-02,-2.521489946141570928e-03
-1.439999999999999947e+00,3.592053624908727818e-05,5.513038998467060386e-02,-3.302155358187168922e-03
-1.435000000000000053e+00,4.132002486335322209e-05,5.717359797184639464e-02,-4.117994139551904575e-03
-1.429999999999999938e+00,4.748478977856360108e-05,5.642940793808946115e-02,-4.955487967358087470e-03
-1.425000000000000044e+00,5.451608349282921853e-05,5.834753850383766344e-02,-5.800464224324753185e-03
-1.419999999999999929e+00,6.252748477881690846e-05,5.941622422991329339e-02,-6.638338665211700532e-03
-1.415000000000000036e+00,7.164624819149481994e-05,5.931070515546296024e-02,-7.454360627964000396e-03
-1.409999999999999920e+00,8.201478108930933882e-05,5.861499976936210971e-02,-8.233855950971098736e-03
-1.405000000000000027e+00,9.379225763753246885e-05,6.159723725555853874e-02,-8.962463007508461241e-03
-1.400000000000000133e+00,1.071563796496630139e-04,6.186237663637864787e-02,-9.626357635296406076e-03
-1.395000000000000018e+00,1.223052944759477924e-04,6.178098803068417244e-02,-1.021246320560562429e-02
-1.390000000000000124e+00,1.394596804766727659e-04,6.360308037386129543e-02,-1.070864262138909034e-02
-1.385000000000000009e+00,1.588650108983395270e-04,6.462016109187218582e-02,-1.110386963412962266e-02
-1.380000000000000115e+00,1.807940072036927652e-04,6.317264247054425741e-02,-1.138837749958984506e-02
-1.375000000000000000e+00,2.055492930815771484e-04,6.483241602871063491e-02,-1.155378362879356212e-02
-1.370000000000000107e+00,2.334662604663727986e-04,6.923899531237519278e-02,-1.159318950868777447e-02
-1.364999999999999991e+00,2.649161589214274188e-04,6.729157515916781018e-02,-1.150125574545325657e-02
-1.360000000000000098e+00,3.003094196740710084e-04,6.873194669476108409e-02,-1.127425260396846748e-02
-1.354999999999999982e+00,3.400992254231222371e-04,6.847046518255327230e-02,-1.091008686451742406e-02
-1.350000000000000089e+00,3.847853367501693719e-04,7.148822881642376281e-02,-1.040830618181821758e-02
-1.344999999999999973e+00,4.349181855591396266e-04,7.285408566037521183e-02,-9.770082405400630846e-03
-1.340000000000000080e+00,4.911032454071115197e-04,7.173502897241453014e-02,-8.998175502405765178e-03
-1.334999999999999964e+00,5.540056878848285179e-04,7.181217121619326571e-02,-8.096879816406773317e-03
-1.330000000000000071e+00,6.243553333232707264e-04,7.131870755716454569e-02,-7.071954405258975770e-03
-1.324999999999999956e+00,7.029519030394453579e-04,7.850515634962926259e-02,-5.930539137498742723e-03
-1.320000000000000062e+00,7.906705790775124401e-04,7.643389617610968356e-02,-4.681058103545658253e-03
-1.314999999999999947e+00,8.884678759294453937e-04,7.641577973966798276e-02,-3.333111730707117790e-03
-1.310000000000000053e+00,9.973878270257241323e-04,7.791168417571246729e-02,-1.897358797178837729e-03
-1.304999999999999938e+00,1.118568486858450379e-03,8.043355732449944395e-02,-3.853893380950345867e-04
-1.300000000000000044e+00,1.253248747419368793e-03,8.363968385096146041e-02,1.190410755388216424e-03
-1.294999999999999929e+00,1.402775465200479686e-03,8.224577276779275470e-02,2.817002807924902635e-03
-1.290000000000000036e+00,1.568610892302139742e-03,8.369762422607178454e-02,4.480845589115593774e-03
-1.284999999999999920e+00,1.752340402213877456e-03,8.413860210595004718e-02,6.168052254164795370e-03
-1.280000000000000027e+00,1.955680497575473884e-03,8.393926018449537896e-02,7.864553554888473533e-03
-1.275000000000000133e+00,2.180487083683767431e-03,8.868970729209865733e-02,9.556266817390517143e-03
-1.270000000000000018e+00,2.428763987681482189e-03,8.598708896932698298e-02,1.122927005376673885e-02
-1.265000000000000124e+00,2.702671699257652455e-03,8.975560701686376153e-02,1.286998038558894927e-02
-1.260000000000000009e+00,3.004536304300041687e-03,8.843272323094575338e-02,1.446533571696699029e-02
-1.255000000000000115e+00,3.336858578284511261e-03,9.292622953724884172e-02,1.600297831917711980e-02
-1.250000000000000000e+00,3.702323201275382631e-03,9.218666679768056094e-02,1.747143869473215261e-02
-1.245000000000000107e+00,4.103808051257840442e-03,9.538405186964923899e-02,1.886031779581039819e-02
-1.239999999999999991e+00,4.544393527152044976e-03,9.835595875200738025e-02,2.016046540036050064e-02
-1.235000000000000098e+00,5.027371847295179427e-03,9.732472146175231986e-02,2.136415221802442227e-02
-1.229999999999999982e+00,5.556256263446697485e-03,1.004040372106041745e-01,2.246523312445313295e-02
-1.225000000000000089e+00,6.134790124518008959e-03,1.002776951143327377e-01,2.345929882014984036e-02
-1.219999999999999973e+00,6.766955718280013438e-03,1.016550506549032257e-01,2.434381318801509542e-02
-1.215000000000000080e+00,7.456982813313124334e-03,1.047759762025440439e-01,2.511823368693525890e-02
-1.209999999999999964e+00,8.209356817486728602e-03,1.056768278618593349e-01,2.578411226646086171e-02
-1.205000000000000071e+00,9.028826463335590594e-03,1.093464959903084621e-01,2.634517451517397885e-02
-1.199999999999999956e+00,9.920410924908487638e-03,1.100251468310509545e-01,2.680737505338161991e-02
-1.195000000000000062e+00,1.088940626506663088e-02,1.110914601361279036e-01,2.717892753752458243e-02
-1.189999999999999947e+00,1.194139110686688425e-02,1.105422320102244366e-01,2.747030804497865158e-02
-1.185000000000000053e+00,1.308223141766542107e-02,1.132880832931360271e-01,2.769423103886197585e-02
-1.179999999999999938e+00,1.431808428999162622e-02,1.139660328425410596e-01,2.786559755862420482e-02
-1.175000000000000044e+00,1.565540059915792453e-02,1.162952335069470239e-01,2.800141573008564991e-02
-1.169999999999999929e+00,1.710092641407230316e-02,1.205789079527616742e-01,2.812069412695384144e-02
-1.165000000000000036e+00,1.866170303489501567e-02,1.214963038211704788e-01,2.824430893558390471e-02
-1.159999999999999920e+00,2.034506552912043742e-02,1.231282853839609503e-01,2.839484626939101086e-02
-1.155000000000000027e+00,2.215863963646204707e-02,1.255637867946285680e-01,2.859642134485014184e-02
-1.150000000000000133e+00,2.411033691265429546e-02,1.270428595285635065e-01,2.887447656525558154e-02
-1.145000000000000018e+00,2.620834798306374142e-02,1.292332865387144925e-01,2.925556086103249173e-02
-1.140000000000000124e+00,2.846113377889320645e-02,1.309122538571090011e-01,2.976709290677268666e-02
-1.135000000000000009e+00,3.087741463186541649e-02,1.338017692164099048e-01,3.043711107615452993e-02
-1.130000000000000115e+00,3.346615710765198787e-02,1.340591205530150820e-01,3.129401320715655133e-02
-1.125000000000000000e+00,3.623655846405320763e-02,1.373015565048603948e-01,3.236628943139340658e-02
-1.120000000000000107e+00,3.919802862708413743e-02,1.388865111568385047e-01,3.368225147188134289e-02
-1.114999999999999991e+00,4.236016958676181582e-02,1.417805148867510301e-01,3.526976193082692612e-02
-1.110000000000000098e+00,4.573275212452782013e-02,1.434356222518638757e-01,3.715596716943244532e-02
-1.104999999999999982e+00,4.932568979595789577e-02,1.448016533109337534e-01,3.936703742049262045e-02
-1.100000000000000089e+00,5.314901010568019724e-02,1.475084281328146174e-01,4.192791776591202335e-02
-1.094999999999999973e+00,5.721282282629347460e-02,1.502455903813217364e-01,4.486209354875967531e-02
-1.090000000000000080e+00,6.152728542950684082e-02,1.533916196389189246e-01,4.819137366660629362e-02
-1.084999999999999964e+00,6.610256561571115075e-02,1.544682681236407840e-01,5.193569500331521316e-02
-1.080000000000000071e+00,7.094880094767322398e-02,1.587102175807960647e-01,5.611295099511580398e-02
-1.074999999999999956e+00,7.607605561498234636e-02,1.620785821167541607e-01,6.073884698996264569e-02
-1.070000000000000062e+00,8.149427437816406106e-02,1.611333832915363418e-01,6.582678464572799815e-02
-1.064999999999999947e+00,8.721323376493714252e-02,1.646285682044865972e-01,7.138777712437571754e-02
-1.060000000000000053e+00,9.324249061577687125e-02,1.672977809072107303e-01,7.743039628097490856e-02
-1.054999999999999938e+00,9.959132810164762761e-02,1.695919945501174475e-01,8.396075242744151235e-02
-1.050000000000000044e+00,1.062686993632928345e-01,1.710756437037078415e-01,9.098250658396382640e-02
-1.044999999999999929e+00,1.132831689486587246e-01,1.745919767771714481e-01,9.849691443320811313e-02
-1.040000000000000036e+00,1.206428522526668407e-01,1.778489611912606738e-01,1.065029004837784316e-01
-1.034999999999999920e+00,1.283553531914278512e-01,1.791974713079832193e-01,1.149971602529055448e-01
-1.030000000000000027e+00,1.364277003708589675e-01,1.827783558340139725e-01,1.239742876186919057e-01
-1.024999999999999911e+00,1.448662820372914051e-01,1.855050310262384705e-01,1.334269238942569769e-01
-1.020000000000000018e+00,1.536767801247473642e-01,1.885576829714855351e-01,1.433459246638695839e-01
-1.015000000000000124e+00,1.628641037398702585e-01,1.905282398837419289e-01,1.537205400160356339e-01
-1.010000000000000009e+00,1.724323224506963126e-01,1.959653033602311023e-01,1.645386035280413661e-01
-1.005000000000000115e+00,1.823845997692882248e-01,1.969166830293823389e-01,1.757867252131801727e-01
-1.000000000000000000e+00,1.927231272403892581e-01,2.000819106729524455e-01,1.874504836422815068e-01
-9.949999999999999956e-01,2.034490595684166625e-01,2.013669707667662123e-01,1.995146125951923199e-01
-9.899999999999999911e-01,2.145624512329813716e-01,2.065084819383663783e-01,2.119631778791833399e-01
-9.849999999999999867e-01,2.260621950584195683e-01,2.081407077526021554e-01,2.247797403570234442e-01
-9.799999999999999822e-01,2.379459632152431670e-01,2.122355204083212210e-01,2.379475017399622638e-01
-9.749999999999999778e-01,2.502101511407137657e-01,2.153368570394174342e-01,2.514494302978553253e-01
-9.699999999999999734e-01,2.628498248716356067e-01,2.155018361541647109e-01,2.652683642954286602e-01
-9.649999999999999689e-01,2.758586722847362616e-01,2.183535112012822688e-01,2.793870916542151028e-01
-9.599999999999999645e-01,2.892289587384203053e-01,2.207127420409457919e-01,2.937884050384143575e-01
-9.550000000000000711e-01,3.029514876040811933e-01,2.247783331257765527e-01,3.084551322459207490e-01
-9.500000000000000666e-01,3.170155661653625279e-01,2.287174377533509051e-01,3.233701424322696361e-01
-9.450000000000000622e-01,3.314089773496662894e-01,2.316478561337023123e-01,3.385163292880126185e-01
-9.400000000000000577e-01,3.461179577377194172e-01,2.325753827665216489e-01,3.538765728165094160e-01
-9.350000000000000533e-01,3.611271822740956261e-01,2.364848360923784143e-01,3.694336818108322484e-01
-9.300000000000000488e-01,3.764197560742283399e-01,2.394527072243856358e-01,3.851703195016071279e-01
-9.250000000000000444e-01,3.919772136917081817e-01,2.409795369877734406e-01,4.010689151418926901e-01
-9.200000000000000400e-01,4.077795261735989718e-01,2.453915741024728925e-01,4.171115645136779237e-01
-9.150000000000000355e-01,4.238051161912828602e-01,2.469036821095961509e-01,4.332799224885984235e-01
-9.100000000000000311e-01,4.400308814901207066e-01,2.523290762774945684e-01,4.495550908599124096e-01
-9.050000000000000266e-01,4.564322268532410853e-01,2.538729530220796282e-01,4.659175046912566454e-01
-9.000000000000000222e-01,4.729831047232991303e-01,2.543077785223714637e-01,4.823468204078304455e-01
-8.950000000000000178e-01,4.896560645714209126e-01,2.585484397427809666e-01,4.988218087944044643e-01
-8.900000000000000133e-01,5.064223110451162579e-01,2.597564150645348402e-01,5.153202559680989392e-01
-8.850000000000000089e-01,5.232517708671284851e-01,2.638181538048894881e-01,5.318188752667332153e-01
-8.800000000000000044e-01,5.401131683954204510e-01,2.661076809093696482e-01,5.482932328392867705e-01
-8.750000000000000000e-01,5.569741096912707023e-01,2.675978823727914180e-01,5.647176895452590273e-01
-8.699999999999999956e-01,5.738011748782775312e-01,2.719925128273913972e-01,5.810653615651981685e-01
-8.649999999999999911e-01,5.905600185104850075e-01,2.743577073737973882e-01,5.973081018946020393e-01
-8.599999999999999867e-01,6.072154776034058843e-01,2.766279108840260514e-01,6.134165046361564899e-01
-8.549999999999999822e-01,6.237316869180232759e-01,2.774026682716370651e-01,6.293599337186495113e-01
-8.499999999999999778e-01,6.400722010254676908e-01,2.817346826009878846e-01,6.451065773519770730e-01
-8.449999999999999734e-01,6.562001226196135795e-01,2.813037281181534066e-01,6.606235291738549176e-01
-8.399999999999999689e-01,6.720782364868671532e-01,2.855523263028695302e-01,6.758768966525831035e-01
-8.349999999999999645e-01,6.876691484875864235e-01,2.877623562482295450e-01,6.908319368798222504e-01
-8.300000000000000711e-01,7.029354288523494976e-01,2.880443185274102480e-01,7.054532194172599135e-01
-8.250000000000000666e-01,7.178397590493333924e-01,2.921968616750946213e-01,7.197048153524125969e-01
-8.200000000000000622e-01,7.323450814367956641e-01,2.925746777874053683e-01,7.335505111746846163e-01
-8.150000000000000577e-01,7.464147508776451945e-01,2.962281929974911465e-01,7.469540455090248887e-01
-8.100000000000000533e-01,7.600126874617243455e-01,2.983910935341873016e-01,7.598793661494707141e-01
-8.050000000000000488e-01,7.731035294561400262e-01,2.993756209455459838e-01,7.722909042303470750e-01
-8.000000000000000444e-01,7.856527855851210829e-01,3.008490581886482107e-01,7.841538617736567574e-01
-7.950000000000000400e-01,7.976269857287265896e-01,3.008278837036031383e-01,7.954345082751758111e-01
-7.900000000000000355e-01,8.089938291245298840e-01,3.041473024820987026e-01,8.061004814597081403e-01
-7.850000000000000311e-01,8.197223291583205507e-01,3.043734775701548156e-01,8.161210868704767973e-01
-7.800000000000000266e-01,8.297829538389995818e-01,3.053178687104730615e-01,8.254675905828510185e-01
-7.750000000000000222e-01,8.391477610692408273e-01,3.080177266642479261e-01,8.341134990726867260e-01
-7.700000000000000178e-01,8.477905278470898587e-01,3.098032228103236863e-01,8.420348201473965011e-01
-7.650000000000000133e-01,8.556868725643994589e-01,3.122471727547569409e-01,8.492102988840898314e-01
-7.600000000000000089e-01,8.628143696056368439e-01,3.118134449341189995e-01,8.556216227299897614e-01
-7.550000000000000044e-01,8.691526554949245975e-01,3.128027520365656011e-01,8.612535903169327156e-01
-7.500000000000000000e-01,8.746835258898690846e-01,3.156640147948983066e-01,8.660942391285202380e-01
-7.449999999999999956e-01,8.793910227773877875e-01,3.143711530508878083e-01,8.701349279320360619e-01
-7.399999999999999911e-01,8.832615112889510289e-01,3.152017263699112282e-01,8.733703708363533824e-01
-7.349999999999999867e-01,8.862837456198796593e-01,3.172403852494418697e-01,8.757986209417153445e-01
-7.299999999999999822e-01,8.884489236090468145e-01,3.175790439071674576e-01,8.774210027796940370e-01
-7.249999999999999778e-01,8.897507296109066210e-01,3.166779738564442503e-01,8.782419940664327740e-01
-7.199999999999999734e-01,8.901853653705722458e-01,3.177644329774899079e-01,8.782690586679322564e-01
-7.149999999999999689e-01,8.897515686940351554e-01,3.186150170038395957e-01,8.775124340565744196e-01
-7.099999999999999645e-01,8.884506197887890311e-01,3.187505913346969644e-01,8.759848778743525299e-01
-7.049999999999999600e-01,8.862863352344738654e-01,3.198109270538691540e-01,8.737013794609598261e-01
-7.000000000000000666e-01,8.832650496278268148e-01,3.178703748360213188e-01,8.706788433060326238e-01
-6.950000000000000622e-01,8.793955850305936739e-01,3.188894352192117587e-01,8.669357523003132782e-01
-6.900000000000000577e-01,8.746892084322870353e-01,3.198765907118836793e-01,8.624918193520465515e-01
-6.850000000000000533e-01,8.691595775211209407e-01,3.174102843377517025e-01,8.573676363717938065e-01
-6.800000000000000488e-01,8.628226751353473833e-01,3.177947470363344795e-01,8.515843297896917852e-01
-6.750000000000000444e-01,8.556967328429221364e-01,3.180583578605961081e-01,8.451632316425515823e-01
-6.700000000000000400e-01,8.478021441692852322e-01,3.165335675277220484e-01,8.381255748537017602e-01
-6.650000000000000355e-01,8.391613680604309566e-01,3.171063909205191766e-01,8.304922206365837889e-01
-6.600000000000000311e-01,8.297988232308458612e-01,3.160076290452883963e-01,8.222834250047645899e-01
-6.550000000000000266e-01,8.197407741027601391e-01,3.143976308544908504e-01,8.135186501971400919e-01
-6.500000000000000222e-01,8.090152090940858631e-01,3.151694144153085464e-01,8.042164254668798806e-01
-6.450000000000000178e-01,7.976517120569819319e-01,3.151711582463130878e-01,7.943942601823034133e-01
-6.400000000000000133e-01,7.856813277069027990e-01,3.140866529381049488e-01,7.840686105988209365e-01
-6.350000000000000089e-01,7.731364219129793769e-01,3.134211297547512265e-01,7.732549000375509296e-01
-6.300000000000000044e-01,7.600505377444772837e-01,3.128012050015279710e-01,7.619675906036410540e-01
-6.250000000000000000e-01,7.464582481847690243e-01,3.119063157726659763e-01,7.502203030498623137e-01
-6.199999999999999956e-01,7.323950064336907095e-01,3.105762228776866585e-01,7.380259799896075057e-01
-6.149999999999999911e-01,7.178969947213803549e-01,3.075860804073414778e-01,7.253970864339888136e-01
-6.099999999999999867e-01,7.030009725517839536e-01,3.080721361538071856e-01,7.123458406093156059e-01
-6.049999999999999822e-01,6.877441252821696605e-01,3.049945729282911855e-01,6.988844672348394349e-01
-5.999999999999999778e-01,6.721639139263962948e-01,3.060370348364053195e-01,6.850254649279654551e-01
-5.949999999999999734e-01,6.562979270446646085e-01,3.040945736129491150e-01,6.707818791666947389e-01
-5.899999999999999689e-01,6.401837355513602112e-01,3.048968721481205568e-01,6.561675722782911446e-01
-5.849999999999999645e-01,6.238587512357844922e-01,3.025291354357783624e-01,6.411974822299660870e-01
-5.799999999999999600e-01,6.073600897484813244e-01,3.013977795154244577e-01,6.258878625529661344e-01
-5.750000000000000666e-01,5.907244387590265822e-01,2.979570043069394991e-01,6.102564965081201942e-01
-5.700000000000000622e-01,5.739879319400044144e-01,2.997815160804863654e-01,5.943228795633679340e-01
-5.650000000000000577e-01,5.571860293770600769e-01,2.963948440684315844e-01,5.781083653608480866e-01
-5.600000000000000533e-01,5.403534049468898814e-01,2.938138750453780368e-01,5.616362715574838571e-01
-5.550000000000000488e-01,5.235238411444281814e-01,2.925525883536512772e-01,5.449319431816005421e-01
-5.500000000000000444e-01,5.067301317778761804e-01,2.916598873511875856e-01,5.280227724119035404e-01
-5.450000000000000400e-01,4.900039928861762428e-01,2.900643898159077638e-01,5.109381749095635028e-01
-5.400000000000000355e-01,4.733759821686541747e-01,2.868625656263616430e-01,4.937095239786929990e-01
-5.350000000000000311e-01,4.568754271513947307e-01,2.863811726558723736e-01,4.763700448604428206e-01
-5.300000000000000266e-01,4.405303622500268967e-01,2.823105622696805983e-01,4.589546723535180561e-01
-5.250000000000000222e-01,4.243674748245158113e-01,2.822552658674278847e-01,4.414998756790305956e-01
-5.200000000000000178e-01,4.084120602587843485e-01,2.807535985961586711e-01,4.240434550580501338e-01
-5.150000000000000133e-01,3.926879860369846265e-01,2.792550242445107633e-01,4.066243148416819886e-01
-5.100000000000000089e-01,3.772176647294576135e-01,2.765743561779753223e-01,3.892822182287526411e-01
-5.050000000000000044e-01,3.620220357452396676e-01,2.771168178357265588e-01,3.720575286343603683e-01
-5.000000000000000000e-01,3.471205556547648508e-01,2.746432460524673713e-01,3.549909426481506758e-01
-4.949999999999999956e-01,3.325311968364850213e-01,2.721082897838670300e-01,3.381232192625373556e-01
-4.899999999999999911e-01,3.182704541547408672e-01,2.705993971354643812e-01,3.214949096797234396e-01
-4.849999999999999867e-01,3.043533593336115728e-01,2.686501743930244657e-01,3.051460915453805822e-01
-4.799999999999999822e-01,2.907935026528027933e-01,2.689777333263318471e-01,2.891161109302377019e-01
-4.750000000000000333e-01,2.776030615570531657e-01,2.644484225425866031e-01,2.734433348127066066e-01
-4.700000000000000289e-01,2.647928357401183042e-01,2.634069858228146321e-01,2.581649162293710442e-01
-4.650000000000000244e-01,2.523722882381889687e-01,2.623175563953381584e-01,2.433165736782040289e-01
-4.600000000000000200e-01,2.403495920456000523e-01,2.601979335542456417e-01,2.289323858024281400e-01
-4.550000000000000155e-01,2.287316817478711461e-01,2.598810490841730325e-01,2.150446018702134865e-01
-4.500000000000000111e-01,2.175243096533961695e-01,2.564237108406876575e-01,2.016834681136704943e-01
-4.450000000000000067e-01,2.067321058953736357e-01,2.552335629629631786e-01,1.888770696143412253e-01
-4.400000000000000022e-01,1.963586419696924379e-01,2.538781843930325577e-01,1.766511871331377936e-01
-4.349999999999999978e-01,1.864064971723073394e-01,2.547599519721314154e-01,1.650291680888346380e-01
-4.299999999999999933e-01,1.768773274009449725e-01,2.517377130974636779e-01,1.540318107955093163e-01
-4.249999999999999889e-01,1.677719357905958775e-01,2.522010606571743474e-01,1.436772610767780289e-01
-4.199999999999999845e-01,1.590903446599096216e-01,2.482739086532764761e-01,1.339809204799345677e-01
-4.150000000000000355e-01,1.508318682561207991e-01,2.486086062781291683e-01,1.249553655090587384e-01
-4.100000000000000311e-01,1.429951857992140252e-01,2.462932699114729618e-01,1.166102775712347384e-01
-4.050000000000000266e-01,1.355784143414664467e-01,2.459755809114759495e-01,1.089523836692415648e-01
-4.000000000000000222e-01,1.285791809760079007e-01,2.448403596964540962e-01,1.019854082591028777e-01
-3.950000000000000178e-01,1.219946939473914305e-01,2.435825837836287366e-01,9.571003710082154337e-02
-3.900000000000000133e-01,1.158218122380995779e-01,2.414762549788961321e-01,9.012389434303319513e-02
-3.850000000000000089e-01,1.100571132272158276e-01,2.398753571170690879e-01,8.522153447388196301e-02
-3.800000000000000044e-01,1.046969580409152362e-01,2.416954866327320761e-01,8.099445111813984022e-02
-3.750000000000000000e-01,9.973755423878401249e-02,2.396152280343277763e-01,7.743110494253245546e-02
-3.699999999999999956e-01,9.517501550504871288e-02,2.373918564037071632e-01,7.451697312762234349e-02
-3.649999999999999911e-01,9.100541803941478158e-02,2.375174372736048589e-01,7.223462295833139868e-02
-3.599999999999999867e-01,8.722485336820157142e-02,2.356562620838300870e-01,7.056381206266230943e-02
-3.549999999999999822e-01,8.382947732268884733e-02,2.358662652503197843e-01,6.948161767967041269e-02
-3.500000000000000333e-01,8.081555495790296306e-02,2.369241953034340320e-01,6.896259705777900428e-02
-3.450000000000000289e-01,7.817950121139338737e-02,2.356972690062119624e-01,6.897898067208207973e-02
-3.400000000000000244e-01,7.591791712775020073e-02,2.342916709414472887e-01,6.950089940798977184e-02
-3.350000000000000200e-01,7.402762150065769764e-02,2.344816103177503885e-01,7.049664619659953835e-02
-3.300000000000000155e-01,7.250567781006743429e-02,2.334339183539809737e-01,7.193297181735323897e-02
-3.250000000000000111e-01,7.134941635760226608e-02,2.332483899222788648e-01,7.377541372316283319e-02
-3.200000000000000067e-01,7.055645152850786861e-02,2.319880262507554025e-01,7.598865581370622957e-02
-3.150000000000000022e-01,7.012469413336422375e-02,2.328897621447746369e-01,7.853691610964752545e-02
-3.099999999999999978e-01,7.005235880731551512e-02,2.332293218119425027e-01,8.138435829286436163e-02
-3.049999999999999933e-01,7.033796646881418368e-02,2.336092660927384101e-01,8.449552210736561986e-02
-2.999999999999999889e-01,7.098034186377015498e-02,2.301333744096430434e-01,8.783576669619883037e-02
-2.949999999999999845e-01,7.197860624459830048e-02,2.333236185375788807e-01,9.137172011598394816e-02
-2.899999999999999800e-01,7.333216525695185339e-02,2.331007809649977003e-01,9.507172755757452298e-02
-2.850000000000000311e-01,7.504069212995038984e-02,2.310344154796163396e-01,9.890629024135337566e-02
-2.800000000000000266e-01,7.710410628845208725e-02,2.331046676086223624e-01,1.028484865789340563e-01
-2.750000000000000222e-01,7.952254752840712260e-02,2.334036902070664443e-01,1.068743670244855642e-01
-2.700000000000000178e-01,8.229634591853915437e-02,2.323904295287907429e-01,1.109633140977318577e-01
-2.650000000000000133e-01,8.542598761354804060e-02,2.345247300715609939e-01,1.150983593585926806e-01
-2.600000000000000089e-01,8.891207678567795980e-02,2.364203076213579613e-01,1.192664496536733898e-01
-2.550000000000000044e-01,9.275529390282193087e-02,2.362930986052186599e-01,1.234586557318138045e-01
-2.500000000000000000e-01,9.695635060229794433e-02,2.363045239651210272e-01,1.276703173245717637e-01
-2.449999999999999956e-01,1.015159414299783430e-01,2.351015702739746027e-01,1.319011199840378901e-01
-2.399999999999999911e-01,1.064346927344980986e-01,2.371694334514949098e-01,1.361551003324434073e-01
-2.350000000000000144e-01,1.117131090257557080e-01,2.371906691368877718e-01,1.404405778662818349e-01
-2.300000000000000100e-01,1.173515171257049766e-01,2.361746154933272446e-01,1.447700130273414099e-01
-2.250000000000000056e-01,1.233500084574622457e-01,2.376251374407131189e-01,1.491597928552542418e-01
-2.200000000000000011e-01,1.297083798358330820e-01,2.381333445002276339e-01,1.536299471209254808e-01
-2.149999999999999967e-01,1.364260731384123460e-01,2.407393645930059056e-01,1.582037993574839374e-01
-2.099999999999999922e-01,1.435021142512311609e-01,2.415619033270351435e-01,1.629075586080913352e-01
-2.050000000000000155e-01,1.509350516963924305e-01,2.409355764907176178e-01,1.677698589554326991e-01
-2.000000000000000111e-01,1.587228953610510807e-01,2.438793117974466240e-01,1.728212549496824790e-01
-1.950000000000000067e-01,1.668630557573128337e-01,2.414757594792225903e-01,1.780936818817096257e-01
-1.900000000000000022e-01,1.753522842509325497e-01,2.451144091173666217e-01,1.836198904366246887e-01
-1.849999999999999978e-01,1.841866147029489476e-01,2.446857189695041679e-01,1.894328655992203736e-01
-1.799999999999999933e-01,1.933613069723816857e-01,2.443816029583304461e-01,1.955652397671522880e-01
-1.750000000000000167e-01,2.028707927296973801e-01,2.468749094007896272e-01,2.020487098686618299e-01
-1.700000000000000122e-01,2.127086240297377806e-01,2.470188305221718839e-01,2.089134678972030812e-01
-1.650000000000000078e-01,2.228674250890561315e-01,2.484851941164143985e-01,2.161876536910212199e-01
-1.600000000000000033e-01,2.333388477059665234e-01,2.513436551404555908e-01,2.238968380332188590e-01
-1.549999999999999989e-01,2.441135307519871067e-01,2.505387401665391534e-01,2.320635432636705131e-01
-1.499999999999999944e-01,2.551810641506008226e-01,2.524502530106523257e-01,2.407068076171073046e-01
-1.449999999999999900e-01,2.665299577433374312e-01,2.533670468544331755e-01,2.498417984714340068e-01
-1.400000000000000133e-01,2.781476154239954091e-01,2.578788341805055562e-01,2.594794786449671764e-01
-1.350000000000000089e-01,2.900203148993892865e-01,2.546620758470531931e-01,2.696263288553614190e-01
-1.300000000000000044e-01,3.021331934092845728e-01,2.580031448657194026e-01,2.802841284762411234e-01
-1.250000000000000000e-01,3.144702397092564161e-01,2.585096745447254540e-01,2.914497958229910757e-01
-1.199999999999999956e-01,3.270142925880915041e-01,2.581714161772402094e-01,3.031152883823903244e-01
-1.150000000000000050e-01,3.397470461562053234e-01,2.621881786824032945e-01,3.152675626797208364e-01
-1.100000000000000006e-01,3.526490621034585882e-01,2.639788573283534112e-01,3.278885928513757264e-01
-1.049999999999999961e-01,3.656997890839472909e-01,2.637661604642335123e-01,3.409554464538391283e-01
-1.000000000000000056e-01,3.788775893419832896e-01,2.664766742392696841e-01,3.544404155778518861e-01
-9.500000000000000111e-02,3.921597726478573409e-01,2.672437565070128196e-01,3.683112009320752556e-01
-8.999999999999999667e-02,4.055226375643311010e-01,2.701173634697238146e-01,3.825311461935712032e-01
-8.500000000000000611e-02,4.189415200154933960e-01,2.701704109384528985e-01,3.970595195726270288e-01
-8.000000000000000167e-02,4.323908490789322157e-01,2.704127740952653736e-01,4.118518391884138929e-01
-7.499999999999999722e-02,4.458442098705444057e-01,2.703883280378905907e-01,4.268602384853399379e-01
-7.000000000000000666e-02,4.592744133390792571e-01,2.729158562264237808e-01,4.420338675288083552e-01
-6.500000000000000222e-02,4.726535727351353633e-01,2.738862204198205808e-01,4.573193256018078801e-01
-5.999999999999999778e-02,4.859531864672377299e-01,2.734375886512072085e-01,4.726611200858293338e-01
-5.500000000000000028e-02,4.991442270062476649e-01,2.763492357375474939e-01,4.880021461645405179e-01
-5.000000000000000278e-02,5.121972354491709511e-01,2.763265148173931207e-01,5.032841814564569249e-01
-4.499999999999999833e-02,5.250824213049050115e-01,2.813610470639790195e-01,5.184483892891218471e-01
-4.000000000000000083e-02,5.377697670180289213e-01,2.796275092634967208e-01,5.334358240013931107e-01
-3.500000000000000333e-02,5.502291367028934177e-01,2.829270423946637636e-01,5.481879314325877051e-01
-2.999999999999999889e-02,5.624303885194156249e-01,2.828160018334993087e-01,5.626470376569484566e-01
-2.500000000000000139e-02,5.743434900845860724e-01,2.846227818683529365e-01,5.767568190746161783e-01
-2.000000000000000042e-02,5.859386362801328740e-01,2.845664657832299715e-01,5.904627471956692686e-01
-1.499999999999999944e-02,5.971863687874606752e-01,2.873312979193437533e-01,6.037125018635733920e-01
-1.000000000000000021e-02,6.080576966562394325e-01,2.874658592927977763e-01,6.164563472609837502e-01
-5.000000000000000104e-03,6.185242171931486510e-01,2.883073292116490882e-01,6.286474658168114127e-01
0.000000000000000000e+00,6.285582364425942314e-01,2.875395517905884324e-01,6.402422460712646757e-01
5.000000000000000104e-03,6.381328885219139657e-01,2.911841911634577285e-01,6.512005216281865350e-01
1.000000000000000021e-02,6.472222530698544807e-01,2.901270793695874262e-01,6.614857594964479448e-01
1.499999999999999944e-02,6.558014700690861787e-01,2.895796661186509913e-01,6.710651973526522429e-01
2.000000000000000042e-02,6.638468513112755209e-01,2.909389672111617475e-01,6.799099305003090121e-01
2.500000000000000139e-02,6.713359877868035896e-01,2.927391145129142336e-01,6.879949505079276939e-01
2.999999999999999889e-02,6.782478523005567306e-01,2.944082428680178665e-01,6.952991386331013324e-01
3.500000000000000333e-02,6.845628966402316218e-01,2.937270478948997843e-01,7.018052181371582376e-01
4.000000000000000083e-02,6.902631426541552262e-01,2.941861150763183663e-01,7.074996704263697422e-01
4.499999999999999833e-02,6.953322666315153722e-01,2.929609626620786056e-01,7.123726205890179575e-01
5.000000000000000278e-02,6.997556764188651579e-01,2.936838156771201525e-01,7.164176983097008122e-01
5.500000000000000028e-02,7.035205807525097832e-01,2.953698318223745289e-01,7.196318803195490554e-01
5.999999999999999778e-02,7.066160503365418455e-01,2.941271805034175735e-01,7.220153204807784331e-01
6.500000000000000222e-02,7.090330702504664684e-01,2.946879291520763111e-01,7.235711733135576917e-01
7.000000000000000666e-02,7.107645833280864522e-01,2.941873791556486317e-01,7.243054162703738141e-01
7.499999999999999722e-02,7.118055242101528624e-01,2.942271356095495505e-01,7.242266753748836106e-01
8.000000000000000167e-02,7.121528438366676594e-01,2.967375743543648747e-01,7.233460580033758136e-01
8.500000000000000611e-02,7.118055242101528624e-01,2.951634916876827441e-01,7.216769956388567886e-01
8.999999999999999667e-02,7.107645833280863412e-01,2.951381236529941887e-01,7.192350984155571059e-01
9.500000000000000111e-02,7.090330702504662463e-01,2.937256003731256726e-01,7.160380222431643737e-01
1.000000000000000056e-01,7.066160503365418455e-01,2.947648765084340816e-01,7.121053483027415254e-01
1.049999999999999961e-01,7.035205807525097832e-01,2.940995970498651579e-01,7.074584737852773753e-01
1.100000000000000006e-01,6.997556764188651579e-01,2.944036490734123768e-01,7.021205119401406902e-01
1.150000000000000050e-01,6.953322666315153722e-01,2.953079840219498542e-01,6.961161988488635544e-01
1.199999999999999956e-01,6.902631426541552262e-01,2.938225969295278905e-01,6.894718038666715065e-01
1.250000000000000000e-01,6.845628966402316218e-01,2.936786423774565558e-01,6.822150403980260513e-01
1.300000000000000044e-01,6.782478523005566196e-01,2.921546899479625092e-01,6.743749736013946450e-01
1.350000000000000089e-01,6.713359877868034786e-01,2.901241900775652360e-01,6.659819217512495948e-01
1.400000000000000133e-01,6.638468513112752989e-01,2.930069002599623440e-01,6.570673483106326263e-01
1.449999999999999900e-01,6.558014700690862897e-01,2.923388763842461047e-01,6.476637422654863974e-01
1.499999999999999944e-01,6.472222530698544807e-01,2.890133483889646415e-01,6.378044849144174355e-01
1.549999999999999989e-01,6.381328885219137437e-01,2.895655962962068175e-01,6.275237020601778237e-01
1.600000000000000033e-01,6.285582364425942314e-01,2.896511663348232957e-01,6.168561013728641740e-01
1.650000000000000078e-01,6.185242171931486510e-01,2.864462845181336426e-01,6.058367955478424216e-01
1.700000000000000122e-01,6.080576966562396546e-01,2.867963291484634802e-01,5.945011127211191626e-01
1.750000000000000167e-01,5.971863687874608972e-01,2.850758557784844327e-01,5.828843963901217951e-01
1.799999999999999933e-01,5.859386362801328740e-01,2.864520041033049025e-01,5.710217977807329204e-01
1.849999999999999978e-01,5.743434900845862945e-01,2.827347893496624520e-01,5.589480641691637608e-01
1.900000000000000022e-01,5.624303885194157360e-01,2.832136723276557633e-01,5.466973270836630316e-01
1.950000000000000067e-01,5.502291367028934177e-01,2.799431398494499623e-01,5.343028945578611744e-01
2.000000000000000111e-01,5.377697670180289213e-01,2.805251220306975712e-01,5.217970516749563803e-01
2.050000000000000155e-01,5.250824213049050115e-01,2.781522261664629014e-01,5.092108735292679711e-01
2.099999999999999922e-01,5.121972354491708401e-01,2.788291460059269533e-01,4.965740544471236584e-01
2.149999999999999967e-01,4.991442270062474429e-01,2.770021049625486786e-01,4.839147568690966295e-01
2.200000000000000011e-01,4.859531864672377299e-01,2.744837992786643421e-01,4.712594827243980489e-01
2.250000000000000056e-01,4.726535727351351968e-01,2.749052826253303716e-01,4.586329694558236580e-01
2.300000000000000100e-01,4.592744133390792016e-01,2.730007261297414667e-01,4.460581121147015327e-01
2.350000000000000144e-01,4.458442098705444057e-01,2.712541573153387509e-01,4.335559121771295210e-01
2.399999999999999911e-01,4.323908490789322157e-01,2.700277851448644184e-01,4.211454529732207575e-01
2.449999999999999956e-01,4.189415200154935071e-01,2.691099812324168061e-01,4.088439009067219576e-01
2.500000000000000000e-01,4.055226375643312675e-01,2.691066611053576363e-01,3.966665310062756356e-01
2.550000000000000044e-01,3.921597726478572854e-01,2.675385774269903316e-01,3.846267748198526348e-01
2.600000000000000089e-01,3.788775893419832896e-01,2.653883270257653137e-01,3.727362882618340811e-01
2.650000000000000133e-01,3.656997890839472909e-01,2.634573464524555542e-01,3.610050367613810707e-01
2.700000000000000178e-01,3.526490621034585327e-01,2.640381167902282611e-01,3.494413949463064939e-01
2.750000000000000222e-01,3.397470461562052679e-01,2.637008658064006750e-01,3.380522581247925040e-01
2.800000000000000266e-01,3.270142925880915041e-01,2.593185251430131233e-01,3.268431629859701593e-01
2.850000000000000311e-01,3.144702397092564161e-01,2.593172841493018854e-01,3.158184152094997144e-01
2.899999999999999800e-01,3.021331934092847393e-01,2.576067655656598676e-01,3.049812220275441299e-01
2.949999999999999845e-01,2.900203148993894531e-01,2.569415138285955358e-01,2.943338281882400542e-01
2.999999999999999889e-01,2.781476154239955756e-01,2.559298747072165647e-01,2.838776541937777509e-01
3.049999999999999933e-01,2.665299577433374312e-01,2.555944730866848702e-01,2.736134360927768294e-01
3.099999999999999978e-01,2.551810641506007671e-01,2.533128349451570505e-01,2.635413664621330532e-01
3.150000000000000022e-01,2.441135307519871067e-01,2.508467933575530551e-01,2.536612364871215775e-01
3.200000000000000067e-01,2.333388477059665234e-01,2.503574376643764587e-01,2.439725792155499617e-01
3.250000000000000111e-01,2.228674250890560204e-01,2.481132345406069917e-01,2.344748141046108791e-01
3.300000000000000155e-01,2.127086240297377806e-01,2.484555257607179435e-01,2.251673928887902576e-01
3.350000000000000200e-01,2.028707927296972136e-01,2.473047940630259123e-01,2.160499465746565095e-01
3.400000000000000244e-01,1.933613069723817690e-01,2.454206128507126494e-01,2.071224330239567757e-01
3.450000000000000289e-01,1.841866147029490031e-01,2.464645137216898985e-01,1.983852841404021294e-01
3.500000000000000333e-01,1.753522842509324109e-01,2.431183850097616839e-01,1.898395511564295035e-01
3.549999999999999822e-01,1.668630557573127782e-01,2.426325540905246991e-01,1.814870459599617347e-01
3.599999999999999867e-01,1.587228953610511362e-01,2.406235296952468905e-01,1.733304758485310626e-01
3.649999999999999911e-01,1.509350516963925415e-01,2.401874892170608455e-01,1.653735685926397969e-01
3.699999999999999956e-01,1.435021142512312720e-01,2.403891144404330382e-01,1.576211842753710013e-01
3.750000000000000000e-01,1.364260731384123737e-01,2.395903593164215029e-01,1.500794100916584828e-01
3.800000000000000044e-01,1.297083798358331652e-01,2.393147793890634534e-01,1.427556341732968970e-01
3.850000000000000089e-01,1.233500084574622457e-01,2.390737460334043940e-01,1.356585945817764816e-01
3.900000000000000133e-01,1.173515171257049072e-01,2.382794637521299663e-01,1.287983998971132804e-01
3.950000000000000178e-01,1.117131090257556109e-01,2.372079317855512182e-01,1.221865183322999732e-01
4.000000000000000222e-01,1.064346927344981542e-01,2.362702202130488038e-01,1.158357330123936518e-01
4.050000000000000266e-01,1.015159414299784124e-01,2.349545692994311485e-01,1.097600619547613038e-01
4.100000000000000311e-01,9.695635060229813862e-02,2.358113727125401571e-01,1.039746423407864329e-01
4.150000000000000355e-01,9.275529390282195863e-02,2.359483701218958729e-01,9.849557983703190189e-02
4.199999999999999845e-01,8.891207678567802919e-02,2.335866900013871816e-01,9.333976495491035086e-02
4.249999999999999889e-01,8.542598761354816550e-02,2.357748154521695783e-01,8.852465967593876883e-02
4.299999999999999933e-01,8.229634591853912662e-02,2.332919992243846774e-01,8.406805875563033714e-02
4.349999999999999978e-01,7.952254752840721974e-02,2.316923143376176664e-01,7.998783119478343473e-02
4.400000000000000022e-01,7.710410628845200398e-02,2.335686272333728775e-01,7.630164827782767722e-02
4.450000000000000067e-01,7.504069212995030658e-02,2.326733476733188755e-01,7.302670527656940358e-02
4.500000000000000111e-01,7.333216525695189503e-02,2.316218031844547998e-01,7.017944436646930684e-02
4.550000000000000155e-01,7.197860624459834211e-02,2.323355897028308581e-01,6.777528647525035699e-02
4.600000000000000200e-01,7.098034186377021049e-02,2.325673232655118550e-01,6.582837966767357551e-02
4.650000000000000244e-01,7.033796646881421144e-02,2.315897670760305449e-01,6.435137126664598750e-02
4.700000000000000289e-01,7.005235880731540410e-02,2.316619365194296509e-01,6.335521023431078813e-02
4.750000000000000333e-01,7.012469413336415436e-02,2.326451377644937479e-01,6.284898541527235427e-02
4.799999999999999822e-01,7.055645152850788249e-02,2.330407872940516989e-01,6.283980411626878537e-02
4.849999999999999867e-01,7.134941635760225220e-02,2.322992466572970649e-01,6.333271421053644767e-02
4.899999999999999911e-01,7.250567781006751755e-02,2.328169246237944967e-01,6.433067156491076299e-02
4.949999999999999956e-01,7.402762150065766988e-02,2.340307326727279480e-01,6.583455315093794669e-02
5.000000000000000000e-01,7.591791712775014522e-02,2.351933868515189152e-01,6.784321477605832762e-02
5.050000000000000044e-01,7.817950121139335962e-02,2.362153932896097763e-01,7.035359101251853486e-02
5.100000000000000089e-01,8.081555495790287980e-02,2.346491813672249571e-01,7.336083366057447042e-02
5.150000000000000133e-01,8.382947732268880570e-02,2.374512998641970518e-01,7.685848400157724303e-02
5.200000000000000178e-01,8.722485336820157142e-02,2.372727190032745681e-01,8.083867320976137472e-02
5.250000000000000222e-01,9.100541803941478158e-02,2.375793781088582912e-01,8.529234462279106088e-02
5.300000000000000266e-01,9.517501550504881003e-02,2.407271226600494751e-01,9.020949113373824546e-02
5.350000000000000311e-01,9.973755423878402637e-02,2.407745092592743774e-01,9.557940076419320363e-02
5.400000000000000355e-01,1.046969580409151807e-01,2.400331545639400321e-01,1.013909035028145167e-01
5.450000000000000400e-01,1.100571132272158276e-01,2.415657743169796756e-01,1.076326127305973906e-01
5.500000000000000444e-01,1.158218122380995641e-01,2.415039163733922190e-01,1.142931549809517167e-01
5.550000000000000488e-01,1.219946939473914999e-01,2.441681790816339348e-01,1.213613823713593637e-01
5.600000000000000533e-01,1.285791809760078730e-01,2.436386653218883536e-01,1.288265627622635912e-01
5.650000000000000577e-01,1.355784143414663911e-01,2.474313462709969158e-01,1.366785435140562555e-01
5.700000000000000622e-01,1.429951857992140252e-01,2.467628253299324337e-01,1.449078855904098462e-01
5.750000000000000666e-01,1.508318682561207436e-01,2.463514641926413673e-01,1.535059656624673530e-01
5.799999999999999600e-01,1.590903446599095661e-01,2.520967140191292533e-01,1.624650447724323155e-01
5.849999999999999645e-01,1.677719357905957664e-01,2.508098698275951222e-01,1.717783029890831981e-01
5.899999999999999689e-01,1.768773274009447227e-01,2.529647266527468297e-01,1.814398403075421495e-01
5.949999999999999734e-01,1.864064971723071451e-01,2.528226847701487978e-01,1.914446447917341199e-01
5.999999999999999778e-01,1.963586419696923546e-01,2.563606014706069636e-01,2.017885296155096930e-01
6.049999999999999822e-01,2.067321058953734969e-01,2.547541707197989447e-01,2.124680412173087785e-01
6.099999999999999867e-01,2.175243096533960585e-01,2.576772583089688706e-01,2.234803412383501997e-01
6.149999999999999911e-01,2.287316817478709796e-01,2.610092840563620897e-01,2.348230652650437622e-01
6.199999999999999956e-01,2.403495920455998858e-01,2.614778657578437637e-01,2.464941616461760188e-01
6.250000000000000000e-01,2.523722882381888577e-01,2.618810384973088157e-01,2.584917138119857127e-01
6.300000000000000044e-01,2.647928357401180821e-01,2.631456249276543091e-01,2.708137495957892438e-01
6.350000000000000089e-01,2.776030615570530546e-01,2.653786126050950989e-01,2.834580410624164548e-01
6.400000000000000133e-01,2.907935026528026823e-01,2.665396858994921181e-01,2.964218982955466597e-01
6.450000000000000178e-01,3.043533593336115728e-01,2.682739742472022848e-01,3.097019605030685852e-01
6.500000000000000222e-01,3.182704541547407562e-01,2.721639832100871681e-01,3.232939876803395673e-01
6.550000000000000266e-01,3.325311968364849102e-01,2.730938772072502574e-01,3.371926559387343758e-01
6.600000000000000311e-01,3.471205556547646842e-01,2.745760808619182036e-01,3.513913594721844169e-01
6.650000000000000355e-01,3.620220357452396120e-01,2.757287105472870925e-01,3.658820220054463390e-01
6.700000000000000400e-01,3.772176647294575580e-01,2.759325769537232520e-01,3.806549204491050942e-01
6.750000000000000444e-01,3.926879860369846265e-01,2.802675477329222842e-01,3.956985233787000955e-01
6.800000000000000488e-01,4.084120602587841820e-01,2.809618148584381303e-01,4.109993468557771590e-01
6.850000000000000533e-01,4.243674748245158113e-01,2.823742264813691172e-01,4.265418300107856608e-01
6.900000000000000577e-01,4.405303622500267302e-01,2.831283034942074228e-01,4.423082327021189419e-01
6.950000000000000622e-01,4.568754271513947307e-01,2.875539605491157502e-01,4.582785574408789753e-01
7.000000000000000666e-01,4.733759821686540636e-01,2.876498477155529643e-01,4.744304976145458652e-01
7.049999999999999600e-01,4.900039928861761318e-01,2.889411200759930409e-01,4.907394138421705132e-01
7.099999999999999645e-01,5.067301317778757364e-01,2.883769789864354949e-01,5.071783400378261364e-01
7.149999999999999689e-01,5.235238411444276263e-01,2.937058265457968553e-01,5.237180204390006200e-01
7.199999999999999734e-01,5.403534049468894374e-01,2.945686453305943475e-01,5.403269784670958753e-01
7.249999999999999778e-01,5.571860293770598549e-01,2.948457634511578718e-01,5.569716178272925422e-01
7.299999999999999822e-01,5.739879319400039703e-01,2.969379613505396809e-01,5.736163557284920111e-01
7.349999999999999867e-01,5.907244387590262491e-01,2.989505158687184028e-01,5.902237875200190276e-01
7.399999999999999911e-01,6.073600897484811023e-01,2.988978601012886593e-01,6.067548814141424662e-01
7.449999999999999956e-01,6.238587512357842702e-01,3.028704521248490877e-01,6.231692013107767991e-01
7.500000000000000000e-01,6.401837355513601002e-01,2.994820454580622293e-01,6.394251550850256205e-01
7.550000000000000044e-01,6.562979270446644975e-01,3.027326825377854580e-01,6.554802650641970985e-01
7.600000000000000089e-01,6.721639139263962948e-01,3.065416298555495578e-01,6.712914568341417088e-01
7.650000000000000133e-01,6.877441252821695494e-01,3.062939760580242754e-01,6.868153620007102500e-01
7.700000000000000178e-01,7.030009725517838426e-01,3.096222155089476402e-01,7.020086301140657792e-01
7.750000000000000222e-01,7.178969947213803549e-01,3.088087765387986794e-01,7.168282446618152726e-01
7.800000000000000266e-01,7.323950064336907095e-01,3.098240141972032902e-01,7.312318378668244412e-01
7.850000000000000311e-01,7.464582481847690243e-01,3.118530792301631438e-01,7.451779989974925966e-01
7.900000000000000355e-01,7.600505377444770616e-01,3.125422833091976993e-01,7.586265710162026776e-01
7.950000000000000400e-01,7.731364219129790438e-01,3.148477176345033657e-01,7.715389306536759584e-01
8.000000000000000444e-01,7.856813277069027990e-01,3.144310266429007350e-01,7.838782473951593222e-01
8.050000000000000488e-01,7.976517120569818209e-01,3.149957610614452785e-01,7.956097173854692617e-01
8.100000000000000533e-01,8.090152090940857521e-01,3.146848003475153366e-01,8.067007688863164772e-01
8.150000000000000577e-01,8.197407741027600281e-01,3.159332797389209357e-01,8.171212366299920316e-01
8.200000000000000622e-01,8.297988232308455281e-01,3.164036095239870505e-01,8.268435031852970907e-01
8.250000000000000666e-01,8.391613680604307346e-01,3.181186269121017984e-01,8.358426062603530049e-01
8.300000000000000711e-01,8.478021441692847882e-01,3.169837436330655844e-01,8.440963116885729089e-01
8.349999999999999645e-01,8.556967328429218034e-01,3.170847783017122778e-01,8.515851526554382156e-01
8.399999999999999689e-01,8.628226751353469393e-01,3.182924847089955156e-01,8.582924365032601477e-01
8.449999999999999734e-01,8.691595775211208297e-01,3.196532317797356471e-01,8.642042211791215456e-01
8.499999999999999778e-01,8.746892084322868133e-01,3.188255460162964239e-01,8.693092640503874424e-01
8.549999999999999822e-01,8.793955850305936739e-01,3.184943768708846656e-01,8.735989463870533767e-01
8.599999999999999867e-01,8.832650496278268148e-01,3.168448777223923374e-01,8.770671772876075245e-01
8.649999999999999911e-01,8.862863352344736434e-01,3.198370888685853619e-01,8.797102811935497702e-01
8.699999999999999956e-01,8.884506197887888090e-01,3.192915881476562356e-01,8.815268733876487905e-01
8.750000000000000000e-01,8.897515686940349333e-01,3.172526795533771038e-01,8.825177279945725095e-01
8.800000000000000044e-01,8.901853653705722458e-01,3.182072076489713131e-01,8.826856429939849980e-01
8.850000000000000089e-01,8.897507296109061770e-01,3.160485385880551501e-01,8.820353066119865915e-01
8.900000000000000133e-01,8.884489236090467035e-01,3.171125796449199008e-01,8.805731691764594471e-01
8.950000000000000178e-01,8.862837456198796593e-01,3.165956634530756597e-01,8.783073241083417804e-01
9.000000000000000222e-01,8.832615112889508069e-01,3.160562074769601160e-01,8.752474011813137222e-01
9.050000000000000266e-01,8.793910227773876764e-01,3.150476609046446996e-01,8.714044745287876648e-01
9.100000000000000311e-01,8.746835258898689736e-01,3.119875368532497029e-01,8.667909871266883393e-01
9.150000000000000355e-01,8.691526554949244865e-01,3.123060786192501936e-01,8.614206926559218047e-01
9.200000000000000400e-01,8.628143696056368439e-01,3.117927927473768679e-01,8.553086147773247827e-01
9.250000000000000444e-01,8.556868725643993479e-01,3.095131191281567662e-01,8.484710229667846715e-01
9.300000000000000488e-01,8.477905278470895256e-01,3.078430312957426973e-01,8.409254231945927360e-01
9.350000000000000533e-01,8.391477610692404943e-01,3.078746253929657284e-01,8.326905609288492993e-01
9.400000000000000577e-01,8.297829538389995818e-01,3.060232220381420287e-01,8.237864332353710406e-01
9.450000000000000622e-01,8.197223291583204396e-01,3.070318127756158644e-01,8.142343061718132491e-01
9.500000000000000666e-01,8.089938291245296620e-01,3.041400235550850151e-01,8.040567332629661168e-01
9.550000000000000711e-01,7.976269857287268117e-01,3.000767456322453453e-01,7.932775706223655909e-01
9.599999999999999645e-01,7.856527855851214159e-01,3.041067739870287889e-01,7.819219842693577727e-01
9.649999999999999689e-01,7.731035294561403592e-01,3.004623143397100460e-01,7.700164453876580106e-01
9.699999999999999734e-01,7.600126874617243455e-01,2.981371877225701961e-01,7.575887096777581542e-01
9.749999999999999778e-01,7.464147508776454165e-01,2.968067997652349410e-01,7.446677775571501900e-01
9.799999999999999822e-01,7.323450814367957751e-01,2.929093316029862115e-01,7.312838327344894918e-01
9.849999999999999867e-01,7.178397590493338365e-01,2.915708408482314828e-01,7.174681575926791233e-01
9.899999999999999911e-01,7.029354288523497196e-01,2.911195514228187564e-01,7.032530248198420875e-01
9.949999999999999956e-01,6.876691484875862015e-01,2.875991442322241021e-01,6.886715657792650269e-01
1.000000000000000000e+00,6.720782364868670422e-01,2.846758753753821369e-01,6.737576171597603469e-01
1.005000000000000115e+00,6.562001226196133574e-01,2.824741066849075777e-01,6.585455484461516518e-01
1.010000000000000009e+00,6.400722010254676908e-01,2.809136593570504270e-01,6.430700736481115287e-01
1.015000000000000124e+00,6.237316869180229428e-01,2.807778989752451326e-01,6.273660514811341127e-01
1.020000000000000018e+00,6.072154776034058843e-01,2.752285274705901785e-01,6.114682787703579203e-01
1.024999999999999911e+00,5.905600185104852295e-01,2.734360992135863588e-01,5.954112822189407961e-01
1.030000000000000027e+00,5.738011748782775312e-01,2.711933366611554708e-01,5.792291138308492959e-01
1.034999999999999920e+00,5.569741096912708134e-01,2.676474280899376335e-01,5.629551551968791090e-01
1.040000000000000036e+00,5.401131683954206730e-01,2.661916547817523848e-01,5.466219355472213826e-01
1.044999999999999929e+00,5.232517708671287071e-01,2.648833500520971218e-01,5.302609679589692648e-01
1.050000000000000044e+00,5.064223110451162579e-01,2.620124936900437018e-01,5.139026074076934458e-01
1.054999999999999938e+00,4.896560645714209126e-01,2.575269117509935146e-01,4.975759335015318974e-01
1.060000000000000053e+00,4.729831047232992969e-01,2.544891925398050092e-01,4.813086597742441408e-01
1.064999999999999947e+00,4.564322268532410853e-01,2.544091920838456033e-01,4.651270703848497945e-01
1.070000000000000062e+00,4.400308814901207066e-01,2.497159203558524665e-01,4.490559840231918565e-01
1.074999999999999956e+00,4.238051161912828046e-01,2.472385178863190924e-01,4.331187438005492107e-01
1.080000000000000071e+00,4.077795261735990273e-01,2.454662762049724389e-01,4.173372309582927264e-01
1.084999999999999964e+00,3.919772136917082928e-01,2.421991717731425964e-01,4.017318993973283958e-01
1.090000000000000080e+00,3.764197560742286175e-01,2.384626036160963913e-01,3.863218273527944668e-01
1.094999999999999973e+00,3.611271822740957926e-01,2.366296516956403195e-01,3.711247820406554099e-01
1.100000000000000089e+00,3.461179577377194727e-01,2.346990772780700729e-01,3.561572928050920073e-01
1.104999999999999982e+00,3.314089773496664004e-01,2.315034579058373454e-01,3.414347282077754286e-01
1.110000000000000098e+00,3.170155661653626389e-01,2.294314210184857927e-01,3.269713726220656036e-01
1.114999999999999991e+00,3.029514876040811933e-01,2.266680455385299275e-01,3.127804982164716918e-01
1.120000000000000107e+00,2.892289587384201388e-01,2.227557645168559697e-01,2.988744287128717869e-01
1.125000000000000000e+00,2.758586722847360950e-01,2.197691819342646458e-01,2.852645919579661071e-01
1.130000000000000115e+00,2.628498248716355512e-01,2.162529670585713049e-01,2.719615591167343083e-01
1.135000000000000009e+00,2.502101511407136547e-01,2.139595291472913829e-01,2.589750691450070086e-01
1.140000000000000124e+00,2.379459632152431670e-01,2.127442196747846848e-01,2.463140380825775133e-01
1.145000000000000018e+00,2.260621950584194850e-01,2.093113945592448566e-01,2.339865535864732726e-01
1.150000000000000133e+00,2.145624512329814548e-01,2.058995145285251460e-01,2.219998559554161033e-01
1.155000000000000027e+00,2.034490595684168290e-01,2.036960812608116789e-01,2.103603076446811382e-01
1.159999999999999920e+00,1.927231272403895634e-01,1.978000384847755644e-01,1.990733539042439104e-01
1.165000000000000036e+00,1.823845997692884746e-01,1.953447319632617141e-01,1.881434776681526477e-01
1.169999999999999929e+00,1.724323224506966179e-01,1.924208133737770332e-01,1.775741521626517383e-01
1.175000000000000044e+00,1.628641037398704805e-01,1.919334227639879487e-01,1.673677948761118639e-01
1.179999999999999938e+00,1.536767801247475584e-01,1.886224839503443940e-01,1.575257265443071597e-01
1.185000000000000053e+00,1.448662820372914606e-01,1.873039746069369016e-01,1.480481386562528534e-01
1.189999999999999947e+00,1.364277003708589953e-01,1.831722537042194676e-01,1.389340726913302904e-01
1.195000000000000062e+00,1.283553531914278234e-01,1.805131073519742335e-01,1.301814138754303907e-01
1.199999999999999956e+00,1.206428522526668407e-01,1.794259128166768580e-01,1.217869017139635857e-01
1.205000000000000071e+00,1.132831689486586829e-01,1.748155854792204644e-01,1.137461589470385309e-01
1.209999999999999964e+00,1.062686993632928345e-01,1.721287140156553541e-01,1.060537399023602084e-01
1.215000000000000080e+00,9.959132810164753047e-02,1.700172987845718631e-01,9.870319852045458808e-02
1.219999999999999973e+00,9.324249061577689901e-02,1.701631659840803223e-01,9.168717561973235841e-02
1.225000000000000089e+00,8.721323376493721191e-02,1.628575653429371328e-01,8.499750427967099620e-02
1.229999999999999982e+00,8.149427437816406106e-02,1.614465429884972547e-01,7.862533157094221681e-02
1.235000000000000098e+00,7.607605561498229085e-02,1.605008691372694363e-01,7.256125427128479188e-02
1.239999999999999991e+00,7.094880094767319623e-02,1.566280353941033598e-01,6.679546569241265330e-02
1.245000000000000107e+00,6.610256561571110911e-02,1.552126730303542423e-01,6.131791032044270340e-02
1.250000000000000000e+00,6.152728542950693796e-02,1.528168637848363598e-01,5.611844265135986637e-02
1.255000000000000115e+00,5.721282282629351623e-02,1.502516866837082521e-01,5.118698639200214978e-02
1.260000000000000009e+00,5.314901010568033601e-02,1.496126497181100579e-01,4.651369010049253433e-02
1.265000000000000124e+00,4.932568979595799985e-02,1.470378940521364919e-01,4.208907535926521837e-02
1.270000000000000018e+00,4.573275212452784094e-02,1.435162841623933982e-01,3.790417370665471325e-02
1.275000000000000133e+00,4.236016958676189215e-02,1.411070397163418366e-01,3.395064879369646266e-02
1.280000000000000027e+00,3.919802862708428315e-02,1.387751001616152058e-01,3.022090057255857540e-02
1.284999999999999920e+00,3.623655846405329090e-02,1.369651467889174412e-01,2.670814874999009533e-02
1.290000000000000036e+00,3.346615710765216828e-02,1.343029457234186375e-01,2.340649323896670103e-02
1.294999999999999929e+00,3.087741463186543384e-02,1.339144417572931678e-01,2.031094989811242993e-02
1.300000000000000044e+00,2.846113377889325502e-02,1.302941789603026812e-01,1.741746044377541144e-02
1.304999999999999938e+00,2.620834798306381080e-02,1.305641107451197824e-01,1.472287603591090378e-02
1.310000000000000053e+00,2.411033691265430587e-02,1.274563153640816404e-01,1.222491465824137799e-02
1.314999999999999947e+00,2.215863963646204360e-02,1.250178743457424912e-01,9.922093018752339844e-03
1.320000000000000062e+00,2.034506552912044436e-02,1.216138943963021302e-01,7.813634273500682029e-03
1.324999999999999956e+00,1.866170303489514404e-02,1.207944023377420378e-01,5.899353411859505243e-03
1.330000000000000071e+00,1.710092641407246275e-02,1.167131374179575104e-01,4.179522624718756511e-03
1.334999999999999964e+00,1.565540059915799739e-02,1.178878682050781279e-01,2.654719401134182991e-03
1.340000000000000080e+00,1.431808428999168173e-02,1.159952720854136865e-01,1.325660458895386090e-03
1.344999999999999973e+00,1.308223141766549566e-02,1.132371967342339220e-01,1.930249080971246239e-04
1.350000000000000089e+00,1.194139110686694670e-02,1.118789235998320225e-01,-7.427297258304245420e-04
1.354999999999999982e+00,1.088940626506664650e-02,1.103203232946472490e-01,-1.481554830774623301e-03
1.360000000000000098e+00,9.920410924908487638e-03,1.098445692531811041e-01,-2.023997499136855147e-03
1.364999999999999991e+00,9.028826463335677330e-03,1.071757512429998838e-01,-2.371382851522739043e-03
1.370000000000000107e+00,8.209356817486851768e-03,1.044098697250156471e-01,-2.525987978293825660e-03
1.375000000000000000e+00,7.456982813313087904e-03,1.039205800107869115e-01,-2.491203653864789130e-03
1.380000000000000115e+00,6.766955718279988284e-03,1.023178477694946520e-01,-2.271680100883878388e-03
1.385000000000000009e+00,6.134790124518072277e-03,9.955559794463805789e-02,-1.873453256171224175e-03
1.390000000000000124e+00,5.556256263446707894e-03,9.854916220263228166e-02,-1.304048218262238287e-03
1.395000000000000018e+00,5.027371847295247081e-03,9.762318508997701316e-02,-5.725568395879297766e-04
1.400000000000000133e+00,4.544393527152150794e-03,9.688299845955490597e-02,3.103132332206624496e-04
1.405000000000000027e+00,4.103808051257852585e-03,9.488536028069700923e-02,1.332220366931764549e-03
1.409999999999999920e+00,3.702323201275442045e-03,9.281029738573338961e-02,2.479203431052669823e-03
1.415000000000000036e+00,3.336858578284463556e-03,9.282450605310543779e-02,3.735730277924076588e-03
1.419999999999999929e+00,3.004536304300034315e-03,9.104240327394393095e-02,5.084780936372441940e-03
1.425000000000000044e+00,2.702671699257625133e-03,8.943911736360619924e-02,6.507965597758544156e-03
1.429999999999999938e+00,2.428763987681341677e-03,8.822165441704726829e-02,7.985676778414546942e-03
1.435000000000000053e+00,2.180487083683742711e-03,8.655432757622044670e-02,9.497274307125902829e-03
1.439999999999999947e+00,1.955680497575408832e-03,8.629801302495725135e-02,1.102130102463287110e-02
1.445000000000000062e+00,1.752340402213798092e-03,8.289932026682625410e-02,1.253572631221399822e-02
1.449999999999999956e+00,1.568610892302178773e-03,8.133356895723127533e-02,1.401821380951280734e-02
1.455000000000000071e+00,1.402775465200454316e-03,8.369972439210444926e-02,1.544640896234445761e-02
1.459999999999999964e+00,1.253248747419334966e-03,8.084943386337289928e-02,1.679824138543722575e-02
1.465000000000000080e+00,1.118568486858409396e-03,7.990809766982179263e-02,1.805223645985519834e-02
1.469999999999999973e+00,9.973878270256308909e-04,8.018666269578046679e-02,1.918783013663896003e-02
1.475000000000000089e+00,8.884678759294030014e-04,7.732937033832310014e-02,2.018568061107287731e-02
1.479999999999999982e+00,7.906705790775467009e-04,7.606949629322562467e-02,2.102797038625310935e-02
1.485000000000000098e+00,7.029519030394866660e-04,7.336188078464668527e-02,2.169869227545161497e-02
1.489999999999999991e+00,6.243553333233174555e-04,7.701977802610252000e-02,2.218391310845339859e-02
1.495000000000000107e+00,5.540056878848249400e-04,7.456282735911433368e-02,2.247200930853801917e-02
1.500000000000000000e+00,4.911032454070778010e-04,7.365436719690644785e-02,2.255386908653880459e-02
1.505000000000000115e+00,4.349181855591568654e-04,7.158958317218458434e-02,2.242305674075223756e-02
1.510000000000000009e+00,3.847853367501685045e-04,7.179672832899838819e-02,2.207593543257820382e-02
1.515000000000000124e+00,3.400992254230719302e-04,7.146713930817788496e-02,2.151174579693426736e-02
1.520000000000000018e+00,3.003094196741717308e-04,6.901976291764638782e-02,2.073263880721838703e-02
1.525000000000000133e+00,2.649161589214458503e-04,6.937850744620849275e-02,1.974366240686651827e-02
1.530000000000000027e+00,2.334662604664921421e-04,6.658947946078397351e-02,1.855270250138498292e-02
1.535000000000000142e+00,2.055492930815465196e-04,6.682416032665390582e-02,1.717037993517050651e-02
1.540000000000000036e+00,1.807940072036739814e-04,6.501885413698728355e-02,1.560990601811183473e-02
1.544999999999999929e+00,1.588650108983721615e-04,6.365348421182662197e-02,1.388689998497111971e-02
1.550000000000000044e+00,1.394596804766449290e-04,6.315534740945333292e-02,1.201917243973933506e-02
1.554999999999999938e+00,1.223052944759321799e-04,6.240895071471667943e-02,1.002647933987589786e-02
1.560000000000000053e+00,1.071563796496008349e-04,6.203591479159351746e-02,7.930251403203818564e-03
1.564999999999999947e+00,9.379225763755386829e-05,6.296051000952392063e-02,5.753303974419945316e-03
1.570000000000000062e+00,8.201478108933716216e-05,6.023212805801008568e-02,3.519532379175629392e-03
1.574999999999999956e+00,7.164624819150741024e-05,5.996912687609831649e-02,1.253597640295519471e-03
1.580000000000000071e+00,6.252748477876886475e-05,5.745837628348040432e-02,-1.019392841308468679e-03
1.584999999999999964e+00,5.451608349282258456e-05,5.722056387481824075e-02,-3.274205398208973692e-03
1.590000000000000080e+00,4.748478977853283007e-05,5.656703763459468987e-02,-5.485797171392177950e-03
1.594999999999999973e+00,4.132002486332495830e-05,5.872251508742335618e-02,-7.629626752613083429e-03
1.600000000000000089e+00,3.592053624908258901e-05,5.609334865065492004e-02,-9.681955418151694595e-03
1.604999999999999982e+00,3.119616665234284944e-05,5.510828898399351000e-02,-1.162013635564328184e-02
1.610000000000000098e+00,2.706673274308665005e-05,5.591370446700705960e-02,-1.342288959790179093e-02
1.614999999999999991e+00,2.346100546136984565e-05,5.466011894175375196e-02,-1.507056060851401369e-02
1.620000000000000107e+00,2.031578412210800110e-05,5.163928019276077530e-02,-1.654536060559284177e-02
1.625000000000000000e+00,1.757505694559358255e-05,5.394425820543857775e-02,-1.783158676353100575e-02
1.630000000000000115e+00,1.518924108274435893e-05,5.456187896578436336e-02,-1.891582040722097902e-02
1.635000000000000009e+00,1.311449562276659274e-05,4.960241593946148470e-02,-1.978710122655824577e-02
1.640000000000000124e+00,1.131210148181837724e-05,5.187269294683116705e-02,-2.043707541512513118e-02
1.645000000000000018e+00,9.747902473481523256e-06,5.217410414023700843e-02,-2.086011550487261793e-02
1.650000000000000133e+00,8.391802248548249234e-06,4.934016929567809628e-02,-2.105340956047669146e-02
1.655000000000000027e+00,7.217312163290127092e-06,4.828642586608930531e-02,-2.101701734560510251e-02
1.660000000000000142e+00,6.201145496558959250e-06,4.883807847644782568e-02,-2.075389110981609372e-02
1.665000000000000036e+00,5.322853772127235273e-06,4.772779380141301681e-02,-2.026985879635381099e-02
1.669999999999999929e+00,4.564501274048752939e-06,4.838492433497239287e-02,-1.957356775899215737e-02
1.675000000000000044e+00,3.910374143809852207e-06,4.749801785365075080e-02,-1.867638751352740378e-02
1.679999999999999938e+00,3.346720742240472374e-06,4.703623109772152311e-02,-1.759227064085285355e-02
1.685000000000000053e+00,2.861520232918465100e-06,4.737289584722097213e-02,-1.633757169795097344e-02
1.689999999999999947e+00,2.444276596422738746e-06,4.308541125758972440e-02,-1.493082486490148082e-02
1.695000000000000062e+00,2.085835529363419515e-06,4.467445077239094731e-02,-1.339248203479581449e-02
1.699999999999999956e+00,1.778221901618678276e-06,4.271832476274004670e-02,-1.174461410541577031e-02
1.705000000000000071e+00,1.514495655984987804e-06,4.386800363916073392e-02,-1.001057931612876935e-02
1.709999999999999964e+00,1.288624226049791599e-06,4.345982211959853458e-02,-8.214663545393607533e-03
1.715000000000000080e+00,1.095369728127740629e-06,4.338342896134635834e-02,-6.381698495945269112e-03
1.719999999999999973e+00,9.301893438994841843e-07,4.332311244213652573e-02,-4.536664599168296723e-03
1.725000000000000089e+00,7.891474696609957389e-07,4.462561229740566460e-02,-2.704286222906325966e-03
1.729999999999999982e+00,6.688383388169775765e-07,4.264505396987402358e-02,-9.086273293343829658e-04
1.735000000000000098e+00,5.663179583727044584e-07,4.189138417734600967e-02,8.273039300180826637e-04
1.739999999999999991e+00,4.790443149446721413e-07,4.194752130900609999e-02,2.481933098881320635e-03
1.745000000000000107e+00,4.048249121016460964e-07,4.185401794319260765e-02,4.035471357752448869e-03
1.750000000000000000e+00,3.417707982235092891e-07,4.190972916670113180e-02,5.470233518366457957e-03
1.755000000000000115e+00,2.882563334098084108e-07,4.074577652570980646e-02,6.770914735651239851e-03
1.760000000000000009e+00,2.428840223092213351e-07,3.997961745396658856e-02,7.924819501009228509e-03
1.765000000000000124e+00,2.044538144929175615e-07,4.077566299370983388e-02,8.922037583748385417e-03
1.770000000000000018e+00,1.719363376647191011e-07,3.860029162973496741e-02,9.755562859178361010e-03
1.775000000000000133e+00,1.444495882609892086e-07,3.651692415658711055e-02,1.042135236203019753e-02
1.780000000000000027e+00,1.212386600737594987e-07,3.910798607946980310e-02,1.091832438802677573e-02
1.785000000000000142e+00,1.016581332639036651e-07,4.085004508794597144e-02,1.124829598827621450e-02
1.790000000000000036e+00,8.515679655185035668e-08,3.693527743593762874e-02,1.141586171387142315e-02
1.794999999999999929e+00,7.126440830385489148e-08,3.824825253941871450e-02,1.142821692618756907e-02
1.800000000000000044e+00,5.958023814969109482e-08,3.688763403224740167e-02,1.129493034894642547e-02
1.804999999999999938e+00,4.976316203813635383e-08,3.678812051225187341e-02,1.102767176236743758e-02
1.810000000000000053e+00,4.152311109464701117e-08,3.651371950470716499e-02,1.063990179354697835e-02
1.814999999999999947e+00,3.461369671109955520e-08,3.782094117570693192e-02,1.014653161260892916e-02
1.820000000000000062e+00,2.882585959847891188e-08,3.618699805991690971e-02,9.563560979398361486e-03
1.824999999999999956e+00,2.398240498829736237e-08,3.346707952968765859e-02,8.907703485950695804e-03
1.830000000000000071e+00,1.993330811349811637e-08,3.468614909220956583e-02,8.196007998147134335e-03
1.834999999999999964e+00,1.655168494304805276e-08,3.631427810034348197e-02,7.445485215794685023e-03
1.840000000000000080e+00,1.373033788468062469e-08,3.334553778498403065e-02,6.672747950967560480e-03
1.844999999999999973e+00,1.137879882965813824e-08,3.435348097075510698e-02,5.893673183615714961e-03
1.850000000000000089e+00,9.420800342922826814e-09,3.188225092206801309e-02,5.123093211680460057e-03
1.854999999999999982e+00,7.792115120537178894e-09,3.229311248120694117e-02,4.374522295716187260e-03
1.860000000000000098e+00,6.438713595950060337e-09,3.238742117088529854e-02,3.659924135900804228e-03
1.864999999999999991e+00,5.315192972072092316e-09,3.402033611487915304e-02,2.989524345949024116e-03
1.870000000000000107e+00,4.383440770349410014e-09,3.307797516337484395e-02,2.371670839899654801e-03
1.875000000000000000e+00,3.611498497472512959e-09,3.383896395582133149e-02,1.812743761122020351e-03
1.880000000000000115e+00,2.972596250098464578e-09,3.173311415637738303e-02,1.317115294872812361e-03
1.885000000000000009e+00,2.444334210546557019e-09,3.120831306846031175e-02,8.871584518393724281e-04
1.890000000000000124e+00,2.007989505727848606e-09,3.036646719464841659e-02,5.233027232342830209e-04
1.895000000000000018e+00,1.647928847887634206e-09,3.281232903388286992e-02,2.241334178663857842e-04
1.900000000000000133e+00,1.351112975195642089e-09,3.003723758689469739e-02,-1.346947605823345385e-05
1.905000000000000027e+00,1.106677470185459733e-09,3.125842843989225239e-02,-1.941578857200217448e-04
1.910000000000000142e+00,9.055796181200807381e-10,3.063324112442578420e-02,-3.239133502480745215e-04
1.915000000000000036e+00,7.403011174270878362e-10,3.005925714146409633e-02,-4.098219566261983868e-04
1.919999999999999929e+00,6.045974987500683558e-10,3.045029272578489432e-02,-4.598329666887745180e-04
1.925000000000000044e+00,4.932878679634586701e-10,3.105079310561303929e-02,-4.825077214916646644e-04
1.929999999999999938e+00,4.020784156940169856e-10,2.921977122299472193e-02,-4.867653671809127423e-04
1.935000000000000053e+00,3.274140059753871463e-10,2.933884341813747937e-02,-4.816317354691932481e-04
1.939999999999999947e+00,2.663544485888697217e-10,2.934713844091470930e-02,-4.759973436291081088e-04
1.945000000000000062e+00,2.164705741354993560e-10,2.670676294060762151e-02,-4.783899694583860899e-04
1.949999999999999956e+00,1.757575652542641330e-10,2.909580412195123672e-02,-4.967666250923343874e-04
1.955000000000000071e+00,1.425624577677778129e-10,3.038367302559650401e-02,-5.383290220148400805e-04
1.959999999999999964e+00,1.155240897787709987e-10,2.987079624246376935e-02,-6.093658127145052360e-04
1.965000000000000080e+00,9.352250344818255471e-11,2.819486017410240478e-02,-7.151240381888185685e-04
1.969999999999999973e+00,7.563729620111632533e-11,2.773338575587860552e-02,-8.597113319307254009e-04
1.975000000000000089e+00,6.111276282657116234e-11,2.743930396133600555e-02,-1.046029556837927083e-03
1.979999999999999982e+00,4.932917969805702450e-11,2.864714647191372171e-02,-1.275739707521305775e-03
1.985000000000000098e+00,3.977892144272638754e-11,2.800310808153967310e-02,-1.549257120492739982e-03
1.989999999999999991e+00,3.204628834888890884e-11,2.629371274580319384e-02,-1.865775319618156449e-03
1.995000000000000107e+00,2.579154776564433345e-11,2.660207162959185925e-02,-2.223316201383965848e-03
2.000000000000000000e+00,2.073742507491216215e-11,2.554247988851743312e-02,-2.618803747180379476e-03
2.004999999999999893e+00,1.665744396935491805e-11,2.428548094758873482e-02,-3.048158046656434823e-03
2.010000000000000231e+00,1.336720742983714793e-11,2.684123657292819196e-02,-3.506406131443630392e-03
2.015000000000000124e+00,1.071633353906971078e-11,2.507022315400599458e-02,-3.987805951969713644e-03
2.020000000000000018e+00,8.582780234670701864e-12,2.794452178089546282e-02,-4.485979777438624944e-03
2.024999999999999911e+00,6.867254948398570131e-12,2.509198353940704507e-02,-4.994053352672295915e-03
2.030000000000000249e+00,5.489321968828519155e-12,2.434224955493320339e-02,-5.504797294926864690e-03
2.035000000000000142e+00,4.383606816797112321e-12,2.636464568309628692e-02,-6.010767446535548314e-03
2.040000000000000036e+00,3.497152647469117134e-12,2.464265767217443948e-02,-6.504441201467196787e-03
2.044999999999999929e+00,2.787261716245303126e-12,2.632770611873751221e-02,-6.978347181227813334e-03
2.049999999999999822e+00,2.219288338286133569e-12,2.479822852808891143e-02,-7.425186033332351922e-03
2.055000000000000160e+00,1.765365595929286548e-12,2.445929374033237527e-02,-7.837940549682835545e-03
2.060000000000000053e+00,1.402901640782723358e-12,2.360407503146998848e-02,-8.209973738900354714e-03
2.064999999999999947e+00,1.113779338387127526e-12,2.341266588851943775e-02,-8.535113923299603861e-03
2.069999999999999840e+00,8.833740139379906841e-13,2.406840832258877114e-02,-8.807726355745178204e-03
2.075000000000000178e+00,6.999956288685250530e-13,2.384294567054620617e-02,-9.022771253497770261e-03
2.080000000000000071e+00,5.540641723200559346e-13,2.370614668109892811e-02,-9.175848515470609243e-03
2.084999999999999964e+00,4.381824207181637214e-13,2.135716641980301214e-02,-9.263229717784041833e-03
2.089999999999999858e+00,3.461173037066980562e-13,2.392433984280213297e-02,-9.281878263041751925e-03
2.095000000000000195e+00,2.732122084125817360e-13,2.361133445649102672e-02,-9.229458785907449642e-03
2.100000000000000089e+00,2.154411049559665775e-13,2.527870968231298379e-02,-9.104337087616973245e-03
2.104999999999999982e+00,1.697965975229902374e-13,2.160022060754538883e-02,-8.905571983215584617e-03
2.109999999999999876e+00,1.336108349884521169e-13,2.313813880427282449e-02,-8.632900497818543975e-03
2.115000000000000213e+00,1.050890811408536815e-13,2.388514457859503351e-02,-8.286717844191533386e-03
2.120000000000000107e+00,8.250935934483826561e-14,2.178194253168184644e-02,-7.868053557724881755e-03
2.125000000000000000e+00,6.470751638213654320e-14,2.225815400871948568e-02,-7.378545062199653656e-03
2.129999999999999893e+00,5.078618414699921539e-14,2.367618125002345780e-02,-6.820409797941541334e-03
2.135000000000000231e+00,3.982374134162976087e-14,2.371637924784593052e-02,-6.196416871195234606e-03
2.140000000000000124e+00,3.116535178075167275e-14,2.141541200334377143e-02,-5.509858988659212947e-03
2.145000000000000018e+00,2.435020481546667459e-14,2.080026780983061305e-02,-4.764525232778093165e-03
2.149999999999999911e+00,1.903875575711288913e-14,1.925147738281744736e-02,-3.964675020121679466e-03
2.155000000000000249e+00,1.486720672498114726e-14,2.158677835662046671e-02,-3.115013374697734021e-03
2.160000000000000142e+00,1.156877260655139827e-14,2.205618340539958200e-02,-2.220667447068421733e-03
2.165000000000000036e+00,9.070693825681809307e-15,2.260815486747560707e-02,-1.287164024625402125e-03
2.169999999999999929e+00,6.984919309615938372e-15,2.298810586398814665e-02,-3.204076129652548718e-04
2.175000000000000266e+00,5.432715018590173588e-15,2.052881024150458519e-02,6.733414730325269293e-04
2.180000000000000160e+00,4.268561800320851578e-15,2.105990254732326150e-02,1.687489683886269579e-03
2.185000000000000053e+00,3.298434118429748193e-15,2.106824487376871696e-02,2.715134235626578702e-03
2.189999999999999947e+00,2.522331972916866590e-15,2.041346989932632527e-02,3.749089347001017484e-03
2.194999999999999840e+00,1.940255363782205191e-15,2.144500105138964774e-02,4.781915543288505627e-03
2.200000000000000178e+00,1.503697906931208944e-15,2.015257700572953628e-02,5.805952838198057478e-03
2.205000000000000071e+00,1.261165986458433295e-15,2.038620152900587693e-02,6.813358550070347172e-03
2.209999999999999964e+00,9.701276818911025955e-16,1.985060782039332547e-02,7.796150415464732017e-03
2.214999999999999858e+00,7.761021455128819975e-16,2.104293766526235676e-02,8.746255532253522161e-03
2.220000000000000195e+00,5.820766091346615967e-16,2.151288475746708853e-02,9.655565497027927130e-03
2.225000000000000089e+00,3.880510727564409987e-16,2.038265234424220529e-02,1.051599790069235492e-02
2.229999999999999982e+00,3.880510727564409987e-16,2.024789915176056915e-02,1.131956411639028701e-02
2.234999999999999876e+00,2.910383045673307984e-16,1.854966344450448626e-02,1.205844306173802644e-02
2.240000000000000213e+00,1.455191522836653992e-16,2.021446048137617163e-02,1.272506035141664910e-02
2.245000000000000107e+00,1.455191522836653992e-16,1.796324928276568991e-02,1.331217198651900822e-02
2.250000000000000000e+00,1.455191522836653992e-16,1.975268032691962841e-02,1.381295146540302728e-02
2.254999999999999893e+00,9.701276818911024968e-17,1.896140883495855967e-02,1.422107895927562406e-02
2.260000000000000231e+00,1.455191522836653992e-16,2.022612129764897113e-02,1.453083098707615324e-02
2.265000000000000124e+00,1.455191522836653992e-16,2.053178623765084324e-02,1.473716885978133828e-02
2.270000000000000018e+00,1.940255363782204994e-16,1.807325978184112433e-02,1.483582405441203830e-02
2.274999999999999911e+00,9.701276818911024968e-17,1.764402516030107518e-02,1.482337863036078257e-02
2.280000000000000249e+00,0.000000000000000000e+00,2.238991327918711527e-02,1.469733881980797227e-02
2.285000000000000142e+00,4.850638409455512484e-17,1.809622866826353371e-02,1.445620001110925479e-02
2.290000000000000036e+00,4.850638409455512484e-17,1.870980006229663178e-02,1.409950149617808686e-02
2.294999999999999929e+00,9.701276818911024968e-17,1.939985137470359375e-02,1.362786956351559782e-02
2.300000000000000266e+00,4.850638409455512484e-17,1.780822353015670476e-02,1.304304777757234537e-02
2.305000000000000160e+00,4.850638409455512484e-17,1.949942775420697785e-02,1.234791357955210278e-02
2.310000000000000053e+00,4.850638409455512484e-17,1.835377314317880593e-02,1.154648065968050599e-02
2.314999999999999947e+00,0.000000000000000000e+00,1.761704863301882112e-02,1.064388687046971364e-02
2.319999999999999840e+00,0.000000000000000000e+00,1.989292681328331744e-02,9.646367759029543520e-03
2.325000000000000178e+00,0.000000000000000000e+00,1.773168973270010731e-02,8.561216079644017041e-03
2.330000000000000071e+00,9.701276818911024968e-17,1.829510015817203267e-02,7.396727894010002823e-03
2.334999999999999964e+00,0.000000000000000000e+00,1.728367804970737734e-02,6.162136067194069235e-03
2.339999999999999858e+00,9.701276818911024968e-17,1.693465164100576431e-02,4.867532118020183839e-03
2.345000000000000195e+00,0.000000000000000000e+00,1.650422198277027436e-02,3.523777483056126855e-03
2.350000000000000089e+00,4.850638409455512484e-17,1.722402030816238411e-02,2.142405307449507697e-03
2.354999999999999982e+00,0.000000000000000000e+00,1.739147829413018390e-02,7.355138912320549833e-04
2.359999999999999876e+00,9.701276818911024968e-17,1.824928005084963320e-02,-6.843470931317294052e-04
2.365000000000000213e+00,4.850638409455512484e-17,1.600328872279408593e-02,-2.104296524769021497e-03
2.370000000000000107e+00,9.701276818911024968e-17,1.710233421643908916e-02,-3.511246844007662789e-03
2.375000000000000000e+00,0.000000000000000000e+00,1.874518527453328601e-02,-4.892033112875841111e-03
2.379999999999999893e+00,4.850638409455512484e-17,1.555304518132068041e-02,-6.233545092535867048e-03
2.385000000000000231e+00,4.850638409455512484e-17,1.712723297659323254e-02,-7.522861276126831948e-03
2.390000000000000124e+00,4.850638409455512484e-17,1.755474904187632329e-02,-8.747383755907623890e-03
2.395000000000000018e+00,0.000000000000000000e+00,1.512649370901656375e-02,-9.894972712408578452e-03
2.399999999999999911e+00,0.000000000000000000e+00,1.713862294766170524e-02,-1.095407919568447061e-02
2.405000000000000249e+00,0.000000000000000000e+00,1.746804084235476992e-02,-1.191387473414821756e-02
2.410000000000000142e+00,0.000000000000000000e+00,1.626323414637954531e-02,-1.276437616770870892e-02
2.415000000000000036e+00,0.000000000000000000e+00,1.626933368095316232e-02,-1.349656397500564181e-02
2.419999999999999929e+00,2.425319204727756242e-17,1.659033371990044012e-02,-1.410249226621651010e-02
2.425000000000000266e+00,0.000000000000000000e+00,1.629476673731841685e-02,-1.457538856033689482e-02
2.430000000000000160e+00,0.000000000000000000e+00,1.585059155793752672e-02,-1.490974147431506878e-02
2.435000000000000053e+00,0.000000000000000000e+00,1.460889841143978539e-02,-1.510137453313287366e-02
2.439999999999999947e+00,2.425319204727756242e-17,1.519742898597341296e-02,-1.514750447278163416e-02
2.444999999999999840e+00,0.000000000000000000e+00,1.529563380335645893e-02,-1.504678265448865238e-02
2.450000000000000178e+00,2.425319204727756242e-17,1.661058418218190613e-02,-1.479931853483119029e-02
2.455000000000000071e+00,0.000000000000000000e+00,1.617403137044489889e-02,-1.440668453291137421e-02
2.459999999999999964e+00,0.000000000000000000e+00,1.372572991868240520e-02,-1.387190208667053899e-02
2.464999999999999858e+00,0.000000000000000000e+00,1.459113530540082429e-02,-1.319940917508643022e-02
2.470000000000000195e+00,0.000000000000000000e+00,1.549450020905058546e-02,-1.239501007675873276e-02
2.475000000000000089e+00,0.000000000000000000e+00,1.377049514140973527e-02,-1.146580861129918583e-02
2.479999999999999982e+00,4.850638409455512484e-17,1.524143247914786642e-02,-1.042012654086160728e-02
2.484999999999999876e+00,2.425319204727756242e-17,1.509039434799115675e-02,-9.267409169162079199e-03
2.490000000000000213e+00,0.000000000000000000e+00,1.553182510154867829e-02,-8.018120442241941093e-03
2.495000000000000107e+00,0.000000000000000000e+00,1.565148385187653535e-02,-6.683630011974874517e-03
2.500000000000000000e+00,0.000000000000000000e+00,1.524141278746906497e-02,-5.276094759327501320e-03
2.504999999999999893e+00,0.000000000000000000e+00,1.534795748691450065e-02,-3.808337186950988291e-03
2.510000000000000231e+00,0.000000000000000000e+00,1.543147980009703518e-02,-2.293722884904108531e-03
2.515000000000000124e+00,3.637978807091634979e-17,1.458882357677865685e-02,-7.460389623325908680e-04
2.520000000000000018e+00,3.637978807091634979e-17,1.581581651085860185e-02,8.206250579186947537e-04
2.524999999999999911e+00,0.000000000000000000e+00,1.483870969293499958e-02,2.391992839258686322e-03
2.530000000000000249e+00,0.000000000000000000e+00,1.457309499389592734e-02,3.953712765866650332e-03
2.535000000000000142e+00,0.000000000000000000e+00,1.477686364187641259e-02,5.491465329723742295e-03
2.540000000000000036e+00,7.275957614183269959e-17,1.426343551523009089e-02,6.991066728456587359e-03
2.544999999999999929e+00,0.000000000000000000e+00,1.466902344554518733e-02,8.438569404817372263e-03
2.550000000000000266e+00,0.000000000000000000e+00,1.469128492973147473e-02,9.820360536708041058e-03
2.555000000000000160e+00,0.000000000000000000e+00,1.413043480405439672e-02,1.112325965035390087e-02
2.560000000000000053e+00,0.000000000000000000e+00,1.327003987277682040e-02,1.233461656546472676e-02
2.564999999999999947e+00,0.000000000000000000e+00,1.377178473248540959e-02,1.344241078552292287e-02
2.569999999999999840e+00,1.212659602363878121e-17,1.238402680928703432e-02,1.443535322247585864e-02
2.575000000000000178e+00,0.000000000000000000e+00,1.409058337165106090e-02,1.530299080513043870e-02
2.580000000000000071e+00,0.000000000000000000e+00,1.356056087243232705e-02,1.603581408369340530e-02
2.584999999999999964e+00,0.000000000000000000e+00,1.378133263134013846e-02,1.662536743465216002e-02
2.589999999999999858e+00,0.000000000000000000e+00,1.430249950535851175e-02,1.706436092009635391e-02
2.595000000000000195e+00,0.000000000000000000e+00,1.510359875341339871e-02,1.734678229597230378e-02
2.600000000000000089e+00,0.000000000000000000e+00,1.330241128612134720e-02,1.746800712745366982e-02
2.604999999999999982e+00,0.000000000000000000e+00,1.371823696910795184e-02,1.742490448800275774e-02
2.609999999999999876e+00,1.030760662009296310e-16,1.327635625308628761e-02,1.721593532044525532e-02
2.615000000000000213e+00,1.818989403545817490e-17,1.497652963122642067e-02,1.684124024736367159e-02
2.620000000000000107e+00,1.212659602363878121e-17,1.432925035888009749e-02,1.630271345287317292e-02
2.625000000000000000e+00,2.425319204727756242e-17,1.242309538215648386e-02,1.560405923050599622e-02
2.629999999999999893e+00,0.000000000000000000e+00,1.283042819391160688e-02,1.475082790791236095e-02
2.635000000000000231e+00,1.818989403545817490e-17,1.288540505721743994e-02,1.375042811728605791e-02
2.640000000000000124e+00,0.000000000000000000e+00,1.290559989742129550e-02,1.261211277326039666e-02
2.645000000000000018e+00,0.000000000000000000e+00,1.470533773072148741e-02,1.134693663435406598e-02
2.649999999999999911e+00,0.000000000000000000e+00,1.487780937790187177e-02,9.967683941875806267e-03
2.655000000000000249e+00,3.031649005909695303e-18,1.350617148668472982e-02,8.488765329622812231e-03
2.660000000000000142e+00,1.818989403545817490e-17,1.107568030402702672e-02,6.926083954301361437e-03
2.665000000000000036e+00,1.515824502954847805e-17,1.427103220985940016e-02,5.296871584085697214e-03
2.669999999999999929e+00,3.941143707682604048e-17,1.166022512398740690e-02,3.619496174661065817e-03
2.675000000000000266e+00,2.728484105318725926e-17,1.431732443988456907e-02,1.913243232376473117e-03
2.680000000000000160e+00,0.000000000000000000e+00,1.321194305505650826e-02,1.980739884113897080e-04
2.685000000000000053e+00,0.000000000000000000e+00,1.050343059843348789e-02,-1.505635936129560114e-03
2.689999999999999947e+00,0.000000000000000000e+00,1.295800756657197045e-02,-3.177373125511526782e-03
2.694999999999999840e+00,0.000000000000000000e+00,1.233812871806128433e-02,-4.796773510644039042e-03
2.700000000000000178e+00,1.818989403545817490e-17,1.283118815186786582e-02,-6.343914991134009043e-03
2.705000000000000071e+00,0.000000000000000000e+00,1.184236590402326823e-02,-7.799610245077043084e-03
2.709999999999999964e+00,0.000000000000000000e+00,1.099444956948988743e-02,-9.145694332854090863e-03
2.714999999999999858e+00,0.000000000000000000e+00,1.216926707570291713e-02,-1.036530172814125600e-02
2.720000000000000195e+00,0.000000000000000000e+00,1.457094775141201844e-02,-1.144312756084201084e-02
2.725000000000000089e+00,0.000000000000000000e+00,1.040072864900804493e-02,-1.236566812668886406e-02
2.729999999999999982e+00,0.000000000000000000e+00,1.138757667076365117e-02,-1.312143609790053685e-02
2.734999999999999876e+00,0.000000000000000000e+00,1.157101359393174905e-02,-1.370114634744425998e-02
2.740000000000000213e+00,1.212659602363878121e-17,1.187341392872164406e-02,-1.409786886296381624e-02
2.745000000000000107e+00,6.063298011819390605e-18,1.213908134097377647e-02,-1.430714586094625380e-02
2.750000000000000000e+00,0.000000000000000000e+00,1.051569602170795634e-02,-1.432707090137981705e-02
2.754999999999999893e+00,0.000000000000000000e+00,1.137988459774280300e-02,-1.415832853193143073e-02
2.760000000000000231e+00,0.000000000000000000e+00,1.174558712075089544e-02,-1.380419374165441602e-02
2.765000000000000124e+00,0.000000000000000000e+00,1.109343029388213699e-02,-1.327049126091683733e-02
2.770000000000000018e+00,1.212659602363878121e-17,1.193573206074770646e-02,-1.256551549009820613e-02
2.774999999999999911e+00,0.000000000000000000e+00,9.997195930491645927e-03,-1.169991255882462181e-02
2.780000000000000249e+00,4.850638409455512484e-17,1.132919830311066023e-02,-1.068652669519415573e-02
2.785000000000000142e+00,3.637978807091634979e-17,1.202452871651234732e-02,-9.540213706626388124e-03
2.790000000000000036e+00,1.818989403545817490e-17,1.142269498962815780e-02,-8.277624928334063187e-03
2.794999999999999929e+00,0.000000000000000000e+00,1.074254045025532962e-02,-6.916965471117283819e-03
2.800000000000000266e+00,0.000000000000000000e+00,1.184343992523253196e-02,-5.477730988376255938e-03
2.805000000000000160e+00,0.000000000000000000e+00,9.604310955648266701e-03,-3.980427476182181283e-03
2.810000000000000053e+00,0.000000000000000000e+00,1.181965033223176566e-02,-2.446278815606935369e-03
2.814999999999999947e+00,0.000000000000000000e+00,1.206985562656701788e-02,-8.969268613453493591e-04
2.819999999999999840e+00,0.000000000000000000e+00,1.103926673413354112e-02,6.458711242158490969e-04
2.825000000000000178e+00,0.000000000000000000e+00,8.992103859311203345e-03,2.160542993468842019e-03
2.830000000000000071e+00,0.000000000000000000e+00,9.478315467441839753e-03,3.625995685884551758e-03
2.834999999999999964e+00,0.000000000000000000e+00,1.143996408066302005e-02,5.021898416260085762e-03
2.839999999999999858e+00,0.000000000000000000e+00,1.213753050851784816e-02,6.328951188380112051e-03
2.845000000000000195e+00,0.000000000000000000e+00,1.321909089953932255e-02,7.529135144626204409e-03
2.850000000000000089e+00,3.637978807091634979e-17,1.133835399440185146e-02,8.605941706361789137e-03
2.854999999999999982e+00,0.000000000000000000e+00,9.589871976799703435e-03,9.544577932365636355e-03
2.859999999999999876e+00,0.000000000000000000e+00,1.050140560486948968e-02,1.033214600756063306e-02
2.865000000000000213e+00,2.425319204727756242e-17,1.084132504611561888e-02,1.095779525697548711e-02
2.870000000000000107e+00,0.000000000000000000e+00,8.913573677431242334e-03,1.141284554653922492e-02
2.875000000000000000e+00,0.000000000000000000e+00,1.032392715065168914e-02,1.169088137122692612e-02
2.879999999999999893e+00,0.000000000000000000e+00,1.212389416335014208e-02,1.178781633306615062e-02
2.885000000000000231e+00,0.000000000000000000e+00,8.805993728274737198e-03,1.170192807048967519e-02
2.890000000000000124e+00,0.000000000000000000e+00,1.126515477037207461e-02,1.143386401342708775e-02
2.895000000000000018e+00,0.000000000000000000e+00,1.135176523727590876e-02,1.098661860604916753e-02
2.899999999999999911e+00,0.000000000000000000e+00,1.055611543083649975e-02,1.036548286455443203e-02
2.905000000000000249e+00,0.000000000000000000e+00,9.019879128157248446e-03,9.577967327168228004e-03
2.910000000000000142e+00,4.850638409455512484e-17,9.235553289443637973e-03,8.633699615855694454e-03
2.915000000000000036e+00,0.000000000000000000e+00,9.977721952001127395e-03,7.544297973572364376e-03
2.919999999999999929e+00,0.000000000000000000e+00,9.889600808864001946e-03,6.323222276895326850e-03
2.925000000000000266e+00,0.000000000000000000e+00,8.909646572649403823e-03,4.985604160760639426e-03
2.930000000000000160e+00,0.000000000000000000e+00,1.005542180773944666e-02,3.548058037073379290e-03
2.935000000000000053e+00,0.000000000000000000e+00,1.177415768367851001e-02,2.028474947457160199e-03
2.939999999999999947e+00,0.000000000000000000e+00,9.387140692369590894e-03,4.458013643895810730e-04
2.944999999999999840e+00,0.000000000000000000e+00,1.067479764318191721e-02,-1.180194756442555590e-03
2.950000000000000178e+00,4.850638409455512484e-17,1.091673628046565397e-02,-2.829168170914120491e-03
2.955000000000000071e+00,4.850638409455512484e-17,9.769924918575902117e-03,-4.480448084822190660e-03
2.959999999999999964e+00,4.850638409455512484e-17,9.287483126312674753e-03,-6.113294536942021247e-03
2.964999999999999858e+00,4.850638409455512484e-17,9.300324993145668573e-03,-7.707156350411954390e-03
2.970000000000000195e+00,4.850638409455512484e-17,9.809702220581769869e-03,-9.241927428397047478e-03
2.975000000000000089e+00,0.000000000000000000e+00,9.546694649100037275e-03,-1.069819806393472114e-02
2.979999999999999982e+00,0.000000000000000000e+00,9.302120086184684916e-03,-1.205749788010465791e-02
2.984999999999999876e+00,9.701276818911024968e-17,8.031117500756300084e-03,-1.330252702382415421e-02
2.990000000000000213e+00,2.425319204727756242e-17,9.211059561415014044e-03,-1.441737231092277659e-02
2.995000000000000107e+00,2.425319204727756242e-17,8.966661016354082053e-03,-1.538770516483282252e-02
3.000000000000000000e+00,0.000000000000000000e+00,8.402060154092533262e-03,-1.620095840652514829e-02
3.004999999999999893e+00,1.101849485498807367e-17,9.200585518694121348e-03,-1.684647923653013676e-02
3.010000000000000231e+00,7.656989714134542334e-17,9.860767514792041777e-03,-1.731565609572254666e-02
3.015000000000000124e+00,5.231670509406785475e-17,9.814408807777728547e-03,-1.760201749269559024e-02
3.020000000000000018e+00,4.689048981439334926e-17,9.610733383802196397e-03,-1.770130133306077949e-02
3.024999999999999911e+00,2.865736240469747537e-19,8.845814438749157252e-03,-1.761149377001054381e-02
3.030000000000000249e+00,8.848346889094771479e-17,8.396219015254098236e-03,-1.733283710550880680e-02
3.035000000000000142e+00,8.293545669848391907e-17,9.447117321482983998e-03,-1.686780679698940411e-02
3.040000000000000036e+00,6.114077322970498026e-17,9.976782265160306917e-03,-1.622105815502289036e-02
3.044999999999999929e+00,4.405148765505298297e-17,8.895872515271588399e-03,-1.539934384269401289e-02
3.050000000000000266e+00,4.343583610874987664e-17,8.210022403244251338e-03,-1.441140379752057707e-02
3.055000000000000160e+00,4.767091807195412785e-17,8.734899077495798803e-03,-1.326782968151479954e-02
3.060000000000000053e+00,1.266183404473355104e-16,9.371892745766892407e-03,-1.198090641465333200e-02
3.064999999999999947e+00,1.995961850450999244e-17,9.245625209704361885e-03,-1.056443375136269409e-02
3.070000000000000284e+00,0.000000000000000000e+00,7.610317227525498565e-03,-9.033531208711914964e-03
3.075000000000000178e+00,3.027206172819950754e-17,9.173719309728531335e-03,-7.404429938642557475e-03
3.080000000000000071e+00,5.869992962963914569e-17,1.067484044119696059e-02,-5.694255345177755799e-03
3.084999999999999964e+00,6.447455363786232181e-17,8.260240844978984642e-03,-3.920804372113800666e-03
3.089999999999999858e+00,1.000384430010035680e-16,6.929503701447521646e-03,-2.102321419779580765e-03
3.095000000000000195e+00,4.663934456757782048e-17,9.653902946197934903e-03,-2.572767852904372455e-04
3.100000000000000089e+00,6.913476053383631941e-17,8.910613856934125609e-03,1.595848643613421427e-03
3.104999999999999982e+00,5.386760331112115575e-17,9.926577032298140521e-03,3.438768975308011035e-03
3.109999999999999876e+00,1.006570248929838799e-16,8.440279535034827391e-03,5.253586076150524448e-03
3.115000000000000213e+00,1.174958090130110591e-16,9.914282251555080541e-03,7.022966850546226610e-03
3.120000000000000107e+00,3.599250428781317539e-17,1.047406009713393489e-02,8.730302906985648592e-03
3.125000000000000000e+00,0.000000000000000000e+00,1.076054654145401461e-02,1.035985106285976579e-02
3.129999999999999893e+00,6.941008827543364145e-17,8.162662311782356225e-03,1.189685376678200658e-02
3.135000000000000231e+00,0.000000000000000000e+00,8.401997979474948655e-03,1.332763916176793288e-02
3.140000000000000124e+00,8.607461288639411127e-17,7.836833732667081165e-03,1.463970115185364053e-02
3.145000000000000018e+00,4.256558550110814424e-17,8.246584310884976995e-03,1.582176044340927179e-02
3.149999999999999911e+00,0.000000000000000000e+00,8.204690998721552234e-03,1.686380808572660733e-02
3.155000000000000249e+00,8.455263856302710357e-17,8.622117903100301461e-03,1.775713350989284803e-02
3.160000000000000142e+00,1.806598960591957156e-17,9.486512981694634333e-03,1.849433943954601617e-02
3.165000000000000036e+00,6.181322562568893304e-17,1.014191425019239472e-02,1.906934630437631326e-02
3.169999999999999929e+00,2.798317349451835708e-17,1.016940152972781002e-02,1.947738891425079485e-02
3.175000000000000266e+00,0.000000000000000000e+00,8.535930634130025133e-03,1.971500814093644222e-02
3.180000000000000160e+00,0.000000000000000000e+00,7.553677340458062744e-03,1.978004020354230327e-02
3.185000000000000053e+00,0.000000000000000000e+00,6.273859321740918316e-03,1.967160586730945168e-02
3.189999999999999947e+00,0.000000000000000000e+00,1.019455851885774263e-02,1.939010145343893557e-02
3.195000000000000284e+00,1.254585436945030589e-17,8.305286504319680033e-03,1.893719303672319887e-02
3.200000000000000178e+00,4.239952120546905691e-17,8.904019414462375007e-03,1.831581459961329275e-02
3.205000000000000071e+00,1.347714814300295902e-18,6.525602295643288635e-03,1.753017024271291691e-02
3.209999999999999964e+00,5.970452364970513695e-17,8.140896323611271357e-03,1.658573985308353649e-02
3.214999999999999858e+00,0.000000000000000000e+00,9.124140902002877973e-03,1.548928693639903265e-02
3.220000000000000195e+00,0.000000000000000000e+00,9.516670286777840701e-03,1.424886666140305624e-02
3.225000000000000089e+00,1.610977152105201476e-17,7.163808551792359008e-03,1.287383157965528609e-02
3.229999999999999982e+00,0.000000000000000000e+00,7.959581650361735247e-03,1.137483200269007698e-02
3.234999999999999876e+00,6.942280139344151839e-19,7.924588143053768255e-03,9.763807671646649103e-03
3.240000000000000213e+00,4.443607884260853972e-17,8.667668353665980083e-03,8.053967165311985005e-03
3.245000000000000107e+00,5.155033274128912176e-17,9.212483515088262451e-03,6.259751479324023211e-03
3.250000000000000000e+00,0.000000000000000000e+00,8.031982723340016367e-03,4.396778382448479627e-03
3.254999999999999893e+00,3.136744594595814446e-17,9.530551730173485864e-03,2.481764517607195839e-03
3.260000000000000231e+00,7.632349329343440076e-17,7.196974331225565284e-03,5.324227590478379903e-04
3.265000000000000124e+00,3.342296917871570136e-17,9.072527005772804479e-03,-1.432666952484853767e-03
3.270000000000000018e+00,1.712535774407414160e-17,7.227516222110347277e-03,-3.394214221454737359e-03
3.274999999999999911e+00,2.442745155634426247e-17,8.467149339347314341e-03,-5.332402216178585425e-03
3.280000000000000249e+00,1.984794818172042831e-17,6.532261844225476996e-03,-7.227098015794931711e-03
3.285000000000000142e+00,2.560090686157786083e-17,1.130346135721523038e-02,-9.058087136851135715e-03
3.290000000000000036e+00,0.000000000000000000e+00,8.241969467643332076e-03,-1.080532903443082865e-02
3.294999999999999929e+00,2.434032180181091399e-17,8.095227539203980055e-03,-1.244922937583704640e-02
3.300000000000000266e+00,1.000702972403671039e-16,8.115690368704594690e-03,-1.397092399171405430e-02
3.305000000000000160e+00,0.000000000000000000e+00,5.806578645653004758e-03,-1.535256866050123056e-02
3.310000000000000053e+00,2.296544617846492568e-17,8.185679926399309220e-03,-1.657762831183622401e-02
3.314999999999999947e+00,0.000000000000000000e+00,7.800754396493509053e-03,-1.763115887018024130e-02
3.320000000000000284e+00,3.062682939105890495e-17,7.185709261818415232e-03,-1.850007481944487484e-02
3.325000000000000178e+00,2.382035329694319433e-17,6.861112490369036115e-03,-1.917339566133023296e-02
3.330000000000000071e+00,3.155528585954768022e-17,6.265100358859888863e-03,-1.964246476253466572e-02
3.334999999999999964e+00,9.169777131438138941e-18,6.267598089818615312e-03,-1.990113462734652630e-02
3.339999999999999858e+00,6.014017242237187938e-17,6.874350291972620985e-03,-1.994591337161241359e-02
3.345000000000000195e+00,8.489129522026565722e-18,7.074006749552042700e-03,-1.977606808293714755e-02
3.350000000000000089e+00,0.000000000000000000e+00,7.566755546685007688e-03,-1.939368179525774102e-02
3.354999999999999982e+00,3.686438691194500177e-17,6.032078555791226156e-03,-1.880366194436410704e-02
3.359999999999999876e+00,0.000000000000000000e+00,7.492883051524144855e-03,-1.801369936285818207e-02
3.365000000000000213e+00,0.000000000000000000e+00,8.659058078610027201e-03,-1.703417807666233671e-02
3.370000000000000107e+00,6.942280139344151839e-19,9.776412631917433260e-03,-1.587803734043174639e-02
3.375000000000000000e+00,0.000000000000000000e+00,6.151601861626695804e-03,-1.456058845947546393e-02
3.379999999999999893e+00,9.540085408887752532e-18,4.558882341773643453e-03,-1.309928995924389966e-02
3.385000000000000231e+00,0.000000000000000000e+00,6.558656998448188225e-03,-1.151348555430411862e-02
3.390000000000000124e+00,0.000000000000000000e+00,7.371075897397342570e-03,-9.824110117459847885e-03
3.395000000000000018e+00,0.000000000000000000e+00,9.423298074576407640e-03,-8.053369443584180998e-03
3.399999999999999911e+00,0.000000000000000000e+00,7.773678209903087978e-03,-6.224400035491420291e-03
3.405000000000000249e+00,0.000000000000000000e+00,6.346369898637809273e-03,-4.360915410407646166e-03
3.410000000000000142e+00,0.000000000000000000e+00,9.198366996926058553e-03,-2.486845540134013152e-03
3.415000000000000036e+00,0.000000000000000000e+00,4.478084716630820888e-03,-6.259760049440376770e-04
3.419999999999999929e+00,2.257053861936670886e-17,8.169460055691676881e-03,1.198406727145783206e-03
3.425000000000000266e+00,6.112248080181295531e-18,7.973172251772211311e-03,2.963857773226114510e-03
3.430000000000000160e+00,0.000000000000000000e+00,7.641293120717487612e-03,4.649098332104290195e-03
3.435000000000000053e+00,0.000000000000000000e+00,8.335710702689649171e-03,6.234316959219350814e-03
3.439999999999999947e+00,1.174270734166631959e-17,6.299348384853121346e-03,7.701442930042097339e-03
3.445000000000000284e+00,0.000000000000000000e+00,5.745634445267467326e-03,9.034387615298294580e-03
3.450000000000000178e+00,0.000000000000000000e+00,8.290634341592658524e-03,1.021925044768914534e-02
3.455000000000000071e+00,3.204503503810202408e-18,7.225864296855330493e-03,1.124448674624544710e-02
3.459999999999999964e+00,4.653927138002946130e-17,6.384374325083080198e-03,1.210103536908340924e-02
3.464999999999999858e+00,1.915500093148455964e-17,6.818043615638872540e-03,1.278240487722040290e-02
3.470000000000000195e+00,1.664332043044257629e-17,7.883480447874053818e-03,1.328471760133599980e-02
3.475000000000000089e+00,0.000000000000000000e+00,8.759220197969418489e-03,1.360671170077363580e-02
3.479999999999999982e+00,0.000000000000000000e+00,7.962481822915496582e-03,1.374970198100615958e-02
3.484999999999999876e+00,0.000000000000000000e+00,6.595877275289409314e-03,1.371750088448807185e-02
3.490000000000000213e+00,0.000000000000000000e+00,8.950118830950693632e-03,1.351630168259797607e-02
3.495000000000000107e+00,0.000000000000000000e+00,6.792648659755241847e-03,1.315452646658878642e-02
3.500000000000000000e+00,0.000000000000000000e+00,5.586221094542036247e-03,1.264264205670751103e-02
3.504999999999999893e+00,0.000000000000000000e+00,6.570621892271612946e-03,1.199294741540448718e-02
3.510000000000000231e+00,0.000000000000000000e+00,7.064523950391680789e-03,1.121933655795643268e-02
3.515000000000000124e+00,0.000000000000000000e+00,6.556939639700228896e-03,1.033704129768494608e-02
3.520000000000000018e+00,0.000000000000000000e+00,7.342555461848860113e-03,9.362358439785585865e-03
3.524999999999999911e+00,0.000000000000000000e+00,6.792991532539584439e-03,8.312366244606378407e-03
3.530000000000000249e+00,0.000000000000000000e+00,6.498129827875130486e-03,7.204635115374436599e-03
3.535000000000000142e+00,0.000000000000000000e+00,6.804912181940741753e-03,6.056937524535293757e-03
3.540000000000000036e+00,0.000000000000000000e+00,7.282754293186709076e-03,4.886962174620859342e-03
3.544999999999999929e+00,0.000000000000000000e+00,6.830336786559624077e-03,3.712037291698384259e-03
3.550000000000000266e+00,0.000000000000000000e+00,6.739550277155557587e-03,2.548867769657751393e-03
3.555000000000000160e+00,0.000000000000000000e+00,7.109577644960144924e-03,1.413290620017156312e-03
3.560000000000000053e+00,0.000000000000000000e+00,9.027698272202008128e-03,3.200528333127354162e-04
3.564999999999999947e+00,0.000000000000000000e+00,5.729854812532323913e-03,-7.173846755855456782e-04
3.570000000000000284e+00,0.000000000000000000e+00,5.188872274976204756e-03,-1.687013883022714855e-03
3.575000000000000178e+00,1.063833785800935479e-18,8.583285647788896702e-03,-2.578414674058250849e-03
3.580000000000000071e+00,1.604887306465736041e-17,5.921443444136756211e-03,-3.382856171376404878e-03
3.584999999999999964e+00,0.000000000000000000e+00,5.417050680282068167e-03,-4.093363214625972413e-03
3.589999999999999858e+00,0.000000000000000000e+00,5.216240550575501449e-03,-4.704747605542145515e-03
3.595000000000000195e+00,1.374108529263435884e-17,5.813313701418795082e-03,-5.213604538838376851e-03
3.600000000000000089e+00,9.243326481448640936e-18,6.589991923763264571e-03,-5.618275449966862213e-03
3.604999999999999982e+00,0.000000000000000000e+00,7.871877153850263473e-03,-5.918779303852538497e-03
3.609999999999999876e+00,1.543731912506805889e-17,5.696566353245675896e-03,-6.116715096924679219e-03
3.615000000000000213e+00,0.000000000000000000e+00,4.981966789164588710e-03,-6.215139021362119272e-03
3.620000000000000107e+00,0.000000000000000000e+00,6.830171377114189167e-03,-6.218420318996713270e-03
3.625000000000000000e+00,0.000000000000000000e+00,7.875409960881500984e-03,-6.132080309195846700e-03
3.629999999999999893e+00,1.274165464289792944e-18,5.952899120751612913e-03,-5.962619390298469491e-03
3.635000000000000231e+00,0.000000000000000000e+00,7.896895189986574345e-03,-5.717336973234263091e-03
3.640000000000000124e+00,0.000000000000000000e+00,6.313262973819387149e-03,-5.404149300649353088e-03
3.645000000000000018e+00,0.000000000000000000e+00,5.104817531240734771e-03,-5.031409934081802933e-03
3.649999999999999911e+00,0.000000000000000000e+00,7.337739642959734306e-03,-4.607737361896017264e-03
3.655000000000000249e+00,0.000000000000000000e+00,7.206102422413852848e-03,-4.141853705601543367e-03
3.660000000000000142e+00,0.000000000000000000e+00,6.757264875599499829e-03,-3.642437902357892939e-03
3.665000000000000036e+00,8.413267139554267813e-19,7.675113509786093448e-03,-3.117996043427990853e-03
3.669999999999999929e+00,0.000000000000000000e+00,5.521358288704843534e-03,-2.576750782955597105e-03
3.675000000000000266e+00,0.000000000000000000e+00,6.254218939086233879e-03,-2.026550932472389460e-03
3.680000000000000160e+00,0.000000000000000000e+00,6.190521978855153228e-03,-1.474801559077017514e-03
3.685000000000000053e+00,7.794901508092149093e-18,7.163660821641735198e-03,-9.284141431413210806e-04
3.689999999999999947e+00,0.000000000000000000e+00,6.183637939136539877e-03,-3.937756565847874788e-04
3.695000000000000284e+00,1.135881865969385796e-17,5.949641855066209982e-03,1.232651777002615758e-04
3.700000000000000178e+00,0.000000000000000000e+00,5.154954944678895659e-03,6.173966689312173663e-04
3.705000000000000071e+00,4.358117172413026799e-17,7.558048431143051318e-03,1.083830560687123502e-03
3.709999999999999964e+00,3.849528024916156528e-17,6.474384331648030781e-03,1.518278843123050401e-03
3.714999999999999858e+00,2.525519786577684431e-17,5.971044037040999612e-03,1.916923841040900182e-03
3.720000000000000195e+00,3.917592785857313388e-17,4.336864928970729505e-03,2.276384386912019570e-03
3.725000000000000089e+00,0.000000000000000000e+00,5.777337132171373249e-03,2.593680713180888595e-03
3.729999999999999982e+00,1.932797967685271173e-17,5.786959718714187496e-03,2.866200424523309906e-03
3.734999999999999876e+00,1.440276730642785488e-17,6.347951514907824826e-03,3.091667561834539595e-03
3.740000000000000213e+00,0.000000000000000000e+00,6.456123514595192223e-03,3.268116371098618578e-03
3.745000000000000107e+00,0.000000000000000000e+00,5.580763654834676804e-03,3.393870968576311389e-03
3.750000000000000000e+00,0.000000000000000000e+00,5.151404976023045423e-03,3.467531673907226723e-03
3.754999999999999893e+00,2.257053861936670886e-17,5.903399515984658792e-03,3.487968387196428710e-03
3.760000000000000231e+00,0.000000000000000000e+00,5.223704511406016514e-03,3.454321032880882259e-03
3.765000000000000124e+00,0.000000000000000000e+00,7.675623918925563588e-03,3.366006794773184711e-03
3.770000000000000018e+00,0.000000000000000000e+00,5.824696921844170310e-03,3.222733629887130496e-03
3.774999999999999911e+00,7.127834303203422365e-18,6.905038867294286363e-03,3.024519374041057928e-03
3.780000000000000249e+00,0.000000000000000000e+00,6.908398674317043665e-03,2.771715634772797376e-03
3.785000000000000142e+00,2.442745155634426247e-17,5.392079204790804249e-03,2.465035597121779942e-03
3.790000000000000036e+00,3.392935727906057299e-17,7.264317113405934986e-03,2.105584831969273176e-03
3.794999999999999929e+00,0.000000000000000000e+00,7.217534738401672548e-03,1.694894179910555378e-03
3.800000000000000266e+00,0.000000000000000000e+00,5.249562980245910636e-03,1.234953770854985968e-03
3.805000000000000160e+00,8.411839480152654523e-17,3.829136728869224002e-03,7.282472169944652655e-04
3.810000000000000053e+00,2.103498389147686545e-17,5.400211437968006727e-03,1.777849741015309409e-04
3.814999999999999947e+00,0.000000000000000000e+00,5.913450109118832676e-03,-4.128642029037573637e-04
3.820000000000000284e+00,0.000000000000000000e+00,5.025235853659863576e-03,-1.039544880502477455e-03
3.825000000000000178e+00,0.000000000000000000e+00,4.544991787565707056e-03,-1.697490932712726131e-03
3.830000000000000071e+00,1.153307816876055956e-17,6.790102938421705911e-03,-2.381307314583427925e-03
3.834999999999999964e+00,1.709814236956544811e-18,6.102122413553351041e-03,-3.084959176127436819e-03
3.839999999999999858e+00,2.578874677516740891e-17,3.860150971029203352e-03,-3.801769982790794040e-03
3.845000000000000195e+00,0.000000000000000000e+00,5.971229730085243770e-03,-4.524430384129036163e-03
3.850000000000000089e+00,6.140075748213884162e-17,5.971005797858257476e-03,-5.245019591289905130e-03
3.854999999999999982e+00,1.422850779736115483e-17,7.377148787194857948e-03,-5.955040968570430443e-03
3.859999999999999876e+00,1.729961725314084165e-17,6.245849389757271962e-03,-6.645473400379376186e-03
3.865000000000000213e+00,0.000000000000000000e+00,6.392559073387153908e-03,-7.306839752547401000e-03
3.870000000000000107e+00,0.000000000000000000e+00,6.218709949881696952e-03,-7.929293401856246648e-03
3.875000000000000000e+00,2.002220769078712836e-17,5.664194750032106734e-03,-8.502723361770637978e-03
3.879999999999999893e+00,0.000000000000000000e+00,6.491148115899804047e-03,-9.016877994086252082e-03
3.885000000000000231e+00,0.000000000000000000e+00,5.057978014920929376e-03,-9.461506679791809385e-03
3.890000000000000124e+00,0.000000000000000000e+00,5.288179679135435879e-03,-9.826518148036320413e-03
3.895000000000000018e+00,0.000000000000000000e+00,5.181224635601455915e-03,-1.010215345429587262e-02
3.899999999999999911e+00,2.442745155634426247e-17,5.457961986951830047e-03,-1.027917088575720263e-02
3.905000000000000249e+00,1.799103524474287469e-17,5.820021009733503808e-03,-1.034903938411335482e-02
3.910000000000000142e+00,5.664699459844828275e-17,6.232906679669251299e-03,-1.030413644457383975e-02
3.915000000000000036e+00,4.815786507642172474e-17,4.638206964850186478e-03,-1.013794590561046226e-02
3.919999999999999929e+00,2.236911830125432199e-17,6.618112284107259199e-03,-9.845250615576253000e-03
3.925000000000000266e+00,6.642571825563432387e-19,5.188817834545868257e-03,-9.422314675098275236e-03
3.930000000000000160e+00,1.184881633318351492e-17,5.907541397003572906e-03,-8.867049828918258797e-03
3.935000000000000053e+00,7.730629866274607360e-17,6.542902293965264203e-03,-8.179160632669792846e-03
3.939999999999999947e+00,2.845139555005753633e-17,6.565903331771883074e-03,-7.360263257419477796e-03
3.945000000000000284e+00,1.485998412620705015e-17,6.728410171126484283e-03,-6.413973218767800646e-03
3.950000000000000178e+00,3.418515378072736289e-17,4.266408319647158748e-03,-5.345957921418372297e-03
3.955000000000000071e+00,1.932829884912842781e-18,4.163094670372666228e-03,-4.163950680043332873e-03
3.959999999999999964e+00,0.000000000000000000e+00,2.678584098311664712e-03,-2.877723791261145581e-03
3.965000000000000302e+00,2.531525360048292196e-18,5.519059907724254907e-03,-1.499019261290494322e-03
3.970000000000000195e+00,0.000000000000000000e+00,4.857428837966170851e-03,-4.143690528341773574e-05
3.975000000000000089e+00,3.972784693379918954e-17,4.203940111194415415e-03,1.479719310506212105e-03
3.979999999999999982e+00,1.670583055229007869e-18,5.532632886743586546e-03,3.047634654102290147e-03
3.984999999999999876e+00,8.672913988255482364e-18,6.772145635053372983e-03,4.644213590082417291e-03
3.990000000000000213e+00,5.266105138716671769e-20,6.264623823008443060e-03,6.250342123803927057e-03
3.995000000000000107e+00,0.000000000000000000e+00,5.485054607835769189e-03,7.846177400683799694e-03
4.000000000000000000e+00,0.000000000000000000e+00,6.474270514407591895e-03,9.411458644936726570e-03
4.004999999999999893e+00,0.000000000000000000e+00,5.813874953393169225e-03,1.092583290086669365e-02
4.009999999999999787e+00,9.826603167762295368e-18,6.086392981284261677e-03,1.236918860319874587e-02
4.014999999999999680e+00,8.330544228412734329e-18,7.233426462347570217e-03,1.372198976061575308e-02
4.020000000000000462e+00,2.484430584131866576e-17,4.567326964186589101e-03,1.496560349077901385e-02
4.025000000000000355e+00,0.000000000000000000e+00,6.697319564036986576e-03,1.608261379127517987e-02
4.030000000000000249e+00,0.000000000000000000e+00,4.974999923460846768e-03,1.705711475850893791e-02
4.035000000000000142e+00,0.000000000000000000e+00,6.119126022640478807e-03,1.787497696052437607e-02
4.040000000000000036e+00,1.646202655645452030e-17,5.352276187690504193e-03,1.852408131149637163e-02
4.044999999999999929e+00,0.000000000000000000e+00,5.675665682651163772e-03,1.899451556430960253e-02
4.049999999999999822e+00,0.000000000000000000e+00,4.011311556519819854e-03,1.927872941140098412e-02
4.054999999999999716e+00,4.502221561973841273e-17,6.524183742743570012e-03,1.937164514062756845e-02
4.060000000000000497e+00,0.000000000000000000e+00,6.603932779787883428e-03,1.927072181040304089e-02
4.065000000000000391e+00,0.000000000000000000e+00,4.796344706769794727e-03,1.897597196539400552e-02
4.070000000000000284e+00,0.000000000000000000e+00,5.121526510911492309e-03,1.848993098968175486e-02
4.075000000000000178e+00,0.000000000000000000e+00,5.360878137070050967e-03,1.781758026813805990e-02
4.080000000000000071e+00,0.000000000000000000e+00,7.304559767254298688e-03,1.696622637811185871e-02
4.084999999999999964e+00,3.130806487556399070e-17,5.656537608152773476e-03,1.594533954174748649e-02
4.089999999999999858e+00,0.000000000000000000e+00,4.801116718820745352e-03,1.476635551277048763e-02
4.094999999999999751e+00,1.183767103886345292e-17,6.709688846924431738e-03,1.344244592863304798e-02
4.099999999999999645e+00,1.366246893565790458e-17,3.848142424520303168e-03,1.198826290687327392e-02
4.105000000000000426e+00,0.000000000000000000e+00,7.033271690846117086e-03,1.041966428132252813e-02
4.110000000000000320e+00,0.000000000000000000e+00,4.855093720812225441e-03,8.753426337571982435e-03
4.115000000000000213e+00,0.000000000000000000e+00,6.626410428036610609e-03,7.006951198370943781e-03
4.120000000000000107e+00,0.000000000000000000e+00,3.333280145245782946e-03,5.197976111334343639e-03
4.125000000000000000e+00,0.000000000000000000e+00,4.416740182629363617e-03,3.344291791004922691e-03
4.129999999999999893e+00,1.467861058781615323e-17,3.712741875940281551e-03,1.463476657684238246e-03
4.134999999999999787e+00,0.000000000000000000e+00,5.916903777190642838e-03,-4.273467040105600784e-04
4.139999999999999680e+00,4.774801515255869723e-17,5.496809227830024014e-03,-2.311727266427195376e-03
4.145000000000000462e+00,0.000000000000000000e+00,5.990267143094272183e-03,-4.174068770213210447e-03
4.150000000000000355e+00,3.784878013633472470e-17,3.217617822183308721e-03,-5.999776811757128597e-03
4.155000000000000249e+00,0.000000000000000000e+00,4.330637519485112941e-03,-7.775367402960409006e-03
4.160000000000000142e+00,2.671922296113761016e-17,4.143705882082209489e-03,-9.488535906205681006e-03
4.165000000000000036e+00,0.000000000000000000e+00,5.171634362526812863e-03,-1.112818660678067777e-02
4.169999999999999929e+00,3.780337282326166717e-17,2.470873036497302309e-03,-1.268442454941557697e-02
4.174999999999999822e+00,8.034628266209724255e-18,3.521946991139734279e-03,-1.414851258482986880e-02
4.179999999999999716e+00,0.000000000000000000e+00,4.566703624172709260e-03,-1.551279779631049155e-02
4.185000000000000497e+00,0.000000000000000000e+00,5.426308445316717008e-03,-1.677061255746009269e-02
4.190000000000000391e+00,0.000000000000000000e+00,5.613906761016048894e-03,-1.791615636687989704e-02
4.195000000000000284e+00,0.000000000000000000e+00,5.902203951676824115e-03,-1.894436527687047914e-02
4.200000000000000178e+00,0.000000000000000000e+00,4.985681829187094474e-03,-1.985077615214216398e-02
4.205000000000000071e+00,0.000000000000000000e+00,4.898101514930083139e-03,-2.063139314197594970e-02
4.209999999999999964e+00,0.000000000000000000e+00,5.512272739620891794e-03,-2.128256361596387453e-02
4.214999999999999858e+00,0.000000000000000000e+00,5.136077372176106083e-03,-2.180087040134284782e-02
4.219999999999999751e+00,3.613542496098279602e-17,5.782088500822344865e-03,-2.218304648118482256e-02
4.224999999999999645e+00,0.000000000000000000e+00,4.681171182605116388e-03,-2.242591738981516633e-02
4.230000000000000426e+00,1.744317897226727208e-18,3.674797101239325996e-03,-2.252637540626424573e-02
4.235000000000000320e+00,0.000000000000000000e+00,3.845760618356770452e-03,-2.248138833768256739e-02
4.240000000000000213e+00,0.000000000000000000e+00,6.224738834110974360e-03,-2.228804424813483898e-02
4.245000000000000107e+00,0.000000000000000000e+00,4.232099608661323183e-03,-2.194363197431815904e-02
4.250000000000000000e+00,0.000000000000000000e+00,3.803512293425882762e-03,-2.144575573181096637e-02
4.254999999999999893e+00,0.000000000000000000e+00,5.905095967475407041e-03,-2.079248060764118597e-02
4.259999999999999787e+00,0.000000000000000000e+00,6.107480301626638797e-03,-1.998250431107191638e-02
4.264999999999999680e+00,0.000000000000000000e+00,4.637103804008445816e-03,-1.901534926567582592e-02
4.270000000000000462e+00,9.207647665154608854e-18,4.581555593020592010e-03,-1.789156801949338266e-02
4.275000000000000355e+00,0.000000000000000000e+00,5.719186827432332955e-03,-1.661295406811971048e-02
4.280000000000000249e+00,2.080287511985608424e-17,5.070812435908983451e-03,-1.518274956306724967e-02
4.285000000000000142e+00,0.000000000000000000e+00,4.642854988990870180e-03,-1.360584104182495195e-02
4.290000000000000036e+00,0.000000000000000000e+00,2.876992297240033459e-03,-1.188893428471973594e-02
4.294999999999999929e+00,5.904185560595559738e-19,3.199067103382099639e-03,-1.004069968547924817e-02
4.299999999999999822e+00,8.740558913218895083e-18,4.095263212362006480e-03,-8.071880115328137692e-03
4.304999999999999716e+00,2.163007909357777634e-18,4.523001155720684195e-03,-5.995354152334095472e-03
4.310000000000000497e+00,0.000000000000000000e+00,4.822089857224567261e-03,-3.826148715876596419e-03
4.315000000000000391e+00,0.000000000000000000e+00,3.174664792220517704e-03,-1.581396558033396505e-03
4.320000000000000284e+00,0.000000000000000000e+00,4.592587287335673889e-03,7.197643221496576602e-04
4.325000000000000178e+00,0.000000000000000000e+00,6.639273561626280427e-03,3.056350508820099114e-03
4.330000000000000071e+00,0.000000000000000000e+00,5.019464423293821392e-03,5.405751547895041274e-03
4.334999999999999964e+00,0.000000000000000000e+00,4.536431182961851022e-03,7.744004279094659354e-03
4.339999999999999858e+00,0.000000000000000000e+00,2.939862422469943695e-03,1.004611865561086739e-02
4.344999999999999751e+00,0.000000000000000000e+00,4.044756393172361901e-03,1.228644880710541044e-02
4.350000000000000533e+00,0.000000000000000000e+00,5.206362742932972923e-03,1.443910147856718867e-02
4.355000000000000426e+00,0.000000000000000000e+00,4.398220127534717590e-03,1.647837256840180981e-02
4.360000000000000320e+00,0.000000000000000000e+00,4.595415924492480229e-03,1.837920134670472869e-02
4.365000000000000213e+00,0.000000000000000000e+00,3.723053288400769451e-03,2.011763110327365392e-02
4.370000000000000107e+00,0.000000000000000000e+00,6.524867487221525444e-03,2.167126448850836135e-02
4.375000000000000000e+00,0.000000000000000000e+00,5.528185778033504506e-03,2.301970169113982251e-02
4.379999999999999893e+00,0.000000000000000000e+00,6.473162001380047305e-03,2.414494985384575340e-02
4.384999999999999787e+00,0.000000000000000000e+00,4.885332495094441181e-03,2.503179275668200240e-02
4.389999999999999680e+00,0.000000000000000000e+00,7.364671164779288889e-03,2.566811078059667156e-02
4.395000000000000462e+00,0.000000000000000000e+00,6.067171962611059982e-03,2.604514246741547120e-02
4.400000000000000355e+00,6.054786301963931547e-18,5.269618418340001748e-03,2.615768057475476721e-02
4.405000000000000249e+00,0.000000000000000000e+00,6.133780247695177004e-03,2.600419732998894562e-02
4.410000000000000142e+00,1.882022315768909234e-17,4.507388821136317988e-03,2.558689555378616462e-02
4.415000000000000036e+00,2.288345439064630313e-17,4.998268103010765871e-03,2.491168438233071908e-02
4.419999999999999929e+00,1.326818284870957377e-17,5.915254562669857753e-03,2.398808039650321064e-02
4.424999999999999822e+00,1.735879958294087552e-17,6.068661623257542298e-03,2.282903699445135159e-02
4.429999999999999716e+00,0.000000000000000000e+00,4.887674767176768131e-03,2.145070675261121981e-02
4.435000000000000497e+00,0.000000000000000000e+00,5.407546775486628959e-03,1.987214324639655083e-02
4.440000000000000391e+00,0.000000000000000000e+00,5.182637407708297166e-03,1.811495029111423460e-02
4.445000000000000284e+00,0.000000000000000000e+00,5.801803854042927866e-03,1.620288777185601575e-02
4.450000000000000178e+00,0.000000000000000000e+00,1.539957575064452439e-03,1.416144412600035124e-02
4.455000000000000071e+00,0.000000000000000000e+00,5.984415149785822507e-03,1.201738610404601108e-02
4.459999999999999964e+00,0.000000000000000000e+00,4.786613013166675541e-03,9.798296657551486960e-03
4.464999999999999858e+00,2.515284277156546136e-17,4.393219916640151226e-03,7.532111693684941274e-03
4.469999999999999751e+00,2.405594242323583136e-17,3.758683491909985044e-03,5.246666012962612410e-03
4.475000000000000533e+00,1.843969421599882610e-17,4.146544479784290693e-03,2.969258039705939285e-03
4.480000000000000426e+00,1.472895879336009324e-19,3.894322327577312906e-03,7.262420019140496379e-04
4.485000000000000320e+00,8.197146665148895362e-18,5.709320003705565735e-03,-1.457344936059106703e-03
4.490000000000000213e+00,6.481852092103065656e-18,3.463247760811558745e-03,-3.558114388481007587e-03
4.495000000000000107e+00,2.226293223846624078e-17,4.696675518618988882e-03,-5.554612513545233686e-03
4.500000000000000000e+00,0.000000000000000000e+00,4.833388630784939133e-03,-7.427556479926123237e-03
4.504999999999999893e+00,1.930603824954797401e-17,3.955929978943493498e-03,-9.160019729624047091e-03
4.509999999999999787e+00,2.025564900994400565e-17,4.270126094640380558e-03,-1.073756552582420809e-02
4.514999999999999680e+00,0.000000000000000000e+00,3.396382495984582271e-03,-1.214832957676844315e-02
4.520000000000000462e+00,2.050655941350928311e-17,6.072761831314713553e-03,-1.338305370342270269e-02
4.525000000000000355e+00,1.003167919103946426e-16,4.061065606982348919e-03,-1.443507354285354823e-02
4.530000000000000249e+00,5.888326863138470290e-17,4.945197617797357677e-03,-1.530026413179861287e-02
4.535000000000000142e+00,9.908666479910999612e-17,5.129434359091508688e-03,-1.597694788426641879e-02
4.540000000000000036e+00,7.269000216562284439e-17,3.708246908638668758e-03,-1.646576995935499985e-02
4.544999999999999929e+00,1.070935932527064483e-16,5.164023223751812441e-03,-1.676954631352310654e-02
4.549999999999999822e+00,5.392427245472577894e-17,3.797115839006486027e-03,-1.689308985423974493e-02
4.554999999999999716e+00,1.271575437537318542e-17,4.583466605038621217e-03,-1.684302007313661850e-02
4.560000000000000497e+00,0.000000000000000000e+00,3.883723221589835406e-03,-1.662756135437222851e-02
4.565000000000000391e+00,6.927791673660827812e-18,5.399901286565444471e-03,-1.625633484862773828e-02
4.570000000000000284e+00,0.000000000000000000e+00,2.640770061975421940e-03,-1.574014839763442780e-02
4.575000000000000178e+00,0.000000000000000000e+00,3.786081158284610414e-03,-1.509078851156326131e-02
4.580000000000000071e+00,2.740918603194527173e-17,6.601911542961502385e-03,-1.432081786539009249e-02
4.584999999999999964e+00,0.000000000000000000e+00,5.096285290453804982e-03,-1.344338121261404867e-02
4.589999999999999858e+00,0.000000000000000000e+00,3.852615167346094219e-03,-1.247202203618644027e-02
4.594999999999999751e+00,3.665216278629103966e-18,6.141573810797355468e-03,-1.142051168579384657e-02
4.600000000000000533e+00,0.000000000000000000e+00,3.721146094280637379e-03,-1.030269220375512433e-02
4.605000000000000426e+00,0.000000000000000000e+00,2.331214605945805974e-03,-9.132333532283766833e-03
4.610000000000000320e+00,2.696509682209522105e-17,5.237075519738852540e-03,-7.923005333272684081e-03
4.615000000000000213e+00,1.718329182646471805e-17,2.411939640084952152e-03,-6.687963246274158079e-03
4.620000000000000107e+00,1.421085471520169818e-18,3.680872495447061812e-03,-5.440049066317836392e-03
4.625000000000000000e+00,3.524291969370021117e-17,5.557314817573670053e-03,-4.191604044091879269e-03
4.629999999999999893e+00,0.000000000000000000e+00,4.494271069630435302e-03,-2.954394297949483605e-03
4.634999999999999787e+00,0.000000000000000000e+00,4.110981140106809498e-03,-1.739547180094662632e-03
4.639999999999999680e+00,1.148710756145470477e-17,5.313855443184302765e-03,-5.574973562803068033e-04
4.645000000000000462e+00,2.572164703451507173e-17,3.926900082654297131e-03,5.820586631807250604e-04
4.650000000000000355e+00,4.575895218294946266e-17,5.185013297419372585e-03,1.670200767188171438e-03
4.655000000000000249e+00,4.016934932830347239e-17,4.134954813963966254e-03,2.698817399345521985e-03
4.660000000000000142e+00,1.364242052659362963e-17,3.966892956166622082e-03,3.660632625452137599e-03
4.665000000000000036e+00,1.231607408650813765e-18,4.359428008663688951e-03,4.549228935563636757e-03
4.669999999999999929e+00,2.917962168188081748e-17,2.475705241052290027e-03,5.359066392087141403e-03
4.674999999999999822e+00,2.368475785866949696e-18,5.017743762764722767e-03,6.085498499533393765e-03
4.679999999999999716e+00,0.000000000000000000e+00,4.345496882678221220e-03,6.724784920988046387e-03
4.685000000000000497e+00,0.000000000000000000e+00,3.974931595136177442e-03,7.274100912209032627e-03
4.690000000000000391e+00,0.000000000000000000e+00,4.500711883590842975e-03,7.731543098612990612e-03
4.695000000000000284e+00,2.046363078989044599e-17,4.331140794257283891e-03,8.096130996072654906e-03
4.700000000000000178e+00,3.410605131648407408e-18,4.178923795792549231e-03,8.367803486434037194e-03
4.705000000000000071e+00,0.000000000000000000e+00,2.804345826804676561e-03,8.547409315431468008e-03
4.709999999999999964e+00,4.604316927725349731e-17,5.389416843919062408e-03,8.636690595676836668e-03
4.714999999999999858e+00,8.905468954859731011e-18,3.408085662037857195e-03,8.638258279971153253e-03
4.719999999999999751e+00,0.000000000000000000e+00,4.398687519527989288e-03,8.555558627009225356e-03
4.725000000000000533e+00,0.000000000000000000e+00,5.063038749123040250e-03,8.392829815820488509e-03
4.730000000000000426e+00,5.229594535194224744e-17,3.483844038177994450e-03,8.155048076125864104e-03
4.735000000000000320e+00,0.000000000000000000e+00,5.607036091291026959e-03,7.847862984002107814e-03
4.740000000000000213e+00,2.008467466415173619e-17,4.164501280515113014e-03,7.477521916114975541e-03
4.745000000000000107e+00,2.652692880170983351e-17,4.062988332789084500e-03,7.050784047279988129e-03
4.750000000000000000e+00,0.000000000000000000e+00,4.481944489735170678e-03,6.574824697545781499e-03
4.754999999999999893e+00,1.932676241267430736e-17,4.153890493742789201e-03,6.057131265681845768e-03
4.759999999999999787e+00,2.197945529284529133e-17,4.959611294480857288e-03,5.505392403278582848e-03
4.764999999999999680e+00,2.539006042449369797e-17,3.303049540883824450e-03,4.927382464606140135e-03
4.770000000000000462e+00,2.993753393335824323e-17,5.525840472791263350e-03,4.330843589532701321e-03
4.775000000000000355e+00,3.903248095108733376e-17,3.499574265207916913e-03,3.723368020103114823e-03
4.780000000000000249e+00,0.000000000000000000e+00,4.908278375554965024e-03,3.112283399331819758e-03
4.785000000000000142e+00,2.273736754432271862e-18,3.506781004741561791e-03,2.504543841499803133e-03
4.790000000000000036e+00,0.000000000000000000e+00,3.370447789736289324e-03,1.906629490634668706e-03
4.794999999999999929e+00,5.305385760341966394e-18,2.637471514960884438e-03,1.324457097761822313e-03
4.799999999999999822e+00,0.000000000000000000e+00,3.404936433500569543e-03,7.633038542496563706e-04
4.804999999999999716e+00,0.000000000000000000e+00,4.848852105106483262e-03,2.277463302731372059e-04
4.810000000000000497e+00,0.000000000000000000e+00,3.555698010562439310e-03,-2.783840982616657411e-04
4.815000000000000391e+00,9.852859269206510119e-18,3.210555104766434596e-03,-7.520284722042779209e-04
4.820000000000000284e+00,3.486396356796149829e-17,5.084579208526697307e-03,-1.190909810893051252e-03
4.825000000000000178e+00,2.880066555614210460e-17,3.141260503073877147e-03,-1.593525259227234880e-03
4.830000000000000071e+00,2.880066555614210460e-17,4.044439936285929363e-03,-1.959121600695366144e-03
4.834999999999999964e+00,3.031649005909695611e-17,2.877523234921600722e-03,-2.287655405233931898e-03
4.839999999999999858e+00,1.364242052659362963e-17,4.845179595140676129e-03,-2.579739501487873961e-03
4.844999999999999751e+00,0.000000000000000000e+00,4.751386400975265815e-03,-2.836577799226525087e-03
4.850000000000000533e+00,0.000000000000000000e+00,2.931837733150779307e-03,-3.059890727667578542e-03
4.855000000000000426e+00,9.094947017729087449e-18,5.749137951435057993e-03,-3.251833693223753988e-03
4.860000000000000320e+00,7.579122514774239027e-17,4.329887006736061507e-03,-3.414910995728265633e-03
4.865000000000000213e+00,0.000000000000000000e+00,3.931965391048337748e-03,-3.551887581029504123e-03
4.870000000000000107e+00,0.000000000000000000e+00,3.439170838244463499e-03,-3.665700860592392522e-03
4.875000000000000000e+00,0.000000000000000000e+00,3.250114728287593555e-03,-3.759374610200133266e-03
4.879999999999999893e+00,0.000000000000000000e+00,4.637041320649538771e-03,-3.835936687814556906e-03
4.884999999999999787e+00,1.515824502954847805e-17,5.129713376337700741e-03,-3.898342004878914933e-03
4.889999999999999680e+00,0.000000000000000000e+00,2.787918687201766318e-03,-3.949401866009672780e-03
4.895000000000000462e+00,2.122154304136786558e-17,3.713669774749783162e-03,-3.991720478759602959e-03
4.900000000000000355e+00,2.728484105318725926e-17,2.959061856573529797e-03,-4.027639145663807797e-03
4.905000000000000249e+00,0.000000000000000000e+00,3.416131568182234970e-03,-4.059188400046351980e-03
4.910000000000000142e+00,6.063298011819390605e-18,4.612200579958485210e-03,-4.088048146431124547e-03
4.915000000000000036e+00,0.000000000000000000e+00,3.809702312365255503e-03,-4.115515723061686192e-03
4.919999999999999929e+00,6.063298011819390605e-18,4.791805990906555270e-03,-4.142481720680857814e-03
4.924999999999999822e+00,1.818989403545817490e-17,4.813273198067152814e-03,-4.169413366528179621e-03
4.929999999999999716e+00,0.000000000000000000e+00,2.117365496140963341e-03,-4.196345309272961170e-03
4.935000000000000497e+00,0.000000000000000000e+00,4.610395100783474219e-03,-4.222877709049550725e-03
4.940000000000000391e+00,0.000000000000000000e+00,3.643940893829173463e-03,-4.248181633346907217e-03
4.945000000000000284e+00,0.000000000000000000e+00,2.972723648533461775e-03,-4.271011868093822425e-03
4.950000000000000178e+00,0.000000000000000000e+00,3.719683752464689620e-03,-4.289727356125524159e-03
4.955000000000000071e+00,0.000000000000000000e+00,3.800324641578088723e-03,-4.302319554273357875e-03
4.959999999999999964e+00,1.212659602363878121e-17,2.073783123663329626e-03,-4.306449038162459692e-03
4.964999999999999858e+00,0.000000000000000000e+00,5.177899720493372993e-03,-4.299490665235755800e-03
4.969999999999999751e+00,0.000000000000000000e+00,3.432198668369253625e-03,-4.278587519517884803e-03
4.975000000000000533e+00,0.000000000000000000e+00,3.205799659746797186e-03,-4.240713698551947311e-03
4.980000000000000426e+00,0.000000000000000000e+00,5.629968695972447160e-03,-4.182745761578360137e-03
4.985000000000000320e+00,0.000000000000000000e+00,2.917559142667475180e-03,-4.101542341955138372e-03
4.990000000000000213e+00,0.000000000000000000e+00,5.157298874938432733e-03,-3.994031046048642647e-03
4.995000000000000107e+00,0.000000000000000000e+00,3.824063271824283076e-03,-3.857301331375045505e-03
5.000000000000000000e+00,1.212659602363878121e-17,4.408444307668261605e-03,-3.688701600412343934e-03
5.004999999999999893e+00,0.000000000000000000e+00,4.553242165350321856e-03,-3.485938289494810993e-03
5.009999999999999787e+00,0.000000000000000000e+00,3.284563509849048289e-03,-3.247174304294541194e-03
5.014999999999999680e+00,0.000000000000000000e+00,3.350799395428090237e-03,-2.971123785687041028e-03
5.020000000000000462e+00,0.000000000000000000e+00,4.576742867750430502e-03,-2.657139913148758633e-03
5.025000000000000355e+00,2.425319204727756242e-17,4.146625612867797447e-03,-2.305292295665499914e-03
5.030000000000000249e+00,0.000000000000000000e+00,3.311076439306844844e-03,-1.916430486197327841e-03
5.035000000000000142e+00,0.000000000000000000e+00,3.445925720080635600e-03,-1.492230302650947695e-03
5.040000000000000036e+00,2.425319204727756242e-17,3.754008527008940044e-03,-1.035219955461722310e-03
5.044999999999999929e+00,0.000000000000000000e+00,2.927729154081316724e-03,-5.487834696750534683e-04
5.049999999999999822e+00,0.000000000000000000e+00,4.362338864855331774e-03,-3.713953837789555322e-05
5.054999999999999716e+00,0.000000000000000000e+00,1.497312996282956950e-03,4.947052647977822400e-04
5.060000000000000497e+00,0.000000000000000000e+00,3.848096696669974382e-03,1.041029082232360634e-03
5.065000000000000391e+00,0.000000000000000000e+00,3.156108999492024652e-03,1.595492365316241888e-03
5.070000000000000284e+00,0.000000000000000000e+00,4.501355577224140300e-03,2.151258637108109401e-03
5.075000000000000178e+00,0.000000000000000000e+00,2.166031460552202831e-03,2.701135597788038162e-03
5.080000000000000071e+00,4.850638409455512484e-17,4.881482514394540340e-03,3.237732809247745314e-03
5.084999999999999964e+00,0.000000000000000000e+00,3.042683914554145542e-03,3.753631370144565500e-03
5.089999999999999858e+00,0.000000000000000000e+00,4.892931538684744917e-03,4.241560324352197132e-03
5.094999999999999751e+00,0.000000000000000000e+00,4.175543699149276110e-03,4.694574072698514712e-03
5.100000000000000533e+00,0.000000000000000000e+00,4.084289892765560759e-03,5.106224810560055193e-03
5.105000000000000426e+00,0.000000000000000000e+00,3.469281678261733511e-03,5.470724012266714280e-03
5.110000000000000320e+00,4.850638409455512484e-17,4.188741547921269286e-03,5.783087235772199630e-03
5.115000000000000213e+00,0.000000000000000000e+00,4.726547209523513336e-03,6.039257023666019797e-03
5.120000000000000107e+00,0.000000000000000000e+00,4.468870282805936442e-03,6.236199412870594913e-03
5.125000000000000000e+00,0.000000000000000000e+00,4.336266035872906287e-03,6.371970506951962418e-03
5.129999999999999893e+00,0.000000000000000000e+00,3.928575848447670750e-03,6.445750673003619938e-03
5.134999999999999787e+00,0.000000000000000000e+00,4.978181888566993347e-03,6.457845151701803281e-03
5.139999999999999680e+00,0.000000000000000000e+00,4.964903804241571454e-03,6.409651160330288693e-03
5.145000000000000462e+00,0.000000000000000000e+00,4.042205411486211528e-03,6.303592866321044638e-03
5.150000000000000355e+00,4.850638409455512484e-17,4.945194286624170557e-03,6.143026854367955071e-03
5.155000000000000249e+00,0.000000000000000000e+00,2.888475084037542273e-03,5.932121846882409955e-03
5.160000000000000142e+00,0.000000000000000000e+00,4.113543957109887760e-03,5.675717413755326270e-03
5.165000000000000036e+00,0.000000000000000000e+00,4.837242369535375668e-03,5.379167179132840308e-03
5.169999999999999929e+00,0.000000000000000000e+00,3.264597340391884976e-03,5.048172566092488933e-03
5.174999999999999822e+00,0.000000000000000000e+00,2.315543621938650522e-03,4.688613391924263338e-03
5.179999999999999716e+00,0.000000000000000000e+00,3.179030601129286329e-03,4.306381627367576043e-03
5.185000000000000497e+00,0.000000000000000000e+00,1.791867756457422465e-03,3.907224365170804993e-03
5.190000000000000391e+00,4.850638409455512484e-17,2.719523313050329748e-03,3.496601522525982775e-03
5.195000000000000284e+00,0.000000000000000000e+00,4.879494269916497852e-03,3.079563055284779798e-03
5.200000000000000178e+00,0.000000000000000000e+00,4.635234366132488272e-03,2.660649526740447440e-03
5.205000000000000071e+00,9.701276818911024968e-17,4.156961715209440966e-03,2.243818795683106496e-03
5.209999999999999964e+00,9.701276818911024968e-17,3.752227646553068802e-03,1.832400418423200473e-03
5.214999999999999858e+00,4.850638409455512484e-17,1.106457032935517521e-03,1.429078151953111194e-03
5.219999999999999751e+00,0.000000000000000000e+00,3.386710073907241679e-03,1.035899754967961909e-03
5.225000000000000533e+00,9.701276818911024968e-17,5.282238116887285305e-03,6.543121627875430951e-04
5.230000000000000426e+00,1.455191522836653992e-16,3.841390928392195668e-03,2.852191091063407914e-04
5.235000000000000320e+00,0.000000000000000000e+00,4.509254319885515512e-03,-7.094257663493408299e-05
5.240000000000000213e+00,0.000000000000000000e+00,1.445180673945378139e-03,-4.141124199998860614e-04
5.245000000000000107e+00,0.000000000000000000e+00,4.307960575646207352e-03,-7.445063617822142432e-04
5.250000000000000000e+00,0.000000000000000000e+00,3.944704997425441985e-03,-1.062512499275878068e-03
5.254999999999999893e+00,9.701276818911024968e-17,4.338267526447075854e-03,-1.368587560819984521e-03
5.259999999999999787e+00,0.000000000000000000e+00,4.525907091988343178e-03,-1.663158925579485536e-03
5.264999999999999680e+00,0.000000000000000000e+00,5.052860669925163251e-03,-1.946536557289012476e-03
5.270000000000000462e+00,0.000000000000000000e+00,4.168828844109569859e-03,-2.218838601217839723e-03
5.275000000000000355e+00,0.000000000000000000e+00,2.805879787953326123e-03,-2.479933631453832069e-03
5.280000000000000249e+00,9.701276818911024968e-17,2.377704400689275611e-03,-2.729401669516998055e-03
5.285000000000000142e+00,0.000000000000000000e+00,5.791465601981123784e-03,-2.966515167204533936e-03
5.290000000000000036e+00,0.000000000000000000e+00,3.975060985806255949e-03,-3.190240199467249578e-03
5.294999999999999929e+00,9.701276818911024968e-17,3.651298535030211845e-03,-3.399257189171975974e-03
5.299999999999999822e+00,9.701276818911024968e-17,4.377545651369589390e-03,-3.591999624143227352e-03
5.304999999999999716e+00,9.701276818911024968e-17,5.577300497090176626e-03,-3.766708462789892901e-03
5.310000000000000497e+00,9.701276818911024968e-17,1.665788720902601364e-03,-3.921499287167989206e-03
5.315000000000000391e+00,4.850638409455512484e-17,1.191751258450012268e-03,-4.054438773802454890e-03
5.320000000000000284e+00,4.850638409455512484e-17,2.864678631048367483e-03,-4.163626728188546053e-03
5.325000000000000178e+00,9.701276818911024968e-17,2.224585908935918128e-03,-4.247279776257831090e-03
5.330000000000000071e+00,4.850638409455512484e-17,5.371198934569809333e-03,-4.303812825243160875e-03
5.334999999999999964e+00,9.701276818911024968e-17,3.286598527499704457e-03,-4.331914590980886701e-03
5.339999999999999858e+00,9.701276818911024968e-17,3.528799072273056028e-03,-4.330613825538117551e-03
5.344999999999999751e+00,9.701276818911024968e-17,3.704847336812539926e-03,-4.299333350116436511e-03
5.350000000000000533e+00,0.000000000000000000e+00,4.780031011654086240e-03,-4.237929580874151385e-03
5.355000000000000426e+00,9.701276818911024968e-17,3.936270238616538381e-03,-4.146715903397383413e-03
5.360000000000000320e+00,0.000000000000000000e+00,4.769795924507147337e-03,-4.026468976910412868e-03
5.365000000000000213e+00,9.701276818911024968e-17,1.703778055840156694e-03,-3.878417801748127846e-03
5.370000000000000107e+00,9.701276818911024968e-17,2.481567330882101727e-03,-3.704216132868623414e-03
5.375000000000000000e+00,4.850638409455512484e-17,3.173189415250631928e-03,-3.505899538080029573e-03
5.379999999999999893e+00,0.000000000000000000e+00,3.623573487677421174e-03,-3.285829053347470198e-03
5.384999999999999787e+00,9.701276818911024968e-17,4.224865468552365701e-03,-3.046623952363461136e-03
5.389999999999999680e+00,4.850638409455512484e-17,2.058356315708936325e-03,-2.791086599958058842e-03
5.395000000000000462e+00,4.850638409455512484e-17,3.112174020931400813e-03,-2.522122679265369986e-03
5.400000000000000355e+00,4.850638409455512484e-17,3.881669065972414082e-03,-2.242660256445257443e-03
5.405000000000000249e+00,0.000000000000000000e+00,3.741490387570971504e-03,-1.955571165356521576e-03
5.410000000000000142e+00,0.000000000000000000e+00,3.333642535739755452e-03,-1.663598055793083117e-03
5.415000000000000036e+00,0.000000000000000000e+00,4.714591166521822120e-03,-1.369290157638829294e-03
5.419999999999999929e+00,0.000000000000000000e+00,3.599013999295959214e-03,-1.074950381542748865e-03
5.424999999999999822e+00,9.701276818911024968e-17,4.779783805760320567e-03,-7.825958237304651019e-04
5.429999999999999716e+00,1.455191522836653992e-16,5.164747174015962144e-03,-4.939330935761366420e-04
5.435000000000000497e+00,4.850638409455512484e-17,3.721787107251021704e-03,-2.103491685831310447e-04
5.440000000000000391e+00,4.850638409455512484e-17,4.939380559073407520e-03,6.708226312044492589e-05
5.445000000000000284e+00,4.850638409455512484e-17,3.354354194874195269e-03,3.375797509419650386e-04
5.450000000000000178e+00,9.701276818911024968e-17,3.856289493527430019e-03,6.006197940631636829e-04
5.455000000000000071e+00,4.850638409455512484e-17,2.665675052967109594e-03,8.558914086856930434e-04
5.459999999999999964e+00,9.701276818911024968e-17,2.140501387710372003e-03,1.103242150179653373e-03
5.464999999999999858e+00,0.000000000000000000e+00,3.920292226968720428e-03,1.342618565579035278e-03
5.469999999999999751e+00,4.850638409455512484e-17,2.961611860759442733e-03,1.574004276457723409e-03
5.475000000000000533e+00,4.850638409455512484e-17,3.304927613539166559e-03,1.797358956425568937e-03
5.480000000000000426e+00,2.425319204727756242e-17,3.022186394646371194e-03,2.012561370938063636e-03
5.485000000000000320e+00,4.850638409455512484e-17,3.748096812721639793e-03,2.219359397738230547e-03
5.490000000000000213e+00,2.425319204727756242e-17,4.572742809968262032e-03,2.417329560360561517e-03
5.495000000000000107e+00,0.000000000000000000e+00,3.219078257871153034e-03,2.605848107698610031e-03
5.500000000000000000e+00,0.000000000000000000e+00,3.756381275264425012e-03,2.784075088024868215e-03
5.504999999999999893e+00,0.000000000000000000e+00,3.019390104403519084e-03,2.950952228114544790e-03
5.509999999999999787e+00,0.000000000000000000e+00,2.974108225447005295e-03,3.105214770688898354e-03
5.514999999999999680e+00,0.000000000000000000e+00,2.845459292677379563e-03,3.245416779450579266e-03
5.520000000000000462e+00,2.425319204727756242e-17,4.954716529332195765e-03,3.369968821333543373e-03
5.525000000000000355e+00,0.000000000000000000e+00,2.425467774548015296e-03,3.477186407187654420e-03
5.530000000000000249e+00,4.850638409455512484e-17,3.121417120264046146e-03,3.565347136641851874e-03
5.535000000000000142e+00,4.850638409455512484e-17,5.498595284925404669e-03,3.632754165859675144e-03
5.540000000000000036e+00,2.425319204727756242e-17,5.340376545788929653e-03,3.677803407233113872e-03
5.544999999999999929e+00,0.000000000000000000e+00,2.887326126849696067e-03,3.699051779944549125e-03
5.549999999999999822e+00,0.000000000000000000e+00,2.984646912589647601e-03,3.695283855596623226e-03
5.554999999999999716e+00,3.637978807091634979e-17,4.430036819922331462e-03,3.665574374171796847e-03
5.560000000000000497e+00,2.425319204727756242e-17,5.104892212855915816e-03,3.609344328127690391e-03
5.565000000000000391e+00,0.000000000000000000e+00,2.199856038269252384e-03,3.526408608980441568e-03
5.570000000000000284e+00,6.063298011819391222e-17,5.077550017674456635e-03,3.417013561983897781e-03
5.575000000000000178e+00,0.000000000000000000e+00,3.119711148266196468e-03,3.281863180365263404e-03
5.580000000000000071e+00,3.637978807091634979e-17,3.064896669822162693e-03,3.122133071966876061e-03
5.584999999999999964e+00,0.000000000000000000e+00,4.103527991601622904e-03,2.939471730673649981e-03
5.589999999999999858e+00,0.000000000000000000e+00,3.136278982192206195e-03,2.735989027869597558e-03
5.594999999999999751e+00,0.000000000000000000e+00,3.153018383457004050e-03,2.514232194095304424e-03
5.600000000000000533e+00,3.637978807091634979e-17,3.300833842747036197e-03,2.277149879897024179e-03
5.605000000000000426e+00,0.000000000000000000e+00,3.869397776689180533e-03,2.028045163119315819e-03
5.610000000000000320e+00,0.000000000000000000e+00,4.774586648319451010e-03,1.770518606107818454e-03
5.615000000000000213e+00,0.000000000000000000e+00,3.347279604946552366e-03,1.508402661445264279e-03
5.620000000000000107e+00,0.000000000000000000e+00,3.614707813028433196e-03,1.245688882091992335e-03
5.625000000000000000e+00,0.000000000000000000e+00,3.280943467290621703e-03,9.864495149173346019e-04
5.629999999999999893e+00,0.000000000000000000e+00,2.979519689682898383e-03,7.347551502891510461e-04
5.634999999999999787e+00,0.000000000000000000e+00,4.830065353447860095e-03,4.945901684685386455e-04
5.639999999999999680e+00,1.818989403545817490e-17,3.276279497649743893e-03,2.697677693780301650e-04
5.645000000000000462e+00,0.000000000000000000e+00,4.393692647989997854e-03,6.384639772586808010e-05
5.650000000000000355e+00,3.031649005909695611e-17,3.382087094531203812e-03,-1.199506191010518252e-04
5.655000000000000249e+00,1.212659602363878121e-17,3.397759144236791110e-03,-2.788104184186863586e-04
5.660000000000000142e+00,4.850638409455512484e-17,2.896046610227750485e-03,-4.103991717262876347e-04
5.665000000000000036e+00,3.031649005909695611e-17,5.217424110875027929e-03,-5.129221783565753512e-04
5.669999999999999929e+00,1.212659602363878121e-17,1.989154871839312905e-03,-5.851738808896792638e-04
5.674999999999999822e+00,3.637978807091634979e-17,4.082667826482753656e-03,-6.265763295341125619e-04
5.679999999999999716e+00,0.000000000000000000e+00,3.546143283968502657e-03,-6.372047896150262979e-04
5.685000000000000497e+00,0.000000000000000000e+00,4.133893457941817742e-03,-6.177993928979645276e-04
5.690000000000000391e+00,0.000000000000000000e+00,2.175725111838435095e-03,-5.697619806974547852e-04
5.695000000000000284e+00,2.425319204727756242e-17,4.635450312908261962e-03,-4.951375736426276344e-04
5.700000000000000178e+00,2.425319204727756242e-17,3.441738777353410984e-03,-3.965802270631399928e-04
5.705000000000000071e+00,0.000000000000000000e+00,2.609424703886316799e-03,-2.773033873416087228e-04
5.709999999999999964e+00,1.212659602363878121e-17,3.026895319010185822e-03,-1.410152467520238743e-04
5.714999999999999858e+00,0.000000000000000000e+00,2.849206343940469816e-03,8.160006328864710410e-06
5.719999999999999751e+00,6.063298011819390605e-18,4.159091308065441389e-03,1.657737384004841761e-04
5.725000000000000533e+00,3.637978807091634979e-17,4.172866992209935642e-03,3.271555172984126907e-04
5.730000000000000426e+00,0.000000000000000000e+00,3.818742369034616203e-03,4.875247627814474106e-04
5.735000000000000320e+00,1.212659602363878121e-17,2.789838625128686876e-03,6.421089539788908500e-04
5.740000000000000213e+00,0.000000000000000000e+00,4.315247661351384600e-03,7.862656334614731308e-04
5.745000000000000107e+00,0.000000000000000000e+00,4.132738437784659602e-03,9.156051909864875837e-04
5.750000000000000000e+00,4.850638409455512484e-17,2.370584292670470557e-03,1.026111221993858099e-03
5.754999999999999893e+00,0.000000000000000000e+00,4.600739299580432901e-03,1.114255148439961254e-03
5.759999999999999787e+00,0.000000000000000000e+00,3.115999951973338639e-03,1.177101772600271578e-03
5.764999999999999680e+00,1.212659602363878121e-17,3.798601962398998142e-03,1.212402516278918499e-03
5.770000000000000462e+00,3.637978807091634979e-17,1.633183039803922819e-03,1.218673283855698257e-03
5.775000000000000355e+00,1.212659602363878121e-17,4.362384926136327751e-03,1.195254180319087331e-03
5.780000000000000249e+00,0.000000000000000000e+00,2.538134431219225742e-03,1.142348713499245641e-03
5.785000000000000142e+00,1.212659602363878121e-17,3.249805780173416463e-03,1.061040607735217476e-03
5.790000000000000036e+00,0.000000000000000000e+00,4.270550739077791716e-03,9.532869442350411964e-04
5.794999999999999929e+00,2.425319204727756242e-17,5.161389207706071694e-03,8.218870068162592406e-04
5.799999999999999822e+00,1.212659602363878121e-17,4.896407324942678857e-03,6.704269314459452298e-04
5.804999999999999716e+00,1.212659602363878121e-17,2.074068305620719362e-03,5.032010107162249949e-04
5.810000000000000497e+00,1.212659602363878121e-17,3.671660239865072450e-03,3.251112634402678080e-04
5.815000000000000391e+00,2.425319204727756242e-17,4.461779105495122105e-03,1.415476158186190043e-04
5.820000000000000284e+00,2.425319204727756242e-17,4.907218292704945868e-03,-4.174827599937695212e-05
5.825000000000000178e+00,0.000000000000000000e+00,2.469478710579396316e-03,-2.188319314569753314e-04
5.830000000000000071e+00,0.000000000000000000e+00,3.688567345820108461e-03,-3.837135581707495197e-04
5.834999999999999964e+00,7.275957614183269959e-17,3.801875078859432572e-03,-5.305196941401390523e-04
5.839999999999999858e+00,2.425319204727756242e-17,3.083939931772485075e-03,-6.536542984054563099e-04
5.844999999999999751e+00,0.000000000000000000e+00,1.030288562032097375e-03,-7.479545700863544271e-04
5.850000000000000533e+00,0.000000000000000000e+00,3.713560314835230233e-03,-8.088369062433002979e-04
5.855000000000000426e+00,2.425319204727756242e-17,2.554223716787948871e-03,-8.324287057592413787e-04
5.860000000000000320e+00,0.000000000000000000e+00,3.328473212805001247e-03,-8.156821784003796209e-04
5.865000000000000213e+00,0.000000000000000000e+00,2.479649257972220844e-03,-7.564669068865062301e-04
5.870000000000000107e+00,2.425319204727756242e-17,3.032973595846472862e-03,-6.536386105565081348e-04
5.875000000000000000e+00,0.000000000000000000e+00,2.449762287040980688e-03,-5.070823421909077247e-04
5.879999999999999893e+00,4.850638409455512484e-17,3.951862259730639336e-03,-3.177291818008900906e-04
5.884999999999999787e+00,0.000000000000000000e+00,4.369149406193281390e-03,-8.754633807605690060e-05
5.889999999999999680e+00,4.850638409455512484e-17,2.341648413256328456e-03,1.804986045844240473e-04
5.895000000000000462e+00,9.701276818911024968e-17,3.452846652831269812e-03,4.824977800975034387e-04
5.900000000000000355e+00,7.275957614183269959e-17,2.685513749083599019e-03,8.136852674362368655e-04
5.905000000000000249e+00,2.425319204727756242e-17,5.332073385395933590e-03,1.168538651041861479e-03
5.910000000000000142e+00,7.275957614183269959e-17,3.124298852970676908e-03,1.540896647451556059e-03
5.915000000000000036e+00,0.000000000000000000e+00,2.342409024229036470e-03,1.924089196507187179e-03
5.919999999999999929e+00,4.850638409455512484e-17,3.165188662637017942e-03,2.311076221078981960e-03
5.924999999999999822e+00,0.000000000000000000e+00,3.657468619903156241e-03,2.694591203808575572e-03
5.929999999999999716e+00,4.850638409455512484e-17,3.315396157820235147e-03,3.067285806776188280e-03
5.935000000000000497e+00,4.850638409455512484e-17,3.364244524223007626e-03,3.421871958800996438e-03
5.940000000000000391e+00,0.000000000000000000e+00,2.840458997968418973e-03,3.751258139860889733e-03
5.945000000000000284e+00,4.850638409455512484e-17,4.091017941615672331e-03,4.048676984414138931e-03
5.950000000000000178e+00,4.850638409455512484e-17,3.770420529667782312e-03,4.307801784229316894e-03
5.955000000000000071e+00,4.850638409455512484e-17,2.579588744132364948e-03,4.522849974817593627e-03
5.959999999999999964e+00,4.850638409455512484e-17,3.027760027384545152e-03,4.688672215332568248e-03
5.964999999999999858e+00,0.000000000000000000e+00,3.274363039709441651e-03,4.800826198065502592e-03
5.969999999999999751e+00,4.850638409455512484e-17,2.720172442507969805e-03,4.855634830076723668e-03
5.975000000000000533e+00,4.850638409455512484e-17,4.423439148975974282e-03,4.850228897460623877e-03
5.980000000000000426e+00,0.000000000000000000e+00,2.911375427353988903e-03,4.782574736631242489e-03
5.985000000000000320e+00,0.000000000000000000e+00,2.508257094985569605e-03,4.651487783997178098e-03
5.990000000000000213e+00,4.850638409455512484e-17,3.914910159093902726e-03,4.456633146285412378e-03
5.995000000000000107e+00,0.000000000000000000e+00,4.080951630188771155e-03,4.198514523312610672e-03
6.000000000000000000e+00,0.000000000000000000e+00,3.373512407283683293e-03,3.878452921582302339e-03
6.004999999999999893e+00,0.000000000000000000e+00,2.039446071202471317e-03,3.498556623368823896e-03
6.009999999999999787e+00,0.000000000000000000e+00,1.707683951637329473e-03,3.061683828181237504e-03
6.015000000000000568e+00,0.000000000000000000e+00,1.910783605948810325e-03,2.571399271524978970e-03
6.020000000000000462e+00,0.000000000000000000e+00,4.150203251724572488e-03,2.031925962421131469e-03
6.025000000000000355e+00,4.530223184353647038e-17,2.261987397982134686e-03,1.448092981323362846e-03
6.030000000000000249e+00,3.076268220863026542e-17,4.141761634823985794e-03,8.252800604192221017e-04
6.035000000000000142e+00,5.965041539557190199e-17,3.118689725314596154e-03,1.693594459639626742e-04
6.040000000000000036e+00,7.242604253938834085e-17,1.648234924626154878e-03,-5.133646659452898928e-04
6.044999999999999929e+00,3.146136590275291234e-17,2.771938905210771190e-03,-1.216219007490564529e-03
6.049999999999999822e+00,4.619590372698451025e-17,3.465517293663013167e-03,-1.932226454627947697e-03
6.054999999999999716e+00,0.000000000000000000e+00,3.301580250340083005e-03,-2.654173686812931737e-03
6.060000000000000497e+00,0.000000000000000000e+00,4.465768492176364068e-03,-3.374681422091003243e-03
6.065000000000000391e+00,0.000000000000000000e+00,2.100288265319012054e-03,-4.086277321458911711e-03
6.070000000000000284e+00,1.281931089614790248e-17,2.204451482054049088e-03,-4.781471559499488218e-03
6.075000000000000178e+00,7.581144647636374874e-18,3.987155220708154049e-03,-5.452834907791975425e-03
6.080000000000000071e+00,2.845628361714881159e-17,2.717560194161134160e-03,-6.093078983098521896e-03
6.084999999999999964e+00,7.448643214265805719e-17,2.586159879401802447e-03,-6.695138086785729428e-03
6.089999999999999858e+00,0.000000000000000000e+00,2.015729403332736092e-03,-7.252251820674232054e-03
6.094999999999999751e+00,5.233321584426789919e-17,3.950918942500670702e-03,-7.758047424064188832e-03
6.100000000000000533e+00,6.025927673961358276e-17,2.754343567928569866e-03,-8.206620554521667707e-03
6.105000000000000426e+00,0.000000000000000000e+00,2.869033841862728400e-03,-8.592613047371452928e-03
6.110000000000000320e+00,3.447462757115998176e-17,3.520220654282023645e-03,-8.911286050957529029e-03
6.115000000000000213e+00,1.283206992002285214e-17,2.584050239678276420e-03,-9.158586858909422562e-03
6.120000000000000107e+00,4.856868756211596945e-17,2.192347640130949855e-03,-9.331207756085972693e-03
6.125000000000000000e+00,2.987170292072983705e-17,3.331386198904739450e-03,-9.426635266971617605e-03
6.129999999999999893e+00,7.355217979275010206e-17,1.950163068793407586e-03,-9.443188345169306261e-03
6.134999999999999787e+00,0.000000000000000000e+00,2.872608427338855294e-03,-9.380044267144947365e-03
6.140000000000000568e+00,6.487754487920719431e-17,1.232567538541804852e-03,-9.237251285419689761e-03
6.145000000000000462e+00,0.000000000000000000e+00,3.825157223610313028e-03,-9.015727444792289227e-03
6.150000000000000355e+00,6.941399400780069154e-18,1.077838484132227596e-03,-8.717245355980290586e-03
6.155000000000000249e+00,0.000000000000000000e+00,4.076900538020856654e-03,-8.344403137541641508e-03
6.160000000000000142e+00,2.060214514114250352e-17,2.955617638911586190e-03,-7.900582161160263697e-03
6.165000000000000036e+00,3.853275742974991834e-17,1.922882708157305689e-03,-7.389892648519877025e-03
6.169999999999999929e+00,3.980692289403971321e-17,3.117143896647737999e-03,-6.817108551709058321e-03
6.174999999999999822e+00,0.000000000000000000e+00,4.790875753965113427e-03,-6.187593486261389573e-03
6.179999999999999716e+00,5.070900602733369498e-17,2.140261946412557771e-04,-5.507219761215070841e-03
6.185000000000000497e+00,2.453707307577692265e-17,3.054208674929965745e-03,-4.782282751497764738e-03
6.190000000000000391e+00,0.000000000000000000e+00,4.608649375484981901e-03,-4.019412974998624356e-03
6.195000000000000284e+00,0.000000000000000000e+00,2.775135252491551727e-03,-3.225488263854620757e-03
6.200000000000000178e+00,4.871671577304398462e-17,1.548336629015343701e-03,-2.407548354410444808e-03
6.205000000000000071e+00,7.835326072831246417e-17,4.222342204240149555e-03,-1.572714064231834708e-03
6.209999999999999964e+00,0.000000000000000000e+00,3.441691412783195840e-03,-7.281129823144514039e-04
6.214999999999999858e+00,0.000000000000000000e+00,2.973596429814722233e-03,1.191867216359672845e-04
6.219999999999999751e+00,0.000000000000000000e+00,1.455305243929557596e-03,9.622331499905699328e-04
6.225000000000000533e+00,2.432674139728806904e-17,3.254185338829184478e-03,1.794237412976494540e-03
6.230000000000000426e+00,4.214632715529662110e-17,1.901956706571655354e-03,2.608609944630097249e-03
6.235000000000000320e+00,0.000000000000000000e+00,3.080860506230254699e-03,3.398986590634510158e-03
6.240000000000000213e+00,3.066360406606415980e-17,4.535311746800538280e-03,4.159245152915335558e-03
6.245000000000000107e+00,1.556801375686808470e-17,2.311411571309629140e-03,4.883513547392065619e-03
6.250000000000000000e+00,3.031649005909695611e-17,3.213448978008048938e-03,5.566171160535732243e-03
6.254999999999999893e+00,0.000000000000000000e+00,5.003858705656640676e-03,6.201845357507977316e-03
6.259999999999999787e+00,2.454995097471667248e-17,2.378239397627045747e-03,6.785405381051367972e-03
6.265000000000000568e+00,0.000000000000000000e+00,2.876848558451383219e-03,7.311956069638155149e-03
6.270000000000000462e+00,4.184956822785751104e-17,2.157712265154231035e-03,7.776833902486074944e-03
6.275000000000000355e+00,0.000000000000000000e+00,2.234602171894015978e-03,8.175607838513621051e-03
6.280000000000000249e+00,0.000000000000000000e+00,3.418876226650064982e-03,8.504087251624853350e-03
6.285000000000000142e+00,1.772028061011855504e-17,2.689418695297888118e-03,8.758338976506277809e-03
6.290000000000000036e+00,3.764177814184948380e-17,3.965346536227702667e-03,8.934715073633218638e-03
6.294999999999999929e+00,3.595912471393863640e-17,1.171654159618786993e-03,9.029892411718760947e-03
6.299999999999999822e+00,0.000000000000000000e+00,2.468858892017450780e-03,9.040924567891841721e-03
6.304999999999999716e+00,0.000000000000000000e+00,3.556500755244599698e-03,8.965305883437163503e-03
6.310000000000000497e+00,4.749360789386537543e-17,1.943112032426938182e-03,8.801046812940799616e-03
6.315000000000000391e+00,0.000000000000000000e+00,3.843264098514615184e-03,8.546758997236506700e-03
6.320000000000000284e+00,0.000000000000000000e+00,2.247911591910276008e-03,8.201747807720954908e-03
6.325000000000000178e+00,6.335697556700638302e-17,1.740879636436600333e-03,7.766109483183138672e-03
6.330000000000000071e+00,0.000000000000000000e+00,1.448299057306354654e-03,7.240829441132002296e-03
6.334999999999999964e+00,0.000000000000000000e+00,6.091592818522515232e-03,6.627877921056775021e-03
6.339999999999999858e+00,0.000000000000000000e+00,4.321989632764079020e-03,5.930298830344488126e-03
6.344999999999999751e+00,0.000000000000000000e+00,7.720150669504764404e-04,5.152287531756940750e-03
6.350000000000000533e+00,3.900166834950643691e-17,3.904205182811992109e-03,4.299253345194946688e-03
6.355000000000000426e+00,0.000000000000000000e+00,3.336395771608888575e-03,3.377862738999526208e-03
6.360000000000000320e+00,0.000000000000000000e+00,3.546198010583172331e-03,2.396059553119683164e-03
6.365000000000000213e+00,0.000000000000000000e+00,3.544169237464747744e-03,1.363059116507044262e-03
6.370000000000000107e+00,2.077312492073773084e-18,3.486864462751287051e-03,2.893137759288600362e-04
6.375000000000000000e+00,0.000000000000000000e+00,3.519082818937259785e-03,-8.135518809084333605e-04
6.379999999999999893e+00,1.587566731396530150e-17,2.506011483059280773e-03,-1.932836976819662760e-03
6.384999999999999787e+00,0.000000000000000000e+00,2.454902761609835653e-03,-3.054891440739789833e-03
6.390000000000000568e+00,7.138728932861529108e-18,2.548757316378264751e-03,-4.165273299448581969e-03
6.395000000000000462e+00,3.524170242952180680e-17,3.413597273423046776e-03,-5.248934314307658264e-03
6.400000000000000355e+00,0.000000000000000000e+00,3.730418213767551939e-03,-6.290431254437992351e-03
6.405000000000000249e+00,0.000000000000000000e+00,2.657240006157992034e-03,-7.274159314049872573e-03
6.410000000000000142e+00,0.000000000000000000e+00,3.395138270160536972e-03,-8.184603495579669680e-03
6.415000000000000036e+00,0.000000000000000000e+00,2.212609630780621242e-03,-9.006603210950443056e-03
6.419999999999999929e+00,0.000000000000000000e+00,2.938901620541278358e-03,-9.725624913781604625e-03
6.424999999999999822e+00,0.000000000000000000e+00,3.654312892285143180e-03,-1.032803727345468943e-02
6.429999999999999716e+00,2.721616075989036089e-17,2.140625638551304014e-03,-1.080138323921136373e-02
6.435000000000000497e+00,5.840088434390784086e-18,1.923025262026398924e-03,-1.113464331544893569e-02
6.440000000000000391e+00,7.016229514489120646e-18,1.751658560109110039e-03,-1.131848447018238280e-02
6.445000000000000284e+00,0.000000000000000000e+00,3.117256129558191105e-03,-1.134548931539289783e-02
6.450000000000000178e+00,0.000000000000000000e+00,3.296062042527845605e-03,-1.121036051687534021e-02
6.455000000000000071e+00,3.395807462947161167e-18,1.946341067219272336e-03,-1.091009579682076028e-02
6.459999999999999964e+00,0.000000000000000000e+00,2.116878571446065369e-03,-1.044412936944427543e-02
6.464999999999999858e+00,0.000000000000000000e+00,2.830145367770916208e-03,-9.814436184496384483e-03
6.469999999999999751e+00,0.000000000000000000e+00,2.732187036271677139e-03,-9.025595933110060545e-03
6.475000000000000533e+00,0.000000000000000000e+00,3.653775307130260191e-03,-8.084814385926585023e-03
6.480000000000000426e+00,0.000000000000000000e+00,2.564391157261880234e-03,-7.001900278022493186e-03
6.485000000000000320e+00,0.000000000000000000e+00,2.212733881070939011e-03,-5.789196625265626527e-03
6.490000000000000213e+00,0.000000000000000000e+00,3.933218163600982198e-03,-4.461466051054454804e-03
6.495000000000000107e+00,0.000000000000000000e+00,3.187927982513891981e-03,-3.035730421070532547e-03
6.500000000000000000e+00,0.000000000000000000e+00,4.154034850217397379e-03,-1.531065827621021702e-03
6.504999999999999893e+00,3.148045574583863181e-17,3.157735797096390250e-03,3.164526560843938970e-05
6.509999999999999787e+00,3.746892364394897708e-17,2.263055263222202643e-03,1.630002114955845594e-03
6.515000000000000568e+00,0.000000000000000000e+00,1.484796749405206760e-03,3.240410609832275381e-03
6.520000000000000462e+00,0.000000000000000000e+00,1.525931342898490103e-03,4.838440772471854119e-03
6.525000000000000355e+00,0.000000000000000000e+00,1.926034982668313120e-03,6.399211793216731149e-03
6.530000000000000249e+00,0.000000000000000000e+00,1.004209458955432300e-03,7.897798756644472049e-03
6.535000000000000142e+00,0.000000000000000000e+00,3.004312938094591458e-03,9.309654465727684389e-03
6.540000000000000036e+00,0.000000000000000000e+00,3.832743183165528752e-03,1.061103909504831390e-02
6.544999999999999929e+00,0.000000000000000000e+00,3.674948669117902508e-03,1.177944982868260604e-02
6.549999999999999822e+00,0.000000000000000000e+00,4.607165644599250584e-03,1.279404219339607372e-02
6.554999999999999716e+00,0.000000000000000000e+00,2.213727823138806217e-03,1.363603451192619762e-02
6.560000000000000497e+00,0.000000000000000000e+00,1.922038732202141194e-03,1.428908680038602254e-02
6.565000000000000391e+00,0.000000000000000000e+00,2.209478567298053114e-03,1.473964553928604898e-02
6.570000000000000284e+00,0.000000000000000000e+00,3.466142754112883431e-03,1.497724607457135218e-02
6.575000000000000178e+00,0.000000000000000000e+00,4.608469587922386576e-03,1.499476496086912802e-02
6.580000000000000071e+00,0.000000000000000000e+00,3.125775947575047849e-03,1.478861534309487864e-02
6.584999999999999964e+00,0.000000000000000000e+00,4.100106923899936653e-03,1.435887947527552354e-02
6.589999999999999858e+00,0.000000000000000000e+00,4.732720990868383160e-03,1.370937367872630819e-02
6.594999999999999751e+00,2.770962247892741119e-18,2.975926257872888673e-03,1.284764241944769472e-02
6.600000000000000533e+00,0.000000000000000000e+00,2.429519726136185245e-03,1.178487970348679470e-02
6.605000000000000426e+00,0.000000000000000000e+00,2.506605194835664820e-03,1.053577760985283107e-02
6.610000000000000320e+00,0.000000000000000000e+00,3.640714836988195088e-03,9.118303459892463866e-03
6.615000000000000213e+00,1.480023639292316146e-17,2.628705779673678328e-03,7.553408813460401640e-03
6.620000000000000107e+00,0.000000000000000000e+00,2.251453616359054121e-03,5.864675138552833886e-03
6.625000000000000000e+00,0.000000000000000000e+00,4.024337293191578881e-03,4.077902575291477219e-03
6.629999999999999893e+00,0.000000000000000000e+00,2.725920377771882952e-03,2.220649662682009848e-03
6.634999999999999787e+00,0.000000000000000000e+00,2.406794902441476876e-03,3.217331759115402080e-04
6.640000000000000568e+00,0.000000000000000000e+00,2.274142235637870591e-03,-1.589301703594389560e-03
6.645000000000000462e+00,0.000000000000000000e+00,4.205436996032532390e-03,-3.482729824754520701e-03
6.650000000000000355e+00,0.000000000000000000e+00,2.676685350572852694e-03,-5.329201472047575064e-03
6.655000000000000249e+00,1.211634991405043646e-18,2.402956865172618372e-03,-7.100292802703188008e-03
6.660000000000000142e+00,0.000000000000000000e+00,3.117093857303608346e-03,-8.769039369899986683e-03
6.665000000000000036e+00,2.442745155634426247e-17,1.338910302487262465e-03,-1.031044106882353893e-02
6.669999999999999929e+00,0.000000000000000000e+00,1.096560904571905991e-03,-1.170192741266602374e-02
6.674999999999999822e+00,1.818989403545817490e-17,1.528446135928775325e-03,-1.292377289077339605e-02
6.679999999999999716e+00,2.878234034237330603e-17,3.388726279929368639e-03,-1.395945326162123870e-02
6.685000000000000497e+00,3.192559413699730613e-17,2.310525881362076109e-03,-1.479593496231145291e-02
6.690000000000000391e+00,0.000000000000000000e+00,3.201536281112110638e-03,-1.542389134129611671e-02
6.695000000000000284e+00,0.000000000000000000e+00,1.434032880583319602e-03,-1.583784110363836012e-02
6.700000000000000178e+00,0.000000000000000000e+00,8.029970645343832182e-04,-1.603620615573672983e-02
6.705000000000000071e+00,2.086353440474254898e-17,2.988046147478998476e-03,-1.602128790321439428e-02
6.709999999999999964e+00,9.751119592959705894e-18,1.681882908869195828e-03,-1.579916294350780862e-02
6.714999999999999858e+00,8.065659282014724007e-17,2.136292382381369762e-03,-1.537950095517236562e-02
6.719999999999999751e+00,2.202621932778568982e-18,2.132043066836517356e-03,-1.477530937106291166e-02
6.725000000000000533e+00,0.000000000000000000e+00,2.969042153906602168e-03,-1.400261108682024705e-02
6.730000000000000426e+00,4.511672645202010832e-17,2.268712122531554767e-03,-1.308006295731965404e-02
6.735000000000000320e+00,6.598026085676266655e-17,3.231740837336072748e-03,-1.202852413465076500e-02
6.740000000000000213e+00,8.530824053361537828e-17,3.208179193076474752e-03,-1.087058437041613437e-02
6.745000000000000107e+00,3.811726010678917853e-18,2.089614006375017756e-03,-9.630063217960090419e-03
6.750000000000000000e+00,0.000000000000000000e+00,1.225624061488113890e-03,-8.331491609530847567e-03
6.754999999999999893e+00,0.000000000000000000e+00,4.303929087712467239e-03,-6.999587539842171656e-03
6.759999999999999787e+00,1.544270431616328495e-17,2.683851732849763198e-03,-5.658737559661853808e-03
6.765000000000000568e+00,0.000000000000000000e+00,3.332066452716477001e-03,-4.332495477215972043e-03
6.770000000000000462e+00,0.000000000000000000e+00,2.673036258556673195e-03,-3.043109094867987603e-03
6.775000000000000355e+00,0.000000000000000000e+00,4.475921363217535802e-03,-1.811084993919669355e-03
6.780000000000000249e+00,0.000000000000000000e+00,3.387186055210569553e-03,-6.548003473918342443e-04
6.785000000000000142e+00,1.128526930968335443e-17,3.286531148043844632e-03,4.098304801258763103e-04
6.790000000000000036e+00,0.000000000000000000e+00,3.193547244091414321e-03,1.369628160817509170e-03
6.794999999999999929e+00,5.504070054288033172e-17,2.338839056255234087e-03,2.214354566564036113e-03
6.799999999999999822e+00,2.509451876123298612e-17,3.576695045646383769e-03,2.936849542795444499e-03
6.804999999999999716e+00,8.072873715899155336e-17,1.422819813419722284e-03,3.533096579876101456e-03
6.810000000000000497e+00,0.000000000000000000e+00,4.314450039089077517e-03,4.002217281401508620e-03
6.815000000000000391e+00,0.000000000000000000e+00,2.555225460740878987e-03,4.346396107689248778e-03
6.820000000000000284e+00,1.509699532036227151e-17,3.392110330865766472e-03,4.570738383439747372e-03
6.825000000000000178e+00,3.603407907511533019e-17,3.093387752489598370e-03,4.683065969475374256e-03
6.830000000000000071e+00,7.988741044503612658e-17,2.302751022120363283e-03,4.693656281064486832e-03
6.834999999999999964e+00,0.000000000000000000e+00,4.062131827781457170e-03,4.614931464781510222e-03
6.839999999999999858e+00,3.256806206023742963e-17,3.118267382442907291e-03,4.461105500986348692e-03
6.844999999999999751e+00,1.380924945154963477e-17,4.581282963993954863e-03,4.247797762873682832e-03
6.850000000000000533e+00,4.053722307739627724e-17,1.473486424767174322e-03,3.991622123199850720e-03
6.855000000000000426e+00,1.831520347616296848e-17,3.203230845075372580e-03,3.709761048127302712e-03
6.860000000000000320e+00,2.281834747844391245e-17,2.838369705586032184e-03,3.419534251173492276e-03
6.865000000000000213e+00,4.647802167084325784e-17,1.729368820115398343e-03,3.137971400444373657e-03
6.870000000000000107e+00,7.870037473527968636e-17,3.906201272653260850e-03,2.881398086048484602e-03
6.875000000000000000e+00,4.750952861358151404e-18,2.411639158481451630e-03,2.665043772956622072e-03
6.879999999999999893e+00,1.153307816876055956e-17,1.389873965758554528e-03,2.502679803623436734e-03
6.884999999999999787e+00,5.528850940195753839e-17,3.028869563064350359e-03,2.406294694456453508e-03
6.890000000000000568e+00,0.000000000000000000e+00,1.341370443180082191e-03,2.385813014241042022e-03
6.895000000000000462e+00,7.623452021357835707e-18,2.458395082022860230e-03,2.448863067545832984e-03
6.900000000000000355e+00,0.000000000000000000e+00,4.099143345175992360e-03,2.600597460380536276e-03
6.905000000000000249e+00,0.000000000000000000e+00,2.905189345530961777e-03,2.843569428711249444e-03
6.910000000000000142e+00,1.143236800970436612e-17,3.335387944844536798e-03,3.177666592802166293e-03
6.915000000000000036e+00,2.593584547518841598e-17,3.341693629803341604e-03,3.600102590739787372e-03
6.919999999999999929e+00,0.000000000000000000e+00,2.549788275742951357e-03,4.105465870475629928e-03
6.924999999999999822e+00,8.528107972456968838e-17,3.376362341425057870e-03,4.685823806136227634e-03
6.929999999999999716e+00,0.000000000000000000e+00,2.085342140028192612e-03,5.330879272890897552e-03
6.935000000000000497e+00,4.583299222020603227e-17,1.675693422437357898e-03,6.028175883278016900e-03
6.940000000000000391e+00,3.538904962447810462e-17,2.713890928857687432e-03,6.763347270343191692e-03
6.945000000000000284e+00,2.247032545018109693e-17,2.993919283740317967e-03,7.520405108627247794e-03
6.950000000000000178e+00,5.483977721463853252e-17,3.137881366937895350e-03,8.282059998059353514e-03
6.955000000000000071e+00,0.000000000000000000e+00,2.887586145862239533e-03,9.030068899146209346e-03
6.959999999999999964e+00,8.855060229487887485e-18,3.698728599526259018e-03,9.745602497727660213e-03
6.964999999999999858e+00,1.786184522392034922e-17,4.078939548082912564e-03,1.040962568811670645e-02
6.969999999999999751e+00,0.000000000000000000e+00,3.784094265614716852e-03,1.100328428632222667e-02
6.975000000000000533e+00,2.533357248033360914e-17,3.988764562552640433e-03,1.150829111046801877e-02
6.980000000000000426e+00,0.000000000000000000e+00,1.328898363389449623e-03,1.190730468277213794e-02
6.985000000000000320e+00,0.000000000000000000e+00,4.065699443643695440e-03,1.218429400637296468e-02
6.990000000000000213e+00,0.000000000000000000e+00,2.795400195849263858e-03,1.232488314134865849e-02
6.995000000000000107e+00,0.000000000000000000e+00,3.500527628799039986e-03,1.231666964002610561e-02
7.000000000000000000e+00,0.000000000000000000e+00,2.570264932774019104e-03,1.214951129647843728e-02
7.004999999999999893e+00,8.518406182283395366e-18,2.390641517746681238e-03,1.181577611584924171e-02
7.009999999999999787e+00,0.000000000000000000e+00,2.270780331403127617e-03,1.131055091502120545e-02
7.015000000000000568e+00,0.000000000000000000e+00,3.031228561320182570e-03,1.063180452786386017e-02
7.020000000000000462e+00,0.000000000000000000e+00,2.713647843286078574e-03,9.780502208249202550e-03
7.025000000000000355e+00,0.000000000000000000e+00,4.331026508134476309e-03,8.760668504423431077e-03
7.030000000000000249e+00,5.613400712835378144e-18,1.901695577743466254e-03,7.579396620979726371e-03
7.035000000000000142e+00,9.455491399555260551e-19,1.891414513581830392e-03,6.246803089511430811e-03
7.040000000000000036e+00,0.000000000000000000e+00,5.501985678962072364e-03,4.775927433216531348e-03
7.044999999999999929e+00,0.000000000000000000e+00,2.809349933750568667e-03,3.182577427908790668e-03
7.049999999999999822e+00,0.000000000000000000e+00,4.688681906444506359e-03,1.485121521647718565e-03
7.054999999999999716e+00,0.000000000000000000e+00,3.554279180857841322e-03,-2.957690373704204858e-04
7.060000000000000497e+00,0.000000000000000000e+00,2.585815221141724712e-03,-2.137424818658256384e-03
7.065000000000000391e+00,0.000000000000000000e+00,3.068870363070832098e-03,-4.015525044593280281e-03
7.070000000000000284e+00,0.000000000000000000e+00,3.280043492554861762e-03,-5.904481171172453434e-03
7.075000000000000178e+00,0.000000000000000000e+00,2.108092805188674628e-03,-7.777850865820371343e-03
7.080000000000000071e+00,3.997488792465704539e-17,9.436018680072544729e-04,-9.608775250955069180e-03
7.084999999999999964e+00,0.000000000000000000e+00,1.793525488460977852e-03,-1.137043161994786070e-02
7.089999999999999858e+00,0.000000000000000000e+00,4.787151808236630307e-03,-1.303649331545060977e-02
7.094999999999999751e+00,0.000000000000000000e+00,1.948757059870109051e-03,-1.458158810963906295e-02
7.100000000000000533e+00,0.000000000000000000e+00,3.190774374262786948e-03,-1.598174625846130945e-02
7.105000000000000426e+00,0.000000000000000000e+00,1.850317984215468000e-03,-1.721482942870095068e-02
7.110000000000000320e+00,1.656209081434689115e-17,3.296431325278496687e-03,-1.826093192302193080e-02
7.115000000000000213e+00,0.000000000000000000e+00,2.336605383278064080e-03,-1.910274605373741066e-02
7.120000000000000107e+00,0.000000000000000000e+00,2.008448938179191370e-03,-1.972588413422764544e-02
7.125000000000000000e+00,0.000000000000000000e+00,1.315387870824614785e-03,-2.011915035564671925e-02
7.129999999999999893e+00,0.000000000000000000e+00,1.960755504324842961e-03,-2.027475677846575161e-02
7.134999999999999787e+00,0.000000000000000000e+00,1.800917686828063359e-03,-2.018847877171056626e-02
7.140000000000000568e+00,0.000000000000000000e+00,1.266760882966157242e-03,-1.985974645197899346e-02
7.145000000000000462e+00,0.000000000000000000e+00,3.452697248622700783e-03,-1.929166998109754436e-02
7.150000000000000355e+00,0.000000000000000000e+00,3.958225265681853365e-03,-1.849099794522608350e-02
7.155000000000000249e+00,0.000000000000000000e+00,1.932743316681424361e-03,-1.746800942788326663e-02
7.160000000000000142e+00,0.000000000000000000e+00,2.729209702072878801e-03,-1.623634177266380235e-02
7.165000000000000036e+00,0.000000000000000000e+00,2.252835410783168672e-03,-1.481275737707103343e-02
7.169999999999999929e+00,0.000000000000000000e+00,2.265977662459824592e-03,-1.321685413614310557e-02
7.174999999999999822e+00,0.000000000000000000e+00,1.988869545784630911e-03,-1.147072533465140314e-02
7.179999999999999716e+00,0.000000000000000000e+00,1.148459415032793184e-03,-9.598575842991532298e-03
7.185000000000000497e+00,0.000000000000000000e+00,2.282648625827637945e-03,-7.626302380165147360e-03
7.190000000000000391e+00,0.000000000000000000e+00,4.079339192891866077e-03,-5.581046346968292736e-03
7.195000000000000284e+00,2.008993296280843517e-17,4.984410288938971589e-03,-3.490728285903368922e-03
7.200000000000000178e+00,0.000000000000000000e+00,7.067521693364343591e-04,-1.383573378255308940e-03
7.205000000000000071e+00,0.000000000000000000e+00,2.165776202026298367e-03,7.123624660038796030e-04
7.209999999999999964e+00,0.000000000000000000e+00,3.236301920959948081e-03,2.769656438046795999e-03
7.214999999999999858e+00,0.000000000000000000e+00,4.103144674357021154e-03,4.761963373524937676e-03
7.219999999999999751e+00,0.000000000000000000e+00,3.648717348132532023e-03,6.664432292406976752e-03
7.225000000000000533e+00,0.000000000000000000e+00,8.239592679979987691e-04,8.454086905282221995e-03
7.230000000000000426e+00,0.000000000000000000e+00,4.185400699240446505e-03,1.011016292564107834e-02
7.235000000000000320e+00,0.000000000000000000e+00,3.688447573743207537e-03,1.161439605999985310e-02
7.240000000000000213e+00,0.000000000000000000e+00,2.998182709400815712e-03,1.295125571851870813e-02
7.245000000000000107e+00,0.000000000000000000e+00,3.343288716890643886e-03,1.410812076996345588e-02
7.250000000000000000e+00,0.000000000000000000e+00,3.546107448341717216e-03,1.507539502504488989e-02
7.254999999999999893e+00,0.000000000000000000e+00,2.449139456593175945e-03,1.584656153760739816e-02
7.259999999999999787e+00,0.000000000000000000e+00,3.701941703530077336e-03,1.641817622845509125e-02
7.265000000000000568e+00,0.000000000000000000e+00,4.619590772784076121e-03,1.678980272588170494e-02
7.270000000000000462e+00,5.479108667061704835e-17,2.587044900674953605e-03,1.696389164467659166e-02
7.275000000000000355e+00,0.000000000000000000e+00,1.655241911075651124e-03,1.694560875742113712e-02
7.280000000000000249e+00,0.000000000000000000e+00,2.948660132451346415e-03,1.674261761652411085e-02
7.285000000000000142e+00,0.000000000000000000e+00,4.360497015555483621e-03,1.636482313424598989e-02
7.290000000000000036e+00,0.000000000000000000e+00,1.539301153091241587e-03,1.582408339663957109e-02
7.294999999999999929e+00,0.000000000000000000e+00,2.823085194340546611e-03,1.513389755624874010e-02
7.299999999999999822e+00,0.000000000000000000e+00,3.091877579817465995e-03,1.430907800362447510e-02
7.304999999999999716e+00,0.000000000000000000e+00,2.360637505545544728e-03,1.336541515054156561e-02
7.310000000000000497e+00,0.000000000000000000e+00,3.542637159431805387e-03,1.231934306641276587e-02
7.315000000000000391e+00,0.000000000000000000e+00,2.437571123493984925e-03,1.118761389729339834e-02
7.320000000000000284e+00,0.000000000000000000e+00,2.737374396588250405e-03,9.986988474644907174e-03
7.325000000000000178e+00,0.000000000000000000e+00,2.122125302138136438e-03,8.733949804740091805e-03
7.330000000000000071e+00,0.000000000000000000e+00,4.258503186900834507e-03,7.444445241282314496e-03
7.334999999999999964e+00,0.000000000000000000e+00,1.326585963645136044e-03,6.133662110962910530e-03
7.339999999999999858e+00,0.000000000000000000e+00,1.901457876170600325e-03,4.815840416026241286e-03
7.344999999999999751e+00,0.000000000000000000e+00,2.492748053669537056e-03,3.504125015325418747e-03
7.350000000000000533e+00,0.000000000000000000e+00,3.939796155853428870e-03,2.210458424401088272e-03
7.355000000000000426e+00,0.000000000000000000e+00,2.193360222319019632e-03,9.455141157032367601e-04
7.360000000000000320e+00,0.000000000000000000e+00,1.011058065561582864e-03,-2.813310171388456885e-04
7.365000000000000213e+00,0.000000000000000000e+00,1.092346131191236592e-03,-1.461987503167130236e-03
7.370000000000000107e+00,0.000000000000000000e+00,4.181356294943268381e-03,-2.589610936526852165e-03
7.375000000000000000e+00,0.000000000000000000e+00,2.993454015578128624e-03,-3.658530776092247874e-03
7.379999999999999893e+00,0.000000000000000000e+00,2.218931285735230123e-03,-4.664155352144455646e-03
7.384999999999999787e+00,0.000000000000000000e+00,2.674533718881356992e-03,-5.602858624046205827e-03
7.390000000000000568e+00,0.000000000000000000e+00,3.174299786875404462e-03,-6.471854517412670843e-03
7.395000000000000462e+00,0.000000000000000000e+00,2.942375617110223711e-03,-7.269064739826065422e-03
7.400000000000000355e+00,0.000000000000000000e+00,4.634755815351829407e-03,-7.992985834904570153e-03
7.405000000000000249e+00,0.000000000000000000e+00,4.791344812129051840e-03,-8.642560897562597683e-03
7.410000000000000142e+00,0.000000000000000000e+00,9.466760635297841089e-04,-9.217060858424464334e-03
7.415000000000000036e+00,0.000000000000000000e+00,2.206964548917935906e-03,-9.715979578588624516e-03
7.419999999999999929e+00,0.000000000000000000e+00,3.942870266286138334e-03,-1.013894620870115122e-02
7.424999999999999822e+00,0.000000000000000000e+00,3.571542463574274053e-03,-1.048565739314957432e-02
7.429999999999999716e+00,0.000000000000000000e+00,1.764727757151419258e-03,-1.075583097799858237e-02
7.435000000000000497e+00,8.556350072907819012e-18,2.640405616411604234e-03,-1.094918194645752747e-02
7.440000000000000391e+00,0.000000000000000000e+00,1.678719506373866190e-03,-1.106542039350794267e-02
7.445000000000000284e+00,0.000000000000000000e+00,2.509408181222355996e-03,-1.110427049379563401e-02
7.450000000000000178e+00,0.000000000000000000e+00,3.387466928471304182e-03,-1.106550864182199653e-02
7.455000000000000071e+00,0.000000000000000000e+00,3.399626447770294144e-03,-1.094901827366568520e-02
7.459999999999999964e+00,0.000000000000000000e+00,3.491508524311575431e-03,-1.075485833167573804e-02
7.464999999999999858e+00,0.000000000000000000e+00,1.873147712509772456e-03,-1.048334191908984435e-02
7.469999999999999751e+00,0.000000000000000000e+00,2.167221148235224000e-03,-1.013512141536829052e-02
7.475000000000000533e+00,0.000000000000000000e+00,2.466201512596021949e-03,-9.711276184982371024e-03
7.480000000000000426e+00,0.000000000000000000e+00,2.352722007952050276e-03,-9.213399007396675874e-03
7.485000000000000320e+00,0.000000000000000000e+00,2.256528331203128557e-03,-8.643677474590385004e-03
7.490000000000000213e+00,0.000000000000000000e+00,1.988732135242415790e-03,-8.004966832352957903e-03
7.495000000000000107e+00,0.000000000000000000e+00,2.251352377765378741e-03,-7.300851067684317915e-03
