frequency_offset_GHz,intrinsic_RB_density_per_GHz,incident_density_per_GHz,recovered_incident_density_per_GHz
-7.500000000000000000e+00,0.000000000000000000e+00,0.000000000000000000e+00,0.000000000000000000e+00
-7.495000000000000107e+00,0.000000000000000000e+00,6.032211767129887489e-18,0.000000000000000000e+00
-7.490000000000000213e+00,0.000000000000000000e+00,0.000000000000000000e+00,0.000000000000000000e+00
-7.485000000000000320e+00,0.000000000000000000e+00,0.000000000000000000e+00,0.000000000000000000e+00
-7.480000000000000426e+00,0.000000000000000000e+00,4.820218298580784666e-18,0.000000000000000000e+00
-7.475000000000000533e+00,0.000000000000000000e+00,0.000000000000000000e+00,0.000000000000000000e+00
-7.469999999999999751e+00,0.000000000000000000e+00,0.000000000000000000e+00,0.000000000000000000e+00
-7.464999999999999858e+00,0.000000000000000000e+00,0.000000000000000000e+00,0.000000000000000000e+00
-7.459999999999999964e+00,0.000000000000000000e+00,0.000000000000000000e+00,0.000000000000000000e+00
-7.455000000000000071e+00,0.000000000000000000e+00,0.000000000000000000e+00,0.000000000000000000e+00
-7.450000000000000178e+00,0.000000000000000000e+00,0.000000000000000000e+00,0.000000000000000000e+00
-7.445000000000000284e+00,0.000000000000000000e+00,4.783136849558304484e-17,0.000000000000000000e+00
-7.440000000000000391e+00,0.000000000000000000e+00,3.253101491888255254e-17,0.000000000000000000e+00
-7.435000000000000497e+00,0.000000000000000000e+00,0.000000000000000000e+00,0.000000000000000000e+00
-7.429999999999999716e+00,0.000000000000000000e+00,0.000000000000000000e+00,0.000000000000000000e+00
-7.424999999999999822e+00,0.000000000000000000e+00,0.000000000000000000e+00,0.000000000000000000e+00
-7.419999999999999929e+00,0.000000000000000000e+00,0.000000000000000000e+00,0.000000000000000000e+00
-7.415000000000000036e+00,0.000000000000000000e+00,0.000000000000000000e+00,0.000000000000000000e+00
-7.410000000000000142e+00,0.000000000000000000e+00,2.451742512713834970e-18,0.000000000000000000e+00
-7.405000000000000249e+00,0.000000000000000000e+00,2.450928349162442708e-17,0.000000000000000000e+00
-7.400000000000000355e+00,0.000000000000000000e+00,0.000000000000000000e+00,0.000000000000000000e+00
-7.395000000000000462e+00,0.000000000000000000e+00,0.000000000000000000e+00,0.000000000000000000e+00
-7.390000000000000568e+00,0.000000000000000000e+00,0.000000000000000000e+00,0.000000000000000000e+00
-7.384999999999999787e+00,0.000000000000000000e+00,0.000000000000000000e+00,0.000000000000000000e+00
-7.379999999999999893e+00,0.000000000000000000e+00,0.000000000000000000e+00,0.000000000000000000e+00
-7.375000000000000000e+00,0.000000000000000000e+00,0.000000000000000000e+00,0.000000000000000000e+00
-7.370000000000000107e+00,0.000000000000000000e+00,0.000000000000000000e+00,0.000000000000000000e+00
-7.365000000000000213e+00,0.000000000000000000e+00,2.786511762072466104e-17,0.000000000000000000e+00
-7.360000000000000320e+00,0.000000000000000000e+00,0.000000000000000000e+00,0.000000000000000000e+00
-7.355000000000000426e+00,0.000000000000000000e+00,0.000000000000000000e+00,0.000000000000000000e+00
-7.350000000000000533e+00,0.000000000000000000e+00,0.000000000000000000e+00,0.000000000000000000e+00
-7.344999999999999751e+00,0.000000000000000000e+00,0.000000000000000000e+00,0.000000000000000000e+00
-7.339999999999999858e+00,0.000000000000000000e+00,0.000000000000000000e+00,0.000000000000000000e+00
-7.334999999999999964e+00,0.000000000000000000e+00,0.000000000000000000e+00,0.000000000000000000e+00
-7.330000000000000071e+00,0.000000000000000000e+00,0.000000000000000000e+00,0.000000000000000000e+00
-7.325000000000000178e+00,0.000000000000000000e+00,2.644403214920449084e-17,0.000000000000000000e+00
-7.320000000000000284e+00,0.000000000000000000e+00,0.000000000000000000e+00,0.000000000000000000e+00
-7.315000000000000391e+00,0.000000000000000000e+00,1.802410073044748647e-17,0.000000000000000000e+00
-7.310000000000000497e+00,0.000000000000000000e+00,6.702786474003467042e-18,0.000000000000000000e+00
-7.304999999999999716e+00,0.000000000000000000e+00,3.742191741669780404e-18,0.000000000000000000e+00
-7.299999999999999822e+00,0.000000000000000000e+00,0.000000000000000000e+00,0.000000000000000000e+00
-7.294999999999999929e+00,0.000000000000000000e+00,0.000000000000000000e+00,0.000000000000000000e+00
-7.290000000000000036e+00,0.000000000000000000e+00,0.000000000000000000e+00,0.000000000000000000e+00
-7.285000000000000142e+00,0.000000000000000000e+00,0.000000000000000000e+00,0.000000000000000000e+00
-7.280000000000000249e+00,0.000000000000000000e+00,0.000000000000000000e+00,0.000000000000000000e+00
-7.275000000000000355e+00,0.000000000000000000e+00,0.000000000000000000e+00,0.000000000000000000e+00
-7.270000000000000462e+00,0.000000000000000000e+00,0.000000000000000000e+00,0.000000000000000000e+00
-7.265000000000000568e+00,0.000000000000000000e+00,0.000000000000000000e+00,0.000000000000000000e+00
-7.259999999999999787e+00,0.000000000000000000e+00,0.000000000000000000e+00,0.000000000000000000e+00
-7.254999999999999893e+00,0.000000000000000000e+00,0.000000000000000000e+00,0.000000000000000000e+00
-7.250000000000000000e+00,0.000000000000000000e+00,0.000000000000000000e+00,0.000000000000000000e+00
-7.245000000000000107e+00,0.000000000000000000e+00,0.000000000000000000e+00,0.000000000000000000e+00
-7.240000000000000213e+00,0.000000000000000000e+00,0.000000000000000000e+00,0.000000000000000000e+00
-7.235000000000000320e+00,0.000000000000000000e+00,0.000000000000000000e+00,0.000000000000000000e+00
-7.230000000000000426e+00,0.000000000000000000e+00,0.000000000000000000e+00,0.000000000000000000e+00
-7.225000000000000533e+00,0.000000000000000000e+00,0.000000000000000000e+00,0.000000000000000000e+00
-7.219999999999999751e+00,0.000000000000000000e+00,0.000000000000000000e+00,0.000000000000000000e+00
-7.214999999999999858e+00,0.000000000000000000e+00,0.000000000000000000e+00,0.000000000000000000e+00
-7.209999999999999964e+00,0.000000000000000000e+00,0.000000000000000000e+00,0.000000000000000000e+00
-7.205000000000000071e+00,0.000000000000000000e+00,7.579122514774239027e-18,0.000000000000000000e+00
-7.200000000000000178e+00,0.000000000000000000e+00,0.000000000000000000e+00,0.000000000000000000e+00
-7.195000000000000284e+00,0.000000000000000000e+00,0.000000000000000000e+00,0.000000000000000000e+00
-7.190000000000000391e+00,0.000000000000000000e+00,0.000000000000000000e+00,0.000000000000000000e+00
-7.185000000000000497e+00,0.000000000000000000e+00,0.000000000000000000e+00,0.000000000000000000e+00
-7.179999999999999716e+00,0.000000000000000000e+00,0.000000000000000000e+00,0.000000000000000000e+00
-7.174999999999999822e+00,0.000000000000000000e+00,0.000000000000000000e+00,0.000000000000000000e+00
-7.169999999999999929e+00,0.000000000000000000e+00,1.098972764642264566e-17,0.000000000000000000e+00
-7.165000000000000036e+00,0.000000000000000000e+00,0.000000000000000000e+00,0.000000000000000000e+00
-7.160000000000000142e+00,0.000000000000000000e+00,0.000000000000000000e+00,0.000000000000000000e+00
-7.155000000000000249e+00,0.000000000000000000e+00,0.000000000000000000e+00,0.000000000000000000e+00
-7.150000000000000355e+00,0.000000000000000000e+00,0.000000000000000000e+00,0.000000000000000000e+00
-7.145000000000000462e+00,0.000000000000000000e+00,0.000000000000000000e+00,0.000000000000000000e+00
-7.140000000000000568e+00,0.000000000000000000e+00,0.000000000000000000e+00,0.000000000000000000e+00
-7.134999999999999787e+00,0.000000000000000000e+00,0.000000000000000000e+00,0.000000000000000000e+00
-7.129999999999999893e+00,0.000000000000000000e+00,6.821210263296814508e-17,0.000000000000000000e+00
-7.125000000000000000e+00,0.000000000000000000e+00,0.000000000000000000e+00,0.000000000000000000e+00
-7.120000000000000107e+00,0.000000000000000000e+00,0.000000000000000000e+00,0.000000000000000000e+00
-7.115000000000000213e+00,0.000000000000000000e+00,0.000000000000000000e+00,0.000000000000000000e+00
-7.110000000000000320e+00,0.000000000000000000e+00,0.000000000000000000e+00,0.000000000000000000e+00
-7.105000000000000426e+00,0.000000000000000000e+00,0.000000000000000000e+00,0.000000000000000000e+00
-7.100000000000000533e+00,0.000000000000000000e+00,0.000000000000000000e+00,0.000000000000000000e+00
-7.094999999999999751e+00,0.000000000000000000e+00,0.000000000000000000e+00,0.000000000000000000e+00
-7.089999999999999858e+00,0.000000000000000000e+00,0.000000000000000000e+00,0.000000000000000000e+00
-7.084999999999999964e+00,0.000000000000000000e+00,0.000000000000000000e+00,0.000000000000000000e+00
-7.080000000000000071e+00,0.000000000000000000e+00,0.000000000000000000e+00,0.000000000000000000e+00
-7.075000000000000178e+00,0.000000000000000000e+00,0.000000000000000000e+00,0.000000000000000000e+00
-7.070000000000000284e+00,0.000000000000000000e+00,0.000000000000000000e+00,0.000000000000000000e+00
-7.065000000000000391e+00,0.000000000000000000e+00,0.000000000000000000e+00,0.000000000000000000e+00
-7.060000000000000497e+00,0.000000000000000000e+00,0.000000000000000000e+00,0.000000000000000000e+00
-7.054999999999999716e+00,0.000000000000000000e+00,0.000000000000000000e+00,0.000000000000000000e+00
-7.049999999999999822e+00,0.000000000000000000e+00,3.031649005909695303e-18,0.000000000000000000e+00
-7.044999999999999929e+00,0.000000000000000000e+00,0.000000000000000000e+00,0.000000000000000000e+00
-7.040000000000000036e+00,0.000000000000000000e+00,0.000000000000000000e+00,0.000000000000000000e+00
-7.035000000000000142e+00,0.000000000000000000e+00,0.000000000000000000e+00,0.000000000000000000e+00
-7.030000000000000249e+00,0.000000000000000000e+00,0.000000000000000000e+00,0.000000000000000000e+00
-7.025000000000000355e+00,0.000000000000000000e+00,0.000000000000000000e+00,0.000000000000000000e+00
-7.020000000000000462e+00,0.000000000000000000e+00,0.000000000000000000e+00,0.000000000000000000e+00
-7.015000000000000568e+00,0.000000000000000000e+00,0.000000000000000000e+00,0.000000000000000000e+00
-7.009999999999999787e+00,0.000000000000000000e+00,0.000000000000000000e+00,0.000000000000000000e+00
-7.004999999999999893e+00,0.000000000000000000e+00,0.000000000000000000e+00,0.000000000000000000e+00
-7.000000000000000000e+00,0.000000000000000000e+00,0.000000000000000000e+00,0.000000000000000000e+00
-6.995000000000000107e+00,0.000000000000000000e+00,0.000000000000000000e+00,0.000000000000000000e+00
-6.990000000000000213e+00,0.000000000000000000e+00,0.000000000000000000e+00,0.000000000000000000e+00
-6.985000000000000320e+00,0.000000000000000000e+00,0.000000000000000000e+00,0.000000000000000000e+00
-6.980000000000000426e+00,0.000000000000000000e+00,0.000000000000000000e+00,0.000000000000000000e+00
-6.975000000000000533e+00,0.000000000000000000e+00,0.000000000000000000e+00,0.000000000000000000e+00
-6.969999999999999751e+00,0.000000000000000000e+00,0.000000000000000000e+00,1.443913889176066195e-05
-6.964999999999999858e+00,0.000000000000000000e+00,0.000000000000000000e+00,2.887827778351106464e-05
-6.959999999999999964e+00,0.000000000000000000e+00,0.000000000000000000e+00,4.331741667526146564e-05
-6.955000000000000071e+00,0.000000000000000000e+00,0.000000000000000000e+00,5.775655556701699965e-05
-6.950000000000000178e+00,0.000000000000000000e+00,0.000000000000000000e+00,7.219569445877253367e-05
-6.945000000000000284e+00,0.000000000000000000e+00,0.000000000000000000e+00,9.889575232711036643e-05
-6.940000000000000391e+00,0.000000000000000000e+00,0.000000000000000000e+00,1.255958101954482127e-04
-6.935000000000000497e+00,0.000000000000000000e+00,0.000000000000000000e+00,1.522958680637955323e-04
-6.929999999999999716e+00,0.000000000000000000e+00,0.000000000000000000e+00,1.789959259321428247e-04
-6.924999999999999822e+00,0.000000000000000000e+00,0.000000000000000000e+00,2.056959838004806846e-04
-6.919999999999999929e+00,0.000000000000000000e+00,0.000000000000000000e+00,2.188013494437090979e-04
-6.915000000000000036e+00,0.000000000000000000e+00,0.000000000000000000e+00,2.319067150869375113e-04
-6.910000000000000142e+00,0.000000000000000000e+00,0.000000000000000000e+00,2.450120807301612896e-04
-6.905000000000000249e+00,0.000000000000000000e+00,0.000000000000000000e+00,2.581174463733850138e-04
-6.900000000000000355e+00,0.000000000000000000e+00,0.000000000000000000e+00,2.712228120166134543e-04
-6.895000000000000462e+00,4.940656458412465442e-324,0.000000000000000000e+00,2.586322052987067590e-04
-6.890000000000000568e+00,9.881312916824930884e-324,0.000000000000000000e+00,2.460415985808045089e-04
-6.884999999999999787e+00,3.458459520888725809e-323,0.000000000000000000e+00,2.334509918628977865e-04
-6.879999999999999893e+00,1.235164114603116360e-322,0.000000000000000000e+00,2.208603851449910641e-04
-6.875000000000000000e+00,4.051338295898221662e-322,0.000000000000000000e+00,2.082697784270888140e-04
-6.870000000000000107e+00,1.338917900229778135e-321,0.000000000000000000e+00,1.821857706246295843e-04
-6.865000000000000213e+00,4.451531469029631363e-321,0.000000000000000000e+00,1.561017628221610847e-04
-6.860000000000000320e+00,1.478244412357009660e-320,0.000000000000000000e+00,1.300177550196925580e-04
-6.855000000000000426e+00,4.902119338036848211e-320,0.000000000000000000e+00,1.039337472172333418e-04
-6.850000000000000533e+00,1.623894964751009141e-319,0.000000000000000000e+00,7.784973941477408503e-05
-6.844999999999999751e+00,5.374248469202743409e-319,0.000000000000000000e+00,6.227979153181263270e-05
-6.839999999999999858e+00,1.776832985421167009e-318,0.000000000000000000e+00,4.670984364886223924e-05
-6.834999999999999964e+00,5.868842765285040087e-318,0.000000000000000000e+00,3.113989576591184578e-05
-6.830000000000000071e+00,1.936573301903267159e-317,0.000000000000000000e+00,1.556994788295592289e-05
-6.825000000000000178e+00,6.383974876199311542e-317,0.000000000000000000e+00,0.000000000000000000e+00
-6.820000000000000284e+00,2.102443836699271744e-316,1.212659602363878121e-17,0.000000000000000000e+00
-6.815000000000000391e+00,6.917250559825811095e-316,0.000000000000000000e+00,0.000000000000000000e+00
-6.810000000000000497e+00,2.273623200732313233e-315,0.000000000000000000e+00,0.000000000000000000e+00
-6.804999999999999716e+00,7.465851764533789442e-315,0.000000000000000000e+00,0.000000000000000000e+00
-6.799999999999999822e+00,2.449154133908523877e-314,0.000000000000000000e+00,0.000000000000000000e+00
-6.794999999999999929e+00,8.026547074223313391e-314,0.000000000000000000e+00,0.000000000000000000e+00
-6.790000000000000036e+00,2.627951106168777284e-313,0.000000000000000000e+00,0.000000000000000000e+00
-6.785000000000000142e+00,8.595708690497864404e-313,0.000000000000000000e+00,0.000000000000000000e+00
-6.780000000000000249e+00,2.808807532181094943e-312,0.000000000000000000e+00,0.000000000000000000e+00
-6.775000000000000355e+00,9.169341709205993520e-312,0.000000000000000000e+00,0.000000000000000000e+00
-6.770000000000000462e+00,2.990406434723907690e-311,0.000000000000000000e+00,0.000000000000000000e+00
-6.765000000000000568e+00,9.743122517214939275e-311,0.000000000000000000e+00,0.000000000000000000e+00
-6.759999999999999787e+00,3.171334069636741475e-310,0.000000000000000000e+00,0.000000000000000000e+00
-6.754999999999999893e+00,1.031244646388687037e-309,0.000000000000000000e+00,0.000000000000000000e+00
-6.750000000000000000e+00,3.350096406634069443e-309,0.000000000000000000e+00,0.000000000000000000e+00
-6.745000000000000107e+00,1.087248425427164163e-308,0.000000000000000000e+00,0.000000000000000000e+00
-6.740000000000000213e+00,3.525138250617820862e-308,0.000000000000000000e+00,0.000000000000000000e+00
-6.735000000000000320e+00,1.141824625165281181e-307,0.000000000000000000e+00,0.000000000000000000e+00
-6.730000000000000426e+00,3.694864703158549344e-307,0.000000000000000000e+00,0.000000000000000000e+00
-6.725000000000000533e+00,1.194465360607309126e-306,0.000000000000000000e+00,0.000000000000000000e+00
-6.719999999999999751e+00,3.857664580991388353e-306,0.000000000000000000e+00,0.000000000000000000e+00
-6.714999999999999858e+00,1.244661487426535276e-305,0.000000000000000000e+00,0.000000000000000000e+00
-6.709999999999999964e+00,4.011935332885511792e-305,0.000000000000000000e+00,0.000000000000000000e+00
-6.705000000000000071e+00,1.291910657338230786e-304,0.000000000000000000e+00,0.000000000000000000e+00
-6.700000000000000178e+00,4.156108931498391534e-304,0.000000000000000000e+00,0.000000000000000000e+00
-6.695000000000000284e+00,1.335725592667801638e-303,0.000000000000000000e+00,0.000000000000000000e+00
-6.690000000000000391e+00,4.288678165616590480e-303,0.000000000000000000e+00,0.000000000000000000e+00
-6.685000000000000497e+00,1.375642392158114904e-302,0.000000000000000000e+00,0.000000000000000000e+00
-6.679999999999999716e+00,4.408222722972488708e-302,0.000000000000000000e+00,0.000000000000000000e+00
-6.674999999999999822e+00,1.411228671712025879e-301,0.000000000000000000e+00,0.000000000000000000e+00
-6.669999999999999929e+00,4.513434436536489907e-301,0.000000000000000000e+00,0.000000000000000000e+00
-6.665000000000000036e+00,1.442091341283107042e-300,0.000000000000000000e+00,0.000000000000000000e+00
-6.660000000000000142e+00,4.603141069110932320e-300,0.000000000000000000e+00,0.000000000000000000e+00
-6.655000000000000249e+00,1.467883822878634762e-299,0.000000000000000000e+00,0.000000000000000000e+00
-6.650000000000000355e+00,4.676328032776263229e-299,0.000000000000000000e+00,0.000000000000000000e+00
-6.645000000000000462e+00,1.488312524610530594e-298,0.000000000000000000e+00,0.000000000000000000e+00
-6.640000000000000568e+00,4.732157481080733442e-298,0.000000000000000000e+00,0.000000000000000000e+00
-6.634999999999999787e+00,1.503142401827075150e-297,0.000000000000000000e+00,0.000000000000000000e+00
-6.629999999999999893e+00,4.769984271875445060e-297,0.000000000000000000e+00,0.000000000000000000e+00
-6.625000000000000000e+00,1.512201458076025994e-296,0.000000000000000000e+00,0.000000000000000000e+00
-6.620000000000000107e+00,4.789368375616427896e-296,0.000000000000000000e+00,0.000000000000000000e+00
-6.615000000000000213e+00,1.515384065411587881e-295,0.000000000000000000e+00,0.000000000000000000e+00
-6.610000000000000320e+00,4.790083395503268226e-295,0.000000000000000000e+00,0.000000000000000000e+00
-6.605000000000000426e+00,1.512653014416045349e-294,0.000000000000000000e+00,0.000000000000000000e+00
-6.600000000000000533e+00,4.772120968755670107e-294,0.000000000000000000e+00,0.000000000000000000e+00
-6.594999999999999751e+00,1.504040238313979774e-293,0.000000000000000000e+00,0.000000000000000000e+00
-6.589999999999999858e+00,4.735690929424739839e-293,0.000000000000000000e+00,0.000000000000000000e+00
-6.584999999999999964e+00,1.489646191474065224e-292,0.000000000000000000e+00,0.000000000000000000e+00
-6.580000000000000071e+00,4.681217228277182437e-292,0.000000000000000000e+00,0.000000000000000000e+00
-6.575000000000000178e+00,1.469637899210987731e-291,0.000000000000000000e+00,0.000000000000000000e+00
-6.570000000000000284e+00,4.609329720716861912e-291,1.212659602363878121e-17,0.000000000000000000e+00
-6.565000000000000391e+00,1.444245731823685024e-290,4.850638409455512484e-17,0.000000000000000000e+00
-6.560000000000000497e+00,4.520852045114572114e-290,3.637978807091634979e-17,0.000000000000000000e+00
-6.554999999999999716e+00,1.413758989984970568e-289,0.000000000000000000e+00,0.000000000000000000e+00
-6.549999999999999822e+00,4.416785917735860435e-289,0.000000000000000000e+00,0.000000000000000000e+00
-6.544999999999999929e+00,1.378520419755865052e-288,1.212659602363878121e-17,0.000000000000000000e+00
-6.540000000000000036e+00,4.298292262879151145e-288,0.000000000000000000e+00,0.000000000000000000e+00
-6.535000000000000142e+00,1.338919802587785753e-287,0.000000000000000000e+00,0.000000000000000000e+00
-6.530000000000000249e+00,4.166669675057193663e-287,3.031649005909695611e-17,0.000000000000000000e+00
-6.525000000000000355e+00,1.295386787820173127e-286,3.031649005909695611e-17,0.000000000000000000e+00
-6.520000000000000462e+00,4.023330771347935571e-286,3.031649005909695611e-17,0.000000000000000000e+00
-6.515000000000000568e+00,1.248383151708298517e-285,0.000000000000000000e+00,0.000000000000000000e+00
-6.509999999999999787e+00,3.869777034917392315e-285,0.000000000000000000e+00,0.000000000000000000e+00
-6.504999999999999893e+00,1.198394677486782553e-284,0.000000000000000000e+00,0.000000000000000000e+00
-6.500000000000000000e+00,3.707572773902676409e-284,0.000000000000000000e+00,0.000000000000000000e+00
-6.495000000000000107e+00,1.145922855177253903e-283,0.000000000000000000e+00,0.000000000000000000e+00
-6.490000000000000213e+00,3.538318823331496633e-283,0.000000000000000000e+00,0.000000000000000000e+00
-6.485000000000000320e+00,1.091476597863835506e-282,0.000000000000000000e+00,0.000000000000000000e+00
-6.480000000000000426e+00,3.363626601831308677e-282,4.850638409455512484e-17,0.000000000000000000e+00
-6.475000000000000533e+00,1.035564163209703970e-281,0.000000000000000000e+00,0.000000000000000000e+00
-6.469999999999999751e+00,3.185093101029392251e-281,0.000000000000000000e+00,0.000000000000000000e+00
-6.464999999999999858e+00,9.786854556431197079e-281,0.000000000000000000e+00,0.000000000000000000e+00
-6.459999999999999964e+00,3.004277335452686067e-280,0.000000000000000000e+00,0.000000000000000000e+00
-6.455000000000000071e+00,9.213248665160071824e-280,0.000000000000000000e+00,0.000000000000000000e+00
-6.450000000000000178e+00,2.822678716929445208e-279,0.000000000000000000e+00,0.000000000000000000e+00
-6.445000000000000284e+00,8.639447875290889785e-279,2.728484105318725926e-17,0.000000000000000000e+00
-6.440000000000000391e+00,2.641717742760376545e-278,8.488617216547146231e-17,0.000000000000000000e+00
-6.435000000000000497e+00,8.069799077054466414e-278,0.000000000000000000e+00,0.000000000000000000e+00
-6.429999999999999716e+00,2.462719304375563244e-277,3.031649005909695303e-18,0.000000000000000000e+00
-6.424999999999999822e+00,7.508323772504532840e-277,0.000000000000000000e+00,0.000000000000000000e+00
-6.419999999999999929e+00,2.286898836057176098e-276,0.000000000000000000e+00,0.000000000000000000e+00
-6.415000000000000036e+00,6.958678937284465733e-276,2.425319204727756242e-17,0.000000000000000000e+00
-6.410000000000000142e+00,2.115351434809231323e-275,0.000000000000000000e+00,0.000000000000000000e+00
-6.405000000000000249e+00,6.424127381670702581e-275,0.000000000000000000e+00,0.000000000000000000e+00
-6.400000000000000355e+00,1.949043995674262291e-274,5.002220859750997018e-17,0.000000000000000000e+00
-6.395000000000000462e+00,5.907517618565288361e-274,0.000000000000000000e+00,0.000000000000000000e+00
-6.390000000000000568e+00,1.788810324550687638e-273,0.000000000000000000e+00,0.000000000000000000e+00
-6.384999999999999787e+00,5.411272996307896577e-273,0.000000000000000000e+00,0.000000000000000000e+00
-6.379999999999999893e+00,1.635349115316041904e-272,0.000000000000000000e+00,0.000000000000000000e+00
-6.375000000000000000e+00,4.937389629670424120e-272,0.000000000000000000e+00,0.000000000000000000e+00
-6.370000000000000107e+00,1.489224611813349324e-271,0.000000000000000000e+00,0.000000000000000000e+00
-6.365000000000000213e+00,4.487442469202901495e-271,0.000000000000000000e+00,0.000000000000000000e+00
-6.360000000000000320e+00,1.350869719593462091e-270,0.000000000000000000e+00,0.000000000000000000e+00
-6.355000000000000426e+00,4.062598690897715001e-270,0.000000000000000000e+00,0.000000000000000000e+00
-6.350000000000000533e+00,1.220591288160080494e-269,0.000000000000000000e+00,0.000000000000000000e+00
-6.344999999999999751e+00,3.663637467697244953e-269,0.000000000000000000e+00,0.000000000000000000e+00
-6.339999999999999858e+00,1.098577252448528309e-268,0.000000000000000000e+00,0.000000000000000000e+00
-6.334999999999999964e+00,3.290975102216466685e-268,0.000000000000000000e+00,0.000000000000000000e+00
-6.330000000000000071e+00,9.849053023014055790e-268,1.667406953250332648e-17,0.000000000000000000e+00
-6.325000000000000178e+00,2.944694455665629421e-267,0.000000000000000000e+00,0.000000000000000000e+00
-6.320000000000000284e+00,8.795527404321669473e-267,0.000000000000000000e+00,0.000000000000000000e+00
-6.315000000000000391e+00,2.624577599262158649e-266,3.486396356796149829e-17,0.000000000000000000e+00
-6.310000000000000497e+00,7.824071918897730878e-266,0.000000000000000000e+00,0.000000000000000000e+00
-6.304999999999999716e+00,2.330140638284080918e-265,2.880066555614210460e-17,0.000000000000000000e+00
-6.299999999999999822e+00,6.932778402844042863e-265,0.000000000000000000e+00,0.000000000000000000e+00
-6.294999999999999929e+00,2.060669711301332227e-264,0.000000000000000000e+00,0.000000000000000000e+00
-6.290000000000000036e+00,6.119068865511369482e-264,4.699055959160027950e-17,0.000000000000000000e+00
-6.285000000000000142e+00,1.815257243348976272e-263,0.000000000000000000e+00,0.000000000000000000e+00
-6.280000000000000249e+00,5.379809533202387510e-263,1.061077152068393279e-17,0.000000000000000000e+00
-6.275000000000000355e+00,1.592837626815766426e-262,0.000000000000000000e+00,0.000000000000000000e+00
-6.270000000000000462e+00,4.711421903471414371e-262,0.000000000000000000e+00,0.000000000000000000e+00
-6.265000000000000568e+00,1.392221612410142685e-261,3.789561257387119513e-17,0.000000000000000000e+00
-6.259999999999999787e+00,4.109988723409624256e-261,0.000000000000000000e+00,0.000000000000000000e+00
-6.254999999999999893e+00,1.212128809620079581e-260,0.000000000000000000e+00,0.000000000000000000e+00
-6.250000000000000000e+00,3.571353182943872107e-260,1.364242052659362963e-17,0.000000000000000000e+00
-6.245000000000000107e+00,1.051217816752802398e-259,0.000000000000000000e+00,0.000000000000000000e+00
-6.240000000000000213e+00,3.091209996290101068e-259,0.000000000000000000e+00,0.000000000000000000e+00
-6.235000000000000320e+00,9.081136205693106453e-259,0.000000000000000000e+00,0.000000000000000000e+00
-6.230000000000000426e+00,2.665187417940434454e-258,0.000000000000000000e+00,0.000000000000000000e+00
-6.225000000000000533e+00,7.814320208208703968e-258,0.000000000000000000e+00,0.000000000000000000e+00
-6.219999999999999751e+00,2.288919593103967608e-257,1.818989403545817490e-17,0.000000000000000000e+00
-6.214999999999999858e+00,6.698009425500740930e-257,0.000000000000000000e+00,0.000000000000000000e+00
-6.209999999999999964e+00,1.958108967161122066e-256,3.334813906500665295e-17,0.000000000000000000e+00
-6.205000000000000071e+00,5.718785962738378449e-256,0.000000000000000000e+00,0.000000000000000000e+00
-6.200000000000000178e+00,1.668578767797966946e-255,0.000000000000000000e+00,0.000000000000000000e+00
-6.195000000000000284e+00,4.863685313904959644e-255,0.000000000000000000e+00,0.000000000000000000e+00
-6.190000000000000391e+00,1.416315822442301348e-254,0.000000000000000000e+00,0.000000000000000000e+00
-6.185000000000000497e+00,4.120317001857164747e-254,0.000000000000000000e+00,0.000000000000000000e+00
-6.179999999999999716e+00,1.197504179944662536e-253,0.000000000000000000e+00,0.000000000000000000e+00
-6.174999999999999822e+00,3.476957082194698701e-253,0.000000000000000000e+00,0.000000000000000000e+00
-6.169999999999999929e+00,1.008550168525499835e-252,1.212659602363878121e-17,0.000000000000000000e+00
-6.165000000000000036e+00,2.922614716945999054e-252,0.000000000000000000e+00,0.000000000000000000e+00
-6.160000000000000142e+00,8.460996428778901084e-252,0.000000000000000000e+00,0.000000000000000000e+00
-6.155000000000000249e+00,2.447075342228093241e-251,0.000000000000000000e+00,0.000000000000000000e+00
-6.150000000000000355e+00,7.070482543680170274e-251,0.000000000000000000e+00,0.000000000000000000e+00
-6.145000000000000462e+00,2.040923151257417752e-250,0.000000000000000000e+00,0.000000000000000000e+00
-6.140000000000000568e+00,5.885456229718657454e-250,0.000000000000000000e+00,0.000000000000000000e+00
-6.134999999999999787e+00,1.695545702896993498e-249,0.000000000000000000e+00,0.000000000000000000e+00
-6.129999999999999893e+00,4.879943021524961139e-249,0.000000000000000000e+00,0.000000000000000000e+00
-6.125000000000000000e+00,1.403123460334029752e-248,0.000000000000000000e+00,0.000000000000000000e+00
-6.120000000000000107e+00,4.030444130177877465e-248,0.000000000000000000e+00,0.000000000000000000e+00
-6.115000000000000213e+00,1.156606979986174475e-247,0.000000000000000000e+00,0.000000000000000000e+00
-6.110000000000000320e+00,3.315847867461627823e-247,0.000000000000000000e+00,0.000000000000000000e+00
-6.105000000000000426e+00,9.496843228436028587e-247,0.000000000000000000e+00,0.000000000000000000e+00
-6.100000000000000533e+00,2.717313993176708447e-246,3.031649005909695611e-17,0.000000000000000000e+00
-6.094999999999999751e+00,7.767410646011013824e-246,0.000000000000000000e+00,0.000000000000000000e+00
-6.089999999999999858e+00,2.218138147941786449e-245,0.000000000000000000e+00,0.000000000000000000e+00
-6.084999999999999964e+00,6.328150514461817095e-245,0.000000000000000000e+00,0.000000000000000000e+00
-6.080000000000000071e+00,1.803602770953709687e-244,0.000000000000000000e+00,0.000000000000000000e+00
-6.075000000000000178e+00,5.135477984343184703e-244,0.000000000000000000e+00,0.000000000000000000e+00
-6.070000000000000284e+00,1.460820093525509977e-243,0.000000000000000000e+00,0.000000000000000000e+00
-6.065000000000000391e+00,4.151341685340568063e-243,0.000000000000000000e+00,0.000000000000000000e+00
-6.060000000000000497e+00,1.178571978528404270e-242,0.000000000000000000e+00,0.000000000000000000e+00
-6.054999999999999716e+00,3.342717124746635301e-242,0.000000000000000000e+00,0.000000000000000000e+00
-6.049999999999999822e+00,9.471505714492580911e-242,1.818989403545817490e-17,0.000000000000000000e+00
-6.044999999999999929e+00,2.681108004715346443e-241,0.000000000000000000e+00,0.000000000000000000e+00
-6.040000000000000036e+00,7.582029629250482582e-241,0.000000000000000000e+00,0.000000000000000000e+00
-6.035000000000000142e+00,2.142064429454208645e-240,0.000000000000000000e+00,0.000000000000000000e+00
-6.030000000000000249e+00,6.045823523319333733e-240,0.000000000000000000e+00,0.000000000000000000e+00
-6.025000000000000355e+00,1.704724830013699802e-239,0.000000000000000000e+00,0.000000000000000000e+00
-6.020000000000000462e+00,4.802075589549835834e-239,0.000000000000000000e+00,0.000000000000000000e+00
-6.015000000000000568e+00,1.351386516553779702e-238,0.000000000000000000e+00,0.000000000000000000e+00
-6.009999999999999787e+00,3.799321586575257904e-238,0.000000000000000000e+00,0.000000000000000000e+00
-6.004999999999999893e+00,1.067108091915015530e-237,0.000000000000000000e+00,0.000000000000000000e+00
-6.000000000000000000e+00,2.994240328905054933e-237,6.026523336814138067e-18,0.000000000000000000e+00
-5.995000000000000107e+00,8.393455304068383275e-237,0.000000000000000000e+00,0.000000000000000000e+00
-5.990000000000000213e+00,2.350557031990431293e-236,0.000000000000000000e+00,0.000000000000000000e+00
-5.985000000000000320e+00,6.576225369651371903e-236,0.000000000000000000e+00,0.000000000000000000e+00
-5.980000000000000426e+00,1.838054852307139377e-235,0.000000000000000000e+00,0.000000000000000000e+00
-5.975000000000000533e+00,5.132348417967496378e-235,3.204152251018655615e-18,0.000000000000000000e+00
-5.969999999999999751e+00,1.431692268246787088e-234,0.000000000000000000e+00,0.000000000000000000e+00
-5.964999999999999858e+00,3.989873366661065696e-234,1.310916074626079144e-17,0.000000000000000000e+00
-5.959999999999999964e+00,1.110821888001612656e-233,4.883991769699947742e-17,0.000000000000000000e+00
-5.955000000000000071e+00,3.089623997118447977e-233,1.704501819180221250e-17,0.000000000000000000e+00
-5.950000000000000178e+00,8.585047746689459073e-233,2.656367241484817394e-17,0.000000000000000000e+00
-5.945000000000000284e+00,2.383173628403424912e-232,0.000000000000000000e+00,0.000000000000000000e+00
-5.940000000000000391e+00,6.609133711288388968e-232,0.000000000000000000e+00,0.000000000000000000e+00
-5.935000000000000497e+00,1.831088252746180183e-231,0.000000000000000000e+00,0.000000000000000000e+00
-5.929999999999999716e+00,5.068155121326647183e-231,1.143388115112965994e-17,0.000000000000000000e+00
-5.924999999999999822e+00,1.401413851209951102e-230,1.667204739964118909e-17,0.000000000000000000e+00
-5.919999999999999929e+00,3.871317552693018642e-230,2.005010047740631942e-17,6.395308154532929550e-06
-5.915000000000000036e+00,1.068383253490418292e-229,4.677952809372975491e-17,1.279061630906585910e-05
-5.910000000000000142e+00,2.945582775661092437e-229,0.000000000000000000e+00,1.918592446359651521e-05
-5.905000000000000249e+00,8.113183066523623600e-229,4.467955234484233817e-17,2.558123261812717133e-05
-5.900000000000000355e+00,2.232478081950354581e-228,3.675349144949667925e-17,3.197654077266010427e-05
-5.895000000000000462e+00,6.137040880827173863e-228,0.000000000000000000e+00,3.796134194423368192e-05
-5.889999999999999680e+00,1.685414450099668359e-227,1.403175652339514309e-17,4.394614311580513183e-05
-5.884999999999999787e+00,4.624132758752802596e-227,1.142112212725471028e-17,4.993094428737870948e-05
-5.879999999999999893e+00,1.267446859317876468e-226,2.419088857971671473e-17,5.591574545895228036e-05
-5.875000000000000000e+00,3.470604369809384197e-226,0.000000000000000000e+00,6.190054663052373704e-05
-5.870000000000000107e+00,9.494155559398220369e-226,4.771378044363771005e-17,6.009125634461898473e-05
-5.865000000000000213e+00,2.594677952342253046e-225,0.000000000000000000e+00,5.828196605871358867e-05
-5.860000000000000320e+00,7.084129051127394857e-225,5.638841535718061780e-17,5.647267577280819939e-05
-5.855000000000000426e+00,1.932259054107812227e-224,0.000000000000000000e+00,5.466338548690344708e-05
-5.850000000000000533e+00,5.265263643275826323e-224,1.731179264649749327e-17,5.285409520099869477e-05
-5.844999999999999751e+00,1.433345137961645665e-223,2.476098515878862738e-17,4.562166651229939508e-05
-5.839999999999999858e+00,3.898138965979495782e-223,5.215743100069019299e-17,3.838923782360523858e-05
-5.834999999999999964e+00,1.059106763352809401e-222,3.422681871208277509e-17,3.115680913491107530e-05
-5.830000000000000071e+00,2.874736543596985522e-222,5.720584529507054264e-17,2.392438044621434721e-05
-5.825000000000000178e+00,7.795289389140396203e-222,3.490367801591205336e-18,1.669195175751761573e-05
-5.820000000000000284e+00,2.111749107619014324e-221,4.630376216177655470e-17,1.335356140601456760e-05
-5.815000000000000391e+00,5.715158516579928813e-221,4.822250306605576153e-17,1.001517105451151947e-05
-5.810000000000000497e+00,1.545219307769257956e-220,0.000000000000000000e+00,6.676780703007283800e-06
-5.804999999999999716e+00,4.173763683773760766e-220,0.000000000000000000e+00,3.338390351503049824e-06
-5.799999999999999822e+00,1.126267287076924249e-219,4.829605241606626507e-17,0.000000000000000000e+00
-5.794999999999999929e+00,3.036204142266279734e-219,4.291269950807535409e-17,0.000000000000000000e+00
-5.790000000000000036e+00,8.177044310290900639e-219,2.400678819936655217e-17,0.000000000000000000e+00
-5.785000000000000142e+00,2.200075669091457002e-218,0.000000000000000000e+00,0.000000000000000000e+00
-5.780000000000000249e+00,5.913638456497493075e-218,6.534316448325200714e-18,0.000000000000000000e+00
-5.775000000000000355e+00,1.587990152835156935e-217,4.843283474454462131e-17,0.000000000000000000e+00
-5.770000000000000462e+00,4.260069897754662634e-217,3.061324898653606000e-17,0.000000000000000000e+00
-5.764999999999999680e+00,1.141725048175176162e-216,2.823917756702317956e-17,0.000000000000000000e+00
-5.759999999999999787e+00,3.056906937678117422e-216,5.716184004852183061e-18,0.000000000000000000e+00
-5.754999999999999893e+00,8.176713676290693518e-216,0.000000000000000000e+00,0.000000000000000000e+00
-5.750000000000000000e+00,2.184999024473688175e-215,3.031649005909695611e-17,0.000000000000000000e+00
-5.745000000000000107e+00,5.833102242074823844e-215,0.000000000000000000e+00,0.000000000000000000e+00
-5.740000000000000213e+00,1.555692702192984907e-214,3.608302914347723974e-17,0.000000000000000000e+00
-5.735000000000000320e+00,4.144994173174096226e-214,3.417857114930396991e-17,0.000000000000000000e+00
-5.730000000000000426e+00,1.103316006031218426e-213,1.878341189033639193e-17,0.000000000000000000e+00
-5.725000000000000533e+00,2.933943844139252643e-213,0.000000000000000000e+00,0.000000000000000000e+00
-5.719999999999999751e+00,7.794343833485009836e-213,1.259761446014459132e-17,0.000000000000000000e+00
-5.714999999999999858e+00,2.068631850248994648e-212,0.000000000000000000e+00,0.000000000000000000e+00
-5.709999999999999964e+00,5.484824534217504978e-212,3.511779799998320962e-17,0.000000000000000000e+00
-5.705000000000000071e+00,1.452841223772144180e-211,3.680045142789406319e-17,0.000000000000000000e+00
-5.700000000000000178e+00,3.844584886020554935e-211,0.000000000000000000e+00,0.000000000000000000e+00
-5.695000000000000284e+00,1.016381235801046668e-210,2.722590437646284787e-18,0.000000000000000000e+00
-5.690000000000000391e+00,2.684353500715988954e-210,0.000000000000000000e+00,0.000000000000000000e+00
-5.685000000000000497e+00,7.082696953886072150e-210,0.000000000000000000e+00,0.000000000000000000e+00
-5.679999999999999716e+00,1.866953483450142534e-209,4.850778910572131509e-17,0.000000000000000000e+00
-5.674999999999999822e+00,4.916366138457627035e-209,0.000000000000000000e+00,0.000000000000000000e+00
-5.669999999999999929e+00,1.293393948316681266e-208,2.478088590772046966e-19,0.000000000000000000e+00
-5.665000000000000036e+00,3.399329903098895133e-208,3.417857114930396991e-17,0.000000000000000000e+00
-5.660000000000000142e+00,8.925482217015915130e-208,3.217340299607450664e-17,0.000000000000000000e+00
-5.655000000000000249e+00,2.341240066340069207e-207,5.408530447754963953e-18,0.000000000000000000e+00
-5.650000000000000355e+00,6.135304057931839678e-207,1.065174839341589499e-16,0.000000000000000000e+00
-5.645000000000000462e+00,1.606209232646556055e-206,6.450736084922522609e-17,0.000000000000000000e+00
-5.639999999999999680e+00,4.200916308296004160e-206,5.308588746917896825e-17,0.000000000000000000e+00
-5.634999999999999787e+00,1.097644802644022996e-205,2.586229612517791245e-17,0.000000000000000000e+00
-5.629999999999999893e+00,2.865203714401004156e-205,8.280885967339771041e-17,0.000000000000000000e+00
-5.625000000000000000e+00,7.471797100335788269e-205,1.645829053918541487e-17,0.000000000000000000e+00
-5.620000000000000107e+00,1.946572208857967515e-204,2.656741876877043582e-17,0.000000000000000000e+00
-5.615000000000000213e+00,5.066311068628030434e-204,0.000000000000000000e+00,0.000000000000000000e+00
-5.610000000000000320e+00,1.317313277001900034e-203,5.955754919715176293e-17,0.000000000000000000e+00
-5.605000000000000426e+00,3.421859476517338675e-203,2.539127768867210234e-17,0.000000000000000000e+00
-5.600000000000000533e+00,8.879963007325339440e-203,6.624639492960868412e-17,0.000000000000000000e+00
-5.594999999999999751e+00,2.302162772370780373e-202,0.000000000000000000e+00,0.000000000000000000e+00
-5.589999999999999858e+00,5.962615178398610367e-202,5.178097290282842319e-17,0.000000000000000000e+00
-5.584999999999999964e+00,1.542813463401293582e-201,7.051543472480292098e-17,0.000000000000000000e+00
-5.580000000000000071e+00,3.988099115259224699e-201,5.643402562746276398e-17,0.000000000000000000e+00
-5.575000000000000178e+00,1.029898322059351234e-200,2.754008049637515777e-17,0.000000000000000000e+00
-5.570000000000000284e+00,2.657043363640306728e-200,4.251176637603262953e-17,0.000000000000000000e+00
-5.565000000000000391e+00,6.848237575499072021e-200,1.841310361288677834e-17,0.000000000000000000e+00
-5.560000000000000497e+00,1.763335205950913306e-199,0.000000000000000000e+00,0.000000000000000000e+00
-5.554999999999999716e+00,4.535935006399341126e-199,4.011796473158476026e-17,0.000000000000000000e+00
-5.549999999999999822e+00,1.165667403100615053e-198,6.329572585782018572e-17,0.000000000000000000e+00
-5.544999999999999929e+00,2.992666796075307250e-198,4.207892762569826144e-17,0.000000000000000000e+00
-5.540000000000000036e+00,7.675699475423498915e-198,5.469780156941169724e-18,0.000000000000000000e+00
-5.535000000000000142e+00,1.966769407418666950e-197,8.490534533192757514e-18,0.000000000000000000e+00
-5.530000000000000249e+00,5.034598132503303481e-197,7.984729597195109603e-17,0.000000000000000000e+00
-5.525000000000000355e+00,1.287514298268486651e-196,2.958342833577607538e-17,0.000000000000000000e+00
-5.520000000000000462e+00,3.289388693925024863e-196,4.087959227511753347e-17,0.000000000000000000e+00
-5.514999999999999680e+00,8.395647853848508227e-196,2.711695807988179200e-18,0.000000000000000000e+00
-5.509999999999999787e+00,2.140765600295602868e-195,7.232327334595091659e-17,0.000000000000000000e+00
-5.504999999999999893e+00,5.453306467252461812e-195,6.435411232879207515e-17,0.000000000000000000e+00
-5.500000000000000000e+00,1.387799021218384103e-194,7.237837323472497001e-17,0.000000000000000000e+00
-5.495000000000000107e+00,3.528329477003457518e-194,0.000000000000000000e+00,0.000000000000000000e+00
-5.490000000000000213e+00,8.961641642266539825e-194,1.103746045060614930e-17,0.000000000000000000e+00
-5.485000000000000320e+00,2.273955167701614261e-193,0.000000000000000000e+00,0.000000000000000000e+00
-5.480000000000000426e+00,5.764373421745224512e-193,2.771908481468782069e-17,0.000000000000000000e+00
-5.475000000000000533e+00,1.459816272384600902e-192,1.709671615876268295e-17,0.000000000000000000e+00
-5.469999999999999751e+00,3.693347554792760520e-192,2.880264882542374769e-17,0.000000000000000000e+00
-5.464999999999999858e+00,9.335079907714097376e-192,1.690406931219335239e-17,0.000000000000000000e+00
-5.459999999999999964e+00,2.357174781026331011e-191,5.941045049713075586e-17,0.000000000000000000e+00
-5.455000000000000071e+00,5.946226067645806901e-191,1.431832332675924152e-17,0.000000000000000000e+00
-5.450000000000000178e+00,1.498535139422542601e-190,3.923307314036265307e-17,0.000000000000000000e+00
-5.445000000000000284e+00,3.772839499989684246e-190,0.000000000000000000e+00,0.000000000000000000e+00
-5.440000000000000391e+00,9.489549896265976972e-190,0.000000000000000000e+00,0.000000000000000000e+00
-5.435000000000000497e+00,2.384507986254404837e-189,0.000000000000000000e+00,0.000000000000000000e+00
-5.429999999999999716e+00,5.985877616323555364e-189,4.112464641491330596e-17,0.000000000000000000e+00
-5.424999999999999822e+00,1.501179999216835817e-188,3.290979087610941034e-17,0.000000000000000000e+00
-5.419999999999999929e+00,3.761088823663999808e-188,0.000000000000000000e+00,0.000000000000000000e+00
-5.415000000000000036e+00,9.413915481620500950e-188,0.000000000000000000e+00,0.000000000000000000e+00
-5.410000000000000142e+00,2.353980625272861141e-187,1.216195886679496174e-17,0.000000000000000000e+00
-5.405000000000000249e+00,5.880460775372721336e-187,3.967212383484299389e-17,0.000000000000000000e+00
-5.400000000000000355e+00,1.467559490038055605e-186,0.000000000000000000e+00,0.000000000000000000e+00
-5.395000000000000462e+00,3.658945638523057974e-186,0.000000000000000000e+00,0.000000000000000000e+00
-5.389999999999999680e+00,9.113644491788683719e-186,0.000000000000000000e+00,0.000000000000000000e+00
-5.384999999999999787e+00,2.267796569853835909e-185,0.000000000000000000e+00,0.000000000000000000e+00
-5.379999999999999893e+00,5.637570539277582761e-185,1.217695110316687947e-17,0.000000000000000000e+00
-5.375000000000000000e+00,1.400089401808378943e-184,1.658219496872401820e-17,0.000000000000000000e+00
-5.370000000000000107e+00,3.473724979336965190e-184,2.680292798702334550e-17,0.000000000000000000e+00
-5.365000000000000213e+00,8.610155193007928642e-184,0.000000000000000000e+00,0.000000000000000000e+00
-5.360000000000000320e+00,2.132074674541954551e-183,0.000000000000000000e+00,0.000000000000000000e+00
-5.355000000000000426e+00,5.274359499123339070e-183,0.000000000000000000e+00,0.000000000000000000e+00
-5.350000000000000533e+00,1.303505681821954772e-182,3.103393319619554389e-19,0.000000000000000000e+00
-5.344999999999999751e+00,3.218340670550962463e-182,3.516815307951130326e-17,0.000000000000000000e+00
-5.339999999999999858e+00,7.938290408452724234e-182,0.000000000000000000e+00,0.000000000000000000e+00
-5.334999999999999964e+00,1.956130552534360331e-181,0.000000000000000000e+00,0.000000000000000000e+00
-5.330000000000000071e+00,4.815535337549519277e-181,1.234980560106738619e-17,0.000000000000000000e+00
-5.325000000000000178e+00,1.184314908411956357e-180,1.818989403545817490e-17,0.000000000000000000e+00
-5.320000000000000284e+00,2.909817173665424963e-180,7.597447728543040682e-18,0.000000000000000000e+00
-5.315000000000000391e+00,7.142332981145818880e-180,4.454193933919042119e-18,0.000000000000000000e+00
-5.310000000000000497e+00,1.751420257143325673e-179,6.707170946225708204e-18,0.000000000000000000e+00
-5.304999999999999716e+00,4.290585174914557752e-179,0.000000000000000000e+00,0.000000000000000000e+00
-5.299999999999999822e+00,1.050070774625013543e-178,1.824024911498627162e-17,0.000000000000000000e+00
-5.294999999999999929e+00,2.567417513280867673e-178,0.000000000000000000e+00,0.000000000000000000e+00
-5.290000000000000036e+00,6.271195092225123069e-178,0.000000000000000000e+00,0.000000000000000000e+00
-5.285000000000000142e+00,1.530312085505692651e-177,0.000000000000000000e+00,0.000000000000000000e+00
-5.280000000000000249e+00,3.730659297165011983e-177,0.000000000000000000e+00,0.000000000000000000e+00
-5.275000000000000355e+00,9.085881198794062060e-177,7.677773639449223789e-19,0.000000000000000000e+00
-5.270000000000000462e+00,2.210672472215546155e-176,3.389657642535012670e-18,0.000000000000000000e+00
-5.264999999999999680e+00,5.373504748915850150e-176,0.000000000000000000e+00,0.000000000000000000e+00
-5.259999999999999787e+00,1.304868523365792840e-175,1.170452765549487603e-17,0.000000000000000000e+00
-5.254999999999999893e+00,3.165568803106898797e-175,0.000000000000000000e+00,0.000000000000000000e+00
-5.250000000000000000e+00,7.672071539733897685e-175,4.165351945947458826e-17,0.000000000000000000e+00
-5.245000000000000107e+00,1.857588076317417122e-174,3.485190181334005403e-19,0.000000000000000000e+00
-5.240000000000000213e+00,4.493265383459998588e-174,3.306367977839183681e-17,0.000000000000000000e+00
-5.235000000000000320e+00,1.085801930112277841e-173,2.722359134400105889e-17,0.000000000000000000e+00
-5.230000000000000426e+00,2.621289772785649242e-173,4.588450381596503773e-17,0.000000000000000000e+00
-5.225000000000000533e+00,6.322012367670294825e-173,0.000000000000000000e+00,0.000000000000000000e+00
-5.219999999999999751e+00,1.523251215846283556e-172,0.000000000000000000e+00,0.000000000000000000e+00
-5.214999999999999858e+00,3.666600641440817515e-172,1.296792273759420799e-17,0.000000000000000000e+00
-5.209999999999999964e+00,8.817217846368666389e-172,2.875914607189089613e-17,0.000000000000000000e+00
-5.205000000000000071e+00,2.118241226222171359e-171,1.771887559895236479e-17,0.000000000000000000e+00
-5.200000000000000178e+00,5.083878300751006016e-171,2.341186533332213564e-17,0.000000000000000000e+00
-5.195000000000000284e+00,1.218963662884237966e-170,6.479041512467383349e-17,0.000000000000000000e+00
-5.190000000000000391e+00,2.919861540007128512e-170,8.663389031093265775e-18,0.000000000000000000e+00
-5.185000000000000497e+00,6.987304021673165006e-170,0.000000000000000000e+00,0.000000000000000000e+00
-5.179999999999999716e+00,1.670447791913500013e-169,0.000000000000000000e+00,0.000000000000000000e+00
-5.174999999999999822e+00,3.989624826785320401e-169,0.000000000000000000e+00,0.000000000000000000e+00
-5.169999999999999929e+00,9.519345575358342768e-169,6.563174183862926028e-17,1.725388841334176286e-05
-5.165000000000000036e+00,2.269122868121116439e-168,1.677964874827312199e-17,3.450777682668352571e-05
-5.160000000000000142e+00,5.403620200038282720e-168,6.444470612887283238e-17,5.176166524001915944e-05
-5.155000000000000249e+00,1.285545654564447737e-167,1.044394259572792765e-17,6.901555365335479994e-05
-5.150000000000000355e+00,3.055385949526484414e-167,5.647554511171397861e-17,8.626944206669655941e-05
-5.145000000000000462e+00,7.254717973029252725e-167,0.000000000000000000e+00,1.142967313164013489e-04
-5.139999999999999680e+00,1.720881140046685766e-166,1.434844568833647470e-18,1.423240205660961772e-04
-5.134999999999999787e+00,4.078092763206120352e-166,2.028362423711868158e-18,1.703513098158009802e-04
-5.129999999999999893e+00,9.654709480531729368e-166,1.831239345383058182e-17,1.983785990655057832e-04
-5.125000000000000000e+00,2.283479956637307461e-165,4.375543123319697729e-17,2.264058883152006115e-04
-5.120000000000000107e+00,5.395492362990181513e-165,0.000000000000000000e+00,2.435967780339777424e-04
-5.115000000000000213e+00,1.273622857539842065e-164,0.000000000000000000e+00,2.607876677527609720e-04
-5.110000000000000320e+00,3.003492083018105747e-164,0.000000000000000000e+00,2.779785574715442015e-04
-5.105000000000000426e+00,7.076003232588833073e-164,0.000000000000000000e+00,2.951694471903213053e-04
-5.100000000000000533e+00,1.665426374436267027e-163,8.413267139554267813e-19,3.123603369090984633e-04
-5.094999999999999751e+00,3.915964425156532883e-163,6.667448887069707393e-17,3.053170445509385583e-04
-5.089999999999999858e+00,9.198731061019211712e-163,6.132720813212831960e-17,2.982737521927836407e-04
-5.084999999999999964e+00,2.158703472248443428e-162,2.257053861936670886e-17,2.912304598346286688e-04
-5.080000000000000071e+00,5.060972094562857866e-162,0.000000000000000000e+00,2.841871674764712575e-04
-5.075000000000000178e+00,1.185361396633936461e-161,1.087444566536508110e-16,2.771438751183138462e-04
-5.070000000000000284e+00,2.773597905974575143e-161,0.000000000000000000e+00,2.510788233375863248e-04
-5.065000000000000391e+00,6.483538681629075284e-161,2.692658392162665499e-17,2.250137715568588034e-04
-5.060000000000000497e+00,1.514107100203130724e-160,1.311733447007702330e-17,1.989487197761220121e-04
-5.054999999999999716e+00,3.532457700626137071e-160,0.000000000000000000e+00,1.728836679953852208e-04
-5.049999999999999822e+00,8.233286505922002028e-160,4.217299097447171717e-17,1.468186162146576995e-04
-5.044999999999999929e+00,1.917102665963093277e-159,0.000000000000000000e+00,1.222205543639521825e-04
-5.040000000000000036e+00,4.459574239215004376e-159,1.539813181778967648e-17,9.762249251324666560e-05
-5.035000000000000142e+00,1.036375909644727250e-158,3.064453887063477871e-17,7.302443066254987649e-05
-5.030000000000000249e+00,2.406119013012494915e-158,0.000000000000000000e+00,4.842636881185308738e-05
-5.025000000000000355e+00,5.580752785957200439e-158,0.000000000000000000e+00,2.382830696114756705e-05
-5.020000000000000462e+00,1.293136436331545546e-157,6.911114005840735481e-17,1.906264556891737601e-05
-5.014999999999999680e+00,2.993448544555286113e-157,0.000000000000000000e+00,1.429698417668887904e-05
-5.009999999999999787e+00,6.922693918310629834e-157,1.056447606719913515e-17,9.531322784458688007e-06
-5.004999999999999893e+00,1.599389892252537763e-156,0.000000000000000000e+00,4.765661392228496971e-06
-5.000000000000000000e+00,3.691555893116556978e-156,1.016034383267975704e-16,0.000000000000000000e+00
-4.995000000000000107e+00,8.512172851400895037e-156,1.573478586499417014e-17,0.000000000000000000e+00
-4.990000000000000213e+00,1.960863235266100209e-155,2.928525687565339961e-17,0.000000000000000000e+00
-4.985000000000000320e+00,4.512633448016926556e-155,6.112046862186226809e-18,0.000000000000000000e+00
-4.980000000000000426e+00,1.037501412373268521e-154,1.766494834336245448e-17,0.000000000000000000e+00
-4.975000000000000533e+00,2.382995484407099297e-154,3.016401577260288668e-17,0.000000000000000000e+00
-4.969999999999999751e+00,5.468064471292473425e-154,9.139936747627486692e-17,0.000000000000000000e+00
-4.964999999999999858e+00,1.253487241422078451e-153,0.000000000000000000e+00,0.000000000000000000e+00
-4.959999999999999964e+00,2.870662218909367254e-153,0.000000000000000000e+00,0.000000000000000000e+00
-4.955000000000000071e+00,6.567803541259599409e-153,0.000000000000000000e+00,0.000000000000000000e+00
-4.950000000000000178e+00,1.501184590529205222e-152,7.256732251706734118e-17,0.000000000000000000e+00
-4.945000000000000284e+00,3.427866709856733896e-152,0.000000000000000000e+00,0.000000000000000000e+00
-4.940000000000000391e+00,7.819691850370394833e-152,0.000000000000000000e+00,0.000000000000000000e+00
-4.935000000000000497e+00,1.782096578400454844e-151,0.000000000000000000e+00,0.000000000000000000e+00
-4.929999999999999716e+00,4.057408342340698341e-151,5.575099540302372352e-17,0.000000000000000000e+00
-4.924999999999999822e+00,9.228733045160587877e-151,0.000000000000000000e+00,0.000000000000000000e+00
-4.919999999999999929e+00,2.097062303947986176e-150,5.703788026445321662e-17,0.000000000000000000e+00
-4.915000000000000036e+00,4.760542732704574037e-150,6.863307658809101442e-18,0.000000000000000000e+00
-4.910000000000000142e+00,1.079636320852589459e-149,8.795920178749644763e-18,0.000000000000000000e+00
-4.905000000000000249e+00,2.446101024234865632e-149,0.000000000000000000e+00,0.000000000000000000e+00
-4.900000000000000355e+00,5.536651355136383924e-149,9.998598808066577058e-18,0.000000000000000000e+00
-4.895000000000000462e+00,1.251975551875363477e-148,0.000000000000000000e+00,0.000000000000000000e+00
-4.889999999999999680e+00,2.828266985549912907e-148,3.194429328020823985e-17,0.000000000000000000e+00
-4.884999999999999787e+00,6.382941206185485353e-148,0.000000000000000000e+00,0.000000000000000000e+00
-4.879999999999999893e+00,1.439120529329908335e-147,5.362284195272070529e-17,0.000000000000000000e+00
-4.875000000000000000e+00,3.241525013469356296e-147,1.799073592319003294e-17,0.000000000000000000e+00
-4.870000000000000107e+00,7.294196693390722201e-147,1.690493717724348274e-17,0.000000000000000000e+00
-4.865000000000000213e+00,1.639764377475230174e-146,0.000000000000000000e+00,0.000000000000000000e+00
-4.860000000000000320e+00,3.682657323952694049e-146,7.119179869659281086e-17,0.000000000000000000e+00
-4.855000000000000426e+00,8.262606207396742618e-146,5.624447674137153348e-17,0.000000000000000000e+00
-4.850000000000000533e+00,1.852032847872641690e-145,9.465737765761541733e-17,0.000000000000000000e+00
-4.844999999999999751e+00,4.147211647482965937e-145,0.000000000000000000e+00,0.000000000000000000e+00
-4.839999999999999858e+00,9.277684471436704162e-145,3.048791379327836678e-17,0.000000000000000000e+00
-4.834999999999999964e+00,2.073475372255299506e-144,0.000000000000000000e+00,0.000000000000000000e+00
-4.830000000000000071e+00,4.629499576859617616e-144,1.910043623407783188e-17,0.000000000000000000e+00
-4.825000000000000178e+00,1.032630861568280951e-143,3.621793683606635704e-17,0.000000000000000000e+00
-4.820000000000000284e+00,2.301081688003118726e-143,2.968182553142734114e-17,0.000000000000000000e+00
-4.815000000000000391e+00,5.122652033599535384e-143,1.537834726087050607e-17,0.000000000000000000e+00
-4.810000000000000497e+00,1.139288099840026152e-142,3.982561801070634224e-17,0.000000000000000000e+00
-4.804999999999999716e+00,2.531326407932454877e-142,1.628985510810791154e-17,0.000000000000000000e+00
-4.799999999999999822e+00,5.618735949092540114e-142,0.000000000000000000e+00,0.000000000000000000e+00
-4.794999999999999929e+00,1.245962525752512156e-141,1.661002524712993049e-17,0.000000000000000000e+00
-4.790000000000000036e+00,2.760242396034667324e-141,3.986345442471221725e-18,0.000000000000000000e+00
-4.785000000000000142e+00,6.108932805066708700e-141,0.000000000000000000e+00,0.000000000000000000e+00
-4.780000000000000249e+00,1.350701426264585411e-140,1.818002160670115487e-17,0.000000000000000000e+00
-4.775000000000000355e+00,2.983522057988459551e-140,1.811615511919027487e-18,0.000000000000000000e+00
-4.770000000000000462e+00,6.583775780128047026e-140,5.705026746878261419e-18,0.000000000000000000e+00
-4.764999999999999680e+00,1.451432004336723923e-139,0.000000000000000000e+00,0.000000000000000000e+00
-4.759999999999999787e+00,3.196643776401958916e-139,0.000000000000000000e+00,0.000000000000000000e+00
-4.754999999999999893e+00,7.033438176293690370e-139,8.272680794338978403e-18,0.000000000000000000e+00
-4.750000000000000000e+00,1.546026701777225893e-138,6.097752865882543670e-17,0.000000000000000000e+00
-4.745000000000000107e+00,3.395018856833462107e-138,6.517271255907218406e-17,0.000000000000000000e+00
-4.740000000000000213e+00,7.448061867559963797e-138,7.822120559962518886e-17,0.000000000000000000e+00
-4.735000000000000320e+00,1.632376163456451835e-137,3.370157036109962360e-17,0.000000000000000000e+00
-4.730000000000000426e+00,3.574152655266896408e-137,8.011729409236439031e-17,0.000000000000000000e+00
-4.725000000000000533e+00,7.818111054899309245e-137,3.448695412722348629e-17,0.000000000000000000e+00
-4.719999999999999751e+00,1.708466459022222313e-136,4.993023988332635511e-17,0.000000000000000000e+00
-4.714999999999999858e+00,3.729812182992011816e-136,4.035754161774644044e-17,0.000000000000000000e+00
-4.709999999999999964e+00,8.134733948213382072e-136,2.462932509125948524e-17,0.000000000000000000e+00
-4.705000000000000071e+00,1.772456675107315526e-135,5.009537218641255332e-17,0.000000000000000000e+00
-4.700000000000000178e+00,3.858191566319303914e-135,6.264630397912015565e-17,0.000000000000000000e+00
-4.695000000000000284e+00,8.390113398575331126e-135,6.502036900788663155e-17,0.000000000000000000e+00
-4.690000000000000391e+00,1.822752733872057743e-134,4.890409800208000689e-17,0.000000000000000000e+00
-4.685000000000000497e+00,3.956066380472709188e-134,0.000000000000000000e+00,0.000000000000000000e+00
-4.679999999999999716e+00,8.577787169335425470e-134,4.604271969475264571e-18,0.000000000000000000e+00
-4.674999999999999822e+00,1.858073317994503203e-133,2.353078597134614246e-17,0.000000000000000000e+00
-4.669999999999999929e+00,4.020928139965641203e-133,5.846414064675105106e-17,0.000000000000000000e+00
-4.665000000000000036e+00,8.692919557294382452e-133,6.553512651533928527e-17,0.000000000000000000e+00
-4.660000000000000142e+00,1.877504100314773864e-132,5.322278136150304565e-17,0.000000000000000000e+00
-4.655000000000000249e+00,4.051091120596642327e-132,1.174895105972732816e-17,0.000000000000000000e+00
-4.650000000000000355e+00,8.732508434529927702e-132,4.830390427923332450e-17,0.000000000000000000e+00
-4.645000000000000462e+00,1.880537075182917385e-131,2.580462897759131696e-17,0.000000000000000000e+00
-4.639999999999999680e+00,4.045765164177597164e-131,3.509179347567891222e-17,0.000000000000000000e+00
-4.634999999999999787e+00,8.695515337716633105e-131,0.000000000000000000e+00,0.000000000000000000e+00
-4.629999999999999893e+00,1.867092629822674054e-130,0.000000000000000000e+00,0.000000000000000000e+00
-4.625000000000000000e+00,4.005090076739503939e-130,4.192468131917483716e-18,0.000000000000000000e+00
-4.620000000000000107e+00,8.582910735996954939e-130,1.148533814350920762e-17,0.000000000000000000e+00
-4.615000000000000213e+00,1.837523017109102526e-129,1.094271085781208696e-17,0.000000000000000000e+00
-4.610000000000000320e+00,3.930129529877079818e-129,0.000000000000000000e+00,0.000000000000000000e+00
-4.605000000000000426e+00,8.397631722874231371e-129,0.000000000000000000e+00,0.000000000000000000e+00
-4.600000000000000533e+00,1.792597018297600320e-128,2.481165735831035109e-17,0.000000000000000000e+00
-4.594999999999999751e+00,3.822824836584672475e-128,0.000000000000000000e+00,0.000000000000000000e+00
-4.589999999999999858e+00,8.144454706808952561e-128,3.093719724844779053e-17,0.000000000000000000e+00
-4.584999999999999964e+00,1.733466727890171186e-127,2.338823579250919889e-17,0.000000000000000000e+00
-4.580000000000000071e+00,3.685911405690774726e-127,0.000000000000000000e+00,0.000000000000000000e+00
-4.575000000000000178e+00,7.829790803622353726e-127,1.336694643860851835e-17,0.000000000000000000e+00
-4.570000000000000284e+00,1.661618463855583654e-126,3.881082955015018983e-17,0.000000000000000000e+00
-4.565000000000000391e+00,3.522802893674818940e-126,0.000000000000000000e+00,0.000000000000000000e+00
-4.560000000000000497e+00,7.461416164719082582e-126,1.807875608476392660e-17,0.000000000000000000e+00
-4.554999999999999716e+00,1.578810722553953983e-125,0.000000000000000000e+00,0.000000000000000000e+00
-4.549999999999999822e+00,3.337449900802549587e-125,2.088870743044379265e-17,0.000000000000000000e+00
-4.544999999999999929e+00,7.048153068253717928e-125,3.665327300931567209e-17,0.000000000000000000e+00
-4.540000000000000036e+00,1.487002791318940706e-124,0.000000000000000000e+00,0.000000000000000000e+00
-4.535000000000000142e+00,3.134181368073618535e-124,0.000000000000000000e+00,0.000000000000000000e+00
-4.530000000000000249e+00,6.599520003360555272e-124,0.000000000000000000e+00,0.000000000000000000e+00
-4.525000000000000355e+00,1.388278055761592512e-123,0.000000000000000000e+00,0.000000000000000000e+00
-4.520000000000000462e+00,2.917537538113708936e-123,0.000000000000000000e+00,0.000000000000000000e+00
-4.514999999999999680e+00,6.125370046617515494e-123,1.924479094602281889e-17,0.000000000000000000e+00
-4.509999999999999787e+00,1.284766170923528624e-122,0.000000000000000000e+00,0.000000000000000000e+00
-4.504999999999999893e+00,2.692103416791267515e-122,7.002583698086407210e-17,0.000000000000000000e+00
-4.500000000000000000e+00,5.635536540340228348e-122,2.113531571978864719e-17,0.000000000000000000e+00
-4.495000000000000107e+00,1.178568108659133477e-121,0.000000000000000000e+00,0.000000000000000000e+00
-4.490000000000000213e+00,2.462351137947646656e-121,0.000000000000000000e+00,0.000000000000000000e+00
-4.485000000000000320e+00,5.139503525292865338e-121,0.000000000000000000e+00,0.000000000000000000e+00
-4.480000000000000426e+00,1.071687675425605129e-120,3.934001272890849537e-17,0.000000000000000000e+00
-4.475000000000000533e+00,2.232498565908115458e-120,6.363280273073101612e-17,0.000000000000000000e+00
-4.469999999999999751e+00,4.646115748632542823e-120,0.000000000000000000e+00,0.000000000000000000e+00
-4.464999999999999858e+00,9.659724627981558725e-120,4.685585253127909882e-17,0.000000000000000000e+00
-4.459999999999999964e+00,2.006389984472406145e-119,0.000000000000000000e+00,0.000000000000000000e+00
-4.455000000000000071e+00,4.163339632188983532e-119,0.000000000000000000e+00,0.000000000000000000e+00
-4.450000000000000178e+00,8.630664100241010579e-119,3.838929174548783438e-17,0.000000000000000000e+00
-4.445000000000000284e+00,1.787402958944269581e-118,0.000000000000000000e+00,0.000000000000000000e+00
-4.440000000000000391e+00,3.698082664887673655e-118,0.000000000000000000e+00,0.000000000000000000e+00
-4.435000000000000497e+00,7.643752942511728311e-118,5.144033347429780727e-18,0.000000000000000000e+00
-4.429999999999999716e+00,1.578383573581303766e-117,0.000000000000000000e+00,0.000000000000000000e+00
-4.424999999999999822e+00,3.256074609736006643e-117,0.000000000000000000e+00,0.000000000000000000e+00
-4.419999999999999929e+00,6.710455910885659177e-117,0.000000000000000000e+00,0.000000000000000000e+00
-4.415000000000000036e+00,1.381610391842221316e-116,1.269623295385685820e-17,0.000000000000000000e+00
-4.410000000000000142e+00,2.841810007273959860e-116,1.535993554568870802e-17,0.000000000000000000e+00
-4.405000000000000249e+00,5.839563316203832853e-116,0.000000000000000000e+00,0.000000000000000000e+00
-4.400000000000000355e+00,1.198785795763482218e-115,0.000000000000000000e+00,0.000000000000000000e+00
-4.395000000000000462e+00,2.458547986842765671e-115,3.702815831729742404e-17,0.000000000000000000e+00
-4.389999999999999680e+00,5.037228765154780429e-115,2.364627012714915489e-17,0.000000000000000000e+00
-4.384999999999999787e+00,1.031051941437603171e-114,2.632856895464347618e-17,0.000000000000000000e+00
-4.379999999999999893e+00,2.108362573459205008e-114,0.000000000000000000e+00,0.000000000000000000e+00
-4.375000000000000000e+00,4.307109732394832149e-114,0.000000000000000000e+00,0.000000000000000000e+00
-4.370000000000000107e+00,8.790274937802142749e-114,0.000000000000000000e+00,0.000000000000000000e+00
-4.365000000000000213e+00,1.792234634548798954e-113,0.000000000000000000e+00,0.000000000000000000e+00
-4.360000000000000320e+00,3.650590815259145824e-113,0.000000000000000000e+00,0.000000000000000000e+00
-4.355000000000000426e+00,7.428606126866976891e-113,3.972526011845340938e-17,0.000000000000000000e+00
-4.350000000000000533e+00,1.510175401018246687e-112,0.000000000000000000e+00,0.000000000000000000e+00
-4.344999999999999751e+00,3.067067512508562843e-112,1.750895724702142558e-17,0.000000000000000000e+00
-4.339999999999999858e+00,6.222933558059118987e-112,3.161915174132378008e-17,0.000000000000000000e+00
-4.334999999999999964e+00,1.261371100653179041e-111,0.000000000000000000e+00,0.000000000000000000e+00
-4.330000000000000071e+00,2.554268064261825829e-111,0.000000000000000000e+00,0.000000000000000000e+00
-4.325000000000000178e+00,5.167327108045348939e-111,0.000000000000000000e+00,0.000000000000000000e+00
-4.320000000000000284e+00,1.044338575278961138e-110,0.000000000000000000e+00,0.000000000000000000e+00
-4.315000000000000391e+00,2.108592074413175359e-110,3.654558137592703514e-17,0.000000000000000000e+00
-4.310000000000000497e+00,4.253238180776239229e-110,0.000000000000000000e+00,0.000000000000000000e+00
-4.304999999999999716e+00,8.570826863612746021e-110,0.000000000000000000e+00,0.000000000000000000e+00
-4.299999999999999822e+00,1.725447004078726202e-109,6.491992129061309084e-17,0.000000000000000000e+00
-4.294999999999999929e+00,3.470215231706102153e-109,0.000000000000000000e+00,0.000000000000000000e+00
-4.290000000000000036e+00,6.972476880580805699e-109,0.000000000000000000e+00,0.000000000000000000e+00
-4.285000000000000142e+00,1.399566821416818795e-108,0.000000000000000000e+00,0.000000000000000000e+00
-4.280000000000000249e+00,2.806571289707847355e-108,0.000000000000000000e+00,0.000000000000000000e+00
-4.275000000000000355e+00,5.622563931663260819e-108,9.521272659185137893e-18,0.000000000000000000e+00
-4.270000000000000462e+00,1.125300756147264454e-107,2.396897495297352776e-17,0.000000000000000000e+00
-4.264999999999999680e+00,2.249980236669682816e-107,3.315866100213728997e-19,0.000000000000000000e+00
-4.259999999999999787e+00,4.494327129996102058e-107,0.000000000000000000e+00,0.000000000000000000e+00
-4.254999999999999893e+00,8.968638963216932374e-107,0.000000000000000000e+00,0.000000000000000000e+00
-4.250000000000000000e+00,1.787986713385642900e-106,2.719010202175258105e-17,0.000000000000000000e+00
-4.245000000000000107e+00,3.561048733279746243e-106,0.000000000000000000e+00,0.000000000000000000e+00
-4.240000000000000213e+00,7.085449894698791053e-106,0.000000000000000000e+00,0.000000000000000000e+00
-4.235000000000000320e+00,1.408422095417933067e-105,2.027415272702108955e-17,0.000000000000000000e+00
-4.230000000000000426e+00,2.796881797130869280e-105,1.601089631246057894e-17,0.000000000000000000e+00
-4.224999999999999645e+00,5.548700446117223621e-105,4.803268893738173375e-17,0.000000000000000000e+00
-4.219999999999999751e+00,1.099725589666254290e-104,9.180212146020296613e-17,0.000000000000000000e+00
-4.214999999999999858e+00,2.177475446101299527e-104,5.125381600616078703e-17,0.000000000000000000e+00
-4.209999999999999964e+00,4.307230231115488001e-104,0.000000000000000000e+00,0.000000000000000000e+00
-4.205000000000000071e+00,8.511748651960470856e-104,0.000000000000000000e+00,0.000000000000000000e+00
-4.200000000000000178e+00,1.680410471337731373e-103,0.000000000000000000e+00,0.000000000000000000e+00
-4.195000000000000284e+00,3.314269742390818915e-103,0.000000000000000000e+00,0.000000000000000000e+00
-4.190000000000000391e+00,6.530346252378567872e-103,0.000000000000000000e+00,0.000000000000000000e+00
-4.185000000000000497e+00,1.285465574489783198e-102,9.473903143467798784e-19,0.000000000000000000e+00
-4.179999999999999716e+00,2.527903994628583335e-102,5.324333566628902346e-17,0.000000000000000000e+00
-4.174999999999999822e+00,4.966341575308385669e-102,9.473903143467798784e-19,0.000000000000000000e+00
-4.169999999999999929e+00,9.747393088841918623e-102,1.098972764642264566e-17,0.000000000000000000e+00
-4.165000000000000036e+00,1.911244545778055952e-101,0.000000000000000000e+00,0.000000000000000000e+00
-4.160000000000000142e+00,3.743862774228313280e-101,0.000000000000000000e+00,0.000000000000000000e+00
-4.155000000000000249e+00,7.326549178674184498e-101,0.000000000000000000e+00,0.000000000000000000e+00
-4.150000000000000355e+00,1.432368958258584713e-100,5.419072598063579949e-17,0.000000000000000000e+00
-4.145000000000000462e+00,2.797603846003116431e-100,0.000000000000000000e+00,0.000000000000000000e+00
-4.139999999999999680e+00,5.458752658135876497e-100,4.812742796881641197e-17,0.000000000000000000e+00
-4.134999999999999787e+00,1.064085440080469968e-99,0.000000000000000000e+00,0.000000000000000000e+00
-4.129999999999999893e+00,2.072218131699830897e-99,7.579122514774239027e-18,0.000000000000000000e+00
-4.125000000000000000e+00,4.031533958999831118e-99,0.000000000000000000e+00,0.000000000000000000e+00
-4.120000000000000107e+00,7.835758809207866763e-99,0.000000000000000000e+00,0.000000000000000000e+00
-4.115000000000000213e+00,1.521485021170978047e-98,0.000000000000000000e+00,0.000000000000000000e+00
-4.110000000000000320e+00,2.951414366658247494e-98,0.000000000000000000e+00,0.000000000000000000e+00
-4.105000000000000426e+00,5.719638451011552161e-98,5.305385760341966394e-18,0.000000000000000000e+00
-4.099999999999999645e+00,1.107344751396253466e-97,4.471682283716800225e-17,0.000000000000000000e+00
-4.094999999999999751e+00,2.141770883605531069e-97,1.667406953250332648e-17,0.000000000000000000e+00
-4.089999999999999858e+00,4.138462776187543099e-97,2.652692880170983351e-17,0.000000000000000000e+00
-4.084999999999999964e+00,7.988789548824796631e-97,0.000000000000000000e+00,0.000000000000000000e+00
-4.080000000000000071e+00,1.540631566992715827e-96,0.000000000000000000e+00,0.000000000000000000e+00
-4.075000000000000178e+00,2.968195402443473960e-96,1.212659602363878121e-17,0.000000000000000000e+00
-4.070000000000000284e+00,5.712971641015325474e-96,3.334813906500665295e-17,0.000000000000000000e+00
-4.065000000000000391e+00,1.098518898431654878e-95,4.244308608273573116e-17,0.000000000000000000e+00
-4.060000000000000497e+00,2.110225571708153761e-95,5.760133111228420921e-17,0.000000000000000000e+00
-4.054999999999999716e+00,4.049730422457246896e-95,1.667406953250332648e-17,0.000000000000000000e+00
-4.049999999999999822e+00,7.764245016218981991e-95,4.547473508864543416e-17,0.000000000000000000e+00
-4.044999999999999929e+00,1.487127599107504175e-94,0.000000000000000000e+00,0.000000000000000000e+00
-4.040000000000000036e+00,2.845595199905642005e-94,1.667406953250332648e-17,0.000000000000000000e+00
-4.035000000000000142e+00,5.439686734025788320e-94,0.000000000000000000e+00,0.000000000000000000e+00
-4.030000000000000249e+00,1.038844498992165861e-93,1.515824502954847805e-17,0.000000000000000000e+00
-4.025000000000000355e+00,1.981997412799708200e-93,9.094947017729087449e-18,0.000000000000000000e+00
-4.020000000000000462e+00,3.777735144015742193e-93,4.850638409455512484e-17,0.000000000000000000e+00
-4.014999999999999680e+00,7.193426555198866524e-93,1.818989403545817490e-17,0.000000000000000000e+00
-4.009999999999999787e+00,1.368409263679791965e-92,2.728484105318725926e-17,0.000000000000000000e+00
-4.004999999999999893e+00,2.600591157792003684e-92,0.000000000000000000e+00,0.000000000000000000e+00
-4.000000000000000000e+00,4.937465134398698936e-92,0.000000000000000000e+00,0.000000000000000000e+00
-3.995000000000000107e+00,9.365088515294432130e-92,0.000000000000000000e+00,0.000000000000000000e+00
-3.990000000000000213e+00,1.774580134176647416e-91,3.637978807091634979e-17,0.000000000000000000e+00
-3.984999999999999876e+00,3.359349804119357278e-91,0.000000000000000000e+00,0.000000000000000000e+00
-3.979999999999999982e+00,6.353173652329123494e-91,2.728484105318725926e-17,0.000000000000000000e+00
-3.975000000000000089e+00,1.200334000212291387e-90,2.425319204727756242e-17,0.000000000000000000e+00
-3.970000000000000195e+00,2.265632020651938035e-90,3.941143707682604048e-17,0.000000000000000000e+00
-3.965000000000000302e+00,4.272209332781366972e-90,1.212659602363878121e-17,0.000000000000000000e+00
-3.959999999999999964e+00,8.048066552963531039e-90,6.063298011819390605e-18,0.000000000000000000e+00
-3.955000000000000071e+00,1.514629733230236222e-89,0.000000000000000000e+00,0.000000000000000000e+00
-3.950000000000000178e+00,2.847719973580821361e-89,0.000000000000000000e+00,0.000000000000000000e+00
-3.945000000000000284e+00,5.348893721953305957e-89,0.000000000000000000e+00,0.000000000000000000e+00
-3.939999999999999947e+00,1.003706047311709249e-88,2.425319204727756242e-17,0.000000000000000000e+00
-3.935000000000000053e+00,1.881590002834282410e-88,0.000000000000000000e+00,0.000000000000000000e+00
-3.930000000000000160e+00,3.523865610468978325e-88,0.000000000000000000e+00,0.000000000000000000e+00
-3.925000000000000266e+00,6.593098470205707411e-88,0.000000000000000000e+00,0.000000000000000000e+00
-3.919999999999999929e+00,1.232354545124973519e-87,0.000000000000000000e+00,0.000000000000000000e+00
-3.915000000000000036e+00,2.301217481333493334e-87,0.000000000000000000e+00,0.000000000000000000e+00
-3.910000000000000142e+00,4.292947151786653874e-87,0.000000000000000000e+00,0.000000000000000000e+00
-3.905000000000000249e+00,8.000724280101031949e-87,0.000000000000000000e+00,0.000000000000000000e+00
-3.899999999999999911e+00,1.489631852918867656e-86,3.637978807091634979e-17,0.000000000000000000e+00
-3.895000000000000018e+00,2.770795545760029508e-86,3.637978807091634979e-17,0.000000000000000000e+00
-3.890000000000000124e+00,5.148798496728264201e-86,0.000000000000000000e+00,0.000000000000000000e+00
-3.885000000000000231e+00,9.558355845654104134e-86,0.000000000000000000e+00,0.000000000000000000e+00
-3.879999999999999893e+00,1.772704626431791794e-85,0.000000000000000000e+00,0.000000000000000000e+00
-3.875000000000000000e+00,3.284471107221390824e-85,0.000000000000000000e+00,0.000000000000000000e+00
-3.870000000000000107e+00,6.079535486765123466e-85,0.000000000000000000e+00,0.000000000000000000e+00
-3.865000000000000213e+00,1.124219810856680957e-84,2.425319204727756242e-17,0.000000000000000000e+00
-3.859999999999999876e+00,2.076863503979718016e-84,1.212659602363878121e-17,0.000000000000000000e+00
-3.854999999999999982e+00,3.833015359681729504e-84,0.000000000000000000e+00,0.000000000000000000e+00
-3.850000000000000089e+00,7.067227123981289348e-84,0.000000000000000000e+00,0.000000000000000000e+00
-3.845000000000000195e+00,1.301767492457900099e-83,1.212659602363878121e-17,0.000000000000000000e+00
-3.839999999999999858e+00,2.395486236759571836e-83,0.000000000000000000e+00,0.000000000000000000e+00
-3.834999999999999964e+00,4.403822662232173408e-83,2.425319204727756242e-17,0.000000000000000000e+00
-3.830000000000000071e+00,8.088013144224867228e-83,0.000000000000000000e+00,0.000000000000000000e+00
-3.825000000000000178e+00,1.483985846979926763e-82,4.850638409455512484e-17,0.000000000000000000e+00
-3.820000000000000284e+00,2.720154387681661958e-82,1.212659602363878121e-17,0.000000000000000000e+00
-3.814999999999999947e+00,4.981191441107510318e-82,3.637978807091634979e-17,0.000000000000000000e+00
-3.810000000000000053e+00,9.112736167526229571e-82,1.212659602363878121e-17,0.000000000000000000e+00
-3.805000000000000160e+00,1.665483155182548554e-81,0.000000000000000000e+00,0.000000000000000000e+00
-3.800000000000000266e+00,3.040938077309965725e-81,8.488617216547146231e-17,0.000000000000000000e+00
-3.794999999999999929e+00,5.546905832470569510e-81,2.425319204727756242e-17,0.000000000000000000e+00
-3.790000000000000036e+00,1.010810847311081970e-80,7.275957614183269959e-17,0.000000000000000000e+00
-3.785000000000000142e+00,1.840199374828913342e-80,0.000000000000000000e+00,0.000000000000000000e+00
-3.780000000000000249e+00,3.346846144145026630e-80,9.701276818911024968e-17,0.000000000000000000e+00
-3.774999999999999911e+00,6.081104992401162725e-80,0.000000000000000000e+00,0.000000000000000000e+00
-3.770000000000000018e+00,1.103837488851242567e-79,4.850638409455512484e-17,0.000000000000000000e+00
-3.765000000000000124e+00,2.001721536661547187e-79,3.637978807091634979e-17,0.000000000000000000e+00
-3.760000000000000231e+00,3.626419724941166449e-79,0.000000000000000000e+00,0.000000000000000000e+00
-3.754999999999999893e+00,6.563392237277437966e-79,2.425319204727756242e-17,0.000000000000000000e+00
-3.750000000000000000e+00,1.186737139792512036e-78,3.637978807091634979e-17,0.000000000000000000e+00
-3.745000000000000107e+00,2.143663402215073542e-78,2.425319204727756242e-17,0.000000000000000000e+00
-3.740000000000000213e+00,3.868428169935796334e-78,7.275957614183269959e-17,0.000000000000000000e+00
-3.734999999999999876e+00,6.974103128052862715e-78,3.637978807091634979e-17,0.000000000000000000e+00
-3.729999999999999982e+00,1.256082246650423479e-77,6.063298011819391222e-17,0.000000000000000000e+00
-3.725000000000000089e+00,2.260079280766352747e-77,3.637978807091634979e-17,0.000000000000000000e+00
-3.720000000000000195e+00,4.062610201877834300e-77,3.637978807091634979e-17,0.000000000000000000e+00
-3.714999999999999858e+00,7.295625286201739547e-77,3.637978807091634979e-17,0.000000000000000000e+00
-3.709999999999999964e+00,1.308867757078143190e-76,0.000000000000000000e+00,0.000000000000000000e+00
-3.705000000000000071e+00,2.345875194779587627e-76,6.063298011819391222e-17,0.000000000000000000e+00
-3.700000000000000178e+00,4.200392951987636865e-76,0.000000000000000000e+00,0.000000000000000000e+00
-3.695000000000000284e+00,7.513647620509074118e-76,0.000000000000000000e+00,0.000000000000000000e+00
-3.689999999999999947e+00,1.342726653959837142e-75,4.850638409455512484e-17,0.000000000000000000e+00
-3.685000000000000053e+00,2.397177986766974172e-75,1.212659602363878121e-17,0.000000000000000000e+00
-3.680000000000000160e+00,4.275518954624946888e-75,9.701276818911024968e-17,0.000000000000000000e+00
-3.675000000000000266e+00,7.618215886586228256e-75,3.637978807091634979e-17,0.000000000000000000e+00
-3.669999999999999929e+00,1.356105881160954151e-74,8.488617216547146231e-17,0.000000000000000000e+00
-3.665000000000000036e+00,2.411625167682417081e-74,2.425319204727756242e-17,0.000000000000000000e+00
-3.660000000000000142e+00,4.284517291397660313e-74,1.212659602363878121e-17,0.000000000000000000e+00
-3.655000000000000249e+00,7.604486208046730133e-74,3.637978807091634979e-17,0.000000000000000000e+00
-3.649999999999999911e+00,1.348384456476175421e-73,7.275957614183269959e-17,0.000000000000000000e+00
-3.645000000000000018e+00,2.388545302702972169e-73,3.637978807091634979e-17,4.453163344441493055e-06
-3.640000000000000124e+00,4.226969482620795304e-73,0.000000000000000000e+00,8.906326688881403852e-06
-3.635000000000000231e+00,7.473097117718972064e-73,0.000000000000000000e+00,1.335949003332289691e-05
-3.629999999999999893e+00,1.319921260831397236e-72,0.000000000000000000e+00,1.781265337776438996e-05
-3.625000000000000000e+00,2.329009751034725762e-72,0.000000000000000000e+00,2.226581672220430245e-05
-3.620000000000000107e+00,4.105541756296373471e-72,0.000000000000000000e+00,4.204690904012481486e-05
-3.615000000000000213e+00,7.230120319140562481e-72,2.425319204727756242e-17,6.182800135805236103e-05
-3.609999999999999876e+00,1.272027381394524407e-71,0.000000000000000000e+00,8.160909367597989365e-05
-3.604999999999999982e+00,2.235750206685238472e-71,0.000000000000000000e+00,1.013901859939004061e-04
-3.600000000000000089e+00,3.925780229007011653e-71,1.212659602363878121e-17,1.211712783118279387e-04
-3.595000000000000195e+00,6.886595456603842198e-71,0.000000000000000000e+00,1.465056048092983542e-04
-3.589999999999999858e+00,1.206865977128543505e-70,0.000000000000000000e+00,1.718399313067777822e-04
-3.584999999999999964e+00,2.112950879790487638e-70,0.000000000000000000e+00,1.971742578042482113e-04
-3.580000000000000071e+00,3.695690913363265959e-70,0.000000000000000000e+00,2.225085843017276122e-04
-3.575000000000000178e+00,6.457698543460172526e-70,0.000000000000000000e+00,2.478429107992070673e-04
-3.570000000000000284e+00,1.127290318657556933e-69,1.212659602363878121e-17,2.639071083741006745e-04
-3.564999999999999947e+00,1.965937338634869020e-69,0.000000000000000000e+00,2.799713059489999738e-04
-3.560000000000000053e+00,3.425148847697620070e-69,0.000000000000000000e+00,2.960355035238935810e-04
-3.555000000000000160e+00,5.961631282245776811e-69,1.212659602363878121e-17,3.120997010987928803e-04
-3.550000000000000266e+00,1.036636888258210972e-68,6.063298011819390605e-18,3.281638986736864876e-04
-3.544999999999999929e+00,1.800794228620324864e-68,1.212659602363878121e-17,3.255701310061016526e-04
-3.540000000000000036e+00,3.125197049241164136e-68,0.000000000000000000e+00,3.229763633385168177e-04
-3.535000000000000142e+00,5.418344390102848960e-68,3.637978807091634979e-17,3.203825956709328501e-04
-3.530000000000000249e+00,9.384944083577123595e-68,3.031649005909695611e-17,3.177888280033489368e-04
-3.524999999999999911e+00,1.623950015631229407e-67,0.000000000000000000e+00,3.151950603357641018e-04
-3.520000000000000018e+00,2.807304426067456162e-67,0.000000000000000000e+00,2.951349035068001484e-04
-3.515000000000000124e+00,4.848219202168324207e-67,1.212659602363878121e-17,2.750747466778433506e-04
-3.510000000000000231e+00,8.364709610090274978e-67,0.000000000000000000e+00,2.550145898488793972e-04
-3.504999999999999893e+00,1.441767973264717722e-66,0.000000000000000000e+00,2.349544330199154708e-04
-3.500000000000000000e+00,2.482651521609186611e-66,0.000000000000000000e+00,2.148942761909586731e-04
-3.495000000000000107e+00,4.270827574071237389e-66,0.000000000000000000e+00,1.887384052596808833e-04
-3.490000000000000213e+00,7.339799498476401463e-66,0.000000000000000000e+00,1.625825343283937693e-04
-3.484999999999999876e+00,1.260179002974197429e-65,0.000000000000000000e+00,1.364266633971066825e-04
-3.479999999999999982e+00,2.161504610160019528e-65,0.000000000000000000e+00,1.102707924658288791e-04
-3.475000000000000089e+00,3.703872065832891877e-65,0.000000000000000000e+00,8.411492153454176517e-05
-3.470000000000000195e+00,6.340619223334549642e-65,2.122154304136786558e-17,6.729193722763700085e-05
-3.464999999999999858e+00,1.084384379427073386e-64,4.547473508864543416e-17,5.046895292072625308e-05
-3.459999999999999964e+00,1.852723956321031889e-64,0.000000000000000000e+00,3.364596861382148876e-05
-3.455000000000000071e+00,3.162380079254728036e-64,0.000000000000000000e+00,1.682298430691074099e-05
-3.450000000000000178e+00,5.392539045617148876e-64,0.000000000000000000e+00,0.000000000000000000e+00
-3.445000000000000284e+00,9.186464803404778302e-64,0.000000000000000000e+00,0.000000000000000000e+00
-3.439999999999999947e+00,1.563433512124805280e-63,0.000000000000000000e+00,0.000000000000000000e+00
-3.435000000000000053e+00,2.658191729641020549e-63,0.000000000000000000e+00,0.000000000000000000e+00
-3.430000000000000160e+00,4.515117662967858964e-63,1.515824502954847805e-17,0.000000000000000000e+00
-3.425000000000000266e+00,7.661745583368298484e-63,0.000000000000000000e+00,0.000000000000000000e+00
-3.419999999999999929e+00,1.298859769224728653e-62,1.212659602363878121e-17,0.000000000000000000e+00
-3.415000000000000036e+00,2.199746766809385539e-62,0.000000000000000000e+00,0.000000000000000000e+00
-3.410000000000000142e+00,3.721851107246103016e-62,2.425319204727756242e-17,0.000000000000000000e+00
-3.405000000000000249e+00,6.291021749002111476e-62,0.000000000000000000e+00,0.000000000000000000e+00
-3.399999999999999911e+00,1.062329550617799570e-61,0.000000000000000000e+00,0.000000000000000000e+00
-3.395000000000000018e+00,1.792145319524129244e-61,0.000000000000000000e+00,0.000000000000000000e+00
-3.390000000000000124e+00,3.020390298648304597e-61,0.000000000000000000e+00,0.000000000000000000e+00
-3.385000000000000231e+00,5.085443051190156549e-61,1.212659602363878121e-17,0.000000000000000000e+00
-3.379999999999999893e+00,8.554022892198985992e-61,0.000000000000000000e+00,0.000000000000000000e+00
-3.375000000000000000e+00,1.437433974361046842e-60,0.000000000000000000e+00,0.000000000000000000e+00
-3.370000000000000107e+00,2.413133156301044403e-60,0.000000000000000000e+00,0.000000000000000000e+00
-3.365000000000000213e+00,4.047161664130197630e-60,0.000000000000000000e+00,0.000000000000000000e+00
-3.359999999999999876e+00,6.781030577656608564e-60,0.000000000000000000e+00,0.000000000000000000e+00
-3.354999999999999982e+00,1.135054558295825652e-59,0.000000000000000000e+00,0.000000000000000000e+00
-3.350000000000000089e+00,1.898076253346648510e-59,0.000000000000000000e+00,0.000000000000000000e+00
-3.345000000000000195e+00,3.170928568337574497e-59,0.000000000000000000e+00,0.000000000000000000e+00
-3.339999999999999858e+00,5.292186566178470913e-59,0.000000000000000000e+00,0.000000000000000000e+00
-3.334999999999999964e+00,8.823882525193375688e-59,1.212659602363878121e-17,0.000000000000000000e+00
-3.330000000000000071e+00,1.469806533135177561e-58,0.000000000000000000e+00,0.000000000000000000e+00
-3.325000000000000178e+00,2.445887703054047390e-58,0.000000000000000000e+00,0.000000000000000000e+00
-3.320000000000000284e+00,4.066200018822879779e-58,0.000000000000000000e+00,0.000000000000000000e+00
-3.314999999999999947e+00,6.753312503483931915e-58,1.061077152068393279e-17,0.000000000000000000e+00
-3.310000000000000053e+00,1.120523166312831095e-57,0.000000000000000000e+00,0.000000000000000000e+00
-3.305000000000000160e+00,1.857379796080410881e-57,0.000000000000000000e+00,0.000000000000000000e+00
-3.300000000000000266e+00,3.075788570346646808e-57,8.943364567433600449e-17,0.000000000000000000e+00
-3.294999999999999929e+00,5.088480618567594046e-57,2.273736754432271708e-17,0.000000000000000000e+00
-3.290000000000000036e+00,8.409993398474253529e-57,4.699055959160027950e-17,0.000000000000000000e+00
-3.285000000000000142e+00,1.388606102135521770e-56,1.515824502954847651e-18,0.000000000000000000e+00
-3.280000000000000249e+00,2.290542573196131680e-56,0.000000000000000000e+00,0.000000000000000000e+00
-3.274999999999999911e+00,3.774622734322655112e-56,0.000000000000000000e+00,0.000000000000000000e+00
-3.270000000000000018e+00,6.214191301296444790e-56,0.000000000000000000e+00,0.000000000000000000e+00
-3.265000000000000124e+00,1.022048653471642537e-55,0.000000000000000000e+00,0.000000000000000000e+00
-3.260000000000000231e+00,1.679323658340164466e-55,4.547473508864543416e-17,0.000000000000000000e+00
-3.254999999999999893e+00,2.756596031895932995e-55,1.061077152068393279e-17,0.000000000000000000e+00
-3.250000000000000000e+00,4.520513090662320329e-55,1.364242052659362963e-17,0.000000000000000000e+00
-3.245000000000000107e+00,7.405906420549354766e-55,0.000000000000000000e+00,0.000000000000000000e+00
-3.240000000000000213e+00,1.212117142301962988e-54,0.000000000000000000e+00,0.000000000000000000e+00
-3.234999999999999876e+00,1.981923333527321606e-54,2.728484105318725926e-17,0.000000000000000000e+00
-3.229999999999999982e+00,3.237464332708635586e-54,3.941143707682604048e-17,0.000000000000000000e+00
-3.225000000000000089e+00,5.283223927917007004e-54,0.000000000000000000e+00,0.000000000000000000e+00
-3.220000000000000195e+00,8.613287207288315931e-54,5.456968210637451853e-17,0.000000000000000000e+00
-3.214999999999999858e+00,1.402861263736216696e-53,1.818989403545817490e-17,0.000000000000000000e+00
-3.209999999999999964e+00,2.282634633946042809e-53,4.547473508864543416e-17,0.000000000000000000e+00
-3.205000000000000071e+00,3.710513069772606612e-53,0.000000000000000000e+00,0.000000000000000000e+00
-3.200000000000000178e+00,6.025698715599482161e-53,6.063298011819390605e-18,0.000000000000000000e+00
-3.195000000000000284e+00,9.775899878314609444e-53,0.000000000000000000e+00,0.000000000000000000e+00
-3.189999999999999947e+00,1.584462485670090881e-52,2.728484105318725926e-17,0.000000000000000000e+00
-3.185000000000000053e+00,2.565565232266259875e-52,0.000000000000000000e+00,0.000000000000000000e+00
-3.180000000000000160e+00,4.150114188033539987e-52,8.488617216547146231e-17,0.000000000000000000e+00
-3.175000000000000266e+00,6.706762312727906507e-52,4.244308608273573116e-17,0.000000000000000000e+00
-3.169999999999999929e+00,1.082783598195554164e-51,4.850638409455512484e-17,0.000000000000000000e+00
-3.165000000000000036e+00,1.746410388587708295e-51,9.094947017729087449e-18,0.000000000000000000e+00
-3.160000000000000142e+00,2.814017720845423249e-51,9.094947017729087449e-18,0.000000000000000000e+00
-3.155000000000000249e+00,4.529843877662021981e-51,1.515824502954847805e-17,0.000000000000000000e+00
-3.149999999999999911e+00,7.284764635736329906e-51,4.547473508864543416e-17,0.000000000000000000e+00
-3.145000000000000018e+00,1.170371397050461721e-50,0.000000000000000000e+00,0.000000000000000000e+00
-3.140000000000000124e+00,1.878485116765258673e-50,7.275957614183269959e-17,0.000000000000000000e+00
-3.135000000000000231e+00,3.012088318788768041e-50,0.000000000000000000e+00,0.000000000000000000e+00
-3.129999999999999893e+00,4.825069013789817131e-50,3.031649005909695611e-17,0.000000000000000000e+00
-3.125000000000000000e+00,7.721741193574383746e-50,0.000000000000000000e+00,0.000000000000000000e+00
-3.120000000000000107e+00,1.234533381661691278e-49,3.637978807091634979e-17,0.000000000000000000e+00
-3.115000000000000213e+00,1.971815690980179027e-49,2.425319204727756242e-17,0.000000000000000000e+00
-3.109999999999999876e+00,3.146340228203388991e-49,0.000000000000000000e+00,0.000000000000000000e+00
-3.104999999999999982e+00,5.015577347026154423e-49,4.244308608273573116e-17,0.000000000000000000e+00
-3.100000000000000089e+00,7.987521968587534991e-49,3.031649005909695611e-17,0.000000000000000000e+00
-3.095000000000000195e+00,1.270805492934908109e-48,1.818989403545817490e-17,0.000000000000000000e+00
-3.089999999999999858e+00,2.019863332763890482e-48,4.850638409455512484e-17,0.000000000000000000e+00
-3.084999999999999964e+00,3.207308769159034328e-48,3.637978807091634979e-17,0.000000000000000000e+00
-3.080000000000000071e+00,5.087863394319505696e-48,1.212659602363878121e-17,0.000000000000000000e+00
-3.075000000000000178e+00,8.063173357361632635e-48,6.669627813001330590e-17,0.000000000000000000e+00
-3.070000000000000284e+00,1.276592934348474755e-47,5.456968210637451853e-17,0.000000000000000000e+00
-3.064999999999999947e+00,2.019178716669791147e-47,0.000000000000000000e+00,0.000000000000000000e+00
-3.060000000000000053e+00,3.190604457902784507e-47,8.488617216547146231e-17,0.000000000000000000e+00
-3.055000000000000160e+00,5.036711318003057643e-47,9.094947017729086832e-17,0.000000000000000000e+00
-3.050000000000000266e+00,7.943228137607819173e-47,1.818989403545817490e-17,0.000000000000000000e+00
-3.044999999999999929e+00,1.251477070163122206e-46,3.031649005909695611e-17,0.000000000000000000e+00
-3.040000000000000036e+00,1.969811378257759005e-46,1.818989403545817490e-17,0.000000000000000000e+00
-3.035000000000000142e+00,3.097435496217324498e-46,0.000000000000000000e+00,0.000000000000000000e+00
-3.030000000000000249e+00,4.865817147560285421e-46,6.063298011819391222e-17,0.000000000000000000e+00
-3.024999999999999911e+00,7.636338694465253159e-46,0.000000000000000000e+00,0.000000000000000000e+00
-3.020000000000000018e+00,1.197265489945908040e-45,0.000000000000000000e+00,0.000000000000000000e+00
-3.015000000000000124e+00,1.875303788523924918e-45,1.212659602363878121e-17,0.000000000000000000e+00
-3.010000000000000231e+00,2.934463295733331050e-45,0.000000000000000000e+00,0.000000000000000000e+00
-3.004999999999999893e+00,4.587347254683451673e-45,0.000000000000000000e+00,0.000000000000000000e+00
-3.000000000000000000e+00,7.164245112544495950e-45,1.619830628675155658e-17,0.000000000000000000e+00
-2.995000000000000107e+00,1.117776924371658007e-44,3.748788923956705734e-17,0.000000000000000000e+00
-2.990000000000000213e+00,1.742271079199078775e-44,1.174556392368750760e-16,0.000000000000000000e+00
-2.984999999999999876e+00,2.713015030533004102e-44,9.320244718959752593e-17,0.000000000000000000e+00
-2.979999999999999982e+00,4.220506333535644080e-44,9.862866246927202527e-17,0.000000000000000000e+00
-2.975000000000000089e+00,6.559229054373352219e-44,4.821981047050815620e-17,0.000000000000000000e+00
-2.970000000000000195e+00,1.018396556637981691e-43,1.055420674872727846e-16,0.000000000000000000e+00
-2.964999999999999858e+00,1.579635668443782045e-43,1.407731149062633677e-17,0.000000000000000000e+00
-2.959999999999999964e+00,2.447782498636079075e-43,3.587199495940528176e-17,0.000000000000000000e+00
-2.955000000000000071e+00,3.789348978498883871e-43,5.296128053405726671e-17,0.000000000000000000e+00
-2.950000000000000178e+00,5.860467550063784322e-43,5.357693208036037305e-17,0.000000000000000000e+00
-2.944999999999999840e+00,9.054736408450367040e-43,4.934185011715612184e-17,0.000000000000000000e+00
-2.939999999999999947e+00,1.397639747295563084e-42,1.644199641199952633e-16,0.000000000000000000e+00
-2.935000000000000053e+00,2.155214787284152230e-42,7.705314968460027265e-17,0.000000000000000000e+00
-2.930000000000000160e+00,3.320180982063680681e-42,4.400947064831064464e-17,0.000000000000000000e+00
-2.925000000000000266e+00,5.109858115904990054e-42,6.674070646091074830e-17,0.000000000000000000e+00
-2.919999999999999929e+00,7.856548745525541133e-42,3.831283855947111016e-17,0.000000000000000000e+00
-2.915000000000000036e+00,1.206787107300206190e-41,3.253821455124793404e-17,0.000000000000000000e+00
-2.910000000000000142e+00,1.851848262400752487e-41,9.398709337721693141e-17,0.000000000000000000e+00
-2.905000000000000249e+00,2.838938727595924842e-41,5.037342362153242920e-17,0.000000000000000000e+00
-2.899999999999999911e+00,4.347929810191383425e-41,2.787800765527393027e-17,0.000000000000000000e+00
-2.895000000000000018e+00,6.652500472318833118e-41,4.314516487798909393e-17,0.000000000000000000e+00
-2.890000000000000124e+00,1.016864738901556421e-40,9.336851148523661942e-17,0.000000000000000000e+00
-2.885000000000000231e+00,1.552806520223473381e-40,7.652972736520945263e-17,0.000000000000000000e+00
-2.879999999999999893e+00,2.368903602489372262e-40,6.102026390129708045e-17,0.000000000000000000e+00
-2.875000000000000000e+00,3.610383328451986834e-40,9.970934069257599635e-18,0.000000000000000000e+00
-2.870000000000000107e+00,5.497118842278667278e-40,2.760267991367660515e-17,0.000000000000000000e+00
-2.865000000000000213e+00,8.361666103142134746e-40,0.000000000000000000e+00,0.000000000000000000e+00
-2.859999999999999876e+00,1.270651346339239530e-39,5.944453939727127558e-17,0.000000000000000000e+00
-2.854999999999999982e+00,1.929016155359159742e-39,1.029535667825572365e-16,0.000000000000000000e+00
-2.850000000000000089e+00,2.925642208746877011e-39,4.062575784309582214e-17,0.000000000000000000e+00
-2.845000000000000195e+00,4.432843974965095031e-39,6.096651372063827096e-17,0.000000000000000000e+00
-2.839999999999999858e+00,6.709954299329931709e-39,3.044039448863555944e-17,0.000000000000000000e+00
-2.834999999999999964e+00,1.014688091127866439e-38,1.322123107525315787e-16,0.000000000000000000e+00
-2.830000000000000071e+00,1.532926911746287540e-38,6.902959469459189261e-17,0.000000000000000000e+00
-2.825000000000000178e+00,2.313589040280420671e-38,1.390995961060583129e-17,0.000000000000000000e+00
-2.819999999999999840e+00,3.488404774805087114e-38,0.000000000000000000e+00,0.000000000000000000e+00
-2.814999999999999947e+00,5.254645360201054763e-38,3.850347546258918109e-17,0.000000000000000000e+00
-2.810000000000000053e+00,7.907438684997183186e-38,7.098581277945944633e-17,0.000000000000000000e+00
-2.805000000000000160e+00,1.188787253648732108e-37,8.446691381965993917e-17,0.000000000000000000e+00
-2.800000000000000266e+00,1.785452624331915606e-37,5.461324698364119277e-17,0.000000000000000000e+00
-2.794999999999999929e+00,2.678973430693070490e-37,4.715866928025483260e-17,0.000000000000000000e+00
-2.790000000000000036e+00,4.015728715322163931e-37,8.581462863396024990e-17,0.000000000000000000e+00
-2.785000000000000142e+00,6.013623164498204845e-37,5.046260217942267240e-17,0.000000000000000000e+00
-2.780000000000000249e+00,8.996714491097611234e-37,0.000000000000000000e+00,0.000000000000000000e+00
-2.774999999999999911e+00,1.344644720587163318e-36,8.090299666805825033e-17,0.000000000000000000e+00
-2.770000000000000018e+00,2.007738042000566881e-36,0.000000000000000000e+00,0.000000000000000000e+00
-2.765000000000000124e+00,2.994900712396327497e-36,0.000000000000000000e+00,0.000000000000000000e+00
-2.760000000000000231e+00,4.463069960309348319e-36,4.070305251946582037e-18,0.000000000000000000e+00
-2.754999999999999893e+00,6.644477642017503372e-36,4.546243544782112792e-17,0.000000000000000000e+00
-2.750000000000000000e+00,9.882432996476041486e-36,0.000000000000000000e+00,0.000000000000000000e+00
-2.745000000000000107e+00,1.468394661294270671e-35,6.564532224315212371e-17,0.000000000000000000e+00
-2.740000000000000213e+00,2.179704393193572465e-35,6.919565899023097377e-17,0.000000000000000000e+00
-2.734999999999999876e+00,3.232423730838895045e-35,1.508341491583942656e-17,0.000000000000000000e+00
-2.729999999999999982e+00,4.788889958634097283e-35,3.138102635048098941e-17,0.000000000000000000e+00
-2.725000000000000089e+00,7.087895620054926831e-35,0.000000000000000000e+00,0.000000000000000000e+00
-2.720000000000000195e+00,1.048034678119474297e-34,2.865843591283470270e-17,0.000000000000000000e+00
-2.714999999999999858e+00,1.548138736030043529e-34,7.141186132753240118e-17,0.000000000000000000e+00
-2.709999999999999964e+00,2.284651623044650316e-34,7.302096540543274505e-17,0.000000000000000000e+00
-2.705000000000000071e+00,3.368262874339163833e-34,0.000000000000000000e+00,0.000000000000000000e+00
-2.700000000000000178e+00,4.960984332398504051e-34,4.544885504329828297e-17,0.000000000000000000e+00
-2.694999999999999840e+00,7.299710164770760263e-34,5.444718268800211777e-17,0.000000000000000000e+00
-2.689999999999999947e+00,1.073048279130336132e-33,4.979412996336775850e-17,0.000000000000000000e+00
-2.685000000000000053e+00,1.575827925135627776e-33,2.874556566736805118e-17,0.000000000000000000e+00
-2.680000000000000160e+00,2.311927476832204500e-33,0.000000000000000000e+00,0.000000000000000000e+00
-2.675000000000000266e+00,3.388562536435487255e-33,4.328387503343674630e-19,0.000000000000000000e+00
-2.669999999999999929e+00,4.961724973372102167e-33,0.000000000000000000e+00,0.000000000000000000e+00
-2.665000000000000036e+00,7.258146918831158315e-33,0.000000000000000000e+00,0.000000000000000000e+00
-2.660000000000000142e+00,1.060705220399231717e-32,0.000000000000000000e+00,0.000000000000000000e+00
-2.655000000000000249e+00,1.548601023549750428e-32,0.000000000000000000e+00,0.000000000000000000e+00
-2.649999999999999911e+00,2.258708893942195315e-32,0.000000000000000000e+00,0.000000000000000000e+00
-2.645000000000000018e+00,3.291219641958005837e-32,0.000000000000000000e+00,0.000000000000000000e+00
-2.640000000000000124e+00,4.791035124248004175e-32,0.000000000000000000e+00,0.000000000000000000e+00
-2.635000000000000231e+00,6.967512036700961105e-32,0.000000000000000000e+00,0.000000000000000000e+00
-2.629999999999999893e+00,1.012283096305611548e-31,0.000000000000000000e+00,0.000000000000000000e+00
-2.625000000000000000e+00,1.469271742735487619e-31,0.000000000000000000e+00,0.000000000000000000e+00
-2.620000000000000107e+00,2.130483386894668001e-31,2.683970266202859110e-17,0.000000000000000000e+00
-2.615000000000000213e+00,3.086242603041182770e-31,1.806739461708576181e-17,0.000000000000000000e+00
-2.609999999999999876e+00,4.466402484051146242e-31,0.000000000000000000e+00,0.000000000000000000e+00
-2.604999999999999982e+00,6.457457180072395098e-31,0.000000000000000000e+00,0.000000000000000000e+00
-2.600000000000000089e+00,9.326981126211462469e-31,0.000000000000000000e+00,0.000000000000000000e+00
-2.595000000000000195e+00,1.345849647695468400e-30,1.111381982294903642e-17,0.000000000000000000e+00
-2.589999999999999858e+00,1.940116801426763753e-30,5.796214977124191555e-17,0.000000000000000000e+00
-2.584999999999999964e+00,2.794055911570311806e-30,0.000000000000000000e+00,0.000000000000000000e+00
-2.580000000000000071e+00,4.019927240881275598e-30,2.593584547518841598e-17,0.000000000000000000e+00
-2.575000000000000178e+00,5.777995203625331344e-30,4.239413601437382777e-17,0.000000000000000000e+00
-2.569999999999999840e+00,8.296827212640109036e-30,7.227906808683496683e-17,0.000000000000000000e+00
-2.564999999999999947e+00,1.190207818105760461e-29,3.899217873101452350e-17,0.000000000000000000e+00
-2.560000000000000053e+00,1.705726654372180140e-29,2.463708072925002404e-17,0.000000000000000000e+00
-2.555000000000000160e+00,2.442147875516795985e-29,0.000000000000000000e+00,0.000000000000000000e+00
-2.550000000000000266e+00,3.493094729226843171e-29,1.033246205448127439e-17,0.000000000000000000e+00
-2.544999999999999929e+00,4.991426191961370472e-29,2.711198655528674946e-17,0.000000000000000000e+00
-2.540000000000000036e+00,7.125491528203771969e-29,3.228360277362261349e-17,0.000000000000000000e+00
-2.535000000000000142e+00,1.016203969049482328e-28,3.541468117488995889e-17,0.000000000000000000e+00
-2.530000000000000249e+00,1.447847531068039092e-28,3.186306366411255164e-17,0.000000000000000000e+00
-2.524999999999999911e+00,2.060822831766527936e-28,7.127958550671066202e-18,0.000000000000000000e+00
-2.520000000000000018e+00,2.930450358516586968e-28,4.171139658470427784e-18,0.000000000000000000e+00
-2.515000000000000124e+00,4.162976552938264207e-28,0.000000000000000000e+00,0.000000000000000000e+00
-2.510000000000000231e+00,5.908121868684221259e-28,1.675517371409217030e-17,0.000000000000000000e+00
-2.504999999999999893e+00,8.376658483156431388e-28,0.000000000000000000e+00,0.000000000000000000e+00
-2.500000000000000000e+00,1.186500862951318277e-27,3.196377382316874507e-17,0.000000000000000000e+00
-2.495000000000000107e+00,1.678963255245862087e-27,0.000000000000000000e+00,0.000000000000000000e+00
-2.490000000000000213e+00,2.373505317102799856e-27,3.779284338043378320e-17,0.000000000000000000e+00
-2.484999999999999876e+00,3.352085679327511133e-27,0.000000000000000000e+00,0.000000000000000000e+00
-2.479999999999999982e+00,4.729507262297764853e-27,0.000000000000000000e+00,0.000000000000000000e+00
-2.475000000000000089e+00,6.666418391728831417e-27,0.000000000000000000e+00,0.000000000000000000e+00
-2.470000000000000195e+00,9.387395631401507332e-27,4.519847101545822766e-17,0.000000000000000000e+00
-2.464999999999999858e+00,1.320606895107483619e-26,0.000000000000000000e+00,0.000000000000000000e+00
-2.459999999999999964e+00,1.855999622941907201e-26,6.245452339133239199e-17,0.000000000000000000e+00
-2.455000000000000071e+00,2.605902071630644782e-26,0.000000000000000000e+00,0.000000000000000000e+00
-2.450000000000000178e+00,3.655225567996824136e-26,2.476168766437172251e-17,0.000000000000000000e+00
-2.444999999999999840e+00,5.122077661276640889e-26,0.000000000000000000e+00,0.000000000000000000e+00
-2.439999999999999947e+00,7.170575606298009569e-26,4.472159188759799701e-17,0.000000000000000000e+00
-2.435000000000000053e+00,1.002854122237159956e-25,0.000000000000000000e+00,0.000000000000000000e+00
-2.430000000000000160e+00,1.401191173690243189e-25,2.498396773089333325e-17,0.000000000000000000e+00
-2.425000000000000266e+00,1.955838119045650011e-25,2.318935826147662733e-17,0.000000000000000000e+00
-2.419999999999999929e+00,2.727371536380404952e-25,3.245751102989776752e-17,0.000000000000000000e+00
-2.415000000000000036e+00,3.799544940128424704e-25,2.306615633752111912e-17,0.000000000000000000e+00
-2.410000000000000142e+00,5.288040245345739659e-25,5.717563381700280962e-17,0.000000000000000000e+00
-2.405000000000000249e+00,7.352479159497748967e-25,3.476529880192077063e-17,0.000000000000000000e+00
-2.399999999999999911e+00,1.021289194312701319e-24,1.500986556582892303e-17,0.000000000000000000e+00
-2.395000000000000018e+00,1.417227451373768009e-24,0.000000000000000000e+00,1.386084031450762329e-05
-2.390000000000000124e+00,1.964745303183208748e-24,0.000000000000000000e+00,2.772168062901032024e-05
-2.385000000000000231e+00,2.721127221066431277e-24,4.925212370424854539e-18,4.158252094351794692e-05
-2.379999999999999893e+00,3.765020270693108784e-24,4.492373620090489532e-18,5.544336125802556682e-05
-2.375000000000000000e+00,5.204292230078602898e-24,0.000000000000000000e+00,6.930420157252826716e-05
-2.370000000000000107e+00,7.186739704030926715e-24,2.297902658298777063e-17,1.110667218112257771e-04
-2.365000000000000213e+00,9.914664898471260314e-24,0.000000000000000000e+00,1.528292420499380863e-04
-2.359999999999999876e+00,1.366469835992690167e-23,4.970840522000060643e-17,1.945917622886504498e-04
-2.354999999999999982e+00,1.881472793564079475e-23,0.000000000000000000e+00,2.363542825273479326e-04
-2.350000000000000089e+00,2.588044386099512073e-23,3.638119308208254005e-17,2.781168027660602961e-04
-2.345000000000000195e+00,3.556488284140438662e-23,1.688035890732931851e-17,3.140408986644938625e-04
-2.339999999999999858e+00,4.882552577273781891e-23,5.750471173925895348e-17,3.499649945629401682e-04
-2.334999999999999964e+00,6.696507494261663496e-23,0.000000000000000000e+00,3.858890904613736803e-04
-2.330000000000000071e+00,9.175414107234052294e-23,3.596052972510482049e-17,4.218131863598199860e-04
-2.325000000000000178e+00,1.255968864064891932e-22,0.000000000000000000e+00,4.577372822582663459e-04
-2.319999999999999840e+00,1.717544336318457824e-22,5.869174744901539370e-17,4.592495665851896339e-04
-2.314999999999999947e+00,2.346458752950025161e-22,4.071148258646297421e-17,4.607618509121134639e-04
-2.310000000000000053e+00,3.202534201098041365e-22,2.374680394693268771e-17,4.622741352390367518e-04
-2.305000000000000160e+00,4.366671410801472623e-22,3.714756543486127304e-17,4.637864195659605819e-04
-2.300000000000000266e+00,5.948166728545292390e-22,1.661896964372926997e-17,4.652987038928838698e-04
-2.294999999999999929e+00,8.094530024839497080e-22,5.343159646497998786e-17,4.324041544961676519e-04
-2.290000000000000036e+00,1.100464475611395181e-21,5.851748793994869673e-17,3.995096050994514339e-04
-2.285000000000000142e+00,1.494638968426753718e-21,2.325118622877828054e-17,3.666150557027469253e-04
-2.280000000000000249e+00,2.028021051780520230e-21,5.783684033053712813e-17,3.337205063060423626e-04
-2.274999999999999911e+00,2.749061786680510944e-21,7.969161017158849147e-18,3.008259569093261446e-04
-2.270000000000000018e+00,3.722823334241184766e-21,2.917840441770241927e-17,2.597692232766928423e-04
-2.265000000000000124e+00,5.036585815573811209e-21,3.410361678812727612e-17,2.187124896440740683e-04
-2.260000000000000231e+00,6.807316340699892762e-21,3.071395914559225960e-17,1.776557560114407660e-04
-2.254999999999999893e+00,9.191608378044415688e-21,2.578874677516740891e-17,1.365990223788074367e-04
-2.250000000000000000e+00,1.239889482022203772e-20,2.254618783265340254e-17,9.554228874618867623e-05
-2.245000000000000107e+00,1.670899479640806148e-20,2.593584547518841598e-17,7.643383099695500945e-05
-2.240000000000000213e+00,2.249539150513410767e-20,0.000000000000000000e+00,5.732537324771455964e-05
-2.234999999999999876e+00,3.025608087655510586e-20,0.000000000000000000e+00,3.821691549847410982e-05
-2.229999999999999982e+00,4.065441097745674512e-20,3.043948646733994993e-18,1.910845774924044304e-05
-2.225000000000000089e+00,5.457309168486015381e-20,0.000000000000000000e+00,0.000000000000000000e+00
-2.220000000000000195e+00,7.318554774065759118e-20,0.000000000000000000e+00,0.000000000000000000e+00
-2.214999999999999858e+00,9.805008651397707792e-20,0.000000000000000000e+00,0.000000000000000000e+00
-2.209999999999999964e+00,1.312340461889457768e-19,6.308341091004968286e-17,0.000000000000000000e+00
-2.205000000000000071e+00,1.754772991536089176e-19,0.000000000000000000e+00,0.000000000000000000e+00
-2.200000000000000178e+00,2.344073622761259919e-19,2.442745155634426247e-17,0.000000000000000000e+00
-2.194999999999999840e+00,3.128221083330028554e-19,1.099071415766939541e-16,0.000000000000000000e+00
-2.189999999999999947e+00,4.170609362577979914e-19,7.597778429763338732e-17,0.000000000000000000e+00
-2.185000000000000053e+00,5.554915708557215279e-19,0.000000000000000000e+00,0.000000000000000000e+00
-2.180000000000000160e+00,7.391478482564318377e-19,1.361295218823142393e-18,0.000000000000000000e+00
-2.175000000000000266e+00,9.825644455107661696e-19,3.868312016275110721e-17,0.000000000000000000e+00
-2.169999999999999929e+00,1.304868229685366618e-18,0.000000000000000000e+00,0.000000000000000000e+00
-2.165000000000000036e+00,1.731203629179470630e-18,0.000000000000000000e+00,0.000000000000000000e+00
-2.160000000000000142e+00,2.294592315104717503e-18,0.000000000000000000e+00,0.000000000000000000e+00
-2.155000000000000249e+00,3.038356991537957003e-18,9.736128720724365595e-17,0.000000000000000000e+00
-2.149999999999999911e+00,4.019277106694709626e-18,3.561201070697142039e-17,0.000000000000000000e+00
-2.145000000000000018e+00,5.311693208090928402e-18,8.278426039174909794e-17,0.000000000000000000e+00
-2.140000000000000124e+00,7.012839528269941546e-18,0.000000000000000000e+00,0.000000000000000000e+00
-2.135000000000000231e+00,9.249765094431802626e-18,0.000000000000000000e+00,0.000000000000000000e+00
-2.129999999999999893e+00,1.218830715526542427e-17,0.000000000000000000e+00,0.000000000000000000e+00
-2.125000000000000000e+00,1.604471330157244643e-17,0.000000000000000000e+00,0.000000000000000000e+00
-2.120000000000000107e+00,2.110067830781931118e-17,7.127834303203422365e-18,0.000000000000000000e+00
-2.115000000000000213e+00,2.772277856151717974e-17,2.715004199399054611e-17,0.000000000000000000e+00
-2.109999999999999876e+00,3.638756379402347907e-17,4.405243865557137964e-18,0.000000000000000000e+00
-2.104999999999999982e+00,4.771391889227211783e-17,5.157749355033481782e-17,0.000000000000000000e+00
-2.100000000000000089e+00,6.250475833818549215e-17,0.000000000000000000e+00,0.000000000000000000e+00
-2.095000000000000195e+00,8.180068813693691239e-17,7.902173294436739040e-17,0.000000000000000000e+00
-2.089999999999999858e+00,1.069489975331425246e-16,1.373785417797722289e-16,0.000000000000000000e+00
-2.084999999999999964e+00,1.396922663860836033e-16,1.458676713017987931e-16,0.000000000000000000e+00
-2.080000000000000071e+00,1.822820453497705739e-16,1.716564180769661774e-16,0.000000000000000000e+00
-2.075000000000000178e+00,2.376245497477960636e-16,1.933612791956641501e-16,0.000000000000000000e+00
-2.069999999999999840e+00,3.094671854951369206e-16,2.791894882341472388e-16,0.000000000000000000e+00
-2.064999999999999947e+00,4.026370984002806558e-16,4.077575422828052365e-16,0.000000000000000000e+00
-2.060000000000000053e+00,5.233459340857950690e-16,4.566124453954937306e-16,0.000000000000000000e+00
-2.055000000000000160e+00,6.795787738461267586e-16,6.642293931975648086e-16,0.000000000000000000e+00
-2.049999999999999822e+00,8.815899708491016756e-16,8.389297599212650260e-16,0.000000000000000000e+00
-2.044999999999999929e+00,1.142534599122114376e-15,1.065207620195299913e-15,0.000000000000000000e+00
-2.040000000000000036e+00,1.479271753564484719e-15,1.506551620783696923e-15,0.000000000000000000e+00
-2.035000000000000142e+00,1.913385386963188593e-15,2.034736606611267160e-15,0.000000000000000000e+00
-2.030000000000000249e+00,2.472480217009390300e-15,2.453014450862142912e-15,0.000000000000000000e+00
-2.024999999999999911e+00,3.191825075007723085e-15,3.258706271495949608e-15,0.000000000000000000e+00
-2.020000000000000018e+00,4.116434632626581479e-15,4.169878449076512201e-15,0.000000000000000000e+00
-2.015000000000000124e+00,5.303703642716253116e-15,5.424042104601918002e-15,0.000000000000000000e+00
-2.010000000000000231e+00,6.826736788976496322e-15,6.984866648564550883e-15,0.000000000000000000e+00
-2.004999999999999893e+00,8.778553345316293010e-15,8.866286391361729142e-15,0.000000000000000000e+00
-2.000000000000000000e+00,1.127739081146651597e-14,1.142851656580896385e-14,0.000000000000000000e+00
-1.995000000000000107e+00,1.447338762639863650e-14,1.480596762742176974e-14,0.000000000000000000e+00
-1.989999999999999991e+00,1.855699456114792849e-14,1.895616957780329435e-14,0.000000000000000000e+00
-1.985000000000000098e+00,2.376955064787344216e-14,2.424486150304914759e-14,0.000000000000000000e+00
-1.979999999999999982e+00,3.041656642805879573e-14,3.106774789876851752e-14,0.000000000000000000e+00
-1.975000000000000089e+00,3.888438969990321230e-14,3.971946376753404649e-14,0.000000000000000000e+00
-1.969999999999999973e+00,4.966109269059387069e-14,5.067560101539992322e-14,0.000000000000000000e+00
-1.965000000000000080e+00,6.336262186044293493e-14,6.469285227120961332e-14,0.000000000000000000e+00
-1.959999999999999964e+00,8.076550114090612193e-14,8.239588455009271844e-14,0.000000000000000000e+00
-1.955000000000000071e+00,1.028476870245636818e-13,1.050042786634952126e-13,0.000000000000000000e+00
-1.949999999999999956e+00,1.308395526068617640e-13,1.335699857588021511e-13,0.000000000000000000e+00
-1.945000000000000062e+00,1.662874432981607742e-13,1.697273221153232246e-13,0.000000000000000000e+00
-1.939999999999999947e+00,2.111328187675607672e-13,2.153455949572262734e-13,0.000000000000000000e+00
-1.935000000000000053e+00,2.678106971542060666e-13,2.731875830444131288e-13,0.000000000000000000e+00
-1.929999999999999938e+00,3.393719770594928483e-13,3.461012975149364880e-13,0.000000000000000000e+00
-1.925000000000000044e+00,4.296352646600460732e-13,4.381135260586270035e-13,0.000000000000000000e+00
-1.919999999999999929e+00,5.433751189797012125e-13,5.540064397348079998e-13,0.000000000000000000e+00
-1.915000000000000036e+00,6.865551980650897574e-13,6.999158144195549220e-13,0.000000000000000000e+00
-1.910000000000000142e+00,8.666167029810882561e-13,8.832765377314563528e-13,0.000000000000000000e+00
-1.905000000000000027e+00,1.092834847987854960e-12,1.113743247524041345e-12,0.000000000000000000e+00
-1.900000000000000133e+00,1.376758921548692966e-12,1.402839471929692982e-12,0.000000000000000000e+00
-1.895000000000000018e+00,1.732754949131095328e-12,1.765354385346680899e-12,0.000000000000000000e+00
-1.890000000000000124e+00,2.178674151274147351e-12,2.219264877246798202e-12,0.000000000000000000e+00
-1.885000000000000009e+00,2.736675460260789178e-12,2.787253189050151902e-12,0.000000000000000000e+00
-1.880000000000000115e+00,3.434236496788608713e-12,3.497154164711195017e-12,0.000000000000000000e+00
-1.875000000000000000e+00,4.305394830349331838e-12,4.383594516823327815e-12,0.000000000000000000e+00
-1.870000000000000107e+00,5.392270311407536126e-12,5.489307290217931934e-12,0.000000000000000000e+00
-1.864999999999999991e+00,6.746930077124521570e-12,6.867243798484873206e-12,0.000000000000000000e+00
-1.860000000000000098e+00,8.433670860857464108e-12,8.582720360059527006e-12,0.000000000000000000e+00
-1.854999999999999982e+00,1.053180891341187768e-11,1.071622004371013496e-11,0.000000000000000000e+00
-1.850000000000000089e+00,1.313908668656435454e-11,1.336713320126893953e-11,0.000000000000000000e+00
-1.844999999999999973e+00,1.637582804769619515e-11,1.665744863878677465e-11,0.000000000000000000e+00
-1.840000000000000080e+00,2.039000091152839749e-11,2.073742260888124698e-11,0.000000000000000000e+00
-1.834999999999999964e+00,2.536337864549450931e-11,2.579143690174588226e-11,0.000000000000000000e+00
-1.830000000000000071e+00,3.151903043769125431e-11,3.204621416572801439e-11,0.000000000000000000e+00
-1.824999999999999956e+00,3.913041719919085579e-11,3.977881639532993766e-11,0.000000000000000000e+00
-1.820000000000000062e+00,4.853242490444225081e-11,4.932915518569245997e-11,0.000000000000000000e+00
-1.814999999999999947e+00,6.013473319834257119e-11,6.111272759068080922e-11,0.000000000000000000e+00
-1.810000000000000053e+00,7.443799554515297196e-11,7.563724787022441998e-11,0.000000000000000000e+00
-1.804999999999999938e+00,9.205340042312460279e-11,9.352243531599568022e-11,0.000000000000000000e+00
-1.800000000000000044e+00,1.137262937241917830e-10,1.155240670735913842e-10,0.000000000000000000e+00
-1.794999999999999929e+00,1.403646736904924511e-10,1.425624351196626488e-10,0.000000000000000000e+00
-1.790000000000000036e+00,1.730735250138786583e-10,1.757574976573181353e-10,0.000000000000000000e+00
-1.785000000000000142e+00,2.131961423406627098e-10,2.164704667477215661e-10,0.000000000000000000e+00
-1.780000000000000027e+00,2.623638102466639935e-10,2.663544367066367369e-10,0.000000000000000000e+00
-1.775000000000000133e+00,3.225554624507565648e-10,3.274140129455943342e-10,0.000000000000000000e+00
-1.770000000000000018e+00,3.961692441983396000e-10,4.020783896965070039e-10,0.000000000000000000e+00
-1.765000000000000124e+00,4.861082559874694709e-10,4.932878716257229738e-10,0.000000000000000000e+00
-1.760000000000000009e+00,5.958831729381492283e-10,6.045974615961502690e-10,0.000000000000000000e+00
-1.755000000000000115e+00,7.297349222851658708e-10,7.403010418769996768e-10,0.000000000000000000e+00
-1.750000000000000000e+00,8.927811734249228523e-10,9.055795895980952982e-10,0.000000000000000000e+00
-1.745000000000000107e+00,1.091191064147240193e-09,1.106677417136302407e-09,0.000000000000000000e+00
-1.739999999999999991e+00,1.332393368623760995e-09,1.351112981019953958e-09,0.000000000000000000e+00
-1.735000000000000098e+00,1.625324225166371695e-09,1.647928843865416158e-09,0.000000000000000000e+00
-1.729999999999999982e+00,1.980721605054343880e-09,2.007989463172061754e-09,0.000000000000000000e+00
-1.725000000000000089e+00,2.411474941105154068e-09,2.444334148862573775e-09,0.000000000000000000e+00
-1.719999999999999973e+00,2.933039772669445887e-09,2.972596209589870745e-09,0.000000000000000000e+00
-1.715000000000000080e+00,3.563928932589581248e-09,3.611498516410093023e-09,0.000000000000000000e+00
-1.709999999999999964e+00,4.326293735759710540e-09,4.383440863213268307e-09,0.000000000000000000e+00
-1.705000000000000071e+00,5.246610867287485646e-09,5.315192956323427103e-09,0.000000000000000000e+00
-1.699999999999999956e+00,6.356493255126968048e-09,6.438713599336098532e-09,0.000000000000000000e+00
-1.695000000000000062e+00,7.693646197458367449e-09,7.792115179007150213e-09,0.000000000000000000e+00
-1.689999999999999947e+00,9.302993455551026502e-09,9.420800369201703057e-09,0.000000000000000000e+00
-1.685000000000000053e+00,1.123800198203392835e-08,1.137879885867497570e-08,0.000000000000000000e+00
-1.679999999999999938e+00,1.356223850407012156e-08,1.373033788696694363e-08,0.000000000000000000e+00
-1.675000000000000044e+00,1.635119640132169735e-08,1.655168491503554823e-08,0.000000000000000000e+00
-1.669999999999999929e+00,1.969443729994912803e-08,1.993330815281367008e-08,0.000000000000000000e+00
-1.665000000000000036e+00,2.369809864702539634e-08,2.398240495914443054e-08,0.000000000000000000e+00
-1.660000000000000142e+00,2.848782634718005208e-08,2.882585961328257619e-08,0.000000000000000000e+00
-1.655000000000000027e+00,3.421220046034023818e-08,3.461369679594184935e-08,0.000000000000000000e+00
-1.650000000000000133e+00,4.104673211538066168e-08,4.152311113523368010e-08,0.000000000000000000e+00
-1.645000000000000018e+00,4.919852134380413413e-08,4.976316203042219978e-08,0.000000000000000000e+00
-1.640000000000000124e+00,5.891167865112991153e-08,5.958023816234362961e-08,0.000000000000000000e+00
-1.635000000000000009e+00,7.047362801019431960e-08,7.126440832008342071e-08,0.000000000000000000e+00
-1.630000000000000115e+00,8.422242578781143886e-08,8.515679654456126759e-08,0.000000000000000000e+00
-1.625000000000000000e+00,1.005552491325958009e-07,1.016581331773457388e-07,0.000000000000000000e+00
-1.620000000000000107e+00,1.199382288073489821e-07,1.212386600498341532e-07,0.000000000000000000e+00
-1.614999999999999991e+00,1.429178256178978396e-07,1.444495882205438089e-07,0.000000000000000000e+00
-1.610000000000000098e+00,1.701339767697036556e-07,1.719363376051624411e-07,0.000000000000000000e+00
-1.604999999999999982e+00,2.023352689983210629e-07,2.044538144292219544e-07,0.000000000000000000e+00
-1.600000000000000089e+00,2.403964295210591188e-07,2.428840222720921223e-07,0.000000000000000000e+00
-1.594999999999999973e+00,2.853384641251294504e-07,2.882563334108377147e-07,0.000000000000000000e+00
-1.590000000000000080e+00,3.383518144509529542e-07,3.417707983037861484e-07,0.000000000000000000e+00
-1.584999999999999964e+00,4.008229541880119135e-07,4.048249120389722758e-07,0.000000000000000000e+00
-1.580000000000000071e+00,4.743648969442682991e-07,4.790443148969189648e-07,0.000000000000000000e+00
-1.574999999999999956e+00,5.608521474806341839e-07,5.663179582662909681e-07,0.000000000000000000e+00
-1.570000000000000062e+00,6.624606933507438927e-07,6.688383388103508143e-07,0.000000000000000000e+00
-1.564999999999999947e+00,7.817137063171259856e-07,7.891474697220556971e-07,0.000000000000000000e+00
-1.560000000000000053e+00,9.215337028192155939e-07,9.301893439659036376e-07,0.000000000000000000e+00
-1.554999999999999938e+00,1.085302000868458923e-06,1.095369728162217411e-06,0.000000000000000000e+00
-1.550000000000000044e+00,1.276926407686537121e-06,1.288624226146290886e-06,0.000000000000000000e+00
-1.544999999999999929e+00,1.500918178855760541e-06,1.514495655947425281e-06,0.000000000000000000e+00
-1.540000000000000036e+00,1.762479406404946659e-06,1.778221901640200536e-06,0.000000000000000000e+00
-1.535000000000000142e+00,2.067602120814954512e-06,2.085835529409321078e-06,0.000000000000000000e+00
-1.530000000000000027e+00,2.423180531110156785e-06,2.444276596514074732e-06,0.000000000000000000e+00
-1.525000000000000133e+00,2.837137978722624801e-06,2.861520232952605186e-06,0.000000000000000000e+00
-1.520000000000000018e+00,3.318570345389127972e-06,3.346720742283905259e-06,0.000000000000000000e+00
-1.515000000000000124e+00,3.877907833663225635e-06,3.910374143861530534e-06,0.000000000000000000e+00
-1.510000000000000009e+00,4.527097231375015413e-06,4.564501274135423044e-06,0.000000000000000000e+00
-1.505000000000000115e+00,5.279806979181626576e-06,5.322853772139552826e-06,0.000000000000000000e+00
-1.500000000000000000e+00,6.151657583817032612e-06,6.201145496558296870e-06,0.000000000000000000e+00
-1.495000000000000107e+00,7.160480159285538208e-06,7.217312163244246706e-06,6.715945832774316106e-05
-1.489999999999999991e+00,8.326606134496816638e-06,8.391802248517761130e-06,1.343189166555101746e-04
-1.485000000000000098e+00,9.673191439041408003e-06,9.747902473419564490e-06,2.014783749832772016e-04
-1.479999999999999982e+00,1.122657876917980622e-05,1.131210148181745906e-05,2.686378333110203491e-04
-1.475000000000000089e+00,1.301670184372460052e-05,1.311449562279914760e-05,3.357972916387873762e-04
-1.469999999999999973e+00,1.507753588424799367e-05,1.518924108285773429e-05,4.913085079551754051e-04
-1.465000000000000080e+00,1.744759889563450513e-05,1.757505694563577835e-05,6.468197242716186741e-04
-1.459999999999999964e+00,2.017050868091868133e-05,2.031578412223925055e-05,8.023309405880067573e-04
-1.455000000000000071e+00,2.329560089780260561e-05,2.346100546146824377e-05,9.578421569044499179e-04
-1.449999999999999956e+00,2.687861385220034562e-05,2.706673274312024338e-05,1.113353373220893295e-03
-1.445000000000000062e+00,3.098244612519349150e-05,3.119616665240918906e-05,1.327897214140255199e-03
-1.439999999999999947e+00,3.567799354220050126e-05,3.592053624908727818e-05,1.542441055059693431e-03
-1.435000000000000053e+00,4.104507241479469853e-05,4.132002486335322209e-05,1.756984895979055335e-03
-1.429999999999999938e+00,4.717343641394182647e-05,4.748478977856360108e-05,1.971528736898493350e-03
-1.425000000000000044e+00,5.416389486540551388e-05,5.451608349282921853e-05,2.186072577817855470e-03
-1.419999999999999929e+00,6.212954069021315705e-05,6.252748477881690846e-05,2.406707740705051231e-03
-1.415000000000000036e+00,7.119709664130729142e-05,7.164624819149481994e-05,2.627342903592247425e-03
-1.409999999999999920e+00,8.150838890722790703e-05,8.201478108930933882e-05,2.847978066479365123e-03
-1.405000000000000027e+00,9.322195755965536831e-05,9.379225763753246885e-05,3.068613229366560884e-03
-1.400000000000000133e+00,1.065148137080488210e-04,1.071563796496630139e-04,3.289248392253678582e-03
-1.395000000000000018e+00,1.215843535849443980e-04,1.223052944759477924e-04,3.459869690952149628e-03
-1.390000000000000124e+00,1.386504401125388702e-04,1.394596804766727659e-04,3.630490989650560392e-03
-1.385000000000000009e+00,1.579576627871607315e-04,1.588650108983395270e-04,3.801112288349031438e-03
-1.380000000000000115e+00,1.797777869544549669e-04,1.807940072036927652e-04,3.971733587047441769e-03
-1.375000000000000000e+00,2.044124037254696751e-04,2.055492930815771484e-04,4.142354885745913248e-03
-1.370000000000000107e+00,2.321957918921567293e-04,2.334662604663727986e-04,4.218437050080861561e-03
-1.364999999999999991e+00,2.634980032296937785e-04,2.649161589214274188e-04,4.294519214415835895e-03
-1.360000000000000098e+00,2.987281825109119318e-04,3.003094196740710084e-04,4.370601378750811096e-03
-1.354999999999999982e+00,3.383381333933960862e-04,3.400992254231222371e-04,4.446683543085758542e-03
-1.350000000000000089e+00,3.828261410596612495e-04,3.847853367501693719e-04,4.522765707420733743e-03
-1.344999999999999973e+00,4.327410620826585628e-04,4.349181855591396266e-04,4.481502333835502699e-03
-1.340000000000000080e+00,4.886866914388814142e-04,4.911032454071115197e-04,4.440238960250256044e-03
-1.334999999999999964e+00,5.513264158863046558e-04,5.540056878848285179e-04,4.398975586665025000e-03
-1.330000000000000071e+00,6.213881620499372245e-04,6.243553333232707264e-04,4.357712213079778345e-03
-1.324999999999999956e+00,6.996696465003593088e-04,7.029519030394453579e-04,4.316448839494532556e-03
-1.320000000000000062e+00,7.870439338559368815e-04,7.906705790775124401e-04,4.163739606411997508e-03
-1.314999999999999947e+00,8.844653074742583714e-04,8.884678759294453937e-04,4.011030373329408684e-03
-1.310000000000000053e+00,9.929754556089998539e-04,9.973878270257241323e-04,3.858321140246873636e-03
-1.304999999999999938e+00,1.113709973982978741e-03,1.118568486858450379e-03,3.705611907164284811e-03
-1.300000000000000044e+00,1.247905183554013893e-03,1.253248747419368793e-03,3.552902674081749763e-03
-1.294999999999999929e+00,1.396905259817983686e-03,1.402775465200479686e-03,3.328639817054634010e-03
-1.290000000000000036e+00,1.562169667292398608e-03,1.568610892302139742e-03,3.104376960027518256e-03
-1.284999999999999920e+00,1.745280889848113909e-03,1.752340402213877456e-03,2.880114103000481866e-03
-1.280000000000000027e+00,1.947952444298755312e-03,1.955680497575473884e-03,2.655851245973366546e-03
-1.275000000000000133e+00,2.172037161115922179e-03,2.180487083683767431e-03,2.431588388946330156e-03
-1.270000000000000018e+00,2.419535712309789713e-03,2.428763987681482189e-03,2.214196686059090487e-03
-1.265000000000000124e+00,2.692605362403748762e-03,2.702671699257652455e-03,1.996804983171927578e-03
-1.260000000000000009e+00,2.993568914041503347e-03,3.004536304300041687e-03,1.779413280284687692e-03
-1.255000000000000115e+00,3.324923815104527305e-03,3.336858578284511261e-03,1.562021577397525000e-03
-1.250000000000000000e+00,3.689351389300466431e-03,3.702323201275382631e-03,1.344629874510285114e-03
-1.245000000000000107e+00,4.089726147022763013e-03,4.103808051257840442e-03,1.254902048958585464e-03
-1.239999999999999991e+00,4.529125127902547225e-03,4.544393527152044976e-03,1.165174223406853938e-03
-1.235000000000000098e+00,5.010837220896998366e-03,5.027371847295179427e-03,1.075446397855122412e-03
-1.229999999999999982e+00,5.538372402018389672e-03,5.556256263446697485e-03,9.857185723034227621e-04
-1.225000000000000089e+00,6.115470823935030033e-03,6.134790124518008959e-03,8.959907467516912364e-04
-1.219999999999999973e+00,6.746111685714945710e-03,6.766955718280013438e-03,1.099224320956660112e-03
-1.215000000000000080e+00,7.434521804974893525e-03,7.456982813313124334e-03,1.302457895161700978e-03
-1.209999999999999964e+00,8.185183808698103664e-03,8.209356817486728602e-03,1.505691469366669854e-03
-1.205000000000000071e+00,9.002843853043705075e-03,9.028826463335590594e-03,1.708925043571710937e-03
-1.199999999999999956e+00,9.892518776656570104e-03,9.920410924908487638e-03,1.912158617776751803e-03
-1.195000000000000062e+00,1.085950258635816866e-02,1.088940626506663088e-02,2.616837641279401872e-03
-1.189999999999999947e+00,1.190937216873455898e-02,1.194139110686688425e-02,3.321516664782302175e-03
-1.185000000000000053e+00,1.304799211610565071e-02,1.308223141766542107e-02,4.026195688284952244e-03
-1.179999999999999938e+00,1.428151855074687344e-02,1.431808428999162622e-02,4.730874711787852981e-03
-1.175000000000000044e+00,1.561640182711649706e-02,1.565540059915792453e-02,5.435553735290503050e-03
-1.169999999999999929e+00,1.705938798831333272e-02,1.710092641407230316e-02,6.886667559004852786e-03
-1.165000000000000036e+00,1.861751885012953231e-02,1.866170303489501567e-02,8.337781382719202522e-03
-1.159999999999999920e+00,2.029813058397367254e-02,2.034506552912043742e-02,9.788895206433036178e-03
-1.155000000000000027e+00,2.210885066869679519e-02,2.215863963646204707e-02,1.124000903014738678e-02
-1.150000000000000133e+00,2.405759308106696776e-02,2.411033691265429546e-02,1.269112285386122044e-02
-1.145000000000000018e+00,2.615255159537518276e-02,2.620834798306374142e-02,1.515680275981098890e-02
-1.140000000000000124e+00,2.840219106452531936e-02,2.846113377889320645e-02,1.762248266575988306e-02
-1.135000000000000009e+00,3.081523655802971898e-02,3.087741463186541649e-02,2.008816257170965153e-02
-1.130000000000000115e+00,3.340066023668718936e-02,3.346615710765198787e-02,2.255384247765854222e-02
-1.125000000000000000e+00,3.616766584943650192e-02,3.623655846405320763e-02,2.501952238360831415e-02
-1.120000000000000107e+00,3.912567074500807041e-02,3.919802862708413743e-02,2.877085957810473008e-02
-1.114999999999999991e+00,4.228428529961845289e-02,4.236016958676181582e-02,3.252219677260247827e-02
-1.110000000000000098e+00,4.565328967208120980e-02,4.573275212452782013e-02,3.627353396710022299e-02
-1.104999999999999982e+00,4.924260780941579208e-02,4.932568979595789577e-02,4.002487116159664238e-02
-1.100000000000000089e+00,5.306227863930285810e-02,5.314901010568019724e-02,4.377620835609438710e-02
-1.094999999999999973e+00,5.712242440061149340e-02,5.721282282629347460e-02,4.906153324838796737e-02
-1.090000000000000080e+00,6.143321607965595427e-02,6.152728542950684082e-02,5.434685814068342113e-02
-1.084999999999999964e+00,6.600483593785143321e-02,6.610256561571115075e-02,5.963218303297700140e-02
-1.080000000000000071e+00,7.084743713593502634e-02,7.094880094767322398e-02,6.491750792527245517e-02
-1.074999999999999956e+00,7.597110048088998036e-02,7.607605561498234636e-02,7.020283281756790894e-02
-1.070000000000000062e+00,8.138578834403006890e-02,8.149427437816406106e-02,7.721896690648018258e-02
-1.064999999999999947e+00,8.710129582230791145e-02,8.721323376493714252e-02,8.423510099539495422e-02
-1.060000000000000053e+00,9.312719923964750401e-02,9.324249061577687125e-02,9.125123508430721397e-02
-1.054999999999999938e+00,9.947280211086126367e-02,9.959132810164762761e-02,9.826736917322198561e-02
-1.050000000000000044e+00,1.061470787172982960e-01,1.062686993632928345e-01,1.052835032621342592e-01
-1.044999999999999929e+00,1.131586154706403918e-01,1.132831689486587246e-01,1.141472328149499837e-01
-1.040000000000000036e+00,1.205155502689663621e-01,1.206428522526668407e-01,1.230109623677656944e-01
-1.034999999999999920e+00,1.282255100771857170e-01,1.283553531914278512e-01,1.318746919205782686e-01
-1.030000000000000027e+00,1.362955469918840090e-01,1.364277003708589675e-01,1.407384214733939931e-01
-1.024999999999999911e+00,1.447320730783638321e-01,1.448662820372914051e-01,1.496021510262065535e-01
-1.020000000000000018e+00,1.535407942948378290e-01,1.536767801247473642e-01,1.603253123127960922e-01
-1.015000000000000124e+00,1.627266438451585029e-01,1.628641037398702585e-01,1.710484735993818006e-01
-1.010000000000000009e+00,1.722937153267654065e-01,1.724323224506963126e-01,1.817716348859713393e-01
-1.005000000000000115e+00,1.822451960644788649e-01,1.823845997692882248e-01,1.924947961725570755e-01
-1.000000000000000000e+00,1.925833010430196834e-01,1.927231272403892581e-01,2.032179574591466142e-01
-9.949999999999999956e-01,2.033092078713883699e-01,2.034490595684166625e-01,2.156891532648832210e-01
-9.899999999999999911e-01,2.144229932302342545e-01,2.145624512329813716e-01,2.281603490706154147e-01
-9.849999999999999867e-01,2.259235712687232001e-01,2.260621950584195683e-01,2.406315448763520493e-01
-9.799999999999999822e-01,2.378086344299520649e-01,2.379459632152431670e-01,2.531027406820842152e-01
-9.749999999999999778e-01,2.500745971933341916e-01,2.502101511407137657e-01,2.655739364878208497e-01
-9.699999999999999734e-01,2.627165432283696811e-01,2.628498248716356067e-01,2.795492073025787061e-01
-9.649999999999999689e-01,2.757281764565506221e-01,2.758586722847362616e-01,2.935244781173415585e-01
-9.599999999999999645e-01,2.891017765166495890e-01,2.892289587384203053e-01,3.074997489320994148e-01
-9.550000000000000711e-01,3.028281591230830294e-01,3.029514876040811933e-01,3.214750197468622117e-01
-9.500000000000000666e-01,3.168966417973018146e-01,3.170155661653625279e-01,3.354502905616250641e-01
-9.450000000000000622e-01,3.312950154380889245e-01,3.314089773496662894e-01,3.505542177347156785e-01
-9.400000000000000577e-01,3.460095221781834263e-01,3.461179577377194172e-01,3.656581449078116774e-01
-9.350000000000000533e-01,3.610248399517274054e-01,3.611271822740956261e-01,3.807620720809022918e-01
-9.300000000000000488e-01,3.763240741696634029e-01,3.764197560742283399e-01,3.958659992539982908e-01
-9.250000000000000444e-01,3.918887568684333300e-01,3.919772136917081817e-01,4.109699264270889052e-01
-9.200000000000000400e-01,4.076988536612213276e-01,4.077795261735989718e-01,4.267077547743397536e-01
-9.150000000000000355e-01,4.237327787806943191e-01,4.238051161912828602e-01,4.424455831215905466e-01
-9.100000000000000311e-01,4.399674184578906688e-01,4.400308814901207066e-01,4.581834114688357884e-01
-9.050000000000000266e-01,4.563781628338282603e-01,4.564322268532410853e-01,4.739212398160865813e-01
-9.000000000000000222e-01,4.729389465488194055e-01,4.729831047232991303e-01,4.896590681633318232e-01
-8.950000000000000178e-01,4.896222980997247398e-01,4.896560645714209126e-01,5.054395363718803269e-01
-8.900000000000000133e-01,5.063993979977907678e-01,5.064223110451162579e-01,5.212200045804232795e-01
-8.850000000000000089e-01,5.232401456997468614e-01,5.232517708671284851e-01,5.370004727889718943e-01
-8.800000000000000044e-01,5.401132352228900091e-01,5.401131683954204510e-01,5.527809409975148469e-01
-8.750000000000000000e-01,5.569862392914785021e-01,5.569741096912707023e-01,5.685614092060633507e-01
-8.699999999999999956e-01,5.738257017973805718e-01,5.738011748782775312e-01,5.837290723267887227e-01
-8.649999999999999911e-01,5.905972382931367060e-01,5.905600185104850075e-01,5.988967354475086546e-01
-8.599999999999999867e-01,6.072656441709513020e-01,6.072154776034058843e-01,6.140643985682339157e-01
-8.549999999999999822e-01,6.237950101172164974e-01,6.237316869180232759e-01,6.292320616889538476e-01
-8.499999999999999778e-01,6.401488443695744213e-01,6.400722010254676908e-01,6.443997248096792196e-01
-8.449999999999999734e-01,6.562902012428543097e-01,6.562001226196135795e-01,6.582746678126659701e-01
-8.399999999999999689e-01,6.721818153320455735e-01,6.720782364868671532e-01,6.721496108156577165e-01
-8.349999999999999645e-01,6.877862407454128357e-01,6.876691484875864235e-01,6.860245538186444669e-01
-8.300000000000000711e-01,7.030659946694582940e-01,7.029354288523494976e-01,6.998994968216361023e-01
-8.250000000000000666e-01,7.179837045202750456e-01,7.178397590493333924e-01,7.137744398246278488e-01
-8.200000000000000622e-01,7.325022578933996220e-01,7.323450814367956641e-01,7.256964833068321186e-01
-8.150000000000000577e-01,7.465849544871013821e-01,7.464147508776451945e-01,7.376185267890406072e-01
-8.100000000000000533e-01,7.601956591425335086e-01,7.600126874617243455e-01,7.495405702712449880e-01
-8.050000000000000488e-01,7.732989551187680055e-01,7.731035294561400262e-01,7.614626137534534767e-01
-8.000000000000000444e-01,7.858602967017572771e-01,7.856527855851210829e-01,7.733846572356577465e-01
-7.950000000000000400e-01,7.978461602340408687e-01,7.976269857287265896e-01,7.827585510031426219e-01
-7.900000000000000355e-01,8.092241926467480528e-01,8.089938291245298840e-01,7.921324447706273864e-01
-7.850000000000000311e-01,8.199633565773221111e-01,8.197223291583205507e-01,8.015063385381089311e-01
-7.800000000000000266e-01,8.300340711655264103e-01,8.297829538389995818e-01,8.108802323055936956e-01
-7.750000000000000222e-01,8.394083476366894780e-01,8.391477610692408273e-01,8.202541260730752404e-01
-7.700000000000000178e-01,8.480599188047952541e-01,8.477905278470898587e-01,8.265919223198624488e-01
-7.650000000000000133e-01,8.559643616588057391e-01,8.556868725643994589e-01,8.329297185666473258e-01
-7.600000000000000089e-01,8.630992122333402961e-01,8.628143696056368439e-01,8.392675148134344232e-01
-7.550000000000000044e-01,8.694440720092732056e-01,8.691526554949245975e-01,8.456053110602193001e-01
-7.500000000000000000e-01,8.749807051406356395e-01,8.746835258898690846e-01,8.519431073070065086e-01
-7.449999999999999956e-01,8.796931258610400928e-01,8.793910227773877875e-01,8.548999798210648038e-01
-7.399999999999999911e-01,8.835676754852169745e-01,8.832615112889510289e-01,8.578568523351220998e-01
-7.349999999999999867e-01,8.865930884886881191e-01,8.862837456198796593e-01,8.608137248491803950e-01
-7.299999999999999822e-01,8.887605472205298840e-01,8.884489236090468145e-01,8.637705973632376910e-01
-7.249999999999999778e-01,8.900637248799704304e-01,8.897507296109066210e-01,8.667274698772959862e-01
-7.199999999999999734e-01,8.904988164666360895e-01,8.901853653705722458e-01,8.661277241955629425e-01
-7.149999999999999689e-01,8.900645574958543360e-01,8.897515686940351554e-01,8.655279785138297877e-01
-7.099999999999999645e-01,8.887622303538901258e-01,8.884506197887890311e-01,8.649282328320967439e-01
-7.049999999999999600e-01,8.865956582525748031e-01,8.862863352344738654e-01,8.643284871503635891e-01
-7.000000000000000666e-01,8.835711868277589254e-01,8.832650496278268148e-01,8.637287414686303233e-01
-6.950000000000000622e-01,8.796976535106245665e-01,8.793955850305936739e-01,8.595796129304658084e-01
-6.900000000000000577e-01,8.749863448844170666e-01,8.746892084322870353e-01,8.554304843922998502e-01
-6.850000000000000533e-01,8.694509423208237608e-01,8.691595775211209407e-01,8.512813558541352243e-01
-6.800000000000000488e-01,8.631074562693935581e-01,8.628226751353473833e-01,8.471322273159692662e-01
-6.750000000000000444e-01,8.559741496493158408e-01,8.556967328429221364e-01,8.429830987778047513e-01
-6.700000000000000400e-01,8.480714508649480621e-01,8.478021441692852322e-01,8.354750817925316042e-01
-6.650000000000000355e-01,8.394218570340883367e-01,8.391613680604309566e-01,8.279670648072584571e-01
-6.600000000000000311e-01,8.300498280805537199e-01,8.297988232308458612e-01,8.204590478219880856e-01
-6.550000000000000266e-01,8.199816723996771195e-01,8.197407741027601391e-01,8.129510308367149385e-01
-6.500000000000000222e-01,8.092454248563785146e-01,8.090152090940858631e-01,8.054430138514444559e-01
-6.450000000000000178e-01,7.978707179201698363e-01,7.976517120569819319e-01,7.949367851395410245e-01
-6.400000000000000133e-01,7.858886467794475861e-01,7.856813277069027990e-01,7.844305564276412568e-01
-6.350000000000000089e-01,7.733316293084849802e-01,7.731364219129793769e-01,7.739243277157377143e-01
-6.300000000000000044e-01,7.602332617844835827e-01,7.600505377444772837e-01,7.634180990038379466e-01
-6.250000000000000000e-01,7.466281712687333760e-01,7.464582481847690243e-01,7.529118702919345152e-01
-6.199999999999999956e-01,7.325518655753691100e-01,7.323950064336907095e-01,7.399132051208879846e-01
-6.149999999999999911e-01,7.180405817533891399e-01,7.178969947213803549e-01,7.269145399498460058e-01
-6.099999999999999867e-01,7.031311340026438206e-01,7.030009725517839536e-01,7.139158747787994752e-01
-6.049999999999999822e-01,6.878607619325580735e-01,6.877441252821696605e-01,7.009172096077574965e-01
-5.999999999999999778e-01,6.722669800536691387e-01,6.721639139263962948e-01,6.879185444367109659e-01
-5.949999999999999734e-01,6.563874293669051951e-01,6.562979270446646085e-01,6.730438015692085107e-01
-5.899999999999999689e-01,6.402597318842787599e-01,6.401837355513602112e-01,6.581690587017008376e-01
-5.849999999999999645e-01,6.239213488776859107e-01,6.238587512357844922e-01,6.432943158341983825e-01
-5.799999999999999600e-01,6.074094436102537298e-01,6.073600897484813244e-01,6.284195729666907093e-01
-5.750000000000000666e-01,5.907607492576385511e-01,5.907244387590265822e-01,6.135448300991830362e-01
-5.700000000000000622e-01,5.740114426753446519e-01,5.739879319400044144e-01,5.974804307748987631e-01
-5.650000000000000577e-01,5.571970246131054960e-01,5.571860293770600769e-01,5.814160314506088278e-01
-5.600000000000000533e-01,5.403522069191083466e-01,5.403534049468898814e-01,5.653516321263245548e-01
-5.550000000000000488e-01,5.235108072160603587e-01,5.235238411444281814e-01,5.492872328020346195e-01
-5.500000000000000444e-01,5.067056514682439783e-01,5.067301317778761804e-01,5.332228334777503465e-01
-5.450000000000000400e-01,4.899684847944742461e-01,4.900039928861762428e-01,5.166825623193370687e-01
-5.400000000000000355e-01,4.733298908167761776e-01,4.733759821686541747e-01,5.001422911609239019e-01
-5.350000000000000311e-01,4.568192197692489409e-01,4.568754271513947307e-01,4.836020200025165083e-01
-5.300000000000000266e-01,4.404645255264961201e-01,4.405303622500268967e-01,4.670617488441032861e-01
-5.250000000000000222e-01,4.242925116467517466e-01,4.243674748245158113e-01,4.505214776856959480e-01
-5.200000000000000178e-01,4.083284864618745846e-01,4.084120602587843485e-01,4.342053495104071792e-01
-5.150000000000000133e-01,3.925963271852330738e-01,3.926879860369846265e-01,4.178892213351242391e-01
-5.100000000000000089e-01,3.771184529495737459e-01,3.772176647294576135e-01,4.015730931598355258e-01
-5.050000000000000044e-01,3.619158066306547572e-01,3.620220357452396676e-01,3.852569649845525301e-01
-5.000000000000000000e-01,3.470078452591123241e-01,3.471205556547648508e-01,3.689408368092638169e-01
-4.949999999999999956e-01,3.324125387729908176e-01,3.325311968364850213e-01,3.534987537013460357e-01
-4.899999999999999911e-01,3.181463768169111583e-01,3.182704541547408672e-01,3.380566705934337501e-01
-4.849999999999999867e-01,3.042243832511739021e-01,3.043533593336115728e-01,3.226145874855160245e-01
-4.799999999999999822e-01,2.906601379953820952e-01,2.907935026528027933e-01,3.071725043776037389e-01
-4.750000000000000333e-01,2.774658057965569968e-01,2.776030615570531657e-01,2.917304212696859578e-01
-4.700000000000000289e-01,2.646521714812823389e-01,2.647928357401183042e-01,2.777330097175699786e-01
-4.650000000000000244e-01,2.522286812252131361e-01,2.523722882381889687e-01,2.637355981654490034e-01
-4.600000000000000200e-01,2.402034893512944858e-01,2.403495920456000523e-01,2.497381866133330519e-01
-4.550000000000000155e-01,2.285835101502503297e-01,2.287316817478711461e-01,2.357407750612121045e-01
-4.500000000000000111e-01,2.173744742032161781e-01,2.175243096533961695e-01,2.217433635090911570e-01
-4.450000000000000067e-01,2.065809886767153436e-01,2.067321058953736357e-01,2.096613825647411500e-01
-4.400000000000000022e-01,1.962066010543613848e-01,1.963586419696924379e-01,1.975794016203868686e-01
-4.349999999999999978e-01,1.862538657675548159e-01,1.864064971723073394e-01,1.854974206760368893e-01
-4.299999999999999933e-01,1.767244131888307535e-01,1.768773274009449725e-01,1.734154397316826079e-01
-4.249999999999999889e-01,1.676190204562001962e-01,1.677719357905958775e-01,1.613334587873326009e-01
-4.199999999999999845e-01,1.589376836045854058e-01,1.590903446599096216e-01,1.515261479629616825e-01
-4.150000000000000355e-01,1.506796904910413237e-01,1.508318682561207991e-01,1.417188371385907919e-01
-4.100000000000000311e-01,1.428436940136298960e-01,1.429951857992140252e-01,1.319115263142233707e-01
-4.050000000000000266e-01,1.354277851393331233e-01,1.355784143414664467e-01,1.221042154898524523e-01
-4.000000000000000222e-01,1.284295652739838867e-01,1.285791809760079007e-01,1.122969046654850311e-01
-3.950000000000000178e-01,1.218462175266314812e-01,1.219946939473914305e-01,1.050087047701812742e-01
-3.900000000000000133e-01,1.156745764417815153e-01,1.158218122380995779e-01,9.772050487488011250e-02
-3.850000000000000089e-01,1.099111957953289170e-01,1.100571132272158276e-01,9.043230497957635561e-02
-3.800000000000000044e-01,1.045524140735091811e-01,1.046969580409152362e-01,8.314410508427519386e-02
-3.750000000000000000e-01,9.959441727861756410e-02,9.973755423878401249e-02,7.585590518897145085e-02
-3.699999999999999956e-01,9.503329873038482423e-02,9.517501550504871288e-02,7.122021703468145448e-02
-3.649999999999999911e-01,9.086511555757212366e-02,9.100541803941478158e-02,6.658452888039309570e-02
-3.599999999999999867e-01,8.708594160039570542e-02,8.722485336820157142e-02,6.194884072610308545e-02
-3.549999999999999822e-01,8.369191647065657436e-02,8.382947732268884733e-02,5.731315257181473360e-02
-3.500000000000000333e-01,8.067929054281380852e-02,8.081555495790296306e-02,5.267746441752473030e-02
-3.450000000000000289e-01,7.804446567558534498e-02,7.817950121139338737e-02,5.072557206623813653e-02
-3.400000000000000244e-01,7.578403148989794336e-02,7.591791712775020073e-02,4.877367971495084192e-02
-3.350000000000000200e-01,7.389479705506177276e-02,7.402762150065769764e-02,4.682178736366424815e-02
-3.300000000000000155e-01,7.237381786086004298e-02,7.250567781006743429e-02,4.486989501237695355e-02
-3.250000000000000111e-01,7.121841797877311031e-02,7.134941635760226608e-02,4.291800266108966588e-02
-3.200000000000000067e-01,7.042620734077563449e-02,7.055645152850786861e-02,4.359103062178139310e-02
-3.150000000000000022e-01,6.999509408903477337e-02,7.012469413336422375e-02,4.426405858247336317e-02
-3.099999999999999978e-01,6.992329197439278721e-02,7.005235880731551512e-02,4.493708654316509038e-02
-3.049999999999999933e-01,7.020932280574151974e-02,7.033796646881418368e-02,4.561011450385706045e-02
-2.999999999999999889e-01,7.085201397629449505e-02,7.098034186377015498e-02,4.628314246454878766e-02
-2.949999999999999845e-01,7.185049111635517793e-02,7.197860624459830048e-02,4.944497029346395928e-02
-2.899999999999999800e-01,7.320416594547146660e-02,7.333216525695185339e-02,5.260679812237913089e-02
-2.850000000000000311e-01,7.491271941988085492e-02,7.504069212995038984e-02,5.576862595129317146e-02
-2.800000000000000266e-01,7.697608029389346740e-02,7.710410628845208725e-02,5.893045378020834307e-02
-2.750000000000000222e-01,7.939439923634081242e-02,7.952254752840712260e-02,6.209228160912239058e-02
-2.700000000000000178e-01,8.216801866543893551e-02,8.229634591853915437e-02,6.754169581351181229e-02
-2.650000000000000133e-01,8.529743848736064116e-02,8.542598761354804060e-02,7.299111001789929110e-02
-2.600000000000000089e-01,8.878327794547673235e-02,8.891207678567795980e-02,7.844052422228871280e-02
-2.550000000000000044e-01,9.262623380856707667e-02,9.275529390282193087e-02,8.388993842667619161e-02
-2.500000000000000000e-01,9.682703514728849270e-02,9.695635060229794433e-02,8.933935263106561331e-02
-2.449999999999999956e-01,1.013863949687541371e-01,1.015159414299783430e-01,9.682031263014218014e-02
-2.399999999999999911e-01,1.063049589991611199e-01,1.064346927344980986e-01,1.043012726292160824e-01
-2.350000000000000144e-01,1.115832519239159520e-01,1.117131090257557080e-01,1.117822326282926493e-01
-2.300000000000000100e-01,1.172216214135467227e-01,1.173515171257049766e-01,1.192631926273665516e-01
-2.250000000000000056e-01,1.232201802817485953e-01,1.233500084574622457e-01,1.267441526264431184e-01
-2.200000000000000011e-01,1.295787471390536516e-01,1.297083798358330820e-01,1.359537731275514416e-01
-2.149999999999999967e-01,1.362967859217080191e-01,1.364260731384123460e-01,1.451633936286630400e-01
-2.099999999999999922e-01,1.433733446902265007e-01,1.435021142512311609e-01,1.543730141297713909e-01
-2.050000000000000155e-01,1.508069941056179586e-01,1.509350516963924305e-01,1.635826346308829893e-01
-2.000000000000000111e-01,1.585957660032586147e-01,1.587228953610510807e-01,1.727922551319945876e-01
-1.950000000000000067e-01,1.667370924946638411e-01,1.668630557573128337e-01,1.833868231688564332e-01
-1.900000000000000022e-01,1.752277460357936356e-01,1.753522842509325497e-01,1.939813912057220258e-01
-1.849999999999999978e-01,1.840637809068332020e-01,1.841866147029489476e-01,2.045759592425838436e-01
-1.799999999999999933e-01,1.932404765524536605e-01,1.933613069723816857e-01,2.151705272794494361e-01
-1.750000000000000167e-01,2.027522832331906943e-01,2.028707927296973801e-01,2.257650953163112817e-01
-1.700000000000000122e-01,2.125927704376261440e-01,2.127086240297377806e-01,2.373650143890484454e-01
-1.650000000000000078e-01,2.227545785013551882e-01,2.228674250890561315e-01,2.489649334617856091e-01
-1.600000000000000033e-01,2.332293738721362142e-01,2.333388477059665234e-01,2.605648525345186650e-01
-1.549999999999999989e-01,2.440078084510191869e-01,2.441135307519871067e-01,2.721647716072557732e-01
-1.499999999999999944e-01,2.550794834265352473e-01,2.551810641506008226e-01,2.837646906799888291e-01
-1.449999999999999900e-01,2.664329180031180799e-01,2.665299577433374312e-01,2.959595814710759276e-01
-1.400000000000000133e-01,2.780555234057623393e-01,2.781476154239954091e-01,3.081544722621586962e-01
-1.350000000000000089e-01,2.899335825204816253e-01,2.900203148993892865e-01,3.203493630532458503e-01
-1.300000000000000044e-01,3.020522355043996909e-01,3.021331934092845728e-01,3.325442538443286189e-01
-1.250000000000000000e-01,3.143954716703520336e-01,3.144702397092564161e-01,3.447391446354157174e-01
-1.199999999999999956e-01,3.269461279187274583e-01,3.270142925880915041e-01,3.570943890522730313e-01
-1.150000000000000050e-01,3.396858939540703948e-01,3.397470461562053234e-01,3.694496334691260153e-01
-1.100000000000000006e-01,3.525953244858283653e-01,3.526490621034585882e-01,3.818048778859833292e-01
-1.049999999999999961e-01,3.656538585717289402e-01,3.656997890839472909e-01,3.941601223028363132e-01
-1.000000000000000056e-01,3.788398462188320437e-01,3.788775893419832896e-01,4.065153667196936271e-01
-9.500000000000000111e-02,3.921305823115751599e-01,3.921597726478573409e-01,4.185811698184750962e-01
-8.999999999999999667e-02,4.055023478883700294e-01,4.055226375643311010e-01,4.306469729172608396e-01
-8.500000000000000611e-02,4.189304587388716361e-01,4.189415200154933960e-01,4.427127760160423087e-01
-8.000000000000000167e-02,4.323893212432288191e-01,4.323908490789322157e-01,4.547785791148281076e-01
-7.499999999999999722e-02,4.458524953228431564e-01,4.458442098705444057e-01,4.668443822136138510e-01
-7.000000000000000666e-02,4.592927643197939336e-01,4.592744133390792571e-01,4.781679963334724559e-01
-6.500000000000000222e-02,4.726822115695503146e-01,4.726535727351353633e-01,4.894916104533350576e-01
-5.999999999999999778e-02,4.859923033793328573e-01,4.859531864672377299e-01,5.008152245731936070e-01
-5.500000000000000028e-02,4.991939780729524601e-01,4.991442270062476649e-01,5.121388386930562087e-01
-5.000000000000000278e-02,5.122577407125955551e-01,5.121972354491709511e-01,5.234624528129148135e-01
-4.499999999999999833e-02,5.251537630593359207e-01,5.250824213049050115e-01,5.336036368552151687e-01
-4.000000000000000083e-02,5.378519882875487657e-01,5.377697670180289213e-01,5.437448208975155239e-01
-3.500000000000000333e-02,5.503222399243958840e-01,5.502291367028934177e-01,5.538860049398123264e-01
-2.999999999999999889e-02,5.625343344445472571e-01,5.624303885194156249e-01,5.640271889821126816e-01
-2.500000000000000139e-02,5.744581969127512400e-01,5.743434900845860724e-01,5.741683730244094841e-01
-2.000000000000000042e-02,5.860639790331724219e-01,5.859386362801328740e-01,5.827175359862242221e-01
-1.499999999999999944e-02,5.973221789349638655e-01,5.971863687874606752e-01,5.912666989480358515e-01
-1.000000000000000021e-02,6.082037619986725430e-01,6.080576966562394325e-01,5.998158619098505895e-01
-5.000000000000000104e-03,6.186802820081261922e-01,6.185242171931486510e-01,6.083650248716622189e-01
0.000000000000000000e+00,6.287240018976627542e-01,6.285582364425942314e-01,6.169141878334769569e-01
5.000000000000000104e-03,6.383080133552050395e-01,6.381328885219139657e-01,6.235120806573202223e-01
1.000000000000000021e-02,6.474063545379039608e-01,6.472222530698544807e-01,6.301099734811634878e-01
1.499999999999999944e-02,6.559941251590190037e-01,6.558014700690861787e-01,6.367078663050066423e-01
2.000000000000000042e-02,6.640475982124650622e-01,6.638468513112755209e-01,6.433057591288499077e-01
2.500000000000000139e-02,6.715443276150204754e-01,6.713359877868035896e-01,6.499036519526931732e-01
2.999999999999999889e-02,6.784632510655701498e-01,6.782478523005567306e-01,6.542610117916023427e-01
3.500000000000000333e-02,6.847847874458226070e-01,6.845628966402316218e-01,6.586183716305115121e-01
4.000000000000000083e-02,6.904909281175746205e-01,6.902631426541552262e-01,6.629757314694206816e-01
4.499999999999999833e-02,6.955653215075778828e-01,6.953322666315153722e-01,6.673330913083298510e-01
5.000000000000000278e-02,6.999933504121498284e-01,6.997556764188651579e-01,6.716904511472390205e-01
5.500000000000000028e-02,7.037622014995357222e-01,7.035205807525097832e-01,6.736057401084022400e-01
5.999999999999999778e-02,7.068609265383436480e-01,7.066160503365418455e-01,6.755210290695654596e-01
6.500000000000000222e-02,7.092804949346932508e-01,7.090330702504664684e-01,6.774363180307287902e-01
7.000000000000000666e-02,7.110138372186465272e-01,7.107645833280864522e-01,6.793516069918920097e-01
7.499999999999999722e-02,7.120558791814823874e-01,7.118055242101528624e-01,6.812668959530552293e-01
8.000000000000000167e-02,7.124035664289787295e-01,7.121528438366676594e-01,6.806402609143967775e-01
8.500000000000000611e-02,7.120558791814823874e-01,7.118055242101528624e-01,6.800136258757382146e-01
8.999999999999999667e-02,7.110138372186465272e-01,7.107645833280863412e-01,6.793869908370797628e-01
9.500000000000000111e-02,7.092804949346932508e-01,7.090330702504662463e-01,6.787603557984211999e-01
1.000000000000000056e-01,7.068609265383436480e-01,7.066160503365418455e-01,6.781337207597627481e-01
1.049999999999999961e-01,7.037622014995357222e-01,7.035205807525097832e-01,6.749755461754330943e-01
1.100000000000000006e-01,6.999933504121498284e-01,6.997556764188651579e-01,6.718173715911034405e-01
1.150000000000000050e-01,6.955653215075778828e-01,6.953322666315153722e-01,6.686591970067738977e-01
1.199999999999999956e-01,6.904909281175746205e-01,6.902631426541552262e-01,6.655010224224442439e-01
1.250000000000000000e-01,6.847847874458226070e-01,6.845628966402316218e-01,6.623428478381145901e-01
1.300000000000000044e-01,6.784632510655701498e-01,6.782478523005566196e-01,6.567757543858080416e-01
1.350000000000000089e-01,6.715443276150204754e-01,6.713359877868034786e-01,6.512086609335014931e-01
1.400000000000000133e-01,6.640475982124650622e-01,6.638468513112752989e-01,6.456415674811948335e-01
1.449999999999999900e-01,6.559941251590190037e-01,6.558014700690862897e-01,6.400744740288882850e-01
1.499999999999999944e-01,6.474063545379040718e-01,6.472222530698544807e-01,6.345073805765817365e-01
1.549999999999999989e-01,6.383080133552050395e-01,6.381328885219137437e-01,6.267611779113686499e-01
1.600000000000000033e-01,6.287240018976627542e-01,6.285582364425942314e-01,6.190149752461554522e-01
1.650000000000000078e-01,6.186802820081261922e-01,6.185242171931486510e-01,6.112687725809422545e-01
1.700000000000000122e-01,6.082037619986725430e-01,6.080576966562396546e-01,6.035225699157291679e-01
1.750000000000000167e-01,5.973221789349638655e-01,5.971863687874608972e-01,5.957763672505159702e-01
1.799999999999999933e-01,5.860639790331724219e-01,5.859386362801328740e-01,5.861762128170348030e-01
1.849999999999999978e-01,5.744581969127512400e-01,5.743434900845862945e-01,5.765760583835535247e-01
1.900000000000000022e-01,5.625343344445472571e-01,5.624303885194157360e-01,5.669759039500723574e-01
1.950000000000000067e-01,5.503222399243958840e-01,5.502291367028934177e-01,5.573757495165911902e-01
2.000000000000000111e-01,5.378519882875487657e-01,5.377697670180289213e-01,5.477755950831099119e-01
2.050000000000000155e-01,5.251537630593359207e-01,5.250824213049050115e-01,5.367243455132354457e-01
2.099999999999999922e-01,5.122577407125955551e-01,5.121972354491708401e-01,5.256730959433609796e-01
2.149999999999999967e-01,4.991939780729524601e-01,4.991442270062474429e-01,5.146218463734865134e-01
2.200000000000000011e-01,4.859923033793328573e-01,4.859531864672377299e-01,5.035705968036120472e-01
2.250000000000000056e-01,4.726822115695503146e-01,4.726535727351351968e-01,4.925193472337375256e-01
2.300000000000000100e-01,4.592927643197939336e-01,4.592744133390792016e-01,4.804757178279625007e-01
2.350000000000000144e-01,4.458524953228431564e-01,4.458442098705444057e-01,4.684320884221874759e-01
2.399999999999999911e-01,4.323893212432288746e-01,4.323908490789322157e-01,4.563884590164125066e-01
2.449999999999999956e-01,4.189304587388716916e-01,4.189415200154935071e-01,4.443448296106374817e-01
2.500000000000000000e-01,4.055023478883700294e-01,4.055226375643312675e-01,4.323012002048624569e-01
2.550000000000000044e-01,3.921305823115751599e-01,3.921597726478572854e-01,4.197557844568716168e-01
2.600000000000000089e-01,3.788398462188320437e-01,3.788775893419832896e-01,4.072103687088807211e-01
2.650000000000000133e-01,3.656538585717289402e-01,3.656997890839472909e-01,3.946649529608898810e-01
2.700000000000000178e-01,3.525953244858283653e-01,3.526490621034585327e-01,3.821195372128989853e-01
2.750000000000000222e-01,3.396858939540703948e-01,3.397470461562052679e-01,3.695741214649081452e-01
2.800000000000000266e-01,3.269461279187274583e-01,3.270142925880915041e-01,3.570254967108498212e-01
2.850000000000000311e-01,3.143954716703520336e-01,3.144702397092564161e-01,3.444768719567914972e-01
2.899999999999999800e-01,3.020522355043997464e-01,3.021331934092847393e-01,3.319282472027332842e-01
2.949999999999999845e-01,2.899335825204817918e-01,2.900203148993894531e-01,3.193796224486749602e-01
2.999999999999999889e-01,2.780555234057625058e-01,2.781476154239955756e-01,3.068309976946166362e-01
3.049999999999999933e-01,2.664329180031180799e-01,2.665299577433374312e-01,2.947640116498342899e-01
3.099999999999999978e-01,2.550794834265352473e-01,2.551810641506007671e-01,2.826970256050519992e-01
3.150000000000000022e-01,2.440078084510191592e-01,2.441135307519871067e-01,2.706300395602697084e-01
3.200000000000000067e-01,2.332293738721361864e-01,2.333388477059665234e-01,2.585630535154874177e-01
3.250000000000000111e-01,2.227545785013551882e-01,2.228674250890560204e-01,2.464960674707051269e-01
3.300000000000000155e-01,2.125927704376261440e-01,2.127086240297377806e-01,2.353639599035843299e-01
3.350000000000000200e-01,2.027522832331906943e-01,2.028707927296972136e-01,2.242318523364635330e-01
3.400000000000000244e-01,1.932404765524536605e-01,1.933613069723817690e-01,2.130997447693427360e-01
3.450000000000000289e-01,1.840637809068332020e-01,1.841866147029490031e-01,2.019676372022219391e-01
3.500000000000000333e-01,1.752277460357936356e-01,1.753522842509324109e-01,1.908355296351011421e-01
3.549999999999999822e-01,1.667370924946638966e-01,1.668630557573127782e-01,1.810468412817152761e-01
3.599999999999999867e-01,1.585957660032587258e-01,1.587228953610511362e-01,1.712581529283292991e-01
3.649999999999999911e-01,1.508069941056180696e-01,1.509350516963925415e-01,1.614694645749433222e-01
3.699999999999999956e-01,1.433733446902265007e-01,1.435021142512312720e-01,1.516807762215573729e-01
3.750000000000000000e-01,1.362967859217080191e-01,1.364260731384123737e-01,1.418920878681713960e-01
3.800000000000000044e-01,1.295787471390536516e-01,1.297083798358331652e-01,1.338024483929302622e-01
3.850000000000000089e-01,1.232201802817485953e-01,1.233500084574622457e-01,1.257128089176891561e-01
3.900000000000000133e-01,1.172216214135467227e-01,1.173515171257049072e-01,1.176231694424480362e-01
3.950000000000000178e-01,1.115832519239159520e-01,1.117131090257556109e-01,1.095335299672069163e-01
4.000000000000000222e-01,1.063049589991611199e-01,1.064346927344981542e-01,1.014438904919657963e-01
4.050000000000000266e-01,1.013863949687541371e-01,1.015159414299784124e-01,9.535190926903860942e-02
4.100000000000000311e-01,9.682703514728849270e-02,9.695635060229813862e-02,8.925992804611140863e-02
4.150000000000000355e-01,9.262623380856707667e-02,9.275529390282195863e-02,8.316794682318422172e-02
4.199999999999999845e-01,8.878327794547678786e-02,8.891207678567802919e-02,7.707596560025709032e-02
4.249999999999999889e-01,8.529743848736062728e-02,8.542598761354816550e-02,7.098398437732990340e-02
4.299999999999999933e-01,8.216801866543890775e-02,8.229634591853912662e-02,6.712976474510522207e-02
4.349999999999999978e-01,7.939439923634079854e-02,7.952254752840721974e-02,6.327554511288055461e-02
4.400000000000000022e-01,7.697608029389342577e-02,7.710410628845200398e-02,5.942132548065590103e-02
4.450000000000000067e-01,7.491271941988088268e-02,7.504069212995030658e-02,5.556710584843124051e-02
4.500000000000000111e-01,7.320416594547146660e-02,7.333216525695189503e-02,5.171288621620657999e-02
4.550000000000000155e-01,7.185049111635517793e-02,7.197860624459834211e-02,5.027730370559448797e-02
4.600000000000000200e-01,7.085201397629449505e-02,7.098034186377021049e-02,4.884172119498240289e-02
4.650000000000000244e-01,7.020932280574151974e-02,7.033796646881421144e-02,4.740613868437031087e-02
4.700000000000000289e-01,6.992329197439278721e-02,7.005235880731540410e-02,4.597055617375822578e-02
4.750000000000000333e-01,6.999509408903474561e-02,7.012469413336415436e-02,4.453497366314613376e-02
4.799999999999999822e-01,7.042620734077563449e-02,7.055645152850788249e-02,4.563790502487413692e-02
4.849999999999999867e-01,7.121841797877311031e-02,7.134941635760225220e-02,4.674083638660216089e-02
4.899999999999999911e-01,7.237381786086000135e-02,7.250567781006751755e-02,4.784376774833017792e-02
4.949999999999999956e-01,7.389479705506170337e-02,7.402762150065766988e-02,4.894669911005819496e-02
5.000000000000000000e-01,7.578403148989790172e-02,7.591791712775014522e-02,5.004963047178621199e-02
5.050000000000000044e-01,7.804446567558533110e-02,7.817950121139335962e-02,5.374581043438717010e-02
5.100000000000000089e-01,8.067929054281376688e-02,8.081555495790287980e-02,5.744199039698812820e-02
5.150000000000000133e-01,8.369191647065656048e-02,8.382947732268880570e-02,6.113817035958908630e-02
5.200000000000000178e-01,8.708594160039570542e-02,8.722485336820157142e-02,6.483435032219005134e-02
5.250000000000000222e-01,9.086511555757212366e-02,9.100541803941478158e-02,6.853053028479100250e-02
5.300000000000000266e-01,9.503329873038482423e-02,9.517501550504881003e-02,7.480256513754755809e-02
5.350000000000000311e-01,9.959441727861756410e-02,9.973755423878402637e-02,8.107459999030411368e-02
5.400000000000000355e-01,1.045524140735091811e-01,1.046969580409151807e-01,8.734663484306066927e-02
5.450000000000000400e-01,1.099111957953289032e-01,1.100571132272158276e-01,9.361866969581722486e-02
5.500000000000000444e-01,1.156745764417815292e-01,1.158218122380995641e-01,9.989070454857378045e-02
5.550000000000000488e-01,1.218462175266314673e-01,1.219946939473914999e-01,1.086398167771564227e-01
5.600000000000000533e-01,1.284295652739838589e-01,1.285791809760078730e-01,1.173889290057390788e-01
5.650000000000000577e-01,1.354277851393331233e-01,1.355784143414663911e-01,1.261380412343217350e-01
5.700000000000000622e-01,1.428436940136298960e-01,1.429951857992140252e-01,1.348871534629043634e-01
5.750000000000000666e-01,1.506796904910413237e-01,1.508318682561207436e-01,1.436362656914870195e-01
5.799999999999999600e-01,1.589376836045853225e-01,1.590903446599095661e-01,1.546723603153717930e-01
5.849999999999999645e-01,1.676190204562000297e-01,1.677719357905957664e-01,1.657084549392567885e-01
5.899999999999999689e-01,1.767244131888305869e-01,1.768773274009447227e-01,1.767445495631417840e-01
5.949999999999999734e-01,1.862538657675546216e-01,1.864064971723071451e-01,1.877806441870268073e-01
5.999999999999999778e-01,1.962066010543611905e-01,1.963586419696923546e-01,1.988167388109118028e-01
6.049999999999999822e-01,2.065809886767152603e-01,2.067321058953734969e-01,2.118501448556926736e-01
6.099999999999999867e-01,2.173744742032161226e-01,2.175243096533960585e-01,2.248835509004735722e-01
6.149999999999999911e-01,2.285835101502501632e-01,2.287316817478709796e-01,2.379169569452544986e-01
6.199999999999999956e-01,2.402034893512943470e-01,2.403495920455998858e-01,2.509503629900353694e-01
6.250000000000000000e-01,2.522286812252129695e-01,2.523722882381888577e-01,2.639837690348162957e-01
6.300000000000000044e-01,2.646521714812822279e-01,2.647928357401180821e-01,2.786213415681689787e-01
6.350000000000000089e-01,2.774658057965568303e-01,2.776030615570530546e-01,2.932589141015216616e-01
6.400000000000000133e-01,2.906601379953820952e-01,2.907935026528026823e-01,3.078964866348744001e-01
6.450000000000000178e-01,3.042243832511739021e-01,3.043533593336115728e-01,3.225340591682270830e-01
6.500000000000000222e-01,3.181463768169111028e-01,3.182704541547407562e-01,3.371716317015797659e-01
6.550000000000000266e-01,3.324125387729908176e-01,3.325311968364849102e-01,3.529197111737004677e-01
6.600000000000000311e-01,3.470078452591122686e-01,3.471205556547646842e-01,3.686677906458211695e-01
6.650000000000000355e-01,3.619158066306547572e-01,3.620220357452396120e-01,3.844158701179418158e-01
6.700000000000000400e-01,3.771184529495736903e-01,3.772176647294575580e-01,4.001639495900625176e-01
6.750000000000000444e-01,3.925963271852330738e-01,3.926879860369846265e-01,4.159120290621832194e-01
6.800000000000000488e-01,4.083284864618744736e-01,4.084120602587841820e-01,4.321880611612126111e-01
6.850000000000000533e-01,4.242925116467516911e-01,4.243674748245158113e-01,4.484640932602420027e-01
6.900000000000000577e-01,4.404645255264961201e-01,4.405303622500267302e-01,4.647401253592713943e-01
6.950000000000000622e-01,4.568192197692488299e-01,4.568754271513947307e-01,4.810161574583007860e-01
7.000000000000000666e-01,4.733298908167761221e-01,4.733759821686540636e-01,4.972921895573301776e-01
7.049999999999999600e-01,4.899684847944738575e-01,4.900039928861761318e-01,5.134457260860264549e-01
7.099999999999999645e-01,5.067056514682435342e-01,5.067301317778757364e-01,5.295992626147231208e-01
7.149999999999999689e-01,5.235108072160599146e-01,5.235238411444276263e-01,5.457527991434196757e-01
7.199999999999999734e-01,5.403522069191079025e-01,5.403534049468894374e-01,5.619063356721163416e-01
7.249999999999999778e-01,5.571970246131051629e-01,5.571860293770598549e-01,5.780598722008130075e-01
7.299999999999999822e-01,5.740114426753443189e-01,5.739879319400039703e-01,5.934023896894000671e-01
7.349999999999999867e-01,5.907607492576381070e-01,5.907244387590262491e-01,6.087449071779870158e-01
7.399999999999999911e-01,6.074094436102537298e-01,6.073600897484811023e-01,6.240874246665740754e-01
7.449999999999999956e-01,6.239213488776857996e-01,6.238587512357842702e-01,6.394299421551610241e-01
7.500000000000000000e-01,6.402597318842786489e-01,6.401837355513601002e-01,6.547724596437480837e-01
7.550000000000000044e-01,6.563874293669050841e-01,6.562979270446644975e-01,6.686141668092600021e-01
7.600000000000000089e-01,6.722669800536691387e-01,6.721639139263962948e-01,6.824558739747720315e-01
7.650000000000000133e-01,6.878607619325580735e-01,6.877441252821695494e-01,6.962975811402839499e-01
7.700000000000000178e-01,7.031311340026437096e-01,7.030009725517838426e-01,7.101392883057959793e-01
7.750000000000000222e-01,7.180405817533891399e-01,7.178969947213803549e-01,7.239809954713078977e-01
7.800000000000000266e-01,7.325518655753691100e-01,7.323950064336907095e-01,7.356717587502304978e-01
7.850000000000000311e-01,7.466281712687333760e-01,7.464582481847690243e-01,7.473625220291530979e-01
7.900000000000000355e-01,7.602332617844835827e-01,7.600505377444770616e-01,7.590532853080756981e-01
7.950000000000000400e-01,7.733316293084848692e-01,7.731364219129790438e-01,7.707440485869982982e-01
8.000000000000000444e-01,7.858886467794474751e-01,7.856813277069027990e-01,7.824348118659208984e-01
8.050000000000000488e-01,7.978707179201698363e-01,7.976517120569818209e-01,7.914056633766560767e-01
8.100000000000000533e-01,8.092454248563782926e-01,8.090152090940857521e-01,8.003765148873913660e-01
8.150000000000000577e-01,8.199816723996771195e-01,8.197407741027600281e-01,8.093473663981265442e-01
8.200000000000000622e-01,8.300498280805536089e-01,8.297988232308455281e-01,8.183182179088618335e-01
8.250000000000000666e-01,8.394218570340881147e-01,8.391613680604307346e-01,8.272890694195970118e-01
8.300000000000000711e-01,8.480714508649479511e-01,8.478021441692847882e-01,8.330905507819521549e-01
8.349999999999999645e-01,8.559741496493155077e-01,8.556967328429218034e-01,8.388920321443071870e-01
8.399999999999999689e-01,8.631074562693932251e-01,8.628226751353469393e-01,8.446935135066623301e-01
8.449999999999999734e-01,8.694509423208235388e-01,8.691595775211208297e-01,8.504949948690174732e-01
8.499999999999999778e-01,8.749863448844169556e-01,8.746892084322868133e-01,8.562964762313726164e-01
8.549999999999999822e-01,8.796976535106243444e-01,8.793955850305936739e-01,8.586303096891448883e-01
8.599999999999999867e-01,8.835711868277587033e-01,8.832650496278268148e-01,8.609641431469171602e-01
8.649999999999999911e-01,8.865956582525748031e-01,8.862863352344736434e-01,8.632979766046894321e-01
8.699999999999999956e-01,8.887622303538901258e-01,8.884506197887888090e-01,8.656318100624615930e-01
8.750000000000000000e-01,8.900645574958542250e-01,8.897515686940349333e-01,8.679656435202338649e-01
8.800000000000000044e-01,8.904988164666358674e-01,8.901853653705722458e-01,8.667068344828152693e-01
8.850000000000000089e-01,8.900637248799703194e-01,8.897507296109061770e-01,8.654480254453966737e-01
8.900000000000000133e-01,8.887605472205298840e-01,8.884489236090467035e-01,8.641892164079781891e-01
8.950000000000000178e-01,8.865930884886881191e-01,8.862837456198796593e-01,8.629304073705595934e-01
9.000000000000000222e-01,8.835676754852167525e-01,8.832615112889508069e-01,8.616715983331409978e-01
9.050000000000000266e-01,8.796931258610400928e-01,8.793910227773876764e-01,8.568789431877626983e-01
9.100000000000000311e-01,8.749807051406355285e-01,8.746835258898689736e-01,8.520862880423843988e-01
9.150000000000000355e-01,8.694440720092729835e-01,8.691526554949244865e-01,8.472936328970059883e-01
9.200000000000000400e-01,8.630992122333401850e-01,8.628143696056368439e-01,8.425009777516276888e-01
9.250000000000000444e-01,8.559643616588055171e-01,8.556868725643993479e-01,8.377083226062493893e-01
9.300000000000000488e-01,8.480599188047950321e-01,8.477905278470895256e-01,8.296222931413147483e-01
9.350000000000000533e-01,8.394083476366893670e-01,8.391477610692404943e-01,8.215362636763799964e-01
9.400000000000000577e-01,8.300340711655261883e-01,8.297829538389995818e-01,8.134502342114453555e-01
9.450000000000000622e-01,8.199633565773221111e-01,8.197223291583204396e-01,8.053642047465106035e-01
9.500000000000000666e-01,8.092241926467479418e-01,8.089938291245296620e-01,7.972781752815759626e-01
9.550000000000000711e-01,7.978461602340408687e-01,7.976269857287268117e-01,7.863061635590345988e-01
9.599999999999999645e-01,7.858602967017573881e-01,7.856527855851214159e-01,7.753341518364935681e-01
9.649999999999999689e-01,7.732989551187682276e-01,7.731035294561403592e-01,7.643621401139522042e-01
9.699999999999999734e-01,7.601956591425338416e-01,7.600126874617243455e-01,7.533901283914108404e-01
9.749999999999999778e-01,7.465849544871016041e-01,7.464147508776454165e-01,7.424181166688694766e-01
9.799999999999999822e-01,7.325022578933999551e-01,7.323450814367957751e-01,7.291079732199100549e-01
9.849999999999999867e-01,7.179837045202753787e-01,7.178397590493338365e-01,7.157978297709506332e-01
9.899999999999999911e-01,7.030659946694586271e-01,7.029354288523497196e-01,7.024876863219912115e-01
9.949999999999999956e-01,6.877862407454128357e-01,6.876691484875862015e-01,6.891775428730316788e-01
1.000000000000000000e+00,6.721818153320455735e-01,6.720782364868670422e-01,6.758673994240722571e-01
1.005000000000000115e+00,6.562902012428539766e-01,6.562001226196133574e-01,6.608710423339613227e-01
1.010000000000000009e+00,6.401488443695743102e-01,6.400722010254676908e-01,6.458746852438510544e-01
1.015000000000000124e+00,6.237950101172159423e-01,6.237316869180229428e-01,6.308783281537401200e-01
1.020000000000000018e+00,6.072656441709513020e-01,6.072154776034058843e-01,6.158819710636298517e-01
1.024999999999999911e+00,5.905972382931369280e-01,5.905600185104852295e-01,6.008856139735195834e-01
1.030000000000000027e+00,5.738257017973804608e-01,5.738011748782775312e-01,5.849152131343146044e-01
1.034999999999999920e+00,5.569862392914787241e-01,5.569741096912708134e-01,5.689448122951104025e-01
1.040000000000000036e+00,5.401132352228900091e-01,5.401131683954206730e-01,5.529744114559054236e-01
1.044999999999999929e+00,5.232401456997471945e-01,5.232517708671287071e-01,5.370040106167011107e-01
1.050000000000000044e+00,5.063993979977906568e-01,5.064223110451162579e-01,5.210336097774961317e-01
1.054999999999999938e+00,4.896222980997249619e-01,4.896560645714209126e-01,5.048134539490896078e-01
1.060000000000000053e+00,4.729389465488192945e-01,4.729831047232992969e-01,4.885932981206822512e-01
1.064999999999999947e+00,4.563781628338284824e-01,4.564322268532410853e-01,4.723731422922756717e-01
1.070000000000000062e+00,4.399674184578906688e-01,4.400308814901207066e-01,4.561529864638683707e-01
1.074999999999999956e+00,4.237327787806945412e-01,4.238051161912828046e-01,4.399328306354617912e-01
1.080000000000000071e+00,4.076988536612212721e-01,4.077795261735990273e-01,4.241504478933533773e-01
1.084999999999999964e+00,3.918887568684336076e-01,3.919772136917082928e-01,4.083680651512456850e-01
1.090000000000000080e+00,3.763240741696634029e-01,3.764197560742286175e-01,3.925856824091373265e-01
1.094999999999999973e+00,3.610248399517277385e-01,3.611271822740957926e-01,3.768032996670296342e-01
1.100000000000000089e+00,3.460095221781833708e-01,3.461179577377194727e-01,3.610209169249212202e-01
1.104999999999999982e+00,3.312950154380892576e-01,3.314089773496664004e-01,3.462812998354100613e-01
1.110000000000000098e+00,3.168966417973017591e-01,3.170155661653626389e-01,3.315416827458982363e-01
1.114999999999999991e+00,3.028281591230833070e-01,3.029514876040811933e-01,3.168020656563870219e-01
1.120000000000000107e+00,2.891017765166492559e-01,2.892289587384201388e-01,3.020624485668751968e-01
1.125000000000000000e+00,2.757281764565505666e-01,2.758586722847360950e-01,2.873228314773640379e-01
1.130000000000000115e+00,2.627165432283694035e-01,2.628498248716355512e-01,2.741096501840115662e-01
1.135000000000000009e+00,2.500745971933341916e-01,2.502101511407136547e-01,2.608964688906596496e-01
1.140000000000000124e+00,2.378086344299517874e-01,2.379459632152431670e-01,2.476832875973071779e-01
1.145000000000000018e+00,2.259235712687232001e-01,2.260621950584194850e-01,2.344701063039552613e-01
1.150000000000000133e+00,2.144229932302340047e-01,2.145624512329814548e-01,2.212569250106027896e-01
1.155000000000000027e+00,2.033092078713883699e-01,2.034490595684168290e-01,2.099043164703385811e-01
1.159999999999999920e+00,1.925833010430199332e-01,1.927231272403895634e-01,1.985517079300743726e-01
1.165000000000000036e+00,1.822451960644790592e-01,1.823845997692884746e-01,1.871990993898096367e-01
1.169999999999999929e+00,1.722937153267656007e-01,1.724323224506966179e-01,1.758464908495454282e-01
1.175000000000000044e+00,1.627266438451586417e-01,1.628641037398704805e-01,1.644938823092807201e-01
1.179999999999999938e+00,1.535407942948380233e-01,1.536767801247475584e-01,1.551717179433396432e-01
1.185000000000000053e+00,1.447320730783636378e-01,1.448662820372914606e-01,1.458495535773981222e-01
1.189999999999999947e+00,1.362955469918841755e-01,1.364277003708589953e-01,1.365273892114570453e-01
1.195000000000000062e+00,1.282255100771855227e-01,1.283553531914278234e-01,1.272052248455155521e-01
1.199999999999999956e+00,1.205155502689665564e-01,1.206428522526668407e-01,1.178830604795744474e-01
1.205000000000000071e+00,1.131586154706401837e-01,1.132831689486586829e-01,1.105974953845748066e-01
1.209999999999999964e+00,1.061470787172984764e-01,1.062686993632928345e-01,1.033119302895755820e-01
1.215000000000000080e+00,9.947280211086106938e-02,9.959132810164753047e-02,9.602636519457602438e-02
1.219999999999999973e+00,9.312719923964768443e-02,9.324249061577689901e-02,8.874080009957678594e-02
1.225000000000000089e+00,8.710129582230782819e-02,8.721323376493721191e-02,8.145523500457722832e-02
1.229999999999999982e+00,8.138578834403012441e-02,8.149427437816406106e-02,7.606487297658823254e-02
1.235000000000000098e+00,7.597110048088991097e-02,7.607605561498229085e-02,7.067451094859900085e-02
1.239999999999999991e+00,7.084743713593509573e-02,7.094880094767319623e-02,6.528414892061000507e-02
1.245000000000000107e+00,6.600483593785134995e-02,6.610256561571110911e-02,5.989378689262076644e-02
1.250000000000000000e+00,6.143321607965598896e-02,6.152728542950693796e-02,5.450342486463177066e-02
1.255000000000000115e+00,5.712242440061142401e-02,5.721282282629351623e-02,5.074971411378182556e-02
1.260000000000000009e+00,5.306227863930298300e-02,5.314901010568033601e-02,4.699600336293204700e-02
1.265000000000000124e+00,4.924260780941567411e-02,4.932568979595799985e-02,4.324229261208209496e-02
1.270000000000000018e+00,4.565328967208130695e-02,4.573275212452784094e-02,3.948858186123231639e-02
1.275000000000000133e+00,4.228428529961835575e-02,4.236016958676189215e-02,3.573487111038237130e-02
1.280000000000000027e+00,3.912567074500816061e-02,3.919802862708428315e-02,3.328356382241235562e-02
1.284999999999999920e+00,3.616766584943654356e-02,3.623655846405329090e-02,3.083225653444234340e-02
1.290000000000000036e+00,3.340066023668725875e-02,3.346615710765216828e-02,2.838094924647222017e-02
1.294999999999999929e+00,3.081523655802975367e-02,3.087741463186543384e-02,2.592964195850220449e-02
1.300000000000000044e+00,2.840219106452538528e-02,2.846113377889325502e-02,2.347833467053208126e-02
1.304999999999999938e+00,2.615255159537525215e-02,2.620834798306381080e-02,2.196723186998162172e-02
1.310000000000000053e+00,2.405759308106698510e-02,2.411033691265430587e-02,2.045612906943109280e-02
1.314999999999999947e+00,2.210885066869685417e-02,2.215863963646204360e-02,1.894502626888062979e-02
1.320000000000000062e+00,2.029813058397361702e-02,2.034506552912044436e-02,1.743392346833010434e-02
1.324999999999999956e+00,1.861751885012957741e-02,1.866170303489514404e-02,1.592282066777964133e-02
1.330000000000000071e+00,1.705938798831328762e-02,1.710092641407246275e-02,1.500982090063577440e-02
1.334999999999999964e+00,1.561640182711652482e-02,1.565540059915799739e-02,1.409682113349197338e-02
1.340000000000000080e+00,1.428151855074684569e-02,1.431808428999168173e-02,1.318382136634813073e-02
1.344999999999999973e+00,1.304799211610567153e-02,1.308223141766549566e-02,1.227082159920432972e-02
1.350000000000000089e+00,1.190937216873453816e-02,1.194139110686694670e-02,1.135782183206048880e-02
1.354999999999999982e+00,1.085950258635817733e-02,1.088940626506664650e-02,1.076269967053718191e-02
1.360000000000000098e+00,9.892518776656551022e-03,9.920410924908487638e-03,1.016757750901384726e-02
1.364999999999999991e+00,9.002843853043718952e-03,9.028826463335677330e-03,9.572455347490538627e-03
1.370000000000000107e+00,8.185183808698088051e-03,8.209356817486851768e-03,8.977333185967203977e-03
1.375000000000000000e+00,7.434521804974904800e-03,7.456982813313087904e-03,8.382211024443897082e-03
1.380000000000000115e+00,6.746111685714931833e-03,6.766955718279988284e-03,7.915694024290317182e-03
1.385000000000000009e+00,6.115470823935041308e-03,6.134790124518072277e-03,7.449177024136759834e-03
1.390000000000000124e+00,5.538372402018374926e-03,5.556256263446707894e-03,6.982660023983179934e-03
1.395000000000000018e+00,5.010837220897012244e-03,5.027371847295247081e-03,6.516143023829621718e-03
1.400000000000000133e+00,4.529125127902534215e-03,4.544393527152150794e-03,6.049626023676042685e-03
1.405000000000000027e+00,4.089726147022773421e-03,4.103808051257852585e-03,5.624237048239442635e-03
1.409999999999999920e+00,3.689351389300472069e-03,3.702323201275442045e-03,5.198848072802842585e-03
1.415000000000000036e+00,3.324923815104535978e-03,3.336858578284463556e-03,4.773459097366223453e-03
1.419999999999999929e+00,2.993568914041507684e-03,3.004536304300034315e-03,4.348070121929624270e-03
1.425000000000000044e+00,2.692605362403755701e-03,2.702671699257625133e-03,3.922681146493005137e-03
1.429999999999999938e+00,2.419535712309794050e-03,2.428763987681341677e-03,3.541375153941867752e-03
1.435000000000000053e+00,2.172037161115924347e-03,2.180487083683742711e-03,3.160069161390713453e-03
1.439999999999999947e+00,1.947952444298761817e-03,1.955680497575408832e-03,2.778763168839576067e-03
1.445000000000000062e+00,1.745280889848107404e-03,1.752340402213798092e-03,2.397457176288421768e-03
1.449999999999999956e+00,1.562169667292404246e-03,1.568610892302178773e-03,2.016151183737284382e-03
1.455000000000000071e+00,1.396905259817978265e-03,1.402775465200454316e-03,1.736811230148604165e-03
1.459999999999999964e+00,1.247905183554018013e-03,1.253248747419334966e-03,1.457471276559940861e-03
1.465000000000000080e+00,1.113709973982974621e-03,1.118568486858409396e-03,1.178131322971264980e-03
1.469999999999999973e+00,9.929754556090033234e-04,9.973878270256308909e-04,8.987913693826016757e-04
1.475000000000000089e+00,8.844653074742551187e-04,8.884678759294030014e-04,6.194514157939259033e-04
1.479999999999999982e+00,7.870439338559385078e-04,7.906705790775467009e-04,4.955611326351429344e-04
1.485000000000000098e+00,6.996696465003581162e-04,7.029519030394866660e-04,3.716708494763544361e-04
1.489999999999999991e+00,6.213881620499383087e-04,6.243553333233174555e-04,2.477805663175714672e-04
1.495000000000000107e+00,5.513264158863035716e-04,5.540056878848249400e-04,1.238902831587829689e-04
1.500000000000000000e+00,4.886866914388822815e-04,4.911032454070778010e-04,0.000000000000000000e+00
1.505000000000000115e+00,4.327410620826576955e-04,4.349181855591568654e-04,0.000000000000000000e+00
1.510000000000000009e+00,3.828261410596618458e-04,3.847853367501685045e-04,0.000000000000000000e+00
1.515000000000000124e+00,3.383381333933948394e-04,3.400992254230719302e-04,0.000000000000000000e+00
1.520000000000000018e+00,2.987281825109130160e-04,3.003094196741717308e-04,0.000000000000000000e+00
1.525000000000000133e+00,2.634980032296928569e-04,2.649161589214458503e-04,0.000000000000000000e+00
1.530000000000000027e+00,2.321957918921575153e-04,2.334662604664921421e-04,0.000000000000000000e+00
1.535000000000000142e+00,2.044124037254689162e-04,2.055492930815465196e-04,0.000000000000000000e+00
1.540000000000000036e+00,1.797777869544555903e-04,1.807940072036739814e-04,0.000000000000000000e+00
1.544999999999999929e+00,1.579576627871612736e-04,1.588650108983721615e-04,0.000000000000000000e+00
1.550000000000000044e+00,1.386504401125393309e-04,1.394596804766449290e-04,0.000000000000000000e+00
1.554999999999999938e+00,1.215843535849448181e-04,1.223052944759321799e-04,0.000000000000000000e+00
1.560000000000000053e+00,1.065148137080492005e-04,1.071563796496008349e-04,0.000000000000000000e+00
1.564999999999999947e+00,9.322195755965568002e-05,9.379225763755386829e-05,0.000000000000000000e+00
1.570000000000000062e+00,8.150838890722790703e-05,8.201478108933716216e-05,0.000000000000000000e+00
1.574999999999999956e+00,7.119709664130727787e-05,7.164624819150741024e-05,0.000000000000000000e+00
1.580000000000000071e+00,6.212954069021314350e-05,6.252748477876886475e-05,0.000000000000000000e+00
1.584999999999999964e+00,5.416389486540551388e-05,5.451608349282258456e-05,0.000000000000000000e+00
1.590000000000000080e+00,4.717343641394181969e-05,4.748478977853283007e-05,0.000000000000000000e+00
1.594999999999999973e+00,4.104507241479469175e-05,4.132002486332495830e-05,0.000000000000000000e+00
1.600000000000000089e+00,3.567799354220049449e-05,3.592053624908258901e-05,0.000000000000000000e+00
1.604999999999999982e+00,3.098244612519360670e-05,3.119616665234284944e-05,0.000000000000000000e+00
1.610000000000000098e+00,2.687861385220024737e-05,2.706673274308665005e-05,0.000000000000000000e+00
1.614999999999999991e+00,2.329560089780268354e-05,2.346100546136984565e-05,0.000000000000000000e+00
1.620000000000000107e+00,2.017050868091860679e-05,2.031578412210800110e-05,0.000000000000000000e+00
1.625000000000000000e+00,1.744759889563456611e-05,1.757505694559358255e-05,0.000000000000000000e+00
1.630000000000000115e+00,1.507753588424793607e-05,1.518924108274435893e-05,0.000000000000000000e+00
1.635000000000000009e+00,1.301670184372464626e-05,1.311449562276659274e-05,0.000000000000000000e+00
1.640000000000000124e+00,1.122657876917976556e-05,1.131210148181837724e-05,0.000000000000000000e+00
1.645000000000000018e+00,9.673191439041443578e-06,9.747902473481523256e-06,0.000000000000000000e+00
1.650000000000000133e+00,8.326606134496784451e-06,8.391802248548249234e-06,0.000000000000000000e+00
1.655000000000000027e+00,7.160480159285561925e-06,7.217312163290127092e-06,0.000000000000000000e+00
1.660000000000000142e+00,6.151657583817010589e-06,6.201145496558959250e-06,0.000000000000000000e+00
1.665000000000000036e+00,5.279806979181645210e-06,5.322853772127235273e-06,0.000000000000000000e+00
1.669999999999999929e+00,4.527097231375031507e-06,4.564501274048752939e-06,0.000000000000000000e+00
1.675000000000000044e+00,3.877907833663238340e-06,3.910374143809852207e-06,0.000000000000000000e+00
1.679999999999999938e+00,3.318570345389138560e-06,3.346720742240472374e-06,0.000000000000000000e+00
1.685000000000000053e+00,2.837137978722638777e-06,2.861520232918465100e-06,0.000000000000000000e+00
1.689999999999999947e+00,2.423180531110169490e-06,2.444276596422738746e-06,0.000000000000000000e+00
1.695000000000000062e+00,2.067602120814965100e-06,2.085835529363419515e-06,0.000000000000000000e+00
1.699999999999999956e+00,1.762479406404946659e-06,1.778221901618678276e-06,0.000000000000000000e+00
1.705000000000000071e+00,1.500918178855760329e-06,1.514495655984987804e-06,0.000000000000000000e+00
1.709999999999999964e+00,1.276926407686536909e-06,1.288624226049791599e-06,0.000000000000000000e+00
1.715000000000000080e+00,1.085302000868458923e-06,1.095369728127740629e-06,0.000000000000000000e+00
1.719999999999999973e+00,9.215337028192153821e-07,9.301893438994841843e-07,0.000000000000000000e+00
1.725000000000000089e+00,7.817137063171259856e-07,7.891474696609957389e-07,0.000000000000000000e+00
1.729999999999999982e+00,6.624606933507473867e-07,6.688383388169775765e-07,0.000000000000000000e+00
1.735000000000000098e+00,5.608521474806311134e-07,5.663179583727044584e-07,0.000000000000000000e+00
1.739999999999999991e+00,4.743648969442707343e-07,4.790443149446721413e-07,0.000000000000000000e+00
1.745000000000000107e+00,4.008229541880097429e-07,4.048249121016460964e-07,0.000000000000000000e+00
1.750000000000000000e+00,3.383518144509547012e-07,3.417707982235092891e-07,0.000000000000000000e+00
1.755000000000000115e+00,2.853384641251278622e-07,2.882563334098084108e-07,0.000000000000000000e+00
1.760000000000000009e+00,2.403964295210603364e-07,2.428840223092213351e-07,0.000000000000000000e+00
1.765000000000000124e+00,2.023352689983199247e-07,2.044538144929175615e-07,0.000000000000000000e+00
1.770000000000000018e+00,1.701339767697045821e-07,1.719363376647191011e-07,0.000000000000000000e+00
1.775000000000000133e+00,1.429178256178970720e-07,1.444495882609892086e-07,0.000000000000000000e+00
1.780000000000000027e+00,1.199382288073496439e-07,1.212386600737594987e-07,0.000000000000000000e+00
1.785000000000000142e+00,1.005552491325952583e-07,1.016581332639036651e-07,0.000000000000000000e+00
1.790000000000000036e+00,8.422242578781173003e-08,8.515679655185035668e-08,0.000000000000000000e+00
1.794999999999999929e+00,7.047362801019455783e-08,7.126440830385489148e-08,0.000000000000000000e+00
1.800000000000000044e+00,5.891167865113011667e-08,5.958023814969109482e-08,0.000000000000000000e+00
1.804999999999999938e+00,4.919852134380429957e-08,4.976316203813635383e-08,0.000000000000000000e+00
1.810000000000000053e+00,4.104673211538080726e-08,4.152311109464701117e-08,0.000000000000000000e+00
1.814999999999999947e+00,3.421220046034035068e-08,3.461369671109955520e-08,0.000000000000000000e+00
1.820000000000000062e+00,2.848782634718015796e-08,2.882585959847891188e-08,0.000000000000000000e+00
1.824999999999999956e+00,2.369809864702539303e-08,2.398240498829736237e-08,0.000000000000000000e+00
1.830000000000000071e+00,1.969443729994912472e-08,1.993330811349811637e-08,0.000000000000000000e+00
1.834999999999999964e+00,1.635119640132169735e-08,1.655168494304805276e-08,0.000000000000000000e+00
1.840000000000000080e+00,1.356223850407012156e-08,1.373033788468062469e-08,0.000000000000000000e+00
1.844999999999999973e+00,1.123800198203392835e-08,1.137879882965813824e-08,0.000000000000000000e+00
1.850000000000000089e+00,9.302993455551026502e-09,9.420800342922826814e-09,0.000000000000000000e+00
1.854999999999999982e+00,7.693646197458365795e-09,7.792115120537178894e-09,0.000000000000000000e+00
1.860000000000000098e+00,6.356493255126920899e-09,6.438713595950060337e-09,0.000000000000000000e+00
1.864999999999999991e+00,5.246610867287522869e-09,5.315192972072092316e-09,0.000000000000000000e+00
1.870000000000000107e+00,4.326293735759679107e-09,4.383440770349410014e-09,0.000000000000000000e+00
1.875000000000000000e+00,3.563928932589606477e-09,3.611498497472512959e-09,0.000000000000000000e+00
1.880000000000000115e+00,2.933039772669445473e-09,2.972596250098464578e-09,0.000000000000000000e+00
1.885000000000000009e+00,2.411474941105187983e-09,2.444334210546557019e-09,0.000000000000000000e+00
1.890000000000000124e+00,1.980721605054329818e-09,2.007989505727848606e-09,0.000000000000000000e+00
1.895000000000000018e+00,1.625324225166371695e-09,1.647928847887634206e-09,0.000000000000000000e+00
1.900000000000000133e+00,1.332393368623760995e-09,1.351112975195642089e-09,0.000000000000000000e+00
1.905000000000000027e+00,1.091191064147255496e-09,1.106677470185459733e-09,0.000000000000000000e+00
1.910000000000000142e+00,8.927811734249133397e-10,9.055796181200807381e-10,0.000000000000000000e+00
1.915000000000000036e+00,7.297349222851658708e-10,7.403011174270878362e-10,0.000000000000000000e+00
1.919999999999999929e+00,5.958831729381491249e-10,6.045974987500683558e-10,0.000000000000000000e+00
1.925000000000000044e+00,4.861082559874765019e-10,4.932878679634586701e-10,0.000000000000000000e+00
1.929999999999999938e+00,3.961692441983423918e-10,4.020784156940169856e-10,0.000000000000000000e+00
1.935000000000000053e+00,3.225554624507565131e-10,3.274140059753871463e-10,0.000000000000000000e+00
1.939999999999999947e+00,2.623638102466639935e-10,2.663544485888697217e-10,0.000000000000000000e+00
1.945000000000000062e+00,2.131961423406656825e-10,2.164705741354993560e-10,0.000000000000000000e+00
1.949999999999999956e+00,1.730735250138798733e-10,1.757575652542641330e-10,0.000000000000000000e+00
1.955000000000000071e+00,1.403646736904914171e-10,1.425624577677778129e-10,0.000000000000000000e+00
1.959999999999999964e+00,1.137262937241917830e-10,1.155240897787709987e-10,0.000000000000000000e+00
1.965000000000000080e+00,9.205340042312460279e-11,9.352250344818255471e-11,0.000000000000000000e+00
1.969999999999999973e+00,7.443799554515348895e-11,7.563729620111632533e-11,0.000000000000000000e+00
1.975000000000000089e+00,6.013473319834214467e-11,6.111276282657116234e-11,0.000000000000000000e+00
1.979999999999999982e+00,4.853242490444224435e-11,4.932917969805702450e-11,0.000000000000000000e+00
1.985000000000000098e+00,3.913041719919085579e-11,3.977892144272638754e-11,0.000000000000000000e+00
1.989999999999999991e+00,3.151903043769168729e-11,3.204628834888890884e-11,0.000000000000000000e+00
1.995000000000000107e+00,2.536337864549433160e-11,2.579154776564433345e-11,0.000000000000000000e+00
2.000000000000000000e+00,2.039000091152839749e-11,2.073742507491216215e-11,0.000000000000000000e+00
2.004999999999999893e+00,1.637582804769619192e-11,1.665744396935491805e-11,0.000000000000000000e+00
2.010000000000000231e+00,1.313908668656426245e-11,1.336720742983714793e-11,0.000000000000000000e+00
2.015000000000000124e+00,1.053180891341180175e-11,1.071633353906971078e-11,0.000000000000000000e+00
2.020000000000000018e+00,8.433670860857462492e-12,8.582780234670701864e-12,0.000000000000000000e+00
2.024999999999999911e+00,6.746930077124519954e-12,6.867254948398570131e-12,0.000000000000000000e+00
2.030000000000000249e+00,5.392270311407496544e-12,5.489321968828519155e-12,0.000000000000000000e+00
2.035000000000000142e+00,4.305394830349269638e-12,4.383606816797112321e-12,0.000000000000000000e+00
2.040000000000000036e+00,3.434236496788607905e-12,3.497152647469117134e-12,0.000000000000000000e+00
2.044999999999999929e+00,2.736675460260789178e-12,2.787261716245303126e-12,0.000000000000000000e+00
2.049999999999999822e+00,2.178674151274178047e-12,2.219288338286133569e-12,0.000000000000000000e+00
2.055000000000000160e+00,1.732754949131070488e-12,1.765365595929286548e-12,0.000000000000000000e+00
2.060000000000000053e+00,1.376758921548692562e-12,1.402901640782723358e-12,0.000000000000000000e+00
2.064999999999999947e+00,1.092834847987854960e-12,1.113779338387127526e-12,0.000000000000000000e+00
2.069999999999999840e+00,8.666167029811003730e-13,8.833740139379906841e-13,0.000000000000000000e+00
2.075000000000000178e+00,6.865551980650799629e-13,6.999956288685250530e-13,0.000000000000000000e+00
2.080000000000000071e+00,5.433751189796973754e-13,5.540641723200559346e-13,0.000000000000000000e+00
2.084999999999999964e+00,4.296352646600460227e-13,4.381824207181637214e-13,0.000000000000000000e+00
2.089999999999999858e+00,3.393719770594928483e-13,3.461173037066980562e-13,0.000000000000000000e+00
2.095000000000000195e+00,2.678106971542022296e-13,2.732122084125817360e-13,0.000000000000000000e+00
2.100000000000000089e+00,2.111328187675592274e-13,2.154411049559665775e-13,0.000000000000000000e+00
2.104999999999999982e+00,1.662874432981607742e-13,1.697965975229902374e-13,0.000000000000000000e+00
2.109999999999999876e+00,1.308395526068617387e-13,1.336108349884521169e-13,0.000000000000000000e+00
2.115000000000000213e+00,1.028476870245629371e-13,1.050890811408536815e-13,0.000000000000000000e+00
2.120000000000000107e+00,8.076550114090554133e-14,8.250935934483826561e-14,0.000000000000000000e+00
2.125000000000000000e+00,6.336262186044292231e-14,6.470751638213654320e-14,0.000000000000000000e+00
2.129999999999999893e+00,4.966109269059387069e-14,5.078618414699921539e-14,0.000000000000000000e+00
2.135000000000000231e+00,3.888438969990293462e-14,3.982374134162976087e-14,0.000000000000000000e+00
2.140000000000000124e+00,3.041656642805857485e-14,3.116535178075167275e-14,0.000000000000000000e+00
2.145000000000000018e+00,2.376955064787344216e-14,2.435020481546667459e-14,0.000000000000000000e+00
2.149999999999999911e+00,1.855699456114792533e-14,1.903875575711288913e-14,0.000000000000000000e+00
2.155000000000000249e+00,1.447338762639852922e-14,1.486720672498114726e-14,0.000000000000000000e+00
2.160000000000000142e+00,1.127739081146635346e-14,1.156877260655139827e-14,0.000000000000000000e+00
2.165000000000000036e+00,8.778553345316291432e-15,9.070693825681809307e-15,0.000000000000000000e+00
2.169999999999999929e+00,6.826736788976591774e-15,6.984919309615938372e-15,0.000000000000000000e+00
2.175000000000000266e+00,5.303703642716177385e-15,5.432715018590173588e-15,0.000000000000000000e+00
2.180000000000000160e+00,4.116434632626523103e-15,4.268561800320851578e-15,0.000000000000000000e+00
2.185000000000000053e+00,3.191825075007722296e-15,3.298434118429748193e-15,0.000000000000000000e+00
2.189999999999999947e+00,2.472480217009425405e-15,2.522331972916866590e-15,0.000000000000000000e+00
2.194999999999999840e+00,1.913385386963188593e-15,1.940255363782205191e-15,0.000000000000000000e+00
2.200000000000000178e+00,1.479271753564463617e-15,1.503697906931208944e-15,0.000000000000000000e+00
2.205000000000000071e+00,1.142534599122097810e-15,1.261165986458433295e-15,0.000000000000000000e+00
2.209999999999999964e+00,8.815899708490892511e-16,9.701276818911025955e-16,0.000000000000000000e+00
2.214999999999999858e+00,6.795787738461363235e-16,7.761021455128819975e-16,0.000000000000000000e+00
2.220000000000000195e+00,5.233459340857875748e-16,5.820766091346615967e-16,0.000000000000000000e+00
2.225000000000000089e+00,4.026370984002748380e-16,3.880510727564409987e-16,0.000000000000000000e+00
2.229999999999999982e+00,3.094671854951324833e-16,3.880510727564409987e-16,0.000000000000000000e+00
2.234999999999999876e+00,2.376245497477993670e-16,2.910383045673307984e-16,0.000000000000000000e+00
2.240000000000000213e+00,1.822820453497680101e-16,1.455191522836653992e-16,0.000000000000000000e+00
2.245000000000000107e+00,1.396922663860816065e-16,1.455191522836653992e-16,0.000000000000000000e+00
2.250000000000000000e+00,1.069489975331410085e-16,1.455191522836653992e-16,0.000000000000000000e+00
2.254999999999999893e+00,8.180068813693807103e-17,9.701276818911024968e-17,0.000000000000000000e+00
2.260000000000000231e+00,6.250475833818460468e-17,1.455191522836653992e-16,0.000000000000000000e+00
2.265000000000000124e+00,4.771391889227143374e-17,1.455191522836653992e-16,0.000000000000000000e+00
2.270000000000000018e+00,3.638756379402347291e-17,1.940255363782204994e-16,0.000000000000000000e+00
2.274999999999999911e+00,2.772277856151757725e-17,9.701276818911024968e-17,0.000000000000000000e+00
2.280000000000000249e+00,2.110067830781901227e-17,0.000000000000000000e+00,0.000000000000000000e+00
2.285000000000000142e+00,1.604471330157222148e-17,4.850638409455512484e-17,0.000000000000000000e+00
2.290000000000000036e+00,1.218830715526542273e-17,4.850638409455512484e-17,0.000000000000000000e+00
2.294999999999999929e+00,9.249765094431933589e-18,9.701276818911024968e-17,0.000000000000000000e+00
2.300000000000000266e+00,7.012839528269839857e-18,4.850638409455512484e-17,0.000000000000000000e+00
2.305000000000000160e+00,5.311693208090852135e-18,4.850638409455512484e-17,0.000000000000000000e+00
2.310000000000000053e+00,4.019277106694709626e-18,4.850638409455512484e-17,0.000000000000000000e+00
2.314999999999999947e+00,3.038356991537999374e-18,0.000000000000000000e+00,0.000000000000000000e+00
2.319999999999999840e+00,2.294592315104717118e-18,0.000000000000000000e+00,0.000000000000000000e+00
2.325000000000000178e+00,1.731203629179445978e-18,0.000000000000000000e+00,0.000000000000000000e+00
2.330000000000000071e+00,1.304868229685347936e-18,9.701276818911024968e-17,0.000000000000000000e+00
2.334999999999999964e+00,9.825644455107800363e-19,0.000000000000000000e+00,0.000000000000000000e+00
2.339999999999999858e+00,7.391478482564421414e-19,9.701276818911024968e-17,0.000000000000000000e+00
2.345000000000000195e+00,5.554915708557135353e-19,0.000000000000000000e+00,0.000000000000000000e+00
2.350000000000000089e+00,4.170609362577920691e-19,4.850638409455512484e-17,0.000000000000000000e+00
2.354999999999999982e+00,3.128221083329983294e-19,0.000000000000000000e+00,0.000000000000000000e+00
2.359999999999999876e+00,2.344073622761293142e-19,9.701276818911024968e-17,0.000000000000000000e+00
2.365000000000000213e+00,1.754772991536063657e-19,4.850638409455512484e-17,0.000000000000000000e+00
2.370000000000000107e+00,1.312340461889438990e-19,9.701276818911024968e-17,0.000000000000000000e+00
2.375000000000000000e+00,9.805008651397565754e-20,0.000000000000000000e+00,0.000000000000000000e+00
2.379999999999999893e+00,7.318554774065861433e-20,4.850638409455512484e-17,0.000000000000000000e+00
2.385000000000000231e+00,5.457309168485937140e-20,4.850638409455512484e-17,0.000000000000000000e+00
2.390000000000000124e+00,4.065441097745615531e-20,4.850638409455512484e-17,0.000000000000000000e+00
2.395000000000000018e+00,3.025608087655509984e-20,0.000000000000000000e+00,0.000000000000000000e+00
2.399999999999999911e+00,2.249539150513442665e-20,0.000000000000000000e+00,0.000000000000000000e+00
2.405000000000000249e+00,1.670899479640782375e-20,0.000000000000000000e+00,0.000000000000000000e+00
2.410000000000000142e+00,1.239889482022185867e-20,0.000000000000000000e+00,0.000000000000000000e+00
2.415000000000000036e+00,9.191608378044414184e-21,0.000000000000000000e+00,0.000000000000000000e+00
2.419999999999999929e+00,6.807316340699989058e-21,2.425319204727756242e-17,0.000000000000000000e+00
2.425000000000000266e+00,5.036585815573738235e-21,0.000000000000000000e+00,0.000000000000000000e+00
2.430000000000000160e+00,3.722823334241131352e-21,0.000000000000000000e+00,0.000000000000000000e+00
2.435000000000000053e+00,2.749061786680510568e-21,0.000000000000000000e+00,0.000000000000000000e+00
2.439999999999999947e+00,2.028021051780548442e-21,2.425319204727756242e-17,0.000000000000000000e+00
2.444999999999999840e+00,1.494638968426753530e-21,0.000000000000000000e+00,0.000000000000000000e+00
2.450000000000000178e+00,1.100464475611379382e-21,2.425319204727756242e-17,0.000000000000000000e+00
2.455000000000000071e+00,8.094530024839381411e-22,0.000000000000000000e+00,0.000000000000000000e+00
2.459999999999999964e+00,5.948166728545376085e-22,0.000000000000000000e+00,0.000000000000000000e+00
2.464999999999999858e+00,4.366671410801533749e-22,0.000000000000000000e+00,0.000000000000000000e+00
2.470000000000000195e+00,3.202534201097994815e-22,0.000000000000000000e+00,0.000000000000000000e+00
2.475000000000000089e+00,2.346458752949990836e-22,0.000000000000000000e+00,0.000000000000000000e+00
2.479999999999999982e+00,1.717544336318433374e-22,4.850638409455512484e-17,0.000000000000000000e+00
2.484999999999999876e+00,1.255968864064918498e-22,2.425319204727756242e-17,0.000000000000000000e+00
2.490000000000000213e+00,9.175414107233858338e-23,0.000000000000000000e+00,0.000000000000000000e+00
2.495000000000000107e+00,6.696507494261518911e-23,0.000000000000000000e+00,0.000000000000000000e+00
2.500000000000000000e+00,4.882552577273676684e-23,0.000000000000000000e+00,0.000000000000000000e+00
2.504999999999999893e+00,3.556488284140513894e-23,0.000000000000000000e+00,0.000000000000000000e+00
2.510000000000000231e+00,2.588044386099456531e-23,0.000000000000000000e+00,0.000000000000000000e+00
2.515000000000000124e+00,1.881472793564039215e-23,3.637978807091634979e-17,0.000000000000000000e+00
2.520000000000000018e+00,1.366469835992689874e-23,3.637978807091634979e-17,0.000000000000000000e+00
2.524999999999999911e+00,9.914664898471470434e-24,0.000000000000000000e+00,0.000000000000000000e+00
2.530000000000000249e+00,7.186739704030772431e-24,0.000000000000000000e+00,0.000000000000000000e+00
2.535000000000000142e+00,5.204292230078490492e-24,0.000000000000000000e+00,0.000000000000000000e+00
2.540000000000000036e+00,3.765020270693108050e-24,7.275957614183269959e-17,0.000000000000000000e+00
2.544999999999999929e+00,2.721127221066488582e-24,0.000000000000000000e+00,0.000000000000000000e+00
2.550000000000000266e+00,1.964745303183166504e-24,0.000000000000000000e+00,0.000000000000000000e+00
2.555000000000000160e+00,1.417227451373737704e-24,0.000000000000000000e+00,0.000000000000000000e+00
2.560000000000000053e+00,1.021289194312701319e-24,0.000000000000000000e+00,0.000000000000000000e+00
2.564999999999999947e+00,7.352479159497905087e-25,0.000000000000000000e+00,0.000000000000000000e+00
2.569999999999999840e+00,5.288040245345739659e-25,1.212659602363878121e-17,0.000000000000000000e+00
2.575000000000000178e+00,3.799544940128344348e-25,0.000000000000000000e+00,0.000000000000000000e+00
2.580000000000000071e+00,2.727371536380346636e-25,0.000000000000000000e+00,0.000000000000000000e+00
2.584999999999999964e+00,1.955838119045691567e-25,0.000000000000000000e+00,0.000000000000000000e+00
2.589999999999999858e+00,1.401191173690272806e-25,0.000000000000000000e+00,0.000000000000000000e+00
2.595000000000000195e+00,1.002854122237138490e-25,0.000000000000000000e+00,0.000000000000000000e+00
2.600000000000000089e+00,7.170575606297855744e-26,0.000000000000000000e+00,0.000000000000000000e+00
2.604999999999999982e+00,5.122077661276531835e-26,0.000000000000000000e+00,0.000000000000000000e+00
2.609999999999999876e+00,3.655225567996902196e-26,1.030760662009296310e-16,0.000000000000000000e+00
2.615000000000000213e+00,2.605902071630589107e-26,1.818989403545817490e-17,0.000000000000000000e+00
2.620000000000000107e+00,1.855999622941867310e-26,1.212659602363878121e-17,0.000000000000000000e+00
2.625000000000000000e+00,1.320606895107455495e-26,2.425319204727756242e-17,0.000000000000000000e+00
2.629999999999999893e+00,9.387395631401705352e-27,0.000000000000000000e+00,0.000000000000000000e+00
2.635000000000000231e+00,6.666418391728689358e-27,1.818989403545817490e-17,0.000000000000000000e+00
2.640000000000000124e+00,4.729507262297663691e-27,0.000000000000000000e+00,0.000000000000000000e+00
2.645000000000000018e+00,3.352085679327511133e-27,0.000000000000000000e+00,0.000000000000000000e+00
2.649999999999999911e+00,2.373505317102849719e-27,0.000000000000000000e+00,0.000000000000000000e+00
2.655000000000000249e+00,1.678963255245825855e-27,3.031649005909695303e-18,0.000000000000000000e+00
2.660000000000000142e+00,1.186500862951292987e-27,1.818989403545817490e-17,0.000000000000000000e+00
2.665000000000000036e+00,8.376658483156431388e-28,1.515824502954847805e-17,0.000000000000000000e+00
2.669999999999999929e+00,5.908121868684346815e-28,3.941143707682604048e-17,0.000000000000000000e+00
2.675000000000000266e+00,4.162976552938175421e-28,2.728484105318725926e-17,0.000000000000000000e+00
2.680000000000000160e+00,2.930450358516524190e-28,0.000000000000000000e+00,0.000000000000000000e+00
2.685000000000000053e+00,2.060822831766527487e-28,0.000000000000000000e+00,0.000000000000000000e+00
2.689999999999999947e+00,1.447847531068070033e-28,0.000000000000000000e+00,0.000000000000000000e+00
2.694999999999999840e+00,1.016203969049482328e-28,0.000000000000000000e+00,0.000000000000000000e+00
2.700000000000000178e+00,7.125491528203667712e-29,1.818989403545817490e-17,0.000000000000000000e+00
2.705000000000000071e+00,4.991426191961369911e-29,0.000000000000000000e+00,0.000000000000000000e+00
2.709999999999999964e+00,3.493094729226892497e-29,0.000000000000000000e+00,0.000000000000000000e+00
2.714999999999999858e+00,2.442147875516830457e-29,0.000000000000000000e+00,0.000000000000000000e+00
2.720000000000000195e+00,1.705726654372155477e-29,0.000000000000000000e+00,0.000000000000000000e+00
2.725000000000000089e+00,1.190207818105743225e-29,0.000000000000000000e+00,0.000000000000000000e+00
2.729999999999999982e+00,8.296827212639989925e-30,0.000000000000000000e+00,0.000000000000000000e+00
2.734999999999999876e+00,5.777995203625411919e-30,0.000000000000000000e+00,0.000000000000000000e+00
2.740000000000000213e+00,4.019927240881218145e-30,1.212659602363878121e-17,0.000000000000000000e+00
2.745000000000000107e+00,2.794055911570271519e-30,6.063298011819390605e-18,0.000000000000000000e+00
2.750000000000000000e+00,1.940116801426736077e-30,0.000000000000000000e+00,0.000000000000000000e+00
2.754999999999999893e+00,1.345849647695487493e-30,0.000000000000000000e+00,0.000000000000000000e+00
2.760000000000000231e+00,9.326981126211327595e-31,0.000000000000000000e+00,0.000000000000000000e+00
2.765000000000000124e+00,6.457457180072302262e-31,0.000000000000000000e+00,0.000000000000000000e+00
2.770000000000000018e+00,4.466402484051146242e-31,1.212659602363878121e-17,0.000000000000000000e+00
2.774999999999999911e+00,3.086242603041226560e-31,0.000000000000000000e+00,0.000000000000000000e+00
2.780000000000000249e+00,2.130483386894637348e-31,4.850638409455512484e-17,0.000000000000000000e+00
2.785000000000000142e+00,1.469271742735466818e-31,3.637978807091634979e-17,0.000000000000000000e+00
2.790000000000000036e+00,1.012283096305611329e-31,1.818989403545817490e-17,0.000000000000000000e+00
2.794999999999999929e+00,6.967512036701059634e-32,0.000000000000000000e+00,0.000000000000000000e+00
2.800000000000000266e+00,4.791035124247867330e-32,0.000000000000000000e+00,0.000000000000000000e+00
2.805000000000000160e+00,3.291219641957912235e-32,0.000000000000000000e+00,0.000000000000000000e+00
2.810000000000000053e+00,2.258708893942195315e-32,0.000000000000000000e+00,0.000000000000000000e+00
2.814999999999999947e+00,1.548601023549794219e-32,0.000000000000000000e+00,0.000000000000000000e+00
2.819999999999999840e+00,1.060705220399231443e-32,0.000000000000000000e+00,0.000000000000000000e+00
2.825000000000000178e+00,7.258146918830951678e-33,0.000000000000000000e+00,0.000000000000000000e+00
2.830000000000000071e+00,4.961724973372102167e-33,0.000000000000000000e+00,0.000000000000000000e+00
2.834999999999999964e+00,3.388562536435583731e-33,0.000000000000000000e+00,0.000000000000000000e+00
2.839999999999999858e+00,2.311927476832269844e-33,0.000000000000000000e+00,0.000000000000000000e+00
2.845000000000000195e+00,1.575827925135582959e-33,0.000000000000000000e+00,0.000000000000000000e+00
2.850000000000000089e+00,1.073048279130305342e-33,3.637978807091634979e-17,0.000000000000000000e+00
2.854999999999999982e+00,7.299710164770551574e-34,0.000000000000000000e+00,0.000000000000000000e+00
2.859999999999999876e+00,4.960984332398644318e-34,0.000000000000000000e+00,0.000000000000000000e+00
2.865000000000000213e+00,3.368262874339067186e-34,2.425319204727756242e-17,0.000000000000000000e+00
2.870000000000000107e+00,2.284651623044584887e-34,0.000000000000000000e+00,0.000000000000000000e+00
2.875000000000000000e+00,1.548138736029999055e-34,0.000000000000000000e+00,0.000000000000000000e+00
2.879999999999999893e+00,1.048034678119474297e-34,0.000000000000000000e+00,0.000000000000000000e+00
2.885000000000000231e+00,7.087895620054522709e-35,0.000000000000000000e+00,0.000000000000000000e+00
2.890000000000000124e+00,4.788889958633823592e-35,0.000000000000000000e+00,0.000000000000000000e+00
2.895000000000000018e+00,3.232423730838803637e-35,0.000000000000000000e+00,0.000000000000000000e+00
2.899999999999999911e+00,2.179704393193633938e-35,0.000000000000000000e+00,0.000000000000000000e+00
2.905000000000000249e+00,1.468394661294270404e-35,0.000000000000000000e+00,0.000000000000000000e+00
2.910000000000000142e+00,9.882432996476041486e-36,4.850638409455512484e-17,0.000000000000000000e+00
2.915000000000000036e+00,6.644477642017503372e-36,0.000000000000000000e+00,0.000000000000000000e+00
2.919999999999999929e+00,4.463069960309346983e-36,0.000000000000000000e+00,0.000000000000000000e+00
2.925000000000000266e+00,2.994900712396242302e-36,0.000000000000000000e+00,0.000000000000000000e+00
2.930000000000000160e+00,2.007738042000452621e-36,0.000000000000000000e+00,0.000000000000000000e+00
2.935000000000000053e+00,1.344644720587125231e-36,0.000000000000000000e+00,0.000000000000000000e+00
2.939999999999999947e+00,8.996714491097993773e-37,0.000000000000000000e+00,0.000000000000000000e+00
2.944999999999999840e+00,6.013623164498376069e-37,0.000000000000000000e+00,0.000000000000000000e+00
2.950000000000000178e+00,4.015728715322163931e-37,4.850638409455512484e-17,0.000000000000000000e+00
2.955000000000000071e+00,2.678973430693070072e-37,4.850638409455512484e-17,0.000000000000000000e+00
2.959999999999999964e+00,1.785452624331915188e-37,4.850638409455512484e-17,0.000000000000000000e+00
2.964999999999999858e+00,1.188787253648732108e-37,4.850638409455512484e-17,0.000000000000000000e+00
2.970000000000000195e+00,7.907438684996732157e-38,4.850638409455512484e-17,0.000000000000000000e+00
2.975000000000000089e+00,5.254645360200755121e-38,0.000000000000000000e+00,0.000000000000000000e+00
2.979999999999999982e+00,3.488404774804987408e-38,0.000000000000000000e+00,0.000000000000000000e+00
2.984999999999999876e+00,2.313589040280485924e-38,9.701276818911024968e-17,0.000000000000000000e+00
2.990000000000000213e+00,1.532926911746287279e-38,2.425319204727756242e-17,0.000000000000000000e+00
2.995000000000000107e+00,1.014688091127866178e-38,2.425319204727756242e-17,0.000000000000000000e+00
3.000000000000000000e+00,6.709954299329931709e-39,0.000000000000000000e+00,0.000000000000000000e+00
3.004999999999999893e+00,4.432843974965095031e-39,1.101849485498807367e-17,0.000000000000000000e+00
3.010000000000000231e+00,2.925642208746710289e-39,7.656989714134542334e-17,0.000000000000000000e+00
3.015000000000000124e+00,1.929016155359050444e-39,5.231670509406785475e-17,0.000000000000000000e+00
3.020000000000000018e+00,1.270651346339203477e-39,4.689048981439334926e-17,0.000000000000000000e+00
3.024999999999999911e+00,8.361666103142369657e-40,2.865736240469747537e-19,0.000000000000000000e+00
3.030000000000000249e+00,5.497118842278666463e-40,8.848346889094771479e-17,0.000000000000000000e+00
3.035000000000000142e+00,3.610383328451986426e-40,8.293545669848391907e-17,0.000000000000000000e+00
3.040000000000000036e+00,2.368903602489371854e-40,6.114077322970498026e-17,0.000000000000000000e+00
3.044999999999999929e+00,1.552806520223473177e-40,4.405148765505298297e-17,0.000000000000000000e+00
3.050000000000000266e+00,1.016864738901527465e-40,4.343583610874987664e-17,0.000000000000000000e+00
3.055000000000000160e+00,6.652500472318454854e-41,4.767091807195412785e-17,0.000000000000000000e+00
3.060000000000000053e+00,4.347929810191260056e-41,1.266183404473355104e-16,0.000000000000000000e+00
3.064999999999999947e+00,2.838938727596045662e-41,1.995961850450999244e-17,0.000000000000000000e+00
3.070000000000000284e+00,1.851848262400752487e-41,0.000000000000000000e+00,0.000000000000000000e+00
3.075000000000000178e+00,1.206787107300206190e-41,3.027206172819950754e-17,0.000000000000000000e+00
3.080000000000000071e+00,7.856548745525541133e-42,5.869992962963914569e-17,0.000000000000000000e+00
3.084999999999999964e+00,5.109858115904989416e-42,6.447455363786232181e-17,0.000000000000000000e+00
3.089999999999999858e+00,3.320180982063680681e-42,1.000384430010035680e-16,0.000000000000000000e+00
3.095000000000000195e+00,2.155214787284028925e-42,4.663934456757782048e-17,0.000000000000000000e+00
3.100000000000000089e+00,1.397639747295483430e-42,6.913476053383631941e-17,0.000000000000000000e+00
3.104999999999999982e+00,9.054736408450108959e-43,5.386760331112115575e-17,0.000000000000000000e+00
3.109999999999999876e+00,5.860467550063950801e-43,1.006570248929838799e-16,0.000000000000000000e+00
3.115000000000000213e+00,3.789348978498883871e-43,1.174958090130110591e-16,0.000000000000000000e+00
3.120000000000000107e+00,2.447782498636078676e-43,3.599250428781317539e-17,0.000000000000000000e+00
3.125000000000000000e+00,1.579635668443782045e-43,0.000000000000000000e+00,0.000000000000000000e+00
3.129999999999999893e+00,1.018396556637981691e-43,6.941008827543364145e-17,0.000000000000000000e+00
3.135000000000000231e+00,6.559229054372979833e-44,0.000000000000000000e+00,0.000000000000000000e+00
3.140000000000000124e+00,4.220506333535405116e-44,8.607461288639411127e-17,0.000000000000000000e+00
3.145000000000000018e+00,2.713015030532926439e-44,4.256558550110814424e-17,0.000000000000000000e+00
3.149999999999999911e+00,1.742271079199128061e-44,0.000000000000000000e+00,0.000000000000000000e+00
3.155000000000000249e+00,1.117776924371657758e-44,8.455263856302710357e-17,0.000000000000000000e+00
3.160000000000000142e+00,7.164245112544494705e-45,1.806598960591957156e-17,0.000000000000000000e+00
3.165000000000000036e+00,4.587347254683450428e-45,6.181322562568893304e-17,0.000000000000000000e+00
3.169999999999999929e+00,2.934463295733330427e-45,2.798317349451835708e-17,0.000000000000000000e+00
3.175000000000000266e+00,1.875303788523871089e-45,0.000000000000000000e+00,0.000000000000000000e+00
3.180000000000000160e+00,1.197265489945839742e-45,0.000000000000000000e+00,0.000000000000000000e+00
3.185000000000000053e+00,7.636338694465035354e-46,0.000000000000000000e+00,0.000000000000000000e+00
3.189999999999999947e+00,4.865817147560561567e-46,0.000000000000000000e+00,0.000000000000000000e+00
3.195000000000000284e+00,3.097435496217324109e-46,1.254585436945030589e-17,0.000000000000000000e+00
3.200000000000000178e+00,1.969811378257758616e-46,4.239952120546905691e-17,0.000000000000000000e+00
3.205000000000000071e+00,1.251477070163122206e-46,1.347714814300295902e-18,0.000000000000000000e+00
3.209999999999999964e+00,7.943228137607817228e-47,5.970452364970513695e-17,0.000000000000000000e+00
3.214999999999999858e+00,5.036711318003056671e-47,0.000000000000000000e+00,0.000000000000000000e+00
3.220000000000000195e+00,3.190604457902602679e-47,0.000000000000000000e+00,0.000000000000000000e+00
3.225000000000000089e+00,2.019178716669675924e-47,1.610977152105201476e-17,0.000000000000000000e+00
3.229999999999999982e+00,1.276592934348546952e-47,0.000000000000000000e+00,0.000000000000000000e+00
3.234999999999999876e+00,8.063173357361859921e-48,6.942280139344151839e-19,0.000000000000000000e+00
3.240000000000000213e+00,5.087863394319504480e-48,4.443607884260853972e-17,0.000000000000000000e+00
3.245000000000000107e+00,3.207308769159034328e-48,5.155033274128912176e-17,0.000000000000000000e+00
3.250000000000000000e+00,2.019863332763890482e-48,0.000000000000000000e+00,0.000000000000000000e+00
3.254999999999999893e+00,1.270805492934907957e-48,3.136744594595814446e-17,0.000000000000000000e+00
3.260000000000000231e+00,7.987521968587079204e-49,7.632349329343440076e-17,0.000000000000000000e+00
3.265000000000000124e+00,5.015577347025869556e-49,3.342296917871570136e-17,0.000000000000000000e+00
3.270000000000000018e+00,3.146340228203298593e-49,1.712535774407414160e-17,0.000000000000000000e+00
3.274999999999999911e+00,1.971815690980234861e-49,2.442745155634426247e-17,0.000000000000000000e+00
3.280000000000000249e+00,1.234533381661691089e-49,1.984794818172042831e-17,0.000000000000000000e+00
3.285000000000000142e+00,7.721741193574383746e-50,2.560090686157786083e-17,0.000000000000000000e+00
3.290000000000000036e+00,4.825069013789816181e-50,0.000000000000000000e+00,0.000000000000000000e+00
3.294999999999999929e+00,3.012088318788768041e-50,2.434032180181091399e-17,0.000000000000000000e+00
3.300000000000000266e+00,1.878485116765204786e-50,1.000702972403671039e-16,0.000000000000000000e+00
3.305000000000000160e+00,1.170371397050395014e-50,0.000000000000000000e+00,0.000000000000000000e+00
3.310000000000000053e+00,7.284764635736122191e-51,2.296544617846492568e-17,0.000000000000000000e+00
3.314999999999999947e+00,4.529843877662278954e-51,0.000000000000000000e+00,0.000000000000000000e+00
3.320000000000000284e+00,2.814017720845422656e-51,3.062682939105890495e-17,0.000000000000000000e+00
3.325000000000000178e+00,1.746410388587707999e-51,2.382035329694319433e-17,0.000000000000000000e+00
3.330000000000000071e+00,1.082783598195554016e-51,3.155528585954768022e-17,0.000000000000000000e+00
3.334999999999999964e+00,6.706762312727906507e-52,9.169777131438138941e-18,0.000000000000000000e+00
3.339999999999999858e+00,4.150114188033539987e-52,6.014017242237187938e-17,0.000000000000000000e+00
3.345000000000000195e+00,2.565565232266114103e-52,8.489129522026565722e-18,0.000000000000000000e+00
3.350000000000000089e+00,1.584462485670000561e-52,0.000000000000000000e+00,0.000000000000000000e+00
3.354999999999999982e+00,9.775899878315163970e-53,3.686438691194500177e-17,0.000000000000000000e+00
3.359999999999999876e+00,6.025698715599651857e-53,0.000000000000000000e+00,0.000000000000000000e+00
3.365000000000000213e+00,3.710513069772606612e-53,0.000000000000000000e+00,0.000000000000000000e+00
3.370000000000000107e+00,2.282634633946042345e-53,6.942280139344151839e-19,0.000000000000000000e+00
3.375000000000000000e+00,1.402861263736216464e-53,0.000000000000000000e+00,0.000000000000000000e+00
3.379999999999999893e+00,8.613287207288313612e-54,9.540085408887752532e-18,0.000000000000000000e+00
3.385000000000000231e+00,5.283223927916705631e-54,0.000000000000000000e+00,0.000000000000000000e+00
3.390000000000000124e+00,3.237464332708451284e-54,0.000000000000000000e+00,0.000000000000000000e+00
3.395000000000000018e+00,1.981923333527265388e-54,0.000000000000000000e+00,0.000000000000000000e+00
3.399999999999999911e+00,1.212117142301997327e-54,0.000000000000000000e+00,0.000000000000000000e+00
3.405000000000000249e+00,7.405906420549353317e-55,0.000000000000000000e+00,0.000000000000000000e+00
3.410000000000000142e+00,4.520513090662320329e-55,0.000000000000000000e+00,0.000000000000000000e+00
3.415000000000000036e+00,2.756596031895932633e-55,0.000000000000000000e+00,0.000000000000000000e+00
3.419999999999999929e+00,1.679323658340164466e-55,2.257053861936670886e-17,0.000000000000000000e+00
3.425000000000000266e+00,1.022048653471613378e-55,6.112248080181295531e-18,0.000000000000000000e+00
3.430000000000000160e+00,6.214191301296091618e-56,0.000000000000000000e+00,0.000000000000000000e+00
3.435000000000000053e+00,3.774622734322547802e-56,0.000000000000000000e+00,0.000000000000000000e+00
3.439999999999999947e+00,2.290542573196261629e-56,1.174270734166631959e-17,0.000000000000000000e+00
3.445000000000000284e+00,1.388606102135521544e-56,0.000000000000000000e+00,0.000000000000000000e+00
3.450000000000000178e+00,8.409993398474252397e-57,0.000000000000000000e+00,0.000000000000000000e+00
3.455000000000000071e+00,5.088480618567593480e-57,3.204503503810202408e-18,0.000000000000000000e+00
3.459999999999999964e+00,3.075788570346646808e-57,4.653927138002946130e-17,0.000000000000000000e+00
3.464999999999999858e+00,1.857379796080410598e-57,1.915500093148455964e-17,0.000000000000000000e+00
3.470000000000000195e+00,1.120523166312831095e-57,1.664332043044257629e-17,0.000000000000000000e+00
3.475000000000000089e+00,6.753312503483548463e-58,0.000000000000000000e+00,0.000000000000000000e+00
3.479999999999999982e+00,4.066200018823109709e-58,0.000000000000000000e+00,0.000000000000000000e+00
3.484999999999999876e+00,2.445887703054186409e-58,0.000000000000000000e+00,0.000000000000000000e+00
3.490000000000000213e+00,1.469806533135177385e-58,0.000000000000000000e+00,0.000000000000000000e+00
3.495000000000000107e+00,8.823882525193373919e-59,0.000000000000000000e+00,0.000000000000000000e+00
3.500000000000000000e+00,5.292186566178470913e-59,0.000000000000000000e+00,0.000000000000000000e+00
3.504999999999999893e+00,3.170928568337574055e-59,0.000000000000000000e+00,0.000000000000000000e+00
3.510000000000000231e+00,1.898076253346648289e-59,0.000000000000000000e+00,0.000000000000000000e+00
3.515000000000000124e+00,1.135054558295825431e-59,0.000000000000000000e+00,0.000000000000000000e+00
3.520000000000000018e+00,6.781030577656221663e-60,0.000000000000000000e+00,0.000000000000000000e+00
3.524999999999999911e+00,4.047161664130427007e-60,0.000000000000000000e+00,0.000000000000000000e+00
3.530000000000000249e+00,2.413133156301044403e-60,0.000000000000000000e+00,0.000000000000000000e+00
3.535000000000000142e+00,1.437433974361046565e-60,0.000000000000000000e+00,0.000000000000000000e+00
3.540000000000000036e+00,8.554022892198985992e-61,0.000000000000000000e+00,0.000000000000000000e+00
3.544999999999999929e+00,5.085443051190155858e-61,0.000000000000000000e+00,0.000000000000000000e+00
3.550000000000000266e+00,3.020390298648132910e-61,0.000000000000000000e+00,0.000000000000000000e+00
3.555000000000000160e+00,1.792145319524129244e-61,0.000000000000000000e+00,0.000000000000000000e+00
3.560000000000000053e+00,1.062329550617739117e-61,0.000000000000000000e+00,0.000000000000000000e+00
3.564999999999999947e+00,6.291021749002468150e-62,0.000000000000000000e+00,0.000000000000000000e+00
3.570000000000000284e+00,3.721851107246102152e-62,0.000000000000000000e+00,0.000000000000000000e+00
3.575000000000000178e+00,2.199746766809385108e-62,1.063833785800935479e-18,0.000000000000000000e+00
3.580000000000000071e+00,1.298859769224728437e-62,1.604887306465736041e-17,0.000000000000000000e+00
3.584999999999999964e+00,7.661745583368297405e-63,0.000000000000000000e+00,0.000000000000000000e+00
3.589999999999999858e+00,4.515117662967857885e-63,0.000000000000000000e+00,0.000000000000000000e+00
3.595000000000000195e+00,2.658191729641020549e-63,1.374108529263435884e-17,0.000000000000000000e+00
3.600000000000000089e+00,1.563433512124716490e-63,9.243326481448640936e-18,0.000000000000000000e+00
3.604999999999999982e+00,9.186464803405296472e-64,0.000000000000000000e+00,0.000000000000000000e+00
3.609999999999999876e+00,5.392539045617455190e-64,1.543731912506805889e-17,0.000000000000000000e+00
3.615000000000000213e+00,3.162380079254727361e-64,0.000000000000000000e+00,0.000000000000000000e+00
3.620000000000000107e+00,1.852723956321031551e-64,0.000000000000000000e+00,0.000000000000000000e+00
3.625000000000000000e+00,1.084384379427073217e-64,0.000000000000000000e+00,0.000000000000000000e+00
3.629999999999999893e+00,6.340619223334549642e-65,1.274165464289792944e-18,0.000000000000000000e+00
3.635000000000000231e+00,3.703872065832891034e-65,0.000000000000000000e+00,0.000000000000000000e+00
3.640000000000000124e+00,2.161504610160019528e-65,0.000000000000000000e+00,0.000000000000000000e+00
3.645000000000000018e+00,1.260179002974125531e-65,0.000000000000000000e+00,0.000000000000000000e+00
3.649999999999999911e+00,7.339799498476816826e-66,0.000000000000000000e+00,0.000000000000000000e+00
3.655000000000000249e+00,4.270827574071236862e-66,0.000000000000000000e+00,0.000000000000000000e+00
3.660000000000000142e+00,2.482651521609186611e-66,0.000000000000000000e+00,0.000000000000000000e+00
3.665000000000000036e+00,1.441767973264717458e-66,8.413267139554267813e-19,0.000000000000000000e+00
3.669999999999999929e+00,8.364709610090273660e-67,0.000000000000000000e+00,0.000000000000000000e+00
3.675000000000000266e+00,4.848219202168048133e-67,0.000000000000000000e+00,0.000000000000000000e+00
3.680000000000000160e+00,2.807304426067455503e-67,0.000000000000000000e+00,0.000000000000000000e+00
3.685000000000000053e+00,1.623950015631136503e-67,7.794901508092149093e-18,0.000000000000000000e+00
3.689999999999999947e+00,9.384944083577655647e-68,0.000000000000000000e+00,0.000000000000000000e+00
3.695000000000000284e+00,5.418344390102848960e-68,1.135881865969385796e-17,0.000000000000000000e+00
3.700000000000000178e+00,3.125197049241164136e-68,0.000000000000000000e+00,0.000000000000000000e+00
3.705000000000000071e+00,1.800794228620324658e-68,4.358117172413026799e-17,0.000000000000000000e+00
3.709999999999999964e+00,1.036636888258210766e-68,3.849528024916156528e-17,0.000000000000000000e+00
3.714999999999999858e+00,5.961631282245776811e-69,2.525519786577684431e-17,0.000000000000000000e+00
3.720000000000000195e+00,3.425148847697620070e-69,3.917592785857313388e-17,0.000000000000000000e+00
3.725000000000000089e+00,1.965937338634756803e-69,0.000000000000000000e+00,0.000000000000000000e+00
3.729999999999999982e+00,1.127290318657620762e-69,1.932797967685271173e-17,0.000000000000000000e+00
3.734999999999999876e+00,6.457698543460539290e-70,1.440276730642785488e-17,0.000000000000000000e+00
3.740000000000000213e+00,3.695690913363265959e-70,0.000000000000000000e+00,0.000000000000000000e+00
3.745000000000000107e+00,2.112950879790487316e-70,0.000000000000000000e+00,0.000000000000000000e+00
3.750000000000000000e+00,1.206865977128543344e-70,0.000000000000000000e+00,0.000000000000000000e+00
3.754999999999999893e+00,6.886595456603841394e-71,2.257053861936670886e-17,0.000000000000000000e+00
3.760000000000000231e+00,3.925780229007011653e-71,0.000000000000000000e+00,0.000000000000000000e+00
3.765000000000000124e+00,2.235750206685238472e-71,0.000000000000000000e+00,0.000000000000000000e+00
3.770000000000000018e+00,1.272027381394451818e-71,0.000000000000000000e+00,0.000000000000000000e+00
3.774999999999999911e+00,7.230120319140973683e-72,7.127834303203422365e-18,0.000000000000000000e+00
3.780000000000000249e+00,4.105541756296372968e-72,0.000000000000000000e+00,0.000000000000000000e+00
3.785000000000000142e+00,2.329009751034725762e-72,2.442745155634426247e-17,0.000000000000000000e+00
3.790000000000000036e+00,1.319921260831397236e-72,3.392935727906057299e-17,0.000000000000000000e+00
3.794999999999999929e+00,7.473097117718972064e-73,0.000000000000000000e+00,0.000000000000000000e+00
3.800000000000000266e+00,4.226969482620554641e-73,0.000000000000000000e+00,0.000000000000000000e+00
3.805000000000000160e+00,2.388545302702972169e-73,8.411839480152654523e-17,0.000000000000000000e+00
3.810000000000000053e+00,1.348384456476098447e-73,2.103498389147686545e-17,0.000000000000000000e+00
3.814999999999999947e+00,7.604486208047162133e-74,0.000000000000000000e+00,0.000000000000000000e+00
3.820000000000000284e+00,4.284517291397660313e-74,0.000000000000000000e+00,0.000000000000000000e+00
3.825000000000000178e+00,2.411625167682416688e-74,0.000000000000000000e+00,0.000000000000000000e+00
3.830000000000000071e+00,1.356105881160954151e-74,1.153307816876055956e-17,0.000000000000000000e+00
3.834999999999999964e+00,7.618215886586227274e-75,1.709814236956544811e-18,0.000000000000000000e+00
3.839999999999999858e+00,4.275518954624945906e-75,2.578874677516740891e-17,0.000000000000000000e+00
3.845000000000000195e+00,2.397177986766974172e-75,0.000000000000000000e+00,0.000000000000000000e+00
3.850000000000000089e+00,1.342726653959760560e-75,6.140075748213884162e-17,0.000000000000000000e+00
3.854999999999999982e+00,7.513647620509499982e-76,1.422850779736115483e-17,0.000000000000000000e+00
3.859999999999999876e+00,4.200392951987874956e-76,1.729961725314084165e-17,0.000000000000000000e+00
3.865000000000000213e+00,2.345875194779587014e-76,0.000000000000000000e+00,0.000000000000000000e+00
3.870000000000000107e+00,1.308867757078143190e-76,0.000000000000000000e+00,0.000000000000000000e+00
3.875000000000000000e+00,7.295625286201738013e-77,2.002220769078712836e-17,0.000000000000000000e+00
3.879999999999999893e+00,4.062610201877833533e-77,0.000000000000000000e+00,0.000000000000000000e+00
3.885000000000000231e+00,2.260079280766352363e-77,0.000000000000000000e+00,0.000000000000000000e+00
3.890000000000000124e+00,1.256082246650423095e-77,0.000000000000000000e+00,0.000000000000000000e+00
3.895000000000000018e+00,6.974103128052464810e-78,0.000000000000000000e+00,0.000000000000000000e+00
3.899999999999999911e+00,3.868428169936016859e-78,2.442745155634426247e-17,0.000000000000000000e+00
3.905000000000000249e+00,2.143663402215073542e-78,1.799103524474287469e-17,0.000000000000000000e+00
3.910000000000000142e+00,1.186737139792512036e-78,5.664699459844828275e-17,0.000000000000000000e+00
3.915000000000000036e+00,6.563392237277437966e-79,4.815786507642172474e-17,0.000000000000000000e+00
3.919999999999999929e+00,3.626419724941165849e-79,2.236911830125432199e-17,0.000000000000000000e+00
3.925000000000000266e+00,2.001721536661432730e-79,6.642571825563432387e-19,0.000000000000000000e+00
3.930000000000000160e+00,1.103837488851242268e-79,1.184881633318351492e-17,0.000000000000000000e+00
3.935000000000000053e+00,6.081104992400817405e-80,7.730629866274607360e-17,0.000000000000000000e+00
3.939999999999999947e+00,3.346846144145216519e-80,2.845139555005753633e-17,0.000000000000000000e+00
3.945000000000000284e+00,1.840199374828912968e-80,1.485998412620705015e-17,0.000000000000000000e+00
3.950000000000000178e+00,1.010810847311081783e-80,3.418515378072736289e-17,0.000000000000000000e+00
3.955000000000000071e+00,5.546905832470568574e-81,1.932829884912842781e-18,0.000000000000000000e+00
3.959999999999999964e+00,3.040938077309964789e-81,0.000000000000000000e+00,0.000000000000000000e+00
3.965000000000000302e+00,1.665483155182453984e-81,2.531525360048292196e-18,0.000000000000000000e+00
3.970000000000000195e+00,9.112736167526229571e-82,0.000000000000000000e+00,0.000000000000000000e+00
3.975000000000000089e+00,4.981191441107225906e-82,3.972784693379918954e-17,0.000000000000000000e+00
3.979999999999999982e+00,2.720154387681816453e-82,1.670583055229007869e-18,0.000000000000000000e+00
3.984999999999999876e+00,1.483985846980011326e-82,8.672913988255482364e-18,0.000000000000000000e+00
3.990000000000000213e+00,8.088013144224865765e-83,5.266105138716671769e-20,0.000000000000000000e+00
3.995000000000000107e+00,4.403822662232172676e-83,0.000000000000000000e+00,0.000000000000000000e+00
4.000000000000000000e+00,2.395486236759571470e-83,0.000000000000000000e+00,0.000000000000000000e+00
4.004999999999999893e+00,1.301767492457900099e-83,0.000000000000000000e+00,0.000000000000000000e+00
4.009999999999999787e+00,7.067227123981289348e-84,9.826603167762295368e-18,0.000000000000000000e+00
4.014999999999999680e+00,3.833015359681728590e-84,8.330544228412734329e-18,0.000000000000000000e+00
4.020000000000000462e+00,2.076863503979481646e-84,2.484430584131866576e-17,0.000000000000000000e+00
4.025000000000000355e+00,1.124219810856680728e-84,0.000000000000000000e+00,0.000000000000000000e+00
4.030000000000000249e+00,6.079535486765123466e-85,0.000000000000000000e+00,0.000000000000000000e+00
4.035000000000000142e+00,3.284471107221390252e-85,0.000000000000000000e+00,0.000000000000000000e+00
4.040000000000000036e+00,1.772704626431791794e-85,1.646202655645452030e-17,0.000000000000000000e+00
4.044999999999999929e+00,9.558355845654101276e-86,0.000000000000000000e+00,0.000000000000000000e+00
4.049999999999999822e+00,5.148798496728262773e-86,0.000000000000000000e+00,0.000000000000000000e+00
4.054999999999999716e+00,2.770795545760029151e-86,4.502221561973841273e-17,0.000000000000000000e+00
4.060000000000000497e+00,1.489631852918698351e-86,0.000000000000000000e+00,0.000000000000000000e+00
4.065000000000000391e+00,8.000724280101031056e-87,0.000000000000000000e+00,0.000000000000000000e+00
4.070000000000000284e+00,4.292947151786653874e-87,0.000000000000000000e+00,0.000000000000000000e+00
4.075000000000000178e+00,2.301217481333493334e-87,0.000000000000000000e+00,0.000000000000000000e+00
4.080000000000000071e+00,1.232354545124973296e-87,0.000000000000000000e+00,0.000000000000000000e+00
4.084999999999999964e+00,6.593098470205707411e-88,3.130806487556399070e-17,0.000000000000000000e+00
4.089999999999999858e+00,3.523865610468977767e-88,0.000000000000000000e+00,0.000000000000000000e+00
4.094999999999999751e+00,1.881590002834282131e-88,1.183767103886345292e-17,0.000000000000000000e+00
4.099999999999999645e+00,1.003706047311709249e-88,1.366246893565790458e-17,0.000000000000000000e+00
4.105000000000000426e+00,5.348893721953305957e-89,0.000000000000000000e+00,0.000000000000000000e+00
4.110000000000000320e+00,2.847719973580821012e-89,0.000000000000000000e+00,0.000000000000000000e+00
4.115000000000000213e+00,1.514629733230236047e-89,0.000000000000000000e+00,0.000000000000000000e+00
4.120000000000000107e+00,8.048066552963529294e-90,0.000000000000000000e+00,0.000000000000000000e+00
4.125000000000000000e+00,4.272209332781366972e-90,0.000000000000000000e+00,0.000000000000000000e+00
4.129999999999999893e+00,2.265632020651937599e-90,1.467861058781615323e-17,0.000000000000000000e+00
4.134999999999999787e+00,1.200334000212291387e-90,0.000000000000000000e+00,0.000000000000000000e+00
4.139999999999999680e+00,6.353173652329123494e-91,4.774801515255869723e-17,0.000000000000000000e+00
4.145000000000000462e+00,3.359349804118783918e-91,0.000000000000000000e+00,0.000000000000000000e+00
4.150000000000000355e+00,1.774580134176647416e-91,3.784878013633472470e-17,0.000000000000000000e+00
4.155000000000000249e+00,9.365088515294429405e-92,0.000000000000000000e+00,0.000000000000000000e+00
4.160000000000000142e+00,4.937465134398698936e-92,2.671922296113761016e-17,0.000000000000000000e+00
4.165000000000000036e+00,2.600591157792003343e-92,0.000000000000000000e+00,0.000000000000000000e+00
4.169999999999999929e+00,1.368409263679791795e-92,3.780337282326166717e-17,0.000000000000000000e+00
4.174999999999999822e+00,7.193426555198865672e-93,8.034628266209724255e-18,0.000000000000000000e+00
4.179999999999999716e+00,3.777735144016064521e-93,0.000000000000000000e+00,0.000000000000000000e+00
4.185000000000000497e+00,1.981997412799707774e-93,0.000000000000000000e+00,0.000000000000000000e+00
4.190000000000000391e+00,1.038844498992165648e-93,0.000000000000000000e+00,0.000000000000000000e+00
4.195000000000000284e+00,5.439686734025788320e-94,0.000000000000000000e+00,0.000000000000000000e+00
4.200000000000000178e+00,2.845595199905641473e-94,0.000000000000000000e+00,0.000000000000000000e+00
4.205000000000000071e+00,1.487127599107503908e-94,0.000000000000000000e+00,0.000000000000000000e+00
4.209999999999999964e+00,7.764245016218981991e-95,0.000000000000000000e+00,0.000000000000000000e+00
4.214999999999999858e+00,4.049730422457246231e-95,0.000000000000000000e+00,0.000000000000000000e+00
4.219999999999999751e+00,2.110225571708333394e-95,3.613542496098279602e-17,0.000000000000000000e+00
4.224999999999999645e+00,1.098518898431841829e-95,0.000000000000000000e+00,0.000000000000000000e+00
4.230000000000000426e+00,5.712971641015323810e-96,1.744317897226727208e-18,0.000000000000000000e+00
4.235000000000000320e+00,2.968195402443473544e-96,0.000000000000000000e+00,0.000000000000000000e+00
4.240000000000000213e+00,1.540631566992715412e-96,0.000000000000000000e+00,0.000000000000000000e+00
4.245000000000000107e+00,7.988789548824794552e-97,0.000000000000000000e+00,0.000000000000000000e+00
4.250000000000000000e+00,4.138462776187542580e-97,0.000000000000000000e+00,0.000000000000000000e+00
4.254999999999999893e+00,2.141770883605530549e-97,0.000000000000000000e+00,0.000000000000000000e+00
4.259999999999999787e+00,1.107344751396253336e-97,0.000000000000000000e+00,0.000000000000000000e+00
4.264999999999999680e+00,5.719638451012040746e-98,0.000000000000000000e+00,0.000000000000000000e+00
4.270000000000000462e+00,2.951414366658246845e-98,9.207647665154608854e-18,0.000000000000000000e+00
4.275000000000000355e+00,1.521485021170978047e-98,0.000000000000000000e+00,0.000000000000000000e+00
4.280000000000000249e+00,7.835758809207865138e-99,2.080287511985608424e-17,0.000000000000000000e+00
4.285000000000000142e+00,4.031533958999830305e-99,0.000000000000000000e+00,0.000000000000000000e+00
4.290000000000000036e+00,2.072218131699830897e-99,0.000000000000000000e+00,0.000000000000000000e+00
4.294999999999999929e+00,1.064085440080469968e-99,5.904185560595559738e-19,0.000000000000000000e+00
4.299999999999999822e+00,5.458752658135876497e-100,8.740558913218895083e-18,0.000000000000000000e+00
4.304999999999999716e+00,2.797603846003354490e-100,2.163007909357777634e-18,0.000000000000000000e+00
4.310000000000000497e+00,1.432368958258584713e-100,0.000000000000000000e+00,0.000000000000000000e+00
4.315000000000000391e+00,7.326549178674183229e-101,0.000000000000000000e+00,0.000000000000000000e+00
4.320000000000000284e+00,3.743862774228312645e-101,0.000000000000000000e+00,0.000000000000000000e+00
4.325000000000000178e+00,1.911244545778055635e-101,0.000000000000000000e+00,0.000000000000000000e+00
4.330000000000000071e+00,9.747393088841917037e-102,0.000000000000000000e+00,0.000000000000000000e+00
4.334999999999999964e+00,4.966341575308385669e-102,0.000000000000000000e+00,0.000000000000000000e+00
4.339999999999999858e+00,2.527903994628583335e-102,0.000000000000000000e+00,0.000000000000000000e+00
4.344999999999999751e+00,1.285465574489892647e-102,0.000000000000000000e+00,0.000000000000000000e+00
4.350000000000000533e+00,6.530346252378567872e-103,0.000000000000000000e+00,0.000000000000000000e+00
4.355000000000000426e+00,3.314269742390818419e-103,0.000000000000000000e+00,0.000000000000000000e+00
4.360000000000000320e+00,1.680410471337731373e-103,0.000000000000000000e+00,0.000000000000000000e+00
4.365000000000000213e+00,8.511748651960470856e-104,0.000000000000000000e+00,0.000000000000000000e+00
4.370000000000000107e+00,4.307230231115487382e-104,0.000000000000000000e+00,0.000000000000000000e+00
4.375000000000000000e+00,2.177475446101298908e-104,0.000000000000000000e+00,0.000000000000000000e+00
4.379999999999999893e+00,1.099725589666253980e-104,0.000000000000000000e+00,0.000000000000000000e+00
4.384999999999999787e+00,5.548700446117222847e-105,0.000000000000000000e+00,0.000000000000000000e+00
4.389999999999999680e+00,2.796881797131345609e-105,0.000000000000000000e+00,0.000000000000000000e+00
4.395000000000000462e+00,1.408422095417932874e-105,0.000000000000000000e+00,0.000000000000000000e+00
4.400000000000000355e+00,7.085449894698791053e-106,6.054786301963931547e-18,0.000000000000000000e+00
4.405000000000000249e+00,3.561048733279745759e-106,0.000000000000000000e+00,0.000000000000000000e+00
4.410000000000000142e+00,1.787986713385642900e-106,1.882022315768909234e-17,0.000000000000000000e+00
4.415000000000000036e+00,8.968638963216931164e-107,2.288345439064630313e-17,0.000000000000000000e+00
4.419999999999999929e+00,4.494327129996100848e-107,1.326818284870957377e-17,0.000000000000000000e+00
4.424999999999999822e+00,2.249980236669682211e-107,1.735879958294087552e-17,0.000000000000000000e+00
4.429999999999999716e+00,1.125300756147360210e-107,0.000000000000000000e+00,0.000000000000000000e+00
4.435000000000000497e+00,5.622563931663260062e-108,0.000000000000000000e+00,0.000000000000000000e+00
4.440000000000000391e+00,2.806571289707846599e-108,0.000000000000000000e+00,0.000000000000000000e+00
4.445000000000000284e+00,1.399566821416818795e-108,0.000000000000000000e+00,0.000000000000000000e+00
4.450000000000000178e+00,6.972476880580804754e-109,0.000000000000000000e+00,0.000000000000000000e+00
4.455000000000000071e+00,3.470215231706101207e-109,0.000000000000000000e+00,0.000000000000000000e+00
4.459999999999999964e+00,1.725447004078725729e-109,0.000000000000000000e+00,0.000000000000000000e+00
4.464999999999999858e+00,8.570826863612746021e-110,2.515284277156546136e-17,0.000000000000000000e+00
4.469999999999999751e+00,4.253238180776602048e-110,2.405594242323583136e-17,0.000000000000000000e+00
4.475000000000000533e+00,2.108592074413175359e-110,1.843969421599882610e-17,0.000000000000000000e+00
4.480000000000000426e+00,1.044338575278961138e-110,1.472895879336009324e-19,0.000000000000000000e+00
4.485000000000000320e+00,5.167327108045348939e-111,8.197146665148895362e-18,0.000000000000000000e+00
4.490000000000000213e+00,2.554268064261825829e-111,6.481852092103065656e-18,0.000000000000000000e+00
4.495000000000000107e+00,1.261371100653178672e-111,2.226293223846624078e-17,0.000000000000000000e+00
4.500000000000000000e+00,6.222933558059118064e-112,0.000000000000000000e+00,0.000000000000000000e+00
4.504999999999999893e+00,3.067067512508562843e-112,1.930603824954797401e-17,0.000000000000000000e+00
4.509999999999999787e+00,1.510175401018332092e-112,2.025564900994400565e-17,0.000000000000000000e+00
4.514999999999999680e+00,7.428606126867819400e-113,0.000000000000000000e+00,0.000000000000000000e+00
4.520000000000000462e+00,3.650590815259145247e-113,2.050655941350928311e-17,0.000000000000000000e+00
4.525000000000000355e+00,1.792234634548798954e-113,1.003167919103946426e-16,0.000000000000000000e+00
4.530000000000000249e+00,8.790274937802141306e-114,5.888326863138470290e-17,0.000000000000000000e+00
4.535000000000000142e+00,4.307109732394831428e-114,9.908666479910999612e-17,0.000000000000000000e+00
4.540000000000000036e+00,2.108362573459205008e-114,7.269000216562284439e-17,0.000000000000000000e+00
4.544999999999999929e+00,1.031051941437603171e-114,1.070935932527064483e-16,0.000000000000000000e+00
4.549999999999999822e+00,5.037228765154779527e-115,5.392427245472577894e-17,0.000000000000000000e+00
4.554999999999999716e+00,2.458547986842905428e-115,1.271575437537318542e-17,0.000000000000000000e+00
4.560000000000000497e+00,1.198785795763481992e-115,0.000000000000000000e+00,0.000000000000000000e+00
4.565000000000000391e+00,5.839563316203831726e-116,6.927791673660827812e-18,0.000000000000000000e+00
4.570000000000000284e+00,2.841810007273959860e-116,0.000000000000000000e+00,0.000000000000000000e+00
4.575000000000000178e+00,1.381610391842221316e-116,0.000000000000000000e+00,0.000000000000000000e+00
4.580000000000000071e+00,6.710455910885659177e-117,2.740918603194527173e-17,0.000000000000000000e+00
4.584999999999999964e+00,3.256074609736005939e-117,0.000000000000000000e+00,0.000000000000000000e+00
4.589999999999999858e+00,1.578383573581303414e-117,0.000000000000000000e+00,0.000000000000000000e+00
4.594999999999999751e+00,7.643752942512161529e-118,3.665216278629103966e-18,0.000000000000000000e+00
4.600000000000000533e+00,3.698082664887673655e-118,0.000000000000000000e+00,0.000000000000000000e+00
4.605000000000000426e+00,1.787402958944269581e-118,0.000000000000000000e+00,0.000000000000000000e+00
4.610000000000000320e+00,8.630664100241009479e-119,2.696509682209522105e-17,0.000000000000000000e+00
4.615000000000000213e+00,4.163339632188982981e-119,1.718329182646471805e-17,0.000000000000000000e+00
4.620000000000000107e+00,2.006389984472405870e-119,1.421085471520169818e-18,0.000000000000000000e+00
4.625000000000000000e+00,9.659724627981557349e-120,3.524291969370021117e-17,0.000000000000000000e+00
4.629999999999999893e+00,4.646115748632542135e-120,0.000000000000000000e+00,0.000000000000000000e+00
4.634999999999999787e+00,2.232498565908241690e-120,0.000000000000000000e+00,0.000000000000000000e+00
4.639999999999999680e+00,1.071687675425726717e-120,1.148710756145470477e-17,0.000000000000000000e+00
4.645000000000000462e+00,5.139503525292864479e-121,2.572164703451507173e-17,0.000000000000000000e+00
4.650000000000000355e+00,2.462351137947646656e-121,4.575895218294946266e-17,0.000000000000000000e+00
4.655000000000000249e+00,1.178568108659133477e-121,4.016934932830347239e-17,0.000000000000000000e+00
4.660000000000000142e+00,5.635536540340228348e-122,1.364242052659362963e-17,0.000000000000000000e+00
4.665000000000000036e+00,2.692103416791267515e-122,1.231607408650813765e-18,0.000000000000000000e+00
4.669999999999999929e+00,1.284766170923528356e-122,2.917962168188081748e-17,0.000000000000000000e+00
4.674999999999999822e+00,6.125370046617514150e-123,2.368475785866949696e-18,0.000000000000000000e+00
4.679999999999999716e+00,2.917537538113874196e-123,0.000000000000000000e+00,0.000000000000000000e+00
4.685000000000000497e+00,1.388278055761592512e-123,0.000000000000000000e+00,0.000000000000000000e+00
4.690000000000000391e+00,6.599520003360555272e-124,0.000000000000000000e+00,0.000000000000000000e+00
4.695000000000000284e+00,3.134181368073618535e-124,2.046363078989044599e-17,0.000000000000000000e+00
4.700000000000000178e+00,1.487002791318940286e-124,3.410605131648407408e-18,0.000000000000000000e+00
4.705000000000000071e+00,7.048153068253717928e-125,0.000000000000000000e+00,5.269657943252765276e-05
4.709999999999999964e+00,3.337449900802549062e-125,4.604316927725349731e-17,1.053931588650553055e-04
4.714999999999999858e+00,1.578810722553953721e-125,8.905468954859731011e-18,1.580897382975829379e-04
4.719999999999999751e+00,7.461416164719930189e-126,0.000000000000000000e+00,2.107863177301106110e-04
4.725000000000000533e+00,3.522802893674818284e-126,0.000000000000000000e+00,2.634828971626476083e-04
4.730000000000000426e+00,1.661618463855583326e-126,5.229594535194224744e-17,3.414005764967247111e-04
4.735000000000000320e+00,7.829790803622353726e-127,0.000000000000000000e+00,4.193182558308018682e-04
4.740000000000000213e+00,3.685911405690773906e-127,2.008467466415173619e-17,4.972359351648789711e-04
4.745000000000000107e+00,1.733466727890171186e-127,2.652692880170983351e-17,5.751536144989560740e-04
4.750000000000000000e+00,8.144454706808951536e-128,0.000000000000000000e+00,6.530712938330331769e-04
4.754999999999999893e+00,3.822824836584672475e-128,1.932676241267430736e-17,6.896157461862191269e-04
4.759999999999999787e+00,1.792597018297804052e-128,2.197945529284529133e-17,7.261601985394051852e-04
4.764999999999999680e+00,8.397631722876137994e-129,2.539006042449369797e-17,7.627046508925911352e-04
4.770000000000000462e+00,3.930129529877079818e-129,2.993753393335824323e-17,7.992491032457835903e-04
4.775000000000000355e+00,1.837523017109102205e-129,3.903248095108733376e-17,8.357935555989696487e-04
4.780000000000000249e+00,8.582910735996953337e-130,0.000000000000000000e+00,7.995630927583134966e-04
4.785000000000000142e+00,4.005090076739503138e-130,2.273736754432271862e-18,7.633326299176574530e-04
4.790000000000000036e+00,1.867092629822673653e-130,0.000000000000000000e+00,7.271021670770014093e-04
4.794999999999999929e+00,8.695515337716631103e-131,5.305385760341966394e-18,6.908717042363452573e-04
4.799999999999999822e+00,4.045765164177596663e-131,0.000000000000000000e+00,6.546412413956891052e-04
4.804999999999999716e+00,1.880537075183131107e-131,0.000000000000000000e+00,5.762652912262670188e-04
4.810000000000000497e+00,8.732508434529927702e-132,0.000000000000000000e+00,4.978893410568235737e-04
4.815000000000000391e+00,4.051091120596641075e-132,9.852859269206510119e-18,4.195133908873940063e-04
4.820000000000000284e+00,1.877504100314773551e-132,3.486396356796149829e-17,3.411374407179643847e-04
4.825000000000000178e+00,8.692919557294380888e-133,2.880066555614210460e-17,2.627614905485348173e-04
4.830000000000000071e+00,4.020928139965641203e-133,2.880066555614210460e-17,2.102091924388297295e-04
4.834999999999999964e+00,1.858073317994502812e-133,3.031649005909695611e-17,1.576568943291246417e-04
4.839999999999999858e+00,8.577787169335423515e-134,1.364242052659362963e-17,1.051045962194195268e-04
4.844999999999999751e+00,3.956066380473157408e-134,0.000000000000000000e+00,5.255229810971443903e-05
4.850000000000000533e+00,1.822752733872057743e-134,0.000000000000000000e+00,0.000000000000000000e+00
4.855000000000000426e+00,8.390113398575331126e-135,9.094947017729087449e-18,0.000000000000000000e+00
4.860000000000000320e+00,3.858191566319303303e-135,7.579122514774239027e-17,0.000000000000000000e+00
4.865000000000000213e+00,1.772456675107315221e-135,0.000000000000000000e+00,0.000000000000000000e+00
4.870000000000000107e+00,8.134733948213380545e-136,0.000000000000000000e+00,0.000000000000000000e+00
4.875000000000000000e+00,3.729812182992011053e-136,0.000000000000000000e+00,0.000000000000000000e+00
4.879999999999999893e+00,1.708466459022221931e-136,0.000000000000000000e+00,0.000000000000000000e+00
4.884999999999999787e+00,7.818111054900198041e-137,1.515824502954847805e-17,0.000000000000000000e+00
4.889999999999999680e+00,3.574152655267707876e-137,0.000000000000000000e+00,0.000000000000000000e+00
4.895000000000000462e+00,1.632376163456451835e-137,2.122154304136786558e-17,0.000000000000000000e+00
4.900000000000000355e+00,7.448061867559962604e-138,2.728484105318725926e-17,0.000000000000000000e+00
4.905000000000000249e+00,3.395018856833461510e-138,0.000000000000000000e+00,0.000000000000000000e+00
4.910000000000000142e+00,1.546026701777225594e-138,6.063298011819390605e-18,0.000000000000000000e+00
4.915000000000000036e+00,7.033438176293688878e-139,0.000000000000000000e+00,0.000000000000000000e+00
4.919999999999999929e+00,3.196643776401958170e-139,6.063298011819390605e-18,0.000000000000000000e+00
4.924999999999999822e+00,1.451432004336723923e-139,1.818989403545817490e-17,0.000000000000000000e+00
4.929999999999999716e+00,6.583775780128793792e-140,0.000000000000000000e+00,0.000000000000000000e+00
4.935000000000000497e+00,2.983522057988459085e-140,0.000000000000000000e+00,0.000000000000000000e+00
4.940000000000000391e+00,1.350701426264585178e-140,0.000000000000000000e+00,0.000000000000000000e+00
4.945000000000000284e+00,6.108932805066708700e-141,0.000000000000000000e+00,0.000000000000000000e+00
4.950000000000000178e+00,2.760242396034667324e-141,0.000000000000000000e+00,0.000000000000000000e+00
4.955000000000000071e+00,1.245962525752511865e-141,0.000000000000000000e+00,0.000000000000000000e+00
4.959999999999999964e+00,5.618735949092540114e-142,1.212659602363878121e-17,0.000000000000000000e+00
4.964999999999999858e+00,2.531326407932454513e-142,0.000000000000000000e+00,0.000000000000000000e+00
4.969999999999999751e+00,1.139288099840155435e-142,0.000000000000000000e+00,0.000000000000000000e+00
4.975000000000000533e+00,5.122652033599534473e-143,0.000000000000000000e+00,0.000000000000000000e+00
4.980000000000000426e+00,2.301081688003118271e-143,0.000000000000000000e+00,0.000000000000000000e+00
4.985000000000000320e+00,1.032630861568280951e-143,0.000000000000000000e+00,0.000000000000000000e+00
4.990000000000000213e+00,4.629499576859617616e-144,0.000000000000000000e+00,0.000000000000000000e+00
4.995000000000000107e+00,2.073475372255299222e-144,0.000000000000000000e+00,0.000000000000000000e+00
5.000000000000000000e+00,9.277684471436704162e-145,1.212659602363878121e-17,0.000000000000000000e+00
5.004999999999999893e+00,4.147211647482965226e-145,0.000000000000000000e+00,0.000000000000000000e+00
5.009999999999999787e+00,1.852032847872852230e-145,0.000000000000000000e+00,0.000000000000000000e+00
5.014999999999999680e+00,8.262606207398618627e-146,0.000000000000000000e+00,0.000000000000000000e+00
5.020000000000000462e+00,3.682657323952693160e-146,0.000000000000000000e+00,0.000000000000000000e+00
5.025000000000000355e+00,1.639764377475230174e-146,2.425319204727756242e-17,0.000000000000000000e+00
5.030000000000000249e+00,7.294196693390719978e-147,0.000000000000000000e+00,0.000000000000000000e+00
5.035000000000000142e+00,3.241525013469356296e-147,0.000000000000000000e+00,0.000000000000000000e+00
5.040000000000000036e+00,1.439120529329908057e-147,2.425319204727756242e-17,0.000000000000000000e+00
5.044999999999999929e+00,6.382941206185485353e-148,0.000000000000000000e+00,0.000000000000000000e+00
5.049999999999999822e+00,2.828266985549912560e-148,0.000000000000000000e+00,0.000000000000000000e+00
5.054999999999999716e+00,1.251975551875505525e-148,0.000000000000000000e+00,0.000000000000000000e+00
5.060000000000000497e+00,5.536651355136383924e-149,0.000000000000000000e+00,0.000000000000000000e+00
5.065000000000000391e+00,2.446101024234865198e-149,0.000000000000000000e+00,0.000000000000000000e+00
5.070000000000000284e+00,1.079636320852589459e-149,0.000000000000000000e+00,0.000000000000000000e+00
5.075000000000000178e+00,4.760542732704573495e-150,0.000000000000000000e+00,0.000000000000000000e+00
5.080000000000000071e+00,2.097062303947986176e-150,4.850638409455512484e-17,0.000000000000000000e+00
5.084999999999999964e+00,9.228733045160586521e-151,0.000000000000000000e+00,0.000000000000000000e+00
5.089999999999999858e+00,4.057408342340697662e-151,0.000000000000000000e+00,0.000000000000000000e+00
5.094999999999999751e+00,1.782096578400657666e-151,0.000000000000000000e+00,0.000000000000000000e+00
5.100000000000000533e+00,7.819691850370393138e-152,0.000000000000000000e+00,0.000000000000000000e+00
5.105000000000000426e+00,3.427866709856733048e-152,0.000000000000000000e+00,0.000000000000000000e+00
5.110000000000000320e+00,1.501184590529205010e-152,4.850638409455512484e-17,0.000000000000000000e+00
5.115000000000000213e+00,6.567803541259598349e-153,0.000000000000000000e+00,0.000000000000000000e+00
5.120000000000000107e+00,2.870662218909367254e-153,0.000000000000000000e+00,0.000000000000000000e+00
5.125000000000000000e+00,1.253487241422078186e-153,0.000000000000000000e+00,0.000000000000000000e+00
5.129999999999999893e+00,5.468064471292473425e-154,0.000000000000000000e+00,0.000000000000000000e+00
5.134999999999999787e+00,2.382995484407369902e-154,0.000000000000000000e+00,0.000000000000000000e+00
5.139999999999999680e+00,1.037501412373504513e-154,0.000000000000000000e+00,0.000000000000000000e+00
5.145000000000000462e+00,4.512633448016926556e-155,0.000000000000000000e+00,0.000000000000000000e+00
5.150000000000000355e+00,1.960863235266100209e-155,4.850638409455512484e-17,0.000000000000000000e+00
5.155000000000000249e+00,8.512172851400894002e-156,0.000000000000000000e+00,0.000000000000000000e+00
5.160000000000000142e+00,3.691555893116556978e-156,0.000000000000000000e+00,0.000000000000000000e+00
5.165000000000000036e+00,1.599389892252537504e-156,0.000000000000000000e+00,0.000000000000000000e+00
5.169999999999999929e+00,6.922693918310628540e-157,0.000000000000000000e+00,0.000000000000000000e+00
5.174999999999999822e+00,2.993448544555285466e-157,0.000000000000000000e+00,0.000000000000000000e+00
5.179999999999999716e+00,1.293136436331692556e-157,0.000000000000000000e+00,0.000000000000000000e+00
5.185000000000000497e+00,5.580752785957199631e-158,0.000000000000000000e+00,0.000000000000000000e+00
5.190000000000000391e+00,2.406119013012494511e-158,4.850638409455512484e-17,0.000000000000000000e+00
5.195000000000000284e+00,1.036375909644727250e-158,0.000000000000000000e+00,0.000000000000000000e+00
5.200000000000000178e+00,4.459574239215003365e-159,0.000000000000000000e+00,0.000000000000000000e+00
5.205000000000000071e+00,1.917102665963093277e-159,9.701276818911024968e-17,0.000000000000000000e+00
5.209999999999999964e+00,8.233286505922002028e-160,9.701276818911024968e-17,0.000000000000000000e+00
5.214999999999999858e+00,3.532457700626136440e-160,4.850638409455512484e-17,0.000000000000000000e+00
5.219999999999999751e+00,1.514107100203302874e-160,0.000000000000000000e+00,0.000000000000000000e+00
5.225000000000000533e+00,6.483538681629073705e-161,9.701276818911024968e-17,0.000000000000000000e+00
5.230000000000000426e+00,2.773597905974574353e-161,1.455191522836653992e-16,0.000000000000000000e+00
5.235000000000000320e+00,1.185361396633936263e-161,0.000000000000000000e+00,0.000000000000000000e+00
5.240000000000000213e+00,5.060972094562856879e-162,0.000000000000000000e+00,0.000000000000000000e+00
5.245000000000000107e+00,2.158703472248443182e-162,0.000000000000000000e+00,0.000000000000000000e+00
5.250000000000000000e+00,9.198731061019211712e-163,0.000000000000000000e+00,0.000000000000000000e+00
5.254999999999999893e+00,3.915964425156532266e-163,9.701276818911024968e-17,0.000000000000000000e+00
5.259999999999999787e+00,1.665426374436456427e-163,0.000000000000000000e+00,0.000000000000000000e+00
5.264999999999999680e+00,7.076003232590440200e-164,0.000000000000000000e+00,0.000000000000000000e+00
5.270000000000000462e+00,3.003492083018105747e-164,0.000000000000000000e+00,0.000000000000000000e+00
5.275000000000000355e+00,1.273622857539841873e-164,0.000000000000000000e+00,0.000000000000000000e+00
5.280000000000000249e+00,5.395492362990180549e-165,9.701276818911024968e-17,0.000000000000000000e+00
5.285000000000000142e+00,2.283479956637307461e-165,0.000000000000000000e+00,0.000000000000000000e+00
5.290000000000000036e+00,9.654709480531726958e-166,0.000000000000000000e+00,0.000000000000000000e+00
5.294999999999999929e+00,4.078092763206119749e-166,9.701276818911024968e-17,0.000000000000000000e+00
5.299999999999999822e+00,1.720881140046685766e-166,9.701276818911024968e-17,0.000000000000000000e+00
5.304999999999999716e+00,7.254717973030078122e-167,9.701276818911024968e-17,0.000000000000000000e+00
5.310000000000000497e+00,3.055385949526484038e-167,9.701276818911024968e-17,0.000000000000000000e+00
5.315000000000000391e+00,1.285545654564447548e-167,4.850638409455512484e-17,0.000000000000000000e+00
5.320000000000000284e+00,5.403620200038281778e-168,4.850638409455512484e-17,0.000000000000000000e+00
5.325000000000000178e+00,2.269122868121115969e-168,9.701276818911024968e-17,0.000000000000000000e+00
5.330000000000000071e+00,9.519345575358341591e-169,4.850638409455512484e-17,0.000000000000000000e+00
5.334999999999999964e+00,3.989624826785320401e-169,9.701276818911024968e-17,0.000000000000000000e+00
5.339999999999999858e+00,1.670447791913500013e-169,9.701276818911024968e-17,0.000000000000000000e+00
5.344999999999999751e+00,6.987304021673957820e-170,9.701276818911024968e-17,0.000000000000000000e+00
5.350000000000000533e+00,2.919861540007128512e-170,0.000000000000000000e+00,0.000000000000000000e+00
5.355000000000000426e+00,1.218963662884237782e-170,9.701276818911024968e-17,0.000000000000000000e+00
5.360000000000000320e+00,5.083878300751005097e-171,0.000000000000000000e+00,0.000000000000000000e+00
5.365000000000000213e+00,2.118241226222170899e-171,9.701276818911024968e-17,0.000000000000000000e+00
5.370000000000000107e+00,8.817217846368666389e-172,9.701276818911024968e-17,0.000000000000000000e+00
5.375000000000000000e+00,3.666600641440816941e-172,4.850638409455512484e-17,0.000000000000000000e+00
5.379999999999999893e+00,1.523251215846283556e-172,0.000000000000000000e+00,0.000000000000000000e+00
5.384999999999999787e+00,6.322012367671014473e-173,9.701276818911024968e-17,0.000000000000000000e+00
5.389999999999999680e+00,2.621289772786244999e-173,4.850638409455512484e-17,0.000000000000000000e+00
5.395000000000000462e+00,1.085801930112277841e-173,4.850638409455512484e-17,0.000000000000000000e+00
5.400000000000000355e+00,4.493265383459998588e-174,4.850638409455512484e-17,0.000000000000000000e+00
5.405000000000000249e+00,1.857588076317417122e-174,0.000000000000000000e+00,0.000000000000000000e+00
5.410000000000000142e+00,7.672071539733896563e-175,0.000000000000000000e+00,0.000000000000000000e+00
5.415000000000000036e+00,3.165568803106898236e-175,0.000000000000000000e+00,0.000000000000000000e+00
5.419999999999999929e+00,1.304868523365792560e-175,0.000000000000000000e+00,0.000000000000000000e+00
5.424999999999999822e+00,5.373504748915850150e-176,9.701276818911024968e-17,0.000000000000000000e+00
5.429999999999999716e+00,2.210672472215796898e-176,1.455191522836653992e-16,0.000000000000000000e+00
5.435000000000000497e+00,9.085881198794060307e-177,4.850638409455512484e-17,0.000000000000000000e+00
5.440000000000000391e+00,3.730659297165011545e-177,4.850638409455512484e-17,0.000000000000000000e+00
5.445000000000000284e+00,1.530312085505692651e-177,4.850638409455512484e-17,0.000000000000000000e+00
5.450000000000000178e+00,6.271195092225121973e-178,9.701276818911024968e-17,0.000000000000000000e+00
5.455000000000000071e+00,2.567417513280867125e-178,4.850638409455512484e-17,0.000000000000000000e+00
5.459999999999999964e+00,1.050070774625013543e-178,9.701276818911024968e-17,0.000000000000000000e+00
5.464999999999999858e+00,4.290585174914557067e-179,0.000000000000000000e+00,0.000000000000000000e+00
5.469999999999999751e+00,1.751420257143524648e-179,4.850638409455512484e-17,0.000000000000000000e+00
5.475000000000000533e+00,7.142332981145818880e-180,4.850638409455512484e-17,0.000000000000000000e+00
5.480000000000000426e+00,2.909817173665424963e-180,2.425319204727756242e-17,0.000000000000000000e+00
5.485000000000000320e+00,1.184314908411956357e-180,4.850638409455512484e-17,0.000000000000000000e+00
5.490000000000000213e+00,4.815535337549519277e-181,2.425319204727756242e-17,0.000000000000000000e+00
5.495000000000000107e+00,1.956130552534360331e-181,0.000000000000000000e+00,0.000000000000000000e+00
5.500000000000000000e+00,7.938290408452722897e-182,0.000000000000000000e+00,0.000000000000000000e+00
5.504999999999999893e+00,3.218340670550961794e-182,0.000000000000000000e+00,0.000000000000000000e+00
5.509999999999999787e+00,1.303505681822103098e-182,0.000000000000000000e+00,0.000000000000000000e+00
5.514999999999999680e+00,5.274359499124538050e-183,0.000000000000000000e+00,0.000000000000000000e+00
5.520000000000000462e+00,2.132074674541954133e-183,2.425319204727756242e-17,0.000000000000000000e+00
5.525000000000000355e+00,8.610155193007927597e-184,0.000000000000000000e+00,0.000000000000000000e+00
5.530000000000000249e+00,3.473724979336965190e-184,4.850638409455512484e-17,0.000000000000000000e+00
5.535000000000000142e+00,1.400089401808378681e-184,4.850638409455512484e-17,0.000000000000000000e+00
5.540000000000000036e+00,5.637570539277582107e-185,2.425319204727756242e-17,0.000000000000000000e+00
5.544999999999999929e+00,2.267796569853835583e-185,0.000000000000000000e+00,0.000000000000000000e+00
5.549999999999999822e+00,9.113644491788682086e-186,0.000000000000000000e+00,0.000000000000000000e+00
5.554999999999999716e+00,3.658945638523473170e-186,3.637978807091634979e-17,0.000000000000000000e+00
5.560000000000000497e+00,1.467559490038055605e-186,2.425319204727756242e-17,0.000000000000000000e+00
5.565000000000000391e+00,5.880460775372720316e-187,0.000000000000000000e+00,0.000000000000000000e+00
5.570000000000000284e+00,2.353980625272860631e-187,6.063298011819391222e-17,0.000000000000000000e+00
5.575000000000000178e+00,9.413915481620500950e-188,0.000000000000000000e+00,0.000000000000000000e+00
5.580000000000000071e+00,3.761088823663999170e-188,3.637978807091634979e-17,0.000000000000000000e+00
5.584999999999999964e+00,1.501179999216835817e-188,0.000000000000000000e+00,0.000000000000000000e+00
5.589999999999999858e+00,5.985877616323553769e-189,0.000000000000000000e+00,0.000000000000000000e+00
5.594999999999999751e+00,2.384507986254675945e-189,0.000000000000000000e+00,0.000000000000000000e+00
5.600000000000000533e+00,9.489549896265974979e-190,3.637978807091634979e-17,0.000000000000000000e+00
5.605000000000000426e+00,3.772839499989683249e-190,0.000000000000000000e+00,0.000000000000000000e+00
5.610000000000000320e+00,1.498535139422542601e-190,0.000000000000000000e+00,0.000000000000000000e+00
5.615000000000000213e+00,5.946226067645806901e-191,0.000000000000000000e+00,0.000000000000000000e+00
5.620000000000000107e+00,2.357174781026330700e-191,0.000000000000000000e+00,0.000000000000000000e+00
5.625000000000000000e+00,9.335079907714095818e-192,0.000000000000000000e+00,0.000000000000000000e+00
5.629999999999999893e+00,3.693347554792760520e-192,0.000000000000000000e+00,0.000000000000000000e+00
5.634999999999999787e+00,1.459816272384766568e-192,0.000000000000000000e+00,0.000000000000000000e+00
5.639999999999999680e+00,5.764373421746534653e-193,1.818989403545817490e-17,0.000000000000000000e+00
5.645000000000000462e+00,2.273955167701614261e-193,0.000000000000000000e+00,0.000000000000000000e+00
5.650000000000000355e+00,8.961641642266537391e-194,3.031649005909695611e-17,0.000000000000000000e+00
5.655000000000000249e+00,3.528329477003456909e-194,1.212659602363878121e-17,0.000000000000000000e+00
5.660000000000000142e+00,1.387799021218383799e-194,4.850638409455512484e-17,0.000000000000000000e+00
5.665000000000000036e+00,5.453306467252461051e-195,3.031649005909695611e-17,0.000000000000000000e+00
5.669999999999999929e+00,2.140765600295602488e-195,1.212659602363878121e-17,0.000000000000000000e+00
5.674999999999999822e+00,8.395647853848507277e-196,3.637978807091634979e-17,0.000000000000000000e+00
5.679999999999999716e+00,3.289388693925398428e-196,0.000000000000000000e+00,0.000000000000000000e+00
5.685000000000000497e+00,1.287514298268486413e-196,0.000000000000000000e+00,0.000000000000000000e+00
5.690000000000000391e+00,5.034598132503303481e-197,0.000000000000000000e+00,0.000000000000000000e+00
5.695000000000000284e+00,1.966769407418666356e-197,2.425319204727756242e-17,0.000000000000000000e+00
5.700000000000000178e+00,7.675699475423497430e-198,2.425319204727756242e-17,0.000000000000000000e+00
5.705000000000000071e+00,2.992666796075307250e-198,0.000000000000000000e+00,0.000000000000000000e+00
5.709999999999999964e+00,1.165667403100615053e-198,1.212659602363878121e-17,0.000000000000000000e+00
5.714999999999999858e+00,4.535935006399341126e-199,0.000000000000000000e+00,0.000000000000000000e+00
5.719999999999999751e+00,1.763335205951113812e-199,6.063298011819390605e-18,0.000000000000000000e+00
5.725000000000000533e+00,6.848237575499070861e-200,3.637978807091634979e-17,0.000000000000000000e+00
5.730000000000000426e+00,2.657043363640306148e-200,0.000000000000000000e+00,0.000000000000000000e+00
5.735000000000000320e+00,1.029898322059350944e-200,1.212659602363878121e-17,0.000000000000000000e+00
5.740000000000000213e+00,3.988099115259223974e-201,0.000000000000000000e+00,0.000000000000000000e+00
5.745000000000000107e+00,1.542813463401293219e-201,0.000000000000000000e+00,0.000000000000000000e+00
5.750000000000000000e+00,5.962615178398610367e-202,4.850638409455512484e-17,0.000000000000000000e+00
5.754999999999999893e+00,2.302162772370780373e-202,0.000000000000000000e+00,0.000000000000000000e+00
5.759999999999999787e+00,8.879963007326347934e-203,0.000000000000000000e+00,0.000000000000000000e+00
5.764999999999999680e+00,3.421859476518116008e-203,1.212659602363878121e-17,0.000000000000000000e+00
5.770000000000000462e+00,1.317313277001900034e-203,3.637978807091634979e-17,0.000000000000000000e+00
5.775000000000000355e+00,5.066311068628029726e-204,1.212659602363878121e-17,0.000000000000000000e+00
5.780000000000000249e+00,1.946572208857967161e-204,0.000000000000000000e+00,0.000000000000000000e+00
5.785000000000000142e+00,7.471797100335786499e-205,1.212659602363878121e-17,0.000000000000000000e+00
5.790000000000000036e+00,2.865203714401003271e-205,0.000000000000000000e+00,0.000000000000000000e+00
5.794999999999999929e+00,1.097644802644022996e-205,2.425319204727756242e-17,0.000000000000000000e+00
5.799999999999999822e+00,4.200916308296004160e-206,1.212659602363878121e-17,0.000000000000000000e+00
5.804999999999999716e+00,1.606209232646738364e-206,1.212659602363878121e-17,0.000000000000000000e+00
5.810000000000000497e+00,6.135304057931839678e-207,1.212659602363878121e-17,0.000000000000000000e+00
5.815000000000000391e+00,2.341240066340068515e-207,2.425319204727756242e-17,0.000000000000000000e+00
5.820000000000000284e+00,8.925482217015913401e-208,2.425319204727756242e-17,0.000000000000000000e+00
5.825000000000000178e+00,3.399329903098895133e-208,0.000000000000000000e+00,0.000000000000000000e+00
5.830000000000000071e+00,1.293393948316681050e-208,0.000000000000000000e+00,0.000000000000000000e+00
5.834999999999999964e+00,4.916366138457625954e-209,7.275957614183269959e-17,0.000000000000000000e+00
5.839999999999999858e+00,1.866953483450142534e-209,2.425319204727756242e-17,0.000000000000000000e+00
5.844999999999999751e+00,7.082696953886877231e-210,0.000000000000000000e+00,0.000000000000000000e+00
5.850000000000000533e+00,2.684353500715988616e-210,0.000000000000000000e+00,0.000000000000000000e+00
5.855000000000000426e+00,1.016381235801046499e-210,2.425319204727756242e-17,0.000000000000000000e+00
5.860000000000000320e+00,3.844584886020554935e-211,0.000000000000000000e+00,0.000000000000000000e+00
5.865000000000000213e+00,1.452841223772143757e-211,0.000000000000000000e+00,0.000000000000000000e+00
5.870000000000000107e+00,5.484824534217504978e-212,2.425319204727756242e-17,0.000000000000000000e+00
5.875000000000000000e+00,2.068631850248994120e-212,0.000000000000000000e+00,0.000000000000000000e+00
5.879999999999999893e+00,7.794343833485008517e-213,4.850638409455512484e-17,0.000000000000000000e+00
5.884999999999999787e+00,2.933943844139585727e-213,0.000000000000000000e+00,0.000000000000000000e+00
5.889999999999999680e+00,1.103316006031469064e-213,4.850638409455512484e-17,0.000000000000000000e+00
5.895000000000000462e+00,4.144994173174095401e-214,9.701276818911024968e-17,0.000000000000000000e+00
5.900000000000000355e+00,1.555692702192984701e-214,7.275957614183269959e-17,0.000000000000000000e+00
5.905000000000000249e+00,5.833102242074823844e-215,2.425319204727756242e-17,0.000000000000000000e+00
5.910000000000000142e+00,2.184999024473687918e-215,7.275957614183269959e-17,0.000000000000000000e+00
5.915000000000000036e+00,8.176713676290692229e-216,0.000000000000000000e+00,0.000000000000000000e+00
5.919999999999999929e+00,3.056906937678116778e-216,4.850638409455512484e-17,0.000000000000000000e+00
5.924999999999999822e+00,1.141725048175176001e-216,0.000000000000000000e+00,0.000000000000000000e+00
5.929999999999999716e+00,4.260069897755145721e-217,4.850638409455512484e-17,0.000000000000000000e+00
5.935000000000000497e+00,1.587990152835156532e-217,4.850638409455512484e-17,0.000000000000000000e+00
5.940000000000000391e+00,5.913638456497492069e-218,0.000000000000000000e+00,0.000000000000000000e+00
5.945000000000000284e+00,2.200075669091457002e-218,4.850638409455512484e-17,0.000000000000000000e+00
5.950000000000000178e+00,8.177044310290899381e-219,4.850638409455512484e-17,0.000000000000000000e+00
5.955000000000000071e+00,3.036204142266279105e-219,4.850638409455512484e-17,0.000000000000000000e+00
5.959999999999999964e+00,1.126267287076924091e-219,4.850638409455512484e-17,0.000000000000000000e+00
5.964999999999999858e+00,4.173763683773760766e-220,0.000000000000000000e+00,0.000000000000000000e+00
5.969999999999999751e+00,1.545219307769433688e-220,4.850638409455512484e-17,0.000000000000000000e+00
5.975000000000000533e+00,5.715158516579927831e-221,4.850638409455512484e-17,0.000000000000000000e+00
5.980000000000000426e+00,2.111749107619014324e-221,0.000000000000000000e+00,0.000000000000000000e+00
5.985000000000000320e+00,7.795289389140394974e-222,0.000000000000000000e+00,0.000000000000000000e+00
5.990000000000000213e+00,2.874736543596985522e-222,4.850638409455512484e-17,0.000000000000000000e+00
5.995000000000000107e+00,1.059106763352809094e-222,0.000000000000000000e+00,0.000000000000000000e+00
6.000000000000000000e+00,3.898138965979495014e-223,0.000000000000000000e+00,0.000000000000000000e+00
6.004999999999999893e+00,1.433345137961645665e-223,0.000000000000000000e+00,0.000000000000000000e+00
6.009999999999999787e+00,5.265263643277022241e-224,0.000000000000000000e+00,0.000000000000000000e+00
6.015000000000000568e+00,1.932259054107812227e-224,0.000000000000000000e+00,0.000000000000000000e+00
6.020000000000000462e+00,7.084129051127393657e-225,0.000000000000000000e+00,0.000000000000000000e+00
6.025000000000000355e+00,2.594677952342252746e-225,4.530223184353647038e-17,0.000000000000000000e+00
6.030000000000000249e+00,9.494155559398218869e-226,3.076268220863026542e-17,0.000000000000000000e+00
6.035000000000000142e+00,3.470604369809384197e-226,5.965041539557190199e-17,0.000000000000000000e+00
6.040000000000000036e+00,1.267446859317876093e-226,7.242604253938834085e-17,0.000000000000000000e+00
6.044999999999999929e+00,4.624132758752801658e-227,3.146136590275291234e-17,0.000000000000000000e+00
6.049999999999999822e+00,1.685414450099668359e-227,4.619590372698451025e-17,0.000000000000000000e+00
6.054999999999999716e+00,6.137040880828568112e-228,0.000000000000000000e+00,0.000000000000000000e+00
6.060000000000000497e+00,2.232478081950353995e-228,0.000000000000000000e+00,0.000000000000000000e+00
6.065000000000000391e+00,8.113183066523622135e-229,0.000000000000000000e+00,0.000000000000000000e+00
6.070000000000000284e+00,2.945582775661092071e-229,1.281931089614790248e-17,0.000000000000000000e+00
6.075000000000000178e+00,1.068383253490418109e-229,7.581144647636374874e-18,0.000000000000000000e+00
6.080000000000000071e+00,3.871317552693018642e-230,2.845628361714881159e-17,0.000000000000000000e+00
6.084999999999999964e+00,1.401413851209950874e-230,7.448643214265805719e-17,0.000000000000000000e+00
6.089999999999999858e+00,5.068155121326647183e-231,0.000000000000000000e+00,0.000000000000000000e+00
6.094999999999999751e+00,1.831088252746596378e-231,5.233321584426789919e-17,0.000000000000000000e+00
6.100000000000000533e+00,6.609133711288388968e-232,6.025927673961358276e-17,0.000000000000000000e+00
6.105000000000000426e+00,2.383173628403424912e-232,0.000000000000000000e+00,0.000000000000000000e+00
6.110000000000000320e+00,8.585047746689459073e-233,3.447462757115998176e-17,0.000000000000000000e+00
6.115000000000000213e+00,3.089623997118447977e-233,1.283206992002285214e-17,0.000000000000000000e+00
6.120000000000000107e+00,1.110821888001612656e-233,4.856868756211596945e-17,0.000000000000000000e+00
6.125000000000000000e+00,3.989873366661064579e-234,2.987170292072983705e-17,0.000000000000000000e+00
6.129999999999999893e+00,1.431692268246786808e-234,7.355217979275010206e-17,0.000000000000000000e+00
6.134999999999999787e+00,5.132348417968661925e-235,0.000000000000000000e+00,0.000000000000000000e+00
6.140000000000000568e+00,1.838054852307139028e-235,6.487754487920719431e-17,0.000000000000000000e+00
6.145000000000000462e+00,6.576225369651371903e-236,0.000000000000000000e+00,0.000000000000000000e+00
6.150000000000000355e+00,2.350557031990430857e-236,6.941399400780069154e-18,0.000000000000000000e+00
6.155000000000000249e+00,8.393455304068382184e-237,0.000000000000000000e+00,0.000000000000000000e+00
6.160000000000000142e+00,2.994240328905054933e-237,2.060214514114250352e-17,0.000000000000000000e+00
6.165000000000000036e+00,1.067108091915015258e-237,3.853275742974991834e-17,0.000000000000000000e+00
6.169999999999999929e+00,3.799321586575257222e-238,3.980692289403971321e-17,0.000000000000000000e+00
6.174999999999999822e+00,1.351386516554087106e-238,0.000000000000000000e+00,0.000000000000000000e+00
6.179999999999999716e+00,4.802075589550927007e-239,5.070900602733369498e-17,0.000000000000000000e+00
6.185000000000000497e+00,1.704724830013699802e-239,2.453707307577692265e-17,0.000000000000000000e+00
6.190000000000000391e+00,6.045823523319332668e-240,0.000000000000000000e+00,0.000000000000000000e+00
6.195000000000000284e+00,2.142064429454208379e-240,0.000000000000000000e+00,0.000000000000000000e+00
6.200000000000000178e+00,7.582029629250482582e-241,4.871671577304398462e-17,0.000000000000000000e+00
6.205000000000000071e+00,2.681108004715346443e-241,7.835326072831246417e-17,0.000000000000000000e+00
6.209999999999999964e+00,9.471505714492579246e-242,0.000000000000000000e+00,0.000000000000000000e+00
6.214999999999999858e+00,3.342717124746634885e-242,0.000000000000000000e+00,0.000000000000000000e+00
6.219999999999999751e+00,1.178571978528672127e-242,0.000000000000000000e+00,0.000000000000000000e+00
6.225000000000000533e+00,4.151341685340567542e-243,2.432674139728806904e-17,0.000000000000000000e+00
6.230000000000000426e+00,1.460820093525509717e-243,4.214632715529662110e-17,0.000000000000000000e+00
6.235000000000000320e+00,5.135477984343183402e-244,0.000000000000000000e+00,0.000000000000000000e+00
6.240000000000000213e+00,1.803602770953709362e-244,3.066360406606415980e-17,0.000000000000000000e+00
6.245000000000000107e+00,6.328150514461817095e-245,1.556801375686808470e-17,0.000000000000000000e+00
6.250000000000000000e+00,2.218138147941786043e-245,3.031649005909695611e-17,0.000000000000000000e+00
6.254999999999999893e+00,7.767410646011011791e-246,0.000000000000000000e+00,0.000000000000000000e+00
6.259999999999999787e+00,2.717313993177325809e-246,2.454995097471667248e-17,0.000000000000000000e+00
6.265000000000000568e+00,9.496843228436027317e-247,0.000000000000000000e+00,0.000000000000000000e+00
6.270000000000000462e+00,3.315847867461627188e-247,4.184956822785751104e-17,0.000000000000000000e+00
6.275000000000000355e+00,1.156606979986174316e-247,0.000000000000000000e+00,0.000000000000000000e+00
6.280000000000000249e+00,4.030444130177877465e-248,0.000000000000000000e+00,0.000000000000000000e+00
6.285000000000000142e+00,1.403123460334029752e-248,1.772028061011855504e-17,0.000000000000000000e+00
6.290000000000000036e+00,4.879943021524961139e-249,3.764177814184948380e-17,0.000000000000000000e+00
6.294999999999999929e+00,1.695545702896993250e-249,3.595912471393863640e-17,0.000000000000000000e+00
6.299999999999999822e+00,5.885456229719994734e-250,0.000000000000000000e+00,0.000000000000000000e+00
6.304999999999999716e+00,2.040923151257882017e-250,0.000000000000000000e+00,0.000000000000000000e+00
6.310000000000000497e+00,7.070482543680168723e-251,4.749360789386537543e-17,0.000000000000000000e+00
6.315000000000000391e+00,2.447075342228092853e-251,0.000000000000000000e+00,0.000000000000000000e+00
6.320000000000000284e+00,8.460996428778901084e-252,0.000000000000000000e+00,0.000000000000000000e+00
6.325000000000000178e+00,2.922614716945999054e-252,6.335697556700638302e-17,0.000000000000000000e+00
6.330000000000000071e+00,1.008550168525499835e-252,0.000000000000000000e+00,0.000000000000000000e+00
6.334999999999999964e+00,3.476957082194698095e-253,0.000000000000000000e+00,0.000000000000000000e+00
6.339999999999999858e+00,1.197504179944662233e-253,0.000000000000000000e+00,0.000000000000000000e+00
6.344999999999999751e+00,4.120317001858100588e-254,0.000000000000000000e+00,0.000000000000000000e+00
6.350000000000000533e+00,1.416315822442300969e-254,3.900166834950643691e-17,0.000000000000000000e+00
6.355000000000000426e+00,4.863685313904959644e-255,0.000000000000000000e+00,0.000000000000000000e+00
6.360000000000000320e+00,1.668578767797966946e-255,0.000000000000000000e+00,0.000000000000000000e+00
6.365000000000000213e+00,5.718785962738378449e-256,0.000000000000000000e+00,0.000000000000000000e+00
6.370000000000000107e+00,1.958108967161121475e-256,2.077312492073773084e-18,0.000000000000000000e+00
6.375000000000000000e+00,6.698009425500739452e-257,0.000000000000000000e+00,0.000000000000000000e+00
6.379999999999999893e+00,2.288919593103967238e-257,1.587566731396530150e-17,0.000000000000000000e+00
6.384999999999999787e+00,7.814320208210481319e-258,0.000000000000000000e+00,0.000000000000000000e+00
6.390000000000000568e+00,2.665187417940434454e-258,7.138728932861529108e-18,0.000000000000000000e+00
6.395000000000000462e+00,9.081136205693106453e-259,3.524170242952180680e-17,0.000000000000000000e+00
6.400000000000000355e+00,3.091209996290100490e-259,0.000000000000000000e+00,0.000000000000000000e+00
6.405000000000000249e+00,1.051217816752802253e-259,0.000000000000000000e+00,0.000000000000000000e+00
6.410000000000000142e+00,3.571353182943871385e-260,0.000000000000000000e+00,0.000000000000000000e+00
6.415000000000000036e+00,1.212128809620079581e-260,0.000000000000000000e+00,0.000000000000000000e+00
6.419999999999999929e+00,4.109988723409623353e-261,0.000000000000000000e+00,0.000000000000000000e+00
6.424999999999999822e+00,1.392221612410459046e-261,0.000000000000000000e+00,0.000000000000000000e+00
6.429999999999999716e+00,4.711421903472484513e-262,2.721616075989036089e-17,0.000000000000000000e+00
6.435000000000000497e+00,1.592837626815766144e-262,5.840088434390784086e-18,0.000000000000000000e+00
6.440000000000000391e+00,5.379809533202386805e-263,7.016229514489120646e-18,0.000000000000000000e+00
6.445000000000000284e+00,1.815257243348975919e-263,0.000000000000000000e+00,0.000000000000000000e+00
6.450000000000000178e+00,6.119068865511367719e-264,0.000000000000000000e+00,0.000000000000000000e+00
6.455000000000000071e+00,2.060669711301331787e-264,3.395807462947161167e-18,0.000000000000000000e+00
6.459999999999999964e+00,6.932778402844041761e-265,0.000000000000000000e+00,0.000000000000000000e+00
6.464999999999999858e+00,2.330140638284080918e-265,0.000000000000000000e+00,0.000000000000000000e+00
6.469999999999999751e+00,7.824071918899508913e-266,0.000000000000000000e+00,0.000000000000000000e+00
6.475000000000000533e+00,2.624577599262157961e-266,0.000000000000000000e+00,0.000000000000000000e+00
6.480000000000000426e+00,8.795527404321669473e-267,0.000000000000000000e+00,0.000000000000000000e+00
6.485000000000000320e+00,2.944694455665629421e-267,0.000000000000000000e+00,0.000000000000000000e+00
6.490000000000000213e+00,9.849053023014053638e-268,0.000000000000000000e+00,0.000000000000000000e+00
6.495000000000000107e+00,3.290975102216466147e-268,0.000000000000000000e+00,0.000000000000000000e+00
6.500000000000000000e+00,1.098577252448528175e-268,0.000000000000000000e+00,0.000000000000000000e+00
6.504999999999999893e+00,3.663637467697244953e-269,3.148045574583863181e-17,0.000000000000000000e+00
6.509999999999999787e+00,1.220591288160358064e-269,3.746892364394897708e-17,0.000000000000000000e+00
6.515000000000000568e+00,4.062598690897714160e-270,0.000000000000000000e+00,0.000000000000000000e+00
6.520000000000000462e+00,1.350869719593461881e-270,0.000000000000000000e+00,0.000000000000000000e+00
6.525000000000000355e+00,4.487442469202901495e-271,0.000000000000000000e+00,0.000000000000000000e+00
6.530000000000000249e+00,1.489224611813349324e-271,0.000000000000000000e+00,0.000000000000000000e+00
6.535000000000000142e+00,4.937389629670424120e-272,0.000000000000000000e+00,0.000000000000000000e+00
6.540000000000000036e+00,1.635349115316041575e-272,0.000000000000000000e+00,0.000000000000000000e+00
6.544999999999999929e+00,5.411272996307896577e-273,0.000000000000000000e+00,0.000000000000000000e+00
6.549999999999999822e+00,1.788810324551094397e-273,0.000000000000000000e+00,0.000000000000000000e+00
6.554999999999999716e+00,5.907517618566630545e-274,0.000000000000000000e+00,0.000000000000000000e+00
6.560000000000000497e+00,1.949043995674262291e-274,0.000000000000000000e+00,0.000000000000000000e+00
6.565000000000000391e+00,6.424127381670702581e-275,0.000000000000000000e+00,0.000000000000000000e+00
6.570000000000000284e+00,2.115351434809231323e-275,0.000000000000000000e+00,0.000000000000000000e+00
6.575000000000000178e+00,6.958678937284464931e-276,0.000000000000000000e+00,0.000000000000000000e+00
6.580000000000000071e+00,2.286898836057175697e-276,0.000000000000000000e+00,0.000000000000000000e+00
6.584999999999999964e+00,7.508323772504531838e-277,0.000000000000000000e+00,0.000000000000000000e+00
6.589999999999999858e+00,2.462719304375562743e-277,0.000000000000000000e+00,0.000000000000000000e+00
6.594999999999999751e+00,8.069799077056301481e-278,2.770962247892741119e-18,0.000000000000000000e+00
6.600000000000000533e+00,2.641717742760375919e-278,0.000000000000000000e+00,0.000000000000000000e+00
6.605000000000000426e+00,8.639447875290888220e-279,0.000000000000000000e+00,0.000000000000000000e+00
6.610000000000000320e+00,2.822678716929444817e-279,0.000000000000000000e+00,0.000000000000000000e+00
6.615000000000000213e+00,9.213248665160071824e-280,1.480023639292316146e-17,0.000000000000000000e+00
6.620000000000000107e+00,3.004277335452685578e-280,0.000000000000000000e+00,0.000000000000000000e+00
6.625000000000000000e+00,9.786854556431197079e-281,0.000000000000000000e+00,0.000000000000000000e+00
6.629999999999999893e+00,3.185093101029392251e-281,0.000000000000000000e+00,0.000000000000000000e+00
6.634999999999999787e+00,1.035564163209939445e-281,0.000000000000000000e+00,0.000000000000000000e+00
6.640000000000000568e+00,3.363626601831308677e-282,0.000000000000000000e+00,0.000000000000000000e+00
6.645000000000000462e+00,1.091476597863835506e-282,0.000000000000000000e+00,0.000000000000000000e+00
6.650000000000000355e+00,3.538318823331496633e-283,0.000000000000000000e+00,0.000000000000000000e+00
6.655000000000000249e+00,1.145922855177253903e-283,1.211634991405043646e-18,0.000000000000000000e+00
6.660000000000000142e+00,3.707572773902675811e-284,0.000000000000000000e+00,0.000000000000000000e+00
6.665000000000000036e+00,1.198394677486782403e-284,2.442745155634426247e-17,0.000000000000000000e+00
6.669999999999999929e+00,3.869777034917391568e-285,0.000000000000000000e+00,0.000000000000000000e+00
6.674999999999999822e+00,1.248383151708582230e-285,1.818989403545817490e-17,0.000000000000000000e+00
6.679999999999999716e+00,4.023330771348850169e-286,2.878234034237330603e-17,0.000000000000000000e+00
6.685000000000000497e+00,1.295386787820172893e-286,3.192559413699730613e-17,0.000000000000000000e+00
6.690000000000000391e+00,4.166669675057193080e-287,0.000000000000000000e+00,0.000000000000000000e+00
6.695000000000000284e+00,1.338919802587785753e-287,0.000000000000000000e+00,0.000000000000000000e+00
6.700000000000000178e+00,4.298292262879150416e-288,0.000000000000000000e+00,0.000000000000000000e+00
6.705000000000000071e+00,1.378520419755864687e-288,2.086353440474254898e-17,0.000000000000000000e+00
6.709999999999999964e+00,4.416785917735859524e-289,9.751119592959705894e-18,0.000000000000000000e+00
6.714999999999999858e+00,1.413758989984970340e-289,8.065659282014724007e-17,0.000000000000000000e+00
6.719999999999999751e+00,4.520852045115600276e-290,2.202621932778568982e-18,0.000000000000000000e+00
6.725000000000000533e+00,1.444245731823685024e-290,0.000000000000000000e+00,0.000000000000000000e+00
6.730000000000000426e+00,4.609329720716861200e-291,4.511672645202010832e-17,0.000000000000000000e+00
6.735000000000000320e+00,1.469637899210987731e-291,6.598026085676266655e-17,0.000000000000000000e+00
6.740000000000000213e+00,4.681217228277181547e-292,8.530824053361537828e-17,0.000000000000000000e+00
6.745000000000000107e+00,1.489646191474064779e-292,3.811726010678917853e-18,0.000000000000000000e+00
6.750000000000000000e+00,4.735690929424739282e-293,0.000000000000000000e+00,0.000000000000000000e+00
6.754999999999999893e+00,1.504040238313979774e-293,0.000000000000000000e+00,0.000000000000000000e+00
6.759999999999999787e+00,4.772120968756756221e-294,1.544270431616328495e-17,0.000000000000000000e+00
6.765000000000000568e+00,1.512653014416045001e-294,0.000000000000000000e+00,0.000000000000000000e+00
6.770000000000000462e+00,4.790083395503268226e-295,0.000000000000000000e+00,0.000000000000000000e+00
6.775000000000000355e+00,1.515384065411587881e-295,0.000000000000000000e+00,0.000000000000000000e+00
6.780000000000000249e+00,4.789368375616426809e-296,0.000000000000000000e+00,0.000000000000000000e+00
6.785000000000000142e+00,1.512201458076025994e-296,1.128526930968335443e-17,0.000000000000000000e+00
6.790000000000000036e+00,4.769984271875444381e-297,0.000000000000000000e+00,0.000000000000000000e+00
6.794999999999999929e+00,1.503142401827074980e-297,5.504070054288033172e-17,0.000000000000000000e+00
6.799999999999999822e+00,4.732157481081809718e-298,2.509451876123298612e-17,0.000000000000000000e+00
6.804999999999999716e+00,1.488312524610868628e-298,8.072873715899155336e-17,0.000000000000000000e+00
6.810000000000000497e+00,4.676328032776262168e-299,0.000000000000000000e+00,0.000000000000000000e+00
6.815000000000000391e+00,1.467883822878634762e-299,0.000000000000000000e+00,0.000000000000000000e+00
6.820000000000000284e+00,4.603141069110931657e-300,1.509699532036227151e-17,0.000000000000000000e+00
6.825000000000000178e+00,1.442091341283106876e-300,3.603407907511533019e-17,0.000000000000000000e+00
6.830000000000000071e+00,4.513434436536489907e-301,7.988741044503612658e-17,0.000000000000000000e+00
6.834999999999999964e+00,1.411228671712025672e-301,0.000000000000000000e+00,0.000000000000000000e+00
6.839999999999999858e+00,4.408222722972487672e-302,3.256806206023742963e-17,0.000000000000000000e+00
6.844999999999999751e+00,1.375642392158427556e-302,1.380924945154963477e-17,0.000000000000000000e+00
6.850000000000000533e+00,4.288678165616589184e-303,4.053722307739627724e-17,0.000000000000000000e+00
6.855000000000000426e+00,1.335725592667801476e-303,1.831520347616296848e-17,0.000000000000000000e+00
6.860000000000000320e+00,4.156108931498390725e-304,2.281834747844391245e-17,0.000000000000000000e+00
6.865000000000000213e+00,1.291910657338230584e-304,4.647802167084325784e-17,0.000000000000000000e+00
6.870000000000000107e+00,4.011935332885511792e-305,7.870037473527968636e-17,0.000000000000000000e+00
6.875000000000000000e+00,1.244661487426535023e-305,4.750952861358151404e-18,0.000000000000000000e+00
6.879999999999999893e+00,3.857664580991387720e-306,1.153307816876055956e-17,0.000000000000000000e+00
6.884999999999999787e+00,1.194465360607580428e-306,5.528850940195753839e-17,0.000000000000000000e+00
6.890000000000000568e+00,3.694864703158549344e-307,0.000000000000000000e+00,0.000000000000000000e+00
6.895000000000000462e+00,1.141824625165281181e-307,7.623452021357835707e-18,0.000000000000000000e+00
6.900000000000000355e+00,3.525138250617820862e-308,0.000000000000000000e+00,0.000000000000000000e+00
6.905000000000000249e+00,1.087248425427164163e-308,0.000000000000000000e+00,0.000000000000000000e+00
6.910000000000000142e+00,3.350096406634069443e-309,1.143236800970436612e-17,0.000000000000000000e+00
6.915000000000000036e+00,1.031244646388687037e-309,2.593584547518841598e-17,0.000000000000000000e+00
6.919999999999999929e+00,3.171334069636741475e-310,0.000000000000000000e+00,0.000000000000000000e+00
6.924999999999999822e+00,9.743122517217409603e-311,8.528107972456968838e-17,0.000000000000000000e+00
6.929999999999999716e+00,2.990406434724401756e-311,0.000000000000000000e+00,0.000000000000000000e+00
6.935000000000000497e+00,9.169341709205993520e-312,4.583299222020603227e-17,0.000000000000000000e+00
6.940000000000000391e+00,2.808807532181094943e-312,3.538904962447810462e-17,0.000000000000000000e+00
6.945000000000000284e+00,8.595708690497864404e-313,2.247032545018109693e-17,0.000000000000000000e+00
6.950000000000000178e+00,2.627951106168777284e-313,5.483977721463853252e-17,0.000000000000000000e+00
6.955000000000000071e+00,8.026547074223313391e-314,0.000000000000000000e+00,0.000000000000000000e+00
6.959999999999999964e+00,2.449154133908523877e-314,8.855060229487887485e-18,0.000000000000000000e+00
6.964999999999999858e+00,7.465851764533789442e-315,1.786184522392034922e-17,0.000000000000000000e+00
6.969999999999999751e+00,2.273623200732313233e-315,0.000000000000000000e+00,0.000000000000000000e+00
6.975000000000000533e+00,6.917250559825811095e-316,2.533357248033360914e-17,0.000000000000000000e+00
6.980000000000000426e+00,2.102443836699271744e-316,0.000000000000000000e+00,0.000000000000000000e+00
6.985000000000000320e+00,6.383974876199311542e-317,0.000000000000000000e+00,0.000000000000000000e+00
6.990000000000000213e+00,1.936573301903267159e-317,0.000000000000000000e+00,0.000000000000000000e+00
6.995000000000000107e+00,5.868842765285040087e-318,0.000000000000000000e+00,0.000000000000000000e+00
7.000000000000000000e+00,1.776832985421167009e-318,0.000000000000000000e+00,0.000000000000000000e+00
7.004999999999999893e+00,5.374248469202743409e-319,8.518406182283395366e-18,0.000000000000000000e+00
7.009999999999999787e+00,1.623894964751009141e-319,0.000000000000000000e+00,0.000000000000000000e+00
7.015000000000000568e+00,4.902119338036848211e-320,0.000000000000000000e+00,0.000000000000000000e+00
7.020000000000000462e+00,1.478244412357009660e-320,0.000000000000000000e+00,0.000000000000000000e+00
7.025000000000000355e+00,4.451531469029631363e-321,0.000000000000000000e+00,0.000000000000000000e+00
7.030000000000000249e+00,1.338917900229778135e-321,5.613400712835378144e-18,0.000000000000000000e+00
7.035000000000000142e+00,4.051338295898221662e-322,9.455491399555260551e-19,0.000000000000000000e+00
7.040000000000000036e+00,1.235164114603116360e-322,0.000000000000000000e+00,0.000000000000000000e+00
7.044999999999999929e+00,3.458459520888725809e-323,0.000000000000000000e+00,0.000000000000000000e+00
7.049999999999999822e+00,9.881312916824930884e-324,0.000000000000000000e+00,0.000000000000000000e+00
7.054999999999999716e+00,4.940656458412465442e-324,0.000000000000000000e+00,0.000000000000000000e+00
7.060000000000000497e+00,0.000000000000000000e+00,0.000000000000000000e+00,0.000000000000000000e+00
7.065000000000000391e+00,0.000000000000000000e+00,0.000000000000000000e+00,0.000000000000000000e+00
7.070000000000000284e+00,0.000000000000000000e+00,0.000000000000000000e+00,0.000000000000000000e+00
7.075000000000000178e+00,0.000000000000000000e+00,0.000000000000000000e+00,0.000000000000000000e+00
7.080000000000000071e+00,0.000000000000000000e+00,3.997488792465704539e-17,0.000000000000000000e+00
7.084999999999999964e+00,0.000000000000000000e+00,0.000000000000000000e+00,0.000000000000000000e+00
7.089999999999999858e+00,0.000000000000000000e+00,0.000000000000000000e+00,0.000000000000000000e+00
7.094999999999999751e+00,0.000000000000000000e+00,0.000000000000000000e+00,0.000000000000000000e+00
7.100000000000000533e+00,0.000000000000000000e+00,0.000000000000000000e+00,0.000000000000000000e+00
7.105000000000000426e+00,0.000000000000000000e+00,0.000000000000000000e+00,0.000000000000000000e+00
7.110000000000000320e+00,0.000000000000000000e+00,1.656209081434689115e-17,0.000000000000000000e+00
7.115000000000000213e+00,0.000000000000000000e+00,0.000000000000000000e+00,0.000000000000000000e+00
7.120000000000000107e+00,0.000000000000000000e+00,0.000000000000000000e+00,0.000000000000000000e+00
7.125000000000000000e+00,0.000000000000000000e+00,0.000000000000000000e+00,0.000000000000000000e+00
7.129999999999999893e+00,0.000000000000000000e+00,0.000000000000000000e+00,0.000000000000000000e+00
7.134999999999999787e+00,0.000000000000000000e+00,0.000000000000000000e+00,0.000000000000000000e+00
7.140000000000000568e+00,0.000000000000000000e+00,0.000000000000000000e+00,0.000000000000000000e+00
7.145000000000000462e+00,0.000000000000000000e+00,0.000000000000000000e+00,0.000000000000000000e+00
7.150000000000000355e+00,0.000000000000000000e+00,0.000000000000000000e+00,0.000000000000000000e+00
7.155000000000000249e+00,0.000000000000000000e+00,0.000000000000000000e+00,0.000000000000000000e+00
7.160000000000000142e+00,0.000000000000000000e+00,0.000000000000000000e+00,0.000000000000000000e+00
7.165000000000000036e+00,0.000000000000000000e+00,0.000000000000000000e+00,0.000000000000000000e+00
7.169999999999999929e+00,0.000000000000000000e+00,0.000000000000000000e+00,0.000000000000000000e+00
7.174999999999999822e+00,0.000000000000000000e+00,0.000000000000000000e+00,0.000000000000000000e+00
7.179999999999999716e+00,0.000000000000000000e+00,0.000000000000000000e+00,0.000000000000000000e+00
7.185000000000000497e+00,0.000000000000000000e+00,0.000000000000000000e+00,0.000000000000000000e+00
7.190000000000000391e+00,0.000000000000000000e+00,0.000000000000000000e+00,0.000000000000000000e+00
7.195000000000000284e+00,0.000000000000000000e+00,2.008993296280843517e-17,0.000000000000000000e+00
7.200000000000000178e+00,0.000000000000000000e+00,0.000000000000000000e+00,0.000000000000000000e+00
7.205000000000000071e+00,0.000000000000000000e+00,0.000000000000000000e+00,0.000000000000000000e+00
7.209999999999999964e+00,0.000000000000000000e+00,0.000000000000000000e+00,0.000000000000000000e+00
7.214999999999999858e+00,0.000000000000000000e+00,0.000000000000000000e+00,0.000000000000000000e+00
7.219999999999999751e+00,0.000000000000000000e+00,0.000000000000000000e+00,0.000000000000000000e+00
7.225000000000000533e+00,0.000000000000000000e+00,0.000000000000000000e+00,0.000000000000000000e+00
7.230000000000000426e+00,0.000000000000000000e+00,0.000000000000000000e+00,0.000000000000000000e+00
7.235000000000000320e+00,0.000000000000000000e+00,0.000000000000000000e+00,0.000000000000000000e+00
7.240000000000000213e+00,0.000000000000000000e+00,0.000000000000000000e+00,0.000000000000000000e+00
7.245000000000000107e+00,0.000000000000000000e+00,0.000000000000000000e+00,0.000000000000000000e+00
7.250000000000000000e+00,0.000000000000000000e+00,0.000000000000000000e+00,0.000000000000000000e+00
7.254999999999999893e+00,0.000000000000000000e+00,0.000000000000000000e+00,0.000000000000000000e+00
7.259999999999999787e+00,0.000000000000000000e+00,0.000000000000000000e+00,0.000000000000000000e+00
7.265000000000000568e+00,0.000000000000000000e+00,0.000000000000000000e+00,0.000000000000000000e+00
7.270000000000000462e+00,0.000000000000000000e+00,5.479108667061704835e-17,0.000000000000000000e+00
7.275000000000000355e+00,0.000000000000000000e+00,0.000000000000000000e+00,0.000000000000000000e+00
7.280000000000000249e+00,0.000000000000000000e+00,0.000000000000000000e+00,0.000000000000000000e+00
7.285000000000000142e+00,0.000000000000000000e+00,0.000000000000000000e+00,0.000000000000000000e+00
7.290000000000000036e+00,0.000000000000000000e+00,0.000000000000000000e+00,0.000000000000000000e+00
7.294999999999999929e+00,0.000000000000000000e+00,0.000000000000000000e+00,0.000000000000000000e+00
7.299999999999999822e+00,0.000000000000000000e+00,0.000000000000000000e+00,0.000000000000000000e+00
7.304999999999999716e+00,0.000000000000000000e+00,0.000000000000000000e+00,0.000000000000000000e+00
7.310000000000000497e+00,0.000000000000000000e+00,0.000000000000000000e+00,0.000000000000000000e+00
7.315000000000000391e+00,0.000000000000000000e+00,0.000000000000000000e+00,0.000000000000000000e+00
7.320000000000000284e+00,0.000000000000000000e+00,0.000000000000000000e+00,0.000000000000000000e+00
7.325000000000000178e+00,0.000000000000000000e+00,0.000000000000000000e+00,0.000000000000000000e+00
7.330000000000000071e+00,0.000000000000000000e+00,0.000000000000000000e+00,0.000000000000000000e+00
7.334999999999999964e+00,0.000000000000000000e+00,0.000000000000000000e+00,0.000000000000000000e+00
7.339999999999999858e+00,0.000000000000000000e+00,0.000000000000000000e+00,0.000000000000000000e+00
7.344999999999999751e+00,0.000000000000000000e+00,0.000000000000000000e+00,0.000000000000000000e+00
7.350000000000000533e+00,0.000000000000000000e+00,0.000000000000000000e+00,0.000000000000000000e+00
7.355000000000000426e+00,0.000000000000000000e+00,0.000000000000000000e+00,0.000000000000000000e+00
7.360000000000000320e+00,0.000000000000000000e+00,0.000000000000000000e+00,0.000000000000000000e+00
7.365000000000000213e+00,0.000000000000000000e+00,0.000000000000000000e+00,0.000000000000000000e+00
7.370000000000000107e+00,0.000000000000000000e+00,0.000000000000000000e+00,0.000000000000000000e+00
7.375000000000000000e+00,0.000000000000000000e+00,0.000000000000000000e+00,0.000000000000000000e+00
7.379999999999999893e+00,0.000000000000000000e+00,0.000000000000000000e+00,0.000000000000000000e+00
7.384999999999999787e+00,0.000000000000000000e+00,0.000000000000000000e+00,0.000000000000000000e+00
7.390000000000000568e+00,0.000000000000000000e+00,0.000000000000000000e+00,0.000000000000000000e+00
7.395000000000000462e+00,0.000000000000000000e+00,0.000000000000000000e+00,0.000000000000000000e+00
7.400000000000000355e+00,0.000000000000000000e+00,0.000000000000000000e+00,0.000000000000000000e+00
7.405000000000000249e+00,0.000000000000000000e+00,0.000000000000000000e+00,0.000000000000000000e+00
7.410000000000000142e+00,0.000000000000000000e+00,0.000000000000000000e+00,0.000000000000000000e+00
7.415000000000000036e+00,0.000000000000000000e+00,0.000000000000000000e+00,0.000000000000000000e+00
7.419999999999999929e+00,0.000000000000000000e+00,0.000000000000000000e+00,0.000000000000000000e+00
7.424999999999999822e+00,0.000000000000000000e+00,0.000000000000000000e+00,0.000000000000000000e+00
7.429999999999999716e+00,0.000000000000000000e+00,0.000000000000000000e+00,0.000000000000000000e+00
7.435000000000000497e+00,0.000000000000000000e+00,8.556350072907819012e-18,0.000000000000000000e+00
7.440000000000000391e+00,0.000000000000000000e+00,0.000000000000000000e+00,0.000000000000000000e+00
7.445000000000000284e+00,0.000000000000000000e+00,0.000000000000000000e+00,0.000000000000000000e+00
7.450000000000000178e+00,0.000000000000000000e+00,0.000000000000000000e+00,0.000000000000000000e+00
7.455000000000000071e+00,0.000000000000000000e+00,0.000000000000000000e+00,0.000000000000000000e+00
7.459999999999999964e+00,0.000000000000000000e+00,0.000000000000000000e+00,0.000000000000000000e+00
7.464999999999999858e+00,0.000000000000000000e+00,0.000000000000000000e+00,0.000000000000000000e+00
7.469999999999999751e+00,0.000000000000000000e+00,0.000000000000000000e+00,0.000000000000000000e+00
7.475000000000000533e+00,0.000000000000000000e+00,0.000000000000000000e+00,0.000000000000000000e+00
7.480000000000000426e+00,0.000000000000000000e+00,0.000000000000000000e+00,0.000000000000000000e+00
7.485000000000000320e+00,0.000000000000000000e+00,0.000000000000000000e+00,0.000000000000000000e+00
7.490000000000000213e+00,0.000000000000000000e+00,0.000000000000000000e+00,0.000000000000000000e+00
7.495000000000000107e+00,0.000000000000000000e+00,0.000000000000000000e+00,0.000000000000000000e+00
