offset_GHz,folded_incident_density_per_GHz,nonparametric_recovery_per_GHz
-7.494811450000000264e+00,4.110483623707856041e-03,5.449947106522902603e-03
-7.492313179516666644e+00,4.110490721835008930e-03,5.299264451867990652e-03
-7.489814909033333024e+00,4.110512016308725397e-03,5.148581797213078702e-03
-7.487316638550000292e+00,4.110547507409093027e-03,4.997899142558220528e-03
-7.484818368066666672e+00,4.110597195601662160e-03,4.847216487903309445e-03
-7.482320097583333052e+00,4.110661081538391319e-03,4.696533833248397495e-03
-7.479821827100000320e+00,4.110739166057533582e-03,4.545851178593539321e-03
-7.477323556616666700e+00,4.110831450183805719e-03,4.395168523938627371e-03
-7.474825286133333080e+00,4.110937935128101094e-03,4.244485869283715421e-03
-7.472327015650000348e+00,4.111058622288016155e-03,4.093803214628857247e-03
-7.469828745166666728e+00,4.111193513246968329e-03,3.943120559973945297e-03
-7.467330474683333108e+00,4.111342609775964566e-03,3.803242948550534207e-03
-7.464832204200000376e+00,4.111505913831537025e-03,3.663365337127173424e-03
-7.462333933716666756e+00,4.111683427557156871e-03,3.523487725703762334e-03
-7.459835663233333136e+00,4.111875153282827482e-03,3.383610114280351244e-03
-7.457337392750000404e+00,4.112081093525491240e-03,3.243732502856990028e-03
-7.454839122266666784e+00,4.112301250989036476e-03,3.103854891433579372e-03
-7.452340851783333164e+00,4.112535628563522040e-03,2.963977280010168282e-03
-7.449842581300000433e+00,4.112784229326068089e-03,2.824099668586807065e-03
-7.447344310816666813e+00,4.113047056541569053e-03,2.684222057163396409e-03
-7.444846040333333193e+00,4.113324113661565203e-03,2.544344445739985319e-03
-7.442347769850000461e+00,4.113615404324597394e-03,2.428651258420828126e-03
-7.439849499366666841e+00,4.113920932356743103e-03,2.312958071101629733e-03
-7.437351228883333221e+00,4.114240701771496728e-03,2.197264883782431774e-03
-7.434852958399999601e+00,4.114574716769768721e-03,2.081571696463233381e-03
-7.432354687916666869e+00,4.114922981740185698e-03,1.965878509144076188e-03
-7.429856417433333249e+00,4.115285501259082629e-03,1.850185321824877795e-03
-7.427358146949999629e+00,4.115662280090985094e-03,1.734492134505679403e-03
-7.424859876466666897e+00,4.116053323188011669e-03,1.618798947186522209e-03
-7.422361605983333277e+00,4.116458635690469804e-03,1.503105759867324033e-03
-7.419863335499999657e+00,4.116878222927325935e-03,1.387412572548137784e-03
-7.417365065016666925e+00,4.117312090415736238e-03,1.305651344945842627e-03
-7.414866794533333305e+00,4.117760243861633834e-03,1.223890117343518413e-03
-7.412368524049999685e+00,4.118222689159377510e-03,1.142128889741194416e-03
-7.409870253566666953e+00,4.118699432392698874e-03,1.060367662138899259e-03
-7.407371983083333333e+00,4.119190479834226176e-03,9.786064345365750455e-04
-7.404873712599999713e+00,4.119695837945605739e-03,8.968452069342509403e-04
-7.402375442116666981e+00,4.120215513378447381e-03,8.150839793319557833e-04
-7.399877171633333361e+00,4.120749512973378992e-03,7.333227517296316781e-04
-7.397378901149999741e+00,4.121297843761584367e-03,6.515615241273074645e-04
-7.394880630666667010e+00,4.121860512963502164e-03,5.698002965250123075e-04
-7.392382360183333390e+00,4.122437527990839047e-03,5.254863735598847702e-04
-7.389884089699999770e+00,4.123028896444318019e-03,4.811724505947572329e-04
-7.387385819216667038e+00,4.123634626116523365e-03,4.368585276296454707e-04
-7.384887548733333418e+00,4.124254724990003736e-03,3.925446046645179876e-04
-7.382389278249999798e+00,4.124889201239404987e-03,3.482306816993904503e-04
-7.379891007766667066e+00,4.125538063229458770e-03,3.039167587342786339e-04
-7.377392737283333446e+00,4.126201319517939364e-03,2.596028357691511509e-04
-7.374894466799999826e+00,4.126878978852588885e-03,2.152889128040236136e-04
-7.372396196316667094e+00,4.127571050175021274e-03,1.709749898389118514e-04
-7.369897925833333474e+00,4.128277542616938002e-03,1.266610668737843412e-04
-7.367399655349999854e+00,4.128998465505512652e-03,1.139949601864045545e-04
-7.364901384866667122e+00,4.129733828358002866e-03,1.013288534990292809e-04
-7.362403114383333502e+00,4.130483640886134858e-03,8.866274681164949421e-05
-7.359904843899999882e+00,4.131247912994206496e-03,7.599664012426970755e-05
-7.357406573416666262e+00,4.132026654781338106e-03,6.333053343688992089e-05
-7.354908302933333530e+00,4.132819876538808800e-03,5.066442674951464721e-05
-7.352410032449999910e+00,4.133627588753964813e-03,3.799832006213486055e-05
-7.349911761966666290e+00,4.134449802106900107e-03,2.533221337475507389e-05
-7.347413491483333559e+00,4.135286527473484332e-03,1.266610668737980022e-05
-7.344915220999999939e+00,4.136137775924229182e-03,0.000000000000000000e+00
-7.342416950516666319e+00,4.137003558725716075e-03,0.000000000000000000e+00
-7.339918680033333587e+00,4.137883887339111229e-03,0.000000000000000000e+00
-7.337420409549999967e+00,4.138778773422894380e-03,0.000000000000000000e+00
-7.334922139066666347e+00,4.139688228830546400e-03,0.000000000000000000e+00
-7.332423868583333615e+00,4.140612265613394238e-03,0.000000000000000000e+00
-7.329925598099999995e+00,4.141550896019008041e-03,0.000000000000000000e+00
-7.327427327616666375e+00,4.142504132492864748e-03,0.000000000000000000e+00
-7.324929057133333643e+00,4.143471987677278638e-03,0.000000000000000000e+00
-7.322430786650000023e+00,4.144454474414305256e-03,0.000000000000000000e+00
-7.319932516166666403e+00,4.145451605742364772e-03,0.000000000000000000e+00
-7.317434245683333671e+00,4.146463394900269141e-03,0.000000000000000000e+00
-7.314935975200000051e+00,4.147489855325093601e-03,0.000000000000000000e+00
-7.312437704716666431e+00,4.148531000654243593e-03,0.000000000000000000e+00
-7.309939434233333699e+00,4.149586844724217037e-03,0.000000000000000000e+00
-7.307441163750000079e+00,4.150657401572378086e-03,0.000000000000000000e+00
-7.304942893266666459e+00,4.151742685436365585e-03,0.000000000000000000e+00
-7.302444622783333728e+00,4.152842710755871164e-03,0.000000000000000000e+00
-7.299946352300000108e+00,4.153957492170741450e-03,0.000000000000000000e+00
-7.297448081816666487e+00,4.155087044524063272e-03,0.000000000000000000e+00
-7.294949811333333756e+00,4.156231382860320518e-03,0.000000000000000000e+00
-7.292451540850000136e+00,4.157390522427652745e-03,0.000000000000000000e+00
-7.289953270366666516e+00,4.158564478676424897e-03,0.000000000000000000e+00
-7.287454999883333784e+00,4.159753267261726180e-03,0.000000000000000000e+00
-7.284956729400000164e+00,4.160956904041583290e-03,0.000000000000000000e+00
-7.282458458916666544e+00,4.162175405080045625e-03,0.000000000000000000e+00
-7.279960188433332924e+00,4.163408786644519875e-03,0.000000000000000000e+00
-7.277461917950000192e+00,4.164657065209264632e-03,0.000000000000000000e+00
-7.274963647466666572e+00,4.165920257453372896e-03,0.000000000000000000e+00
-7.272465376983332952e+00,4.167198380263503407e-03,0.000000000000000000e+00
-7.269967106500000220e+00,4.168491450731743458e-03,0.000000000000000000e+00
-7.267468836016666600e+00,4.169799486159283912e-03,4.240189235485218431e-05
-7.264970565533332980e+00,4.171122504053397309e-03,8.480378470970436863e-05
-7.262472295050000248e+00,4.172460522131409520e-03,1.272056770645414758e-04
-7.259974024566666628e+00,4.173813558318085516e-03,1.696075694193936668e-04
-7.257475754083333008e+00,4.175181630748722381e-03,2.120094617742458579e-04
-7.254977483600000276e+00,4.176564757767537751e-03,2.544113541290829515e-04
-7.252479213116666656e+00,4.177962957929987411e-03,2.968132464839351426e-04
-7.249980942633333036e+00,4.179376250001817263e-03,3.392151388387873337e-04
-7.247482672150000305e+00,4.180804652960778099e-03,3.816170311936244544e-04
-7.244984401666666685e+00,4.182248185996154631e-03,4.240189235484765912e-04
-7.242486131183333065e+00,4.183706868510599954e-03,5.361543504308289437e-04
-7.239987860700000333e+00,4.185180720118567357e-03,6.482897773131413976e-04
-7.237489590216666713e+00,4.186669760649983606e-03,7.604252041954937501e-04
-7.234991319733333093e+00,4.188174010147315517e-03,8.725606310778461026e-04
-7.232493049250000361e+00,4.189693488869271863e-03,9.846960579601585564e-04
-7.229994778766666741e+00,4.191228217288763339e-03,1.096831484842511126e-03
-7.227496508283333121e+00,4.192778216095770921e-03,1.208966911724863261e-03
-7.224998237800000389e+00,4.194343506195957229e-03,1.321102338607175932e-03
-7.222499967316666769e+00,4.195924108713272940e-03,1.433237765489528285e-03
-7.220001696833333149e+00,4.197520044988208195e-03,1.545373192371904923e-03
-7.217503426350000417e+00,4.199131336580842234e-03,1.726198637841130359e-03
-7.215005155866666797e+00,4.200758005269309044e-03,1.907024083310419763e-03
-7.212506885383333177e+00,4.202400073052395962e-03,2.087849528779709384e-03
-7.210008614900000445e+00,4.204057562148337188e-03,2.268674974248934603e-03
-7.207510344416666825e+00,4.205730494996999524e-03,2.449500419718224006e-03
-7.205012073933333205e+00,4.207418894259117373e-03,2.630325865187513844e-03
-7.202513803450000474e+00,4.209122782818746494e-03,2.811151310656738629e-03
-7.200015532966666854e+00,4.210842183781460767e-03,2.991976756126028467e-03
-7.197517262483333234e+00,4.212577120477878009e-03,3.172802201595317870e-03
-7.195018991999999614e+00,4.214327616461849800e-03,3.353627647064623320e-03
-7.192520721516666882e+00,4.216093695512773860e-03,3.578847596745533214e-03
-7.190022451033333262e+00,4.217875381635118742e-03,3.804067546426522905e-03
-7.187524180549999642e+00,4.219672699060384932e-03,4.029287496107513029e-03
-7.185025910066666910e+00,4.221485672246353717e-03,4.254507445788422923e-03
-7.182527639583333290e+00,4.223314325879437732e-03,4.479727395469412614e-03
-7.180029369099999670e+00,4.225158684873668753e-03,4.704947345150402305e-03
-7.177531098616666938e+00,4.227018774372978856e-03,4.930167294831313066e-03
-7.175032828133333318e+00,4.228894619750490913e-03,5.155387244512302757e-03
-7.172534557649999698e+00,4.230786246611066906e-03,5.380607194193292447e-03
-7.170036287166666966e+00,4.232693680789614832e-03,5.605827143874202341e-03
-7.167538016683333346e+00,4.234616948354709941e-03,5.836403197670600798e-03
-7.165039746199999726e+00,4.236556075606398575e-03,6.066979251466999255e-03
-7.162541475716666994e+00,4.238511089079957314e-03,6.297555305263315313e-03
-7.160043205233333374e+00,4.240482015543531151e-03,6.528131359059713770e-03
-7.157544934749999754e+00,4.242468882002155446e-03,6.758707412856112227e-03
-7.155046664266667023e+00,4.244471715695479971e-03,6.989283466652428285e-03
-7.152548393783333402e+00,4.246490544101345910e-03,7.219859520448826742e-03
-7.150050123299999782e+00,4.248525394934050264e-03,7.450435574245225200e-03
-7.147551852816667051e+00,4.250576296147472698e-03,7.681011628041541257e-03
-7.145053582333333431e+00,4.252643275933751937e-03,7.911587681837939715e-03
-7.142555311849999811e+00,4.254726362726406544e-03,8.104204432967256067e-03
-7.140057041366667079e+00,4.256825585198666106e-03,8.296821184096503030e-03
-7.137558770883333459e+00,4.258940972266664002e-03,8.489437935225819382e-03
-7.135060500399999839e+00,4.261072553088329773e-03,8.682054686355135734e-03
-7.132562229916667107e+00,4.263220357066115247e-03,8.874671437484384431e-03
-7.130063959433333487e+00,4.265384413845841813e-03,9.067288188613700783e-03
-7.127565688949999867e+00,4.267564753319684143e-03,9.259904939743017135e-03
-7.125067418466667135e+00,4.269761405624862213e-03,9.452521690872264098e-03
-7.122569147983333515e+00,4.271974401146996260e-03,9.645138442001580451e-03
-7.120070877499999895e+00,4.274203770518463993e-03,9.837755193130896803e-03
-7.117572607016666275e+00,4.276449544621663615e-03,9.955272804218531432e-03
-7.115074336533333543e+00,4.278711754587661599e-03,1.007279041530612269e-02
-7.112576066049999923e+00,4.280990431799512955e-03,1.019030802639375732e-02
-7.110077795566666303e+00,4.283285607890746811e-03,1.030782563748139022e-02
-7.107579525083333571e+00,4.285597314748659792e-03,1.042534324856898321e-02
-7.105081254599999951e+00,4.287925584512982009e-03,1.054286085965661784e-02
-7.102582984116666331e+00,4.290270449579336974e-03,1.066037847074425074e-02
-7.100084713633333600e+00,4.292631942597505135e-03,1.077789608183184374e-02
-7.097586443149999980e+00,4.295010096474892458e-03,1.089541369291947837e-02
-7.095088172666666360e+00,4.297404944375519086e-03,1.101293130400707657e-02
-7.092589902183333628e+00,4.299816519722781880e-03,1.103280847353634540e-02
-7.090091631700000008e+00,4.302244856198629563e-03,1.105268564306561944e-02
-7.087593361216666388e+00,4.304689987746372105e-03,1.107256281259489522e-02
-7.085095090733333656e+00,4.307151948569932186e-03,1.109243998212416232e-02
-7.082596820250000036e+00,4.309630773137038823e-03,1.111231715165343810e-02
-7.080098549766666416e+00,4.312126496177661784e-03,1.113219432118271388e-02
-7.077600279283333684e+00,4.314639152687560833e-03,1.115207149071198098e-02
-7.075102008800000064e+00,4.317168777927374995e-03,1.117194866024125675e-02
-7.072603738316666444e+00,4.319715407425295771e-03,1.119182582977053080e-02
-7.070105467833333712e+00,4.322279076976466919e-03,1.121170299929979963e-02
-7.067607197350000092e+00,4.324859822646135582e-03,1.113079936856768183e-02
-7.065108926866666472e+00,4.327457680768230681e-03,1.104989573783556230e-02
-7.062610656383333740e+00,4.330072687949318086e-03,1.096899210710347225e-02
-7.060112385900000120e+00,4.332704881066852878e-03,1.088808847637135445e-02
-7.057614115416666500e+00,4.335354297272870847e-03,1.080718484563923491e-02
-7.055115844933333769e+00,4.338020973992664023e-03,1.072628121490714487e-02
-7.052617574450000149e+00,4.340704948928828660e-03,1.064537758417502707e-02
-7.050119303966666529e+00,4.343406260059036114e-03,1.056447395344290753e-02
-7.047621033483333797e+00,4.346124945640401742e-03,1.048357032271081749e-02
-7.045122763000000177e+00,4.348861044208156973e-03,1.040266669197869968e-02
-7.042624492516666557e+00,4.351614594578838598e-03,1.023760091185181922e-02
-7.040126222033332937e+00,4.354385635849367629e-03,1.007253513172494050e-02
-7.037627951550000205e+00,4.357174207400619365e-03,9.907469351598119020e-03
-7.035129681066666585e+00,4.359980348896410306e-03,9.742403571471240295e-03
-7.032631410583332965e+00,4.362804100286871330e-03,9.577337791344359835e-03
-7.030133140100000233e+00,4.365645501807001796e-03,9.412272011217538356e-03
-7.027634869616666613e+00,4.368504593981034981e-03,9.247206231090659631e-03
-7.025136599133332993e+00,4.371381417620870749e-03,9.082140450963779171e-03
-7.022638328650000261e+00,4.374276013829828634e-03,8.917074670836959427e-03
-7.020140058166666641e+00,4.377188424001338118e-03,8.752008890710078967e-03
-7.017641787683333021e+00,4.380118689822663954e-03,8.535161839205950701e-03
-7.015143517200000289e+00,4.383066853274312884e-03,8.318314787701898763e-03
-7.012645246716666669e+00,4.386032956633026045e-03,8.101467736197770497e-03
-7.010146976233333049e+00,4.389017042471112830e-03,7.884620684693642231e-03
-7.007648705750000317e+00,4.392019153659882172e-03,7.667773633189591161e-03
-7.005150435266666697e+00,4.395039333369156823e-03,7.450926581685462895e-03
-7.002652164783333077e+00,4.398077625070276157e-03,7.234079530181334629e-03
-7.000153894300000346e+00,4.401134072535642545e-03,7.017232478677283558e-03
-6.997655623816666726e+00,4.404208719842300952e-03,6.800385427173154425e-03
-6.995157353333333106e+00,4.407301611370590191e-03,6.583538375669022689e-03
-6.992659082850000374e+00,4.410412791808708717e-03,6.355631132423104207e-03
-6.990160812366666754e+00,4.413542306150877552e-03,6.127723889177105060e-03
-6.987662541883333134e+00,4.416690199701684034e-03,5.899816645931105913e-03
-6.985164271400000402e+00,4.419856518075027108e-03,5.671909402685187430e-03
-6.982666000916666782e+00,4.423041307197821820e-03,5.444002159439107619e-03
-6.980167730433333162e+00,4.426244613309166659e-03,5.216094916193189136e-03
-6.977669459950000430e+00,4.429466482964077544e-03,4.988187672947270654e-03
-6.975171189466666810e+00,4.432706963032853782e-03,4.760280429701353039e-03
-6.972672918983333190e+00,4.435966100704611705e-03,4.532373186455272360e-03
-6.970174648500000458e+00,4.439243943486569088e-03,4.304465943209354745e-03
-6.967676378016666838e+00,4.442540539207972573e-03,4.105224739483191027e-03
-6.965178107533333218e+00,4.445855936019036878e-03,3.905983535757169122e-03
-6.962679837049999598e+00,4.449190182395510590e-03,3.706742332031147218e-03
-6.960181566566666866e+00,4.452543327136618788e-03,3.507501128305125313e-03
-6.957683296083333246e+00,4.455915419370322719e-03,3.308259924578962029e-03
-6.955185025599999626e+00,4.459306508551657937e-03,3.109018720852798311e-03
-6.952686755116666895e+00,4.462716644467225498e-03,2.909777517126776406e-03
-6.950188484633333275e+00,4.466145877233886584e-03,2.710536313400754502e-03
-6.947690214149999655e+00,4.469594257302955329e-03,2.511295109674732164e-03
-6.945191943666666923e+00,4.473061835459947282e-03,2.312053905948710693e-03
-6.942693673183333303e+00,4.476548662828009825e-03,2.170709343268305107e-03
-6.940195402699999683e+00,4.480054790866983688e-03,2.029364780587899521e-03
-6.937697132216666951e+00,4.483580271378186446e-03,1.888020217907594766e-03
-6.935198861733333331e+00,4.487125156503402913e-03,1.746675655227289794e-03
-6.932700591249999711e+00,4.490689498728647755e-03,1.605331092546984821e-03
-6.930202320766666979e+00,4.494273350883957324e-03,1.463986529866679849e-03
-6.927704050283333359e+00,4.497876766147024773e-03,1.322641967186274480e-03
-6.925205779799999739e+00,4.501499798042976272e-03,1.181297404505868894e-03
-6.922707509316667007e+00,4.505142500448527411e-03,1.039952841825563922e-03
-6.920209238833333387e+00,4.508804927590476588e-03,8.986082791452589501e-04
-6.917710968349999767e+00,4.512487134051336793e-03,8.258804673211829180e-04
-6.915212697866667035e+00,4.516189174767366692e-03,7.531526554971068859e-04
-6.912714427383333415e+00,4.519911105033640360e-03,6.804248436729790290e-04
-6.910216156899999795e+00,4.523652980503125275e-03,6.076970318488512804e-04
-6.907717886416667064e+00,4.527414857190628812e-03,5.349692200247752483e-04
-6.905219615933333444e+00,4.531196791473020291e-03,4.622414082006991620e-04
-6.902721345449999824e+00,4.534998840092907720e-03,3.895135963766230757e-04
-6.900223074966667092e+00,4.538821060158005488e-03,3.167857845525470437e-04
-6.897724804483333472e+00,4.542663509145993331e-03,2.440579727284192951e-04
-6.895226533999999852e+00,4.546526244903453806e-03,1.713301609042914653e-04
-6.892728263516667120e+00,4.550409325650339211e-03,1.541971448138647447e-04
-6.890229993033333500e+00,4.554312809979981988e-03,1.370641287234380511e-04
-6.887731722549999880e+00,4.558236756862626624e-03,1.199311126330113305e-04
-6.885233452066666260e+00,4.562181225645616997e-03,1.027980965425724397e-04
-6.882735181583333528e+00,4.566146276057661199e-03,8.566508045214573264e-05
-6.880236911099999908e+00,4.570131968208150652e-03,6.853206436170684185e-05
-6.877738640616666288e+00,4.574138362591907182e-03,5.139904827128013477e-05
-6.875240370133333556e+00,4.578165520088535966e-03,3.426603218085341415e-05
-6.872742099649999936e+00,4.582213501967146579e-03,1.713301609042672063e-05
-6.870243829166666316e+00,4.586282369885962690e-03,0.000000000000000000e+00
-6.867745558683333584e+00,4.590372185896294567e-03,0.000000000000000000e+00
-6.865247288199999964e+00,4.594483012443108944e-03,0.000000000000000000e+00
-6.862749017716666344e+00,4.598614912368877497e-03,0.000000000000000000e+00
-6.860250747233333612e+00,4.602767948913431134e-03,0.000000000000000000e+00
-6.857752476749999992e+00,4.606942185718586498e-03,0.000000000000000000e+00
-6.855254206266666372e+00,4.611137686827990710e-03,0.000000000000000000e+00
-6.852755935783333641e+00,4.615354516691512823e-03,0.000000000000000000e+00
-6.850257665300000021e+00,4.619592740165011369e-03,0.000000000000000000e+00
-6.847759394816666401e+00,4.623852422515528117e-03,0.000000000000000000e+00
-6.845261124333333669e+00,4.628133629419959282e-03,0.000000000000000000e+00
-6.842762853850000049e+00,4.632436426970833014e-03,1.949967336911058704e-05
-6.840264583366666429e+00,4.636760881675572148e-03,3.899934673823503831e-05
-6.837766312883333697e+00,4.641107060461264686e-03,5.849902010734562197e-05
-6.835268042400000077e+00,4.645475030674852887e-03,7.799869347647007663e-05
-6.832769771916666457e+00,4.649864860087306144e-03,9.749836684558065350e-05
-6.830271501433333725e+00,4.654276616894269768e-03,1.169980402146912439e-04
-6.827773230950000105e+00,4.658710369719876176e-03,1.364977135838018208e-04
-6.825274960466666485e+00,4.663166187617748433e-03,1.559973869529262755e-04
-6.822776689983333753e+00,4.667644140075086386e-03,1.754970603220368523e-04
-6.820278419500000133e+00,4.672144297012867029e-03,1.949967336911613070e-04
-6.817780149016666513e+00,4.676666728790703463e-03,2.445098729737126995e-04
-6.815281878533333781e+00,4.681211506206925561e-03,2.940230122562641191e-04
-6.812783608050000161e+00,4.685778700503552552e-03,3.435361515388155387e-04
-6.810285337566666541e+00,4.690368383365780408e-03,3.930492908214021407e-04
-6.807787067083332921e+00,4.694980626928011748e-03,4.425624301039887427e-04
-6.805288796600000190e+00,4.699615503772719589e-03,4.920755693865401081e-04
-6.802790526116666570e+00,4.704273086936081733e-03,5.415887086690915819e-04
-6.800292255633332950e+00,4.708953449908402297e-03,5.911018479516429473e-04
-6.797793985150000218e+00,4.713656666638278529e-03,6.406149872341943127e-04
-6.795295714666666598e+00,4.718382811533685002e-03,6.901281265167810231e-04
-6.792797444183332978e+00,4.723131959466377212e-03,7.679555729801711920e-04
-6.790299173700000246e+00,4.727904185772232454e-03,8.457830194435060666e-04
-6.787800903216666626e+00,4.732699566256705521e-03,9.236104659068409412e-04
-6.785302632733333006e+00,4.737518177194530340e-03,1.001437912370175707e-03
-6.782804362250000274e+00,4.742360095335516543e-03,1.079265358833510690e-03
-6.780306091766666654e+00,4.747225397904255434e-03,1.157092805296900751e-03
-6.777807821283333034e+00,4.752114162605508042e-03,1.234920251760291028e-03
-6.775309550800000302e+00,4.757026467624642270e-03,1.312747698223625794e-03
-6.772811280316666682e+00,4.761962391633030485e-03,1.390575144686960560e-03
-6.770313009833333062e+00,4.766922013787942836e-03,1.468402591150295543e-03
-6.767814739350000330e+00,4.771905413738043722e-03,1.567150061183391480e-03
-6.765316468866666710e+00,4.776912671624078746e-03,1.665897531216557672e-03
-6.762818198383333090e+00,4.781943868083878522e-03,1.764645001249723864e-03
-6.760319927900000359e+00,4.786999084252924197e-03,1.863392471282820017e-03
-6.757821657416666739e+00,4.792078401769661773e-03,1.962139941315915737e-03
-6.755323386933333119e+00,4.797181902776361667e-03,2.060887411349012106e-03
-6.752825116450000387e+00,4.802309669923990679e-03,2.159634881382108042e-03
-6.750326845966666767e+00,4.807461786373224202e-03,2.258382351415274235e-03
-6.747828575483333147e+00,4.812638335799578407e-03,2.357129821448440427e-03
-6.745330305000000415e+00,4.817839402394162238e-03,2.455877291481536363e-03
-6.742832034516666795e+00,4.823065070869508690e-03,2.567494156640364334e-03
-6.740333764033333175e+00,4.828315426459679760e-03,2.679111021799192738e-03
-6.737835493550000443e+00,4.833590554925885213e-03,2.790727886958020709e-03
-6.735337223066666823e+00,4.838890542557953631e-03,2.902344752116928044e-03
-6.732838952583333203e+00,4.844215476178939835e-03,3.013961617275835378e-03
-6.730340682100000471e+00,4.849565443146449349e-03,3.125578482434663782e-03
-6.727842411616666851e+00,4.854940531358162628e-03,3.237195347593491753e-03
-6.725344141133333231e+00,4.860340829252689406e-03,3.348812212752319724e-03
-6.722845870649999611e+00,4.865766425815412979e-03,3.460429077911227058e-03
-6.720347600166666879e+00,4.871217410578741747e-03,3.572045943070055463e-03
-6.717849329683333259e+00,4.876693873628861614e-03,3.690423508035752323e-03
-6.715351059199999639e+00,4.882195905605774162e-03,3.808801073001365049e-03
-6.712852788716666907e+00,4.887723597709597162e-03,3.927178637966977776e-03
-6.710354518233333287e+00,4.893277041701459690e-03,4.045556202932590502e-03
-6.707856247749999667e+00,4.898856329909126103e-03,4.163933767898287362e-03
-6.705357977266666936e+00,4.904461555228330910e-03,4.282311332863900089e-03
-6.702859706783333316e+00,4.910092811128626521e-03,4.400688897829596949e-03
-6.700361436299999696e+00,4.915750191654404133e-03,4.519066462795209675e-03
-6.697863165816666964e+00,4.921433791430860315e-03,4.637444027760822401e-03
-6.695364895333333344e+00,4.927143705665173144e-03,4.755821592726435128e-03
-6.692866624849999724e+00,4.932880030152577214e-03,4.876829345407179481e-03
-6.690368354366666992e+00,4.938642861277541506e-03,4.997837098087837097e-03
-6.687870083883333372e+00,4.944432296019881691e-03,5.118844850768581450e-03
-6.685371813399999752e+00,4.950248431955911119e-03,5.239852603449239934e-03
-6.682873542916667020e+00,4.956091367264611226e-03,5.360860356129898419e-03
-6.680375272433333400e+00,4.961961200729269987e-03,5.481868108810556035e-03
-6.677877001949999780e+00,4.967858031743222109e-03,5.602875861491300388e-03
-6.675378731466667048e+00,4.973781960311452789e-03,5.723883614171958872e-03
-6.672880460983333428e+00,4.979733087056971083e-03,5.844891366852702358e-03
-6.670382190499999808e+00,4.985711513222108350e-03,5.965899119533360842e-03
-6.667883920016667076e+00,4.991717340674836981e-03,6.085593458043667484e-03
-6.665385649533333456e+00,4.997750671910343792e-03,6.205287796553974992e-03
-6.662887379049999836e+00,5.003811610057434626e-03,6.324982135064367503e-03
-6.660389108566667105e+00,5.009900258880105144e-03,6.444676473574674144e-03
-6.657890838083333485e+00,5.016016722784052972e-03,6.564370812085065787e-03
-6.655392567599999865e+00,5.022161106817957070e-03,6.684065150595373296e-03
-6.652894297116667133e+00,5.028333516680590087e-03,6.803759489105679938e-03
-6.650396026633333513e+00,5.034534058722161913e-03,6.923453827615987446e-03
-6.647897756149999893e+00,5.040762839950839631e-03,7.043148166126379089e-03
-6.645399485666666273e+00,5.047019968034687810e-03,7.162842504636766396e-03
-6.642901215183333541e+00,5.053305551308431322e-03,7.275162433567986149e-03
-6.640402944699999921e+00,5.059619698774952407e-03,7.387482362499205903e-03
-6.637904674216666301e+00,5.065962520112400440e-03,7.499802291430425656e-03
-6.635406403733333569e+00,5.072334125675866806e-03,7.612122220361645410e-03
-6.632908133249999949e+00,5.078734626504115626e-03,7.724442149292944093e-03
-6.630409862766666329e+00,5.085164134321892675e-03,7.836762078224243644e-03
-6.627911592283333597e+00,5.091622761546338652e-03,7.949082007155463397e-03
-6.625413321799999977e+00,5.098110621289468972e-03,8.061401936086683151e-03
-6.622915051316666357e+00,5.104627827365031990e-03,8.173721865017902904e-03
-6.620416780833333625e+00,5.111174494290331334e-03,8.286041793949122658e-03
-6.617918510350000005e+00,5.117750737293553370e-03,8.381410845226252432e-03
-6.615420239866666385e+00,5.124356672315862754e-03,8.476779896503382206e-03
-6.612921969383333654e+00,5.130992416018480100e-03,8.572148947780444325e-03
-6.610423698900000034e+00,5.137658085785118400e-03,8.667517999057506445e-03
-6.607925428416666414e+00,5.144353799728856869e-03,8.762887050334570299e-03
-6.605427157933333682e+00,5.151079676694627664e-03,8.858256101611632419e-03
-6.602928887450000062e+00,5.157835836266727245e-03,8.953625152888762193e-03
-6.600430616966666442e+00,5.164622398770744513e-03,9.048994204165891966e-03
-6.597932346483333710e+00,5.171439485281459011e-03,9.144363255442954086e-03
-6.595434076000000090e+00,5.178287217624725700e-03,9.239732306720016206e-03
-6.592935805516666470e+00,5.185165718385459019e-03,9.305574133340162313e-03
-6.590437535033333738e+00,5.192075110909964361e-03,9.371415959960306685e-03
-6.587939264550000118e+00,5.199015519313325388e-03,9.437257786580499630e-03
-6.585440994066666498e+00,5.205987068482252449e-03,9.503099613200690840e-03
-6.582942723583333766e+00,5.212989884082768269e-03,9.568941439820836947e-03
-6.580444453100000146e+00,5.220024092562614015e-03,9.634783266440981320e-03
-6.577946182616666526e+00,5.227089821159359995e-03,9.700625093061125692e-03
-6.575447912133333794e+00,5.234187197902695488e-03,9.766466919681271799e-03
-6.572949641650000174e+00,5.241316351622755422e-03,9.832308746301463009e-03
-6.570451371166666554e+00,5.248477411952765827e-03,9.898150572921655954e-03
-6.567953100683332934e+00,5.255670509336860495e-03,9.921524050697197450e-03
-6.565454830200000202e+00,5.262895775033150578e-03,9.944897528472737211e-03
-6.562956559716666582e+00,5.270153341121757221e-03,9.968271006248278707e-03
-6.560458289233332962e+00,5.277443340507706818e-03,9.991644484023835815e-03
-6.557960018750000231e+00,5.284765906929386053e-03,1.001501796179937731e-02
-6.555461748266666611e+00,5.292121174961072864e-03,1.003839143957493442e-02
-6.552963477783332991e+00,5.299509280021776590e-03,1.006176491735047591e-02
-6.550465207300000259e+00,5.306930358377946744e-03,1.008513839512601741e-02
-6.547966936816666639e+00,5.314384547152190864e-03,1.010851187290155717e-02
-6.545468666333333019e+00,5.321871984326121199e-03,1.013188535067707785e-02
-6.542970395850000287e+00,5.329392808749375265e-03,1.010352060820914576e-02
-6.540472125366666667e+00,5.336947160142426101e-03,1.007515586574119285e-02
-6.537973854883333047e+00,5.344535179105466653e-03,1.004679112327326075e-02
-6.535475584400000315e+00,5.352157007121564371e-03,1.001842638080532692e-02
-6.532977313916666695e+00,5.359812786565776310e-03,9.990061638337394828e-03
-6.530479043433333075e+00,5.367502660708405211e-03,9.961696895869441917e-03
-6.527980772950000343e+00,5.375226773723574235e-03,9.933332153401509823e-03
-6.525482502466666723e+00,5.382985270693238511e-03,9.904967410933556912e-03
-6.522984231983333103e+00,5.390778297616099016e-03,9.876602668465623083e-03
-6.520485961500000371e+00,5.398606001410875127e-03,9.848237925997690989e-03
-6.517987691016666751e+00,5.406468529925928870e-03,9.766548771056886638e-03
-6.515489420533333131e+00,5.414366031942612068e-03,9.684859616116025041e-03
-6.512991150050000400e+00,5.422298657184560985e-03,9.603170461175220690e-03
-6.510492879566666780e+00,5.430266556321713088e-03,9.521481306234359093e-03
-6.507994609083333160e+00,5.438269880979432550e-03,9.439792151293554742e-03
-6.505496338600000428e+00,5.446308783742560833e-03,9.358102996352750391e-03
-6.502998068116666808e+00,5.454383418165104254e-03,9.276413841411946040e-03
-6.500499797633333188e+00,5.462493938773699959e-03,9.194724686471084443e-03
-6.498001527150000456e+00,5.470640501077757116e-03,9.113035531530280092e-03
-6.495503256666666836e+00,5.478823261573404282e-03,9.031346376589418495e-03
-6.493004986183333216e+00,5.487042377753258496e-03,8.904808379500658497e-03
-6.490506715699999596e+00,5.495298008110542642e-03,8.778270382411900233e-03
-6.488008445216666864e+00,5.503590312149139914e-03,8.651732385323140234e-03
-6.485510174733333244e+00,5.511919450387761481e-03,8.525194388234291765e-03
-6.483011904249999624e+00,5.520285584370193503e-03,8.398656391145441560e-03
-6.480513633766666892e+00,5.528688876669463938e-03,8.272118394056681562e-03
-6.478015363283333272e+00,5.537129490898393992e-03,8.145580396967923298e-03
-6.475517092799999652e+00,5.545607591713547224e-03,8.019042399879163299e-03
-6.473018822316666920e+00,5.554123344826234626e-03,7.892504402790403301e-03
-6.470520551833333300e+00,5.562676917006628523e-03,7.765966405701554831e-03
-6.468022281349999680e+00,5.571268476094598521e-03,7.612707674094075505e-03
-6.465524010866666949e+00,5.579898191004106431e-03,7.459448942486705467e-03
-6.463025740383333329e+00,5.588566231734261661e-03,7.306190210879335428e-03
-6.460527469899999709e+00,5.597272769373959865e-03,7.152931479271965390e-03
-6.458029199416666977e+00,5.606017976112428330e-03,6.999672747664595351e-03
-6.455530928933333357e+00,5.614802025244769283e-03,6.846414016057116893e-03
-6.453032658449999737e+00,5.623625091182382976e-03,6.693155284449637567e-03
-6.450534387966667005e+00,5.632487349458411251e-03,6.539896552842267528e-03
-6.448036117483333385e+00,5.641388976738584762e-03,6.386637821234897490e-03
-6.445537846999999765e+00,5.650330150826613634e-03,6.233379089627527452e-03
-6.443039576516667033e+00,5.659311050675579387e-03,6.077792474014418259e-03
-6.440541306033333413e+00,5.668331856392839867e-03,5.922205858401198911e-03
-6.438043035549999793e+00,5.677392749251932921e-03,5.766619242787979563e-03
-6.435544765066667061e+00,5.686493911697768425e-03,5.611032627174871237e-03
-6.433046494583333441e+00,5.695635527358290824e-03,5.455446011561762044e-03
-6.430548224099999821e+00,5.704817781050210666e-03,5.299859395948652852e-03
-6.428049953616667089e+00,5.714040858790604693e-03,5.144272780335544526e-03
-6.425551683133333469e+00,5.723304947802666451e-03,4.988686164722325178e-03
-6.423053412649999849e+00,5.732610236527797311e-03,4.833099549109105830e-03
-6.420555142166667117e+00,5.741956914631462031e-03,4.677512933495996637e-03
-6.418056871683333497e+00,5.751345173015002220e-03,4.544792108384472160e-03
-6.415558601199999877e+00,5.760775203822115532e-03,4.412071283272946814e-03
-6.413060330716666257e+00,5.770247200450875566e-03,4.279350458161327794e-03
-6.410562060233333526e+00,5.779761357559955182e-03,4.146629633049803317e-03
-6.408063789749999906e+00,5.789317871080917020e-03,4.013908807938184296e-03
-6.405565519266666286e+00,5.798916938225067395e-03,3.881187982826659819e-03
-6.403067248783333554e+00,5.808558757495447568e-03,3.748467157715134907e-03
-6.400568978299999934e+00,5.818243528693802132e-03,3.615746332603609996e-03
-6.398070707816666314e+00,5.827971452933124533e-03,3.483025507491990976e-03
-6.395572437333333582e+00,5.837742732644661016e-03,3.350304682380466498e-03
-6.393074166849999962e+00,5.847557571590368541e-03,3.260585741188164535e-03
-6.390575896366666342e+00,5.857416174870113020e-03,3.170866799995926757e-03
-6.388077625883333610e+00,5.867318748934880965e-03,3.081147858803688546e-03
-6.385579355399999990e+00,5.877265501593618643e-03,2.991428917611450768e-03
-6.383081084916666370e+00,5.887256642026736028e-03,2.901709976419148806e-03
-6.380582814433333638e+00,5.897292380793162786e-03,2.811991035226910594e-03
-6.378084543950000018e+00,5.907372929843905142e-03,2.722272094034609066e-03
-6.375586273466666398e+00,5.917498502529619682e-03,2.632553152842370854e-03
-6.373088002983333666e+00,5.927669313614140727e-03,2.542834211650133076e-03
-6.370589732500000046e+00,5.937885579282081890e-03,2.453115270457894865e-03
-6.368091462016666426e+00,5.948147517152895143e-03,2.417055828768329556e-03
-6.365593191533333695e+00,5.958455346288322324e-03,2.380996387078790268e-03
-6.363094921050000075e+00,5.968809287207046607e-03,2.344936945389224960e-03
-6.360596650566666455e+00,5.979209561892094571e-03,2.308877503699685238e-03
-6.358098380083333723e+00,5.989656393805711451e-03,2.272818062010145516e-03
-6.355600109600000103e+00,6.000150007896892443e-03,2.236758620320606229e-03
-6.353101839116666483e+00,6.010690630616455712e-03,2.200699178631040920e-03
-6.350603568633333751e+00,6.021278489925076770e-03,2.164639736941501198e-03
-6.348105298150000131e+00,6.031913815308409185e-03,2.128580295251936323e-03
-6.345607027666666511e+00,6.042596837785186616e-03,2.092520853562396602e-03
-6.343108757183333779e+00,6.053327789922572505e-03,2.109630435516011201e-03
-6.340610486700000159e+00,6.064106905844809416e-03,2.126740017469625800e-03
-6.338112216216666539e+00,6.074934421248215713e-03,2.143849599423252109e-03
-6.335613945733332919e+00,6.085810573410581695e-03,2.160959181376878851e-03
-6.333115675250000187e+00,6.096735601206387453e-03,2.178068763330493450e-03
-6.330617404766666567e+00,6.107709745115787008e-03,2.195178345284108049e-03
-6.328119134283332947e+00,6.118733247240651894e-03,2.212287927237722648e-03
-6.325620863800000215e+00,6.129806351313902245e-03,2.229397509191336814e-03
-6.323122593316666595e+00,6.140929302715311851e-03,2.246507091144963556e-03
-6.320624322833332975e+00,6.152102348481137614e-03,2.263616673098621090e-03
-6.318126052350000244e+00,6.163325737320397325e-03,2.323699743362804288e-03
-6.315627781866666624e+00,6.174599719624774934e-03,2.383782813626987487e-03
-6.313129511383333003e+00,6.185924547484797711e-03,2.443865883891170685e-03
-6.310631240900000272e+00,6.197300474700215105e-03,2.503948954155353884e-03
-6.308132970416666652e+00,6.208727756796540188e-03,2.564032024419579583e-03
-6.305634699933333032e+00,6.220206651035455406e-03,2.624115094683805716e-03
-6.303136429450000300e+00,6.231737416431757347e-03,2.684198164947988914e-03
-6.300638158966666680e+00,6.243320313763685292e-03,2.744281235212172113e-03
-6.298139888483333060e+00,6.254955605590676107e-03,2.804364305476355311e-03
-6.295641618000000328e+00,6.266643556263604316e-03,2.864447375740538509e-03
-6.293143347516666708e+00,6.278384431942648017e-03,2.951510695683173032e-03
-6.290645077033333088e+00,6.290178500608473514e-03,3.038574015625807555e-03
-6.288146806550000356e+00,6.302026032079278105e-03,3.125637335568380495e-03
-6.285648536066666736e+00,6.313927298023361626e-03,3.212700655510953001e-03
-6.283150265583333116e+00,6.325882571975921173e-03,3.299763975453525941e-03
-6.280651995100000384e+00,6.337892129351580146e-03,3.386827295396098447e-03
-6.278153724616666764e+00,6.349956247462177836e-03,3.473890615338732970e-03
-6.275655454133333144e+00,6.362075205529131930e-03,3.560953935281367493e-03
-6.273157183650000412e+00,6.374249284701588927e-03,3.648017255223939999e-03
-6.270658913166666792e+00,6.386478768068875114e-03,3.735080575166512939e-03
-6.268160642683333172e+00,6.398763940679478776e-03,3.832336659467551736e-03
-6.265662372200000441e+00,6.411105089553461277e-03,3.929592743768590100e-03
-6.263164101716666821e+00,6.423502503701527741e-03,4.026848828069698287e-03
-6.260665831233333201e+00,6.435956474138142432e-03,4.124104912370806474e-03
-6.258167560750000469e+00,6.448467293900762495e-03,4.221360996671845271e-03
-6.255669290266666849e+00,6.461035258063020995e-03,4.318617080972884069e-03
-6.253171019783333229e+00,6.473660663754711789e-03,4.415873165273922867e-03
-6.250672749299999609e+00,6.486343810175087057e-03,4.513129249575030186e-03
-6.248174478816666877e+00,6.499084998612773660e-03,4.610385333876068983e-03
-6.245676208333333257e+00,6.511884532460204301e-03,4.707641418177177170e-03
-6.243177937849999637e+00,6.524742717233155721e-03,4.802008750060853676e-03
-6.240679667366666905e+00,6.537659860585728899e-03,4.896376081944530181e-03
-6.238181396883333285e+00,6.550636272330685218e-03,4.990743413828206687e-03
-6.235683126399999665e+00,6.563672264453744055e-03,5.085110745711949980e-03
-6.233184855916666933e+00,6.576768151135127180e-03,5.179478077595626485e-03
-6.230686585433333313e+00,6.589924248764205024e-03,5.273845409479369778e-03
-6.228188314949999693e+00,6.603140875960632553e-03,5.368212741363046284e-03
-6.225690044466666961e+00,6.616418353590052849e-03,5.462580073246722789e-03
-6.223191773983333341e+00,6.629757004785557378e-03,5.556947405130399295e-03
-6.220693503499999721e+00,6.643157154963184007e-03,5.651314737014135649e-03
-6.218195233016666990e+00,6.656619131844350445e-03,5.736093293582546562e-03
-6.215696962533333370e+00,6.670143265471631562e-03,5.820871850151018191e-03
-6.213198692049999750e+00,6.683729888231032361e-03,5.905650406719429105e-03
-6.210700421566667018e+00,6.697379334868802658e-03,5.990428963287840018e-03
-6.208202151083333398e+00,6.711091942513835833e-03,6.075207519856250932e-03
-6.205703880599999778e+00,6.724868050694794881e-03,6.159986076424721693e-03
-6.203205610116667046e+00,6.738708001363021179e-03,6.244764632993132607e-03
-6.200707339633333426e+00,6.752612138909762883e-03,6.329543189561603368e-03
-6.198209069149999806e+00,6.766580810190071620e-03,6.414321746130014282e-03
-6.195710798666667074e+00,6.780614364539927670e-03,6.499100302698425195e-03
-6.193212528183333454e+00,6.794713153800569470e-03,6.574159739898572524e-03
-6.190714257699999834e+00,6.808877532336200800e-03,6.649219177098773630e-03
-6.188215987216667102e+00,6.823107857058953452e-03,6.724278614298920959e-03
-6.185717716733333482e+00,6.837404487446632588e-03,6.799338051499122064e-03
-6.183219446249999862e+00,6.851767785567952629e-03,6.874397488699269393e-03
-6.180721175766667130e+00,6.866198116101260990e-03,6.949456925899417589e-03
-6.178222905283333510e+00,6.880695846359969128e-03,7.024516363099564918e-03
-6.175724634799999890e+00,6.895261346311630166e-03,7.099575800299766024e-03
-6.173226364316666270e+00,6.909894988603845246e-03,7.174635237499967129e-03
-6.170728093833333538e+00,6.924597148583717596e-03,7.249694674700114458e-03
-6.168229823349999918e+00,6.939368204324454503e-03,7.319331890923186021e-03
-6.165731552866666298e+00,6.954208536645458023e-03,7.388969107146258451e-03
-6.163233282383333567e+00,6.969118529138534045e-03,7.458606323369330014e-03
-6.160735011899999947e+00,6.984098568189178215e-03,7.528243539592451884e-03
-6.158236741416666327e+00,6.999149043003334049e-03,7.597880755815573754e-03
-6.155738470933333595e+00,7.014270345628741306e-03,7.667517972038645317e-03
-6.153240200449999975e+00,7.029462870982381047e-03,7.737155188261717748e-03
-6.150741929966666355e+00,7.044727016872197843e-03,7.806792404484789311e-03
-6.148243659483333623e+00,7.060063184025356688e-03,7.876429620707860874e-03
-6.145745389000000003e+00,7.075471776110201991e-03,7.946066836930982744e-03
-6.143247118516666383e+00,7.090953199765023633e-03,8.015422746132044515e-03
-6.140748848033333651e+00,7.106507864620501685e-03,8.084778655333057715e-03
-6.138250577550000031e+00,7.122136183329436966e-03,8.154134564534069179e-03
-6.135752307066666411e+00,7.137838571589147189e-03,8.223490473735082379e-03
-6.133254036583333679e+00,7.153615448171722277e-03,8.292846382936093844e-03
-6.130755766100000059e+00,7.169467234947764916e-03,8.362202292137155615e-03
-6.128257495616666439e+00,7.185394356916409084e-03,8.431558201338217387e-03
-6.125759225133333707e+00,7.201397242229764899e-03,8.500914110539230586e-03
-6.123260954650000087e+00,7.217476322223399451e-03,8.570270019740242051e-03
-6.120762684166666467e+00,7.233632031441936984e-03,8.639625928941255251e-03
-6.118264413683333736e+00,7.249864807669678494e-03,8.710989923186753317e-03
-6.115766143200000116e+00,7.266175091956404881e-03,8.782353917432301690e-03
-6.113267872716666496e+00,7.282563328649374786e-03,8.853717911677851798e-03
-6.110769602233333764e+00,7.299029965419427841e-03,8.925081905923348130e-03
-6.108271331750000144e+00,7.315575453293213237e-03,8.996445900168847931e-03
-6.105773061266666524e+00,7.332200246680195890e-03,9.067809894414344263e-03
-6.103274790783333792e+00,7.348904803405783594e-03,9.139173888659844064e-03
-6.100776520300000172e+00,7.365689584738425132e-03,9.210537882905392437e-03
-6.098278249816666552e+00,7.382555055423769587e-03,9.281901877150940811e-03
-6.095779979333332932e+00,7.399501683712238903e-03,9.353265871396438877e-03
-6.093281708850000200e+00,7.416529941393640822e-03,9.423618964390404265e-03
-6.090783438366666580e+00,7.433640303826003458e-03,9.493972057384367919e-03
-6.088285167883332960e+00,7.450833249970168284e-03,9.564325150378383614e-03
-6.085786897400000228e+00,7.468109262419645594e-03,9.634678243372347267e-03
-6.083288626916666608e+00,7.485468827435910050e-03,9.705031336366362962e-03
-6.080790356433332988e+00,7.502912434978723649e-03,9.775384429360328351e-03
-6.078292085950000256e+00,7.520440578742298640e-03,9.845737522354292004e-03
-6.075793815466666636e+00,7.538053756186411519e-03,9.916090615348257392e-03
-6.073295544983333016e+00,7.555752468573110649e-03,9.986443708342271353e-03
-6.070797274500000285e+00,7.573537220998496390e-03,1.005679680133623674e-02
-6.068299004016666665e+00,7.591408522430349859e-03,1.011753827681990611e-02
-6.065800733533333045e+00,7.609366885740485517e-03,1.017827975230353212e-02
-6.063302463050000313e+00,7.627412827743455456e-03,1.023902122778715812e-02
-6.060804192566666693e+00,7.645546869228938419e-03,1.029976270327078412e-02
-6.058305922083333073e+00,7.663769535002137173e-03,1.036050417875445176e-02
-6.055807651600000341e+00,7.682081353916441618e-03,1.042124565423807776e-02
-6.053309381116666721e+00,7.700482858914169636e-03,1.048198712972174713e-02
-6.050811110633333101e+00,7.718974587061171351e-03,1.054272860520537314e-02
-6.048312840150000369e+00,7.737557079587348806e-03,1.060347008068899914e-02
-6.045814569666666749e+00,7.756230881922526570e-03,1.066421155617262514e-02
-6.043316299183333129e+00,7.774996543737743362e-03,1.070328247050708094e-02
-6.040818028700000397e+00,7.793854618981717677e-03,1.074235338484150898e-02
-6.038319758216666777e+00,7.812805665923476875e-03,1.078142429917596651e-02
-6.035821487733333157e+00,7.831850247189416081e-03,1.082049521351039455e-02
-6.033323217250000425e+00,7.850988929806467648e-03,1.085956612784482259e-02
-6.030824946766666805e+00,7.870222285240587728e-03,1.089863704217925063e-02
-6.028326676283333185e+00,7.889550889440547637e-03,1.093770795651370642e-02
-6.025828405800000453e+00,7.908975322877187172e-03,1.097677887084813619e-02
-6.023330135316666833e+00,7.928496170588500078e-03,1.101584978518259199e-02
-6.020831864833333213e+00,7.948114022219345334e-03,1.105492069951702003e-02
-6.018333594349999593e+00,7.967829472067970709e-03,1.106069522884309264e-02
-6.015835323866666862e+00,7.987643119126168131e-03,1.106646975816916699e-02
-6.013337053383333242e+00,8.007555567126987267e-03,1.107224428749524307e-02
-6.010838782899999622e+00,8.027567424586122546e-03,1.107801881682132089e-02
-6.008340512416666890e+00,8.047679304850044804e-03,1.108379334614739350e-02
-6.005842241933333270e+00,8.067891826138821193e-03,1.108956787547346612e-02
-6.003343971449999650e+00,8.088205611595093367e-03,1.109534240479954047e-02
-6.000845700966666918e+00,8.108621289327936493e-03,1.110111693412561308e-02
-5.998347430483333298e+00,8.129139492462897354e-03,1.110689146345169090e-02
-5.995849159999999678e+00,8.149760859186705106e-03,1.111266599277773923e-02
-5.993350889516666946e+00,8.170486032798766549e-03,1.107831553352339737e-02
-5.990852619033333326e+00,8.191315661756791086e-03,1.104396507426905379e-02
-5.988354348549999706e+00,8.212250399728891412e-03,1.100961461501471193e-02
-5.985856078066666974e+00,8.233290905640953602e-03,1.097526415576036835e-02
-5.983357807583333354e+00,8.254437843729764759e-03,1.094091369650600221e-02
-5.980859537099999734e+00,8.275691883590979847e-03,1.090656323725163607e-02
-5.978361266616667002e+00,8.297053700234140183e-03,1.087221277799729248e-02
-5.975862996133333382e+00,8.318523974131297738e-03,1.083786231874295063e-02
-5.973364725649999762e+00,8.340103391273112621e-03,1.080351185948860704e-02
-5.970866455166667031e+00,8.361792643219231186e-03,1.076916140023426519e-02
-5.968368184683333411e+00,8.383592427155115573e-03,1.069597159005378044e-02
-5.965869914199999791e+00,8.405503445943695098e-03,1.062278177987329396e-02
-5.963371643716667059e+00,8.427526408183533269e-03,1.054959196969286125e-02
-5.960873373233333439e+00,8.449662028261655314e-03,1.047640215951242855e-02
-5.958375102749999819e+00,8.471911026413063081e-03,1.040321234933199585e-02
-5.955876832266667087e+00,8.494274128774934735e-03,1.033002253915156141e-02
-5.953378561783333467e+00,8.516752067447180483e-03,1.025683272897107666e-02
-5.950880291299999847e+00,8.539345580548036996e-03,1.018364291879059191e-02
-5.948382020816667115e+00,8.562055412276012648e-03,1.011045310861015747e-02
-5.945883750333333495e+00,8.584882312966907875e-03,1.003726329842972477e-02
-5.943385479849999875e+00,8.607827039157222790e-03,9.935716105820514496e-03
-5.940887209366666255e+00,8.630890353641899188e-03,9.834168913211231364e-03
-5.938388938883333523e+00,8.654073025540090849e-03,9.732621720602019355e-03
-5.935890668399999903e+00,8.677375830353746891e-03,9.631074527992736223e-03
-5.933392397916666283e+00,8.700799550034611987e-03,9.529527335383525949e-03
-5.930894127433333551e+00,8.724344973045210574e-03,9.427980142774315675e-03
-5.928395856949999931e+00,8.748012894426289432e-03,9.326432950165103666e-03
-5.925897586466666311e+00,8.771804115859758652e-03,9.224885757555820534e-03
-5.923399315983333580e+00,8.795719445737822106e-03,9.123338564946610260e-03
-5.920901045499999960e+00,8.819759699227104968e-03,9.021791372337327128e-03
-5.918402775016666340e+00,8.843925698339525840e-03,8.909995423666805178e-03
-5.915904504533333608e+00,8.868218271998150326e-03,8.798199474996284963e-03
-5.913406234049999988e+00,8.892638256109317366e-03,8.686403526325763014e-03
-5.910907963566666368e+00,8.917186493630479063e-03,8.574607577655163002e-03
-5.908409693083333636e+00,8.941863834643714801e-03,8.462811628984642787e-03
-5.905911422600000016e+00,8.966671136425180891e-03,8.351015680314041040e-03
-5.903413152116666396e+00,8.991609263520855544e-03,8.239219731643520825e-03
-5.900914881633333664e+00,9.016679087816959967e-03,8.127423782972998875e-03
-5.898416611150000044e+00,9.041881488617996634e-03,8.015627834302478660e-03
-5.895918340666666424e+00,9.067217352718703882e-03,7.903831885631885587e-03
-5.893420070183333692e+00,9.092687574483773391e-03,7.803777355602663224e-03
-5.890921799700000072e+00,9.118293055922079005e-03,7.703722825573368869e-03
-5.888423529216666452e+00,9.144034706767658824e-03,7.603668295544146506e-03
-5.885925258733333720e+00,9.169913444556029164e-03,7.503613765514924143e-03
-5.883426988250000100e+00,9.195930194707210154e-03,7.403559235485700912e-03
-5.880928717766666480e+00,9.222085890603758801e-03,7.303504705456407425e-03
-5.878430447283333748e+00,9.248381473675843303e-03,7.203450175427185062e-03
-5.875932176800000128e+00,9.274817893481005632e-03,7.103395645397891575e-03
-5.873433906316666508e+00,9.301396107791725168e-03,7.003341115368668345e-03
-5.870935635833333777e+00,9.328117082676891728e-03,6.903286585339445981e-03
-5.868437365350000157e+00,9.354981792590857589e-03,6.836052266850641858e-03
-5.865939094866666537e+00,9.381991220458145778e-03,6.768817948361790029e-03
-5.863440824383332917e+00,9.409146357763969667e-03,6.701583629872938201e-03
-5.860942553900000185e+00,9.436448204640703746e-03,6.634349311384134078e-03
-5.858444283416666565e+00,9.463897769961331433e-03,6.567114992895329087e-03
-5.855946012933332945e+00,9.491496071427648826e-03,6.499880674406524964e-03
-5.853447742450000213e+00,9.519244135665985013e-03,6.432646355917720840e-03
-5.850949471966666593e+00,9.547142998317929841e-03,6.365412037428869012e-03
-5.848451201483332973e+00,9.575193704137879153e-03,6.298177718940017183e-03
-5.845952931000000241e+00,9.603397307086349033e-03,6.230943400451213060e-03
-5.843454660516666621e+00,9.631754870430171700e-03,6.212167824022956850e-03
-5.840956390033333001e+00,9.660267466837558353e-03,6.193392247594699772e-03
-5.838458119550000269e+00,9.688936178481077563e-03,6.174616671166443561e-03
-5.835959849066666649e+00,9.717762097135308058e-03,6.155841094738173473e-03
-5.833461578583333029e+00,9.746746324282117360e-03,6.137065518309904252e-03
-5.830963308100000297e+00,9.775889971210658183e-03,6.118289941881648042e-03
-5.828465037616666677e+00,9.805194159125500686e-03,6.099514365453390964e-03
-5.825966767133333057e+00,9.834660019249295143e-03,6.080738789025134754e-03
-5.823468496650000326e+00,9.864288692933176686e-03,6.061963212596878543e-03
-5.820970226166666706e+00,9.894081331762290266e-03,6.043187636168608455e-03
-5.818471955683333086e+00,9.924039097669120138e-03,6.079851350826287124e-03
-5.815973685200000354e+00,9.954163163041278642e-03,6.116515065483938904e-03
-5.813475414716666734e+00,9.984454710837965125e-03,6.153178780141591551e-03
-5.810977144233333114e+00,1.001491493470082345e-02,6.189842494799244199e-03
-5.808478873750000382e+00,1.004554503907262308e-02,6.226506209456895979e-03
-5.805980603266666762e+00,1.007634623931144904e-02,6.263169924114574648e-03
-5.803482332783333142e+00,1.010731976181225220e-02,6.299833638772253316e-03
-5.800984062300000410e+00,1.013846684412407322e-02,6.336497353429905964e-03
-5.798485791816666790e+00,1.016978873507468246e-02,6.373161068087557744e-03
-5.795987521333333170e+00,1.020128669489063326e-02,6.409824782745210392e-03
-5.793489250850000438e+00,1.023296199532526714e-02,6.498895437872151924e-03
-5.790990980366666818e+00,1.026481591978203184e-02,6.587966092999156774e-03
-5.788492709883333198e+00,1.029684976344543215e-02,6.677036748126161624e-03
-5.785994439400000466e+00,1.032906483340748083e-02,6.766107403253103156e-03
-5.783496168916666846e+00,1.036146244880261150e-02,6.855178058380044688e-03
-5.780997898433333226e+00,1.039404394093707690e-02,6.944248713506986220e-03
-5.778499627949999606e+00,1.042681065342706236e-02,7.033319368633991070e-03
-5.776001357466666875e+00,1.045976394233191775e-02,7.122390023760932602e-03
-5.773503086983333255e+00,1.049290517629557738e-02,7.211460678887937452e-03
-5.771004816499999635e+00,1.052623573668387894e-02,7.300531334014878984e-03
-5.768506546016666903e+00,1.055975701772875197e-02,7.429557990295894594e-03
-5.766008275533333283e+00,1.059347042666935329e-02,7.558584646576910204e-03
-5.763510005049999663e+00,1.062737738390105539e-02,7.687611302858018622e-03
-5.761011734566666931e+00,1.066147932311920996e-02,7.816637959139033365e-03
-5.758513464083333311e+00,1.069577769147205676e-02,7.945664615420141783e-03
-5.756015193599999691e+00,1.073027394970915011e-02,8.074691271701158260e-03
-5.753516923116666959e+00,1.076496957233746311e-02,8.203717927982173003e-03
-5.751018652633333339e+00,1.079986604777432614e-02,8.332744584263189480e-03
-5.748520382149999719e+00,1.083496487850750881e-02,8.461771240544296163e-03
-5.746022111666666987e+00,1.087026758125175969e-02,8.590797896825312641e-03
-5.743523841183333367e+00,1.090577568711419316e-02,8.740248129386701814e-03
-5.741025570699999747e+00,1.094149074175396370e-02,8.889698361947985170e-03
-5.738527300216667015e+00,1.097741430555257067e-02,9.039148594509268525e-03
-5.736029029733333395e+00,1.101354795377812099e-02,9.188598827070551880e-03
-5.733530759249999775e+00,1.104989327675945550e-02,9.338049059631941054e-03
-5.731032488766667043e+00,1.108645188005562797e-02,9.487499292193222675e-03
-5.728534218283333423e+00,1.112322538463415486e-02,9.636949524754613583e-03
-5.726035947799999803e+00,1.116021542704538280e-02,9.786399757315895204e-03
-5.723537677316667072e+00,1.119742365960547069e-02,9.935849989877178559e-03
-5.721039406833333452e+00,1.123485175057546519e-02,1.008530022243846191e-02
-5.718541136349999832e+00,1.127250138434936905e-02,1.023228052314364804e-02
-5.716042865866667100e+00,1.131037426163814322e-02,1.037926082384873182e-02
-5.713544595383333480e+00,1.134847209966277463e-02,1.052624112455391794e-02
-5.711046324899999860e+00,1.138679663234312689e-02,1.067322142525899999e-02
-5.708548054416667128e+00,1.142534961049677597e-02,1.082020172596408203e-02
-5.706049783933333508e+00,1.146413280203286734e-02,1.096718202666916581e-02
-5.703551513449999888e+00,1.150314799215627556e-02,1.111416232737435193e-02
-5.701053242966666268e+00,1.154239698356690144e-02,1.126114262807953979e-02
-5.698554972483333536e+00,1.158188159666946777e-02,1.140812292878462184e-02
-5.696056701999999916e+00,1.162160366977837284e-02,1.155510322948970388e-02
-5.693558431516666296e+00,1.166156505933344315e-02,1.167796104933321345e-02
-5.691060161033333564e+00,1.170176764011035368e-02,1.180081886917672129e-02
-5.688561890549999944e+00,1.174221330544208616e-02,1.192367668902031760e-02
-5.686063620066666324e+00,1.178290396743582498e-02,1.204653450886391391e-02
-5.683565349583333592e+00,1.182384155720015567e-02,1.216939232870742349e-02
-5.681067079099999972e+00,1.186502802506833078e-02,1.229225014855093133e-02
-5.678568808616666352e+00,1.190646534083165779e-02,1.241510796839444090e-02
-5.676070538133333621e+00,1.194815549396909503e-02,1.253796578823794874e-02
-5.673572267650000001e+00,1.199010049388730785e-02,1.266082360808154506e-02
-5.671073997166666381e+00,1.203230237015669515e-02,1.278368142792511361e-02
-5.668575726683333649e+00,1.207476317275833592e-02,1.286677131733837687e-02
-5.666077456200000029e+00,1.211748497232646542e-02,1.294986120675164012e-02
-5.663579185716666409e+00,1.216046986040247684e-02,1.303295109616490512e-02
-5.661080915233333677e+00,1.220371994968495223e-02,1.311604098557816837e-02
-5.658582644750000057e+00,1.224723737429000460e-02,1.319913087499149061e-02
-5.656084374266666437e+00,1.229102429000887217e-02,1.328222076440481285e-02
-5.653586103783333705e+00,1.233508287457586727e-02,1.336531065381807611e-02
-5.651087833300000085e+00,1.237941532793336401e-02,1.344840054323134110e-02
-5.648589562816666465e+00,1.242402387250709193e-02,1.353149043264460435e-02
-5.646091292333333733e+00,1.246891075347887276e-02,1.361458032205786761e-02
-5.643593021850000113e+00,1.251407823907044019e-02,1.365223819035092483e-02
-5.641094751366666493e+00,1.255952862082348326e-02,1.368989605864398204e-02
-5.638596480883333761e+00,1.260526421389166971e-02,1.372755392693701323e-02
-5.636098210400000141e+00,1.265128735732924496e-02,1.376521179523004443e-02
-5.633599939916666521e+00,1.269760041439123299e-02,1.380286966352307562e-02
-5.631101669433333790e+00,1.274420577283088239e-02,1.384052753181610508e-02
-5.628603398950000170e+00,1.279110584520822165e-02,1.387818540010916230e-02
-5.626105128466666550e+00,1.283830306919609213e-02,1.391584326840222124e-02
-5.623606857983332930e+00,1.288579990789848716e-02,1.395350113669525070e-02
-5.621108587500000198e+00,1.293359885016528120e-02,1.399115900498828190e-02
-5.618610317016666578e+00,1.298170241091946460e-02,1.398983134742477243e-02
-5.616112046533332958e+00,1.303011313148173117e-02,1.398850368986126295e-02
-5.613613776050000226e+00,1.307883357990724180e-02,1.398717603229775348e-02
-5.611115505566666606e+00,1.312786635132041566e-02,1.398584837473424228e-02
-5.608617235083332986e+00,1.317721406826055826e-02,1.398452071717073281e-02
-5.606118964600000254e+00,1.322687938102733857e-02,1.398319305960722507e-02
-5.603620694116666634e+00,1.327686496803724518e-02,1.398186540204371560e-02
-5.601122423633333014e+00,1.332717353617844484e-02,1.398053774448020439e-02
-5.598624153150000282e+00,1.337780782117851605e-02,1.397921008691669492e-02
-5.596125882666666662e+00,1.342877058796973153e-02,1.397788242935318545e-02
-5.593627612183333042e+00,1.348006463106815427e-02,1.395556456079063111e-02
-5.591129341700000310e+00,1.353169277494994070e-02,1.393324669222807677e-02
-5.588631071216666690e+00,1.358365787444147481e-02,1.391092882366552416e-02
-5.586132800733333070e+00,1.363596281510765819e-02,1.388861095510295421e-02
-5.583634530250000338e+00,1.368861051365360612e-02,1.386629308654039987e-02
-5.581136259766666718e+00,1.374160391832495581e-02,1.384397521797782991e-02
-5.578637989283333098e+00,1.379494600932161530e-02,1.382165734941527557e-02
-5.576139718800000367e+00,1.384863979921046803e-02,1.379933948085272297e-02
-5.573641448316666747e+00,1.390268833335195353e-02,1.377702161229016863e-02
-5.571143177833333127e+00,1.395709469032528106e-02,1.375470374372759867e-02
-5.568644907350000395e+00,1.401186198236797388e-02,1.373739672001266822e-02
-5.566146636866666775e+00,1.406699335581481150e-02,1.372008969629772736e-02
-5.563648366383333155e+00,1.412249199155035141e-02,1.370278267258279691e-02
-5.561150095900000423e+00,1.417836110546203537e-02,1.368547564886786819e-02
-5.558651825416666803e+00,1.423460394890640503e-02,1.366816862515293773e-02
-5.556153554933333183e+00,1.429122380917628894e-02,1.365086160143799514e-02
-5.553655284450000451e+00,1.434822400998213461e-02,1.363355457772306642e-02
-5.551157013966666831e+00,1.440560791193325023e-02,1.361624755400812382e-02
-5.548658743483333211e+00,1.446337891303439704e-02,1.359894053029319511e-02
-5.546160472999999591e+00,1.452154044918219783e-02,1.358163350657826465e-02
-5.543662202516666859e+00,1.458009599467754817e-02,1.359731298768470341e-02
-5.541163932033333239e+00,1.463904906273762532e-02,1.361299246879115084e-02
-5.538665661549999619e+00,1.469840320602430056e-02,1.362867194989760000e-02
-5.536167391066666887e+00,1.475816201717257414e-02,1.364435143100403876e-02
-5.533669120583333267e+00,1.481832912933581797e-02,1.366003091211047751e-02
-5.531170850099999647e+00,1.487890821673144327e-02,1.367571039321691453e-02
-5.528672579616666916e+00,1.493990299520263007e-02,1.369138987432335329e-02
-5.526174309133333296e+00,1.500131722278214876e-02,1.370706935542980245e-02
-5.523676038649999676e+00,1.506315470027216018e-02,1.372274883653624988e-02
-5.521177768166666944e+00,1.512541927182601935e-02,1.373842831764268864e-02
-5.518679497683333324e+00,1.518811482554671341e-02,1.380979133925047675e-02
-5.516181227199999704e+00,1.525124529408749749e-02,1.388115436085826312e-02
-5.513682956716666972e+00,1.531481465526975290e-02,1.395251738246605124e-02
-5.511184686233333352e+00,1.537882693270335548e-02,1.402388040407388965e-02
-5.508686415749999732e+00,1.544328619642436687e-02,1.409524342568172807e-02
-5.506188145266667000e+00,1.550819656353561241e-02,1.416660644728951618e-02
-5.503689874783333380e+00,1.557356219886533479e-02,1.423796946889730429e-02
-5.501191604299999760e+00,1.563938731562913506e-02,1.430933249050509067e-02
-5.498693333816667028e+00,1.570567617610962516e-02,1.438069551211287878e-02
-5.496195063333333408e+00,1.577243309234035648e-02,1.445205853372071719e-02
-5.493696792849999788e+00,1.583966242680833955e-02,1.458981869913629319e-02
-5.491198522366667056e+00,1.590736859316035576e-02,1.472757886455177030e-02
-5.488700251883333436e+00,1.597555605692849851e-02,1.486533902996724915e-02
-5.486201981399999816e+00,1.604422933626022466e-02,1.500309919538272627e-02
-5.483703710916667085e+00,1.611339300266817140e-02,1.514085936079820512e-02
-5.481205440433333465e+00,1.618305168178462913e-02,1.527861952621378111e-02
-5.478707169949999845e+00,1.625321005413611283e-02,1.541637969162935710e-02
-5.476208899466667113e+00,1.632387285592343251e-02,1.555413985704483422e-02
-5.473710628983333493e+00,1.639504487982249709e-02,1.569190002246031307e-02
-5.471212358499999873e+00,1.646673097579041609e-02,1.582966018787579018e-02
-5.468714088016666253e+00,1.653893605189330623e-02,1.602821798723857299e-02
-5.466215817533333521e+00,1.661166507514013138e-02,1.622677578660121356e-02
-5.463717547049999901e+00,1.668492307233833405e-02,1.642533358596399290e-02
-5.461219276566666281e+00,1.675871513095622198e-02,1.662389138532663346e-02
-5.458721006083333549e+00,1.683304640000754873e-02,1.682244918468927403e-02
-5.456222735599999929e+00,1.690792209094379300e-02,1.702100698405191459e-02
-5.453724465116666309e+00,1.698334747856891647e-02,1.721956478341469740e-02
-5.451226194633333577e+00,1.705932790196236504e-02,1.741812258277733449e-02
-5.448727924149999957e+00,1.713586876542531889e-02,1.761668038214011731e-02
-5.446229653666666337e+00,1.721297553943567857e-02,1.781523818150275787e-02
-5.443731383183333605e+00,1.729065376162689308e-02,1.805211192089116110e-02
-5.441233112699999985e+00,1.736890903777672107e-02,1.828898566027956779e-02
-5.438734842216666365e+00,1.744774704281948363e-02,1.852585939966814102e-02
-5.436236571733333633e+00,1.752717352186934294e-02,1.876273313905654425e-02
-5.433738301250000013e+00,1.760719429126883159e-02,1.899960687844511747e-02
-5.431240030766666393e+00,1.768781523964727334e-02,1.923648061783352417e-02
-5.428741760283333662e+00,1.776904232900609892e-02,1.947335435722192740e-02
-5.426243489800000042e+00,1.785088159581508724e-02,1.971022809661033409e-02
-5.423745219316666422e+00,1.793333915213589369e-02,1.994710183599890732e-02
-5.421246948833333690e+00,1.801642118675729834e-02,2.018397557538731055e-02
-5.418748678350000070e+00,1.810013396635803962e-02,2.042352873948431388e-02
-5.416250407866666450e+00,1.818448383668320664e-02,2.066308190358114721e-02
-5.413752137383333718e+00,1.826947722374843222e-02,2.090263506767798055e-02
-5.411253866900000098e+00,1.835512063505831404e-02,2.114218823177481388e-02
-5.408755596416666478e+00,1.844142066085377105e-02,2.138174139587181721e-02
-5.406257325933333746e+00,1.852838397537436704e-02,2.162129455996865054e-02
-5.403759055450000126e+00,1.861601733815079068e-02,2.186084772406565388e-02
-5.401260784966666506e+00,1.870432759531280922e-02,2.210040088816248721e-02
-5.398762514483333774e+00,1.879332168092864852e-02,2.233995405225932054e-02
-5.396264244000000154e+00,1.888300661836057187e-02,2.257950721635615388e-02
-5.393765973516666534e+00,1.897338952165266227e-02,2.278045029787641867e-02
-5.391267703033332914e+00,1.906447759693657984e-02,2.298139337939668000e-02
-5.388769432550000182e+00,1.915627814386994254e-02,2.318233646091680256e-02
-5.386271162066666562e+00,1.924879855709362569e-02,2.338327954243692164e-02
-5.383772891583332942e+00,1.934204632772325294e-02,2.358422262395704072e-02
-5.381274621100000211e+00,1.943602904486057062e-02,2.378516570547716327e-02
-5.378776350616666591e+00,1.953075439713959638e-02,2.398610878699742460e-02
-5.376278080133332971e+00,1.962623017429465655e-02,2.418705186851768940e-02
-5.373779809650000239e+00,1.972246426876402697e-02,2.438799495003781195e-02
-5.371281539166666619e+00,1.981946467731635422e-02,2.458893803155793104e-02
-5.368783268683332999e+00,1.991723950271433868e-02,2.471408131108877512e-02
-5.366284998200000267e+00,2.001579695540235682e-02,2.483922459061962268e-02
-5.363786727716666647e+00,2.011514535523255959e-02,2.496436787015055697e-02
-5.361288457233333027e+00,2.021529313321653379e-02,2.508951114968149126e-02
-5.358790186750000295e+00,2.031624883331628606e-02,2.521465442921233535e-02
-5.356291916266666675e+00,2.041802111426255228e-02,2.533979770874317944e-02
-5.353793645783333055e+00,2.052061875141415401e-02,2.546494098827402353e-02
-5.351295375300000323e+00,2.062405063864530125e-02,2.559008426780487108e-02
-5.348797104816666703e+00,2.072832579027618360e-02,2.571522754733580537e-02
-5.346298834333333083e+00,2.083345334303281227e-02,2.584037082686666681e-02
-5.343800563850000351e+00,2.093944255805168034e-02,2.586642597209898309e-02
-5.341302293366666731e+00,2.104630282291551635e-02,2.589248111733129937e-02
-5.338804022883333111e+00,2.115404365373495243e-02,2.591853626256361565e-02
-5.336305752400000380e+00,2.126267469726366571e-02,2.594459140779593193e-02
-5.333807481916666760e+00,2.137220573306080132e-02,2.597064655302826555e-02
-5.331309211433333139e+00,2.148264667568871092e-02,2.599670169826059918e-02
-5.328810940950000408e+00,2.159400757695976308e-02,2.602275684349291546e-02
-5.326312670466666788e+00,2.170629862822042247e-02,2.604881198872523174e-02
-5.323814399983333168e+00,2.181953016268636802e-02,2.607486713395754802e-02
-5.321316129500000436e+00,2.193371265781664248e-02,2.610092227918986429e-02
-5.318817859016666816e+00,2.204885673774107518e-02,2.602599379301252444e-02
-5.316319588533333196e+00,2.216497317572843975e-02,2.595106530683518459e-02
-5.313821318050000464e+00,2.228207289671094854e-02,2.587613682065790024e-02
-5.311323047566666844e+00,2.240016697985041522e-02,2.580120833448061243e-02
-5.308824777083333224e+00,2.251926666116330078e-02,2.572627984830332809e-02
-5.306326506599999604e+00,2.263938333619060911e-02,2.565135136212598824e-02
-5.303828236116666872e+00,2.276052856272815089e-02,2.557642287594870042e-02
-5.301329965633333252e+00,2.288271406360434246e-02,2.550149438977136057e-02
-5.298831695149999632e+00,2.300595172952025341e-02,2.542656590359407623e-02
-5.296333424666666900e+00,2.313025362194076617e-02,2.535163741741678842e-02
-5.293835154183333280e+00,2.325563197605030191e-02,2.519847811245112812e-02
-5.291336883699999660e+00,2.338209920376136883e-02,2.504531880748536027e-02
-5.288838613216666928e+00,2.350966789679122954e-02,2.489215950251969650e-02
-5.286340342733333308e+00,2.363835082979458616e-02,2.473900019755392865e-02
-5.283842072249999688e+00,2.376816096356636904e-02,2.458584089258826835e-02
-5.281343801766666957e+00,2.389911144830374548e-02,2.443268158762260805e-02
-5.278845531283333337e+00,2.403121562694170849e-02,2.427952228265694776e-02
-5.276347260799999717e+00,2.416448703855049798e-02,2.412636297769117644e-02
-5.273848990316666985e+00,2.429893942181004032e-02,2.397320367272551614e-02
-5.271350719833333365e+00,2.443458671854926295e-02,2.382004436775974829e-02
-5.268852449349999745e+00,2.457144307736588637e-02,2.363407879089444302e-02
-5.266354178866667013e+00,2.470952285731495973e-02,2.344811321402913429e-02
-5.263855908383333393e+00,2.484884063168082274e-02,2.326214763716382902e-02
-5.261357637899999773e+00,2.498941119182173515e-02,2.307618206029838845e-02
-5.258859367416667041e+00,2.513124955110128053e-02,2.289021648343308318e-02
-5.256361096933333421e+00,2.527437094889708330e-02,2.270425090656764261e-02
-5.253862826449999801e+00,2.541879085469970004e-02,2.251828532970233387e-02
-5.251364555966667069e+00,2.556452497229263696e-02,2.233231975283702861e-02
-5.248866285483333449e+00,2.571158924402712487e-02,2.214635417597172334e-02
-5.246368014999999829e+00,2.585999985518220787e-02,2.196038859910628277e-02
-5.243869744516667097e+00,2.600977323842397146e-02,2.180269928211450367e-02
-5.241371474033333477e+00,2.616092607835444547e-02,2.164500996512261355e-02
-5.238873203549999857e+00,2.631347531616445856e-02,2.148732064813083445e-02
-5.236374933066667126e+00,2.646743815438054939e-02,2.132963133113905535e-02
-5.233876662583333506e+00,2.662283206172156788e-02,2.117194201414727625e-02
-5.231378392099999886e+00,2.677967477805342014e-02,2.101425269715538266e-02
-5.228880121616666266e+00,2.693798431945870070e-02,2.085656338016349254e-02
-5.226381851133333534e+00,2.709777898341093894e-02,2.069887406317171344e-02
-5.223883580649999914e+00,2.725907735406808696e-02,2.054118474617993434e-02
-5.221385310166666294e+00,2.742189830767593692e-02,2.038349542918815524e-02
-5.218887039683333562e+00,2.758626101809781225e-02,2.032010999596084791e-02
-5.216388769199999942e+00,2.775218496245937874e-02,2.025672456273349201e-02
-5.213890498716666322e+00,2.791968992692532917e-02,2.019333912950613957e-02
-5.211392228233333590e+00,2.808879601259871295e-02,2.012995369627882877e-02
-5.208893957749999970e+00,2.825952364155748589e-02,2.006656826305152144e-02
-5.206395687266666350e+00,2.843189356302078946e-02,2.000318282982421411e-02
-5.203897416783333618e+00,2.860592685965926418e-02,1.993979739659690331e-02
-5.201399146299999998e+00,2.878164495404203840e-02,1.987641196336955088e-02
-5.198900875816666378e+00,2.895906961523526599e-02,1.981302653014219498e-02
-5.196402605333333646e+00,2.913822296554390359e-02,1.974964109691488764e-02
-5.193904334850000026e+00,2.931912748741404007e-02,1.983926442345166838e-02
-5.191406064366666406e+00,2.950180603048520658e-02,1.992888774998845258e-02
-5.188907793883333675e+00,2.968628181881129147e-02,2.001851107652523332e-02
-5.186409523400000054e+00,2.987257845824101143e-02,2.010813440306207997e-02
-5.183911252916666434e+00,3.006071994397434624e-02,2.019775772959892662e-02
-5.181412982433333703e+00,3.025073066828764048e-02,2.028738105613571083e-02
-5.178914711950000083e+00,3.044263542844402246e-02,2.037700438267249156e-02
-5.176416441466666463e+00,3.063645943478147601e-02,2.046662770920927577e-02
-5.173918170983333731e+00,3.083222831899663785e-02,2.055625103574605650e-02
-5.171419900500000111e+00,3.102996814261517813e-02,2.064587436228290315e-02
-5.168921630016666491e+00,3.122970540566841549e-02,2.092849522317935876e-02
-5.166423359533333759e+00,3.143146705556772863e-02,2.121111608407561314e-02
-5.163925089050000139e+00,3.163528049619493410e-02,2.149373694497186751e-02
-5.161426818566666519e+00,3.184117359720257945e-02,2.177635780586812189e-02
-5.158928548083333787e+00,3.204917470354153725e-02,2.205897866676437627e-02
-5.156430277600000167e+00,3.225931264520952996e-02,2.234159952766083188e-02
-5.153932007116666547e+00,3.247161674724022978e-02,2.262422038855728748e-02
-5.151433736633332927e+00,3.268611683992535266e-02,2.290684124945354186e-02
-5.148935466150000195e+00,3.290284326929023007e-02,2.318946211034979624e-02
-5.146437195666666575e+00,3.312182690781614869e-02,2.347208297124605061e-02
-5.143938925183332955e+00,3.334309916542979590e-02,2.396061989626120312e-02
-5.141440654700000223e+00,3.356669200075320519e-02,2.444915682127600867e-02
-5.138942384216666603e+00,3.379263793263576759e-02,2.493769374629115770e-02
-5.136444113733332983e+00,3.402097005196227930e-02,2.542623067130596326e-02
-5.133945843250000252e+00,3.425172203375823066e-02,2.591476759632076882e-02
-5.131447572766666632e+00,3.448492814958682706e-02,2.640330452133557437e-02
-5.128949302283333012e+00,3.472062328026025158e-02,2.689184144635072687e-02
-5.126451031800000280e+00,3.495884292885990952e-02,2.738037837136552896e-02
-5.123952761316666660e+00,3.519962323408790117e-02,2.786891529638068146e-02
-5.121454490833333040e+00,3.544300098394631560e-02,2.835745222139548702e-02
-5.118956220350000308e+00,3.568901362976593938e-02,2.903391330974716689e-02
-5.116457949866666688e+00,3.593769930058230561e-02,2.971037439809885022e-02
-5.113959679383333068e+00,3.618909681788146787e-02,3.038683548645101234e-02
-5.111461408900000336e+00,3.644324571071319574e-02,3.106329657480269568e-02
-5.108963138416666716e+00,3.670018623119521151e-02,3.173975766315485780e-02
-5.106464867933333096e+00,3.695995937040687240e-02,3.241621875150654114e-02
-5.103966597450000364e+00,3.722260687469699375e-02,3.309267983985821754e-02
-5.101468326966666744e+00,3.748817126240382158e-02,3.376914092820990088e-02
-5.098970056483333124e+00,3.775669584101309234e-02,3.444560201656206300e-02
-5.096471786000000392e+00,3.802822472475411025e-02,3.512206310491374633e-02
-5.093973515516666772e+00,3.830280285265880158e-02,3.593880576284591566e-02
-5.091475245033333152e+00,3.858047600708565394e-02,3.675554842077750906e-02
-5.088976974550000421e+00,3.886129083273411750e-02,3.757229107870910245e-02
-5.086478704066666801e+00,3.914529485615199367e-02,3.838903373664068891e-02
-5.083980433583333181e+00,3.943253650576262342e-02,3.920577639457285823e-02
-5.081482163100000449e+00,3.972306513241539300e-02,4.002251905250445163e-02
-5.078983892616666829e+00,4.001693103048753475e-02,4.083926171043662096e-02
-5.076485622133333209e+00,4.031418545954068566e-02,4.165600436836821435e-02
-5.073987351649999589e+00,4.061488066656267909e-02,4.247274702629980081e-02
-5.071489081166666857e+00,4.091906990879896205e-02,4.328948968423139421e-02
-5.068990810683333237e+00,4.122680747720383621e-02,4.417532174419946944e-02
-5.066492540199999617e+00,4.153814872051828089e-02,4.506115380416753774e-02
-5.063994269716666885e+00,4.185315007000707521e-02,4.594698586413498154e-02
-5.061495999233333265e+00,4.217186906485984044e-02,4.683281792410242533e-02
-5.058997728749999645e+00,4.249436437829304247e-02,4.771864998406986913e-02
-5.056499458266666913e+00,4.282069584435802684e-02,4.860448204403730599e-02
-5.054001187783333293e+00,4.315092448549323612e-02,4.949031410400538122e-02
-5.051502917299999673e+00,4.348511254082722960e-02,5.037614616397344952e-02
-5.049004646816666941e+00,4.382332349527244542e-02,5.126197822394089332e-02
-5.046506376333333321e+00,4.416562210941835792e-02,5.214781028390833711e-02
-5.044008105849999701e+00,4.451207445026390819e-02,5.301804778378801930e-02
-5.041509835366666969e+00,4.486274792280190576e-02,5.388828528366770149e-02
-5.039011564883333349e+00,4.521771130249555015e-02,5.475852278354800123e-02
-5.036513294399999729e+00,4.557703476866133835e-02,5.562876028342830098e-02
-5.034015023916666998e+00,4.594078993880146983e-02,5.649899778330798317e-02
-5.031516753433333378e+00,4.630904990390184717e-02,5.736923528318766535e-02
-5.029018482949999758e+00,4.668188926473979677e-02,5.823947278306734754e-02
-5.026520212466667026e+00,4.705938416922094553e-02,5.910971028294702972e-02
-5.024021941983333406e+00,4.744161235079084188e-02,5.997994778282732947e-02
-5.021523671499999786e+00,4.782865316794312344e-02,6.085018528270762922e-02
-5.019025401016667054e+00,4.822058764487270610e-02,6.161942939989564078e-02
-5.016527130533333434e+00,4.861749851329703886e-02,6.238867351708364539e-02
-5.014028860049999814e+00,4.901947025549819453e-02,6.315791763427165695e-02
-5.011530589566667082e+00,4.942658914861003394e-02,6.392716175145966850e-02
-5.009032319083333462e+00,4.983894331020592011e-02,6.469640586864822129e-02
-5.006534048599999842e+00,5.025662274521539019e-02,6.546564998583678796e-02
-5.004035778116667110e+00,5.067971939422641348e-02,6.623489410302478564e-02
-5.001537507633333490e+00,5.110832718320643814e-02,6.700413822021279719e-02
-4.999039237149999870e+00,5.154254207470072152e-02,6.777338233740080875e-02
-4.996540966666666250e+00,5.198246212054398463e-02,6.854262645458925052e-02
-4.994042696183333518e+00,5.242818751614942291e-02,6.913888551965220730e-02
-4.991544425699999898e+00,5.287982065641238377e-02,6.973514458471560817e-02
-4.989046155216666278e+00,5.333746619329714916e-02,7.033140364977857883e-02
-4.986547884733333547e+00,5.380123109514819285e-02,7.092766271484154950e-02
-4.984049614249999927e+00,5.427122470779779245e-02,7.152392177990452016e-02
-4.981551343766666307e+00,5.474755881751533493e-02,7.212018084496790715e-02
-4.979053073283333575e+00,5.523034771587490011e-02,7.271643991003087781e-02
-4.976554802799999955e+00,5.571970826658972920e-02,7.331269897509426481e-02
-4.974056532316666335e+00,5.621575997439524908e-02,7.390895804015723547e-02
-4.971558261833333603e+00,5.671862505603450511e-02,7.450521710522020613e-02
-4.969059991349999983e+00,5.722842851343097614e-02,7.488396598910176949e-02
-4.966561720866666363e+00,5.774529820910817568e-02,7.526271487298359653e-02
-4.964063450383333631e+00,5.826936494394620997e-02,7.564146375686515988e-02
-4.961565179900000011e+00,5.880076253733984570e-02,7.602021264074698692e-02
-4.959066909416666391e+00,5.933962790985384400e-02,7.639896152462855028e-02
-4.956568638933333659e+00,5.988610116844451242e-02,7.677771040851009976e-02
-4.954070368450000039e+00,6.044032569435059399e-02,7.715645929239166312e-02
-4.951572097966666419e+00,6.100244823372753117e-02,7.753520817627349015e-02
-4.949073827483333687e+00,6.157261899113371934e-02,7.791395706015505351e-02
-4.946575557000000067e+00,6.215099172595030252e-02,7.829270594403688055e-02
-4.944077286516666447e+00,6.273772385184876732e-02,7.844944866643017989e-02
-4.941579016033333716e+00,6.333297653939430616e-02,7.860619138882347923e-02
-4.939080745550000096e+00,6.393691482190666520e-02,7.876293411121677857e-02
-4.936582475066666476e+00,6.454970770467315100e-02,7.891967683361018893e-02
-4.934084204583333744e+00,6.517152827764222112e-02,7.907641955600348826e-02
-4.931585934100000124e+00,6.580255383170043049e-02,7.923316227839689863e-02
-4.929087663616666504e+00,6.644296597866816700e-02,7.938990500079019796e-02
-4.926589393133333772e+00,6.709295077512483774e-02,7.954664772318349730e-02
-4.924091122650000152e+00,6.775269885020628047e-02,7.970339044557679664e-02
-4.921592852166666532e+00,6.842240553749379117e-02,7.986013316797020700e-02
-4.919094581683332912e+00,6.910227101114567450e-02,7.983999022182798611e-02
-4.916596311200000180e+00,6.979250042639770224e-02,7.981984727568579296e-02
-4.914098040716666560e+00,7.049330406459325404e-02,7.979970432954358595e-02
-4.911599770233332940e+00,7.120489748287801846e-02,7.977956138340137893e-02
-4.909101499750000208e+00,7.192750166872735607e-02,7.975941843725918579e-02
-4.906603229266666588e+00,7.266134319945082021e-02,7.973927549111696489e-02
-4.904104958783332968e+00,7.340665440685033294e-02,7.971913254497474399e-02
-4.901606688300000236e+00,7.416367354718624016e-02,7.969898959883253697e-02
-4.899108417816666616e+00,7.493264497663493229e-02,7.967884665269034383e-02
-4.896610147333332996e+00,7.571381933240130258e-02,7.965870370654813681e-02
-4.894111876850000264e+00,7.650745371968027675e-02,7.956153880419586377e-02
-4.891613606366666644e+00,7.731381190463615383e-02,7.946437390184352134e-02
-4.889115335883333024e+00,7.813316451360521886e-02,7.936720899949117891e-02
-4.886617065400000293e+00,7.896578923869619626e-02,7.927004409713890587e-02
-4.884118794916666673e+00,7.981197105000360781e-02,7.917287919478663283e-02
-4.881620524433333053e+00,8.067200241461625065e-02,7.907571429243437366e-02
-4.879122253950000321e+00,8.154618352264052239e-02,7.897854939008210062e-02
-4.876623983466666701e+00,8.243482252043095315e-02,7.888138448772975819e-02
-4.874125712983333081e+00,8.333823575125189065e-02,7.878421958537741576e-02
-4.871627442500000349e+00,8.425674800356791616e-02,7.868705468302514272e-02
-4.869129172016666729e+00,8.519069276719301587e-02,7.866679077304646051e-02
-4.866630901533333109e+00,8.614041249749897211e-02,7.864652686306777829e-02
-4.864132631050000377e+00,8.710625888791599658e-02,7.862626295308909607e-02
-4.861634360566666757e+00,8.808859315092865128e-02,7.860599904311039998e-02
-4.859136090083333137e+00,8.908778630779969065e-02,7.858573513313169001e-02
-4.856637819600000405e+00,9.010421948722417695e-02,7.856547122315300780e-02
-4.854139549116666785e+00,9.113828423314510041e-02,7.854520731317432558e-02
-4.851641278633333165e+00,9.219038282192738853e-02,7.852494340319564337e-02
-4.849143008150000433e+00,9.326092858911648464e-02,7.850467949321696115e-02
-4.846644737666666813e+00,9.435034626597010865e-02,7.848441558323826506e-02
-4.844146467183333193e+00,9.545907232597805603e-02,7.874156711467975023e-02
-4.841648196700000462e+00,9.658755534154700451e-02,7.899871864612105499e-02
-4.839149926216666842e+00,9.773625635104896126e-02,7.925587017756235975e-02
-4.836651655733333222e+00,9.890564923639094674e-02,7.951302170900366451e-02
-4.834153385249999602e+00,1.000962211112830652e-01,7.977017324044516355e-02
-4.831655114766666870e+00,1.013084727203370783e-01,8.002732477188646831e-02
-4.829156844283333250e+00,1.025429188491425447e-01,8.028447630332795348e-02
-4.826658573799999630e+00,1.038000887454196136e-01,8.054162783476925824e-02
-4.824160303316666898e+00,1.050805265513561904e-01,8.079877936621056300e-02
-4.821662032833333278e+00,1.063847917471863053e-01,8.105593089765186776e-02
-4.819163762349999658e+00,1.077134596060681515e-01,8.182304357648988169e-02
-4.816665491866666926e+00,1.090671216602634025e-01,8.259015625532735438e-02
-4.814167221383333306e+00,1.104463861786169621e-01,8.335726893416536831e-02
-4.811668950899999686e+00,1.118518786552688132e-01,8.412438161300282713e-02
-4.809170680416666954e+00,1.132842423095230255e-01,8.489149429184029982e-02
-4.806672409933333334e+00,1.147441385967213623e-01,8.565860697067777252e-02
-4.804174139449999714e+00,1.162322477299527063e-01,8.642571964951578645e-02
-4.801675868966666982e+00,1.177492692123448398e-01,8.719283232835324526e-02
-4.799177598483333362e+00,1.192959223796554030e-01,8.795994500719125919e-02
-4.796679327999999742e+00,1.208729469527834582e-01,8.872705768602873189e-02
-4.794181057516667011e+00,1.224811035997818431e-01,9.024765815539653735e-02
-4.791682787033333391e+00,1.241211745068401956e-01,9.176825862476435669e-02
-4.789184516549999771e+00,1.257939639576542978e-01,9.328885909413324462e-02
-4.786686246066667039e+00,1.275002989204702397e-01,9.480945956350106396e-02
-4.784187975583333419e+00,1.292410296420224147e-01,9.633006003286995189e-02
-4.781689705099999799e+00,1.310170302474417126e-01,9.785066050223775735e-02
-4.779191434616667067e+00,1.328291993451208575e-01,9.937126097160557670e-02
-4.776693164133333447e+00,1.346784606353653158e-01,1.008918614409733822e-01
-4.774194893649999827e+00,1.365657635215521415e-01,1.024124619103422840e-01
-4.771696623166667095e+00,1.384920837223425905e-01,1.039330623797100894e-01
-4.769198352683333475e+00,1.404584238833728460e-01,1.064357500863323258e-01
-4.766700082199999855e+00,1.424658141866542160e-01,1.089384377929527720e-01
-4.764201811716667123e+00,1.445153129557839311e-01,1.114411254995732181e-01
-4.761703541233333503e+00,1.466080072548608948e-01,1.139438132061936781e-01
-4.759205270749999883e+00,1.487450134788610157e-01,1.164465009128159007e-01
-4.756707000266666263e+00,1.509274779330215810e-01,1.189491886194381370e-01
-4.754208729783333531e+00,1.531565773986355572e-01,1.214518763260585832e-01
-4.751710459299999911e+00,1.554335196824558341e-01,1.239545640326790293e-01
-4.749212188816666291e+00,1.577595441467656290e-01,1.264572517392994755e-01
-4.746713918333333559e+00,1.601359222169725649e-01,1.289599394459199355e-01
-4.744215647849999939e+00,1.625639578634520133e-01,1.326302102011935047e-01
-4.741717377366666319e+00,1.650449880541660086e-01,1.363004809564670738e-01
-4.739219106883333588e+00,1.675803831744609451e-01,1.399707517117380340e-01
-4.736720836399999968e+00,1.701715474102424852e-01,1.436410224670089941e-01
-4.734222565916666348e+00,1.728199190905963245e-01,1.473112932222799820e-01
-4.731724295433333616e+00,1.755269709856985827e-01,1.509815639775509422e-01
-4.729226024949999996e+00,1.782942105556930557e-01,1.546518347328245113e-01
-4.726727754466666376e+00,1.811231801459468882e-01,1.583221054880980805e-01
-4.724229483983333644e+00,1.840154571238539205e-01,1.619923762433690406e-01
-4.721731213500000024e+00,1.869726539520053799e-01,1.656626469986400008e-01
-4.719232943016666404e+00,1.899964181921989792e-01,1.706157146953075909e-01
-4.716734672533333672e+00,1.930884324342809488e-01,1.755687823919751533e-01
-4.714236402050000052e+00,1.962504141433202010e-01,1.805218500886462685e-01
-4.711738131566666432e+00,1.994841154179829712e-01,1.854749177853173836e-01
-4.709239861083333700e+00,2.027913226523306855e-01,1.904279854819849738e-01
-4.706741590600000080e+00,2.061738560924695762e-01,1.953810531786525362e-01
-4.704243320116666460e+00,2.096335692787078542e-01,2.003341208753201264e-01
-4.701745049633333728e+00,2.131723483629866522e-01,2.052871885719877165e-01
-4.699246779150000108e+00,2.167921112905229208e-01,2.102402562686588039e-01
-4.696748508666666488e+00,2.204948068337460321e-01,2.151933239653299190e-01
-4.694250238183333757e+00,2.242824134658880364e-01,2.214514345433693243e-01
-4.691751967700000137e+00,2.281569380609495545e-01,2.277095451214087574e-01
-4.689253697216666517e+00,2.321204144063849228e-01,2.339676556994481627e-01
-4.686755426733333785e+00,2.361749015146832886e-01,2.402257662774875679e-01
-4.684257156250000165e+00,2.403224817202472552e-01,2.464838768555314419e-01
-4.681758885766666545e+00,2.445652585485436903e-01,2.527419874335752881e-01
-4.679260615283332925e+00,2.489053543455814477e-01,2.590000980116147211e-01
-4.676762344800000193e+00,2.533449076572764080e-01,2.652582085896541542e-01
-4.674264074316666573e+00,2.578860703503343399e-01,2.715163191676935317e-01
-4.671765803833332953e+00,2.625310044687670374e-01,2.777744297457382938e-01
-4.669267533350000221e+00,2.672818788231299814e-01,2.852518563430359033e-01
-4.666769262866666601e+00,2.721408653128115085e-01,2.927292829403388419e-01
-4.664270992383332981e+00,2.771101349852001516e-01,3.002067095376364514e-01
-4.661772721900000249e+00,2.821918538389963649e-01,3.076841361349340609e-01
-4.659274451416666629e+00,2.873881783822315183e-01,3.151615627322316704e-01
-4.656776180933333009e+00,2.927012509583265532e-01,3.226389893295346090e-01
-4.654277910450000277e+00,2.981331948556097955e-01,3.301164159268322185e-01
-4.651779639966666657e+00,3.036861092167189025e-01,3.375938425241351570e-01
-4.649281369483333037e+00,3.093620637640925874e-01,3.450712691214327665e-01
-4.646783099000000306e+00,3.151630933559385617e-01,3.525486957187303760e-01
-4.644284828516666686e+00,3.210911923836222703e-01,3.610467914384523080e-01
-4.641786558033333066e+00,3.271483090161085294e-01,3.695448871581802908e-01
-4.639288287550000334e+00,3.333363392900843825e-01,3.780429828779021673e-01
-4.636790017066666714e+00,3.396571210356995607e-01,3.865410785976301500e-01
-4.634291746583333094e+00,3.461124276179295967e-01,3.950391743173520820e-01
-4.631793476100000362e+00,3.527039614627329733e-01,4.035372700370740140e-01
-4.629295205616666742e+00,3.594333473261998591e-01,4.120353657567959460e-01
-4.626796935133333122e+00,3.663021252544306217e-01,4.205334614765239287e-01
-4.624298664650000390e+00,3.733117431729937041e-01,4.290315571962458052e-01
-4.621800394166666770e+00,3.804635490383573293e-01,4.375296529159737879e-01
-4.619302123683333150e+00,3.877587824808487738e-01,4.467431453850415068e-01
-4.616803853200000418e+00,3.951985658703496829e-01,4.559566378541092257e-01
-4.614305582716666798e+00,4.027838947431047201e-01,4.651701303231768891e-01
-4.611807312233333178e+00,4.105156275412746858e-01,4.743836227922511584e-01
-4.609309041750000446e+00,4.183944746367493361e-01,4.835971152613188773e-01
-4.606810771266666826e+00,4.264209866371257429e-01,4.928106077303931465e-01
-4.604312500783333206e+00,4.345955420043919881e-01,5.020241001994608654e-01
-4.601814230299999586e+00,4.429183340546523073e-01,5.112375926685285288e-01
-4.599315959816666854e+00,4.513893574488800908e-01,5.204510851375963032e-01
-4.596817689333333234e+00,4.600083943280632304e-01,5.296645776066705169e-01
-4.594319418849999614e+00,4.687750002888962930e-01,5.391989147800712034e-01
-4.591821148366666883e+00,4.776884904353970174e-01,5.487332519534652286e-01
-4.589322877883333263e+00,4.867479257745321308e-01,5.582675891268591428e-01
-4.586824607399999643e+00,4.959521002468148532e-01,5.678019263002530570e-01
-4.584326336916666911e+00,5.052995286929901075e-01,5.773362634736469712e-01
-4.581828066433333291e+00,5.147884360525586400e-01,5.868706006470477687e-01
-4.579329795949999671e+00,5.244167480670524073e-01,5.964049378204484553e-01
-4.576831525466666939e+00,5.341820837193477223e-01,6.059392749938423695e-01
-4.574333254983333319e+00,5.440817495798396797e-01,6.154736121672363947e-01
-4.571834984499999699e+00,5.541127361519986305e-01,6.250079493406303088e-01
-4.569336714016666967e+00,5.642717162162568245e-01,6.344061697370620978e-01
-4.566838443533333347e+00,5.745550450660988906e-01,6.438043901335005481e-01
-4.564340173049999727e+00,5.849587624189994672e-01,6.532026105299391094e-01
-4.561841902566666995e+00,5.954785956738009034e-01,6.626008309263708984e-01
-4.559343632083333375e+00,6.061099640827534163e-01,6.719990513228026874e-01
-4.556845361599999755e+00,6.168479833186277794e-01,6.813972717192344764e-01
-4.554347091116667023e+00,6.276874698531882402e-01,6.907954921156662653e-01
-4.551848820633333403e+00,6.386229445304469898e-01,7.001937125121048267e-01
-4.549350550149999783e+00,6.496486347231444913e-01,7.095919329085432770e-01
-4.546852279666667052e+00,6.607584745086022560e-01,7.189901533049750659e-01
-4.544354009183333432e+00,6.719461023932392640e-01,7.277666544499913348e-01
-4.541855738699999812e+00,6.832048562533999947e-01,7.365431555950074927e-01
-4.539357468216667080e+00,6.945277653405926843e-01,7.453196567400237615e-01
-4.536859197733333460e+00,7.059075394151774763e-01,7.540961578850462477e-01
-4.534360927249999840e+00,7.173365553142716511e-01,7.628726590300687338e-01
-4.531862656766667108e+00,7.288068415143608147e-01,7.716491601750848917e-01
-4.529364386283333488e+00,7.403100615016658947e-01,7.804256613201011605e-01
-4.526866115799999868e+00,7.518374969968191213e-01,7.892021624651173184e-01
-4.524367845316666248e+00,7.633800322773151015e-01,7.979786636101398045e-01
-4.521869574833333516e+00,7.749281409843123969e-01,8.067551647551560734e-01
-4.519371304349999896e+00,7.864718768742334776e-01,8.144330214643935584e-01
-4.516873033866666276e+00,7.980008699674517869e-01,8.221108781736257143e-01
-4.514374763383333544e+00,8.095043294476435003e-01,8.297887348828577592e-01
-4.511876492899999924e+00,8.209710544723020087e-01,8.374665915920898041e-01
-4.509378222416666304e+00,8.323894537697328344e-01,8.451444483013274001e-01
-4.506879951933333572e+00,8.437475745287138507e-01,8.528223050105594449e-01
-4.504381681449999952e+00,8.550331406487309271e-01,8.605001617197969299e-01
-4.501883410966666332e+00,8.662335999317213320e-01,8.681780184290290858e-01
-4.499385140483333601e+00,8.773361792865616016e-01,8.758558751382611307e-01
-4.496886869999999981e+00,8.883279465148871124e-01,8.835337318474931756e-01
-4.494388599516666361e+00,8.991958767836353283e-01,8.896819348356204138e-01
-4.491890329033333629e+00,9.099269214987319998e-01,8.958301378237433221e-01
-4.489392058550000009e+00,9.205080770069037355e-01,9.019783408118705603e-01
-4.486893788066666389e+00,9.309264503958664116e-01,9.081265437999934687e-01
-4.484395517583333657e+00,9.411693196584034471e-01,9.142747467881162660e-01
-4.481897247100000037e+00,9.512241856459504596e-01,9.204229497762391743e-01
-4.479398976616666417e+00,9.610788135655944364e-01,9.265711527643664125e-01
-4.476900706133333685e+00,9.707212622630886356e-01,9.327193557524893208e-01
-4.474402435650000065e+00,9.801399001648885001e-01,9.388675587406165590e-01
-4.471904165166666445e+00,9.893234074945138623e-01,9.450157617287394674e-01
-4.469405894683333713e+00,9.982607651937290827e-01,9.492828938012023432e-01
-4.466907624200000093e+00,1.006941231820165816e+00,9.535500258736653301e-01
-4.464409353716666473e+00,1.015354310508680413e+00,9.578171579461313145e-01
-4.461911083233333741e+00,1.023489708820473965e+00,9.620842900185941904e-01
-4.459412812750000121e+00,1.031337294910511515e+00,9.663514220910601749e-01
-4.456914542266666501e+00,1.038887053873764676e+00,9.706185541635231617e-01
-4.454416271783333769e+00,1.046129048346972290e+00,9.748856862359860376e-01
-4.451918001300000149e+00,1.053053387418920739e+00,9.791528183084490244e-01
-4.449419730816666529e+00,1.059650207626826601e+00,9.834199503809148979e-01
-4.446921460333332909e+00,1.065909669292304685e+00,9.876870824533794391e-01
-4.444423189850000178e+00,1.071821970696912540e+00,9.898284503167159576e-01
-4.441924919366666558e+00,1.077377381648623178e+00,9.919698181800524761e-01
-4.439426648883332938e+00,1.082566296895445923e+00,9.941111860433891056e-01
-4.436928378400000206e+00,1.087379308660625821e+00,9.962525539067256242e-01
-4.434430107916666586e+00,1.091807296374034175e+00,9.983939217700636970e-01
-4.431931837433332966e+00,1.095841530529250818e+00,1.000535289633401659e+00
-4.429433566950000234e+00,1.099473786578603285e+00,1.002676657496738288e+00
-4.426935296466666614e+00,1.102696463957280271e+00,1.004818025360074918e+00
-4.424437025983332994e+00,1.105502704761823773e+00,1.006959393223411325e+00
-4.421938755500000262e+00,1.107886506343232158e+00,1.009100761086747955e+00
-4.419440485016666642e+00,1.109842822138963125e+00,1.008996747079015988e+00
-4.416942214533333022e+00,1.111367645469585552e+00,1.008892733071283798e+00
-4.414443944050000290e+00,1.112458071751897926e+00,1.008788719063551831e+00
-4.411945673566666670e+00,1.113112335596656566e+00,1.008684705055819864e+00
-4.409447403083333050e+00,1.113329820511830492e+00,1.008580691048087896e+00
-4.406949132600000318e+00,1.113111040350778236e+00,1.008476677040355929e+00
-4.404450862116666698e+00,1.112457593145973478e+00,1.008372663032623961e+00
-4.401952591633333078e+00,1.111372089462758783e+00,1.008268649024891772e+00
-4.399454321150000347e+00,1.109858058802920988e+00,1.008164635017159805e+00
-4.396956050666666727e+00,1.107919838798249845e+00,1.008060621009427837e+00
-4.394457780183333107e+00,1.105562452884119029e+00,1.005724896354840414e+00
-4.391959509700000375e+00,1.102791482772330189e+00,1.003389171700252769e+00
-4.389461239216666755e+00,1.099612942310604691e+00,1.001053447045663791e+00
-4.386962968733333135e+00,1.096033159204599317e+00,9.987177223910745916e-01
-4.384464698250000403e+00,1.092058670591976144e+00,9.963819977364870573e-01
-4.381966427766666783e+00,1.087696137624196036e+00,9.940462730818995229e-01
-4.379468157283333163e+00,1.082952283078883804e+00,9.917105484273120997e-01
-4.376969886800000431e+00,1.077833854660035451e+00,9.893748237727245654e-01
-4.374471616316666811e+00,1.072347615125481823e+00,9.870390991181354767e-01
-4.371973345833333191e+00,1.066500358800097636e+00,9.847033744635462771e-01
-4.369475075350000459e+00,1.060298952482643831e+00,9.802805268235793568e-01
-4.366976804866666839e+00,1.053750397325146304e+00,9.758576791836123254e-01
-4.364478534383333219e+00,1.046861907040790296e+00,9.714348315436454051e-01
-4.361980263899999599e+00,1.039640996851165067e+00,9.670119839036752651e-01
-4.359481993416666867e+00,1.032095576971600925e+00,9.625891362637083448e-01
-4.356983722933333247e+00,1.024234044188910620e+00,9.581662886237382049e-01
-4.354485452449999627e+00,1.016065365221335171e+00,9.537434409837712845e-01
-4.351987181966666896e+00,1.007599146054367401e+00,9.493205933438043642e-01
-4.349488911483333275e+00,9.988456822843619909e-01,9.448977457038373329e-01
-4.346990640999999655e+00,9.898159866194724543e-01,9.404748980638659717e-01
-4.344492370516666924e+00,9.805217910131089898e-01,9.342279027905678879e-01
-4.341994100033333304e+00,9.709755223551093106e-01,9.279809075172654742e-01
-4.339495829549999684e+00,9.611902521306072700e-01,9.217339122439673904e-01
-4.336997559066666952e+00,9.511796218863485253e-01,9.154869169706693066e-01
-4.334499288583333332e+00,9.409577476352168901e-01,9.092399216973712228e-01
-4.332001018099999712e+00,9.305391074093147807e-01,9.029929264240688092e-01
-4.329502747616666980e+00,9.199384169833131342e-01,8.967459311507707254e-01
-4.327004477133333360e+00,9.091704992944775743e-01,8.904989358774682007e-01
-4.324506206649999740e+00,8.982501532658508925e-01,8.842519406041702279e-01
-4.322007936166667008e+00,8.871920275965721192e-01,8.780049453308721441e-01
-4.319509665683333388e+00,8.760105046396411410e-01,8.702937095364882136e-01
-4.317011395199999768e+00,8.647195987803073525e-01,8.625824737420987320e-01
-4.314513124716667036e+00,8.533328728092027804e-01,8.548712379477148016e-01
-4.312014854233333416e+00,8.418633747141832657e-01,8.471600021533253200e-01
-4.309516583749999796e+00,8.303235961603715465e-01,8.394487663589413895e-01
-4.307018313266667064e+00,8.187254527571967699e-01,8.317375305645573480e-01
-4.304520042783333444e+00,8.070802850904084114e-01,8.240262947701734175e-01
-4.302021772299999824e+00,7.953988784861095729e-01,8.163150589757839359e-01
-4.299523501816667093e+00,7.836914986243062042e-01,8.086038231814000055e-01
-4.297025231333333473e+00,7.719679394711707054e-01,8.008925873870105239e-01
-4.294526960849999853e+00,7.602375795792429836e-01,7.921454885535632595e-01
-4.292028690366667121e+00,7.485094426256148070e-01,7.833983897201159952e-01
-4.289530419883333501e+00,7.367922581181822750e-01,7.746512908866687308e-01
-4.287032149399999881e+00,7.250945184833704760e-01,7.659041920532152492e-01
-4.284533878916666261e+00,7.134245292272662908e-01,7.571570932197617676e-01
-4.282035608433333529e+00,7.017904494971239915e-01,7.484099943863146143e-01
-4.279537337949999909e+00,6.902003211157832219e-01,7.396628955528673499e-01
-4.277039067466666289e+00,6.786620849672175826e-01,7.309157967194200856e-01
-4.274540796983333557e+00,6.671835844263179771e-01,7.221686978859728212e-01
-4.272042526499999937e+00,6.557725563015438519e-01,7.134215990525193396e-01
-4.269544256016666317e+00,6.444366104526959571e-01,7.041024916392555344e-01
-4.267045985533333585e+00,6.331831998230765812e-01,6.947833842259982795e-01
-4.264547715049999965e+00,6.220195830611081611e-01,6.854642768127410246e-01
-4.262049444566666345e+00,6.109527821868753206e-01,6.761451693994837697e-01
-4.259551174083333613e+00,5.999895378807220681e-01,6.668260619862265148e-01
-4.257052903599999993e+00,5.891362649402359652e-01,6.575069545729627096e-01
-4.254554633116666373e+00,5.783990102836181757e-01,6.481878471596987934e-01
-4.252056362633333642e+00,5.677834155928989102e-01,6.388687397464416495e-01
-4.249558092150000022e+00,5.572946863158069197e-01,6.295496323331843946e-01
-4.247059821666666402e+00,5.469375683087529527e-01,6.202305249199271397e-01
-4.244561551183333670e+00,5.367163329346017475e-01,6.108040548099513689e-01
-4.242063280700000050e+00,5.266347709555301293e-01,6.013775846999688257e-01
-4.239565010216666430e+00,5.166961951090920380e-01,5.919511145899862825e-01
-4.237066739733333698e+00,5.069034508464372868e-01,5.825246444800105117e-01
-4.234568469250000078e+00,4.972589343634422621e-01,5.730981743700347408e-01
-4.232070198766666458e+00,4.877646167811462430e-01,5.636717042600589700e-01
-4.229571928283333726e+00,4.784220731395508186e-01,5.542452341500831992e-01
-4.227073657800000106e+00,4.692325147614991310e-01,5.448187640401006560e-01
-4.224575387316666486e+00,4.601968235195281198e-01,5.353922939301181128e-01
-4.222077116833333754e+00,4.513155865921527621e-01,5.259658238201423419e-01
-4.219578846350000134e+00,4.425891304174884855e-01,5.168640235746517764e-01
-4.217080575866666514e+00,4.340175527286138091e-01,5.077622233291613218e-01
-4.214582305383333782e+00,4.256007517720575284e-01,4.986604230836708118e-01
-4.212084034900000162e+00,4.173384520522881447e-01,4.895586228381738070e-01
-4.209585764416666542e+00,4.092302261954096632e-01,4.804568225926768577e-01
-4.207087493933332922e+00,4.012755127693085622e-01,4.713550223471863476e-01
-4.204589223450000190e+00,3.934736301223324961e-01,4.622532221016958376e-01
-4.202090952966666570e+00,3.858237864973998454e-01,4.531514218562053276e-01
-4.199592682483332950e+00,3.783250868357693197e-01,4.440496216107083227e-01
-4.197094412000000219e+00,3.709765367998622554e-01,4.349478213652178127e-01
-4.194596141516666599e+00,3.637770446163181015e-01,4.265408255091488465e-01
-4.192097871033332979e+00,3.567254213701363530e-01,4.181338296530858201e-01
-4.189599600550000247e+00,3.498203803722705896e-01,4.097268337970227936e-01
-4.187101330066666627e+00,3.430605361818216403e-01,4.013198379409597671e-01
-4.184603059583333007e+00,3.364444037968881140e-01,3.929128420848908010e-01
-4.182104789100000275e+00,3.299703984423002501e-01,3.845058462288277745e-01
-4.179606518616666655e+00,3.236368362852897196e-01,3.760988503727587529e-01
-4.177108248133333035e+00,3.174419363082796042e-01,3.676918545166957264e-01
-4.174609977650000303e+00,3.113838234675968542e-01,3.592848586606327554e-01
-4.172111707166666683e+00,3.054605331728755258e-01,3.508778628045697290e-01
-4.169613436683333063e+00,2.996700170383402306e-01,3.434511794659337869e-01
-4.167115166200000331e+00,2.940101497866912661e-01,3.360244961273031183e-01
-4.164616895716666711e+00,2.884787371309012194e-01,3.285978127886671762e-01
-4.162118625233333091e+00,2.830735244195154987e-01,3.211711294500365077e-01
-4.159620354750000359e+00,2.777922058071266020e-01,3.137444461114058392e-01
-4.157122084266666739e+00,2.726324337026403422e-01,3.063177627727751706e-01
-4.154623813783333119e+00,2.675918282525258096e-01,2.988910794341392285e-01
-4.152125543300000388e+00,2.626679866324196366e-01,2.914643960955085600e-01
-4.149627272816666768e+00,2.578584919461828218e-01,2.840377127568726179e-01
-4.147129002333333148e+00,2.531609215641843491e-01,2.766110294182419493e-01
-4.144630731850000416e+00,2.485728547698466961e-01,2.703511676012236298e-01
-4.142132461366666796e+00,2.440918796226909104e-01,2.640913057842053102e-01
-4.139634190883333176e+00,2.397155989851081359e-01,2.578314439671825498e-01
-4.137135920400000444e+00,2.354416356966783364e-01,2.515715821501642302e-01
-4.134637649916666824e+00,2.312676369125422071e-01,2.453117203331414420e-01
-4.132139379433333204e+00,2.271912776497372610e-01,2.390518585161231224e-01
-4.129641108949999584e+00,2.232102636069257795e-01,2.327919966991048029e-01
-4.127142838466666852e+00,2.193223333381140450e-01,2.265321348820864833e-01
-4.124644567983333232e+00,2.155252598700630462e-01,2.202722730650637228e-01
-4.122146297499999612e+00,2.118168518564334524e-01,2.140124112480418506e-01
-4.119648027016666880e+00,2.081949543601936403e-01,2.090018565269045059e-01
-4.117149756533333260e+00,2.046574493502080760e-01,2.039913018057671612e-01
-4.114651486049999640e+00,2.012022559893723028e-01,1.989807470846298165e-01
-4.112153215566666908e+00,1.978273307810202997e-01,1.939701923634924718e-01
-4.109654945083333288e+00,1.945306676286868153e-01,1.889596376423515744e-01
-4.107156674599999668e+00,1.913102978523248121e-01,1.839490829212106493e-01
-4.104658404116666937e+00,1.881642901925861255e-01,1.789385282000733324e-01
-4.102160133633333317e+00,1.850907508241155797e-01,1.739279734789359877e-01
-4.099661863149999697e+00,1.820878233895079357e-01,1.689174187577986430e-01
-4.097163592666666965e+00,1.791536890576730101e-01,1.639068640366612983e-01
-4.094665322183333345e+00,1.762865666041067148e-01,1.601284988002551479e-01
-4.092167051699999725e+00,1.734847125057948636e-01,1.563501335638490253e-01
-4.089668781216666993e+00,1.707464210402709348e-01,1.525717683274455672e-01
-4.087170510733333373e+00,1.680700243764085833e-01,1.487934030910421090e-01
-4.084672240249999753e+00,1.654538926438549051e-01,1.450150378546386509e-01
-4.082173969766667021e+00,1.628964339682488771e-01,1.412366726182351928e-01
-4.079675699283333401e+00,1.603960944605001548e-01,1.374583073818290702e-01
-4.077177428799999781e+00,1.579513581500627817e-01,1.336799421454229198e-01
-4.074679158316667049e+00,1.555607468543069027e-01,1.299015769090194616e-01
-4.072180887833333429e+00,1.532228199784364808e-01,1.261232116726160035e-01
-4.069682617349999809e+00,1.509361742429088105e-01,1.234733699425611120e-01
-4.067184346866667077e+00,1.486994433376949976e-01,1.208235282125062343e-01
-4.064686076383333457e+00,1.465112975050056054e-01,1.181736864824494693e-01
-4.062187805899999837e+00,1.443704430540463934e-01,1.155238447523926903e-01
-4.059689535416667105e+00,1.422756218130454553e-01,1.128740030223378127e-01
-4.057191264933333485e+00,1.402256105250150597e-01,1.102241612922829350e-01
-4.054692994449999865e+00,1.382192201946178256e-01,1.075743195622280435e-01
-4.052194723966666245e+00,1.362552953939446809e-01,1.049244778321712784e-01
-4.049696453483333514e+00,1.343327135351833346e-01,1.022746361021163869e-01
-4.047198182999999894e+00,1.324503841179314190e-01,9.962479437205962185e-02
-4.044699912516666274e+00,1.306072479585242418e-01,9.793330244879971946e-02
-4.042201642033333542e+00,1.288022764080882510e-01,9.624181052553981708e-02
-4.039703371549999922e+00,1.270344705653266570e-01,9.455031860227991469e-02
-4.037205101066666302e+00,1.253028604892010012e-01,9.285882667901880494e-02
-4.034706830583333570e+00,1.236065044158792120e-01,9.116733475575888868e-02
-4.032208560099999950e+00,1.219444879834857970e-01,8.947584283249779280e-02
-4.029710289616666330e+00,1.203159234674787970e-01,8.778435090923789041e-02
-4.027212019133333598e+00,1.187199490287702969e-01,8.609285898597797415e-02
-4.024713748649999978e+00,1.171557279761661768e-01,8.440136706271807177e-02
-4.022215478166666358e+00,1.156224480441702951e-01,8.270987513945750325e-02
-4.019717207683333626e+00,1.141193206868377497e-01,8.176473256274463530e-02
-4.017218937200000006e+00,1.126455803880096473e-01,8.081958998603110123e-02
-4.014720666716666386e+00,1.112004839880584850e-01,7.987444740931824716e-02
-4.012222396233333654e+00,1.097833100270606543e-01,7.892930483260537922e-02
-4.009724125750000034e+00,1.083933581042268446e-01,7.798416225589252515e-02
-4.007225855266666414e+00,1.070299482533057372e-01,7.703901967917899107e-02
-4.004727584783333683e+00,1.056924203336713913e-01,7.609387710246613701e-02
-4.002229314300000063e+00,1.043801334367447931e-01,7.514873452575260293e-02
-3.999731043816666887e+00,1.030924653074416636e-01,7.420359194903974887e-02
-3.997232773333333267e+00,1.018288117803108767e-01,7.325844937232688092e-02
-3.994734502850000091e+00,1.005885862300912037e-01,7.283232569786168842e-02
-3.992236232366666471e+00,9.937121903639885290e-02,7.240620202339620448e-02
-3.989737961883333295e+00,9.817615706232694917e-02,7.198007834893101198e-02
-3.987239691400000119e+00,9.700286314672511290e-02,7.155395467446552804e-02
-3.984741420916666499e+00,9.585081560999157702e-02,7.112783100000033554e-02
-3.982243150433333323e+00,9.471950777319189385e-02,7.070170732553514303e-02
-3.979744879950000147e+00,9.360844749036960344e-02,7.027558365106996441e-02
-3.977246609466666527e+00,9.251715669388818619e-02,6.984945997660446659e-02
-3.974748338983333351e+00,9.144517095268502038e-02,6.942333630213928797e-02
-3.972250068500000175e+00,9.039203904327614003e-02,6.899721262767379015e-02
-3.969751798016666555e+00,8.935732253338495024e-02,6.887274898230374975e-02
-3.967253527533333379e+00,8.834059537801534912e-02,6.874828533693369548e-02
-3.964755257050000203e+00,8.734144352781869625e-02,6.862382169156365508e-02
-3.962256986566666583e+00,8.635946454954394891e-02,6.849935804619351754e-02
-3.959758716083333407e+00,8.539426725838554499e-02,6.837489440082347714e-02
-3.957260445600000232e+00,8.444547136198844728e-02,6.825043075545335347e-02
-3.954762175116666612e+00,8.351270711588647255e-02,6.812596711008329919e-02
-3.952263904633333436e+00,8.259561499010260877e-02,6.800150346471325880e-02
-3.949765634149999816e+00,8.169384534666425390e-02,6.787703981934312125e-02
-3.947267363666666640e+00,8.080705812773368579e-02,6.775257617397308085e-02
-3.944769093183333464e+00,7.993492255408889136e-02,6.774364786718128917e-02
-3.942270822699999844e+00,7.907711683364565536e-02,6.773471956038949748e-02
-3.939772552216666668e+00,7.823332787974207614e-02,6.772579125359771968e-02
-3.937274281733333492e+00,7.740325103887410463e-02,6.771686294680592799e-02
-3.934776011249999872e+00,7.658658982760621625e-02,6.770793464001413631e-02
-3.932277740766666696e+00,7.578305567834447976e-02,6.769900633322234462e-02
-3.929779470283333520e+00,7.499236769370583311e-02,6.769007802643055294e-02
-3.927281199799999900e+00,7.421425240917868538e-02,6.768114971963876125e-02
-3.924782929316666724e+00,7.344844356381986794e-02,6.767222141284698345e-02
-3.922284658833333548e+00,7.269468187869485010e-02,6.766329310605519176e-02
-3.919786388349999928e+00,7.195271484282021734e-02,6.762993739553986583e-02
-3.917288117866666752e+00,7.122229650632892761e-02,6.759658168502456765e-02
-3.914789847383333132e+00,7.050318728063155460e-02,6.756322597450925560e-02
-3.912291576899999956e+00,6.979515374531095051e-02,6.752987026399395742e-02
-3.909793306416666780e+00,6.909796846153566652e-02,6.749651455347865925e-02
-3.907295035933333160e+00,6.841140979174349657e-02,6.746315884296334719e-02
-3.904796765449999985e+00,6.773526172540075829e-02,6.742980313244803514e-02
-3.902298494966666809e+00,6.706931371059737801e-02,6.739644742193273697e-02
-3.899800224483333189e+00,6.641336049129772934e-02,6.736309171141741103e-02
-3.897301954000000013e+00,6.576720195002591640e-02,6.732973600090211286e-02
-3.894803683516666837e+00,6.513064295581316721e-02,6.718534484638891136e-02
-3.892305413033333217e+00,6.450349321720394435e-02,6.704095369187569597e-02
-3.889807142550000041e+00,6.388556714015795890e-02,6.689656253736238345e-02
-3.887308872066666865e+00,6.327668369065830856e-02,6.675217138284918195e-02
-3.884810601583333245e+00,6.267666626187679002e-02,6.660778022833586942e-02
-3.882312331100000069e+00,6.208534254571506511e-02,6.646338907382265404e-02
-3.879814060616666893e+00,6.150254440858753807e-02,6.631899791930945254e-02
-3.877315790133333273e+00,6.092810777127388722e-02,6.617460676479623716e-02
-3.874817519650000097e+00,6.036187249271787736e-02,6.603021561028292463e-02
-3.872319249166666477e+00,5.980368225761235890e-02,6.588582445576972313e-02
-3.869820978683333301e+00,5.925338446765569117e-02,6.559633761371815031e-02
-3.867322708200000125e+00,5.871083013632951569e-02,6.530685077166677177e-02
-3.864824437716666505e+00,5.817587378709365709e-02,6.501736392961540711e-02
-3.862326167233333329e+00,5.764837335485643866e-02,6.472787708756402858e-02
-3.859827896750000154e+00,5.712819009062527348e-02,6.443839024551245576e-02
-3.857329626266666533e+00,5.661518846920390868e-02,6.414890340346107722e-02
-3.854831355783333358e+00,5.610923609984999616e-02,6.385941656140950440e-02
-3.852333085300000182e+00,5.561020363976783981e-02,6.356992971935812586e-02
-3.849834814816666562e+00,5.511796471035753514e-02,6.328044287730676121e-02
-3.847336544333333386e+00,5.463239581610146445e-02,6.299095603525538267e-02
-3.844838273850000210e+00,5.415337626601852972e-02,6.256698528588457153e-02
-3.842340003366666590e+00,5.368078809757362985e-02,6.214301453651407264e-02
-3.839841732883333414e+00,5.321451600297797541e-02,6.171904378714326844e-02
-3.837343462399999794e+00,5.275444725777667793e-02,6.129507303777276261e-02
-3.834845191916666618e+00,5.230047165166373108e-02,6.087110228840225679e-02
-3.832346921433333442e+00,5.185248142142766942e-02,6.044713153903175096e-02
-3.829848650949999822e+00,5.141037118597315686e-02,6.002316078966094676e-02
-3.827350380466666646e+00,5.097403788332845881e-02,5.959919004029044093e-02
-3.824852109983333470e+00,5.054338070958849100e-02,5.917521929091963673e-02
-3.822353839499999850e+00,5.011830105970955379e-02,5.875124854154913090e-02
-3.819855569016666674e+00,4.969870247010890058e-02,5.823509821281010884e-02
-3.817357298533333498e+00,4.928449056299167436e-02,5.771894788407109372e-02
-3.814859028049999878e+00,4.887557299236292008e-02,5.720279755533171084e-02
-3.812360757566666702e+00,4.847185939164998930e-02,5.668664722659268879e-02
-3.809862487083333527e+00,4.807326132289939380e-02,5.617049689785330591e-02
-3.807364216599999907e+00,4.767969222747642233e-02,5.565434656911428385e-02
-3.804865946116666731e+00,4.729106737823530332e-02,5.513819624037526179e-02
-3.802367675633333555e+00,4.690730383309266865e-02,5.462204591163624667e-02
-3.799869405149999935e+00,4.652832038997640335e-02,5.410589558289686379e-02
-3.797371134666666759e+00,4.615403754308447515e-02,5.358974525415784174e-02
-3.794872864183333139e+00,4.578437744042953422e-02,5.303995873586495741e-02
-3.792374593699999963e+00,4.541926384260906724e-02,5.249017221757246165e-02
-3.789876323216666787e+00,4.505862208277789521e-02,5.194038569927997284e-02
-3.787378052733333167e+00,4.470237902776618560e-02,5.139059918098708851e-02
-3.784879782249999991e+00,4.435046304032355668e-02,5.084081266269459276e-02
-3.782381511766666815e+00,4.400280394243428345e-02,5.029102614440209701e-02
-3.779883241283333195e+00,4.365933297968786764e-02,4.974123962610921268e-02
-3.777384970800000019e+00,4.331998278665075142e-02,4.919145310781671693e-02
-3.774886700316666843e+00,4.298468735322758666e-02,4.864166658952422811e-02
-3.772388429833333223e+00,4.265338199196076763e-02,4.809188007123135766e-02
-3.769890159350000047e+00,4.232600330625591045e-02,4.756810033745537125e-02
-3.767391888866666871e+00,4.200248915948710110e-02,4.704432060367939178e-02
-3.764893618383333251e+00,4.168277864497102470e-02,4.652054086990303067e-02
-3.762395347900000075e+00,4.136681205676448481e-02,4.599676113612704426e-02
-3.759897077416666900e+00,4.105453086127879708e-02,4.547298140235106478e-02
-3.757398806933333280e+00,4.074587766966415725e-02,4.494920166857470367e-02
-3.754900536450000104e+00,4.044079621096244304e-02,4.442542193479871726e-02
-3.752402265966666484e+00,4.013923130598249372e-02,4.390164220102236309e-02
-3.749903995483333308e+00,3.984112884189532772e-02,4.337786246724637668e-02
-3.747405725000000132e+00,3.954643574750923984e-02,4.285408273347039027e-02
-3.744907454516666512e+00,3.925509996922083716e-02,4.240464771967430990e-02
-3.742409184033333336e+00,3.896707044760382849e-02,4.195521270587791729e-02
-3.739910913550000160e+00,3.868229709463419375e-02,4.150577769208183693e-02
-3.737412643066666540e+00,3.840073077151380521e-02,4.105634267828544431e-02
-3.734914372583333364e+00,3.812232326709261154e-02,4.060690766448936395e-02
-3.732416102100000188e+00,3.784702727685375356e-02,4.015747265069328359e-02
-3.729917831616666568e+00,3.757479638246138259e-02,3.970803763689721017e-02
-3.727419561133333392e+00,3.730558503183786095e-02,3.925860262310081061e-02
-3.724921290650000216e+00,3.703934851977122578e-02,3.880916760930473719e-02
-3.722423020166666596e+00,3.677604296901937353e-02,3.835973259550833764e-02
-3.719924749683333420e+00,3.651562531191525351e-02,3.801364119344331771e-02
-3.717426479199999800e+00,3.625805327243805665e-02,3.766754979137830472e-02
-3.714928208716666624e+00,3.600328534875749109e-02,3.732145838931328480e-02
-3.712429938233333448e+00,3.575128079621634619e-02,3.697536698724802201e-02
-3.709931667749999828e+00,3.550199961075883176e-02,3.662927558518300902e-02
-3.707433397266666653e+00,3.525540251277207299e-02,3.628318418311774624e-02
-3.704935126783333477e+00,3.501145093134791497e-02,3.593709278105272631e-02
-3.702436856299999857e+00,3.477010698893398533e-02,3.559100137898771332e-02
-3.699938585816666681e+00,3.453133348638148803e-02,3.524490997692269340e-02
-3.697440315333333505e+00,3.429509388835919742e-02,3.489881857485743061e-02
-3.694942044849999885e+00,3.406135230914306145e-02,3.466270308992092097e-02
-3.692443774366666709e+00,3.383007349875036263e-02,3.442658760498425174e-02
-3.689945503883333533e+00,3.360122282942872018e-02,3.419047212004774211e-02
-3.687447233399999913e+00,3.337476628247009608e-02,3.395435663511123248e-02
-3.684948962916666737e+00,3.315067043536056024e-02,3.371824115017472978e-02
-3.682450692433333561e+00,3.292890244923585980e-02,3.348212566523805361e-02
-3.679952421949999941e+00,3.270943005665516434e-02,3.324601018030154398e-02
-3.677454151466666765e+00,3.249222154966284470e-02,3.300989469536486781e-02
-3.674955880983333145e+00,3.227724576815160784e-02,3.277377921042836512e-02
-3.672457610499999969e+00,3.206447208849760866e-02,3.253766372549185548e-02
-3.669959340016666793e+00,3.185387041248040341e-02,3.239742665858930809e-02
-3.667461069533333173e+00,3.164541115645964214e-02,3.225718959168665662e-02
-3.664962799049999997e+00,3.143906524082209358e-02,3.211695252478410922e-02
-3.662464528566666822e+00,3.123480407967074018e-02,3.197671545788145775e-02
-3.659966258083333202e+00,3.103259957076997047e-02,3.183647839097891036e-02
-3.657467987600000026e+00,3.083242408571947382e-02,3.169624132407636297e-02
-3.654969717116666850e+00,3.063425046037057675e-02,3.155600425717381557e-02
-3.652471446633333230e+00,3.043805198545980473e-02,3.141576719027116410e-02
-3.649973176150000054e+00,3.024380239747116728e-02,3.127553012336861671e-02
-3.647474905666666878e+00,3.005147586970390722e-02,3.113529305646596870e-02
-3.644976635183333258e+00,2.986104700355805830e-02,3.106131185613363391e-02
-3.642478364700000082e+00,2.967249082001324062e-02,3.098733065580129911e-02
-3.639980094216666462e+00,2.948578275131531409e-02,3.091334945546890881e-02
-3.637481823733333286e+00,2.930089863284466092e-02,3.083936825513657401e-02
-3.634983553250000110e+00,2.911781469518227514e-02,3.076538705480423921e-02
-3.632485282766666490e+00,2.893650755634823504e-02,3.069140585447185238e-02
-3.629987012283333314e+00,2.875695421422728645e-02,3.061742465413951758e-02
-3.627488741800000138e+00,2.857913203915778133e-02,3.054344345380717932e-02
-3.624990471316666518e+00,2.840301876669871703e-02,3.046946225347479248e-02
-3.622492200833333342e+00,2.822859249055119368e-02,3.039548105314245768e-02
-3.619993930350000166e+00,2.805583165564913203e-02,3.034987067439054095e-02
-3.617495659866666546e+00,2.788471505139620069e-02,3.030426029563858953e-02
-3.614997389383333370e+00,2.771522180506399979e-02,3.025864991688667280e-02
-3.612499118900000195e+00,2.754733137532835649e-02,3.021303953813475607e-02
-3.610000848416666575e+00,2.738102354595927171e-02,3.016742915938280464e-02
-3.607502577933333399e+00,2.721627841964156455e-02,3.012181878063088791e-02
-3.605004307450000223e+00,2.705307641194225690e-02,3.007620840187897118e-02
-3.602506036966666603e+00,2.689139824540079729e-02,3.003059802312701976e-02
-3.600007766483333427e+00,2.673122494376014083e-02,2.998498764437510303e-02
-3.597509495999999807e+00,2.657253782631341724e-02,2.993937726562318630e-02
-3.595011225516666631e+00,2.641531850238522036e-02,2.988374177463648876e-02
-3.592512955033333455e+00,2.625954886592247323e-02,2.982810628364983285e-02
-3.590014684549999835e+00,2.610521109021316996e-02,2.977247079266313531e-02
-3.587516414066666659e+00,2.595228762270960360e-02,2.971683530167647594e-02
-3.585018143583333483e+00,2.580076117997295512e-02,2.966119981068982003e-02
-3.582519873099999863e+00,2.565061474271747993e-02,2.960556431970316413e-02
-3.580021602616666687e+00,2.550183155097018525e-02,2.954992882871646659e-02
-3.577523332133333511e+00,2.535439509932468569e-02,2.949429333772980721e-02
-3.575025061649999891e+00,2.520828913230585555e-02,2.943865784674310968e-02
-3.572526791166666715e+00,2.506349763982350029e-02,2.938302235575645377e-02
-3.570028520683333539e+00,2.492000485273189112e-02,2.928535330266937228e-02
-3.567530250199999919e+00,2.477779523847335047e-02,2.918768424958229427e-02
-3.565031979716666743e+00,2.463685349682388781e-02,2.909001519649514339e-02
-3.562533709233333568e+00,2.449716455571740101e-02,2.899234614340806537e-02
-3.560035438749999948e+00,2.435871356716851066e-02,2.889467709032091450e-02
-3.557537168266666772e+00,2.422148590326895015e-02,2.879700803723383301e-02
-3.555038897783333152e+00,2.408546715227875487e-02,2.869933898414675499e-02
-3.552540627299999976e+00,2.395064311478760366e-02,2.860166993105967351e-02
-3.550042356816666800e+00,2.381699979996615077e-02,2.850400087797252610e-02
-3.547544086333333180e+00,2.368452342188376997e-02,2.840633182488544461e-02
-3.545045815850000004e+00,2.355320039591327075e-02,2.824610584852432771e-02
-3.542547545366666828e+00,2.342301733519817561e-02,2.808587987216332182e-02
-3.540049274883333208e+00,2.329396104720301772e-02,2.792565389580231941e-02
-3.537551004400000032e+00,2.316601853032339633e-02,2.776542791944131353e-02
-3.535052733916666856e+00,2.303917697057492747e-02,2.760520194308019662e-02
-3.532554463433333236e+00,2.291342373833992960e-02,2.744497596671919074e-02
-3.530056192950000060e+00,2.278874638518888288e-02,2.728474999035807383e-02
-3.527557922466666884e+00,2.266513264075636566e-02,2.712452401399706794e-02
-3.525059651983333264e+00,2.254257040969009571e-02,2.696429803763606553e-02
-3.522561381500000088e+00,2.242104776865007365e-02,2.680407206127505965e-02
-3.520063111016666468e+00,2.230055296337879467e-02,2.657504267938677958e-02
-3.517564840533333292e+00,2.218107440581861337e-02,2.634601329749866258e-02
-3.515066570050000117e+00,2.206260067129742208e-02,2.611698391561038252e-02
-3.512568299566666497e+00,2.194512049575907814e-02,2.588795453372226552e-02
-3.510070029083333321e+00,2.182862277305935503e-02,2.565892515183414851e-02
-3.507571758600000145e+00,2.171309655230409252e-02,2.542989576994603151e-02
-3.505073488116666525e+00,2.159853103525060519e-02,2.520086638805775145e-02
-3.502575217633333349e+00,2.148491557374919772e-02,2.497183700616963445e-02
-3.500076947150000173e+00,2.137223966724506596e-02,2.474280762428135438e-02
-3.497578676666666553e+00,2.126049296031823355e-02,2.451377824239323738e-02
-3.495080406183333377e+00,2.114966524028207354e-02,2.422435632406941611e-02
-3.492582135700000201e+00,2.103974643481715256e-02,2.393493440574559483e-02
-3.490083865216666581e+00,2.093072660966201204e-02,2.364551248742156886e-02
-3.487585594733333405e+00,2.082259596633689522e-02,2.335609056909774758e-02
-3.485087324250000229e+00,2.071534483992285361e-02,2.306666865077371814e-02
-3.482589053766666609e+00,2.060896369687150245e-02,2.277724673244989687e-02
-3.480090783283333433e+00,2.050344313286835488e-02,2.248782481412607559e-02
-3.477592512799999813e+00,2.039877387072507042e-02,2.219840289580204962e-02
-3.475094242316666637e+00,2.029494675832324915e-02,2.190898097747822834e-02
-3.472595971833333461e+00,2.019195276658569682e-02,2.161955905915440707e-02
-3.470097701349999841e+00,2.008978298749766397e-02,2.129098764429166943e-02
-3.467599430866666665e+00,1.998842863215317955e-02,2.096241622942916771e-02
-3.465101160383333490e+00,1.988788102885013370e-02,2.063384481456666253e-02
-3.462602889899999870e+00,1.978813162120941424e-02,2.030527339970392836e-02
-3.460104619416666694e+00,1.968917196634027700e-02,1.997670198484142318e-02
-3.457606348933333518e+00,1.959099373302908981e-02,1.964813056997891799e-02
-3.455108078449999898e+00,1.949358869997206214e-02,1.931955915511618382e-02
-3.452609807966666722e+00,1.939694875403031107e-02,1.899098774025367864e-02
-3.450111537483333546e+00,1.930106588852832303e-02,1.866241632539117692e-02
-3.447613266999999926e+00,1.920593220157138306e-02,1.833384491052843929e-02
-3.445114996516666750e+00,1.911153989440720832e-02,1.799659241540877211e-02
-3.442616726033333130e+00,1.901788126980379773e-02,1.765933992028886554e-02
-3.440118455549999954e+00,1.892494873047063236e-02,1.732208742516919836e-02
-3.437620185066666778e+00,1.883273477749544678e-02,1.698483493004953118e-02
-3.435121914583333158e+00,1.874123200882189116e-02,1.664758243492986400e-02
-3.432623644099999982e+00,1.865043311774269158e-02,1.631032993980995396e-02
-3.430125373616666806e+00,1.856033089143228898e-02,1.597307744469028679e-02
-3.427627103133333186e+00,1.847091820949327626e-02,1.563582494957038022e-02
-3.425128832650000010e+00,1.838218804254175207e-02,1.529857245445071304e-02
-3.422630562166666834e+00,1.829413345080540057e-02,1.496131995933104586e-02
-3.420132291683333214e+00,1.820674758275921123e-02,1.465025957023717400e-02
-3.417634021200000038e+00,1.812002367377311268e-02,1.433919918114308009e-02
-3.415135750716666863e+00,1.803395504479538697e-02,1.402813879204920823e-02
-3.412637480233333243e+00,1.794853510104868141e-02,1.371707840295511432e-02
-3.410139209750000067e+00,1.786375733075971917e-02,1.340601801386124073e-02
-3.407640939266666891e+00,1.777961530389993508e-02,1.309495762476736887e-02
-3.405142668783333271e+00,1.769610267096071929e-02,1.278389723567349701e-02
-3.402644398300000095e+00,1.761321316173747320e-02,1.247283684657940310e-02
-3.400146127816666475e+00,1.753094058414767648e-02,1.216177645748553124e-02
-3.397647857333333299e+00,1.744927882305679495e-02,1.185071606839143733e-02
-3.395149586850000123e+00,1.736822183913734607e-02,1.159974746227267206e-02
-3.392651316366666503e+00,1.728776366773556589e-02,1.134877885615390679e-02
-3.390153045883333327e+00,1.720789841776973125e-02,1.109781025003514152e-02
-3.387654775400000151e+00,1.712862027063532730e-02,1.084684164391619757e-02
-3.385156504916666531e+00,1.704992347914154396e-02,1.059587303779743230e-02
-3.382658234433333355e+00,1.697180236645369142e-02,1.034490443167848835e-02
-3.380159963950000179e+00,1.689425132506605295e-02,1.009393582555972307e-02
-3.377661693466666559e+00,1.681726481578023000e-02,9.842967219440957802e-03
-3.375163422983333383e+00,1.674083736671258885e-02,9.591998613322192530e-03
-3.372665152500000207e+00,1.666496357230739037e-02,9.341030007203248581e-03
-3.370166882016666587e+00,1.658963809237825118e-02,9.177839077252534367e-03
-3.367668611533333412e+00,1.651485565115321311e-02,9.014648147301703926e-03
-3.365170341050000236e+00,1.644061103634959081e-02,8.851457217350987977e-03
-3.362672070566666616e+00,1.636689909825073466e-02,8.688266287400273763e-03
-3.360173800083333440e+00,1.629371474881153095e-02,8.525075357449559549e-03
-3.357675529599999820e+00,1.622105296076612260e-02,8.361884427498727373e-03
-3.355177259116666644e+00,1.614890876676323278e-02,8.198693497548013159e-03
-3.352678988633333468e+00,1.607727725850315037e-02,8.035502567597182719e-03
-3.350180718149999848e+00,1.600615358590245021e-02,7.872311637646468505e-03
-3.347682447666666672e+00,1.593553295625863009e-02,7.709120707695753423e-03
-3.345184177183333496e+00,1.586541063344260732e-02,7.650757387176878449e-03
-3.342685906699999876e+00,1.579578193709124320e-02,7.592394066657961842e-03
-3.340187636216666700e+00,1.572664224182585002e-02,7.534030746139087735e-03
-3.337689365733333524e+00,1.565798697647133308e-02,7.475667425620171128e-03
-3.335191095249999904e+00,1.558981162329998484e-02,7.417304105101296154e-03
-3.332692824766666728e+00,1.552211171727611687e-02,7.358940784582421180e-03
-3.330194554283333552e+00,1.545488284532495378e-02,7.300577464063546206e-03
-3.327696283799999932e+00,1.538812064560093028e-02,7.242214143544630466e-03
-3.325198013316666756e+00,1.532182080678074799e-02,7.183850823025755492e-03
-3.322699742833333136e+00,1.525597906735479126e-02,7.125487502506838884e-03
-3.320201472349999960e+00,1.519059121494377960e-02,7.175360932341958396e-03
-3.317703201866666785e+00,1.512565308561213996e-02,7.225234362177077908e-03
-3.315204931383333165e+00,1.506116056320682198e-02,7.275107792012232982e-03
-3.312706660899999989e+00,1.499710957869244098e-02,7.324981221847352494e-03
-3.310208390416666813e+00,1.493349610951154142e-02,7.374854651682472007e-03
-3.307710119933333193e+00,1.487031617894074738e-02,7.424728081517626213e-03
-3.305211849450000017e+00,1.480756585547125456e-02,7.474601511352745725e-03
-3.302713578966666841e+00,1.474524125218493534e-02,7.524474941187865237e-03
-3.300215308483333221e+00,1.468333852615536818e-02,7.574348371023020311e-03
-3.297717038000000045e+00,1.462185387784319980e-02,7.624221800858139823e-03
-3.295218767516666869e+00,1.456078355051518974e-02,7.770962012115410419e-03
-3.292720497033333249e+00,1.450012382965974213e-02,7.917702223372784232e-03
-3.290222226550000073e+00,1.443987104242370513e-02,8.064442434630055695e-03
-3.287723956066666897e+00,1.438002155704560386e-02,8.211182645887325424e-03
-3.285225685583333277e+00,1.432057178231112629e-02,8.357922857144699236e-03
-3.282727415100000101e+00,1.426151816700295220e-02,8.504663068401970699e-03
-3.280229144616666481e+00,1.420285719937347362e-02,8.651403279659344511e-03
-3.277730874133333305e+00,1.414458540661171944e-02,8.798143490916614240e-03
-3.275232603650000129e+00,1.408669935433254534e-02,8.944883702173885703e-03
-3.272734333166666509e+00,1.402919564605940167e-02,9.091623913431155432e-03
-3.270236062683333333e+00,1.397207092272990774e-02,9.310046356882374988e-03
-3.267737792200000158e+00,1.391532186219409696e-02,9.528468800333438418e-03
-3.265239521716666538e+00,1.385894517873507113e-02,9.746891243784657974e-03
-3.262741251233333362e+00,1.380293762258271752e-02,9.965313687235723139e-03
-3.260242980750000186e+00,1.374729597944910307e-02,1.018373613068678657e-02
-3.257744710266666566e+00,1.369201707005686906e-02,1.040215857413785000e-02
-3.255246439783333390e+00,1.363709774968833478e-02,1.062058101758906956e-02
-3.252748169300000214e+00,1.358253490772873273e-02,1.083900346104013472e-02
-3.250249898816666594e+00,1.352832546722898023e-02,1.105742590449135428e-02
-3.247751628333333418e+00,1.347446638446182440e-02,1.127584834794241771e-02
-3.245253357849999798e+00,1.342095464849895996e-02,1.152999729906785745e-02
-3.242755087366666622e+00,1.336778728077943172e-02,1.178414625019329545e-02
-3.240256816883333446e+00,1.331496133469999704e-02,1.203829520131891560e-02
-3.237758546399999826e+00,1.326247389519650405e-02,1.229244415244435361e-02
-3.235260275916666650e+00,1.321032207834621670e-02,1.254659310356997376e-02
-3.232762005433333474e+00,1.315850303096139165e-02,1.280074205469541350e-02
-3.230263734949999854e+00,1.310701393020397704e-02,1.305489100582085150e-02
-3.227765464466666678e+00,1.305585198319103232e-02,1.330903995694629124e-02
-3.225267193983333502e+00,1.300501442662060567e-02,1.356318890807190966e-02
-3.222768923499999882e+00,1.295449852638877811e-02,1.381733785919734940e-02
-3.220270653016666706e+00,1.290430157722704217e-02,1.406529847416223764e-02
-3.217772382533333531e+00,1.285442090233041706e-02,1.431325908912694893e-02
-3.215274112049999911e+00,1.280485385300472213e-02,1.456121970409166022e-02
-3.212775841566666735e+00,1.275559780830643093e-02,1.480918031905637151e-02
-3.210277571083333559e+00,1.270665017470019691e-02,1.505714093402125801e-02
-3.207779300599999939e+00,1.265800838570844099e-02,1.530510154898596931e-02
-3.205281030116666763e+00,1.260966990158010788e-02,1.555306216395085754e-02
-3.202782759633333143e+00,1.256163220894897584e-02,1.580102277891556883e-02
-3.200284489149999967e+00,1.251389282051293232e-02,1.604898339388027839e-02
-3.197786218666666791e+00,1.246644927470190282e-02,1.629694400884499142e-02
-3.195287948183333171e+00,1.241929913536658596e-02,1.649682896895541401e-02
-3.192789677699999995e+00,1.237243999145538377e-02,1.669671392906569435e-02
-3.190291407216666819e+00,1.232586945671233954e-02,1.689659888917611694e-02
-3.187793136733333199e+00,1.227958516936385538e-02,1.709648384928639728e-02
-3.185294866250000023e+00,1.223358479182456299e-02,1.729636880939667415e-02
-3.182796595766666847e+00,1.218786601039300276e-02,1.749625376950695449e-02
-3.180298325283333227e+00,1.214242653496628091e-02,1.769613872961737708e-02
-3.177800054800000051e+00,1.209726409874431301e-02,1.789602368972765742e-02
-3.175301784316666875e+00,1.205237645795223002e-02,1.809590864983808001e-02
-3.172803513833333255e+00,1.200776139155333364e-02,1.829579360994836035e-02
-3.170305243350000080e+00,1.196341670097912299e-02,1.841206751987027254e-02
-3.167806972866666460e+00,1.191934020985030603e-02,1.852834142979226453e-02
-3.165308702383333284e+00,1.187552976371500368e-02,1.864461533971417326e-02
-3.162810431900000108e+00,1.183198322977656314e-02,1.876088924963608545e-02
-3.160312161416666488e+00,1.178869849664009213e-02,1.887716315955807744e-02
-3.157813890933333312e+00,1.174567347404720241e-02,1.899343706947998964e-02
-3.155315620450000136e+00,1.170290609262998431e-02,1.910971097940190183e-02
-3.152817349966666516e+00,1.166039430365283826e-02,1.922598488932389382e-02
-3.150319079483333340e+00,1.161813607877348886e-02,1.934225879924580255e-02
-3.147820809000000164e+00,1.157612940979223411e-02,1.945853270916771474e-02
-3.145322538516666544e+00,1.153437230841899454e-02,1.946768578918639525e-02
-3.142824268033333368e+00,1.149286280602951522e-02,1.947683886920506882e-02
-3.140325997550000192e+00,1.145159895343965915e-02,1.948599194922373892e-02
-3.137827727066666572e+00,1.141057882066746042e-02,1.949514502924241943e-02
-3.135329456583333396e+00,1.136980049671367302e-02,1.950429810926109300e-02
-3.132831186100000220e+00,1.132926208933106305e-02,1.951345118927976657e-02
-3.130332915616666600e+00,1.128896172481010270e-02,1.952260426929844708e-02
-3.127834645133333424e+00,1.124889754775473816e-02,1.953175734931711718e-02
-3.125336374649999804e+00,1.120906772087467383e-02,1.954091042933579075e-02
-3.122838104166666628e+00,1.116947042476608941e-02,1.955006350935447126e-02
-3.120339833683333453e+00,1.113010385771041194e-02,1.944464008102714941e-02
-3.117841563199999833e+00,1.109096623546063608e-02,1.933921665269975471e-02
-3.115343292716666657e+00,1.105205579104575307e-02,1.923379322437243633e-02
-3.112845022233333481e+00,1.101337077456227692e-02,1.912836979604511448e-02
-3.110346751749999861e+00,1.097490945298442919e-02,1.902294636771779263e-02
-3.107848481266666685e+00,1.093667010996146084e-02,1.891752293939039792e-02
-3.105350210783333509e+00,1.089865104563240115e-02,1.881209951106307607e-02
-3.102851940299999889e+00,1.086085057642876585e-02,1.870667608273568136e-02
-3.100353669816666713e+00,1.082326703489505486e-02,1.860125265440836298e-02
-3.097855399333333537e+00,1.078589876949591526e-02,1.849582922608104113e-02
-3.095357128849999917e+00,1.074874414444145984e-02,1.828599756879856209e-02
-3.092858858366666741e+00,1.071180153950017540e-02,1.807616591151593732e-02
-3.090360587883333565e+00,1.067506934982814966e-02,1.786633425423345828e-02
-3.087862317399999945e+00,1.063854598578716122e-02,1.765650259695083005e-02
-3.085364046916666769e+00,1.060222987277910367e-02,1.744667093966835447e-02
-3.082865776433333149e+00,1.056611945106758488e-02,1.723683928238587543e-02
-3.080367505949999973e+00,1.053021317561759519e-02,1.702700762510339638e-02
-3.077869235466666797e+00,1.049450951592170722e-02,1.681717596782076815e-02
-3.075370964983333177e+00,1.045900695584389695e-02,1.660734431053829258e-02
-3.072872694500000001e+00,1.042370399344989471e-02,1.639751265325566434e-02
-3.070374424016666826e+00,1.038859914085542985e-02,1.610973698152592254e-02
-3.067876153533333206e+00,1.035369092406116139e-02,1.582196130979618420e-02
-3.065377883050000030e+00,1.031897788280482404e-02,1.553418563806644413e-02
-3.062879612566666854e+00,1.028445857039978449e-02,1.524640996633649936e-02
-3.060381342083333234e+00,1.025013155359194919e-02,1.495863429460675929e-02
-3.057883071600000058e+00,1.021599541240200693e-02,1.467085862287681453e-02
-3.055384801116666882e+00,1.018204873998585468e-02,1.438308295114707445e-02
-3.052886530633333262e+00,1.014829014248162797e-02,1.409530727941733438e-02
-3.050388260150000086e+00,1.011471823887279305e-02,1.380753160768759431e-02
-3.047889989666666466e+00,1.008133166083956082e-02,1.351975593595764955e-02
-3.045391719183333290e+00,1.004812905262590997e-02,1.319265135385276622e-02
-3.042893448700000114e+00,1.001510907089378510e-02,1.286554677174764870e-02
-3.040395178216666494e+00,9.982270384594588500e-03,1.253844218964276537e-02
-3.037896907733333318e+00,9.949611674826296104e-03,1.221133760753788031e-02
-3.035398637250000142e+00,9.917131634708835006e-03,1.188423302543299698e-02
-3.032900366766666522e+00,9.884828969244094724e-03,1.155712844332788120e-02
-3.030402096283333346e+00,9.852702395195016977e-03,1.123002386122299613e-02
-3.027903825800000170e+00,9.820750640949268973e-03,1.090291927911788035e-02
-3.025405555316666550e+00,9.788972446401023736e-03,1.057581469701299529e-02
-3.022907284833333375e+00,9.757366562817820083e-03,1.024871011490811196e-02
-3.020409014350000199e+00,9.725931752726141993e-03,9.926725982463179346e-03
-3.017910743866666579e+00,9.694666789780981286e-03,9.604741850018019486e-03
-3.015412473383333403e+00,9.663570458654237652e-03,9.282757717573086875e-03
-3.012914202900000227e+00,9.632641554908276393e-03,8.960773585127925281e-03
-3.010415932416666607e+00,9.601878884886111756e-03,8.638789452682992670e-03
-3.007917661933333431e+00,9.571281265588671774e-03,8.316805320238061794e-03
-3.005419391449999811e+00,9.540847524568058999e-03,7.994821187792900199e-03
-3.002921120966666635e+00,9.510576499806900480e-03,7.672837055347967589e-03
-3.000422850483333459e+00,9.480467039615083150e-03,7.350852922903035845e-03
-2.997924579999999839e+00,9.450518002511985177e-03,7.028868790457875118e-03
-2.995426309516666663e+00,9.420728257125468227e-03,6.754920172886706015e-03
-2.992928039033333487e+00,9.391096682076754271e-03,6.480971555315536911e-03
-2.990429768549999867e+00,9.361622165882776264e-03,6.207022937744173519e-03
-2.987931498066666691e+00,9.332303606843424595e-03,5.933074320173004415e-03
-2.985433227583333515e+00,9.303139912946024534e-03,5.659125702601835312e-03
-2.982934957099999895e+00,9.274130001755479663e-03,5.385177085030471919e-03
-2.980436686616666719e+00,9.245272800321479786e-03,5.111228467459302816e-03
-2.977938416133333543e+00,9.216567245071001849e-03,4.837279849888133712e-03
-2.975440145649999923e+00,9.188012281717655022e-03,4.563331232316770320e-03
-2.972941875166666748e+00,9.159606865157141065e-03,4.289382614745601216e-03
-2.970443604683333128e+00,9.131349959378391376e-03,4.097804050677291386e-03
-2.967945334199999952e+00,9.103240537361915671e-03,3.906225486609118166e-03
-2.965447063716666776e+00,9.075277580993228871e-03,3.714646922540944946e-03
-2.962948793233333156e+00,9.047460080962722861e-03,3.523068358472771725e-03
-2.960450522749999980e+00,9.019787036682318238e-03,3.331489794404461895e-03
-2.957952252266666804e+00,8.992257456187344872e-03,3.139911230336288675e-03
-2.955453981783333184e+00,8.964870356054982156e-03,2.948332666267978845e-03
-2.952955711300000008e+00,8.937624761308415530e-03,2.756754102199806059e-03
-2.950457440816666832e+00,8.910519705337568291e-03,2.565175538131632405e-03
-2.947959170333333212e+00,8.883554229805627755e-03,2.373596974063459184e-03
-2.945460899850000036e+00,8.856727384571536077e-03,2.284747103107332734e-03
-2.942962629366666860e+00,8.830038227598067252e-03,2.195897232151269602e-03
-2.940464358883333240e+00,8.803485824877261764e-03,2.107047361195143152e-03
-2.937966088400000064e+00,8.777069250340264334e-03,2.018197490239079586e-03
-2.935467817916666888e+00,8.750787585784064807e-03,1.929347619283016454e-03
-2.932969547433333268e+00,8.724639920784151362e-03,1.840497748326953105e-03
-2.930471276950000092e+00,8.698625352622620099e-03,1.751647877370826655e-03
-2.927973006466666472e+00,8.672742986202863075e-03,1.662798006414763306e-03
-2.925474735983333296e+00,8.646991933979693637e-03,1.573948135458636856e-03
-2.922976465500000121e+00,8.621371315875358057e-03,1.485098264502573723e-03
-2.920478195016666501e+00,8.595880259212106828e-03,1.502596713122310041e-03
-2.917979924533333325e+00,8.570517898629795295e-03,1.520095161742046359e-03
-2.915481654050000149e+00,8.545283376020078661e-03,1.537593610361795036e-03
-2.912983383566666529e+00,8.520175840445638055e-03,1.555092058981531354e-03
-2.910485113083333353e+00,8.495194448076275051e-03,1.572590507601280031e-03
-2.907986842600000177e+00,8.470338362110196861e-03,1.590088956221016349e-03
-2.905488572116666557e+00,8.445606752711030257e-03,1.607587404840752666e-03
-2.902990301633333381e+00,8.420998796931202304e-03,1.625085853460488984e-03
-2.900492031150000205e+00,8.396513678650654317e-03,1.642584302080237662e-03
-2.897993760666666585e+00,8.372150588501417814e-03,1.660082750699973979e-03
-2.895495490183333409e+00,8.347908723808437903e-03,1.771095466197543985e-03
-2.892997219700000233e+00,8.323787288515377414e-03,1.882108181695035061e-03
-2.890498949216666613e+00,8.299785493127048372e-03,1.993120897192526136e-03
-2.888000678733333437e+00,8.275902554636635142e-03,2.104133612690016995e-03
-2.885502408249999817e+00,8.252137696469843270e-03,2.215146328187587218e-03
-2.883004137766666641e+00,8.228490148413420205e-03,2.326159043685078077e-03
-2.880505867283333465e+00,8.204959146560828961e-03,2.437171759182648299e-03
-2.878007596799999845e+00,8.181543933242461930e-03,2.548184474680139158e-03
-2.875509326316666669e+00,8.158243756972299865e-03,2.659197190177630017e-03
-2.873011055833333494e+00,8.135057872379525615e-03,2.770209905675121310e-03
-2.870512785349999874e+00,8.111985540156912630e-03,2.948560183987030715e-03
-2.868014514866666698e+00,8.089026026994046784e-03,3.126910462298813486e-03
-2.865516244383333522e+00,8.066178605526379275e-03,3.305260740610722892e-03
-2.863017973899999902e+00,8.043442554269791128e-03,3.483611018922506096e-03
-2.860519703416666726e+00,8.020817157571509190e-03,3.661961297234288433e-03
-2.858021432933333550e+00,7.998301705546119120e-03,3.840311575546071637e-03
-2.855523162449999930e+00,7.975895494026890784e-03,4.018661853857980609e-03
-2.853024891966666754e+00,7.953597824503359434e-03,4.197012132169763814e-03
-2.850526621483333134e+00,7.931408004074604404e-03,4.375362410481673653e-03
-2.848028350999999958e+00,7.909325345387159881e-03,4.553712688793455990e-03
-2.845530080516666782e+00,7.887349166590160165e-03,4.765043202312881782e-03
-2.843031810033333162e+00,7.865478791273821171e-03,4.976373715832458494e-03
-2.840533539549999986e+00,7.843713548426257953e-03,5.187704229351884286e-03
-2.838035269066666810e+00,7.822052772373286333e-03,5.399034742871310077e-03
-2.835536998583333190e+00,7.800495802735740898e-03,5.610365256390885923e-03
-2.833038728100000014e+00,7.779041984370919406e-03,5.821695769910311714e-03
-2.830540457616666838e+00,7.757690667330821924e-03,6.033026283429737506e-03
-2.828042187133333218e+00,7.736441206805039390e-03,6.244356796949314219e-03
-2.825543916650000043e+00,7.715292963079684908e-03,6.455687310468740010e-03
-2.823045646166666867e+00,7.694245301481340490e-03,6.667017823988165802e-03
-2.820547375683333247e+00,7.673297592337318014e-03,6.874891686582939969e-03
-2.818049105200000071e+00,7.652449210920885328e-03,7.082765549177565817e-03
-2.815550834716666895e+00,7.631699537411967826e-03,7.290639411772191665e-03
-2.813052564233333275e+00,7.611047956843562841e-03,7.498513274366965832e-03
-2.810554293750000099e+00,7.590493859064217572e-03,7.706387136961591680e-03
-2.808056023266666479e+00,7.570036638684235313e-03,7.914260999556365847e-03
-2.805557752783333303e+00,7.549675695039822186e-03,8.122134862150992562e-03
-2.803059482300000127e+00,7.529410432140453031e-03,8.330008724745617543e-03
-2.800561211816666507e+00,7.509240258633568914e-03,8.537882587340244259e-03
-2.798062941333333331e+00,7.489164587753091400e-03,8.745756449935018426e-03
-2.795564670850000155e+00,7.469182837285029061e-03,8.917521127352607060e-03
-2.793066400366666535e+00,7.449294429516917226e-03,9.089285804770317126e-03
-2.790568129883333359e+00,7.429498791204341285e-03,9.261050482187905761e-03
-2.788069859400000183e+00,7.409795353521339209e-03,9.432815159605494396e-03
-2.785571588916666563e+00,7.390183552027841662e-03,9.604579837023083030e-03
-2.783073318433333387e+00,7.370662826620700755e-03,9.776344514440793096e-03
-2.780575047950000211e+00,7.351232621502385225e-03,9.948109191858381731e-03
-2.778076777466666591e+00,7.331892385132676195e-03,1.011987386927609180e-02
-2.775578506983333416e+00,7.312641570198158587e-03,1.029163854669368043e-02
-2.773080236499999796e+00,7.293479633564898743e-03,1.046340322411126907e-02
-2.770581966016666620e+00,7.274406036248785845e-03,1.057482899079746456e-02
-2.768083695533333444e+00,7.255420243368856589e-03,1.068625475748373986e-02
-2.765585425049999824e+00,7.236521724118587240e-03,1.079768052416993536e-02
-2.763087154566666648e+00,7.217709951719939072e-03,1.090910629085621066e-02
-2.760588884083333472e+00,7.198984403395538613e-03,1.102053205754240789e-02
-2.758090613599999852e+00,7.180344560323598246e-03,1.113195782422860339e-02
-2.755592343116666676e+00,7.161789907610512790e-03,1.124338359091479889e-02
-2.753094072633333500e+00,7.143319934246823537e-03,1.135480935760107418e-02
-2.750595802149999880e+00,7.124934133080478363e-03,1.146623512428726968e-02
-2.748097531666666704e+00,7.106632000773953697e-03,1.157766089097354498e-02
-2.745599261183333528e+00,7.088413037777466057e-03,1.161572338054990897e-02
-2.743100990699999908e+00,7.070276748287153933e-03,1.165378587012627469e-02
-2.740602720216666732e+00,7.052222640219448987e-03,1.169184835970263868e-02
-2.738104449733333556e+00,7.034250225169442691e-03,1.172991084927903042e-02
-2.735606179249999936e+00,7.016359018386277534e-03,1.176797333885539615e-02
-2.733107908766666760e+00,6.998548538731638562e-03,1.180603582843178789e-02
-2.730609638283333140e+00,6.980818308656770027e-03,1.184409831800815188e-02
-2.728111367799999964e+00,6.963167854160993812e-03,1.188216080758451761e-02
-2.725613097316666789e+00,6.945596704769293334e-03,1.192022329716088160e-02
-2.723114826833333169e+00,6.928104393491878871e-03,1.195828578673727334e-02
-2.720616556349999993e+00,6.910690456802327450e-03,1.192188220063668952e-02
-2.718118285866666817e+00,6.893354434597718898e-03,1.188547861453607968e-02
-2.715620015383333197e+00,6.876095870177459206e-03,1.184907502843549586e-02
-2.713121744900000021e+00,6.858914310204059298e-03,1.181267144233491204e-02
-2.710623474416666845e+00,6.841809304682376462e-03,1.177626785623432822e-02
-2.708125203933333225e+00,6.824780406921440896e-03,1.173986427013371837e-02
-2.705626933450000049e+00,6.807827173513931324e-03,1.170346068403313455e-02
-2.703128662966666873e+00,6.790949164298673742e-03,1.166705709793252471e-02
-2.700630392483333253e+00,6.774145942340757155e-03,1.163065351183194089e-02
-2.698132122000000077e+00,6.757417073894812082e-03,1.159424992573135707e-02
-2.695633851516666457e+00,6.740762128385342257e-03,1.149302333816184726e-02
-2.693135581033333281e+00,6.724180678370783766e-03,1.139179675059241031e-02
-2.690637310550000105e+00,6.707672299524575742e-03,1.129057016302297337e-02
-2.688139040066666485e+00,6.691236570599320976e-03,1.118934357545346356e-02
-2.685640769583333309e+00,6.674873073408825463e-03,1.108811698788402661e-02
-2.683142499100000133e+00,6.658581392792493198e-03,1.098689040031458966e-02
-2.680644228616666513e+00,6.642361116598255628e-03,1.088566381274507985e-02
-2.678145958133333338e+00,6.626211835647288252e-03,1.078443722517564290e-02
-2.675647687650000162e+00,6.610133143717519463e-03,1.068321063760620596e-02
-2.673149417166666542e+00,6.594124637508644651e-03,1.058198405003669615e-02
-2.670651146683333366e+00,6.578185916626464250e-03,1.043371522640574103e-02
-2.668152876200000190e+00,6.562316583548644632e-03,1.028544640277478418e-02
-2.665654605716666570e+00,6.546516243608662376e-03,1.013717757914372325e-02
-2.663156335233333394e+00,6.530784504962891361e-03,9.988908755512766399e-03
-2.660658064750000218e+00,6.515120978574872289e-03,9.840639931881811284e-03
-2.658159794266666598e+00,6.499525278182501260e-03,9.692371108250750350e-03
-2.655661523783333422e+00,6.483997020283344473e-03,9.544102284619793500e-03
-2.653163253299999802e+00,6.468535824101831130e-03,9.395833460988838384e-03
-2.650664982816666626e+00,6.453141311575467595e-03,9.247564637357777451e-03
-2.648166712333333450e+00,6.437813107322063258e-03,9.099295813726820600e-03
-2.645668441849999830e+00,6.422550838626480720e-03,8.926478621657461462e-03
-2.643170171366666654e+00,6.407354135408788870e-03,8.753661429588223755e-03
-2.640671900883333478e+00,6.392222630210994856e-03,8.580844237518987783e-03
-2.638173630399999858e+00,6.377155958165583137e-03,8.408027045449750075e-03
-2.635675359916666682e+00,6.362153756982906645e-03,8.235209853380390937e-03
-2.633177089433333506e+00,6.347215666920489122e-03,8.062392661311153230e-03
-2.630678818949999886e+00,6.332341330770053719e-03,7.889575469241794092e-03
-2.628180548466666711e+00,6.317530393827916479e-03,7.716758277172556385e-03
-2.625682277983333535e+00,6.302782503882108610e-03,7.543941085103319545e-03
-2.623184007499999915e+00,6.288097311183154202e-03,7.371123893034082705e-03
-2.620685737016666739e+00,6.273474468431929768e-03,7.197368195676336240e-03
-2.618187466533333563e+00,6.258913630750682217e-03,7.023612498318712941e-03
-2.615689196049999943e+00,6.244414455671173751e-03,6.849856800960965608e-03
-2.613190925566666767e+00,6.229976603105831685e-03,6.676101103603342309e-03
-2.610692655083333147e+00,6.215599735337194384e-03,6.502345406245719009e-03
-2.608194384599999971e+00,6.201283516988772247e-03,6.328589708888095709e-03
-2.605696114116666795e+00,6.187027615014757329e-03,6.154834011530349244e-03
-2.603197843633333175e+00,6.172831698671332745e-03,5.981078314172725077e-03
-2.600699573149999999e+00,6.158695439507553236e-03,5.807322616814978612e-03
-2.598201302666666823e+00,6.144618511335981498e-03,5.633566919457355313e-03
-2.595703032183333203e+00,6.130600590224342429e-03,5.480388797791752899e-03
-2.593204761700000027e+00,6.116641354466789172e-03,5.327210676126151352e-03
-2.590706491216666851e+00,6.102740484575299752e-03,5.174032554460440518e-03
-2.588208220733333231e+00,6.088897663251968337e-03,5.020854432794838104e-03
-2.585709950250000055e+00,6.075112575380429633e-03,4.867676311129127270e-03
-2.583211679766666879e+00,6.061384907998358315e-03,4.714498189463525724e-03
-2.580713409283333259e+00,6.047714350289284599e-03,4.561320067797923310e-03
-2.578215138800000084e+00,6.034100593556092872e-03,4.408141946132321763e-03
-2.575716868316666464e+00,6.020543331212163327e-03,4.254963824466610062e-03
-2.573218597833333288e+00,6.007042258755519379e-03,4.101785702801008515e-03
-2.570720327350000112e+00,5.993597073761116820e-03,3.986177901708678681e-03
-2.568222056866666492e+00,5.980207475854067492e-03,3.870570100616431680e-03
-2.565723786383333316e+00,5.966873166702911166e-03,3.754962299524184244e-03
-2.563225515900000140e+00,5.953593849993187893e-03,3.639354498431936809e-03
-2.560727245416666520e+00,5.940369231421199943e-03,3.523746697339607409e-03
-2.558228974933333344e+00,5.927199018667055064e-03,3.408138896247359974e-03
-2.555730704450000168e+00,5.914082921389571604e-03,3.292531095155030139e-03
-2.553232433966666548e+00,5.901020651199502184e-03,3.176923294062782704e-03
-2.550734163483333372e+00,5.888011921654180345e-03,3.061315492970535269e-03
-2.548235893000000196e+00,5.875056448231987145e-03,2.945707691878288268e-03
-2.545737622516666576e+00,5.862153948326299588e-03,2.878672888637552087e-03
-2.543239352033333400e+00,5.849304141220888764e-03,2.811638085396863610e-03
-2.540741081550000224e+00,5.836506748084068635e-03,2.744603282156127429e-03
-2.538242811066666604e+00,5.823761491944095051e-03,2.677568478915438952e-03
-2.535744540583333428e+00,5.811068097683935556e-03,2.610533675674750476e-03
-2.533246270099999808e+00,5.798426292016680555e-03,2.543498872434014294e-03
-2.530747999616666633e+00,5.785835803480933286e-03,2.476464069193325818e-03
-2.528249729133333457e+00,5.773296362416105616e-03,2.409429265952637341e-03
-2.525751458649999837e+00,5.760807700958157571e-03,2.342394462711901160e-03
-2.523253188166666661e+00,5.748369553015365840e-03,2.275359659471212683e-03
-2.520754917683333485e+00,5.735981654264451016e-03,2.261383283228238228e-03
-2.518256647199999865e+00,5.723643742125960991e-03,2.247406906985253798e-03
-2.515758376716666689e+00,5.711355555761229996e-03,2.233430530742279343e-03
-2.513260106233333513e+00,5.699116836048079456e-03,2.219454154499304888e-03
-2.510761835749999893e+00,5.686927325577425738e-03,2.205477778256320891e-03
-2.508263565266666717e+00,5.674786768629945521e-03,2.191501402013346436e-03
-2.505765294783333541e+00,5.662694911172399918e-03,2.177525025770371981e-03
-2.503267024299999921e+00,5.650651500834869695e-03,2.163548649527387551e-03
-2.500768753816666745e+00,5.638656286907115824e-03,2.149572273284413096e-03
-2.498270483333333125e+00,5.626709020316214560e-03,2.135595897041465095e-03
-2.495772212849999949e+00,5.614809453623192947e-03,2.172881584511367897e-03
-2.493273942366666773e+00,5.602957341000538126e-03,2.210167271981270699e-03
-2.490775671883333153e+00,5.591152438229567492e-03,2.247452959451173935e-03
-2.488277401399999977e+00,5.579394502677689077e-03,2.284738646921103192e-03
-2.485779130916666801e+00,5.567683293296426562e-03,2.322024334391005994e-03
-2.483280860433333181e+00,5.556018570598717822e-03,2.359310021860935250e-03
-2.480782589950000006e+00,5.544400096657105606e-03,2.396595709330838053e-03
-2.478284319466666830e+00,5.532827635081226034e-03,2.433881396800741288e-03
-2.475786048983333210e+00,5.521300951016524031e-03,2.471167084270644090e-03
-2.473287778500000034e+00,5.509819811121683709e-03,2.508452771740573347e-03
-2.470789508016666858e+00,5.498383983567440951e-03,2.589676271645963493e-03
-2.468291237533333238e+00,5.486993238014441394e-03,2.670899771551411318e-03
-2.465792967050000062e+00,5.475647345612402565e-03,2.752123271456801464e-03
-2.463294696566666886e+00,5.464346078978144471e-03,2.833346771362191610e-03
-2.460796426083333266e+00,5.453089212194337128e-03,2.914570271267582190e-03
-2.458298155600000090e+00,5.441876520788531228e-03,2.995793771173030015e-03
-2.455799885116666470e+00,5.430707781731742602e-03,3.077017271078420161e-03
-2.453301614633333294e+00,5.419582773417729211e-03,3.158240770983867986e-03
-2.450803344150000118e+00,5.408501275661931236e-03,3.239464270889258132e-03
-2.448305073666666498e+00,5.397463069680461835e-03,3.320687770794648278e-03
-2.445806803183333322e+00,5.386467938089787959e-03,3.434051026174906457e-03
-2.443308532700000146e+00,5.375515664885591009e-03,3.547414281555245300e-03
-2.440810262216666526e+00,5.364606035443129396e-03,3.660777536935503479e-03
-2.438311991733333350e+00,5.353738836495385359e-03,3.774140792315842322e-03
-2.435813721250000174e+00,5.342913856134294016e-03,3.887504047696100501e-03
-2.433315450766666554e+00,5.332130883789068868e-03,4.000867303076359113e-03
-2.430817180283333379e+00,5.321389710227210530e-03,4.114230558456617726e-03
-2.428318909800000203e+00,5.310690127533531334e-03,4.227593813836956135e-03
-2.425820639316666583e+00,5.300031929110807574e-03,4.340957069217214748e-03
-2.423322368833333407e+00,5.289414909659440750e-03,4.454320324597553157e-03
-2.420824098350000231e+00,5.278838865178001397e-03,4.584780093535387006e-03
-2.418325827866666611e+00,5.268303592943088080e-03,4.715239862473219988e-03
-2.415827557383333435e+00,5.257808891510382977e-03,4.845699631411053837e-03
-2.413329286899999815e+00,5.247354560694056369e-03,4.976159400348980494e-03
-2.410831016416666639e+00,5.236940401568389476e-03,5.106619169286813475e-03
-2.408332745933333463e+00,5.226566216447396662e-03,5.237078938224740132e-03
-2.405834475449999843e+00,5.216231808886605259e-03,5.367538707162573114e-03
-2.403336204966666667e+00,5.205936983662673434e-03,5.497998476100406963e-03
-2.400837934483333491e+00,5.195681546775261089e-03,5.628458245038240812e-03
-2.398339663999999871e+00,5.185465305426981662e-03,5.758918013976166601e-03
-2.395841393516666695e+00,5.175288068025675481e-03,5.889570083022106772e-03
-2.393343123033333519e+00,5.165149644163993803e-03,6.020222152068139751e-03
-2.390844852549999899e+00,5.155049844621973146e-03,6.150874221114079922e-03
-2.388346582066666723e+00,5.144988481347157958e-03,6.281526290160020093e-03
-2.385848311583333548e+00,5.134965367456810655e-03,6.412178359205961131e-03
-2.383350041099999927e+00,5.124980317218699559e-03,6.542830428251994110e-03
-2.380851770616666752e+00,5.115033146052934236e-03,6.673482497297934281e-03
-2.378353500133333132e+00,5.105123670513054407e-03,6.804134566343967259e-03
-2.375855229649999956e+00,5.095251708288541827e-03,6.934786635389907430e-03
-2.373356959166666780e+00,5.085417078185239595e-03,7.065438704435847601e-03
-2.370858688683333160e+00,5.075619600128417411e-03,7.179100521944901253e-03
-2.368360418199999984e+00,5.065859095143422468e-03,7.292762339453873373e-03
-2.365862147716666808e+00,5.056135385358769864e-03,7.406424156962845493e-03
-2.363363877233333188e+00,5.046448293986722372e-03,7.520085974471899144e-03
-2.360865606750000012e+00,5.036797645327035708e-03,7.633747791980871264e-03
-2.358367336266666836e+00,5.027183264747126304e-03,7.747409609489844251e-03
-2.355869065783333216e+00,5.017604978686232911e-03,7.861071426998897035e-03
-2.353370795300000040e+00,5.008062614635848918e-03,7.974733244507870022e-03
-2.350872524816666864e+00,4.998556001143507517e-03,8.088395062016843010e-03
-2.348374254333333244e+00,4.989084967793841995e-03,8.202056879525895794e-03
-2.345875983850000068e+00,4.979649345212389111e-03,8.283068572721954265e-03
-2.343377713366666892e+00,4.970248965046889650e-03,8.364080265918012735e-03
-2.340879442883333272e+00,4.960883659970682404e-03,8.445091959114128452e-03
-2.338381172400000096e+00,4.951553263664539017e-03,8.526103652310186923e-03
-2.335882901916666476e+00,4.942257610820588801e-03,8.607115345506302639e-03
-2.333384631433333301e+00,4.932996537123508253e-03,8.688127038702361110e-03
-2.330886360950000125e+00,4.923769879254773739e-03,8.769138731898419581e-03
-2.328388090466666505e+00,4.914577474874191887e-03,8.850150425094478052e-03
-2.325889819983333329e+00,4.905419162624403799e-03,8.931162118290593768e-03
-2.323391549500000153e+00,4.896294782112130088e-03,9.012173811486652239e-03
-2.320893279016666533e+00,4.887204173912988205e-03,9.048329673532952422e-03
-2.318395008533333357e+00,4.878147179552816404e-03,9.084485535579224849e-03
-2.315896738050000181e+00,4.869123641512668882e-03,9.120641397625499011e-03
-2.313398467566666561e+00,4.860133403210210867e-03,9.156797259671773173e-03
-2.310900197083333385e+00,4.851176309004803094e-03,9.192953121718071621e-03
-2.308401926600000209e+00,4.842252204178977559e-03,9.229108983764345783e-03
-2.305903656116666589e+00,4.833360934943793479e-03,9.265264845810645966e-03
-2.303405385633333413e+00,4.824502348420422332e-03,9.301420707856920128e-03
-2.300907115149999793e+00,4.815676292645265297e-03,9.337576569903192555e-03
-2.298408844666666617e+00,4.806882616551959829e-03,9.373732431949466717e-03
-2.295910574183333441e+00,4.798121169976883940e-03,9.358105059201815568e-03
-2.293412303699999821e+00,4.789391803640465420e-03,9.342477686454176561e-03
-2.290914033216666645e+00,4.780694369153341838e-03,9.326850313706527146e-03
-2.288415762733333469e+00,4.772028718997804210e-03,9.311222940958888139e-03
-2.285917492249999849e+00,4.763394706533989956e-03,9.295595568211249132e-03
-2.283419221766666674e+00,4.754792185981323964e-03,9.279968195463608391e-03
-2.280920951283333498e+00,4.746221012424750585e-03,9.264340822715958976e-03
-2.278422680799999878e+00,4.737681041796456584e-03,9.248713449968319969e-03
-2.275924410316666702e+00,4.729172130882323445e-03,9.233086077220668819e-03
-2.273426139833333526e+00,4.720694137303355423e-03,9.217458704473029812e-03
-2.270927869349999906e+00,4.712246919522337409e-03,9.149756335333816479e-03
-2.268429598866666730e+00,4.703830336825688858e-03,9.082053966194604880e-03
-2.265931328383333554e+00,4.695444249329960330e-03,9.014351597055342974e-03
-2.263433057899999934e+00,4.687088517963850474e-03,8.946649227916131375e-03
-2.260934787416666758e+00,4.678763004474496140e-03,8.878946858776869469e-03
-2.258436516933333138e+00,4.670467571410005445e-03,8.811244489637656135e-03
-2.255938246449999962e+00,4.662202082125909211e-03,8.743542120498444536e-03
-2.253439975966666786e+00,4.653966400767177089e-03,8.675839751359231203e-03
-2.250941705483333166e+00,4.645760392275349870e-03,8.608137382219971032e-03
-2.248443434999999990e+00,4.637583922370324893e-03,8.540435013080757698e-03
-2.245945164516666814e+00,4.629436857557791933e-03,8.427506458804802716e-03
-2.243446894033333194e+00,4.621319065110906718e-03,8.314577904528929267e-03
-2.240948623550000018e+00,4.613230413077983559e-03,8.201649350253055817e-03
-2.238450353066666842e+00,4.605170770264274682e-03,8.088720795977180633e-03
-2.235952082583333222e+00,4.597140006239276017e-03,7.975792241701227386e-03
-2.233453812100000047e+00,4.589137991319365215e-03,7.862863687425353937e-03
-2.230955541616666871e+00,4.581164596574857639e-03,7.749935133149398955e-03
-2.228457271133333251e+00,4.573219693812048507e-03,7.637006578873524638e-03
-2.225959000650000075e+00,4.565303155581549970e-03,7.524078024597651189e-03
-2.223460730166666455e+00,4.557414855159799827e-03,7.411149470321673656e-03
-2.220962459683333279e+00,4.549554666557248557e-03,7.266353153132151625e-03
-2.218464189200000103e+00,4.541722464500373702e-03,7.121556835942629594e-03
-2.215965918716666483e+00,4.533918124439731585e-03,6.976760518753004348e-03
-2.213467648233333307e+00,4.526141522532224105e-03,6.831964201563481449e-03
-2.210969377750000131e+00,4.518392535648985651e-03,6.687167884373959419e-03
-2.208471107266666511e+00,4.510671041357693263e-03,6.542371567184334172e-03
-2.205972836783333335e+00,4.502976917931076316e-03,6.397575249994812141e-03
-2.203474566300000159e+00,4.495310044328654220e-03,6.252778932805289243e-03
-2.200976295816666539e+00,4.487670300205747441e-03,6.107982615615663996e-03
-2.198478025333333363e+00,4.480057565894954123e-03,5.963186298426141965e-03
-2.195979754850000187e+00,4.472471722415448207e-03,5.804551630703510927e-03
-2.193481484366666567e+00,4.464912651454552329e-03,5.645916962980767131e-03
-2.190983213883333391e+00,4.457380235377059359e-03,5.487282295258136093e-03
-2.188484943400000216e+00,4.449874357206691673e-03,5.328647627535505055e-03
-2.185986672916666596e+00,4.442394900635714995e-03,5.170012959812760392e-03
-2.183488402433333420e+00,4.434941750006742012e-03,5.011378292090129354e-03
-2.180990131949999800e+00,4.427514790321745997e-03,4.852743624367498315e-03
-2.178491861466666624e+00,4.420113907224235660e-03,4.694108956644754520e-03
-2.175993590983333448e+00,4.412738987008731073e-03,4.535474288922123481e-03
-2.173495320499999828e+00,4.405389916602342644e-03,4.376839621199384023e-03
-2.170997050016666652e+00,4.398066583574682456e-03,4.224205559718393135e-03
-2.168498779533333476e+00,4.390768876119516967e-03,4.071571498237403115e-03
-2.166000509049999856e+00,4.383496683064779832e-03,3.918937436756412228e-03
-2.163502238566666680e+00,4.376249893854097101e-03,3.766303375275312920e-03
-2.161003968083333504e+00,4.369028398556735852e-03,3.613669313794322466e-03
-2.158505697599999884e+00,4.361832087849792060e-03,3.461035252313223592e-03
-2.156007427116666708e+00,4.354660853027872945e-03,3.308401190832232705e-03
-2.153509156633333532e+00,4.347514585985039377e-03,3.155767129351242251e-03
-2.151010886149999912e+00,4.340393179224700734e-03,3.003133067870251798e-03
-2.148512615666666736e+00,4.333296525842034348e-03,2.850499006389152490e-03
-2.146014345183333560e+00,4.326224519533694753e-03,2.722031124607226637e-03
-2.143516074699999940e+00,4.319177054580061390e-03,2.593563242825209711e-03
-2.141017804216666764e+00,4.312154025855358987e-03,2.465095361043283858e-03
-2.138519533733333144e+00,4.305155328809396990e-03,2.336627479261358439e-03
-2.136021263249999969e+00,4.298180859478666592e-03,2.208159597479432586e-03
-2.133522992766666793e+00,4.291230514467519845e-03,2.079691715697415660e-03
-2.131024722283333173e+00,4.284304190959236334e-03,1.951223833915489807e-03
-2.128526451799999997e+00,4.277401786697456430e-03,1.822755952133472664e-03
-2.126028181316666821e+00,4.270523199997284386e-03,1.694288070351547028e-03
-2.123529910833333201e+00,4.263668329727280173e-03,1.565820188569621392e-03
-2.121031640350000025e+00,4.256837075319658791e-03,1.474413041242023190e-03
-2.118533369866666849e+00,4.250029336752926545e-03,1.383005893914359937e-03
-2.116035099383333229e+00,4.243245014561965872e-03,1.291598746586761735e-03
-2.113536828900000053e+00,4.236484009820865038e-03,1.200191599259098265e-03
-2.111038558416666877e+00,4.229746224153133061e-03,1.108784451931500064e-03
-2.108540287933333257e+00,4.223031559714075789e-03,1.017377304603901862e-03
-2.106042017450000081e+00,4.216339919201716850e-03,9.259701572763036608e-04
-2.103543746966666461e+00,4.209671205839067912e-03,8.345630099486404073e-04
-2.101045476483333285e+00,4.203025323384592532e-03,7.431558626210420975e-04
-2.098547206000000109e+00,4.196402176114907498e-03,6.517487152933789524e-04
-2.096048935516666489e+00,4.189801668835655205e-03,6.017854014477774446e-04
-2.093550665033333313e+00,4.183223706863743556e-03,5.518220876021759369e-04
-2.091052394550000137e+00,4.176668196038212273e-03,5.018587737565744292e-04
-2.088554124066666517e+00,4.170135042702796321e-03,4.518954599109374680e-04
-2.086055853583333342e+00,4.163624153717169520e-03,4.019321460653359603e-04
-2.083557583100000166e+00,4.157135436438711730e-03,3.519688322196989449e-04
-2.081059312616666546e+00,4.150668798734346611e-03,3.020055183740974372e-04
-2.078561042133333370e+00,4.144224148962503962e-03,2.520422045284959295e-04
-2.076062771650000194e+00,4.137801395984689462e-03,2.020788906828944759e-04
-2.073564501166666574e+00,4.131400449147187674e-03,1.521155768372574335e-04
-2.071066230683333398e+00,4.125021218293494808e-03,1.369040191535349346e-04
-2.068567960200000222e+00,4.118663613745642688e-03,1.216924614698016208e-04
-2.066069689716666602e+00,4.112327546316511817e-03,1.064809037860791219e-04
-2.063571419233333426e+00,4.106012927291385201e-03,9.126934610235662307e-05
-2.061073148749999806e+00,4.099719668440309113e-03,7.605778841862330928e-05
-2.058574878266666630e+00,4.093447681999796105e-03,6.084623073490081041e-05
-2.056076607783333454e+00,4.087196880684952453e-03,4.563467305117831154e-05
-2.053578337299999834e+00,4.080967177671398875e-03,3.042311536744499775e-05
-2.051080066816666658e+00,4.074758486607446550e-03,1.521155768372249887e-05
-2.048581796333333482e+00,4.068570721595984006e-03,0.000000000000000000e+00
-2.046083525849999862e+00,4.062403797207067742e-03,0.000000000000000000e+00
-2.043585255366666686e+00,4.056257628459304307e-03,0.000000000000000000e+00
-2.041086984883333511e+00,4.050132130832391486e-03,0.000000000000000000e+00
-2.038588714399999891e+00,4.044027220249410241e-03,0.000000000000000000e+00
-2.036090443916666715e+00,4.037942813088695425e-03,0.000000000000000000e+00
-2.033592173433333539e+00,4.031878826166312470e-03,0.000000000000000000e+00
-2.031093902949999919e+00,4.025835176747944583e-03,0.000000000000000000e+00
-2.028595632466666743e+00,4.019811782531326066e-03,0.000000000000000000e+00
-2.026097361983333123e+00,4.013808561658808657e-03,0.000000000000000000e+00
-2.023599091499999947e+00,4.007825432698848556e-03,0.000000000000000000e+00
-2.021100821016666771e+00,4.001862314659408032e-03,0.000000000000000000e+00
-2.018602550533333151e+00,3.995919126969026992e-03,0.000000000000000000e+00
-2.016104280049999975e+00,3.989995789490295708e-03,0.000000000000000000e+00
-2.013606009566666799e+00,3.984092222501403428e-03,0.000000000000000000e+00
-2.011107739083333179e+00,3.978208346709137533e-03,0.000000000000000000e+00
-2.008609468600000003e+00,3.972344083230642912e-03,0.000000000000000000e+00
-2.006111198116666827e+00,3.966499353606497448e-03,0.000000000000000000e+00
-2.003612927633333207e+00,3.960674079782549456e-03,0.000000000000000000e+00
-2.001114657150000031e+00,3.954868184122963676e-03,0.000000000000000000e+00
-1.998616386666666633e+00,3.949081589392070858e-03,0.000000000000000000e+00
-1.996118116183333235e+00,3.943314218767634931e-03,1.570592711726451849e-06
-1.993619845700000059e+00,3.937565995822248088e-03,3.141185423451786886e-06
-1.991121575216666661e+00,3.931836844537264959e-03,4.711778135177121710e-06
-1.988623304733333264e+00,3.926126689283907997e-03,6.282370846902457382e-06
-1.986125034250000088e+00,3.920435454837134862e-03,7.852963558628909443e-06
-1.983626763766666690e+00,3.914763066357187897e-03,9.423556270354243420e-06
-1.981128493283333292e+00,3.909109449402992272e-03,1.099414898208069548e-05
-1.978630222800000116e+00,3.903474529914069315e-03,1.256474169380603115e-05
-1.976131952316666718e+00,3.897858234223912539e-03,1.413533440553136513e-05
-1.973633681833333320e+00,3.892260489041746586e-03,1.570592711725670080e-05
-1.971135411349999922e+00,3.886681221466203786e-03,4.609098082785093237e-05
-1.968637140866666746e+00,3.881120358966967318e-03,7.647603453842357138e-05
-1.966138870383333348e+00,3.875577829398678485e-03,1.068610882490177996e-04
-1.963640599899999950e+00,3.870053560982183484e-03,1.372461419595904250e-04
-1.961142329416666774e+00,3.864547482319006209e-03,1.676311956701630505e-04
-1.958644058933333376e+00,3.859059522372158303e-03,1.980162493807356759e-04
-1.956145788449999978e+00,3.853589610481075560e-03,2.284013030913299312e-04
-1.953647517966666580e+00,3.848137676341949198e-03,2.587863568019025838e-04
-1.951149247483333404e+00,3.842703650023013544e-03,2.891714105124967849e-04
-1.948650977000000006e+00,3.837287461945165269e-03,3.195564642230694103e-04
-1.946152706516666608e+00,3.831889042896880707e-03,3.920514732190391810e-04
-1.943654436033333432e+00,3.826508324014830324e-03,4.645464822150089518e-04
-1.941156165550000035e+00,3.821145236799028486e-03,5.370414912110302221e-04
-1.938657895066666637e+00,3.815799713093641354e-03,6.095365002070001013e-04
-1.936159624583333239e+00,3.810471685101665239e-03,6.820315092030213716e-04
-1.933661354100000063e+00,3.805161085365956538e-03,7.545265181989910339e-04
-1.931163083616666665e+00,3.799867846784472144e-03,8.270215271949609131e-04
-1.928664813133333267e+00,3.794591902590601154e-03,8.995165361909821834e-04
-1.926166542650000091e+00,3.789333186368982510e-03,9.720115451869519542e-04
-1.923668272166666693e+00,3.784091632035199628e-03,1.044506554182921725e-03
-1.921170001683333295e+00,3.778867173852128863e-03,1.159476846820640082e-03
-1.918671731199999897e+00,3.773659746410021852e-03,1.274447139458276907e-03
-1.916173460716666721e+00,3.768469284642053836e-03,1.389417432095913733e-03
-1.913675190233333323e+00,3.763295723804699604e-03,1.504387724733632090e-03
-1.911176919749999925e+00,3.758138999493568048e-03,1.619358017371268915e-03
-1.908678649266666749e+00,3.752999047623818002e-03,1.734328310008905524e-03
-1.906180378783333351e+00,3.747875804445759042e-03,1.849298602646624098e-03
-1.903682108299999953e+00,3.742769206525309832e-03,1.964268895284260706e-03
-1.901183837816666777e+00,3.737679190759790170e-03,2.079239187921897315e-03
-1.898685567333333379e+00,3.732605694358309949e-03,2.194209480559615889e-03
-1.896187296849999981e+00,3.727548654857646641e-03,2.340906094799818406e-03
-1.893689026366666583e+00,3.722508010102515419e-03,2.487602709040020923e-03
-1.891190755883333408e+00,3.717483698261847373e-03,2.634299323280327957e-03
-1.888692485400000010e+00,3.712475657808468089e-03,2.780995937520530474e-03
-1.886194214916666612e+00,3.707483827535983448e-03,2.927692551760732991e-03
-1.883695944433333436e+00,3.702508146538291672e-03,3.074389166001039592e-03
-1.881197673950000038e+00,3.697548554226191136e-03,3.221085780241242542e-03
-1.878699403466666640e+00,3.692604990307530363e-03,3.367782394481444626e-03
-1.876201132983333242e+00,3.687677394803321861e-03,3.514479008721751660e-03
-1.873702862500000066e+00,3.682765708027987538e-03,3.661175622961954177e-03
-1.871204592016666668e+00,3.677869870605794331e-03,3.820518356376301911e-03
-1.868706321533333270e+00,3.672989823450784758e-03,3.979861089790762835e-03
-1.866208051050000094e+00,3.668125507783504425e-03,4.139203823205111002e-03
-1.863709780566666696e+00,3.663276865110852779e-03,4.298546556619458302e-03
-1.861211510083333298e+00,3.658443837242583794e-03,4.457889290033919226e-03
-1.858713239599999900e+00,3.653626366271755643e-03,4.617232023448266526e-03
-1.856214969116666724e+00,3.648824394590727445e-03,4.776574756862614693e-03
-1.853716698633333326e+00,3.644037864871561665e-03,4.935917490277075617e-03
-1.851218428149999928e+00,3.639266720082821871e-03,5.095260223691423784e-03
-1.848720157666666752e+00,3.634510903469204916e-03,5.254602957105771084e-03
-1.846221887183333354e+00,3.629770358568740717e-03,5.402921860026070090e-03
-1.843723616699999956e+00,3.625045029192077925e-03,5.551240762946263278e-03
-1.841225346216666781e+00,3.620334859440104379e-03,5.699559665866456466e-03
-1.838727075733333383e+00,3.615639793683484305e-03,5.847878568786754605e-03
-1.836228805249999985e+00,3.610959776579489473e-03,5.996197471706947793e-03
-1.833730534766666587e+00,3.606294753051894619e-03,6.144516374627246799e-03
-1.831232264283333411e+00,3.601644668308519835e-03,6.292835277547439987e-03
-1.828733993800000013e+00,3.597009467820089061e-03,6.441154180467633175e-03
-1.826235723316666615e+00,3.592389097338481545e-03,6.589473083387826363e-03
-1.823737452833333439e+00,3.587783502875429870e-03,6.737791986308125369e-03
-1.821239182350000041e+00,3.583192630720562818e-03,6.851248919840067717e-03
-1.818740911866666643e+00,3.578616427420548349e-03,6.964705853372089861e-03
-1.816242641383333245e+00,3.574054839796928732e-03,7.078162786904032208e-03
-1.813744370900000069e+00,3.569507814925054930e-03,7.191619720435973688e-03
-1.811246100416666671e+00,3.564975300152486374e-03,7.305076653967915168e-03
-1.808747829933333273e+00,3.560457243077363738e-03,7.418533587499938180e-03
-1.806249559450000097e+00,3.555953591567545535e-03,7.531990521031879660e-03
-1.803751288966666699e+00,3.551464293738212843e-03,7.645447454563902671e-03
-1.801253018483333301e+00,3.546989297971153785e-03,7.758904388095844151e-03
-1.798754747999999903e+00,3.542528552893168398e-03,7.872361321627786498e-03
-1.796256477516666727e+00,3.538082007394583763e-03,7.931497879761814640e-03
-1.793758207033333330e+00,3.533649610607834078e-03,7.990634437895884415e-03
-1.791259936549999932e+00,3.529231311926035643e-03,8.049770996029914291e-03
-1.788761666066666756e+00,3.524827060981746904e-03,8.108907554163984066e-03
-1.786263395583333358e+00,3.520436807665573362e-03,8.168044112298012208e-03
-1.783765125099999960e+00,3.516060502104448836e-03,8.227180670432040349e-03
-1.781266854616666784e+00,3.511698094680806327e-03,8.286317228566068491e-03
-1.778768584133333386e+00,3.507349536010861014e-03,8.345453786700140000e-03
-1.776270313649999988e+00,3.503014776963511798e-03,8.404590344834168142e-03
-1.773772043166666590e+00,3.498693768638566626e-03,8.463726902968237917e-03
-1.771273772683333414e+00,3.494386462386059496e-03,8.457400239801338843e-03
-1.768775502200000016e+00,3.490092809784381672e-03,8.451073576634439768e-03
-1.766277231716666618e+00,3.485812762659485937e-03,8.444746913467535490e-03
-1.763778961233333442e+00,3.481546273062722466e-03,8.438420250300636416e-03
-1.761280690750000044e+00,3.477293293290835419e-03,8.432093587133737342e-03
-1.758782420266666646e+00,3.473053775863481785e-03,8.425766923966834798e-03
-1.756284149783333248e+00,3.468827673542896652e-03,8.419440260799935724e-03
-1.753785879300000072e+00,3.464614939311559498e-03,8.413113597633036650e-03
-1.751287608816666674e+00,3.460415526392338244e-03,8.406786934466132372e-03
-1.748789338333333276e+00,3.456229388225767404e-03,8.400460271299233297e-03
-1.746291067850000100e+00,3.452056478490162644e-03,8.328405302775052088e-03
-1.743792797366666703e+00,3.447896751079400704e-03,8.256350334250818837e-03
-1.741294526883333305e+00,3.443750160122267204e-03,8.184295365726637628e-03
-1.738796256399999907e+00,3.439616659960503288e-03,8.112240397202456418e-03
-1.736297985916666731e+00,3.435496205169127470e-03,8.040185428678224902e-03
-1.733799715433333333e+00,3.431388750533447950e-03,7.968130460154043693e-03
-1.731301444949999935e+00,3.427294251069028849e-03,7.896075491629862483e-03
-1.728803174466666759e+00,3.423212661999944575e-03,7.824020523105629232e-03
-1.726304903983333361e+00,3.419143938778455068e-03,7.751965554581448023e-03
-1.723806633499999963e+00,3.415088037062305199e-03,7.679910586057266814e-03
-1.721308363016666565e+00,3.411044912735412653e-03,7.553327108210541527e-03
-1.718810092533333389e+00,3.407014521884987358e-03,7.426743630363907313e-03
-1.716311822049999991e+00,3.402996820822337329e-03,7.300160152517272232e-03
-1.713813551566666593e+00,3.398991766059101648e-03,7.173576674670546945e-03
-1.711315281083333417e+00,3.394999314329238526e-03,7.046993196823912731e-03
-1.708817010600000019e+00,3.391019422565024529e-03,6.920409718977277649e-03
-1.706318740116666621e+00,3.387052047918208669e-03,6.793826241130552362e-03
-1.703820469633333445e+00,3.383097147737200786e-03,6.667242763283917281e-03
-1.701322199150000047e+00,3.379154679587572947e-03,6.540659285437282200e-03
-1.698823928666666649e+00,3.375224601229127267e-03,6.414075807590557780e-03
-1.696325658183333251e+00,3.371306870637108977e-03,6.253949637966369803e-03
-1.693827387700000076e+00,3.367401445978330122e-03,6.093823468342182692e-03
-1.691329117216666678e+00,3.363508285633206186e-03,5.933697298717881090e-03
-1.688830846733333280e+00,3.359627348171765737e-03,5.773571129093693112e-03
-1.686332576250000104e+00,3.355758592375210434e-03,5.613444959469505134e-03
-1.683834305766666706e+00,3.351901977212458535e-03,5.453318789845203532e-03
-1.681336035283333308e+00,3.348057461861411732e-03,5.293192620221015554e-03
-1.678837764799999910e+00,3.344225005686143979e-03,5.133066450596827576e-03
-1.676339494316666734e+00,3.340404568256810907e-03,4.972940280972526841e-03
-1.673841223833333336e+00,3.336596109328082444e-03,4.812814111348338864e-03
-1.671342953349999938e+00,3.332799588859168896e-03,4.646070561412686713e-03
-1.668844682866666762e+00,3.329014966991009333e-03,4.479327011477153390e-03
-1.666346412383333364e+00,3.325242204067721009e-03,4.312583461541620068e-03
-1.663848141899999966e+00,3.321481260612660618e-03,4.145839911606087613e-03
-1.661349871416666568e+00,3.317732097350941864e-03,3.979096361670435462e-03
-1.658851600933333392e+00,3.313994675184724764e-03,3.812352811734902140e-03
-1.656353330449999994e+00,3.310268955215793507e-03,3.645609261799249989e-03
-1.653855059966666596e+00,3.306554898721498440e-03,3.478865711863716667e-03
-1.651356789483333420e+00,3.302852467176442281e-03,3.312122161928183345e-03
-1.648858519000000022e+00,3.299161622229135078e-03,3.145378611992650456e-03
-1.646360248516666624e+00,3.295482325723562023e-03,2.999348586093725840e-03
-1.643861978033333449e+00,3.291814539675543081e-03,2.853318560194904874e-03
-1.641363707550000051e+00,3.288158226294652514e-03,2.707288534295980258e-03
-1.638865437066666653e+00,3.284513347960463583e-03,2.561258508397159291e-03
-1.636367166583333255e+00,3.280879867244468513e-03,2.415228482498338325e-03
-1.633868896100000079e+00,3.277257746886259437e-03,2.269198456599517359e-03
-1.631370625616666681e+00,3.273646949815631809e-03,2.123168430700592309e-03
-1.628872355133333283e+00,3.270047439128643055e-03,1.977138404801771776e-03
-1.626374084650000107e+00,3.266459178110013052e-03,1.831108378902846943e-03
-1.623875814166666709e+00,3.262882130208473279e-03,1.685078353004025977e-03
-1.621377543683333311e+00,3.259316259059637840e-03,1.581056171295525028e-03
-1.618879273199999913e+00,3.255761528462601615e-03,1.477033989586950136e-03
-1.616381002716666737e+00,3.252217902400497164e-03,1.373011807878448971e-03
-1.613882732233333339e+00,3.248685345017742962e-03,1.268989626169948239e-03
-1.611384461749999941e+00,3.245163820642444318e-03,1.164967444461373347e-03
-1.608886191266666765e+00,3.241653293761264168e-03,1.060945262752872181e-03
-1.606387920783333367e+00,3.238153729043720917e-03,9.569230810443712324e-04
-1.603889650299999969e+00,3.234665091315761659e-03,8.529008993357963409e-04
-1.601391379816666571e+00,3.231187345583816286e-03,7.488787176272953920e-04
-1.598893109333333395e+00,3.227720457010506156e-03,6.448565359187945515e-04
-1.596394838849999998e+00,3.224264390936803452e-03,5.916926666933316169e-04
-1.593896568366666600e+00,3.220819112857500020e-03,5.385287974679064124e-04
-1.591398297883333424e+00,3.217384588445267556e-03,4.853649282424812080e-04
-1.588900027400000026e+00,3.213960783524225182e-03,4.322010590170182734e-04
-1.586401756916666628e+00,3.210547664094829702e-03,3.790371897915931231e-04
-1.583903486433333230e+00,3.207145196307804435e-03,3.258733205661679187e-04
-1.581405215950000054e+00,3.203753346488428817e-03,2.727094513407049840e-04
-1.578906945466666656e+00,3.200372081110829364e-03,2.195455821152798338e-04
-1.576408674983333258e+00,3.197001366821909749e-03,1.663817128898546294e-04
-1.573910404500000082e+00,3.193641170416117950e-03,1.132178436643917083e-04
-1.571412134016666684e+00,3.190291458858783048e-03,1.018960592979549485e-04
-1.568913863533333286e+00,3.186952199261472614e-03,9.057427493151820217e-05
-1.566415593050000110e+00,3.183623358906402002e-03,7.925249056507339214e-05
-1.563917322566666712e+00,3.180304905218585970e-03,6.793070619863663230e-05
-1.561419052083333314e+00,3.176996805792147056e-03,5.660892183219987925e-05
-1.558920781599999916e+00,3.173699028364362820e-03,4.528713746575507599e-05
-1.556422511116666740e+00,3.170411540839485325e-03,3.396535309931831615e-05
-1.553924240633333342e+00,3.167134311262789249e-03,2.264356873288155632e-05
-1.551425970149999944e+00,3.163867307845217962e-03,1.132178436643675983e-05
-1.548927699666666769e+00,3.160610498937792018e-03,0.000000000000000000e+00
-1.546429429183333371e+00,3.157363853056133814e-03,0.000000000000000000e+00
-1.543931158699999973e+00,3.154127338853392887e-03,0.000000000000000000e+00
-1.541432888216666575e+00,3.150900925146612411e-03,0.000000000000000000e+00
-1.538934617733333399e+00,3.147684580889353965e-03,0.000000000000000000e+00
-1.536436347250000001e+00,3.144478275197057447e-03,0.000000000000000000e+00
-1.533938076766666603e+00,3.141281977320497208e-03,0.000000000000000000e+00
-1.531439806283333427e+00,3.138095656671377465e-03,0.000000000000000000e+00
-1.528941535800000029e+00,3.134919282794723303e-03,0.000000000000000000e+00
-1.526443265316666631e+00,3.131752825395361668e-03,0.000000000000000000e+00
-1.523944994833333233e+00,3.128596254310494085e-03,5.543804701488828488e-18
-1.521446724350000057e+00,3.125449539535939125e-03,7.796813874275819098e-06
-1.518948453866666659e+00,3.122312651198110977e-03,1.559362774854609182e-05
-1.516450183383333261e+00,3.119185559580264083e-03,2.339044162281636794e-05
-1.513951912900000085e+00,3.116068235096485298e-03,3.118725549709218365e-05
-1.511453642416666687e+00,3.112960648315331660e-03,3.898406937136245976e-05
-1.508955371933333289e+00,3.109862769934592774e-03,4.678088324563827886e-05
-1.506457101450000113e+00,3.106774570806706669e-03,5.457769711990855498e-05
-1.503958830966666715e+00,3.103696021910499429e-03,6.237451099417882431e-05
-1.501460560483333317e+00,3.100627094379386148e-03,7.017132486844910721e-05
-1.498962289999999919e+00,3.097567759471984723e-03,7.796813874272491953e-05
-1.496464019516666744e+00,3.094517988599369222e-03,1.165367934586078013e-04
-1.493965749033333346e+00,3.091477753296928335e-03,1.551054481745181134e-04
-1.491467478549999948e+00,3.088447025251853800e-03,1.936741028904009952e-04
-1.488969208066666772e+00,3.085425776274112845e-03,2.322427576062838770e-04
-1.486470937583333374e+00,3.082413978324408891e-03,2.708114123221667859e-04
-1.483972667099999976e+00,3.079411603484738091e-03,3.093800670380770709e-04
-1.481474396616666578e+00,3.076418623987004896e-03,3.479487217539599798e-04
-1.478976126133333402e+00,3.073435012183398183e-03,3.865173764698702648e-04
-1.476477855650000004e+00,3.070460740574416578e-03,4.250860311857531737e-04
-1.473979585166666606e+00,3.067495781780013066e-03,4.636546859016360284e-04
-1.471481314683333430e+00,3.064540108567500622e-03,5.376430821711019291e-04
-1.468983044200000032e+00,3.061593693822462631e-03,6.116314784406205220e-04
-1.466484773716666634e+00,3.058656510576481143e-03,6.856198747100864226e-04
-1.463986503233333236e+00,3.055728531978281915e-03,7.596082709796049071e-04
-1.461488232750000060e+00,3.052809731321936247e-03,8.335966672490708078e-04
-1.458989962266666662e+00,3.049900082017653873e-03,9.075850635185367084e-04
-1.456491691783333264e+00,3.046999557619388486e-03,9.815734597880551929e-04
-1.453993421300000088e+00,3.044108131796225639e-03,1.055561856057521310e-03
-1.451495150816666690e+00,3.041225778360581115e-03,1.129550252326986994e-03
-1.448996880333333293e+00,3.038352471238874117e-03,1.203538648596505587e-03
-1.446498609850000117e+00,3.035488184499197419e-03,1.304280594939332284e-03
-1.444000339366666719e+00,3.032632892322639773e-03,1.405022541282158980e-03
-1.441502068883333321e+00,3.029786569031784824e-03,1.505764487625057451e-03
-1.439003798399999923e+00,3.026949189060789292e-03,1.606506433967884364e-03
-1.436505527916666747e+00,3.024120726984299949e-03,1.707248380310711060e-03
-1.434007257433333349e+00,3.021301157487409506e-03,1.807990326653609314e-03
-1.431508986949999951e+00,3.018490455394929207e-03,1.908732272996436011e-03
-1.429010716466666775e+00,3.015688595641228924e-03,2.009474219339262707e-03
-1.426512445983333377e+00,3.012895553299094285e-03,2.110216165682161395e-03
-1.424014175499999979e+00,3.010111303550453647e-03,2.210958112024988091e-03
-1.421515905016666581e+00,3.007335821714582965e-03,2.322291513093762555e-03
-1.419017634533333405e+00,3.004569083218451998e-03,2.433624914162615949e-03
-1.416519364050000007e+00,3.001811063626229781e-03,2.544958315231390412e-03
-1.414021093566666609e+00,2.999061738608266477e-03,2.656291716300164876e-03
-1.411522823083333433e+00,2.996321083971785829e-03,2.767625117369018270e-03
-1.409024552600000035e+00,2.993589075628682629e-03,2.878958518437792734e-03
-1.406526282116666637e+00,2.990865689627281599e-03,2.990291919506567198e-03
-1.404028011633333239e+00,2.988150902119776631e-03,3.101625320575420591e-03
-1.401529741150000063e+00,2.985444689393549050e-03,3.212958721644195055e-03
-1.399031470666666666e+00,2.982747027839373604e-03,3.324292122712969519e-03
-1.396533200183333268e+00,2.980057893982354655e-03,3.428243965711575466e-03
-1.394034929700000092e+00,2.977377264449597438e-03,3.532195808710107254e-03
-1.391536659216666694e+00,2.974705116002298276e-03,3.636147651708639041e-03
-1.389038388733333296e+00,2.972041425502975221e-03,3.740099494707244988e-03
-1.386540118249999898e+00,2.969386169947080354e-03,3.844051337705776776e-03
-1.384041847766666722e+00,2.966739326430529664e-03,3.948003180704308564e-03
-1.381543577283333324e+00,2.964100872181460195e-03,4.051955023702914077e-03
-1.379045306799999926e+00,2.961470784527911286e-03,4.155906866701446732e-03
-1.376547036316666750e+00,2.958849040929432961e-03,4.259858709699978520e-03
-1.374048765833333352e+00,2.956235618943816972e-03,4.363810552698584033e-03
-1.371550495349999954e+00,2.953630496260959033e-03,4.445283196900410433e-03
-1.369052224866666778e+00,2.951033650667752358e-03,4.526755841102237700e-03
-1.366553954383333380e+00,2.948445060081978947e-03,4.608228485304122213e-03
-1.364055683899999982e+00,2.945864702517826325e-03,4.689701129505948612e-03
-1.361557413416666584e+00,2.943292556120370371e-03,4.771173773707833125e-03
-1.359059142933333408e+00,2.940728599129818766e-03,4.852646417909660392e-03
-1.356560872450000010e+00,2.938172809916349444e-03,4.934119062111486792e-03
-1.354062601966666612e+00,2.935625166945182805e-03,5.015591706313313192e-03
-1.351564331483333437e+00,2.933085648810354173e-03,5.097064350515198572e-03
-1.349066061000000039e+00,2.930554234200525871e-03,5.178536994717024972e-03
-1.346567790516666641e+00,2.928030901932584477e-03,5.228362384604886420e-03
-1.344069520033333243e+00,2.925515630917034388e-03,5.278187774492712307e-03
-1.341571249550000067e+00,2.923008400192427317e-03,5.328013164380539061e-03
-1.339072979066666669e+00,2.920509188889984769e-03,5.377838554268364948e-03
-1.336574708583333271e+00,2.918017976268294251e-03,5.427663944156226397e-03
-1.334076438100000095e+00,2.915534741678346350e-03,5.477489334044052284e-03
-1.331578167616666697e+00,2.913059464597607742e-03,5.527314723931913733e-03
-1.329079897133333299e+00,2.910592124595357509e-03,5.577140113819739620e-03
-1.326581626649999901e+00,2.908132701367023825e-03,5.626965503707566374e-03
-1.324083356166666725e+00,2.905681174698929170e-03,5.676790893595392261e-03
-1.321585085683333327e+00,2.903237524503071102e-03,5.692864040524795929e-03
-1.319086815199999929e+00,2.900801730782119007e-03,5.708937187454187455e-03
-1.316588544716666753e+00,2.898373773663647131e-03,5.725010334383591123e-03
-1.314090274233333355e+00,2.895953633364924465e-03,5.741083481312983516e-03
-1.311592003749999957e+00,2.893541290228168663e-03,5.757156628242375909e-03
-1.309093733266666781e+00,2.891136724684640301e-03,5.773229775171767435e-03
-1.306595462783333383e+00,2.888739917290149197e-03,5.789302922101171103e-03
-1.304097192299999985e+00,2.886350848688687670e-03,5.805376069030563496e-03
-1.301598921816666588e+00,2.883969499648443829e-03,5.821449215959966297e-03
-1.299100651333333412e+00,2.881595851025623919e-03,5.837522362889358690e-03
-1.296602380850000014e+00,2.879229883799830272e-03,5.824111392244146757e-03
-1.294104110366666616e+00,2.876871579037928311e-03,5.810700421598925282e-03
-1.291605839883333440e+00,2.874520917930622772e-03,5.797289450953713348e-03
-1.289107569400000042e+00,2.872177881754845417e-03,5.783878480308501414e-03
-1.286609298916666644e+00,2.869842451910760168e-03,5.770467509663279940e-03
-1.284111028433333246e+00,2.867514609884581032e-03,5.757056539018068873e-03
-1.281612757950000070e+00,2.865194337285381209e-03,5.743645568372856940e-03
-1.279114487466666672e+00,2.862881615807990384e-03,5.730234597727635465e-03
-1.276616216983333274e+00,2.860576427269725767e-03,5.716823627082423531e-03
-1.274117946500000098e+00,2.858278753572386470e-03,5.703412656437211598e-03
-1.271619676016666700e+00,2.855988576741076181e-03,5.669089014556578585e-03
-1.269121405533333302e+00,2.853705878884770734e-03,5.634765372675969858e-03
-1.266623135049999904e+00,2.851430642234774326e-03,5.600441730795361131e-03
-1.264124864566666728e+00,2.849162849106514836e-03,5.566118088914728118e-03
-1.261626594083333330e+00,2.846902481937051144e-03,5.531794447034119391e-03
-1.259128323599999932e+00,2.844649523247612215e-03,5.497470805153509797e-03
-1.256630053116666756e+00,2.842403955680701533e-03,5.463147163272876784e-03
-1.254131782633333358e+00,2.840165761961895886e-03,5.428823521392268057e-03
-1.251633512149999961e+00,2.837934924938979864e-03,5.394499879511659331e-03
-1.249135241666666563e+00,2.835711427541894557e-03,5.360176237631026318e-03
-1.246636971183333387e+00,2.833495252822432805e-03,5.315043195961841570e-03
-1.244138700699999989e+00,2.831286383914363540e-03,5.269910154292657689e-03
-1.241640430216666591e+00,2.829084804073340401e-03,5.224777112623440849e-03
-1.239142159733333415e+00,2.826890496636547730e-03,5.179644070954256968e-03
-1.236643889250000017e+00,2.824703445062816485e-03,5.134511029285072220e-03
-1.234145618766666619e+00,2.822523632892154875e-03,5.089377987615855380e-03
-1.231647348283333443e+00,2.820351043786215560e-03,5.044244945946671499e-03
-1.229149077800000045e+00,2.818185661487755157e-03,4.999111904277486751e-03
-1.226650807316666647e+00,2.816027469860878964e-03,4.953978862608270778e-03
-1.224152536833333249e+00,2.813876452850306610e-03,4.908845820939086030e-03
-1.221654266350000073e+00,2.811732594522492815e-03,4.861819698415172780e-03
-1.219155995866666675e+00,2.809595879024068613e-03,4.814793575891225703e-03
-1.216657725383333277e+00,2.807466290623326401e-03,4.767767453367312454e-03
-1.214159454900000101e+00,2.805343813668415703e-03,4.720741330843399204e-03
-1.211661184416666703e+00,2.803228432629392003e-03,4.673715208319452127e-03
-1.209162913933333305e+00,2.801120132056014386e-03,4.626689085795538878e-03
-1.206664643449999907e+00,2.799018896619619168e-03,4.579662963271625628e-03
-1.204166372966666732e+00,2.796924711071165602e-03,4.532636840747678551e-03
-1.201668102483333334e+00,2.794837560283547524e-03,4.485610718223765302e-03
-1.199169831999999936e+00,2.792757429208990710e-03,4.438584595699818225e-03
-1.196671561516666760e+00,2.790684302921530181e-03,4.395391090184637764e-03
-1.194173291033333362e+00,2.788618166574377208e-03,4.352197584669458170e-03
-1.191675020549999964e+00,2.786559005443057114e-03,4.309004079154277710e-03
-1.189176750066666566e+00,2.784506804881973965e-03,4.265810573639066891e-03
-1.186678479583333390e+00,2.782461550367734422e-03,4.222617068123887298e-03
-1.184180209099999992e+00,2.780423227456019046e-03,4.179423562608676479e-03
-1.181681938616666594e+00,2.778391821824959494e-03,4.136230057093496018e-03
-1.179183668133333418e+00,2.776367319231391826e-03,4.093036551578316425e-03
-1.176685397650000020e+00,2.774349705555027770e-03,4.049843046063135964e-03
-1.174187127166666622e+00,2.772338966754051004e-03,4.006649540547925145e-03
-1.171688856683333446e+00,2.770335088910151882e-03,3.968965449311911108e-03
-1.169190586200000048e+00,2.768338058183070736e-03,3.931281358075871049e-03
-1.166692315716666650e+00,2.766347860856311746e-03,3.893597266839857445e-03
-1.164194045233333252e+00,2.764364483291853643e-03,3.855913175603843841e-03
-1.161695774750000076e+00,2.762387911975409515e-03,3.818229084367829804e-03
-1.159197504266666678e+00,2.760418133471297542e-03,3.780544993131789312e-03
-1.156699233783333280e+00,2.758455134467935419e-03,3.742860901895775708e-03
-1.154200963300000105e+00,2.756498901732198047e-03,3.705176810659735216e-03
-1.151702692816666707e+00,2.754549422155665693e-03,3.667492719423721612e-03
-1.149204422333333309e+00,2.752606682708591806e-03,3.629808628187708008e-03
-1.146706151849999911e+00,2.750670670486067906e-03,3.595665793532236074e-03
-1.144207881366666735e+00,2.748741372661977524e-03,3.561522958876788426e-03
-1.141709610883333337e+00,2.746818776535664159e-03,3.527380124221340344e-03
-1.139211340399999939e+00,2.744902869485374344e-03,3.493237289565868410e-03
-1.136713069916666763e+00,2.742993639015274283e-03,3.459094454910420762e-03
-1.134214799433333365e+00,2.741091072708374231e-03,3.424951620254973114e-03
-1.131716528949999967e+00,2.739195158274646685e-03,3.390808785599501180e-03
-1.129218258466666569e+00,2.737305883502746864e-03,3.356665950944053099e-03
-1.126719987983333393e+00,2.735423236308758867e-03,3.322523116288605451e-03
-1.124221717499999995e+00,2.733547204688115649e-03,3.288380281633133517e-03
-1.121723447016666597e+00,2.731677776763997371e-03,3.253627884090573574e-03
-1.119225176533333421e+00,2.729814940739066186e-03,3.218875486548014066e-03
-1.116726906050000023e+00,2.727958684944768817e-03,3.184123089005429404e-03
-1.114228635566666625e+00,2.726108997791989313e-03,3.149370691462869895e-03
-1.111730365083333227e+00,2.724265867821316564e-03,3.114618293920310386e-03
-1.109232094600000051e+00,2.722429283652988419e-03,3.079865896377725724e-03
-1.106733824116666653e+00,2.720599234037673984e-03,3.045113498835166216e-03
-1.104235553633333256e+00,2.718775707806323199e-03,3.010361101292606274e-03
-1.101737283150000080e+00,2.716958693920708441e-03,2.975608703750022045e-03
-1.099239012666666682e+00,2.715148181423497013e-03,2.940856306207462103e-03
-1.096740742183333284e+00,2.713344159489141857e-03,2.901220689297749015e-03
-1.094242471700000108e+00,2.711546617373176895e-03,2.861585072388007737e-03
-1.091744201216666710e+00,2.709755544463869712e-03,2.821949455478295083e-03
-1.089245930733333312e+00,2.707970930231196408e-03,2.782313838568581995e-03
-1.086747660249999914e+00,2.706192764278749722e-03,2.742678221658840718e-03
-1.084249389766666738e+00,2.704421036292253746e-03,2.703042604749127630e-03
-1.081751119283333340e+00,2.702655736091981193e-03,2.663406987839414541e-03
-1.079252848799999942e+00,2.700896853581151880e-03,2.623771370929673698e-03
-1.076754578316666766e+00,2.699144378798510463e-03,2.584135754019960610e-03
-1.074256307833333368e+00,2.697398301866097813e-03,2.544500137110247522e-03
-1.071758037349999970e+00,2.695658613042857445e-03,2.497639788670322474e-03
-1.069259766866666572e+00,2.693925302671546906e-03,2.450779440230430387e-03
-1.066761496383333396e+00,2.692198361232975203e-03,2.403919091790538733e-03
-1.064263225899999998e+00,2.690477779292564219e-03,2.357058743350613252e-03
-1.061764955416666600e+00,2.688763547554895786e-03,2.310198394910721598e-03
-1.059266684933333424e+00,2.687055656809822935e-03,2.263338046470829944e-03
-1.056768414450000027e+00,2.685354097987913830e-03,2.216477698030904463e-03
-1.054270143966666629e+00,2.683658862105560775e-03,2.169617349591012809e-03
-1.051771873483333231e+00,2.681969940321203907e-03,2.122757001151087328e-03
-1.049273603000000055e+00,2.680287323880103240e-03,2.075896652711195674e-03
-1.046775332516666657e+00,2.678611004170780921e-03,2.022845668349840427e-03
-1.044277062033333259e+00,2.676940972669616774e-03,1.969794683988485614e-03
-1.041778791550000083e+00,2.675277220997534285e-03,1.916743699627092854e-03
-1.039280521066666685e+00,2.673619740864536728e-03,1.863692715265737824e-03
-1.036782250583333287e+00,2.671968524126710608e-03,1.810641730904345064e-03
-1.034283980100000111e+00,2.670323562729725719e-03,1.757590746542990034e-03
-1.031785709616666713e+00,2.668684848767222464e-03,1.704539762181635004e-03
-1.029287439133333315e+00,2.667052374423788032e-03,1.651488777820279974e-03
-1.026789168649999917e+00,2.665426132033344581e-03,1.598437793458887214e-03
-1.024290898166666741e+00,2.663806114022013519e-03,1.545386809097532184e-03
-1.021792627683333343e+00,2.662192312966737452e-03,1.490903301045866857e-03
-1.019294357199999945e+00,2.660584721538027803e-03,1.436419792994240129e-03
-1.016796086716666769e+00,2.658983332559240742e-03,1.381936284942613617e-03
-1.014297816233333371e+00,2.657388138948134793e-03,1.327452776890986888e-03
-1.011799545749999973e+00,2.655799133777573574e-03,1.272969268839321561e-03
-1.009301275266666575e+00,2.654216310216046901e-03,1.218485760787694832e-03
-1.006803004783333400e+00,2.652639661588798974e-03,1.164002252736029506e-03
-1.004304734300000002e+00,2.651069181318641780e-03,1.109518744684402777e-03
-1.001806463816666604e+00,2.649504862987060293e-03,1.055035236632776048e-03
-9.993081933333333167e-01,2.647946700274165024e-03,1.000551728581115058e-03
-9.968099228500000297e-01,2.646394687021440435e-03,9.521026137742985562e-04
-9.943116523666666318e-01,2.644848817170271545e-03,9.036534989674819456e-04
-9.918133818833333448e-01,2.643309084825424832e-03,8.552043841606308573e-04
-9.893151114000000579e-01,2.641775484193769133e-03,8.067552693538143551e-04
-9.868168409166666599e-01,2.640248009647505438e-03,7.583061545469977445e-04
-9.843185704333333730e-01,2.638726655662628016e-03,7.098570397401466562e-04
-9.818202999499999750e-01,2.637211416883135200e-03,6.614079249333301540e-04
-9.793220294666666881e-01,2.635702288058461816e-03,6.129588101265136518e-04
-9.768237589833332901e-01,2.634199264108524809e-03,5.645096953196625635e-04
-9.743254885000000032e-01,2.632702340060610966e-03,5.160605805128459529e-04
-9.718272180166667162e-01,2.631211511115277325e-03,4.814308150087871600e-04
-9.693289475333333183e-01,2.629726772582368938e-03,4.468010495047037558e-04
-9.668306770500000313e-01,2.628248119947574572e-03,4.121712840006449630e-04
-9.643324065666666334e-01,2.626775548807957442e-03,3.775415184965862244e-04
-9.618341360833333464e-01,2.625309054939716554e-03,3.429117529925028202e-04
-9.593358655999999485e-01,2.623848634232255495e-03,3.082819874884440274e-04
-9.568375951166666615e-01,2.622394282757069175e-03,2.736522219843852887e-04
-9.543393246333333746e-01,2.620945996701303047e-03,2.390224564803018303e-04
-9.518410541499999766e-01,2.619503772437029292e-03,2.043926909762430917e-04
-9.493427836666666897e-01,2.618067606454704127e-03,1.697629254721843260e-04
-9.468445131833332917e-01,2.616637495432798301e-03,1.535236093196229966e-04
-9.443462427000000048e-01,2.615213436170767385e-03,1.372842931670731868e-04
-9.418479722166667178e-01,2.613795425659095131e-03,1.210449770145234042e-04
-9.393497017333333199e-01,2.612383461012350062e-03,1.048056608619620612e-04
-9.368514312500000329e-01,2.610977539539578382e-03,8.856634470941227857e-05
-9.343531607666666350e-01,2.609577658676269854e-03,7.232702855686248236e-05
-9.318548902833333480e-01,2.608183816056386991e-03,5.608771240430113940e-05
-9.293566197999999501e-01,2.606796009443102750e-03,3.984839625175134320e-05
-9.268583493166666631e-01,2.605414236801936474e-03,2.360908009920156055e-05
-9.243600788333333762e-01,2.604038496230600807e-03,7.369763946640220978e-06
-9.218618083499999782e-01,2.602668786033084797e-03,6.632787551976355920e-06
-9.193635378666666913e-01,2.601305104648752708e-03,5.895811157312490862e-06
-9.168652673833332933e-01,2.599947450727235071e-03,5.158834762648102338e-06
-9.143669969000000064e-01,2.598595823057321501e-03,4.421858367984237280e-06
-9.118687264166667195e-01,2.597250220641704726e-03,3.684881973320372646e-06
-9.093704559333333215e-01,2.595910642626009148e-03,2.947905578655983698e-06
-9.068721854500000346e-01,2.594577088374422618e-03,2.210929183992119487e-06
-9.043739149666666366e-01,2.593249557397292980e-03,1.473952789328254429e-06
-9.018756444833333497e-01,2.591928049428483295e-03,7.369763946638650579e-07
-8.993773739999999517e-01,2.590612564351764489e-03,0.000000000000000000e+00
-8.968791035166666648e-01,2.589303102278962040e-03,0.000000000000000000e+00
-8.943808330333333778e-01,2.587999663476199443e-03,0.000000000000000000e+00
-8.918825625499999799e-01,2.586702248442415263e-03,0.000000000000000000e+00
-8.893842920666666929e-01,2.585410857835034569e-03,0.000000000000000000e+00
-8.868860215833332949e-01,2.584125492549913666e-03,0.000000000000000000e+00
-8.843877511000000080e-01,2.582846153645145838e-03,0.000000000000000000e+00
-8.818894806166667211e-01,2.581572842422972386e-03,0.000000000000000000e+00
-8.793912101333333231e-01,2.580305560352636005e-03,0.000000000000000000e+00
-8.768929396500000362e-01,2.579044309152791429e-03,0.000000000000000000e+00
-8.743946691666666382e-01,2.577789090714341456e-03,0.000000000000000000e+00
-8.718963986833333513e-01,2.576539907183079611e-03,0.000000000000000000e+00
-8.693981281999999533e-01,2.575296760882249923e-03,0.000000000000000000e+00
-8.668998577166666664e-01,2.574059654396259906e-03,0.000000000000000000e+00
-8.644015872333333794e-01,2.572828590491919344e-03,0.000000000000000000e+00
-8.619033167499999815e-01,2.571603572203737080e-03,0.000000000000000000e+00
-8.594050462666666945e-01,2.570384602754120264e-03,0.000000000000000000e+00
-8.569067757833332966e-01,2.569171685639938356e-03,0.000000000000000000e+00
-8.544085053000000096e-01,2.567964824551442152e-03,0.000000000000000000e+00
-8.519102348166667227e-01,2.566764023460564245e-03,0.000000000000000000e+00
-8.494119643333333247e-01,2.565569286538484529e-03,0.000000000000000000e+00
-8.469136938500000378e-01,2.564380618245085987e-03,0.000000000000000000e+00
-8.444154233666666398e-01,2.563198023246337186e-03,0.000000000000000000e+00
-8.419171528833333529e-01,2.562021506504092837e-03,0.000000000000000000e+00
-8.394188823999999549e-01,2.560851073192847455e-03,0.000000000000000000e+00
-8.369206119166666680e-01,2.559686728790835225e-03,0.000000000000000000e+00
-8.344223414333333810e-01,2.558528478996137910e-03,0.000000000000000000e+00
-8.319240709499999831e-01,2.557376329818297767e-03,0.000000000000000000e+00
-8.294258004666666961e-01,2.556230287494215981e-03,0.000000000000000000e+00
-8.269275299833332982e-01,2.555090358580975121e-03,0.000000000000000000e+00
-8.244292595000000112e-01,2.553956549870250049e-03,0.000000000000000000e+00
-8.219309890166667243e-01,2.552828868482709401e-03,0.000000000000000000e+00
-8.194327185333333263e-01,2.551707321781867058e-03,0.000000000000000000e+00
-8.169344480500000394e-01,2.550591917469661931e-03,0.000000000000000000e+00
-8.144361775666666414e-01,2.549482663498459784e-03,0.000000000000000000e+00
-8.119379070833333545e-01,2.548379568169433732e-03,0.000000000000000000e+00
-8.094396365999999565e-01,2.547282640042782768e-03,0.000000000000000000e+00
-8.069413661166666696e-01,2.546191888037140517e-03,0.000000000000000000e+00
-8.044430956333333826e-01,2.545107321339886569e-03,0.000000000000000000e+00
-8.019448251499999847e-01,2.544028949507027518e-03,0.000000000000000000e+00
-7.994465546666666977e-01,2.542956782373065935e-03,0.000000000000000000e+00
-7.969482841833332998e-01,2.541890830152068390e-03,0.000000000000000000e+00
-7.944500137000000128e-01,2.540831103346401654e-03,0.000000000000000000e+00
-7.919517432166666149e-01,2.539777612849620017e-03,0.000000000000000000e+00
-7.894534727333333279e-01,2.538730369854402206e-03,0.000000000000000000e+00
-7.869552022500000410e-01,2.537689385956431835e-03,0.000000000000000000e+00
-7.844569317666666430e-01,2.536654673061221506e-03,0.000000000000000000e+00
-7.819586612833333561e-01,2.535626243490139535e-03,0.000000000000000000e+00
-7.794603907999999581e-01,2.534604109885718777e-03,0.000000000000000000e+00
-7.769621203166666712e-01,2.533588285319741170e-03,0.000000000000000000e+00
-7.744638498333333843e-01,2.532578783197290181e-03,0.000000000000000000e+00
-7.719655793499999863e-01,2.531575617365775573e-03,2.089405003959976976e-05
-7.694673088666666994e-01,2.530578802019339737e-03,4.178810007921439308e-05
-7.669690383833333014e-01,2.529588351808586318e-03,6.268215011881416961e-05
-7.644707679000000144e-01,2.528604281743759667e-03,8.357620015841393259e-05
-7.619724974166666165e-01,2.527626607307008333e-03,1.044702501980285627e-04
-7.594742269333333295e-01,2.526655344354059637e-03,1.253643002376283392e-04
-7.569759564500000426e-01,2.525690509227987175e-03,1.462583502772280887e-04
-7.544776859666666446e-01,2.524732118660292114e-03,1.671524003168427188e-04
-7.519794154833333577e-01,2.523780189886035055e-03,1.880464503564424953e-04
-7.494811449999999597e-01,2.522834740544248160e-03,2.089405003960422447e-04
-7.469828745166666728e-01,2.521895788794937480e-03,2.642277225691014655e-04
-7.444846040333333859e-01,2.520963353217899570e-03,3.195149447421214112e-04
-7.419863335499999879e-01,2.520037452931709644e-03,3.748021669151413568e-04
-7.394880630666667010e-01,2.519118107492071112e-03,4.300893890882006047e-04
-7.369897925833333030e-01,2.518205337012351976e-03,4.853766112612204961e-04
-7.344915221000000161e-01,2.517299162060668456e-03,5.406638334342404959e-04
-7.319932516166666181e-01,2.516399603782472263e-03,5.959510556072997439e-04
-7.294949811333333312e-01,2.515506683796811527e-03,6.512382777803196353e-04
-7.269967106500000442e-01,2.514620424320993235e-03,7.065254999533395266e-04
-7.244984401666666463e-01,2.513740848065061737e-03,7.618127221263987746e-04
-7.220001696833333593e-01,2.512867978359385052e-03,8.508905372160415967e-04
-7.195018991999999614e-01,2.512001839047759040e-03,9.399683523056843104e-04
-7.170036287166666744e-01,2.511142454616865482e-03,1.029046167395390558e-03
-7.145053582333333875e-01,2.510289850088657636e-03,1.118123982485033164e-03
-7.120070877499999895e-01,2.509444051151875268e-03,1.207201797574739303e-03
-7.095088172666667026e-01,2.508605084053290493e-03,1.296279612664382125e-03
-7.070105467833333046e-01,2.507772975731636673e-03,1.385357427754024947e-03
-7.045122763000000177e-01,2.506947753707669015e-03,1.474435242843667553e-03
-7.020140058166666197e-01,2.506129446220357274e-03,1.563513057933373692e-03
-6.995157353333333328e-01,2.505318082115916365e-03,1.652590873023016514e-03
-6.970174648500000458e-01,2.504513690986722579e-03,1.764909490723330513e-03
-6.945191943666666479e-01,2.503716303058755623e-03,1.877228108423564714e-03
-6.920209238833333609e-01,2.502925949333179804e-03,1.989546726123798698e-03
-6.895226533999999630e-01,2.502142661472980725e-03,2.101865343824112914e-03
-6.870243829166666760e-01,2.501366471946690588e-03,2.214183961524346898e-03
-6.845261124333333891e-01,2.500597413914198291e-03,2.326502579224580883e-03
-6.820278419499999911e-01,2.499835521372876460e-03,2.438821196924895098e-03
-6.795295714666667042e-01,2.499080829042838597e-03,2.551139814625129083e-03
-6.770313009833333062e-01,2.498333372515455699e-03,2.663458432325363501e-03
-6.745330305000000193e-01,2.497593188137162308e-03,2.775777050025677282e-03
-6.720347600166666213e-01,2.496860313161442576e-03,2.895156678770431646e-03
-6.695364895333333344e-01,2.496134785631402061e-03,3.014536307515186010e-03
-6.670382190500000474e-01,2.495416644534629528e-03,3.133915936260025376e-03
-6.645399485666666495e-01,2.494705929684527985e-03,3.253295565004780173e-03
-6.620416780833333625e-01,2.494002681878446440e-03,3.372675193749534537e-03
-6.595434075999999646e-01,2.493306942777942341e-03,3.492054822494373902e-03
-6.570451371166666776e-01,2.492618755070044947e-03,3.611434451239128266e-03
-6.545468666333333907e-01,2.491938162346526812e-03,3.730814079983883064e-03
-6.520485961499999927e-01,2.491265209268049390e-03,3.850193708728722429e-03
-6.495503256666667058e-01,2.490599941443044207e-03,3.969573337473476793e-03
-6.470520551833333078e-01,2.489942405595020440e-03,4.078242356085490239e-03
-6.445537847000000209e-01,2.489292649440201857e-03,4.186911374697580880e-03
-6.420555142166666229e-01,2.488650721858403584e-03,4.295580393309593459e-03
-6.395572437333333360e-01,2.488016672769931357e-03,4.404249411921606905e-03
-6.370589732500000490e-01,2.487390553310154552e-03,4.512918430533697546e-03
-6.345607027666666511e-01,2.486772415705263122e-03,4.621587449145710992e-03
-6.320624322833333641e-01,2.486162313450262368e-03,4.730256467757723571e-03
-6.295641617999999662e-01,2.485560301184617984e-03,4.838925486369814212e-03
-6.270658913166666792e-01,2.484966434873944058e-03,4.947594504981827658e-03
-6.245676208333332813e-01,2.484380771684265975e-03,5.056263523593841104e-03
-6.220693503499999943e-01,2.483803370168213495e-03,5.138255984873337824e-03
-6.195710798666667074e-01,2.483234290138562877e-03,5.220248446152776431e-03
-6.170728093833333094e-01,2.482673592858523036e-03,5.302240907432215038e-03
-6.145745389000000225e-01,2.482121340914541282e-03,5.384233368711711758e-03
-6.120762684166666245e-01,2.481577598411013018e-03,5.466225829991150365e-03
-6.095779979333333376e-01,2.481042430842183254e-03,5.548218291270588104e-03
-6.070797274500000507e-01,2.480515905291954658e-03,5.630210752550084824e-03
-6.045814569666666527e-01,2.479998090304582573e-03,5.712203213829523431e-03
-6.020831864833333658e-01,2.479489056089757490e-03,5.794195675108962038e-03
-5.995849159999999678e-01,2.478988874392564976e-03,5.876188136388458758e-03
-5.970866455166666809e-01,2.478497618703208102e-03,5.919860506754493282e-03
-5.945883750333332829e-01,2.478015364127286561e-03,5.963532877120527806e-03
-5.920901045499999960e-01,2.477542187600028506e-03,6.007205247486592688e-03
-5.895918340666667090e-01,2.477078167756432189e-03,6.050877617852627212e-03
-5.870935635833333111e-01,2.476623385151164279e-03,6.094549988218661736e-03
-5.845952931000000241e-01,2.476177922128011948e-03,6.138222358584727485e-03
-5.820970226166666261e-01,2.475741863045790268e-03,6.181894728950762009e-03
-5.795987521333333392e-01,2.475315294147530185e-03,6.225567099316795666e-03
-5.771004816500000523e-01,2.474898303792394567e-03,6.269239469682861415e-03
-5.746022111666666543e-01,2.474490982324858371e-03,6.312911840048895940e-03
-5.721039406833333674e-01,2.474093422312742627e-03,6.312473567208590729e-03
-5.696056701999999694e-01,2.473705718416522974e-03,6.312035294368285518e-03
-5.671073997166666825e-01,2.473327967634045797e-03,6.311597021527980307e-03
-5.646091292333332845e-01,2.472960269170158994e-03,6.311158748687675096e-03
-5.621108587499999976e-01,2.472602724687889084e-03,6.310720475847370753e-03
-5.596125882666667106e-01,2.472255438178839592e-03,6.310282203007065542e-03
-5.571143177833333127e-01,2.471918516221790173e-03,6.309843930166760331e-03
-5.546160473000000257e-01,2.471592067853179125e-03,6.309405657326455120e-03
-5.521177768166666278e-01,2.471276204833711739e-03,6.308967384486149910e-03
-5.496195063333333408e-01,2.470971041519349348e-03,6.308529111645844699e-03
-5.471212358500000539e-01,2.470676695136377055e-03,6.264599307861651138e-03
-5.446229653666666559e-01,2.470393285652998632e-03,6.220669504077456710e-03
-5.421246948833333690e-01,2.470120936062942998e-03,6.176739700293263149e-03
-5.396264243999999710e-01,2.469859772258437784e-03,6.132809896509037496e-03
-5.371281539166666841e-01,2.469609923322672439e-03,6.088880092724843936e-03
-5.346298834333332861e-01,2.469371521404629694e-03,6.044950288940619150e-03
-5.321316129499999992e-01,2.469144702020247429e-03,6.001020485156424722e-03
-5.296333424666667122e-01,2.468929603929592015e-03,5.957090681372231161e-03
-5.271350719833333143e-01,2.468726369448225998e-03,5.913160877588005508e-03
-5.246368015000000273e-01,2.468535144326102285e-03,5.869231073803811947e-03
-5.221385310166666294e-01,2.468356078069465064e-03,5.788512375162248487e-03
-5.196402605333333424e-01,2.468189323822563355e-03,5.707793676520627781e-03
-5.171419900500000555e-01,2.468035038700599083e-03,5.627074977879064320e-03
-5.146437195666666575e-01,2.467893383674514118e-03,5.546356279237500859e-03
-5.121454490833333706e-01,2.467764523915564039e-03,5.465637580595879286e-03
-5.096471785999999726e-01,2.467648628683604978e-03,5.384918881954315825e-03
-5.071489081166666857e-01,2.467545871684355581e-03,5.304200183312752365e-03
-5.046506376333332877e-01,2.467456430961413073e-03,5.223481484671131658e-03
-5.021523671500000008e-01,2.467380489266895582e-03,5.142762786029568198e-03
-4.996540966666666583e-01,2.467318233958082970e-03,5.062044087388004737e-03
-4.971558261833333159e-01,2.467269857382223177e-03,4.956238799329130626e-03
-4.946575557000000289e-01,2.467235556778053698e-03,4.850433511270332843e-03
-4.921592852166666865e-01,2.467215534676055633e-03,4.744628223211534192e-03
-4.896610147333333440e-01,2.467209998805220544e-03,4.638822935152660080e-03
-4.871627442500000016e-01,2.467219162510127413e-03,4.533017647093861430e-03
-4.846644737666666591e-01,2.467243244663800544e-03,4.427212359035063646e-03
-4.821662032833333167e-01,2.467282470101809372e-03,4.321407070976189535e-03
-4.796679327999999742e-01,2.467337069543053610e-03,4.215601782917390884e-03
-4.771696623166666873e-01,2.467407280041611448e-03,4.109796494858592233e-03
-4.746713918333333448e-01,2.467493344916339270e-03,4.003991206799718990e-03
-4.721731213500000024e-01,2.467595514222240688e-03,3.888085961043985603e-03
-4.696748508666666599e-01,2.467714044689065141e-03,3.772180715288252217e-03
-4.671765803833333175e-01,2.467849200214059565e-03,3.656275469532436432e-03
-4.646783098999999750e-01,2.468001251810989644e-03,3.540370223776703046e-03
-4.621800394166666881e-01,2.468170478125481047e-03,3.424464978020969660e-03
-4.596817689333333457e-01,2.468357165395354113e-03,3.308559732265153874e-03
-4.571834984500000032e-01,2.468561607990880490e-03,3.192654486509420488e-03
-4.546852279666666607e-01,2.468784108387989899e-03,3.076749240753687102e-03
-4.521869574833333183e-01,2.469024977734282644e-03,2.960843994997871317e-03
-4.496886869999999758e-01,2.469284535837086049e-03,2.844938749242137931e-03
-4.471904165166666889e-01,2.469563111757936812e-03,2.734975144942471820e-03
-4.446921460333333465e-01,2.469861043816564371e-03,2.625011540642727646e-03
-4.421938755500000040e-01,2.470178680215607322e-03,2.515047936343061535e-03
-4.396956050666666616e-01,2.470516379063325291e-03,2.405084332043395424e-03
-4.371973345833333191e-01,2.470874509030683563e-03,2.295120727743651251e-03
-4.346990640999999767e-01,2.471253449394599302e-03,2.185157123443985140e-03
-4.322007936166666897e-01,2.471653590730633985e-03,2.075193519144319029e-03
-4.297025231333333473e-01,2.472075334978435842e-03,1.965229914844574856e-03
-4.272042526500000048e-01,2.472519096173454896e-03,1.855266310544908745e-03
-4.247059821666666624e-01,2.472985300537104778e-03,1.745302706245242851e-03
-4.222077116833333199e-01,2.473474387250929919e-03,1.655755839404881181e-03
-4.197094411999999775e-01,2.473986808574171661e-03,1.566208972564583262e-03
-4.172111707166666905e-01,2.474523030663593800e-03,1.476662105724285343e-03
-4.147129002333333481e-01,2.475083533723002310e-03,1.387115238883923672e-03
-4.122146297500000056e-01,2.475668812871511301e-03,1.297568372043625753e-03
-4.097163592666666632e-01,2.476279378328604189e-03,1.208021505203327618e-03
-4.072180887833333207e-01,2.476915756336248945e-03,1.118474638362966164e-03
-4.047198182999999783e-01,2.477578489383119344e-03,1.028927771522668028e-03
-4.022215478166666913e-01,2.478268137185052865e-03,9.393809046823701093e-04
-3.997232773333333489e-01,2.478985276953155677e-03,8.498340378420085476e-04
-3.972250068500000064e-01,2.479730504438609675e-03,7.907506946487686313e-04
-3.947267363666666640e-01,2.480504434249355353e-03,7.316673514555287151e-04
-3.922284658833333215e-01,2.481307700965238849e-03,6.725840082622467318e-04
-3.897301953999999791e-01,2.482140959509015078e-03,6.135006650690068156e-04
-3.872319249166666921e-01,2.483004886338928494e-03,5.544173218757248323e-04
-3.847336544333333497e-01,2.483900179880168743e-03,4.953339786824849161e-04
-3.822353839500000072e-01,2.484827561802491896e-03,4.362506354892449999e-04
-3.797371134666666648e-01,2.485787777519862449e-03,3.771672922959630708e-04
-3.772388429833333223e-01,2.486781597560461157e-03,3.180839491027231004e-04
-3.747405724999999799e-01,2.487809818143651031e-03,2.590006059094832384e-04
-3.722423020166666929e-01,2.488873262652409758e-03,2.331005453185238719e-04
-3.697440315333333505e-01,2.489972782294745928e-03,2.072004847275829098e-04
-3.672457610500000080e-01,2.491109257690791046e-03,1.813004241366419477e-04
-3.647474905666666656e-01,2.492283599629440370e-03,1.554003635456825813e-04
-3.622492200833333231e-01,2.493496750780605214e-03,1.295003029547416192e-04
-3.597509495999999807e-01,2.494749686559950917e-03,1.036002423638006571e-04
-3.572526791166666937e-01,2.496043416979256552e-03,7.770018177284129064e-05
-3.547544086333333513e-01,2.497378987632801247e-03,5.180012118190032854e-05
-3.522561381500000088e-01,2.498757481701407383e-03,2.590006059095936643e-05
-3.497578676666666664e-01,2.500180021074479685e-03,0.000000000000000000e+00
-3.472595971833333239e-01,2.501647768525895772e-03,0.000000000000000000e+00
-3.447613266999999815e-01,2.503161928988761192e-03,0.000000000000000000e+00
-3.422630562166666945e-01,2.504723751922291724e-03,0.000000000000000000e+00
-3.397647857333333521e-01,2.506334532759114855e-03,0.000000000000000000e+00
-3.372665152500000096e-01,2.507995615484593689e-03,0.000000000000000000e+00
-3.347682447666666672e-01,2.509708394279917126e-03,0.000000000000000000e+00
-3.322699742833333247e-01,2.511474316338678861e-03,0.000000000000000000e+00
-3.297717037999999823e-01,2.513294883730355939e-03,0.000000000000000000e+00
-3.272734333166666953e-01,2.515171656483689965e-03,0.000000000000000000e+00
-3.247751628333333529e-01,2.517106254699568585e-03,0.000000000000000000e+00
-3.222768923500000104e-01,2.519100361933410137e-03,3.048765974387745382e-05
-3.197786218666666680e-01,2.521155727591194076e-03,6.097531948777658490e-05
-3.172803513833333255e-01,2.523274170647854184e-03,9.146297923165404211e-05
-3.147820808999999831e-01,2.525457582364688206e-03,1.219506389755314993e-04
-3.122838104166666406e-01,2.527707930387527568e-03,1.524382987194306406e-04
-3.097855399333333537e-01,2.530027261828883024e-03,1.829259584633080842e-04
-3.072872694500000113e-01,2.532417707794320898e-03,2.134136182071855279e-04
-3.047889989666666688e-01,2.534881486881077235e-03,2.439012779510846556e-04
-3.022907284833333263e-01,2.537420910189957558e-03,2.743889376949621263e-04
-2.997924579999999839e-01,2.540038385298141587e-03,3.048765974388395971e-04
-2.972941875166666414e-01,2.542736421821191559e-03,3.901239566451197068e-04
-2.947959170333333545e-01,2.545517635930425251e-03,4.753713158513392639e-04
-2.922976465500000121e-01,2.548384756539077371e-03,5.606186750575588209e-04
-2.897993760666666696e-01,2.551340630442562336e-03,6.458660342638388764e-04
-2.873011055833333272e-01,2.554388229218689486e-03,7.311133934700584334e-04
-2.848028350999999847e-01,2.557530655081740722e-03,8.163607526762779905e-04
-2.823045646166666423e-01,2.560771148597443692e-03,9.016081118825580460e-04
-2.798062941333333553e-01,2.564113095360055165e-03,9.868554710887776030e-04
-2.773080236500000129e-01,2.567560034640833152e-03,1.072102830294997160e-03
-2.748097531666666704e-01,2.571115667012511315e-03,1.157350189501277216e-03
-2.723114826833333280e-01,2.574783864071197165e-03,1.307858430407447814e-03
-2.698132121999999855e-01,2.578568677155902798e-03,1.458366671313618412e-03
-2.673149417166666431e-01,2.582474348305983849e-03,1.608874912219896130e-03
-2.648166712333333561e-01,2.586505320249387566e-03,1.759383153126066728e-03
-2.623184007500000137e-01,2.590666248787762676e-03,1.909891394032237543e-03
-2.598201302666666712e-01,2.594962014257739223e-03,2.060399634938515044e-03
-2.573218597833333288e-01,2.599397735568933273e-03,2.210907875844685642e-03
-2.548235892999999863e-01,2.603978783381703539e-03,2.361416116750856241e-03
-2.523253188166666439e-01,2.608710796064745568e-03,2.511924357657134392e-03
-2.498270483333333292e-01,2.613599694876608381e-03,2.662432598563304990e-03
-2.473287778500000145e-01,2.618651702160937518e-03,2.875866395235921608e-03
-2.448305073666666720e-01,2.623873358873230269e-03,3.089300191908690013e-03
-2.423322368833333296e-01,2.629271545392807604e-03,3.302733988581306630e-03
-2.398339663999999871e-01,2.634853501803527051e-03,3.516167785254075469e-03
-2.373356959166666724e-01,2.640626851774111831e-03,3.729601581926692087e-03
-2.348374254333333300e-01,2.646599626083965835e-03,3.943035378599309138e-03
-2.323391549499999875e-01,2.652780290114522665e-03,4.156469175272077543e-03
-2.298408844666666728e-01,2.659177771209446112e-03,4.369902971944694160e-03
-2.273426139833333304e-01,2.665801490431793895e-03,4.583336768617310777e-03
-2.248443434999999879e-01,2.672661394471300897e-03,4.796770565290079183e-03
-2.223460730166666732e-01,2.679767992457437412e-03,5.060099032118141674e-03
-2.198478025333333308e-01,2.687132393279520123e-03,5.323427498946203297e-03
-2.173495320499999883e-01,2.694766348414838995e-03,5.586755965774452271e-03
-2.148512615666666736e-01,2.702682295715631757e-03,5.850084432602514761e-03
-2.123529910833333312e-01,2.710893409424359243e-03,6.113412899430577252e-03
-2.098547205999999887e-01,2.719413651714306605e-03,6.376741366258826225e-03
-2.073564501166666740e-01,2.728257831328270103e-03,6.640069833086887849e-03
-2.048581796333333316e-01,2.737441664457329615e-03,6.903398299914950340e-03
-2.023599091499999891e-01,2.746981843768282576e-03,7.166726766743200180e-03
-1.998616386666666744e-01,2.756896110577128182e-03,7.430055233571261804e-03
-1.973633681833333320e-01,2.767203336451729521e-03,7.722722957943773357e-03
-1.948650976999999895e-01,2.777923609106215837e-03,8.015390682316493945e-03
-1.923668272166666748e-01,2.789078329299674291e-03,8.308058406689005498e-03
-1.898685567333333324e-01,2.800690313478485134e-03,8.600726131061517052e-03
-1.873702862499999899e-01,2.812783909370691719e-03,8.893393855434236772e-03
-1.848720157666666752e-01,2.825385119177042069e-03,9.186061579806748326e-03
-1.823737452833333328e-01,2.838521738137923713e-03,9.478729304179259879e-03
-1.798754747999999903e-01,2.852223503066809648e-03,9.771397028551979599e-03
-1.773772043166666756e-01,2.866522259300805040e-03,1.006406475292449115e-02
-1.748789338333333332e-01,2.881452140665094648e-03,1.035673247729700271e-02
-1.723806633499999907e-01,2.897049771698490331e-03,1.065450555483742935e-02
-1.698823928666666760e-01,2.913354486827796335e-03,1.095227863237764609e-02
-1.673841223833333336e-01,2.930408576703073548e-03,1.125005170991786110e-02
-1.648858518999999911e-01,2.948257556593514468e-03,1.154782478745828948e-02
-1.623875814166666764e-01,2.966950468236753072e-03,1.184559786499850449e-02
-1.598893109333333340e-01,2.986540210433066139e-03,1.214337094253871950e-02
-1.573910404499999915e-01,3.007083911244606052e-03,1.244114402007914788e-02
-1.548927699666666769e-01,3.028643337735629094e-03,1.273891709761936289e-02
-1.523944994833333344e-01,3.051285357974818559e-03,1.303669017515957790e-02
-1.498962289999999919e-01,3.075082452239154794e-03,1.333446325270000628e-02
-1.473979585166666773e-01,3.100113290539278227e-03,1.361344550778705378e-02
-1.448996880333333348e-01,3.126463374934352127e-03,1.389242776287410129e-02
-1.424014175499999924e-01,3.154225766894782571e-03,1.417141001796134656e-02
-1.399031470666666777e-01,3.183501900472856475e-03,1.445039227304839406e-02
-1.374048765833333352e-01,3.214402505723930499e-03,1.472937452813544157e-02
-1.349066060999999928e-01,3.247048646546513585e-03,1.500835678322268857e-02
-1.324083356166666781e-01,3.281572903060318760e-03,1.528733903830973608e-02
-1.299100651333333356e-01,3.318120707747243547e-03,1.556632129339678358e-02
-1.274117946499999932e-01,3.356851873322129563e-03,1.584530354848402711e-02
-1.249135241666666646e-01,3.397942329072861558e-03,1.612428580357107635e-02
-1.224152536833333360e-01,3.441586114685078659e-03,1.636451703820220385e-02
-1.199169831999999936e-01,3.487997659521187288e-03,1.660474827283350135e-02
-1.174187127166666650e-01,3.537414412220566285e-03,1.684497950746462538e-02
-1.149204422333333364e-01,3.590099865510708050e-03,1.708521074209575288e-02
-1.124221717499999940e-01,3.646347064277424398e-03,1.732544197672705039e-02
-1.099239012666666654e-01,3.706482667557274742e-03,1.756567321135817789e-02
-1.074256307833333368e-01,3.770871687077837625e-03,1.780590444598930538e-02
-1.049273602999999944e-01,3.839923012789040954e-03,1.804613568062059942e-02
-1.024290898166666658e-01,3.914095900662349636e-03,1.828636691525172692e-02
-9.993081933333333722e-02,3.993907595562699517e-03,1.852659814988285442e-02
-9.743254884999999477e-02,4.079942346395409349e-03,1.871466332224129558e-02
-9.493427836666666619e-02,4.172862085863915209e-03,1.890272849459959797e-02
-9.243600788333333762e-02,4.273419162493971059e-03,1.909079366695790730e-02
-8.993773739999999517e-02,4.382471559362758999e-03,1.927885883931634500e-02
-8.743946691666666660e-02,4.501001200134493313e-03,1.946692401167465086e-02
-8.494119643333333802e-02,4.630136046988247468e-03,1.965498918403295672e-02
-8.244292594999999557e-02,4.771176948074274705e-03,1.984305435639139442e-02
-7.994465546666666700e-02,4.925630401098852335e-03,2.003111952874970375e-02
-7.744638498333333843e-02,5.095248807089973984e-03,2.021918470110814145e-02
-7.494811449999999597e-02,5.282080194431482828e-03,2.040724987346644731e-02
-7.244984401666666740e-02,5.488530086376332447e-03,2.053746420853992671e-02
-6.995157353333333883e-02,5.717438972207805614e-03,2.066767854361349979e-02
-6.745330304999999638e-02,5.972180086774474435e-03,2.079789287868697920e-02
-6.495503256666666780e-02,6.256783753039389662e-03,2.092810721376045860e-02
-6.245676208333333229e-02,6.576096900808191953e-03,2.105832154883403168e-02
-5.995849159999999678e-02,6.935989518255043958e-03,2.118853588390751108e-02
-5.746022111666666821e-02,7.343624516390634231e-03,2.131875021898099049e-02
-5.496195063333333269e-02,7.807814123878738591e-03,2.144896455405456356e-02
-5.246368014999999718e-02,8.339495957454090558e-03,2.157917888912804297e-02
-4.996540966666666861e-02,8.952376647544906321e-03,2.170939322420152237e-02
-4.746713918333333310e-02,9.663813569202525655e-03,2.178337575742390203e-02
-4.496886869999999758e-02,1.049603993525659307e-02,2.185735829064622618e-02
-4.247059821666666901e-02,1.147789337963691335e-02,2.193134082386855380e-02
-3.997232773333333350e-02,1.264729555611792886e-02,2.200532335709093346e-02
-3.747405724999999799e-02,1.405487291963406112e-02,2.207930589031326107e-02
-3.497578676666666941e-02,1.576934433543819916e-02,2.215328842353558522e-02
-3.247751628333333390e-02,1.788569568094562634e-02,2.222727095675796488e-02
-2.997924579999999839e-02,2.053782233569320312e-02,2.230125348998029250e-02
-2.748097531666666635e-02,2.391840345406302110e-02,2.237523602320261665e-02
-2.498270483333333430e-02,2.831039857367722082e-02,2.244921855642499631e-02
-2.248443434999999879e-02,3.413634711619323303e-02,2.247398663359367887e-02
-1.998616386666666675e-02,4.203089626307895260e-02,2.249875471076236144e-02
-1.748789338333333471e-02,5.292855117952738331e-02,2.252352278793106136e-02
-1.498962289999999919e-02,6.810719584466244647e-02,2.254829086509974392e-02
-1.249135241666666715e-02,8.900732247661098662e-02,2.257305894226842649e-02
-9.993081933333333375e-03,1.165048105751536334e-01,2.259782701943712988e-02
-7.494811449999999597e-03,1.494418612900274002e-01,2.262259509660581244e-02
-4.996540966666666687e-03,1.830434618285337600e-01,2.264736317377449501e-02
-2.498270483333333344e-03,2.090263305003343397e-01,2.267213125094319492e-02
0.000000000000000000e+00,2.189066264664442374e-01,2.269689932811187749e-02
2.498270483333333344e-03,2.090263305003343397e-01,2.268194349085211545e-02
4.996540966666666687e-03,1.830434618285337323e-01,2.266698765359235687e-02
7.494811449999999597e-03,1.494418612900273724e-01,2.265203181633259483e-02
9.993081933333333375e-03,1.165048105751535917e-01,2.263707597907283625e-02
1.249135241666666715e-02,8.900732247661109764e-02,2.262212014181307421e-02
1.498962289999999919e-02,6.810719584466244647e-02,2.260716430455331216e-02
1.748789338333333471e-02,5.292855117952730004e-02,2.259220846729355359e-02
1.998616386666666675e-02,4.203089626307894566e-02,2.257725263003379154e-02
2.248443434999999879e-02,3.413634711619321221e-02,2.256229679277403297e-02
2.498270483333333430e-02,2.831039857367718959e-02,2.254734095551427092e-02
2.748097531666666635e-02,2.391840345406293436e-02,2.250139491248346821e-02
2.997924579999999839e-02,2.053782233569323087e-02,2.245544886945266549e-02
3.247751628333333390e-02,1.788569568094564369e-02,2.240950282642186278e-02
3.497578676666666941e-02,1.576934433543822345e-02,2.236355678339106007e-02
3.747405724999999799e-02,1.405487291963402295e-02,2.231761074036025735e-02
3.997232773333333350e-02,1.264729555611795141e-02,2.227166469732945464e-02
4.247059821666666901e-02,1.147789337963700529e-02,2.222571865429865193e-02
4.496886869999999758e-02,1.049603993525656184e-02,2.217977261126784921e-02
4.746713918333333310e-02,9.663813569202473613e-03,2.213382656823704650e-02
4.996540966666666861e-02,8.952376647544856014e-03,2.208788052520624379e-02
5.246368014999999718e-02,8.339495957454189437e-03,2.201621301670171615e-02
5.496195063333333269e-02,7.807814123878692621e-03,2.194454550819718505e-02
5.746022111666666821e-02,7.343624516390588261e-03,2.187287799969265742e-02
5.995849159999999678e-02,6.935989518255049162e-03,2.180121049118812979e-02
6.245676208333333229e-02,6.576096900808207565e-03,2.172954298268359868e-02
6.495503256666666780e-02,6.256783753039407876e-03,2.165787547417907105e-02
6.745330304999999638e-02,5.972180086774382494e-03,2.158620796567454342e-02
6.995157353333333883e-02,5.717438972207849850e-03,2.151454045717001579e-02
7.244984401666666740e-02,5.488530086376431326e-03,2.144287294866548468e-02
7.494811449999999597e-02,5.282080194431493236e-03,2.137120544016095705e-02
7.744638498333333843e-02,5.095248807089895922e-03,2.127418539449418139e-02
7.994465546666666700e-02,4.925630401098839324e-03,2.117716534882740920e-02
8.244292594999999557e-02,4.771176948074306798e-03,2.108014530316063354e-02
8.494119643333333802e-02,4.630136046988200631e-03,2.098312525749386134e-02
8.743946691666666660e-02,4.501001200134551426e-03,2.088610521182708568e-02
8.993773739999999517e-02,4.382471559362768540e-03,2.078908516616031002e-02
9.243600788333333762e-02,4.273419162494070805e-03,2.069206512049353783e-02
9.493427836666666619e-02,4.172862085863929087e-03,2.059504507482676217e-02
9.743254884999999477e-02,4.079942346395382460e-03,2.049802502915998997e-02
9.993081933333333722e-02,3.993907595562698649e-03,2.040100498349321431e-02
1.024290898166666658e-01,3.914095900662445913e-03,2.027442570984069534e-02
1.049273602999999944e-01,3.839923012789079985e-03,2.014784643618817983e-02
1.074256307833333368e-01,3.770871687077763899e-03,2.002126716253566086e-02
1.099239012666666654e-01,3.706482667557378392e-03,1.989468788888314535e-02
1.124221717499999940e-01,3.646347064277519374e-03,1.976810861523062637e-02
1.149204422333333364e-01,3.590099865510698075e-03,1.964152934157810740e-02
1.174187127166666650e-01,3.537414412220608786e-03,1.951495006792559189e-02
1.199169831999999936e-01,3.487997659521166038e-03,1.938837079427307292e-02
1.224152536833333360e-01,3.441586114685069118e-03,1.926179152062055741e-02
1.249135241666666646e-01,3.397942329072790868e-03,1.913521224696803844e-02
1.274117946499999932e-01,3.356851873322139537e-03,1.897244754292942009e-02
1.299100651333333356e-01,3.318120707747168954e-03,1.880968283889079828e-02
1.324083356166666781e-01,3.281572903060383378e-03,1.864691813485217647e-02
1.349066060999999928e-01,3.247048646546496237e-03,1.848415343081355466e-02
1.374048765833333352e-01,3.214402505723854605e-03,1.832138872677493285e-02
1.399031470666666777e-01,3.183501900472847802e-03,1.815862402273631104e-02
1.424014175499999924e-01,3.154225766894702340e-03,1.799585931869769270e-02
1.448996880333333348e-01,3.126463374934313963e-03,1.783309461465906742e-02
1.473979585166666773e-01,3.100113290539168506e-03,1.767032991062044561e-02
1.498962289999999919e-01,3.075082452239096681e-03,1.750756520658182727e-02
1.523944994833333344e-01,3.051285357974802080e-03,1.730315112948613634e-02
1.548927699666666769e-01,3.028643337735642538e-03,1.709873705239044195e-02
1.573910404499999915e-01,3.007083911244524954e-03,1.689432297529475449e-02
1.598893109333333340e-01,2.986540210433066139e-03,1.668990889819906009e-02
1.623875814166666764e-01,2.966950468236796874e-03,1.648549482110336917e-02
1.648858518999999911e-01,2.948257556593454620e-03,1.628108074400768171e-02
1.673841223833333336e-01,2.930408576703029747e-03,1.607666666691198731e-02
1.698823928666666760e-01,2.913354486827794167e-03,1.587225258981629639e-02
1.723806633499999907e-01,2.897049771698492066e-03,1.566783851272060546e-02
1.748789338333333332e-01,2.881452140665106791e-03,1.546342443562491453e-02
1.773772043166666756e-01,2.866522259300803739e-03,1.521721609384779628e-02
1.798754747999999903e-01,2.852223503066835669e-03,1.497100775207067976e-02
1.823737452833333328e-01,2.838521738137912871e-03,1.472479941029355976e-02
1.848720157666666752e-01,2.825385119177036431e-03,1.447859106851644151e-02
1.873702862499999899e-01,2.812783909370553375e-03,1.423238272673932499e-02
1.898685567333333324e-01,2.800690313478500313e-03,1.398617438496220500e-02
1.923668272166666748e-01,2.789078329299705949e-03,1.373996604318508674e-02
1.948650976999999895e-01,2.777923609106209332e-03,1.349375770140797022e-02
1.973633681833333320e-01,2.767203336451559952e-03,1.324754935963085023e-02
1.998616386666666744e-01,2.756896110577095656e-03,1.300134101785373197e-02
2.023599091499999891e-01,2.746981843768293418e-03,1.272208225348671687e-02
2.048581796333333316e-01,2.737441664457280176e-03,1.244282348911969829e-02
2.073564501166666740e-01,2.728257831328310002e-03,1.216356472475267972e-02
2.098547205999999887e-01,2.719413651714331324e-03,1.188430596038566461e-02
2.123529910833333312e-01,2.710893409424358809e-03,1.160504719601864604e-02
2.148512615666666736e-01,2.702682295715678595e-03,1.132578843165162746e-02
2.173495320499999883e-01,2.694766348414828587e-03,1.104652966728461236e-02
2.198478025333333308e-01,2.687132393279556553e-03,1.076727090291759552e-02
2.223460730166666732e-01,2.679767992457486418e-03,1.048801213855057694e-02
2.248443434999999879e-01,2.672661394471343831e-03,1.020875337418356184e-02
2.273426139833333304e-01,2.665801490431750961e-03,9.915792411900615708e-03
2.298408844666666728e-01,2.659177771209482975e-03,9.622831449617669577e-03
2.323391549499999875e-01,2.652780290114440265e-03,9.329870487334726917e-03
2.348374254333333300e-01,2.646599626083948054e-03,9.036909525051780787e-03
2.373356959166666724e-01,2.640626851774115300e-03,8.743948562768834656e-03
2.398339663999999871e-01,2.634853501803530954e-03,8.450987600485890261e-03
2.423322368833333296e-01,2.629271545392778547e-03,8.158026638202944131e-03
2.448305073666666720e-01,2.623873358873194273e-03,7.865065675919998001e-03
2.473287778500000145e-01,2.618651702160951830e-03,7.572104713637052738e-03
2.498270483333333292e-01,2.613599694876554604e-03,7.279143751354109210e-03
2.523253188166666439e-01,2.608710796064798911e-03,7.001164183253391453e-03
2.548235892999999863e-01,2.603978783381636318e-03,6.723184615152670227e-03
2.573218597833333288e-01,2.599397735568891640e-03,6.445205047051949000e-03
2.598201302666666712e-01,2.594962014257723611e-03,6.167225478951227774e-03
2.623184007500000137e-01,2.590666248787725813e-03,5.889245910850507415e-03
2.648166712333333561e-01,2.586505320249348101e-03,5.611266342749785321e-03
2.673149417166666431e-01,2.582474348305905353e-03,5.333286774649071034e-03
2.698132121999999855e-01,2.578568677155923181e-03,5.055307206548349808e-03
2.723114826833333280e-01,2.574783864071174613e-03,4.777327638447628581e-03
2.748097531666666704e-01,2.571115667012517821e-03,4.499348070346907355e-03
2.773080236500000129e-01,2.567560034640814504e-03,4.269351031411189844e-03
2.798062941333333553e-01,2.564113095360159682e-03,4.039353992475472332e-03
2.823045646166666423e-01,2.560771148597532597e-03,3.809356953539760025e-03
2.848028350999999847e-01,2.557530655081717737e-03,3.579359914604042514e-03
2.873011055833333272e-01,2.554388229218708135e-03,3.349362875668325003e-03
2.897993760666666696e-01,2.551340630442497717e-03,3.119365836732607491e-03
2.922976465500000121e-01,2.548384756539082141e-03,2.889368797796889980e-03
2.947959170333333545e-01,2.545517635930404868e-03,2.659371758861172469e-03
2.972941875166666414e-01,2.542736421821220182e-03,2.429374719925460162e-03
2.997924579999999839e-01,2.540038385298153730e-03,2.199377680989742651e-03
3.022907284833333263e-01,2.537420910189970569e-03,2.045694229136687300e-03
3.047889989666666688e-01,2.534881486881111496e-03,1.892010777283632166e-03
3.072872694500000113e-01,2.532417707794242401e-03,1.738327325430577032e-03
3.097855399333333537e-01,2.530027261828906443e-03,1.584643873577521681e-03
3.122838104166666406e-01,2.527707930387561829e-03,1.430960421724470017e-03
3.147820808999999831e-01,2.525457582364712059e-03,1.277276969871414883e-03
3.172803513833333255e-01,2.523274170647738825e-03,1.123593518018359532e-03
3.197786218666666680e-01,2.521155727591194076e-03,9.699100661653043982e-04
3.222768923500000104e-01,2.519100361933480393e-03,8.162266143122492643e-04
3.247751628333333529e-01,2.517106254699573355e-03,6.625431624591938051e-04
3.272734333166666953e-01,2.515171656483768461e-03,5.962888462132740885e-04
3.297717037999999823e-01,2.513294883730335556e-03,5.300345299673558897e-04
3.322699742833333247e-01,2.511474316338721795e-03,4.637802137214362816e-04
3.347682447666666672e-01,2.509708394279914524e-03,3.975258974755165649e-04
3.372665152500000096e-01,2.507995615484665680e-03,3.312715812295969025e-04
3.397647857333333521e-01,2.506334532759137840e-03,2.650172649836772401e-04
3.422630562166666945e-01,2.504723751922303000e-03,1.987629487377575777e-04
3.447613266999999815e-01,2.503161928988766396e-03,1.325086324918393248e-04
3.472595971833333239e-01,2.501647768525896640e-03,6.625431624591971661e-05
3.497578676666666664e-01,2.500180021074514813e-03,0.000000000000000000e+00
3.522561381500000088e-01,2.498757481701437307e-03,0.000000000000000000e+00
3.547544086333333513e-01,2.497378987632826400e-03,0.000000000000000000e+00
3.572526791166666937e-01,2.496043416979286042e-03,0.000000000000000000e+00
3.597509495999999807e-01,2.494749686559941376e-03,0.000000000000000000e+00
3.622492200833333231e-01,2.493496750780605214e-03,0.000000000000000000e+00
3.647474905666666656e-01,2.492283599629436467e-03,0.000000000000000000e+00
3.672457610500000080e-01,2.491109257690858701e-03,0.000000000000000000e+00
3.697440315333333505e-01,2.489972782294726412e-03,0.000000000000000000e+00
3.722423020166666929e-01,2.488873262652363354e-03,0.000000000000000000e+00
3.747405724999999799e-01,2.487809818143566030e-03,0.000000000000000000e+00
3.772388429833333223e-01,2.486781597560440774e-03,0.000000000000000000e+00
3.797371134666666648e-01,2.485787777519779182e-03,0.000000000000000000e+00
3.822353839500000072e-01,2.484827561802443758e-03,0.000000000000000000e+00
3.847336544333333497e-01,2.483900179880128411e-03,0.000000000000000000e+00
3.872319249166666921e-01,2.483004886338890330e-03,0.000000000000000000e+00
3.897301953999999791e-01,2.482140959509031124e-03,0.000000000000000000e+00
3.922284658833333215e-01,2.481307700965146908e-03,0.000000000000000000e+00
3.947267363666666640e-01,2.480504434249357522e-03,0.000000000000000000e+00
3.972250068500000064e-01,2.479730504438596665e-03,0.000000000000000000e+00
3.997232773333333489e-01,2.478985276953119682e-03,0.000000000000000000e+00
4.022215478166666913e-01,2.478268137185054600e-03,0.000000000000000000e+00
4.047198182999999783e-01,2.477578489383061664e-03,0.000000000000000000e+00
4.072180887833333207e-01,2.476915756336267593e-03,0.000000000000000000e+00
4.097163592666666632e-01,2.476279378328524391e-03,0.000000000000000000e+00
4.122146297500000056e-01,2.475668812871492652e-03,0.000000000000000000e+00
4.147129002333333481e-01,2.475083533722913405e-03,0.000000000000000000e+00
4.172111707166666905e-01,2.474523030663566912e-03,0.000000000000000000e+00
4.197094411999999775e-01,2.473986808574153012e-03,0.000000000000000000e+00
4.222077116833333199e-01,2.473474387250868770e-03,0.000000000000000000e+00
4.247059821666666624e-01,2.472985300537086564e-03,0.000000000000000000e+00
4.272042526500000048e-01,2.472519096173392012e-03,0.000000000000000000e+00
4.297025231333333473e-01,2.472075334978445383e-03,0.000000000000000000e+00
4.322007936166666897e-01,2.471653590730597989e-03,0.000000000000000000e+00
4.346990640999999767e-01,2.471253449394584557e-03,0.000000000000000000e+00
4.371973345833333191e-01,2.470874509030666650e-03,0.000000000000000000e+00
4.396956050666666616e-01,2.470516379063281056e-03,0.000000000000000000e+00
4.421938755500000040e-01,2.470178680215595179e-03,0.000000000000000000e+00
4.446921460333333465e-01,2.469861043816587356e-03,0.000000000000000000e+00
4.471904165166666889e-01,2.469563111758047835e-03,0.000000000000000000e+00
4.496886869999999758e-01,2.469284535837078676e-03,0.000000000000000000e+00
4.521869574833333183e-01,2.469024977734244480e-03,0.000000000000000000e+00
4.546852279666666607e-01,2.468784108387960408e-03,0.000000000000000000e+00
4.571834984500000032e-01,2.468561607990918654e-03,0.000000000000000000e+00
4.596817689333333457e-01,2.468357165395369725e-03,0.000000000000000000e+00
4.621800394166666881e-01,2.468170478125414694e-03,0.000000000000000000e+00
4.646783098999999750e-01,2.468001251810975766e-03,0.000000000000000000e+00
4.671765803833333175e-01,2.467849200214071708e-03,0.000000000000000000e+00
4.696748508666666599e-01,2.467714044689072513e-03,0.000000000000000000e+00
4.721731213500000024e-01,2.467595514222205560e-03,0.000000000000000000e+00
4.746713918333333448e-01,2.467493344916336234e-03,0.000000000000000000e+00
4.771696623166666873e-01,2.467407280041598438e-03,0.000000000000000000e+00
4.796679327999999742e-01,2.467337069543066620e-03,0.000000000000000000e+00
4.821662032833333167e-01,2.467282470101776412e-03,0.000000000000000000e+00
4.846644737666666591e-01,2.467243244663822228e-03,0.000000000000000000e+00
4.871627442500000016e-01,2.467219162510120908e-03,0.000000000000000000e+00
4.896610147333333440e-01,2.467209998805216641e-03,0.000000000000000000e+00
4.921592852166666865e-01,2.467215534675999689e-03,0.000000000000000000e+00
4.946575557000000289e-01,2.467235556778042856e-03,0.000000000000000000e+00
4.971558261833333159e-01,2.467269857382232718e-03,0.000000000000000000e+00
4.996540966666666583e-01,2.467318233958075598e-03,0.000000000000000000e+00
5.021523671500000008e-01,2.467380489266843106e-03,0.000000000000000000e+00
5.046506376333332877e-01,2.467456430961377078e-03,0.000000000000000000e+00
5.071489081166666857e-01,2.467545871684340836e-03,0.000000000000000000e+00
5.096471785999999726e-01,2.467648628683610183e-03,0.000000000000000000e+00
5.121454490833333706e-01,2.467764523915538018e-03,0.000000000000000000e+00
5.146437195666666575e-01,2.467893383674517587e-03,0.000000000000000000e+00
5.171419900500000555e-01,2.468035038700591710e-03,0.000000000000000000e+00
5.196402605333333424e-01,2.468189323822539936e-03,0.000000000000000000e+00
5.221385310166666294e-01,2.468356078069462028e-03,0.000000000000000000e+00
5.246368015000000273e-01,2.468535144326126571e-03,0.000000000000000000e+00
5.271350719833333143e-01,2.468726369448261994e-03,0.000000000000000000e+00
5.296333424666667122e-01,2.468929603929591148e-03,0.000000000000000000e+00
5.321316129499999992e-01,2.469144702020222275e-03,0.000000000000000000e+00
5.346298834333332861e-01,2.469371521404595433e-03,0.000000000000000000e+00
5.371281539166666841e-01,2.469609923322765247e-03,0.000000000000000000e+00
5.396264243999999710e-01,2.469859772258453396e-03,0.000000000000000000e+00
5.421246948833333690e-01,2.470120936062911339e-03,0.000000000000000000e+00
5.446229653666666559e-01,2.470393285653024653e-03,0.000000000000000000e+00
5.471212358500000539e-01,2.470676695136396570e-03,0.000000000000000000e+00
5.496195063333333408e-01,2.470971041519421339e-03,0.000000000000000000e+00
5.521177768166666278e-01,2.471276204833669238e-03,0.000000000000000000e+00
5.546160473000000257e-01,2.471592067853213386e-03,0.000000000000000000e+00
5.571143177833333127e-01,2.471918516221811423e-03,0.000000000000000000e+00
5.596125882666667106e-01,2.472255438178895103e-03,0.000000000000000000e+00
5.621108587499999976e-01,2.472602724687822297e-03,0.000000000000000000e+00
5.646091292333332845e-01,2.472960269170160728e-03,0.000000000000000000e+00
5.671073997166666825e-01,2.473327967634112150e-03,0.000000000000000000e+00
5.696056701999999694e-01,2.473705718416504325e-03,0.000000000000000000e+00
5.721039406833333674e-01,2.474093422312733086e-03,0.000000000000000000e+00
5.746022111666666543e-01,2.474490982324850565e-03,0.000000000000000000e+00
5.771004816500000523e-01,2.474898303792404542e-03,9.348582643834194876e-06
5.795987521333333392e-01,2.475315294147552303e-03,1.869716528766797640e-05
5.820970226166666261e-01,2.475741863045754273e-03,2.804574793150175623e-05
5.845952931000000241e-01,2.476177922127993300e-03,3.739433057533595280e-05
5.870935635833333111e-01,2.476623385151164279e-03,4.674291321916973263e-05
5.895918340666667090e-01,2.477078167756476424e-03,5.609149586300392581e-05
5.920901045499999960e-01,2.477542187600056262e-03,6.544007850683770564e-05
5.945883750333332829e-01,2.478015364127268347e-03,7.478866115067148547e-05
5.970866455166666809e-01,2.478497618703248435e-03,8.413724379450568543e-05
5.995849159999999678e-01,2.478988874392564976e-03,9.348582643833946526e-05
6.020831864833333658e-01,2.479489056089738408e-03,1.386965873660913132e-04
6.045814569666666527e-01,2.479998090304613365e-03,1.839073482938411146e-04
6.070797274500000507e-01,2.480515905291911290e-03,2.291181092215929761e-04
6.095779979333333376e-01,2.481042430842164605e-03,2.743288701493427776e-04
6.120762684166666245e-01,2.481577598410986130e-03,3.195396310770926332e-04
6.145745389000000225e-01,2.482121340914555160e-03,3.647503920048444405e-04
6.170728093833333094e-01,2.482673592858535179e-03,4.099611529325942420e-04
6.195710798666667074e-01,2.483234290138535121e-03,4.551719138603461034e-04
6.220693503499999943e-01,2.483803370168180102e-03,5.003826747880959049e-04
6.245676208333332813e-01,2.484380771684220439e-03,5.455934357158458148e-04
6.270658913166666792e-01,2.484966434873953599e-03,6.263588684292829487e-04
6.295641617999999662e-01,2.485560301184629260e-03,7.071243011427181310e-04
6.320624322833333641e-01,2.486162313450230709e-03,7.878897338561568911e-04
6.345607027666666511e-01,2.486772415705211514e-03,8.686551665695920734e-04
6.370589732500000490e-01,2.487390553310190548e-03,9.494205992830308336e-04
6.395572437333333360e-01,2.488016672769912709e-03,1.030186031996466016e-03
6.420555142166666229e-01,2.488650721858372793e-03,1.110951464709901198e-03
6.445537847000000209e-01,2.489292649440161091e-03,1.191716897423339850e-03
6.470520551833333078e-01,2.489942405595062941e-03,1.272482330136775249e-03
6.495503256666667058e-01,2.490599941443006910e-03,1.353247762850213901e-03
6.520485961499999927e-01,2.491265209268005154e-03,1.454758091278840612e-03
6.545468666333333907e-01,2.491938162346538088e-03,1.556268419707472093e-03
6.570451371166666776e-01,2.492618755070093086e-03,1.657778748136098804e-03
6.595434075999999646e-01,2.493306942777975734e-03,1.759289076564725732e-03
6.620416780833333625e-01,2.494002681878429526e-03,1.860799404993356779e-03
6.645399485666666495e-01,2.494705929684522781e-03,1.962309733421983490e-03
6.670382190500000474e-01,2.495416644534648176e-03,2.063820061850614972e-03
6.695364895333333344e-01,2.496134785631428082e-03,2.165330390279241683e-03
6.720347600166666213e-01,2.496860313161453418e-03,2.266840718707868393e-03
6.745330305000000193e-01,2.497593188137160573e-03,2.368351047136499875e-03
6.770313009833333062e-01,2.498333372515493863e-03,2.470977144435661851e-03
6.795295714666667042e-01,2.499080829042884134e-03,2.573603241734828597e-03
6.820278419499999911e-01,2.499835521372868220e-03,2.676229339033990573e-03
6.845261124333333891e-01,2.500597413914152755e-03,2.778855436333156886e-03
6.870243829166666760e-01,2.501366471946695359e-03,2.881481533632318862e-03
6.895226533999999630e-01,2.502142661472971617e-03,2.984107630931481271e-03
6.920209238833333609e-01,2.502925949333157686e-03,3.086733728230647584e-03
6.945191943666666479e-01,2.503716303058759092e-03,3.189359825529809560e-03
6.970174648500000458e-01,2.504513690986687885e-03,3.291985922828976306e-03
6.995157353333333328e-01,2.505318082115878201e-03,3.394612020128138282e-03
7.020140058166666197e-01,2.506129446220311304e-03,3.480560474671471130e-03
7.045122763000000177e-01,2.506947753707650800e-03,3.566508929214807447e-03
7.070105467833333046e-01,2.507772975731638408e-03,3.652457383758140295e-03
7.095088172666667026e-01,2.508605084053294396e-03,3.738405838301477047e-03
7.120070877499999895e-01,2.509444051151884375e-03,3.824354292844809461e-03
7.145053582333333875e-01,2.510289850088681923e-03,3.910302747388146212e-03
7.170036287166666744e-01,2.511142454616865482e-03,3.996251201931479494e-03
7.195018991999999614e-01,2.512001839047747764e-03,4.082199656474811908e-03
7.220001696833333593e-01,2.512867978359370306e-03,4.168148111018148659e-03
7.244984401666666463e-01,2.513740848065102070e-03,4.254096565561481073e-03
7.269967106500000442e-01,2.514620424320929918e-03,4.311106904521415546e-03
7.294949811333333312e-01,2.515506683796779868e-03,4.368117243481347417e-03
7.319932516166666181e-01,2.516399603782438869e-03,4.425127582441280155e-03
7.344915221000000161e-01,2.517299162060654145e-03,4.482137921401214628e-03
7.369897925833333030e-01,2.518205337012406186e-03,4.539148260361146499e-03
7.394880630666667010e-01,2.519118107492054198e-03,4.596158599321080972e-03
7.419863335499999879e-01,2.520037452931696634e-03,4.653168938281012842e-03
7.444846040333333859e-01,2.520963353217879621e-03,4.710179277240948183e-03
7.469828745166666728e-01,2.521895788795021180e-03,4.767189616200880053e-03
7.494811449999999597e-01,2.522834740544296298e-03,4.824199955160811924e-03
7.519794154833333577e-01,2.523780189886060642e-03,4.846734654701428599e-03
7.544776859666666446e-01,2.524732118660268261e-03,4.869269354242041804e-03
7.569759564500000426e-01,2.525690509228031844e-03,4.891804053782656744e-03
7.594742269333333295e-01,2.526655344354011498e-03,4.914338753323270817e-03
7.619724974166666165e-01,2.527626607307076854e-03,4.936873452863884022e-03
7.644707679000000144e-01,2.528604281743768774e-03,4.959408152404498962e-03
7.669690383833333014e-01,2.529588351808578946e-03,4.981942851945113035e-03
7.694673088666666994e-01,2.530578802019317619e-03,5.004477551485727975e-03
7.719655793499999863e-01,2.531575617365827615e-03,5.027012251026341180e-03
7.744638498333333843e-01,2.532578783197314467e-03,5.049546950566956120e-03
7.769621203166666712e-01,2.533588285319806222e-03,5.038174419842855224e-03
7.794603907999999581e-01,2.534604109885733522e-03,5.026801889118753461e-03
7.819586612833333561e-01,2.535626243490048896e-03,5.015429358394651697e-03
7.844569317666666430e-01,2.536654673061225409e-03,5.004056827670550801e-03
7.869552022500000410e-01,2.537689385956474336e-03,4.992684296946449038e-03
7.894534727333333279e-01,2.538730369854483738e-03,4.981311766222347275e-03
7.919517432166666149e-01,2.539777612849671625e-03,4.969939235498246378e-03
7.944500137000000128e-01,2.540831103346389078e-03,4.958566704774144615e-03
7.969482841833332998e-01,2.541890830152026323e-03,4.947194174050042852e-03
7.994465546666666977e-01,2.542956782373045552e-03,4.935821643325941088e-03
8.019448251499999847e-01,2.544028949507060912e-03,4.895585422149915759e-03
8.044430956333333826e-01,2.545107321339901748e-03,4.855349200973889563e-03
8.069413661166666696e-01,2.546191888037111026e-03,4.815112979797864234e-03
8.094396365999999565e-01,2.547282640042690394e-03,4.774876758621839773e-03
8.119379070833333545e-01,2.548379568169313603e-03,4.734640537445812709e-03
8.144361775666666414e-01,2.549482663498480600e-03,4.694404316269787381e-03
8.169344480500000394e-01,2.550591917469567389e-03,4.654168095093761184e-03
8.194327185333333263e-01,2.551707321781867058e-03,4.613931873917735856e-03
8.219309890166667243e-01,2.552828868482746264e-03,4.573695652741709659e-03
8.244292595000000112e-01,2.553956549870179359e-03,4.533459431565684331e-03
8.269275299833332982e-01,2.555090358580979024e-03,4.471965126355064921e-03
8.294258004666666961e-01,2.556230287494282768e-03,4.410470821144442041e-03
8.319240709499999831e-01,2.557376329818394044e-03,4.348976515933822631e-03
8.344223414333333810e-01,2.558528478996165666e-03,4.287482210723199752e-03
8.369206119166666680e-01,2.559686728790896374e-03,4.225987905512580342e-03
8.394188823999999549e-01,2.560851073192849624e-03,4.164493600301960932e-03
8.419171528833333529e-01,2.562021506504091536e-03,4.102999295091338053e-03
8.444154233666666398e-01,2.563198023246342390e-03,4.041504989880718643e-03
8.469136938500000378e-01,2.564380618245037848e-03,3.980010684670095764e-03
8.494119643333333247e-01,2.565569286538367869e-03,3.918516379459476354e-03
8.519102348166667227e-01,2.566764023460464499e-03,3.844279882612293073e-03
8.544085053000000096e-01,2.567964824551532792e-03,3.770043385765113261e-03
8.569067757833332966e-01,2.569171685639918407e-03,3.695806888917933450e-03
8.594050462666666945e-01,2.570384602754081232e-03,3.621570392070750169e-03
8.619033167499999815e-01,2.571603572203757463e-03,3.547333895223570358e-03
8.644015872333333794e-01,2.572828590491908068e-03,3.473097398376387510e-03
8.668998577166666664e-01,2.574059654396313682e-03,3.398860901529207265e-03
8.693981281999999533e-01,2.575296760882333190e-03,3.324624404682027454e-03
8.718963986833333513e-01,2.576539907183101729e-03,3.250387907834844606e-03
8.743946691666666382e-01,2.577789090714332348e-03,3.176151410987664361e-03
8.768929396500000362e-01,2.579044309152841302e-03,3.097488292851891846e-03
8.793912101333333231e-01,2.580305560352615622e-03,3.018825174716122366e-03
8.818894806166667211e-01,2.581572842422898660e-03,2.940162056580348984e-03
8.843877511000000080e-01,2.582846153645123721e-03,2.861498938444579504e-03
8.868860215833332949e-01,2.584125492549891549e-03,2.782835820308810024e-03
8.893842920666666929e-01,2.585410857835028931e-03,2.704172702173037075e-03
8.918825625499999799e-01,2.586702248442346742e-03,2.625509584037267596e-03
8.943808330333333778e-01,2.587999663476210285e-03,2.546846465901494647e-03
8.968791035166666648e-01,2.589303102278969412e-03,2.468183347765724733e-03
8.993773739999999517e-01,2.590612564351779234e-03,2.389520229629955254e-03
9.018756444833333497e-01,2.591928049428590414e-03,2.313980272976047785e-03
9.043739149666666366e-01,2.593249557397363236e-03,2.238440316322143787e-03
9.068721854500000346e-01,2.594577088374485068e-03,2.162900359668236752e-03
9.093704559333333215e-01,2.595910642626068129e-03,2.087360403014332753e-03
9.118687264166667195e-01,2.597250220641767610e-03,2.011820446360425285e-03
9.143669969000000064e-01,2.598595823057321501e-03,1.936280489706521503e-03
9.168652673833332933e-01,2.599947450727298388e-03,1.860740533052617504e-03
9.193635378666666913e-01,2.601305104648763983e-03,1.785200576398710253e-03
9.218618083499999782e-01,2.602668786033084797e-03,1.709660619744806254e-03
9.243600788333333762e-01,2.604038496230593434e-03,1.634120663090899003e-03
9.268583493166666631e-01,2.605414236801922162e-03,1.568246799619515052e-03
9.293566197999999501e-01,2.606796009443091908e-03,1.502372936148131102e-03
9.318548902833333480e-01,2.608183816056301556e-03,1.436499072676744333e-03
9.343531607666666350e-01,2.609577658676284599e-03,1.370625209205360382e-03
9.368514312500000329e-01,2.610977539539589224e-03,1.304751345733973396e-03
9.393497017333333199e-01,2.612383461012294985e-03,1.238877482262589445e-03
9.418479722166667178e-01,2.613795425659191408e-03,1.173003618791202459e-03
9.443462427000000048e-01,2.615213436170723150e-03,1.107129755319818509e-03
9.468445131833332917e-01,2.616637495432898048e-03,1.041255891848434558e-03
9.493427836666666897e-01,2.618067606454796501e-03,9.753820283770477887e-04
9.518410541499999766e-01,2.619503772437085237e-03,9.244492386553719793e-04
9.543393246333333746e-01,2.620945996701373303e-03,8.735164489336938931e-04
9.568375951166666615e-01,2.622394282757128589e-03,8.225836592120180837e-04
9.593358655999999485e-01,2.623848634232322282e-03,7.716508694903423827e-04
9.618341360833333464e-01,2.625309054939701375e-03,7.207180797686642965e-04
9.643324065666666334e-01,2.626775548807976091e-03,6.697852900469884871e-04
9.668306770500000313e-01,2.628248119947533806e-03,6.188525003253105092e-04
9.693289475333333183e-01,2.629726772582294345e-03,5.679197106036345914e-04
9.718272180166667162e-01,2.631211511115199696e-03,5.169869208819565052e-04
9.743254885000000032e-01,2.632702340060633084e-03,4.660541311602808042e-04
9.768237589833332901e-01,2.634199264108546927e-03,4.334460087652632380e-04
9.793220294666666881e-01,2.635702288058457913e-03,4.008378863702442623e-04
9.818202999499999750e-01,2.637211416883205456e-03,3.682297639752266961e-04
9.843185704333333730e-01,2.638726655662709548e-03,3.356216415802077205e-04
9.868168409166666599e-01,2.640248009647553577e-03,3.030135191851901543e-04
9.893151114000000579e-01,2.641775484193798623e-03,2.704053967901711786e-04
9.918133818833333448e-01,2.643309084825476874e-03,2.377972743951536395e-04
9.943116523666666318e-01,2.644848817170278484e-03,2.051891520001361004e-04
9.968099228500000297e-01,2.646394687021484671e-03,1.725810296051171248e-04
9.993081933333333167e-01,2.647946700274201887e-03,1.399729072100995586e-04
1.001806463816666604e+00,2.649504862987019527e-03,1.259756164890891202e-04
1.004304734300000002e+00,2.651069181318641780e-03,1.119783257680789530e-04
1.006803004783333400e+00,2.652639661588810250e-03,9.798103504706877213e-05
1.009301275266666575e+00,2.654216310215935879e-03,8.398374432605983813e-05
1.011799545749999973e+00,2.655799133777517630e-03,6.998645360504965730e-05
1.014297816233333371e+00,2.657388138948179029e-03,5.598916288403947648e-05
1.016796086716666769e+00,2.658983332559225997e-03,4.199187216302929565e-05
1.019294357199999945e+00,2.660584721538031272e-03,2.799458144202036165e-05
1.021792627683333343e+00,2.662192312966766942e-03,1.399729072101016727e-05
1.024290898166666741e+00,2.663806114022006146e-03,0.000000000000000000e+00
1.026789168649999917e+00,2.665426132033392719e-03,0.000000000000000000e+00
1.029287439133333315e+00,2.667052374423843544e-03,0.000000000000000000e+00
1.031785709616666713e+00,2.668684848767263230e-03,0.000000000000000000e+00
1.034283980100000111e+00,2.670323562729685386e-03,0.000000000000000000e+00
1.036782250583333287e+00,2.671968524126691960e-03,0.000000000000000000e+00
1.039280521066666685e+00,2.673619740864603515e-03,0.000000000000000000e+00
1.041778791550000083e+00,2.675277220997649211e-03,0.000000000000000000e+00
1.044277062033333259e+00,2.676940972669598125e-03,0.000000000000000000e+00
1.046775332516666657e+00,2.678611004170750997e-03,0.000000000000000000e+00
1.049273603000000055e+00,2.680287323880088061e-03,0.000000000000000000e+00
1.051771873483333231e+00,2.681969940321174417e-03,1.054403211007854874e-05
1.054270143966666629e+00,2.683658862105579423e-03,2.108806422015803599e-05
1.056768414450000027e+00,2.685354097987932478e-03,3.163209633023751985e-05
1.059266684933333424e+00,2.687055656809800817e-03,4.217612844031700710e-05
1.061764955416666600e+00,2.688763547554877138e-03,5.272016055039555922e-05
1.064263225899999998e+00,2.690477779292578964e-03,6.326419266047503970e-05
1.066761496383333396e+00,2.692198361232997321e-03,7.380822477055452694e-05
1.069259766866666572e+00,2.693925302671576396e-03,8.435225688063307907e-05
1.071758037349999970e+00,2.695658613042872190e-03,9.489628899071256632e-05
1.074256307833333368e+00,2.697398301866119931e-03,1.054403211007920536e-04
1.076754578316666766e+00,2.699144378798532581e-03,1.464955222563192041e-04
1.079252848799999942e+00,2.700896853581151880e-03,1.875507234118426955e-04
1.081751119283333340e+00,2.702655736091996372e-03,2.286059245673698460e-04
1.084249389766666738e+00,2.704421036292186959e-03,2.696611257228969695e-04
1.086747660249999914e+00,2.706192764278734543e-03,3.107163268784204338e-04
1.089245930733333312e+00,2.707970930231218525e-03,3.517715280339476385e-04
1.091744201216666710e+00,2.709755544463839788e-03,3.928267291894747349e-04
1.094242471700000108e+00,2.711546617373199446e-03,4.338819303450018854e-04
1.096740742183333284e+00,2.713344159489164409e-03,4.749371315005254039e-04
1.099239012666666682e+00,2.715148181423526503e-03,5.159923326560525002e-04
1.101737283150000080e+00,2.716958693920782601e-03,5.967652957505418642e-04
1.104235553633333256e+00,2.718775707806345317e-03,6.775382588450240724e-04
1.106733824116666653e+00,2.720599234037726025e-03,7.583112219395135448e-04
1.109232094600000051e+00,2.722429283653017909e-03,8.390841850340029088e-04
1.111730365083333227e+00,2.724265867821331309e-03,9.198571481284852254e-04
1.114228635566666625e+00,2.726108997792048728e-03,1.000630111222974589e-03
1.116726906050000023e+00,2.727958684944768817e-03,1.081403074317463953e-03
1.119225176533333421e+00,2.729814940739095676e-03,1.162176037411953317e-03
1.121723447016666597e+00,2.731677776764049412e-03,1.242949000506435525e-03
1.124221717499999995e+00,2.733547204688159885e-03,1.323721963600924889e-03
1.126719987983333393e+00,2.735423236308825654e-03,1.442194263591354414e-03
1.129218258466666569e+00,2.737305883502754236e-03,1.560666563581773313e-03
1.131716528949999967e+00,2.739195158274602450e-03,1.679138863572202838e-03
1.134214799433333365e+00,2.741091072708381170e-03,1.797611163562632362e-03
1.136713069916666763e+00,2.742993639015266910e-03,1.916083463553061670e-03
1.139211340399999939e+00,2.744902869485396895e-03,2.034555763543480569e-03
1.141709610883333337e+00,2.746818776535738318e-03,2.153028063533910311e-03
1.144207881366666735e+00,2.748741372662014387e-03,2.271500363524339618e-03
1.146706151849999911e+00,2.750670670486112575e-03,2.389972663514758518e-03
1.149204422333333309e+00,2.752606682708636041e-03,2.508444963505188259e-03
1.151702692816666707e+00,2.754549422155717735e-03,2.652358942286641135e-03
1.154200963300000105e+00,2.756498901732175929e-03,2.796272921068094445e-03
1.156699233783333280e+00,2.758455134467942792e-03,2.940186899849534744e-03
1.159197504266666678e+00,2.760418133471297542e-03,3.084100878630987620e-03
1.161695774750000076e+00,2.762387911975527910e-03,3.228014857412440930e-03
1.164194045233333252e+00,2.764364483291913057e-03,3.371928836193881229e-03
1.166692315716666650e+00,2.766347860856311746e-03,3.515842814975334539e-03
1.169190586200000048e+00,2.768338058183048185e-03,3.659756793756786981e-03
1.171688856683333446e+00,2.770335088910121958e-03,3.803670772538240291e-03
1.174187127166666622e+00,2.772338966754058377e-03,3.947584751319680590e-03
1.176685397650000020e+00,2.774349705555013024e-03,4.096981536154217785e-03
1.179183668133333418e+00,2.776367319231369708e-03,4.246378320988754111e-03
1.181681938616666594e+00,2.778391821825055771e-03,4.395775105823278295e-03
1.184180209099999992e+00,2.780423227456019046e-03,4.545171890657815489e-03
1.186678479583333390e+00,2.782461550367823760e-03,4.694568675492351816e-03
1.189176750066666566e+00,2.784506804881966592e-03,4.843965460326875999e-03
1.191675020549999964e+00,2.786559005443130840e-03,4.993362245161412326e-03
1.194173291033333362e+00,2.788618166574406698e-03,5.142759029995949520e-03
1.196671561516666760e+00,2.790684302921507629e-03,5.292155814830485847e-03
1.199169831999999936e+00,2.792757429209012827e-03,5.441552599665010030e-03
1.201668102483333334e+00,2.794837560283621684e-03,5.572647374567606983e-03
1.204166372966666732e+00,2.796924711071180781e-03,5.703742149470204803e-03
1.206664643449999907e+00,2.799018896619611795e-03,5.834836924372790480e-03
1.209162913933333305e+00,2.801120132056014386e-03,5.965931699275387433e-03
1.211661184416666703e+00,2.803228432629429299e-03,6.097026474177985253e-03
1.214159454900000101e+00,2.805343813668415703e-03,6.228121249080582206e-03
1.216657725383333277e+00,2.807466290623282165e-03,6.359216023983167883e-03
1.219155995866666675e+00,2.809595879024105909e-03,6.490310798885764836e-03
1.221654266350000073e+00,2.811732594522596464e-03,6.621405573788362656e-03
1.224152536833333249e+00,2.813876452850350846e-03,6.752500348690947465e-03
1.226650807316666647e+00,2.816027469860923199e-03,6.842371107695283117e-03
1.229149077800000045e+00,2.818185661487769469e-03,6.932241866699615299e-03
1.231647348283333443e+00,2.820351043786245484e-03,7.022112625703947481e-03
1.234145618766666619e+00,2.822523632892124951e-03,7.111983384708270989e-03
1.236643889250000017e+00,2.824703445062772249e-03,7.201854143712603171e-03
1.239142159733333415e+00,2.826890496636606711e-03,7.291724902716935353e-03
1.241640430216666591e+00,2.829084804073429306e-03,7.381595661721258861e-03
1.244138700699999989e+00,2.831286383914422521e-03,7.471466420725591043e-03
1.246636971183333387e+00,2.833495252822447116e-03,7.561337179729922357e-03
1.249135241666666563e+00,2.835711427541894557e-03,7.651207938734246733e-03
1.251633512149999961e+00,2.837934924939009788e-03,7.682540013081195704e-03
1.254131782633333358e+00,2.840165761961895886e-03,7.713872087428139471e-03
1.256630053116666756e+00,2.842403955680657297e-03,7.745204161775084105e-03
1.259128323599999932e+00,2.844649523247641705e-03,7.776536236122025270e-03
1.261626594083333330e+00,2.846902481937229386e-03,7.807868310468969036e-03
1.264124864566666728e+00,2.849162849106544326e-03,7.839200384815912803e-03
1.266623135049999904e+00,2.851430642234863231e-03,7.870532459162854835e-03
1.269121405533333302e+00,2.853705878884800658e-03,7.901864533509798602e-03
1.271619676016666700e+00,2.855988576741090926e-03,7.933196607856742369e-03
1.274117946500000098e+00,2.858278753572431139e-03,7.964528682203686136e-03
1.276616216983333274e+00,2.860576427269666787e-03,7.929550916897579182e-03
1.279114487466666672e+00,2.862881615808049365e-03,7.894573151591468760e-03
1.281612757950000070e+00,2.865194337285514783e-03,7.859595386285358337e-03
1.284111028433333246e+00,2.867514609884581032e-03,7.824617620979251384e-03
1.286609298916666644e+00,2.869842451910804837e-03,7.789639855673140094e-03
1.289107569400000042e+00,2.872177881754949067e-03,7.754662090367029671e-03
1.291605839883333440e+00,2.874520917930726421e-03,7.719684325060919249e-03
1.294104110366666616e+00,2.876871579037972981e-03,7.684706559754812295e-03
1.296602380850000014e+00,2.879229883799830272e-03,7.649728794448701873e-03
1.299100651333333412e+00,2.881595851025594429e-03,7.614751029142591450e-03
1.301598921816666588e+00,2.883969499648577402e-03,7.517547319505224653e-03
1.304097192299999985e+00,2.886350848688658179e-03,7.420343609867849181e-03
1.306595462783333383e+00,2.888739917290208178e-03,7.323139900230473710e-03
1.309093733266666781e+00,2.891136724684640301e-03,7.225936190593098239e-03
1.311592003749999957e+00,2.893541290228183842e-03,7.128732480955731442e-03
1.314090274233333355e+00,2.895953633364880229e-03,7.031528771318355971e-03
1.316588544716666753e+00,2.898373773663647131e-03,6.934325061680980500e-03
1.319086815199999929e+00,2.900801730782163242e-03,6.837121352043613702e-03
1.321585085683333327e+00,2.903237524503189497e-03,6.739917642406238231e-03
1.324083356166666725e+00,2.905681174698929170e-03,6.642713932768862760e-03
1.326581626649999901e+00,2.908132701367053315e-03,6.499290728646960058e-03
1.329079897133333299e+00,2.910592124595416490e-03,6.355867524525044346e-03
1.331578167616666697e+00,2.913059464597726137e-03,6.212444320403127766e-03
1.334076438100000095e+00,2.915534741678435255e-03,6.069021116281212054e-03
1.336574708583333271e+00,2.918017976268353665e-03,5.925597912159309352e-03
1.339072979066666669e+00,2.920509188890133088e-03,5.782174708037393640e-03
1.341571249550000067e+00,2.923008400192634616e-03,5.638751503915477928e-03
1.344069520033333243e+00,2.925515630917152783e-03,5.495328299793574359e-03
1.346567790516666641e+00,2.928030901932613967e-03,5.351905095671658646e-03
1.349066061000000039e+00,2.930554234200614776e-03,5.208481891549742934e-03
1.351564331483333437e+00,2.933085648810443077e-03,5.044282715728726912e-03
1.354062601966666612e+00,2.935625166945301200e-03,4.880083539907725636e-03
1.356560872450000010e+00,2.938172809916379368e-03,4.715884364086709614e-03
1.359059142933333408e+00,2.940728599129966651e-03,4.551685188265692725e-03
1.361557413416666584e+00,2.943292556120518690e-03,4.387486012444691448e-03
1.364055683899999982e+00,2.945864702518063115e-03,4.223286836623675426e-03
1.366553954383333380e+00,2.948445060082097776e-03,4.059087660802659404e-03
1.369052224866666778e+00,2.951033650667930167e-03,3.894888484981643383e-03
1.371550495349999954e+00,2.953630496261107352e-03,3.730689309160642106e-03
1.374048765833333352e+00,2.956235618943935366e-03,3.566490133339626084e-03
1.376547036316666750e+00,2.958849040929314566e-03,3.411415101574035748e-03
1.379045306799999926e+00,2.961470784528089095e-03,3.256340069808459723e-03
1.381543577283333324e+00,2.964100872181578590e-03,3.101265038042869387e-03
1.384041847766666722e+00,2.966739326430648058e-03,2.946190006277279484e-03
1.386540118249999898e+00,2.969386169947288087e-03,2.791114974511703026e-03
1.389038388733333296e+00,2.972041425503153030e-03,2.636039942746112689e-03
1.391536659216666694e+00,2.974705116002446161e-03,2.480964910980522787e-03
1.394034929700000092e+00,2.977377264449745323e-03,2.325889879214932451e-03
1.396533200183333268e+00,2.980057893982413636e-03,2.170814847449356426e-03
1.399031470666666666e+00,2.982747027839433018e-03,2.015739815683766090e-03
1.401529741150000063e+00,2.985444689393756349e-03,1.897086588492658118e-03
1.404028011633333239e+00,2.988150902119895459e-03,1.778433361301560989e-03
1.406526282116666637e+00,2.990865689627340580e-03,1.659780134110453017e-03
1.409024552600000035e+00,2.993589075628801457e-03,1.541126906919345046e-03
1.411522823083333433e+00,2.996321083971844809e-03,1.422473679728237291e-03
1.414021093566666609e+00,2.999061738608266477e-03,1.303820452537139945e-03
1.416519364050000007e+00,3.001811063626259272e-03,1.185167225346032190e-03
1.419017634533333405e+00,3.004569083218600316e-03,1.066513998154924002e-03
1.421515905016666581e+00,3.007335821714760774e-03,9.478607709638268725e-04
1.424014175499999979e+00,3.010111303550571608e-03,8.292075437727187926e-04
1.426512445983333377e+00,3.012895553299272094e-03,7.632415408600021905e-04
1.429010716466666775e+00,3.015688595641169943e-03,6.972755379472854800e-04
1.431508986949999951e+00,3.018490455394988621e-03,6.313095350345748411e-04
1.434007257433333349e+00,3.021301157487468921e-03,5.653435321218581305e-04
1.436505527916666747e+00,3.024120726984418778e-03,4.993775292091415284e-04
1.439003798399999923e+00,3.026949189060908121e-03,4.334115262964307810e-04
1.441502068883333321e+00,3.029786569031962633e-03,3.674455233837141247e-04
1.444000339366666719e+00,3.032632892322698753e-03,3.014795204709974684e-04
1.446498609850000117e+00,3.035488184499315813e-03,2.355135175582808663e-04
1.448996880333333293e+00,3.038352471239051493e-03,1.695475146455701731e-04
1.451495150816666690e+00,3.041225778360936299e-03,1.525927631810128577e-04
1.453993421300000088e+00,3.044108131796373958e-03,1.356380117164555422e-04
1.456491691783333264e+00,3.046999557619329505e-03,1.186832602518997175e-04
1.458989962266666662e+00,3.049900082017624383e-03,1.017285087873424020e-04
1.461488232750000060e+00,3.052809731321936247e-03,8.477375732278508657e-05
1.463986503233333236e+00,3.055728531978281915e-03,6.781900585822927543e-05
1.466484773716666634e+00,3.058656510576451652e-03,5.086425439367194641e-05
1.468983044200000032e+00,3.061593693822521611e-03,3.390950292911463094e-05
1.471481314683333430e+00,3.064540108567589093e-03,1.695475146455731547e-05
1.473979585166666606e+00,3.067495781780013066e-03,1.490777987167568597e-18
1.476477855650000004e+00,3.070460740574328107e-03,0.000000000000000000e+00
1.478976126133333402e+00,3.073435012183428107e-03,0.000000000000000000e+00
1.481474396616666578e+00,3.076418623987064310e-03,0.000000000000000000e+00
1.483972667099999976e+00,3.079411603484944956e-03,0.000000000000000000e+00
1.486470937583333374e+00,3.082413978324557643e-03,0.000000000000000000e+00
1.488969208066666772e+00,3.085425776274349635e-03,0.000000000000000000e+00
1.491467478549999948e+00,3.088447025252061533e-03,0.000000000000000000e+00
1.493965749033333346e+00,3.091477753297017239e-03,0.000000000000000000e+00
1.496464019516666744e+00,3.094517988599458560e-03,0.000000000000000000e+00
1.498962289999999919e+00,3.097567759472162098e-03,0.000000000000000000e+00
1.501460560483333317e+00,3.100627094379475052e-03,0.000000000000000000e+00
1.503958830966666715e+00,3.103696021910528919e-03,0.000000000000000000e+00
1.506457101450000113e+00,3.106774570806559218e-03,0.000000000000000000e+00
1.508955371933333289e+00,3.109862769934592774e-03,0.000000000000000000e+00
1.511453642416666687e+00,3.112960648315391075e-03,0.000000000000000000e+00
1.513951912900000085e+00,3.116068235096425883e-03,0.000000000000000000e+00
1.516450183383333261e+00,3.119185559580441892e-03,0.000000000000000000e+00
1.518948453866666659e+00,3.122312651198081487e-03,0.000000000000000000e+00
1.521446724350000057e+00,3.125449539536102623e-03,0.000000000000000000e+00
1.523944994833333233e+00,3.128596254310641971e-03,0.000000000000000000e+00
1.526443265316666631e+00,3.131752825395435827e-03,0.000000000000000000e+00
1.528941535800000029e+00,3.134919282794708124e-03,0.000000000000000000e+00
1.531439806283333427e+00,3.138095656671496293e-03,0.000000000000000000e+00
1.533938076766666603e+00,3.141281977320630782e-03,0.000000000000000000e+00
1.536436347250000001e+00,3.144478275197131172e-03,0.000000000000000000e+00
1.538934617733333399e+00,3.147684580889442869e-03,0.000000000000000000e+00
1.541432888216666575e+00,3.150900925146701750e-03,0.000000000000000000e+00
1.543931158699999973e+00,3.154127338853378142e-03,0.000000000000000000e+00
1.546429429183333371e+00,3.157363853056059655e-03,0.000000000000000000e+00
1.548927699666666769e+00,3.160610498937910413e-03,0.000000000000000000e+00
1.551425970149999944e+00,3.163867307845262197e-03,0.000000000000000000e+00
1.553924240633333342e+00,3.167134311262744147e-03,0.000000000000000000e+00
1.556422511116666740e+00,3.170411540839500504e-03,0.000000000000000000e+00
1.558920781599999916e+00,3.173699028364429173e-03,0.000000000000000000e+00
1.561419052083333314e+00,3.176996805792214277e-03,0.000000000000000000e+00
1.563917322566666712e+00,3.180304905218445024e-03,0.000000000000000000e+00
1.566415593050000110e+00,3.183623358906476162e-03,0.000000000000000000e+00
1.568913863533333286e+00,3.186952199261650423e-03,0.000000000000000000e+00
1.571412134016666684e+00,3.190291458858679399e-03,0.000000000000000000e+00
1.573910404500000082e+00,3.193641170415947948e-03,0.000000000000000000e+00
1.576408674983333258e+00,3.197001366821858575e-03,0.000000000000000000e+00
1.578906945466666656e+00,3.200372081110769516e-03,0.000000000000000000e+00
1.581405215950000054e+00,3.203753346488517721e-03,0.000000000000000000e+00
1.583903486433333230e+00,3.207145196307833492e-03,0.000000000000000000e+00
1.586401756916666628e+00,3.210547664094852253e-03,0.000000000000000000e+00
1.588900027400000026e+00,3.213960783524273321e-03,0.000000000000000000e+00
1.591398297883333424e+00,3.217384588445334342e-03,0.000000000000000000e+00
1.593896568366666600e+00,3.220819112857618415e-03,0.000000000000000000e+00
1.596394838849999998e+00,3.224264390936723221e-03,0.000000000000000000e+00
1.598893109333333395e+00,3.227720457010476232e-03,0.000000000000000000e+00
1.601391379816666571e+00,3.231187345583957232e-03,3.087386170999528408e-05
1.603889650299999969e+00,3.234665091315615075e-03,6.174772341999330578e-05
1.606387920783333367e+00,3.238153729043702703e-03,9.262158512999132747e-05
1.608886191266666765e+00,3.241653293761361746e-03,1.234954468399893492e-04
1.611384461749999941e+00,3.245163820642436945e-03,1.543693085499846468e-04
1.613882732233333339e+00,3.248685345017741227e-03,1.852431702599826549e-04
1.616381002716666737e+00,3.252217902400598645e-03,2.161170319699806902e-04
1.618879273199999913e+00,3.255761528462721745e-03,2.469908936799759878e-04
1.621377543683333311e+00,3.259316259059966137e-03,2.778647553899739960e-04
1.623875814166666709e+00,3.262882130208353149e-03,3.087386170999720041e-04
1.626374084650000107e+00,3.266459178110111064e-03,3.949629049762376151e-04
1.628872355133333283e+00,3.270047439128611830e-03,4.811871928524955825e-04
1.631370625616666681e+00,3.273646949815766684e-03,5.674114807287611393e-04
1.633868896100000079e+00,3.277257746886262906e-03,6.536357686050268045e-04
1.636367166583333255e+00,3.280879867244583005e-03,7.398600564812847719e-04
1.638865437066666653e+00,3.284513347960445369e-03,8.260843443575504371e-04
1.641363707550000051e+00,3.288158226294645142e-03,9.123086322338159939e-04
1.643861978033333449e+00,3.291814539675564765e-03,9.985329201100815507e-04
1.646360248516666624e+00,3.295482325723599320e-03,1.084757207986339518e-03
1.648858519000000022e+00,3.299161622229086939e-03,1.170981495862605292e-03
1.651356789483333420e+00,3.302852467176478710e-03,1.310390469464357615e-03
1.653855059966666596e+00,3.306554898721498440e-03,1.449799443066097362e-03
1.656353330449999994e+00,3.310268955215868100e-03,1.589208416667849686e-03
1.658851600933333392e+00,3.313994675184806296e-03,1.728617390269601792e-03
1.661349871416666568e+00,3.317732097351000844e-03,1.868026363871341756e-03
1.663848141899999966e+00,3.321481260612734344e-03,2.007435337473093863e-03
1.666346412383333364e+00,3.325242204067743561e-03,2.146844311074846186e-03
1.668844682866666762e+00,3.329014966990927801e-03,2.286253284676598510e-03
1.671342953349999938e+00,3.332799588859187544e-03,2.425662258278338257e-03
1.673841223833333336e+00,3.336596109328137955e-03,2.565071231880090580e-03
1.676339494316666734e+00,3.340404568256833458e-03,2.737298279029218989e-03
1.678837764799999910e+00,3.344225005686084131e-03,2.909525326178332219e-03
1.681336035283333308e+00,3.348057461861508009e-03,3.081752373327461061e-03
1.683834305766666706e+00,3.351901977212443789e-03,3.253979420476589470e-03
1.686332576250000104e+00,3.355758592375181378e-03,3.426206467625717879e-03
1.688830846733333280e+00,3.359627348171717598e-03,3.598433514774831109e-03
1.691329117216666678e+00,3.363508285633169757e-03,3.770660561923959951e-03
1.693827387700000076e+00,3.367401445978373924e-03,3.942887609073087926e-03
1.696325658183333251e+00,3.371306870637116350e-03,4.115114656222201156e-03
1.698823928666666649e+00,3.375224601229208365e-03,4.287341703371329998e-03
1.701322199150000047e+00,3.379154679587631927e-03,4.462536956154876215e-03
1.703820469633333445e+00,3.383097147737215531e-03,4.637732208938422432e-03
1.706318740116666621e+00,3.387052047918212138e-03,4.812927461721953903e-03
1.708817010600000019e+00,3.391019422564928252e-03,4.988122714505500120e-03
1.711315281083333417e+00,3.394999314329253705e-03,5.163317967289046337e-03
1.713813551566666593e+00,3.398991766059149787e-03,5.338513220072576941e-03
1.716311822049999991e+00,3.402996820822270108e-03,5.513708472856123158e-03
1.718810092533333389e+00,3.407014521885068890e-03,5.688903725639670242e-03
1.721308363016666565e+00,3.411044912735438674e-03,5.864098978423200846e-03
1.723806633499999963e+00,3.415088037062283515e-03,6.039294231206747063e-03
1.726304903983333361e+00,3.419143938778421675e-03,6.186261886497053039e-03
1.728803174466666759e+00,3.423212661999922891e-03,6.333229541787359015e-03
1.731301444949999935e+00,3.427294251068988083e-03,6.480197197077651981e-03
1.733799715433333333e+00,3.431388750533403715e-03,6.627164852367957958e-03
1.736297985916666731e+00,3.435496205169131807e-03,6.774132507658263934e-03
1.738796256399999907e+00,3.439616659960499385e-03,6.921100162948556900e-03
1.741294526883333305e+00,3.443750160122222535e-03,7.068067818238862876e-03
1.743792797366666703e+00,3.447896751079415449e-03,7.215035473529168852e-03
1.746291067850000100e+00,3.452056478490303591e-03,7.362003128819474829e-03
1.748789338333333276e+00,3.456229388225789956e-03,7.508970784109767795e-03
1.751287608816666674e+00,3.460415526392390285e-03,7.601942121051440127e-03
1.753785879300000072e+00,3.464614939311592891e-03,7.694913457993107254e-03
1.756284149783333248e+00,3.468827673542881906e-03,7.787884794934765709e-03
1.758782420266666646e+00,3.473053775863522118e-03,7.880856131876433704e-03
1.761280690750000044e+00,3.477293293290937334e-03,7.973827468818099964e-03
1.763778961233333442e+00,3.481546273062722466e-03,8.066798805759767960e-03
1.766277231716666618e+00,3.485812762659471192e-03,8.159770142701425547e-03
1.768775502200000016e+00,3.490092809784433280e-03,8.252741479643093542e-03
1.771273772683333414e+00,3.494386462386081613e-03,8.345712816584759802e-03
1.773772043166666590e+00,3.498693768638563156e-03,8.438684153526419124e-03
1.776270313649999988e+00,3.503014776963474502e-03,8.462107446302741254e-03
1.778768584133333386e+00,3.507349536010929535e-03,8.485530739079058180e-03
1.781266854616666784e+00,3.511698094680896966e-03,8.508954031855375105e-03
1.783765125099999960e+00,3.516060502104463581e-03,8.532377324631688562e-03
1.786263395583333358e+00,3.520436807665651424e-03,8.555800617408005487e-03
1.788761666066666756e+00,3.524827060981773359e-03,8.579223910184322413e-03
1.791259936549999932e+00,3.529231311926091155e-03,8.602647202960635869e-03
1.793758207033333330e+00,3.533649610607896962e-03,8.626070495736952795e-03
1.796256477516666727e+00,3.538082007394608049e-03,8.649493788513267986e-03
1.798754747999999903e+00,3.542528552893185311e-03,8.672917081289583177e-03
1.801253018483333301e+00,3.546989297971170699e-03,8.623891135920160392e-03
1.803751288966666699e+00,3.551464293738170342e-03,8.574865190550732402e-03
1.806249559450000097e+00,3.555953591567537295e-03,8.525839245181304413e-03
1.808747829933333273e+00,3.560457243077433560e-03,8.476813299811881627e-03
1.811246100416666671e+00,3.564975300152420021e-03,8.427787354442453638e-03
1.813744370900000069e+00,3.569507814925068374e-03,8.378761409073025648e-03
1.816242641383333245e+00,3.574054839796900977e-03,8.329735463703601128e-03
1.818740911866666643e+00,3.578616427420587380e-03,8.280709518334173139e-03
1.821239182350000041e+00,3.583192630720596645e-03,8.231683572964745149e-03
1.823737452833333439e+00,3.587783502875464998e-03,8.182657627595317160e-03
1.826235723316666615e+00,3.592389097338515372e-03,8.070935042881855620e-03
1.828733993800000013e+00,3.597009467820060872e-03,7.959212458168383672e-03
1.831232264283333411e+00,3.601644668308517233e-03,7.847489873454911724e-03
1.833730534766666587e+00,3.606294753051923242e-03,7.735767288741450184e-03
1.836228805249999985e+00,3.610959776579430493e-03,7.624044704027978236e-03
1.838727075733333383e+00,3.615639793683454815e-03,7.512322119314506289e-03
1.841225346216666781e+00,3.620334859440185911e-03,7.400599534601035208e-03
1.843723616699999956e+00,3.625045029192092236e-03,7.288876949887572801e-03
1.846221887183333354e+00,3.629770358568712527e-03,7.177154365174101720e-03
1.848720157666666752e+00,3.634510903469234406e-03,7.065431780460629772e-03
1.851218428149999928e+00,3.639266720082795416e-03,6.911232322659489197e-03
1.853716698633333326e+00,3.644037864871552124e-03,6.757032864858334743e-03
1.856214969116666724e+00,3.648824394590711832e-03,6.602833407057179423e-03
1.858713239599999900e+00,3.653626366271757811e-03,6.448633949256038847e-03
1.861211510083333298e+00,3.658443837242677903e-03,6.294434491454884394e-03
1.863709780566666696e+00,3.663276865110918698e-03,6.140235033653729940e-03
1.866208051050000094e+00,3.668125507783544324e-03,5.986035575852575487e-03
1.868706321533333270e+00,3.672989823450760472e-03,5.831836118051434044e-03
1.871204592016666668e+00,3.677869870605806474e-03,5.677636660250279591e-03
1.873702862500000066e+00,3.682765708028010090e-03,5.523437202449125137e-03
1.876201132983333242e+00,3.687677394803330969e-03,5.353595021474071708e-03
1.878699403466666640e+00,3.692604990307537735e-03,5.183752840499002666e-03
1.881197673950000038e+00,3.697548554226216724e-03,5.013910659523933624e-03
1.883695944433333436e+00,3.702508146538317259e-03,4.844068478548865450e-03
1.886194214916666612e+00,3.707483827536044163e-03,4.674226297573811154e-03
1.888692485400000010e+00,3.712475657808504085e-03,4.504384116598742979e-03
1.891190755883333408e+00,3.717483698261804005e-03,4.334541935623673937e-03
1.893689026366666583e+00,3.722508010102603456e-03,4.164699754648620508e-03
1.896187296849999981e+00,3.727548654857599369e-03,3.994857573673551467e-03
1.898685567333333379e+00,3.732605694358303444e-03,3.825015392698482859e-03
1.901183837816666777e+00,3.737679190759828334e-03,3.668191759990655811e-03
1.903682108299999953e+00,3.742769206525345393e-03,3.511368127282843074e-03
1.906180378783333351e+00,3.747875804445816722e-03,3.354544494575016460e-03
1.908678649266666749e+00,3.752999047623811930e-03,3.197720861867189412e-03
1.911176919749999925e+00,3.758138999493581493e-03,3.040897229159376675e-03
1.913675190233333323e+00,3.763295723804698303e-03,2.884073596451549627e-03
1.916173460716666721e+00,3.768469284641990519e-03,2.727249963743723013e-03
1.918671731199999897e+00,3.773659746410008408e-03,2.570426331035909843e-03
1.921170001683333295e+00,3.778867173852157053e-03,2.413602698328082795e-03
1.923668272166666693e+00,3.784091632035267282e-03,2.256779065620256181e-03
1.926166542650000091e+00,3.789333186368996822e-03,2.138570968471339376e-03
1.928664813133333267e+00,3.794591902590641920e-03,2.020362871322432981e-03
1.931163083616666665e+00,3.799867846784427908e-03,1.902154774173515960e-03
1.933661354100000063e+00,3.805161085365955671e-03,1.783946677024599156e-03
1.936159624583333239e+00,3.810471685101643555e-03,1.665738579875692543e-03
1.938657895066666637e+00,3.815799713093607527e-03,1.547530482726775739e-03
1.941156165550000035e+00,3.821145236799085299e-03,1.429322385577858935e-03
1.943654436033333432e+00,3.826508324014800833e-03,1.311114288428942131e-03
1.946152706516666608e+00,3.831889042896843844e-03,1.192906191280035519e-03
1.948650977000000006e+00,3.837287461945172642e-03,1.074698094131118714e-03
1.951149247483333404e+00,3.842703650022932880e-03,1.013446213689150020e-03
1.953647517966666580e+00,3.848137676341922310e-03,9.521943332471866387e-04
1.956145788449999978e+00,3.853589610480909894e-03,8.909424528052178362e-04
1.958644058933333376e+00,3.859059522372100624e-03,8.296905723632491420e-04
1.961142329416666774e+00,3.864547482319048276e-03,7.684386919212804479e-04
1.963640599899999950e+00,3.870053560982214709e-03,7.071868114793170663e-04
1.966138870383333348e+00,3.875577829398610830e-03,6.459349310373482637e-04
1.968637140866666746e+00,3.881120358966964716e-03,5.846830505953795696e-04
1.971135411349999922e+00,3.886681221466100136e-03,5.234311701534161880e-04
1.973633681833333320e+00,3.892260489041726203e-03,4.621792897114474939e-04
1.976131952316666718e+00,3.897858234223837513e-03,4.661315987360248434e-04
1.978630222800000116e+00,3.903474529914109214e-03,4.700839077606021928e-04
1.981128493283333292e+00,3.909109449402997476e-03,4.740362167851792170e-04
1.983626763766666690e+00,3.914763066357113304e-03,4.779885258097565665e-04
1.986125034250000088e+00,3.920435454837114912e-03,4.819408348343339160e-04
1.988623304733333264e+00,3.926126689283821261e-03,4.858931438589109402e-04
1.991121575216666661e+00,3.931836844537231999e-03,4.898454528834882355e-04
1.993619845700000059e+00,3.937565995822194312e-03,4.937977619080656392e-04
1.996118116183333235e+00,3.943314218767610645e-03,4.977500709326426092e-04
1.998616386666666633e+00,3.949081589392102951e-03,5.017023799572200128e-04
2.001114657150000031e+00,3.954868184122991431e-03,5.679468197571557655e-04
2.003612927633333207e+00,3.960674079782516496e-03,6.341912595570910844e-04
2.006111198116666827e+00,3.966499353606517397e-03,7.004356993570383296e-04
2.008609468600000003e+00,3.972344083230685413e-03,7.666801391569736486e-04
2.011107739083333179e+00,3.978208346709146206e-03,8.329245789569089675e-04
2.013606009566666799e+00,3.984092222501457205e-03,8.991690187568562127e-04
2.016104280049999975e+00,3.989995789490289636e-03,9.654134585567915317e-04
2.018602550533333151e+00,3.995919126969011380e-03,1.031657898356726959e-03
2.021100821016666771e+00,4.001862314659399358e-03,1.097902338156674096e-03
2.023599091499999947e+00,4.007825432698908404e-03,1.164146777956609523e-03
2.026097361983333123e+00,4.013808561658797382e-03,1.279428229617774436e-03
2.028595632466666743e+00,4.019811782531289637e-03,1.394709681278959732e-03
2.031093902949999919e+00,4.025835176747907286e-03,1.509991132940124645e-03
2.033592173433333539e+00,4.031878826166338491e-03,1.625272584601310157e-03
2.036090443916666715e+00,4.037942813088701496e-03,1.740554036262474853e-03
2.038588714399999891e+00,4.044027220249375547e-03,1.855835487923639983e-03
2.041086984883333511e+00,4.050132130832393221e-03,1.971116939584825062e-03
2.043585255366666686e+00,4.056257628459304307e-03,2.086398391245990191e-03
2.046083525849999862e+00,4.062403797207017435e-03,2.201679842907154887e-03
2.048581796333333482e+00,4.068570721595981404e-03,2.316961294568340400e-03
2.051080066816666658e+00,4.074758486607405784e-03,2.460192020043096891e-03
2.053578337299999834e+00,4.080967177671317343e-03,2.603422745517853382e-03
2.056076607783333454e+00,4.087196880684968066e-03,2.746653470992635460e-03
2.058574878266666630e+00,4.093447681999857687e-03,2.889884196467392384e-03
2.061073148749999806e+00,4.099719668440332532e-03,3.033114921942148875e-03
2.063571419233333426e+00,4.106012927291335761e-03,3.176345647416930519e-03
2.066069689716666602e+00,4.112327546316496205e-03,3.319576372891687444e-03
2.068567960200000222e+00,4.118663613745595850e-03,3.462807098366469521e-03
2.071066230683333398e+00,4.125021218293505217e-03,3.606037823841226012e-03
2.073564501166666574e+00,4.131400449147133030e-03,3.749268549315982503e-03
2.076062771650000194e+00,4.137801395984579307e-03,3.895274765121917865e-03
2.078561042133333370e+00,4.144224148962519574e-03,4.041280980927827206e-03
2.081059312616666546e+00,4.150668798734346611e-03,4.187287196733736547e-03
2.083557583100000166e+00,4.157135436438703056e-03,4.333293412539671041e-03
2.086055853583333342e+00,4.163624153717148703e-03,4.479299628345581250e-03
2.088554124066666517e+00,4.170135042702808464e-03,4.625305844151489723e-03
2.091052394550000137e+00,4.176668196038166303e-03,4.771312059957425085e-03
2.093550665033333313e+00,4.183223706863653350e-03,4.917318275763334426e-03
2.096048935516666489e+00,4.189801668835670817e-03,5.063324491569243767e-03
2.098547206000000109e+00,4.196402176114892753e-03,5.209330707375179129e-03
2.101045476483333285e+00,4.203025323384524878e-03,5.333190727741522232e-03
2.103543746966666461e+00,4.209671205839067044e-03,5.457050748107866202e-03
2.106042017450000081e+00,4.216339919201734197e-03,5.580910768474231856e-03
2.108540287933333257e+00,4.223031559713978644e-03,5.704770788840574959e-03
2.111038558416666877e+00,4.229746224153099234e-03,5.828630809206940613e-03
2.113536828900000053e+00,4.236484009820834680e-03,5.952490829573283716e-03
2.116035099383333229e+00,4.243245014562036128e-03,6.076350849939626819e-03
2.118533369866666849e+00,4.250029336752922209e-03,6.200210870305992474e-03
2.121031640350000025e+00,4.256837075319732516e-03,6.324070890672336444e-03
2.123529910833333201e+00,4.263668329727263694e-03,6.447930911038679547e-03
2.126028181316666821e+00,4.270523199997302601e-03,6.529179076967811003e-03
2.128526451799999997e+00,4.277401786697431277e-03,6.610427242896928582e-03
2.131024722283333173e+00,4.284304190959189497e-03,6.691675408826045293e-03
2.133522992766666793e+00,4.291230514467577958e-03,6.772923574755176750e-03
2.136021263249999969e+00,4.298180859478690878e-03,6.854171740684294328e-03
2.138519533733333144e+00,4.305155328809436889e-03,6.935419906613411040e-03
2.141017804216666764e+00,4.312154025855292200e-03,7.016668072542543363e-03
2.143516074699999940e+00,4.319177054580033634e-03,7.097916238471660075e-03
2.146014345183333560e+00,4.326224519533752866e-03,7.179164404400791531e-03
2.148512615666666736e+00,4.333296525842024807e-03,7.260412570329909110e-03
2.151010886149999912e+00,4.340393179224634815e-03,7.286418359674567274e-03
2.153509156633333532e+00,4.347514585985013356e-03,7.312424149019229776e-03
2.156007427116666708e+00,4.354660853027849526e-03,7.338429938363887940e-03
2.158505697599999884e+00,4.361832087849805070e-03,7.364435727708546105e-03
2.161003968083333504e+00,4.369028398556644779e-03,7.390441517053208606e-03
2.163502238566666680e+00,4.376249893854051130e-03,7.416447306397866771e-03
2.166000509049999856e+00,4.383496683064738199e-03,7.442453095742524935e-03
2.168498779533333476e+00,4.390768876119557733e-03,7.468458885087188304e-03
2.170997050016666652e+00,4.398066583574604393e-03,7.494464674431846468e-03
2.173495320499999828e+00,4.405389916602346113e-03,7.520470463776504633e-03
2.175993590983333448e+00,4.412738987008782247e-03,7.488446840974914871e-03
2.178491861466666624e+00,4.420113907224233057e-03,7.456423218173320773e-03
2.180990131949999800e+00,4.427514790321739058e-03,7.424399595371726675e-03
2.183488402433333420e+00,4.434941750006635326e-03,7.392375972570126505e-03
2.185986672916666596e+00,4.442394900635719332e-03,7.360352349768532407e-03
2.188484943400000216e+00,4.449874357206663918e-03,7.328328726966932237e-03
2.190983213883333391e+00,4.457380235377061961e-03,7.296305104165338139e-03
2.193481484366666567e+00,4.464912651454620851e-03,7.264281481363744040e-03
2.195979754850000187e+00,4.472471722415394431e-03,7.232257858562143871e-03
2.198478025333333363e+00,4.480057565894983614e-03,7.200234235760549772e-03
2.200976295816666539e+00,4.487670300205730094e-03,7.117560402500943371e-03
2.203474566300000159e+00,4.495310044328737487e-03,7.034886569241322225e-03
2.205972836783333335e+00,4.502976917931046826e-03,6.952212735981716692e-03
2.208471107266666511e+00,4.510671041357685457e-03,6.869538902722110291e-03
2.210969377750000131e+00,4.518392535648957029e-03,6.786865069462489145e-03
2.213467648233333307e+00,4.526141522532207626e-03,6.704191236202882744e-03
2.215965918716666483e+00,4.533918124439787097e-03,6.621517402943276343e-03
2.218464189200000103e+00,4.541722464500326864e-03,6.538843569683655196e-03
2.220962459683333279e+00,4.549554666557210393e-03,6.456169736424049663e-03
2.223460730166666455e+00,4.557414855159829317e-03,6.373495903164443262e-03
2.225959000650000075e+00,4.565303155581564715e-03,6.256321030241385368e-03
2.228457271133333251e+00,4.573219693812056313e-03,6.139146157318342220e-03
2.230955541616666871e+00,4.581164596574890599e-03,6.021971284395278255e-03
2.233453812100000047e+00,4.589137991319399042e-03,5.904796411472235107e-03
2.235952082583333222e+00,4.597140006239314181e-03,5.787621538549191959e-03
2.238450353066666842e+00,4.605170770264138506e-03,5.670446665626127994e-03
2.240948623550000018e+00,4.613230413077905497e-03,5.553271792703084846e-03
2.243446894033333194e+00,4.621319065110846870e-03,5.436096919780041697e-03
2.245945164516666814e+00,4.629436857557788464e-03,5.318922046856977733e-03
2.248443434999999990e+00,4.637583922370303209e-03,5.201747173933934584e-03
2.250941705483333166e+00,4.645760392275289155e-03,5.072128866828322195e-03
2.253439975966666786e+00,4.653966400767202242e-03,4.942510559722687255e-03
2.255938246449999962e+00,4.662202082125871047e-03,4.812892252617074866e-03
2.258436516933333138e+00,4.670467571409979424e-03,4.683273945511462477e-03
2.260934787416666758e+00,4.678763004474474456e-03,4.553655638405827537e-03
2.263433057899999934e+00,4.687088517963832260e-03,4.424037331300215148e-03
2.265931328383333554e+00,4.695444249329986351e-03,4.294419024194579340e-03
2.268429598866666730e+00,4.703830336825616000e-03,4.164800717088967819e-03
2.270927869349999906e+00,4.712246919522304449e-03,4.035182409983355430e-03
2.273426139833333526e+00,4.720694137303308585e-03,3.905564102877720056e-03
2.275924410316666702e+00,4.729172130882293955e-03,3.787641246084529068e-03
2.278422680799999878e+00,4.737681041796428828e-03,3.669718389291338079e-03
2.280920951283333498e+00,4.746221012424716758e-03,3.551795532498126275e-03
2.283419221766666674e+00,4.754792185981296208e-03,3.433872675704935720e-03
2.285917492249999849e+00,4.763394706533970006e-03,3.315949818911744732e-03
2.288415762733333469e+00,4.772028718997785128e-03,3.198026962118532927e-03
2.290914033216666645e+00,4.780694369153250765e-03,3.080104105325341939e-03
2.293412303699999821e+00,4.789391803640444603e-03,2.962181248532150951e-03
2.295910574183333441e+00,4.798121169976880471e-03,2.844258391738939146e-03
2.298408844666666617e+00,4.806882616551975441e-03,2.726335534945748158e-03
2.300907115149999793e+00,4.815676292645215857e-03,2.642197290994287903e-03
2.303405385633333413e+00,4.824502348420365953e-03,2.558059047042812468e-03
2.305903656116666589e+00,4.833360934943808224e-03,2.473920803091352212e-03
2.308401926600000209e+00,4.842252204178994039e-03,2.389782559139877211e-03
2.310900197083333385e+00,4.851176309004749318e-03,2.305644315188416955e-03
2.313398467566666561e+00,4.860133403210215204e-03,2.221506071236956700e-03
2.315896738050000181e+00,4.869123641512661076e-03,2.137367827285481265e-03
2.318395008533333357e+00,4.878147179552832884e-03,2.053229583334021009e-03
2.320893279016666533e+00,4.887204173912935296e-03,1.969091339382560753e-03
2.323391549500000153e+00,4.896294782112085853e-03,1.884953095431085536e-03
2.325889819983333329e+00,4.905419162624389921e-03,1.850913768471953427e-03
2.328388090466666505e+00,4.914577474874155458e-03,1.816874441512821101e-03
2.330886360950000125e+00,4.923769879254669656e-03,1.782835114553682921e-03
2.333384631433333301e+00,4.932996537123486569e-03,1.748795787594550595e-03
2.335882901916666476e+00,4.942257610820583597e-03,1.714756460635418487e-03
2.338381172400000096e+00,4.951553263664558099e-03,1.680717133676280306e-03
2.340879442883333272e+00,4.960883659970662454e-03,1.646677806717147981e-03
2.343377713366666892e+00,4.970248965046894854e-03,1.612638479758009800e-03
2.345875983850000068e+00,4.979649345212485388e-03,1.578599152798877692e-03
2.348374254333333244e+00,4.989084967793841127e-03,1.544559825839745366e-03
2.350872524816666864e+00,4.998556001143570834e-03,1.568471462290452765e-03
2.353370795300000040e+00,5.008062614635827234e-03,1.592383098741156043e-03
2.355869065783333216e+00,5.017604978686240717e-03,1.616294735191859105e-03
2.358367336266666836e+00,5.027183264747137580e-03,1.640206371642566503e-03
2.360865606750000012e+00,5.036797645326997544e-03,1.664118008093269782e-03
2.363363877233333188e+00,5.046448293986733648e-03,1.688029644543973060e-03
2.365862147716666808e+00,5.056135385358759456e-03,1.711941280994680459e-03
2.368360418199999984e+00,5.065859095143412927e-03,1.735852917445383520e-03
2.370858688683333160e+00,5.075619600128381849e-03,1.759764553896086799e-03
2.373356959166666780e+00,5.085417078185241330e-03,1.783676190346794197e-03
2.375855229649999956e+00,5.095251708288526214e-03,1.863718842943778682e-03
2.378353500133333132e+00,5.105123670513037927e-03,1.943761495540763167e-03
2.380851770616666752e+00,5.115033146052882194e-03,2.023804148137761747e-03
2.383350041099999927e+00,5.124980317218707365e-03,2.103846800734746232e-03
2.385848311583333548e+00,5.134965367456862696e-03,2.183889453331745029e-03
2.388346582066666723e+00,5.144988481347145814e-03,2.263932105928729514e-03
2.390844852549999899e+00,5.155049844621987891e-03,2.343974758525713999e-03
2.393343123033333519e+00,5.165149644164024161e-03,2.424017411122712795e-03
2.395841393516666695e+00,5.175288068025675481e-03,2.504060063719697280e-03
2.398339663999999871e+00,5.185465305426981662e-03,2.584102716316681765e-03
2.400837934483333491e+00,5.195681546775215987e-03,2.709221161872870515e-03
2.403336204966666667e+00,5.205936983662649148e-03,2.834339607429036713e-03
2.405834475449999843e+00,5.216231808886613065e-03,2.959458052985203345e-03
2.408332745933333463e+00,5.226566216447394060e-03,3.084576498541391661e-03
2.410831016416666639e+00,5.236940401568288862e-03,3.209694944097558292e-03
2.413329286899999815e+00,5.247354560694017338e-03,3.334813389653724924e-03
2.415827557383333435e+00,5.257808891510398590e-03,3.459931835209913240e-03
2.418325827866666611e+00,5.268303592943122775e-03,3.585050280766079872e-03
2.420824098350000231e+00,5.278838865178000529e-03,3.710168726322268622e-03
2.423322368833333407e+00,5.289414909659451158e-03,3.835287171878434820e-03
2.425820639316666583e+00,5.300031929110798033e-03,3.987145165952656230e-03
2.428318909800000203e+00,5.310690127533522660e-03,4.139003160026904528e-03
2.430817180283333379e+00,5.321389710227266909e-03,4.290861154101125938e-03
2.433315450766666554e+00,5.332130883789037643e-03,4.442719148175346480e-03
2.435813721250000174e+00,5.342913856134289680e-03,4.594577142249594778e-03
2.438311991733333350e+00,5.353738836495387961e-03,4.746435136323816188e-03
2.440810262216666526e+00,5.364606035443092967e-03,4.898293130398037598e-03
2.443308532700000146e+00,5.375515664885628306e-03,5.050151124472285896e-03
2.445806803183333322e+00,5.386467938089768009e-03,5.202009118546507306e-03
2.448305073666666498e+00,5.397463069680423671e-03,5.353867112620728716e-03
2.450803344150000118e+00,5.408501275661851439e-03,5.509925529487444060e-03
2.453301614633333294e+00,5.419582773417736150e-03,5.665983946354133383e-03
2.455799885116666470e+00,5.430707781731745204e-03,5.822042363220822705e-03
2.458298155600000090e+00,5.441876520788489595e-03,5.978100780087538917e-03
2.460796426083333266e+00,5.453089212194348404e-03,6.134159196954227372e-03
2.463294696566666886e+00,5.464346078978204319e-03,6.290217613820944451e-03
2.465792967050000062e+00,5.475647345612478893e-03,6.446276030687633773e-03
2.468291237533333238e+00,5.486993238014484763e-03,6.602334447554322229e-03
2.470789508016666858e+00,5.498383983567468707e-03,6.758392864421038440e-03
2.473287778500000034e+00,5.509819811121723608e-03,6.914451281287727763e-03
2.475786048983333210e+00,5.521300951016564797e-03,7.051597496836271503e-03
2.478284319466666830e+00,5.532827635081226034e-03,7.188743712384840397e-03
2.480782589950000006e+00,5.544400096657046625e-03,7.325889927933384137e-03
2.483280860433333181e+00,5.556018570598678791e-03,7.463036143481928744e-03
2.485779130916666801e+00,5.567683293296449981e-03,7.600182359030496770e-03
2.488277401399999977e+00,5.579394502677659587e-03,7.737328574579040510e-03
2.490775671883333153e+00,5.591152438229518920e-03,7.874474790127584251e-03
2.493273942366666773e+00,5.602957341000532054e-03,8.011621005676154011e-03
2.495772212849999949e+00,5.614809453623227642e-03,8.148767221224697752e-03
2.498270483333333125e+00,5.626709020316212825e-03,8.285913436773241492e-03
2.500768753816666745e+00,5.638656286907115824e-03,8.384009199452230332e-03
2.503267024299999921e+00,5.650651500834874032e-03,8.482104962131194886e-03
2.505765294783333541e+00,5.662694911172464970e-03,8.580200724810176788e-03
2.508263565266666717e+00,5.674786768629991492e-03,8.678296487489141342e-03
2.510761835749999893e+00,5.686927325577492524e-03,8.776392250168105896e-03
2.513260106233333513e+00,5.699116836048064710e-03,8.874488012847087798e-03
2.515758376716666689e+00,5.711355555761242139e-03,8.972583775526052352e-03
2.518256647199999865e+00,5.723643742125957522e-03,9.070679538205016906e-03
2.520754917683333485e+00,5.735981654264426730e-03,9.168775300883998808e-03
2.523253188166666661e+00,5.748369553015396198e-03,9.266871063562963362e-03
2.525751458649999837e+00,5.760807700958140223e-03,9.311650270749309566e-03
2.528249729133333457e+00,5.773296362416081330e-03,9.356429477935662709e-03
2.530747999616666633e+00,5.785835803480902928e-03,9.401208685122008912e-03
2.533246270099999808e+00,5.798426292016736067e-03,9.445987892308353381e-03
2.535744540583333428e+00,5.811068097683887851e-03,9.490767099494708259e-03
2.538242811066666604e+00,5.823761491944049080e-03,9.535546306681052728e-03
2.540741081550000224e+00,5.836506748084059962e-03,9.580325513867405871e-03
2.543239352033333400e+00,5.849304141220899173e-03,9.625104721053752074e-03
2.545737622516666576e+00,5.862153948326316935e-03,9.669883928240098278e-03
2.548235893000000196e+00,5.875056448231981074e-03,9.714663135426451421e-03
2.550734163483333372e+00,5.888011921654239325e-03,9.699576399180133077e-03
2.553232433966666548e+00,5.901020651199492643e-03,9.684489662933814733e-03
2.555730704450000168e+00,5.914082921389576808e-03,9.669402926687492919e-03
2.558228974933333344e+00,5.927199018667085421e-03,9.654316190441174575e-03
2.560727245416666520e+00,5.940369231421169585e-03,9.639229454194854496e-03
2.563225515900000140e+00,5.953593849993210445e-03,9.624142717948532683e-03
2.565723786383333316e+00,5.966873166702918972e-03,9.609055981702214339e-03
2.568222056866666492e+00,5.980207475854017185e-03,9.593969245455895994e-03
2.570720327350000112e+00,5.993597073761069115e-03,9.578882509209574181e-03
2.573218597833333288e+00,6.007042258755541063e-03,9.563795772963255837e-03
2.575716868316666464e+00,6.020543331212117356e-03,9.490621071536925121e-03
2.578215138800000084e+00,6.034100593556118025e-03,9.417446370110580528e-03
2.580713409283333259e+00,6.047714350289348784e-03,9.344271668684249812e-03
2.583211679766666879e+00,6.061384907998347907e-03,9.271096967257905219e-03
2.585709950250000055e+00,6.075112575380459991e-03,9.197922265831574504e-03
2.588208220733333231e+00,6.088897663252047267e-03,9.124747564405243788e-03
2.590706491216666851e+00,6.102740484575394295e-03,9.051572862978899195e-03
2.593204761700000027e+00,6.116641354466809122e-03,8.978398161552568479e-03
2.595703032183333203e+00,6.130600590224366715e-03,8.905223460126237764e-03
2.598201302666666823e+00,6.144618511336037009e-03,8.832048758699893171e-03
2.600699573149999999e+00,6.158695439507515072e-03,8.710313662501691437e-03
2.603197843633333175e+00,6.172831698671394328e-03,8.588578566303491438e-03
2.605696114116666795e+00,6.187027615014720899e-03,8.466843470105268887e-03
2.608194384599999971e+00,6.201283516988791329e-03,8.345108373907067154e-03
2.610692655083333147e+00,6.215599735337216068e-03,8.223373277708867155e-03
2.613190925566666767e+00,6.229976603105841226e-03,8.101638181510644604e-03
2.615689196049999943e+00,6.244414455671115638e-03,7.979903085312442870e-03
2.618187466533333563e+00,6.258913630750670941e-03,7.858167989114220320e-03
2.620685737016666739e+00,6.273474468432012167e-03,7.736432892916019453e-03
2.623184007499999915e+00,6.288097311183168080e-03,7.614697796717818587e-03
2.625682277983333535e+00,6.302782503882163254e-03,7.460140902267754955e-03
2.628180548466666711e+00,6.317530393827951174e-03,7.305584007817718210e-03
2.630678818949999886e+00,6.332341330770131782e-03,7.151027113367682334e-03
2.633177089433333506e+00,6.347215666920457897e-03,6.996470218917618701e-03
2.635675359916666682e+00,6.362153756982950881e-03,6.841913324467582824e-03
2.638173630399999858e+00,6.377155958165557116e-03,6.687356430017546080e-03
2.640671900883333478e+00,6.392222630210994856e-03,6.532799535567482448e-03
2.643170171366666654e+00,6.407354135408804482e-03,6.378242641117446571e-03
2.645668441849999830e+00,6.422550838626488526e-03,6.223685746667409827e-03
2.648166712333333450e+00,6.437813107322058054e-03,6.069128852217346194e-03
2.650664982816666626e+00,6.453141311575401676e-03,5.901535251421371857e-03
2.653163253299999802e+00,6.468535824101871896e-03,5.733941650625397519e-03
2.655661523783333422e+00,6.483997020283307176e-03,5.566348049829393692e-03
2.658159794266666598e+00,6.499525278182478709e-03,5.398754449033419354e-03
2.660658064750000218e+00,6.515120978574946882e-03,5.231160848237415527e-03
2.663156335233333394e+00,6.530784504962918249e-03,5.063567247441441189e-03
2.665654605716666570e+00,6.546516243608701408e-03,4.895973646645466852e-03
2.668152876200000190e+00,6.562316583548644632e-03,4.728380045849463024e-03
2.670651146683333366e+00,6.578185916626572670e-03,4.560786445053488687e-03
2.673149417166666542e+00,6.594124637508691489e-03,4.393192844257514350e-03
2.675647687650000162e+00,6.610133143717519463e-03,4.233962616325050859e-03
2.678145958133333338e+00,6.626211835647324681e-03,4.074732388392617727e-03
2.680644228616666513e+00,6.642361116598253894e-03,3.915502160460183727e-03
2.683142499100000133e+00,6.658581392792519218e-03,3.756271932527721538e-03
2.685640769583333309e+00,6.674873073408821127e-03,3.597041704595287971e-03
2.688139040066666485e+00,6.691236570599313170e-03,3.437811476662853971e-03
2.690637310550000105e+00,6.707672299524580078e-03,3.278581248730392216e-03
2.693135581033333281e+00,6.724180678370767286e-03,3.119351020797958216e-03
2.695633851516666457e+00,6.740762128385322308e-03,2.960120792865524215e-03
2.698132122000000077e+00,6.757417073894851113e-03,2.800890564933062460e-03
2.700630392483333253e+00,6.774145942340792717e-03,2.670654173555603219e-03
2.703128662966666873e+00,6.790949164298698028e-03,2.540417782178120559e-03
2.705626933450000049e+00,6.807827173513984233e-03,2.410181390800661318e-03
2.708125203933333225e+00,6.824780406921558858e-03,2.279944999423202077e-03
2.710623474416666845e+00,6.841809304682474474e-03,2.149708608045719851e-03
2.713121744900000021e+00,6.858914310204082716e-03,2.019472216668260177e-03
2.715620015383333197e+00,6.876095870177486094e-03,1.889235825290801153e-03
2.718118285866666817e+00,6.893354434597768338e-03,1.758999433913318710e-03
2.720616556349999993e+00,6.910690456802367349e-03,1.628763042535859469e-03
2.723114826833333169e+00,6.928104393491943055e-03,1.498526651158400228e-03
2.725613097316666789e+00,6.945596704769281191e-03,1.415035468331615927e-03
2.728111367799999964e+00,6.963167854161054528e-03,1.331544285504854611e-03
2.730609638283333140e+00,6.980818308656762221e-03,1.248053102678093294e-03
2.733107908766666760e+00,6.998548538731696675e-03,1.164561919851317233e-03
2.735606179249999936e+00,7.016359018386267125e-03,1.081070737024556134e-03
2.738104449733333556e+00,7.034250225169517284e-03,9.975795541977800721e-04
2.740602720216666732e+00,7.052222640219510570e-03,9.140883713710188643e-04
2.743100990699999908e+00,7.070276748287145259e-03,8.305971885442576565e-04
2.745599261183333528e+00,7.088413037777493812e-03,7.471060057174815951e-04
2.748097531666666704e+00,7.106632000773992729e-03,6.636148228907203872e-04
2.750595802149999880e+00,7.124934133080618008e-03,6.400421129307704840e-04
2.753094072633333500e+00,7.143319934246837415e-03,6.164694029708164607e-04
2.755592343116666676e+00,7.161789907610547484e-03,5.928966930108665575e-04
2.758090613599999852e+00,7.180344560323659829e-03,5.693239830509166542e-04
2.760588884083333472e+00,7.198984403395581114e-03,5.457512730909626309e-04
2.763087154566666648e+00,7.217709951719997186e-03,5.221785631310127277e-04
2.765585425049999824e+00,7.236521724118556882e-03,4.986058531710628244e-04
2.768083695533333444e+00,7.255420243368854855e-03,4.750331432111088012e-04
2.770581966016666620e+00,7.274406036248828346e-03,4.514604332511588979e-04
2.773080236499999796e+00,7.293479633564903079e-03,4.278877232912089946e-04
2.775578506983333416e+00,7.312641570198095270e-03,4.716028095812407526e-04
2.778076777466666591e+00,7.331892385132689205e-03,5.153178958712766305e-04
2.780575047950000211e+00,7.351232621502475431e-03,5.590329821613203689e-04
2.783073318433333387e+00,7.370662826620781420e-03,6.027480684513563010e-04
2.785571588916666563e+00,7.390183552027883296e-03,6.464631547413922331e-04
2.788069859400000183e+00,7.409795353521394720e-03,6.901782410314359715e-04
2.790568129883333359e+00,7.429498791204469654e-03,7.338933273214717952e-04
2.793066400366666535e+00,7.449294429516942380e-03,7.776084136115078357e-04
2.795564670850000155e+00,7.469182837285067225e-03,8.213234999015514657e-04
2.798062941333333331e+00,7.489164587753125227e-03,8.650385861915873978e-04
2.800561211816666507e+00,7.509240258633598404e-03,9.768787138186671871e-04
2.803059482300000127e+00,7.529410432140499869e-03,1.088718841445767034e-03
2.805557752783333303e+00,7.549675695039857748e-03,1.200558969072846932e-03
2.808056023266666479e+00,7.570036638684213628e-03,1.312399096699926829e-03
2.810554293750000099e+00,7.590493859064255736e-03,1.424239224327026460e-03
2.813052564233333275e+00,7.611047956843650444e-03,1.536079351954106357e-03
2.815550834716666895e+00,7.631699537411970428e-03,1.647919479581206204e-03
2.818049105200000071e+00,7.652449210920901808e-03,1.759759607208285885e-03
2.820547375683333247e+00,7.673297592337395209e-03,1.871599734835366000e-03
2.823045646166666867e+00,7.694245301481369113e-03,1.983439862462465630e-03
2.825543916650000043e+00,7.715292963079714399e-03,2.157498511970707029e-03
2.828042187133333218e+00,7.736441206805159954e-03,2.331557161478948863e-03
2.830540457616666838e+00,7.757690667330939017e-03,2.505615810987221054e-03
2.833038728100000014e+00,7.779041984370951499e-03,2.679674460495462887e-03
2.835536998583333190e+00,7.800495802735732224e-03,2.853733110003704287e-03
2.838035269066666810e+00,7.822052772373321028e-03,3.027791759511976911e-03
2.840533539549999986e+00,7.843713548426316934e-03,3.201850409020218745e-03
2.843031810033333162e+00,7.865478791273888826e-03,3.375909058528460144e-03
2.845530080516666782e+00,7.887349166590139349e-03,3.549967708036732769e-03
2.848028350999999958e+00,7.909325345387215392e-03,3.724026357544974169e-03
2.850526621483333134e+00,7.931408004074635629e-03,3.947988013302603308e-03
2.853024891966666754e+00,7.953597824503378516e-03,4.171949669060271912e-03
2.855523162449999930e+00,7.975895494026965377e-03,4.395911324817900617e-03
2.858021432933333550e+00,7.998301705546214529e-03,4.619872980575569221e-03
2.860519703416666726e+00,8.020817157571634090e-03,4.843834636333197927e-03
2.863017973899999902e+00,8.043442554269766842e-03,5.067796292090826632e-03
2.865516244383333522e+00,8.066178605526377540e-03,5.291757947848496103e-03
2.868014514866666698e+00,8.089026026994142193e-03,5.515719603606124809e-03
2.870512785349999874e+00,8.111985540157054878e-03,5.739681259363753514e-03
2.873011055833333494e+00,8.135057872379549901e-03,5.963642915121422118e-03
2.875509326316666669e+00,8.158243756972312008e-03,6.219700320698622054e-03
2.878007596799999845e+00,8.181543933242456726e-03,6.475757726275821122e-03
2.880505867283333465e+00,8.204959146560865391e-03,6.731815131853067027e-03
2.883004137766666641e+00,8.228490148413437552e-03,6.987872537430266096e-03
2.885502408249999817e+00,8.252137696469777350e-03,7.243929943007466031e-03
2.888000678733333437e+00,8.275902554636614325e-03,7.499987348584711069e-03
2.890498949216666613e+00,8.299785493127053576e-03,7.756044754161911005e-03
2.892997219700000233e+00,8.323787288515370475e-03,8.012102159739156043e-03
2.895495490183333409e+00,8.347908723808403209e-03,8.268159565316356846e-03
2.897993760666666585e+00,8.372150588501433427e-03,8.524216970893555914e-03
2.900492031150000205e+00,8.396513678650626561e-03,8.790587270301306391e-03
2.902990301633333381e+00,8.420998796931210978e-03,9.056957569709010031e-03
2.905488572116666557e+00,8.445606752711049339e-03,9.323327869116713670e-03
2.907986842600000177e+00,8.470338362110177780e-03,9.589698168524465882e-03
2.910485113083333353e+00,8.495194448076349644e-03,9.856068467932167787e-03
2.912983383566666529e+00,8.520175840445681423e-03,1.012243876733987316e-02
2.915481654050000149e+00,8.545283376020064783e-03,1.038880906674762364e-02
2.917979924533333325e+00,8.570517898629784886e-03,1.065517936615532728e-02
2.920478195016666501e+00,8.595880259212098154e-03,1.092154966556303092e-02
2.922976465500000121e+00,8.621371315875375405e-03,1.118791996497078139e-02
2.925474735983333296e+00,8.646991933979704045e-03,1.144091988209304175e-02
2.927973006466666472e+00,8.672742986202854401e-03,1.169391979921530211e-02
2.930471276950000092e+00,8.698625352622675611e-03,1.194691971633760584e-02
2.932969547433333268e+00,8.724639920784123606e-03,1.219991963345986620e-02
2.935467817916666888e+00,8.750787585784061337e-03,1.245291955058217166e-02
2.937966088400000064e+00,8.777069250340253925e-03,1.270591946770443202e-02
2.940464358883333240e+00,8.803485824877266969e-03,1.295891938482669238e-02
2.942962629366666860e+00,8.830038227598079395e-03,1.321191930194899611e-02
2.945460899850000036e+00,8.856727384571471892e-03,1.346491921907125647e-02
2.947959170333333212e+00,8.883554229805678062e-03,1.371791913619351683e-02
2.950457440816666832e+00,8.910519705337658497e-03,1.393446958583679368e-02
2.952955711300000008e+00,8.937624761308412061e-03,1.415102003548002717e-02
2.955453981783333184e+00,8.964870356055006442e-03,1.436757048512325892e-02
2.957952252266666804e+00,8.992257456187357015e-03,1.458412093476653057e-02
2.960450522749999980e+00,9.019787036682366810e-03,1.480067138440976232e-02
2.962948793233333156e+00,9.047460080962721127e-03,1.501722183405299407e-02
2.965447063716666776e+00,9.075277580993213258e-03,1.523377228369626572e-02
2.967945334199999952e+00,9.103240537361924345e-03,1.545032273333949747e-02
2.970443604683333128e+00,9.131349959378479847e-03,1.566687318298273096e-02
2.972941875166666748e+00,9.159606865157109840e-03,1.588342363262600088e-02
2.975440145649999923e+00,9.188012281717740024e-03,1.604374819048808368e-02
2.977938416133333543e+00,9.216567245071013992e-03,1.620407274835019770e-02
2.980436686616666719e+00,9.245272800321467643e-03,1.636439730621228050e-02
2.982934957099999895e+00,9.274130001755521296e-03,1.652472186407436330e-02
2.985433227583333515e+00,9.303139912946012391e-03,1.668504642193647386e-02
2.987931498066666691e+00,9.332303606843419391e-03,1.684537097979856013e-02
2.990429768549999867e+00,9.361622165882821367e-03,1.700569553766064293e-02
2.992928039033333487e+00,9.391096682076795904e-03,1.716602009552275349e-02
2.995426309516666663e+00,9.420728257125438737e-03,1.732634465338483976e-02
2.997924579999999839e+00,9.450518002511985177e-03,1.748666921124692256e-02
3.000422850483333459e+00,9.480467039615156008e-03,1.757685602328616647e-02
3.002921120966666635e+00,9.510576499806888337e-03,1.766704283532538611e-02
3.005419391449999811e+00,9.540847524568017365e-03,1.775722964736460227e-02
3.007917661933333431e+00,9.571281265588666570e-03,1.784741645940383578e-02
3.010415932416666607e+00,9.601878884886130838e-03,1.793760327144305541e-02
3.012914202900000227e+00,9.632641554908269454e-03,1.802779008348228892e-02
3.015412473383333403e+00,9.663570458654263673e-03,1.811797689552150509e-02
3.017910743866666579e+00,9.694666789780951796e-03,1.820816370756072472e-02
3.020409014350000199e+00,9.725931752726039645e-03,1.829835051959995823e-02
3.022907284833333375e+00,9.757366562817851308e-03,1.838853733163917439e-02
3.025405555316666550e+00,9.788972446400917918e-03,1.840258039632114428e-02
3.027903825800000170e+00,9.820750640949256829e-03,1.841662346100311418e-02
3.030402096283333346e+00,9.852702395195042998e-03,1.843066652568508407e-02
3.032900366766666522e+00,9.884828969244119010e-03,1.844470959036705049e-02
3.035398637250000142e+00,9.917131634708800311e-03,1.845875265504902385e-02
3.037896907733333318e+00,9.949611674826311716e-03,1.847279571973099027e-02
3.040395178216666494e+00,9.982270384594579826e-03,1.848683878441296016e-02
3.042893448700000114e+00,1.001510907089381806e-02,1.850088184909493005e-02
3.045391719183333290e+00,1.004812905262588221e-02,1.851492491377689995e-02
3.047889989666666466e+00,1.008133166083953307e-02,1.852896797845886637e-02
3.050388260150000086e+00,1.011471823887286244e-02,1.846991576131364055e-02
3.052886530633333262e+00,1.014829014248163318e-02,1.841086354416841125e-02
3.055384801116666882e+00,1.018204873998594315e-02,1.835181132702317156e-02
3.057883071600000058e+00,1.021599541240202601e-02,1.829275910987794226e-02
3.060381342083333234e+00,1.025013155359192490e-02,1.823370689273271644e-02
3.062879612566666854e+00,1.028445857039982959e-02,1.817465467558747674e-02
3.065377883050000030e+00,1.031897788280476159e-02,1.811560245844224745e-02
3.067876153533333206e+00,1.035369092406117353e-02,1.805655024129701816e-02
3.070374424016666826e+00,1.038859914085548015e-02,1.799749802415177846e-02
3.072872694500000001e+00,1.042370399344990858e-02,1.793844580700654917e-02
3.075370964983333177e+00,1.045900695584396460e-02,1.781837441676356604e-02
3.077869235466666797e+00,1.049450951592173671e-02,1.769830302652056209e-02
3.080367505949999973e+00,1.053021317561759693e-02,1.757823163627757548e-02
3.082865776433333149e+00,1.056611945106755886e-02,1.745816024603459235e-02
3.085364046916666769e+00,1.060222987277908632e-02,1.733808885579158840e-02
3.087862317399999945e+00,1.063854598578716643e-02,1.721801746554860527e-02
3.090360587883333565e+00,1.067506934982816007e-02,1.709794607530560132e-02
3.092858858366666741e+00,1.071180153950016499e-02,1.697787468506261471e-02
3.095357128849999917e+00,1.074874414444157607e-02,1.685780329481963158e-02
3.097855399333333537e+00,1.078589876949594302e-02,1.673773190457662763e-02
3.100353669816666713e+00,1.082326703489502710e-02,1.657642083601084532e-02
3.102851940299999889e+00,1.086085057642878146e-02,1.641510976744506647e-02
3.105350210783333509e+00,1.089865104563237340e-02,1.625379869887925641e-02
3.107848481266666685e+00,1.093667010996143309e-02,1.609248763031347410e-02
3.110346751749999861e+00,1.097490945298445347e-02,1.593117656174769178e-02
3.112845022233333481e+00,1.101337077456229774e-02,1.576986549318188172e-02
3.115343292716666657e+00,1.105205579104574960e-02,1.560855442461610287e-02
3.117841563199999833e+00,1.109096623546064996e-02,1.544724335605032056e-02
3.120339833683333453e+00,1.113010385771039980e-02,1.528593228748451049e-02
3.122838104166666628e+00,1.116947042476606859e-02,1.512462121891872992e-02
3.125336374649999804e+00,1.120906772087461832e-02,1.494701850936937769e-02
3.127834645133333424e+00,1.124889754775472775e-02,1.476941579981999597e-02
3.130332915616666600e+00,1.128896172481011484e-02,1.459181309027064374e-02
3.132831186100000220e+00,1.132926208933103356e-02,1.441421038072126029e-02
3.135329456583333396e+00,1.136980049671367302e-02,1.423660767117190806e-02
3.137827727066666572e+00,1.141057882066735807e-02,1.405900496162255757e-02
3.140325997550000192e+00,1.145159895343956201e-02,1.388140225207317412e-02
3.142824268033333368e+00,1.149286280602950135e-02,1.370379954252382189e-02
3.145322538516666544e+00,1.153437230841891301e-02,1.352619683297447140e-02
3.147820809000000164e+00,1.157612940979218207e-02,1.334859412342508794e-02
3.150319079483333340e+00,1.161813607877353396e-02,1.318137738914386056e-02
3.152817349966666516e+00,1.166039430365279662e-02,1.301416065486263318e-02
3.155315620450000136e+00,1.170290609262996523e-02,1.284694392058137631e-02
3.157813890933333312e+00,1.174567347404718680e-02,1.267972718630014893e-02
3.160312161416666488e+00,1.178869849664009040e-02,1.251251045201892155e-02
3.162810431900000108e+00,1.183198322977654059e-02,1.234529371773766468e-02
3.165308702383333284e+00,1.187552976371496379e-02,1.217807698345643730e-02
3.167806972866666460e+00,1.191934020985026960e-02,1.201086024917520992e-02
3.170305243350000080e+00,1.196341670097911952e-02,1.184364351489395305e-02
3.172803513833333255e+00,1.200776139155332149e-02,1.167642678061272567e-02
3.175301784316666875e+00,1.205237645795229073e-02,1.154415325421299758e-02
3.177800054800000051e+00,1.209726409874431648e-02,1.141187972781329378e-02
3.180298325283333227e+00,1.214242653496629999e-02,1.127960620141358998e-02
3.182796595766666847e+00,1.218786601039294377e-02,1.114733267501386189e-02
3.185294866250000023e+00,1.223358479182446758e-02,1.101505914861415636e-02
3.187793136733333199e+00,1.227958516936391263e-02,1.088278562221445256e-02
3.190291407216666819e+00,1.232586945671240719e-02,1.075051209581472447e-02
3.192789677699999995e+00,1.237243999145534734e-02,1.061823856941502067e-02
3.195287948183333171e+00,1.241929913536658769e-02,1.048596504301531687e-02
3.197786218666666791e+00,1.246644927470192017e-02,1.035369151661558879e-02
3.200284489149999967e+00,1.251389282051289416e-02,1.027514309709011420e-02
3.202782759633333143e+00,1.256163220894896022e-02,1.019659467756463961e-02
3.205281030116666763e+00,1.260966990158006451e-02,1.011804625803915288e-02
3.207779300599999939e+00,1.265800838570840629e-02,1.003949783851367829e-02
3.210277571083333559e+00,1.270665017470013793e-02,9.960949418988189821e-03
3.212775841566666735e+00,1.275559780830636675e-02,9.882400999462715233e-03
3.215274112049999911e+00,1.280485385300476030e-02,9.803852579937240644e-03
3.217772382533333531e+00,1.285442090233040839e-02,9.725304160411753912e-03
3.220270653016666706e+00,1.290430157722703176e-02,9.646755740886279323e-03
3.222768923499999882e+00,1.295449852638872086e-02,9.568207321360804735e-03
3.225267193983333502e+00,1.300501442662052240e-02,9.553547197257771656e-03
3.227765464466666678e+00,1.305585198319103232e-02,9.538887073154754190e-03
3.230263734949999854e+00,1.310701393020398051e-02,9.524226949051734989e-03
3.232762005433333474e+00,1.315850303096140206e-02,9.509566824948714053e-03
3.235260275916666650e+00,1.321032207834613691e-02,9.494906700845696587e-03
3.237758546399999826e+00,1.326247389519649537e-02,9.480246576742677386e-03
3.240256816883333446e+00,1.331496133469998663e-02,9.465586452639656451e-03
3.242755087366666622e+00,1.336778728077936927e-02,9.450926328536638985e-03
3.245253357849999798e+00,1.342095464849888363e-02,9.436266204433619784e-03
3.247751628333333418e+00,1.347446638446180879e-02,9.421606080330598848e-03
3.250249898816666594e+00,1.352832546722895594e-02,9.470862304939235352e-03
3.252748169300000214e+00,1.358253490772875008e-02,9.520118529547882263e-03
3.255246439783333390e+00,1.363709774968829315e-02,9.569374754156518767e-03
3.257744710266666566e+00,1.369201707005676324e-02,9.618630978765157005e-03
3.260242980750000186e+00,1.374729597944906838e-02,9.667887203373803917e-03
3.262741251233333362e+00,1.380293762258266894e-02,9.717143427982440421e-03
3.265239521716666538e+00,1.385894517873497052e-02,9.766399652591076924e-03
3.267737792200000158e+00,1.391532186219403625e-02,9.815655877199723836e-03
3.270236062683333333e+00,1.397207092272993896e-02,9.864912101808360340e-03
3.272734333166666509e+00,1.402919564605942075e-02,9.914168326416998578e-03
3.275232603650000129e+00,1.408669935433253147e-02,1.001735949224253144e-02
3.277730874133333305e+00,1.414458540661169862e-02,1.012055065806805390e-02
3.280229144616666481e+00,1.420285719937348402e-02,1.022374182389357809e-02
3.282727415100000101e+00,1.426151816700297129e-02,1.032693298971911963e-02
3.285225685583333277e+00,1.432057178231115752e-02,1.043012415554464209e-02
3.287723956066666897e+00,1.438002155704556743e-02,1.053331532137018363e-02
3.290222226550000073e+00,1.443987104242363401e-02,1.063650648719570782e-02
3.292720497033333249e+00,1.450012382965974733e-02,1.073969765302123028e-02
3.295218767516666869e+00,1.456078355051520362e-02,1.084288881884677182e-02
3.297717038000000045e+00,1.462185387784319980e-02,1.094607998467229601e-02
3.300215308483333221e+00,1.468333852615542542e-02,1.108503163353502866e-02
3.302713578966666841e+00,1.474524125218493881e-02,1.122398328239778559e-02
3.305211849450000017e+00,1.480756585547115221e-02,1.136293493126051823e-02
3.307710119933333193e+00,1.487031617894078554e-02,1.150188658012325088e-02
3.310208390416666813e+00,1.493349610951156398e-02,1.164083822898600781e-02
3.312706660899999989e+00,1.499710957869242536e-02,1.177978987784874046e-02
3.315204931383333165e+00,1.506116056320681504e-02,1.191874152671147484e-02
3.317703201866666785e+00,1.512565308561210006e-02,1.205769317557423177e-02
3.320201472349999960e+00,1.519059121494377614e-02,1.219664482443696442e-02
3.322699742833333136e+00,1.525597906735474615e-02,1.233559647329969707e-02
3.325198013316666756e+00,1.532182080678061789e-02,1.248721053806165458e-02
3.327696283799999932e+00,1.538812064560086956e-02,1.263882460282358608e-02
3.330194554283333552e+00,1.545488284532497286e-02,1.279043866758554533e-02
3.332692824766666728e+00,1.552211171727607003e-02,1.294205273234747856e-02
3.335191095249999904e+00,1.558981162329997269e-02,1.309366679710941006e-02
3.337689365733333524e+00,1.565798697647131921e-02,1.324528086187136931e-02
3.340187636216666700e+00,1.572664224182589165e-02,1.339689492663330254e-02
3.342685906699999876e+00,1.579578193709117728e-02,1.354850899139523404e-02
3.345184177183333496e+00,1.586541063344254487e-02,1.370012305615719503e-02
3.347682447666666672e+00,1.593553295625855029e-02,1.385173712091912653e-02
3.350180718149999848e+00,1.600615358590245021e-02,1.399222136898102889e-02
3.352678988633333468e+00,1.607727725850319200e-02,1.413270561704295554e-02
3.355177259116666644e+00,1.614890876676314604e-02,1.427318986510485617e-02
3.357675529599999820e+00,1.622105296076615730e-02,1.441367411316675853e-02
3.360173800083333440e+00,1.629371474881152401e-02,1.455415836122868518e-02
3.362672070566666616e+00,1.636689909825071385e-02,1.469464260929058755e-02
3.365170341050000236e+00,1.644061103634953530e-02,1.483512685735251420e-02
3.367668611533333412e+00,1.651485565115310208e-02,1.497561110541441483e-02
3.370166882016666587e+00,1.658963809237817832e-02,1.511609535347631719e-02
3.372665152500000207e+00,1.666496357230739037e-02,1.525657960153824384e-02
3.375163422983333383e+00,1.674083736671250905e-02,1.536596502496523527e-02
3.377661693466666559e+00,1.681726481578019530e-02,1.547535044839222843e-02
3.380159963950000179e+00,1.689425132506604602e-02,1.558473587181923893e-02
3.382658234433333355e+00,1.697180236645364285e-02,1.569412129524623209e-02
3.385156504916666531e+00,1.704992347914143294e-02,1.580350671867322351e-02
3.387654775400000151e+00,1.712862027063528220e-02,1.591289214210023575e-02
3.390153045883333327e+00,1.720789841776974166e-02,1.602227756552722718e-02
3.392651316366666503e+00,1.728776366773550344e-02,1.613166298895421860e-02
3.395149586850000123e+00,1.736822183913732873e-02,1.624104841238123084e-02
3.397647857333333299e+00,1.744927882305673944e-02,1.635043383580822227e-02
3.400146127816666475e+00,1.753094058414764872e-02,1.641663654730230251e-02
3.402644398300000095e+00,1.761321316173750096e-02,1.648283925879639317e-02
3.405142668783333271e+00,1.769610267096068112e-02,1.654904197029047341e-02
3.407640939266666891e+00,1.777961530389986222e-02,1.661524468178456407e-02
3.410139209750000067e+00,1.786375733075970876e-02,1.668144739327864431e-02
3.412637480233333243e+00,1.794853510104869876e-02,1.674765010477272456e-02
3.415135750716666863e+00,1.803395504479534880e-02,1.681385281626681522e-02
3.417634021200000038e+00,1.812002367377306064e-02,1.688005552776089546e-02
3.420132291683333214e+00,1.820674758275923205e-02,1.694625823925497571e-02
3.422630562166666834e+00,1.829413345080534853e-02,1.701246095074906636e-02
3.425128832650000010e+00,1.838218804254170349e-02,1.703419362390089578e-02
3.427627103133333186e+00,1.847091820949329014e-02,1.705592629705272173e-02
3.430125373616666806e+00,1.856033089143230980e-02,1.707765897020455462e-02
3.432623644099999982e+00,1.865043311774268811e-02,1.709939164335638057e-02
3.435121914583333158e+00,1.874123200882192239e-02,1.712112431650820998e-02
3.437620185066666778e+00,1.883273477749538780e-02,1.714285698966004287e-02
3.440118455549999954e+00,1.892494873047061502e-02,1.716458966281186882e-02
3.442616726033333130e+00,1.901788126980373528e-02,1.718632233596369824e-02
3.445114996516666750e+00,1.911153989440717363e-02,1.720805500911552766e-02
3.447613266999999926e+00,1.920593220157135184e-02,1.722978768226735707e-02
3.450111537483333546e+00,1.930106588852822241e-02,1.721778583147116209e-02
3.452609807966666722e+00,1.939694875403028679e-02,1.720578398067497058e-02
3.455108078449999898e+00,1.949358869997202745e-02,1.719378212987877561e-02
3.457606348933333518e+00,1.959099373302908981e-02,1.718178027908258063e-02
3.460104619416666694e+00,1.968917196634035680e-02,1.716977842828638912e-02
3.462602889899999870e+00,1.978813162120933097e-02,1.715777657749019761e-02
3.465101160383333490e+00,1.988788102885005044e-02,1.714577472669400263e-02
3.467599430866666665e+00,1.998842863215314833e-02,1.713377287589780765e-02
3.470097701349999841e+00,2.008978298749770908e-02,1.712177102510161614e-02
3.472595971833333461e+00,2.019195276658566907e-02,1.710976917430542116e-02
3.475094242316666637e+00,2.029494675832316936e-02,1.708604376965010274e-02
3.477592512799999813e+00,2.039877387072505655e-02,1.706231836499478086e-02
3.480090783283333433e+00,2.050344313286834447e-02,1.703859296033945897e-02
3.482589053766666609e+00,2.060896369687150245e-02,1.701486755568413708e-02
3.485087324250000229e+00,2.071534483992282238e-02,1.699114215102881520e-02
3.487585594733333405e+00,2.082259596633685012e-02,1.696741674637349331e-02
3.490083865216666581e+00,2.093072660966192183e-02,1.694369134171817490e-02
3.492582135700000201e+00,2.103974643481710052e-02,1.691996593706284954e-02
3.495080406183333377e+00,2.114966524028204231e-02,1.689624053240753113e-02
3.497578676666666553e+00,2.126049296031822314e-02,1.687251512775220924e-02
3.500076947150000173e+00,2.137223966724504515e-02,1.686763698743434445e-02
3.502575217633333349e+00,2.148491557374912139e-02,1.686275884711648659e-02
3.505073488116666525e+00,2.159853103525058438e-02,1.685788070679862527e-02
3.507571758600000145e+00,2.171309655230409946e-02,1.685300256648076395e-02
3.510070029083333321e+00,2.182862277305940707e-02,1.684812442616290609e-02
3.512568299566666497e+00,2.194512049575909549e-02,1.684324628584504477e-02
3.515066570050000117e+00,2.206260067129744637e-02,1.683836814552718344e-02
3.517564840533333292e+00,2.218107440581858561e-02,1.683349000520932559e-02
3.520063111016666468e+00,2.230055296337875304e-02,1.682861186489146427e-02
3.522561381500000088e+00,2.242104776865010141e-02,1.682373372457360294e-02
3.525059651983333264e+00,2.254257040969008530e-02,1.687245313794772175e-02
3.527557922466666884e+00,2.266513264075633791e-02,1.692117255132184750e-02
3.530056192950000060e+00,2.278874638518887247e-02,1.696989196469596631e-02
3.532554463433333236e+00,2.291342373833991919e-02,1.701861137807008512e-02
3.535052733916666856e+00,2.303917697057497257e-02,1.706733079144421086e-02
3.537551004400000032e+00,2.316601853032340327e-02,1.711605020481832967e-02
3.540049274883333208e+00,2.329396104720302813e-02,1.716476961819244848e-02
3.542547545366666828e+00,2.342301733519812357e-02,1.721348903156657423e-02
3.545045815850000004e+00,2.355320039591325340e-02,1.726220844494069304e-02
3.547544086333333180e+00,2.368452342188381507e-02,1.731092785831481184e-02
3.550042356816666800e+00,2.381699979996622016e-02,1.744669276361366164e-02
3.552540627299999976e+00,2.395064311478765223e-02,1.758245766891250450e-02
3.555038897783333152e+00,2.408546715227883120e-02,1.771822257421134736e-02
3.557537168266666772e+00,2.422148590326887382e-02,1.785398747951021450e-02
3.560035438749999948e+00,2.435871356716846556e-02,1.798975238480905736e-02
3.562533709233333568e+00,2.449716455571735590e-02,1.812551729010792451e-02
3.565031979716666743e+00,2.463685349682382883e-02,1.826128219540676736e-02
3.567530250199999919e+00,2.477779523847329496e-02,1.839704710070561022e-02
3.570028520683333539e+00,2.492000485273183907e-02,1.853281200600447737e-02
3.572526791166666715e+00,2.506349763982344131e-02,1.866857691130332023e-02
3.575025061649999891e+00,2.520828913230588331e-02,1.891769985301529344e-02
3.577523332133333511e+00,2.535439509932466487e-02,1.916682279472730829e-02
3.580021602616666687e+00,2.550183155097018525e-02,1.941594573643928151e-02
3.582519873099999863e+00,2.565061474271743136e-02,1.966506867815125473e-02
3.585018143583333483e+00,2.580076117997292737e-02,1.991419161986326958e-02
3.587516414066666659e+00,2.595228762270957237e-02,2.016331456157524279e-02
3.590014684549999835e+00,2.610521109021322894e-02,2.041243750328721254e-02
3.592512955033333455e+00,2.625954886592246629e-02,2.066156044499923086e-02
3.595011225516666631e+00,2.641531850238526200e-02,2.091068338671120408e-02
3.597509495999999807e+00,2.657253782631341724e-02,2.115980632842317383e-02
3.600007766483333427e+00,2.673122494376007144e-02,2.153612091867135661e-02
3.602506036966666603e+00,2.689139824540077647e-02,2.191243550891949082e-02
3.605004307450000223e+00,2.705307641194218404e-02,2.228875009916769442e-02
3.607502577933333399e+00,2.721627841964154373e-02,2.266506468941583211e-02
3.610000848416666575e+00,2.738102354595918497e-02,2.304137927966396979e-02
3.612499118900000195e+00,2.754733137532831833e-02,2.341769386991217339e-02
3.614997389383333370e+00,2.771522180506402408e-02,2.379400846016031107e-02
3.617495659866666546e+00,2.788471505139621803e-02,2.417032305040844528e-02
3.619993930350000166e+00,2.805583165564911122e-02,2.454663764065664888e-02
3.622492200833333342e+00,2.822859249055114511e-02,2.492295223090478656e-02
3.624990471316666518e+00,2.840301876669867887e-02,2.542378374016331100e-02
3.627488741800000138e+00,2.857913203915774317e-02,2.592461524942192563e-02
3.629987012283333314e+00,2.875695421422730727e-02,2.642544675868045354e-02
3.632485282766666490e+00,2.893650755634820729e-02,2.692627826793897797e-02
3.634983553250000110e+00,2.911781469518231677e-02,2.742710977719759260e-02
3.637481823733333286e+00,2.930089863284464705e-02,2.792794128645611704e-02
3.639980094216666462e+00,2.948578275131529328e-02,2.842877279571464494e-02
3.642478364700000082e+00,2.967249082001322327e-02,2.892960430497325958e-02
3.644976635183333258e+00,2.986104700355800279e-02,2.943043581423178401e-02
3.647474905666666878e+00,3.005147586970387252e-02,2.993126732349039865e-02
3.649973176150000054e+00,3.024380239747117075e-02,3.053542214340601579e-02
3.652471446633333230e+00,3.043805198545982554e-02,3.113957696332163294e-02
3.654969717116666850e+00,3.063425046037063573e-02,3.174373178323735417e-02
3.657467987600000026e+00,3.083242408571948423e-02,3.234788660315297132e-02
3.659966258083333202e+00,3.103259957076999476e-02,3.295204142306858847e-02
3.662464528566666822e+00,3.123480407967074018e-02,3.355619624298431664e-02
3.664962799049999997e+00,3.143906524082205889e-02,3.416035106289993378e-02
3.667461069533333173e+00,3.164541115645965602e-02,3.476450588281555093e-02
3.669959340016666793e+00,3.185387041248046586e-02,3.536866070273127216e-02
3.672457610499999969e+00,3.206447208849767111e-02,3.597281552264688931e-02
3.674955880983333145e+00,3.227724576815168417e-02,3.664108461107502129e-02
3.677454151466666765e+00,3.249222154966284470e-02,3.730935369950326430e-02
3.679952421949999941e+00,3.270943005665508801e-02,3.797762278793139629e-02
3.682450692433333561e+00,3.292890244923583204e-02,3.864589187635964623e-02
3.684948962916666737e+00,3.315067043536051861e-02,3.931416096478777822e-02
3.687447233399999913e+00,3.337476628247004751e-02,3.998243005321590327e-02
3.689945503883333533e+00,3.360122282942862998e-02,4.065069914164415321e-02
3.692443774366666709e+00,3.383007349875037650e-02,4.131896823007228520e-02
3.694942044849999885e+00,3.406135230914309614e-02,4.198723731850041024e-02
3.697440315333333505e+00,3.429509388835921130e-02,4.265550640692866019e-02
3.699938585816666681e+00,3.453133348638145333e-02,4.333390101366948327e-02
3.702436856299999857e+00,3.477010698893394369e-02,4.401229562041030635e-02
3.704935126783333477e+00,3.501145093134786640e-02,4.469069022715124739e-02
3.707433397266666653e+00,3.525540251277205911e-02,4.536908483389207047e-02
3.709931667749999828e+00,3.550199961075884564e-02,4.604747944063289355e-02
3.712429938233333448e+00,3.575128079621631844e-02,4.672587404737384154e-02
3.714928208716666624e+00,3.600328534875750497e-02,4.740426865411466462e-02
3.717426479199999800e+00,3.625805327243799420e-02,4.808266326085548770e-02
3.719924749683333420e+00,3.651562531191512861e-02,4.876105786759642874e-02
3.722423020166666596e+00,3.677604296901930414e-02,4.943945247433725182e-02
3.724921290650000216e+00,3.703934851977112863e-02,5.006507466339134294e-02
3.727419561133333392e+00,3.730558503183781932e-02,5.069069685244531609e-02
3.729917831616666568e+00,3.757479638246125769e-02,5.131631904149929618e-02
3.732416102100000188e+00,3.784702727685363560e-02,5.194194123055338036e-02
3.734914372583333364e+00,3.812232326709256297e-02,5.256756341960736045e-02
3.737412643066666540e+00,3.840073077151370112e-02,5.319318560866134055e-02
3.739910913550000160e+00,3.868229709463413130e-02,5.381880779771542472e-02
3.742409184033333336e+00,3.896707044760368277e-02,5.444442998676940482e-02
3.744907454516666512e+00,3.925509996922073308e-02,5.507005217582337797e-02
3.747405725000000132e+00,3.954643574750920515e-02,5.569567436487746909e-02
3.749903995483333308e+00,3.984112884189530690e-02,5.620480129208876852e-02
3.752402265966666484e+00,4.013923130598238964e-02,5.671392821930006101e-02
3.754900536450000104e+00,4.044079621096247773e-02,5.722305514651145064e-02
3.757398806933333280e+00,4.074587766966406011e-02,5.773218207372274313e-02
3.759897077416666900e+00,4.105453086127867218e-02,5.824130900093413277e-02
3.762395347900000075e+00,4.136681205676445011e-02,5.875043592814543220e-02
3.764893618383333251e+00,4.168277864497090673e-02,5.925956285535672469e-02
3.767391888866666871e+00,4.200248915948698314e-02,5.976868978256811432e-02
3.769890159350000047e+00,4.232600330625583412e-02,6.027781670977940681e-02
3.772388429833333223e+00,4.265338199196069824e-02,6.078694363699070624e-02
3.774886700316666843e+00,4.298468735322759360e-02,6.112460517748101452e-02
3.777384970800000019e+00,4.331998278665066121e-02,6.146226671797123953e-02
3.779883241283333195e+00,4.365933297968779825e-02,6.179992825846145760e-02
3.782381511766666815e+00,4.400280394243420018e-02,6.213758979895173812e-02
3.784879782249999991e+00,4.435046304032340403e-02,6.247525133944195619e-02
3.787378052733333167e+00,4.470237902776609540e-02,6.281291287993218120e-02
3.789876323216666787e+00,4.505862208277783276e-02,6.315057442042246172e-02
3.792374593699999963e+00,4.541926384260897703e-02,6.348823596091267285e-02
3.794872864183333139e+00,4.578437744042949953e-02,6.382589750140289786e-02
3.797371134666666759e+00,4.615403754308432943e-02,6.416355904189317838e-02
3.799869405149999935e+00,4.652832038997627845e-02,6.429364403067430733e-02
3.802367675633333555e+00,4.690730383309248824e-02,6.442372901945547792e-02
3.804865946116666731e+00,4.729106737823519230e-02,6.455381400823660687e-02
3.807364216599999907e+00,4.767969222747631824e-02,6.468389899701773582e-02
3.809862487083333527e+00,4.807326132289929665e-02,6.481398398579890641e-02
3.812360757566666702e+00,4.847185939164986440e-02,6.494406897458003536e-02
3.814859028049999878e+00,4.887557299236283681e-02,6.507415396336116431e-02
3.817357298533333498e+00,4.928449056299157721e-02,6.520423895214232102e-02
3.819855569016666674e+00,4.969870247010878261e-02,6.533432394092346385e-02
3.822353839499999850e+00,5.011830105970943583e-02,6.546440892970459280e-02
3.824852109983333470e+00,5.054338070958842855e-02,6.537917385129068948e-02
3.827350380466666646e+00,5.097403788332834779e-02,6.529393877287677228e-02
3.829848650949999822e+00,5.141037118597306665e-02,6.520870369446284120e-02
3.832346921433333442e+00,5.185248142142763472e-02,6.512346861604891013e-02
3.834845191916666618e+00,5.230047165166375189e-02,6.503823353763497905e-02
3.837343462399999794e+00,5.275444725777665017e-02,6.495299845922104798e-02
3.839841732883333414e+00,5.321451600297795459e-02,6.486776338080711690e-02
3.842340003366666590e+00,5.368078809757369924e-02,6.478252830239318583e-02
3.844838273850000210e+00,5.415337626601854359e-02,6.469729322397925475e-02
3.847336544333333386e+00,5.463239581610145057e-02,6.461205814556532367e-02
3.849834814816666562e+00,5.511796471035745187e-02,6.433985641968412161e-02
3.852333085300000182e+00,5.561020363976787451e-02,6.406765469380287792e-02
3.854831355783333358e+00,5.610923609984999616e-02,6.379545296792167586e-02
3.857329626266666533e+00,5.661518846920390868e-02,6.352325124204047380e-02
3.859827896750000154e+00,5.712819009062523185e-02,6.325104951615923010e-02
3.862326167233333329e+00,5.764837335485637621e-02,6.297884779027802804e-02
3.864824437716666505e+00,5.817587378709354606e-02,6.270664606439682598e-02
3.867322708200000125e+00,5.871083013632947406e-02,6.243444433851558228e-02
3.869820978683333301e+00,5.925338446765567035e-02,6.216224261263438716e-02
3.872319249166666477e+00,5.980368225761242135e-02,6.189004088675318510e-02
3.874817519650000097e+00,6.036187249271787736e-02,6.150015635812371151e-02
3.877315790133333273e+00,6.092810777127391497e-02,6.111027182949428649e-02
3.879814060616666893e+00,6.150254440858753807e-02,6.072038730086479208e-02
3.882312331100000069e+00,6.208534254571505123e-02,6.033050277223536706e-02
3.884810601583333245e+00,6.267666626187681778e-02,5.994061824360594204e-02
3.887308872066666865e+00,6.327668369065836407e-02,5.955073371497645457e-02
3.889807142550000041e+00,6.388556714015790339e-02,5.916084918634702955e-02
3.892305413033333217e+00,6.450349321720399987e-02,5.877096465771760453e-02
3.894803683516666837e+00,6.513064295581319496e-02,5.838108012908811012e-02
3.897301954000000013e+00,6.576720195002588865e-02,5.799119560045868510e-02
3.899800224483333189e+00,6.641336049129778485e-02,5.759485586818888225e-02
3.902298494966666809e+00,6.706931371059741964e-02,5.719851613591901002e-02
3.904796765449999985e+00,6.773526172540074441e-02,5.680217640364921411e-02
3.907295035933333160e+00,6.841140979174355208e-02,5.640583667137941126e-02
3.909793306416666780e+00,6.909796846153562488e-02,5.600949693910953903e-02
3.912291576899999956e+00,6.979515374531111704e-02,5.561315720683973618e-02
3.914789847383333132e+00,7.050318728063155460e-02,5.521681747456994027e-02
3.917288117866666752e+00,7.122229650632880271e-02,5.482047774230006804e-02
3.919786388349999928e+00,7.195271484282012020e-02,5.442413801003026519e-02
3.922284658833333548e+00,7.269468187869480846e-02,5.402779827776039295e-02
3.924782929316666724e+00,7.344844356381975692e-02,5.377475518104075924e-02
3.927281199799999900e+00,7.421425240917860211e-02,5.352171208432112554e-02
3.929779470283333520e+00,7.499236769370570821e-02,5.326866898760144325e-02
3.932277740766666696e+00,7.578305567834441037e-02,5.301562589088180955e-02
3.934776011249999872e+00,7.658658982760611911e-02,5.276258279416217584e-02
3.937274281733333492e+00,7.740325103887403524e-02,5.250953969744249356e-02
3.939772552216666668e+00,7.823332787974199287e-02,5.225649660072285985e-02
3.942270822699999844e+00,7.907711683364562760e-02,5.200345350400322614e-02
3.944769093183333464e+00,7.993492255408887748e-02,5.175041040728354386e-02
3.947267363666666640e+00,8.080705812773356089e-02,5.149736731056391015e-02
3.949765634149999816e+00,8.169384534666425390e-02,5.156784247196439380e-02
3.952263904633333436e+00,8.259561499010262264e-02,5.163831763336489133e-02
3.954762175116666612e+00,8.351270711588643092e-02,5.170879279476538193e-02
3.957260445600000232e+00,8.444547136198846116e-02,5.177926795616587946e-02
3.959758716083333407e+00,8.539426725838542009e-02,5.184974311756636312e-02
3.962256986566666583e+00,8.635946454954381013e-02,5.192021827896684677e-02
3.964755257050000203e+00,8.734144352781865461e-02,5.199069344036734430e-02
3.967253527533333379e+00,8.834059537801537687e-02,5.206116860176783490e-02
3.969751798016666555e+00,8.935732253338483921e-02,5.213164376316831855e-02
3.972250068500000175e+00,9.039203904327608452e-02,5.220211892456881608e-02
3.974748338983333351e+00,9.144517095268496487e-02,5.279438712268771233e-02
3.977246609466666527e+00,9.251715669388811680e-02,5.338665532080660164e-02
3.979744879950000147e+00,9.360844749036953405e-02,5.397892351892560198e-02
3.982243150433333323e+00,9.471950777319183834e-02,5.457119171704449129e-02
3.984741420916666499e+00,9.585081560999146599e-02,5.516345991516338754e-02
3.987239691400000119e+00,9.700286314672500187e-02,5.575572811328238787e-02
3.989737961883333295e+00,9.817615706232685202e-02,5.634799631140127718e-02
3.992236232366666471e+00,9.937121903639882514e-02,5.694026450952017343e-02
3.994734502850000091e+00,1.005885862300911621e-01,5.753253270763916682e-02
3.997232773333333267e+00,1.018288117803108350e-01,5.812480090575806307e-02
3.999731043816666887e+00,1.030924653074416636e-01,5.943917668212498479e-02
4.002229314300000063e+00,1.043801334367448486e-01,6.075355245849180241e-02
4.004727584783333683e+00,1.056924203336713913e-01,6.206792823485884902e-02
4.007225855266666414e+00,1.070299482533057789e-01,6.338230401122543767e-02
4.009724125750000034e+00,1.083933581042268862e-01,6.469667978759248428e-02
4.012222396233333654e+00,1.097833100270607376e-01,6.601105556395953089e-02
4.014720666716666386e+00,1.112004839880584295e-01,6.732543134032611953e-02
4.017218937200000006e+00,1.126455803880095502e-01,6.863980711669318002e-02
4.019717207683333626e+00,1.141193206868378607e-01,6.995418289306022663e-02
4.022215478166666358e+00,1.156224480441703367e-01,7.126855866942680140e-02
4.024713748649999978e+00,1.171557279761661630e-01,7.348900770953499528e-02
4.027212019133333598e+00,1.187199490287702552e-01,7.570945674964352223e-02
4.029710289616666330e+00,1.203159234674787831e-01,7.792990578975124427e-02
4.032208560099999950e+00,1.219444879834858386e-01,8.015035482985977122e-02
4.034706830583333570e+00,1.236065044158792259e-01,8.237080386996828429e-02
4.037205101066666302e+00,1.253028604892009179e-01,8.459125291007602021e-02
4.039703371549999922e+00,1.270344705653266293e-01,8.681170195018453328e-02
4.042201642033333542e+00,1.288022764080882510e-01,8.903215099029304636e-02
4.044699912516666274e+00,1.306072479585242418e-01,9.125260003040078227e-02
4.047198182999999894e+00,1.324503841179313635e-01,9.347304907050929534e-02
4.049696453483333514e+00,1.343327135351833623e-01,9.674800967986568745e-02
4.052194723966666245e+00,1.362552953939446809e-01,1.000229702892208999e-01
4.054692994449999865e+00,1.382192201946176313e-01,1.032979308985772920e-01
4.057191264933333485e+00,1.402256105250149487e-01,1.065728915079336703e-01
4.059689535416667105e+00,1.422756218130454553e-01,1.098478521172900624e-01
4.062187805899999837e+00,1.443704430540464212e-01,1.131228127266452888e-01
4.064686076383333457e+00,1.465112975050055499e-01,1.163977733360016670e-01
4.067184346866667077e+00,1.486994433376948310e-01,1.196727339453580591e-01
4.069682617349999809e+00,1.509361742429087827e-01,1.229476945547132716e-01
4.072180887833333429e+00,1.532228199784363976e-01,1.262226551640696637e-01
4.074679158316667049e+00,1.555607468543068472e-01,1.306468765315502156e-01
4.077177428799999781e+00,1.579513581500627817e-01,1.350710978990291855e-01
4.079675699283333401e+00,1.603960944605001548e-01,1.394953192665097097e-01
4.082173969766667021e+00,1.628964339682489326e-01,1.439195406339902616e-01
4.084672240249999753e+00,1.654538926438549606e-01,1.483437620014692315e-01
4.087170510733333373e+00,1.680700243764086943e-01,1.527679833689497557e-01
4.089668781216666993e+00,1.707464210402709348e-01,1.571922047364303077e-01
4.092167051699999725e+00,1.734847125057948636e-01,1.616164261039092775e-01
4.094665322183333345e+00,1.762865666041066870e-01,1.660406474713898017e-01
4.097163592666666965e+00,1.791536890576729824e-01,1.704648688388703537e-01
4.099661863149999697e+00,1.820878233895079912e-01,1.760641149914057568e-01
4.102160133633333317e+00,1.850907508241156352e-01,1.816633611439431584e-01
4.104658404116666937e+00,1.881642901925861255e-01,1.872626072964805599e-01
4.107156674599999668e+00,1.913102978523247566e-01,1.928618534490159908e-01
4.109654945083333288e+00,1.945306676286867320e-01,1.984610996015533924e-01
4.112153215566666908e+00,1.978273307810203829e-01,2.040603457540907661e-01
4.114651486049999640e+00,2.012022559893723306e-01,2.096595919066261970e-01
4.117149756533333260e+00,2.046574493502081593e-01,2.152588380591635986e-01
4.119648027016666880e+00,2.081949543601937236e-01,2.208580842117010001e-01
4.122146297499999612e+00,2.118168518564335079e-01,2.264573303642364033e-01
4.124644567983333232e+00,2.155252598700630740e-01,2.331776445877490889e-01
4.127142838466666852e+00,2.193223333381141282e-01,2.398979588112621908e-01
4.129641108949999584e+00,2.232102636069258350e-01,2.466182730347728780e-01
4.132139379433333204e+00,2.271912776497373165e-01,2.533385872582859522e-01
4.134637649916666824e+00,2.312676369125422071e-01,2.600589014817990541e-01
4.137135920400000444e+00,2.354416356966783919e-01,2.667792157053121560e-01
4.139634190883333176e+00,2.397155989851082192e-01,2.734995299288228710e-01
4.142132461366666796e+00,2.440918796226909937e-01,2.802198441523359174e-01
4.144630731850000416e+00,2.485728547698467239e-01,2.869401583758490193e-01
4.147129002333333148e+00,2.531609215641842381e-01,2.936604725993597342e-01
4.149627272816666768e+00,2.578584919461828218e-01,3.013633527795083200e-01
4.152125543300000388e+00,2.626679866324197477e-01,3.090662329596569058e-01
4.154623813783333119e+00,2.675918282525258096e-01,3.167691131398027715e-01
4.157122084266666739e+00,2.726324337026403422e-01,3.244719933199513573e-01
4.159620354750000359e+00,2.777922058071266020e-01,3.321748735000999431e-01
4.162118625233333091e+00,2.830735244195156097e-01,3.398777536802458088e-01
4.164616895716666711e+00,2.884787371309013304e-01,3.475806338603943946e-01
4.167115166200000331e+00,2.940101497866912661e-01,3.552835140405429804e-01
4.169613436683333063e+00,2.996700170383402861e-01,3.629863942206888461e-01
4.172111707166666683e+00,3.054605331728754702e-01,3.706892744008374319e-01
4.174609977650000303e+00,3.113838234675967431e-01,3.791536051087117110e-01
4.177108248133333035e+00,3.174419363082795487e-01,3.876179358165829925e-01
4.179606518616666655e+00,3.236368362852897196e-01,3.960822665244572716e-01
4.182104789100000275e+00,3.299703984423003611e-01,4.045465972323315507e-01
4.184603059583333007e+00,3.364444037968881140e-01,4.130109279402027767e-01
4.187101330066666627e+00,3.430605361818215848e-01,4.214752586480770558e-01
4.189599600550000247e+00,3.498203803722705896e-01,4.299395893559513349e-01
4.192097871033332979e+00,3.567254213701365195e-01,4.384039200638226164e-01
4.194596141516666599e+00,3.637770446163181015e-01,4.468682507716968955e-01
4.197094412000000219e+00,3.709765367998621444e-01,4.553325814795711746e-01
4.199592682483332950e+00,3.783250868357693197e-01,4.642635541502690422e-01
4.202090952966666570e+00,3.858237864974000120e-01,4.731945268209701294e-01
4.204589223450000190e+00,3.934736301223326072e-01,4.821254994916711611e-01
4.207087493933332922e+00,4.012755127693087842e-01,4.910564721623690287e-01
4.209585764416666542e+00,4.092302261954098297e-01,4.999874448330701160e-01
4.212084034900000162e+00,4.173384520522882557e-01,5.089184175037712032e-01
4.214582305383333782e+00,4.256007517720575284e-01,5.178493901744721795e-01
4.217080575866666514e+00,4.340175527286138091e-01,5.267803628451701581e-01
4.219578846350000134e+00,4.425891304174884855e-01,5.357113355158711343e-01
4.222077116833333754e+00,4.513155865921528176e-01,5.446423081865722216e-01
4.224575387316666486e+00,4.601968235195282309e-01,5.536869011957333830e-01
4.227073657800000106e+00,4.692325147614991310e-01,5.627314942048977642e-01
4.229571928283333726e+00,4.784220731395508186e-01,5.717760872140620343e-01
4.232070198766666458e+00,4.877646167811464095e-01,5.808206802232231958e-01
4.234568469250000078e+00,4.972589343634422621e-01,5.898652732323875769e-01
4.237066739733333698e+00,5.069034508464371758e-01,5.989098662415519581e-01
4.239565010216666430e+00,5.166961951090920380e-01,6.079544592507131195e-01
4.242063280700000050e+00,5.266347709555301293e-01,6.169990522598773897e-01
4.244561551183333670e+00,5.367163329346018585e-01,6.260436452690417708e-01
4.247059821666666402e+00,5.469375683087531748e-01,6.350882382782029323e-01
4.249558092150000022e+00,5.572946863158069197e-01,6.438561949441710119e-01
4.252056362633333642e+00,5.677834155928989102e-01,6.526241516101390916e-01
4.254554633116666373e+00,5.783990102836181757e-01,6.613921082761040626e-01
4.257052903599999993e+00,5.891362649402359652e-01,6.701600649420721423e-01
4.259551174083333613e+00,5.999895378807220681e-01,6.789280216080402219e-01
4.262049444566666345e+00,6.109527821868753206e-01,6.876959782740050819e-01
4.264547715049999965e+00,6.220195830611082721e-01,6.964639349399731616e-01
4.267045985533333585e+00,6.331831998230765812e-01,7.052318916059412413e-01
4.269544256016666317e+00,6.444366104526958461e-01,7.139998482719062123e-01
4.272042526499999937e+00,6.557725563015440740e-01,7.227678049378742919e-01
4.274540796983333557e+00,6.671835844263178661e-01,7.308565074136906814e-01
4.277039067466666289e+00,6.786620849672174716e-01,7.389452098895041843e-01
4.279537337949999909e+00,6.902003211157832219e-01,7.470339123653206848e-01
4.282035608433333529e+00,7.017904494971241025e-01,7.551226148411370742e-01
4.284533878916666261e+00,7.134245292272662908e-01,7.632113173169505771e-01
4.287032149399999881e+00,7.250945184833705870e-01,7.713000197927669666e-01
4.289530419883333501e+00,7.367922581181822750e-01,7.793887222685833560e-01
4.292028690366667121e+00,7.485094426256145850e-01,7.874774247443998565e-01
4.294526960849999853e+00,7.602375795792428725e-01,7.955661272202133594e-01
4.297025231333333473e+00,7.719679394711705944e-01,8.036548296960297488e-01
4.299523501816667093e+00,7.836914986243062042e-01,8.106760772172506568e-01
4.302021772299999824e+00,7.953988784861099059e-01,8.176973247384691224e-01
4.304520042783333444e+00,8.070802850904084114e-01,8.247185722596900304e-01
4.307018313266667064e+00,8.187254527571965479e-01,8.317398197809109384e-01
4.309516583749999796e+00,8.303235961603715465e-01,8.387610673021294039e-01
4.312014854233333416e+00,8.418633747141832657e-01,8.457823148233503119e-01
4.314513124716667036e+00,8.533328728092025584e-01,8.528035623445712199e-01
4.317011395199999768e+00,8.647195987803073525e-01,8.598248098657896854e-01
4.319509665683333388e+00,8.760105046396411410e-01,8.668460573870105934e-01
4.322007936166667008e+00,8.871920275965721192e-01,8.738673049082315014e-01
4.324506206649999740e+00,8.982501532658511145e-01,8.794738053016817325e-01
4.327004477133333360e+00,9.091704992944775743e-01,8.850803056951339620e-01
4.329502747616666980e+00,9.199384169833131342e-01,8.906868060885861915e-01
4.332001018099999712e+00,9.305391074093146697e-01,8.962933064820364226e-01
4.334499288583333332e+00,9.409577476352171121e-01,9.018998068754887631e-01
4.336997559066666952e+00,9.511796218863485253e-01,9.075063072689409926e-01
4.339495829549999684e+00,9.611902521306072700e-01,9.131128076623912238e-01
4.341994100033333304e+00,9.709755223551093106e-01,9.187193080558434533e-01
4.344492370516666924e+00,9.805217910131089898e-01,9.243258084492956828e-01
4.346990640999999655e+00,9.898159866194724543e-01,9.299323088427459139e-01
4.349488911483333275e+00,9.988456822843619909e-01,9.338417006196368941e-01
4.351987181966666896e+00,1.007599146054366956e+00,9.377510923965272083e-01
4.354485452449999627e+00,1.016065365221335171e+00,9.416604841734160791e-01
4.356983722933333247e+00,1.024234044188910620e+00,9.455698759503063933e-01
4.359481993416666867e+00,1.032095576971600703e+00,9.494792677271968184e-01
4.361980263899999599e+00,1.039640996851165067e+00,9.533886595040856893e-01
4.364478534383333219e+00,1.046861907040790296e+00,9.572980512809760034e-01
4.366976804866666839e+00,1.053750397325146082e+00,9.612074430578663176e-01
4.369475075350000459e+00,1.060298952482643831e+00,9.651168348347566317e-01
4.371973345833333191e+00,1.066500358800097636e+00,9.690262266116456136e-01
4.374471616316666811e+00,1.072347615125481823e+00,9.710406610133224259e-01
4.376969886800000431e+00,1.077833854660035451e+00,9.730550954149991272e-01
4.379468157283333163e+00,1.082952283078883804e+00,9.750695298166752734e-01
4.381966427766666783e+00,1.087696137624196036e+00,9.770839642183519747e-01
4.384464698250000403e+00,1.092058670591976366e+00,9.790983986200287870e-01
4.386962968733333135e+00,1.096033159204599317e+00,9.811128330217049331e-01
4.389461239216666755e+00,1.099612942310604469e+00,9.831272674233816344e-01
4.391959509700000375e+00,1.102791482772330189e+00,9.851417018250584468e-01
4.394457780183333107e+00,1.105562452884119029e+00,9.871561362267344819e-01
4.396956050666666727e+00,1.107919838798249845e+00,9.891705706284112942e-01
4.399454321150000347e+00,1.109858058802920988e+00,9.891902735051850692e-01
4.401952591633333078e+00,1.111372089462758783e+00,9.892099763819587332e-01
4.404450862116666698e+00,1.112457593145973478e+00,9.892296792587323973e-01
4.406949132600000318e+00,1.113111040350778236e+00,9.892493821355061723e-01
4.409447403083333050e+00,1.113329820511830270e+00,9.892690850122798363e-01
4.411945673566666670e+00,1.113112335596656566e+00,9.892887878890536113e-01
4.414443944050000290e+00,1.112458071751897926e+00,9.893084907658273863e-01
4.416942214533333022e+00,1.111367645469585330e+00,9.893281936426010503e-01
4.419440485016666642e+00,1.109842822138962681e+00,9.893478965193747143e-01
4.421938755500000262e+00,1.107886506343232158e+00,9.893675993961484894e-01
4.424437025983332994e+00,1.105502704761823551e+00,9.873973596178511336e-01
4.426935296466666614e+00,1.102696463957280271e+00,9.854271198395531117e-01
4.429433566950000234e+00,1.099473786578603285e+00,9.834568800612550898e-01
4.431931837433332966e+00,1.095841530529250818e+00,9.814866402829577341e-01
4.434430107916666586e+00,1.091807296374034175e+00,9.795164005046597122e-01
4.436928378400000206e+00,1.087379308660626043e+00,9.775461607263616903e-01
4.439426648883332938e+00,1.082566296895446367e+00,9.755759209480643346e-01
4.441924919366666558e+00,1.077377381648623400e+00,9.736056811697663127e-01
4.444423189850000178e+00,1.071821970696912540e+00,9.716354413914682908e-01
4.446921460333332909e+00,1.065909669292304685e+00,9.696652016131709351e-01
4.449419730816666529e+00,1.059650207626826379e+00,9.658133420637124988e-01
4.451918001300000149e+00,1.053053387418920739e+00,9.619614825142533965e-01
4.454416271783333769e+00,1.046129048346972290e+00,9.581096229647941831e-01
4.456914542266666501e+00,1.038887053873764676e+00,9.542577634153364130e-01
4.459412812750000121e+00,1.031337294910511515e+00,9.504059038658773106e-01
4.461911083233333741e+00,1.023489708820473965e+00,9.465540443164182083e-01
4.464409353716666473e+00,1.015354310508680413e+00,9.427021847669604382e-01
4.466907624200000093e+00,1.006941231820165816e+00,9.388503252175012248e-01
4.469405894683333713e+00,9.982607651937290827e-01,9.349984656680421224e-01
4.471904165166666445e+00,9.893234074945138623e-01,9.311466061185843524e-01
4.474402435650000065e+00,9.801399001648885001e-01,9.256166260689363545e-01
4.476900706133333685e+00,9.707212622630886356e-01,9.200866460192884677e-01
4.479398976616666417e+00,9.610788135655943254e-01,9.145566659696424683e-01
4.481897247100000037e+00,9.512241856459502376e-01,9.090266859199944705e-01
4.484395517583333657e+00,9.411693196584033361e-01,9.034967058703464726e-01
4.486893788066666389e+00,9.309264503958664116e-01,8.979667258207004732e-01
4.489392058550000009e+00,9.205080770069037355e-01,8.924367457710524754e-01
4.491890329033333629e+00,9.099269214987319998e-01,8.869067657214045886e-01
4.494388599516666361e+00,8.991958767836353283e-01,8.813767856717585891e-01
4.496886869999999981e+00,8.883279465148872234e-01,8.758468056221105913e-01
4.499385140483333601e+00,8.773361792865616016e-01,8.689224811856756103e-01
4.501883410966666332e+00,8.662335999317213320e-01,8.619981567492431829e-01
4.504381681449999952e+00,8.550331406487309271e-01,8.550738323128082019e-01
4.506879951933333572e+00,8.437475745287137396e-01,8.481495078763733320e-01
4.509378222416666304e+00,8.323894537697328344e-01,8.412251834399407935e-01
4.511876492899999924e+00,8.209710544723020087e-01,8.343008590035058125e-01
4.514374763383333544e+00,8.095043294476432783e-01,8.273765345670709426e-01
4.516873033866666276e+00,7.980008699674517869e-01,8.204522101306384041e-01
4.519371304349999896e+00,7.864718768742332555e-01,8.135278856942035342e-01
4.521869574833333516e+00,7.749281409843123969e-01,8.066035612577685532e-01
4.524367845316666248e+00,7.633800322773152125e-01,7.986288020600545989e-01
4.526866115799999868e+00,7.518374969968192323e-01,7.906540428623378691e-01
4.529364386283333488e+00,7.403100615016657837e-01,7.826792836646210283e-01
4.531862656766667108e+00,7.288068415143605927e-01,7.747045244669042985e-01
4.534360927249999840e+00,7.173365553142718731e-01,7.667297652691903442e-01
4.536859197733333460e+00,7.059075394151774763e-01,7.587550060714735034e-01
4.539357468216667080e+00,6.945277653405926843e-01,7.507802468737567736e-01
4.541855738699999812e+00,6.832048562533997726e-01,7.428054876760428193e-01
4.544354009183333432e+00,6.719461023932392640e-01,7.348307284783259785e-01
4.546852279666667052e+00,6.607584745086021449e-01,7.268559692806092487e-01
4.549350550149999783e+00,6.496486347231443803e-01,7.182111137556271840e-01
4.551848820633333403e+00,6.386229445304467678e-01,7.095662582306421218e-01
4.554347091116667023e+00,6.276874698531882402e-01,7.009214027056570595e-01
4.556845361599999755e+00,6.168479833186277794e-01,6.922765471806749948e-01
4.559343632083333375e+00,6.061099640827533053e-01,6.836316916556899326e-01
4.561841902566666995e+00,5.954785956738007924e-01,6.749868361307048703e-01
4.564340173049999727e+00,5.849587624189996893e-01,6.663419806057228056e-01
4.566838443533333347e+00,5.745550450660988906e-01,6.576971250807377434e-01
4.569336714016666967e+00,5.642717162162568245e-01,6.490522695557525701e-01
4.571834984499999699e+00,5.541127361519986305e-01,6.404074140307706164e-01
4.574333254983333319e+00,5.440817495798396797e-01,6.314838760174925625e-01
4.576831525466666939e+00,5.341820837193477223e-01,6.225603380042145085e-01
4.579329795949999671e+00,5.244167480670525183e-01,6.136367999909396742e-01
4.581828066433333291e+00,5.147884360525588621e-01,6.047132619776616203e-01
4.584326336916666911e+00,5.052995286929902186e-01,5.957897239643834553e-01
4.586824607399999643e+00,4.959521002468148532e-01,5.868661859511086210e-01
4.589322877883333263e+00,4.867479257745320753e-01,5.779426479378305670e-01
4.591821148366666883e+00,4.776884904353969064e-01,5.690191099245525130e-01
4.594319418849999614e+00,4.687750002888962930e-01,5.600955719112775677e-01
4.596817689333333234e+00,4.600083943280632304e-01,5.511720338979995137e-01
4.599315959816666854e+00,4.513893574488800353e-01,5.423472774836131105e-01
4.601814230299999586e+00,4.429183340546521963e-01,5.335225210692298159e-01
4.604312500783333206e+00,4.345955420043919881e-01,5.246977646548434127e-01
4.606810771266666826e+00,4.264209866371258539e-01,5.158730082404570094e-01
4.609309041750000446e+00,4.183944746367493361e-01,5.070482518260706062e-01
4.611807312233333178e+00,4.105156275412746858e-01,4.982234954116873116e-01
4.614305582716666798e+00,4.027838947431046646e-01,4.893987389973008528e-01
4.616803853200000418e+00,3.951985658703496829e-01,4.805739825829144496e-01
4.619302123683333150e+00,3.877587824808487182e-01,4.717492261685311550e-01
4.621800394166666770e+00,3.804635490383573293e-01,4.629244697541447517e-01
4.624298664650000390e+00,3.733117431729937596e-01,4.545391901030055304e-01
4.626796935133333122e+00,3.663021252544305106e-01,4.461539104518693066e-01
4.629295205616666742e+00,3.594333473261998591e-01,4.377686308007301408e-01
4.631793476100000362e+00,3.527039614627329178e-01,4.293833511495909194e-01
4.634291746583333094e+00,3.461124276179295967e-01,4.209980714984546957e-01
4.636790017066666714e+00,3.396571210356996162e-01,4.126127918473154743e-01
4.639288287550000334e+00,3.333363392900843825e-01,4.042275121961762530e-01
4.641786558033333066e+00,3.271483090161085294e-01,3.958422325450400292e-01
4.644284828516666686e+00,3.210911923836222148e-01,3.874569528939008634e-01
4.646783099000000306e+00,3.151630933559385617e-01,3.790716732427616420e-01
4.649281369483333037e+00,3.093620637640925874e-01,3.714108138294979211e-01
4.651779639966666657e+00,3.036861092167189025e-01,3.637499544162315357e-01
4.654277910450000277e+00,2.981331948556097400e-01,3.560890950029650948e-01
4.656776180933333009e+00,2.927012509583266642e-01,3.484282355897013739e-01
4.659274451416666629e+00,2.873881783822315183e-01,3.407673761764349329e-01
4.661772721900000249e+00,2.821918538389963649e-01,3.331065167631685475e-01
4.664270992383332981e+00,2.771101349852001516e-01,3.254456573499048266e-01
4.666769262866666601e+00,2.721408653128113420e-01,3.177847979366383857e-01
4.669267533350000221e+00,2.672818788231298703e-01,3.101239385233720003e-01
4.671765803833332953e+00,2.625310044687670374e-01,3.024630791101082794e-01
4.674264074316666573e+00,2.578860703503343954e-01,2.957419462331318250e-01
4.676762344800000193e+00,2.533449076572764080e-01,2.890208133561557036e-01
4.679260615283332925e+00,2.489053543455814199e-01,2.822996804791819137e-01
4.681758885766666545e+00,2.445652585485436070e-01,2.755785476022057923e-01
4.684257156250000165e+00,2.403224817202471997e-01,2.688574147252296709e-01
4.686755426733333785e+00,2.361749015146833719e-01,2.621362818482535495e-01
4.689253697216666517e+00,2.321204144063849228e-01,2.554151489712797596e-01
4.691751967700000137e+00,2.281569380609494158e-01,2.486940160943036382e-01
4.694250238183333757e+00,2.242824134658880919e-01,2.419728832173275168e-01
4.696748508666666488e+00,2.204948068337460876e-01,2.352517503403537547e-01
4.699246779150000108e+00,2.167921112905230041e-01,2.296080277999834329e-01
4.701745049633333728e+00,2.131723483629866522e-01,2.239643052596131112e-01
4.704243320116666460e+00,2.096335692787077987e-01,2.183205827192447879e-01
4.706741590600000080e+00,2.061738560924694930e-01,2.126768601788744661e-01
4.709239861083333700e+00,2.027913226523306855e-01,2.070331376385041167e-01
4.711738131566666432e+00,1.994841154179830267e-01,2.013894150981357933e-01
4.714236402050000052e+00,1.962504141433202010e-01,1.957456925577654716e-01
4.716734672533333672e+00,1.930884324342810321e-01,1.901019700173951499e-01
4.719232943016666404e+00,1.899964181921988404e-01,1.844582474770268266e-01
4.721731213500000024e+00,1.869726539520052688e-01,1.788145249366565048e-01
4.724229483983333644e+00,1.840154571238539205e-01,1.743064843220293869e-01
4.726727754466666376e+00,1.811231801459469437e-01,1.697984437074038511e-01
4.729226024949999996e+00,1.782942105556930557e-01,1.652904030927767054e-01
4.731724295433333616e+00,1.755269709856984717e-01,1.607823624781495875e-01
4.734222565916666348e+00,1.728199190905963245e-01,1.562743218635240516e-01
4.736720836399999968e+00,1.701715474102424297e-01,1.517662812488969337e-01
4.739219106883333588e+00,1.675803831744608341e-01,1.472582406342697880e-01
4.741717377366666319e+00,1.650449880541659253e-01,1.427502000196442800e-01
4.744215647849999939e+00,1.625639578634518467e-01,1.382421594050171620e-01
4.746713918333333559e+00,1.601359222169725094e-01,1.337341187903900164e-01
4.749212188816666291e+00,1.577595441467655180e-01,1.303448056164505930e-01
4.751710459299999911e+00,1.554335196824557230e-01,1.269554924425099485e-01
4.754208729783333531e+00,1.531565773986354184e-01,1.235661792685693317e-01
4.756707000266666263e+00,1.509274779330215255e-01,1.201768660946299083e-01
4.759205270749999883e+00,1.487450134788610157e-01,1.167875529206892637e-01
4.761703541233333503e+00,1.466080072548608393e-01,1.133982397467486469e-01
4.764201811716667123e+00,1.445153129557839033e-01,1.100089265728080024e-01
4.766700082199999855e+00,1.424658141866542160e-01,1.066196133988685790e-01
4.769198352683333475e+00,1.404584238833728460e-01,1.032303002249279483e-01
4.771696623166667095e+00,1.384920837223425072e-01,9.984098705098731763e-02
4.774194893649999827e+00,1.365657635215520860e-01,9.748768188264424206e-02
4.776693164133333447e+00,1.346784606353652602e-01,9.513437671430033382e-02
4.779191434616667067e+00,1.328291993451209407e-01,9.278107154595642558e-02
4.781689705099999799e+00,1.310170302474416848e-01,9.042776637761335001e-02
4.784187975583333419e+00,1.292410296420223315e-01,8.807446120926942790e-02
4.786686246066667039e+00,1.275002989204701842e-01,8.572115604092551966e-02
4.789184516549999771e+00,1.257939639576542978e-01,8.336785087258244409e-02
4.791682787033333391e+00,1.241211745068401817e-01,8.101454570423853585e-02
4.794181057516667011e+00,1.224811035997817737e-01,7.866124053589462761e-02
4.796679327999999742e+00,1.208729469527834860e-01,7.630793536755155204e-02
4.799177598483333362e+00,1.192959223796554447e-01,7.485578149278331039e-02
4.801675868966666982e+00,1.177492692123448120e-01,7.340362761801508262e-02
4.804174139449999714e+00,1.162322477299526646e-01,7.195147374324735445e-02
4.806672409933333334e+00,1.147441385967214178e-01,7.049931986847912668e-02
4.809170680416666954e+00,1.132842423095230394e-01,6.904716599371088503e-02
4.811668950899999686e+00,1.118518786552688132e-01,6.759501211894317074e-02
4.814167221383333306e+00,1.104463861786169204e-01,6.614285824417492909e-02
4.816665491866666926e+00,1.090671216602634858e-01,6.469070436940668745e-02
4.819163762349999658e+00,1.077134596060682209e-01,6.323855049463897315e-02
4.821662032833333278e+00,1.063847917471863469e-01,6.178639661987073151e-02
4.824160303316666898e+00,1.050805265513561626e-01,6.106478595513308016e-02
4.826658573799999630e+00,1.038000887454196136e-01,6.034317529039568556e-02
4.829156844283333250e+00,1.025429188491425447e-01,5.962156462565803422e-02
4.831655114766666870e+00,1.013084727203370367e-01,5.889995396092038288e-02
4.834153385249999602e+00,1.000962211112830652e-01,5.817834329618298828e-02
4.836651655733333222e+00,9.890564923639097450e-02,5.745673263144533693e-02
4.839149926216666842e+00,9.773625635104893350e-02,5.673512196670768559e-02
4.841648196700000462e+00,9.658755534154694899e-02,5.601351130197003425e-02
4.844146467183333193e+00,9.545907232597797276e-02,5.529190063723263965e-02
4.846644737666666813e+00,9.435034626597012253e-02,5.457028997249498831e-02
4.849143008150000433e+00,9.326092858911649852e-02,5.439043259026439536e-02
4.851641278633333165e+00,9.219038282192731915e-02,5.421057520803386487e-02
4.854139549116666785e+00,9.113828423314503102e-02,5.403071782580326499e-02
4.856637819600000405e+00,9.010421948722421859e-02,5.385086044357267204e-02
4.859136090083333137e+00,8.908778630779969065e-02,5.367100306134214155e-02
4.861634360566666757e+00,8.808859315092863740e-02,5.349114567911154861e-02
4.864132631050000377e+00,8.710625888791589944e-02,5.331128829688095566e-02
4.866630901533333109e+00,8.614041249749891660e-02,5.313143091465042517e-02
4.869129172016666729e+00,8.519069276719301587e-02,5.295157353241982529e-02
4.871627442500000349e+00,8.425674800356787453e-02,5.277171615018923234e-02
4.874125712983333081e+00,8.333823575125180738e-02,5.294380075925296525e-02
4.876623983466666701e+00,8.243482252043095315e-02,5.311588536831675367e-02
4.879122253950000321e+00,8.154618352264050851e-02,5.328796997738054209e-02
4.881620524433333053e+00,8.067200241461625065e-02,5.346005458644427499e-02
4.884118794916666673e+00,7.981197105000363556e-02,5.363213919550806341e-02
4.886617065400000293e+00,7.896578923869625177e-02,5.380422380457185183e-02
4.889115335883333024e+00,7.813316451360521886e-02,5.397630841363558474e-02
4.891613606366666644e+00,7.731381190463618158e-02,5.414839302269937316e-02
4.894111876850000264e+00,7.650745371968027675e-02,5.432047763176316851e-02
4.896610147333332996e+00,7.571381933240131645e-02,5.449256224082689448e-02
4.899108417816666616e+00,7.493264497663498780e-02,5.484104610090058396e-02
4.901606688300000236e+00,7.416367354718625404e-02,5.518952996097432895e-02
4.904104958783332968e+00,7.340665440685034682e-02,5.553801382104795598e-02
4.906603229266666588e+00,7.266134319945082021e-02,5.588649768112170790e-02
4.909101499750000208e+00,7.192750166872745321e-02,5.623498154119545289e-02
4.911599770233332940e+00,7.120489748287806009e-02,5.658346540126907992e-02
4.914098040716666560e+00,7.049330406459322629e-02,5.693194926134283185e-02
4.916596311200000180e+00,6.979250042639774387e-02,5.728043312141658377e-02
4.919094581683332912e+00,6.910227101114573001e-02,5.762891698149020386e-02
4.921592852166666532e+00,6.842240553749390219e-02,5.797740084156395579e-02
4.924091122650000152e+00,6.775269885020636373e-02,5.835323393151164301e-02
4.926589393133333772e+00,6.709295077512494876e-02,5.872906702145933716e-02
4.929087663616666504e+00,6.644296597866831966e-02,5.910490011140689254e-02
4.931585934100000124e+00,6.580255383170045824e-02,5.948073320135457975e-02
4.934084204583333744e+00,6.517152827764229051e-02,5.985656629130226697e-02
4.936582475066666476e+00,6.454970770467326202e-02,6.023239938124982235e-02
4.939080745550000096e+00,6.393691482190681785e-02,6.060823247119750956e-02
4.941579016033333716e+00,6.333297653939434779e-02,6.098406556114520372e-02
4.944077286516666447e+00,6.273772385184883671e-02,6.135989865109275909e-02
4.946575557000000067e+00,6.215099172595041355e-02,6.173573174104044631e-02
4.949073827483333687e+00,6.157261899113380260e-02,6.202469284007018635e-02
4.951572097966666419e+00,6.100244823372760750e-02,6.231365393909982231e-02
4.954070368450000039e+00,6.044032569435061480e-02,6.260261503812955541e-02
4.956568638933333659e+00,5.988610116844455405e-02,6.289157613715930240e-02
4.959066909416666391e+00,5.933962790985392033e-02,6.318053723618893835e-02
4.961565179900000011e+00,5.880076253733990121e-02,6.346949833521867146e-02
4.964063450383333631e+00,5.826936494394617527e-02,6.375845943424840456e-02
4.966561720866666363e+00,5.774529820910828670e-02,6.404742053327804052e-02
4.969059991349999983e+00,5.722842851343105247e-02,6.433638163230778750e-02
4.971558261833333603e+00,5.671862505603452592e-02,6.462534273133752061e-02
4.974056532316666335e+00,5.621575997439524908e-02,6.475210341862919217e-02
4.976554802799999955e+00,5.571970826658977083e-02,6.487886410592090536e-02
4.979053073283333575e+00,5.523034771587507358e-02,6.500562479321261855e-02
4.981551343766666307e+00,5.474755881751534881e-02,6.513238548050429011e-02
4.984049614249999927e+00,5.427122470779779245e-02,6.525914616779600330e-02
4.986547884733333547e+00,5.380123109514824836e-02,6.538590685508773037e-02
4.989046155216666278e+00,5.333746619329721161e-02,6.551266754237938805e-02
4.991544425699999898e+00,5.287982065641244622e-02,6.563942822967111512e-02
4.994042696183333518e+00,5.242818751614942985e-02,6.576618891696282831e-02
4.996540966666666250e+00,5.198246212054404708e-02,6.589294960425449987e-02
4.999039237149999870e+00,5.154254207470077703e-02,6.582093707270114669e-02
5.001537507633333490e+00,5.110832718320656304e-02,6.574892454114773799e-02
5.004035778116667110e+00,5.067971939422642041e-02,6.567691200959431541e-02
5.006534048599999842e+00,5.025662274521548040e-02,6.560489947804092059e-02
5.009032319083333462e+00,4.983894331020607277e-02,6.553288694648751189e-02
5.011530589566667082e+00,4.942658914861013802e-02,6.546087441493408932e-02
5.014028860049999814e+00,4.901947025549822923e-02,6.538886188338069450e-02
5.016527130533333434e+00,4.861749851329712907e-02,6.531684935182727192e-02
5.019025401016667054e+00,4.822058764487281018e-02,6.524483682027386322e-02
5.021523671499999786e+00,4.782865316794320670e-02,6.517282428872046840e-02
5.024021941983333406e+00,4.744161235079096678e-02,6.490037428069989067e-02
5.026520212466667026e+00,4.705938416922109818e-02,6.462792427267931294e-02
5.029018482949999758e+00,4.668188926473989392e-02,6.435547426465881848e-02
5.031516753433333378e+00,4.630904990390196513e-02,6.408302425663824076e-02
5.034015023916666998e+00,4.594078993880155309e-02,6.381057424861766303e-02
5.036513294399999729e+00,4.557703476866131059e-02,6.353812424059716857e-02
5.039011564883333349e+00,4.521771130249560566e-02,6.326567423257659084e-02
5.041509835366666969e+00,4.486274792280189189e-02,6.299322422455601311e-02
5.044008105849999701e+00,4.451207445026382492e-02,6.272077421653553253e-02
5.046506376333333321e+00,4.416562210941837180e-02,6.244832420851494786e-02
5.049004646816666941e+00,4.382332349527248705e-02,6.200195486867834949e-02
5.051502917299999673e+00,4.348511254082729899e-02,6.155558552884191070e-02
5.054001187783333293e+00,4.315092448549327081e-02,6.110921618900530539e-02
5.056499458266666913e+00,4.282069584435807541e-02,6.066284684916870701e-02
5.058997728749999645e+00,4.249436437829307023e-02,6.021647750933226823e-02
5.061495999233333265e+00,4.217186906485986125e-02,5.977010816949566985e-02
5.063994269716666885e+00,4.185315007000710297e-02,5.932373882965907147e-02
5.066492540199999617e+00,4.153814872051839885e-02,5.887736948982262575e-02
5.068990810683333237e+00,4.122680747720391253e-02,5.843100014998602737e-02
5.071489081166666857e+00,4.091906990879901063e-02,5.798463081014942899e-02
5.073987351649999589e+00,4.061488066656272766e-02,5.741049123337672866e-02
5.076485622133333209e+00,4.031418545954071342e-02,5.683635165660382016e-02
5.078983892616666829e+00,4.001693103048755557e-02,5.626221207983091166e-02
5.081482163100000449e+00,3.972306513241527504e-02,5.568807250305800316e-02
5.083980433583333181e+00,3.943253650576258873e-02,5.511393292628530283e-02
5.086478704066666801e+00,3.914529485615194510e-02,5.453979334951239433e-02
5.088976974550000421e+00,3.886129083273412443e-02,5.396565377273948583e-02
5.091475245033333152e+00,3.858047600708561231e-02,5.339151419596678549e-02
5.093973515516666772e+00,3.830280285265870444e-02,5.281737461919387699e-02
5.096471786000000392e+00,3.802822472475410331e-02,5.224323504242096849e-02
5.098970056483333124e+00,3.775669584101305071e-02,5.159786891951771010e-02
5.101468326966666744e+00,3.748817126240382158e-02,5.095250279661422271e-02
5.103966597450000364e+00,3.722260687469697987e-02,5.030713667371073533e-02
5.106464867933333096e+00,3.695995937040683077e-02,4.966177055080747693e-02
5.108963138416666716e+00,3.670018623119518375e-02,4.901640442790398955e-02
5.111461408900000336e+00,3.644324571071318186e-02,4.837103830500049523e-02
5.113959679383333068e+00,3.618909681788148175e-02,4.772567218209723683e-02
5.116457949866666688e+00,3.593769930058234724e-02,4.708030605919374945e-02
5.118956220350000308e+00,3.568901362976585612e-02,4.643493993629026206e-02
5.121454490833333040e+00,3.544300098394628090e-02,4.578957381338700366e-02
5.123952761316666660e+00,3.519962323408783872e-02,4.513108724610362388e-02
5.126451031800000280e+00,3.495884292885986788e-02,4.447260067882024409e-02
5.128949302283333012e+00,3.472062328026030709e-02,4.381411411153709329e-02
5.131447572766666632e+00,3.448492814958683400e-02,4.315562754425370656e-02
5.133945843250000252e+00,3.425172203375815433e-02,4.249714097697032678e-02
5.136444113733332983e+00,3.402097005196223073e-02,4.183865440968717597e-02
5.138942384216666603e+00,3.379263793263572596e-02,4.118016784240378925e-02
5.141440654700000223e+00,3.356669200075318438e-02,4.052168127512040252e-02
5.143938925183332955e+00,3.334309916542986529e-02,3.986319470783725172e-02
5.146437195666666575e+00,3.312182690781619726e-02,3.920470814055387193e-02
5.148935466150000195e+00,3.290284326929021619e-02,3.858525781128114424e-02
5.151433736633332927e+00,3.268611683992529021e-02,3.796580748200863858e-02
5.153932007116666547e+00,3.247161674724024366e-02,3.734635715273591089e-02
5.156430277600000167e+00,3.225931264520950914e-02,3.672690682346318319e-02
5.158928548083333787e+00,3.204917470354148867e-02,3.610745649419046244e-02
5.161426818566666519e+00,3.184117359720261414e-02,3.548800616491795679e-02
5.163925089050000139e+00,3.163528049619496185e-02,3.486855583564522909e-02
5.166423359533333759e+00,3.143146705556773557e-02,3.424910550637250140e-02
5.168921630016666491e+00,3.122970540566846406e-02,3.362965517709999574e-02
5.171419900500000111e+00,3.102996814261533079e-02,3.301020484782726805e-02
5.173918170983333731e+00,3.083222831899672806e-02,3.247045966738435624e-02
5.176416441466666463e+00,3.063645943478156622e-02,3.193071448694163178e-02
5.178914711950000083e+00,3.044263542844407450e-02,3.139096930649871997e-02
5.181412982433333703e+00,3.025073066828772722e-02,3.085122412605580469e-02
5.183911252916666434e+00,3.006071994397445032e-02,3.031147894561308370e-02
5.186409523400000054e+00,2.987257845824111899e-02,2.977173376517017189e-02
5.188907793883333675e+00,2.968628181881140943e-02,2.923198858472725661e-02
5.191406064366666406e+00,2.950180603048526556e-02,2.869224340428453562e-02
5.193904334850000026e+00,2.931912748741412680e-02,2.815249822384162381e-02
5.196402605333333646e+00,2.913822296554394523e-02,2.761275304339870854e-02
5.198900875816666378e+00,2.895906961523530068e-02,2.717867029187125139e-02
5.201399146299999998e+00,2.878164495404206616e-02,2.674458754034363811e-02
5.203897416783333618e+00,2.860592685965923296e-02,2.631050478881602830e-02
5.206395687266666350e+00,2.843189356302083109e-02,2.587642203728857115e-02
5.208893957749999970e+00,2.825952364155760038e-02,2.544233928576095788e-02
5.211392228233333590e+00,2.808879601259875111e-02,2.500825653423334807e-02
5.213890498716666322e+00,2.791968992692541937e-02,2.457417378270589092e-02
5.216388769199999942e+00,2.775218496245940997e-02,2.414009103117827765e-02
5.218887039683333562e+00,2.758626101809785389e-02,2.370600827965066437e-02
5.221385310166666294e+00,2.742189830767597508e-02,2.327192552812321069e-02
5.223883580649999914e+00,2.725907735406808002e-02,2.295386571833073208e-02
5.226381851133333534e+00,2.709777898341101526e-02,2.263580590853829511e-02
5.228880121616666266e+00,2.693798431945874927e-02,2.231774609874597609e-02
5.231378392099999886e+00,2.677967477805336463e-02,2.199968628895353912e-02
5.233876662583333506e+00,2.662283206172159217e-02,2.168162647916110214e-02
5.236374933066667126e+00,2.646743815438058062e-02,2.136356666936866863e-02
5.238873203549999857e+00,2.631347531616437876e-02,2.104550685957634615e-02
5.241371474033333477e+00,2.616092607835447323e-02,2.072744704978390917e-02
5.243869744516667097e+00,2.600977323842397146e-02,2.040938723999147567e-02
5.246368014999999829e+00,2.585999985518216276e-02,2.009132743019915318e-02
5.248866285483333449e+00,2.571158924402713528e-02,1.988525161207659042e-02
5.251364555966667069e+00,2.556452497229271328e-02,1.967917579395402419e-02
5.253862826449999801e+00,2.541879085469977637e-02,1.947309997583153429e-02
5.256361096933333421e+00,2.527437094889713534e-02,1.926702415770897153e-02
5.258859367416667041e+00,2.513124955110128053e-02,1.906094833958640530e-02
5.261357637899999773e+00,2.498941119182176637e-02,1.885487252146391540e-02
5.263855908383333393e+00,2.484884063168096499e-02,1.864879670334135264e-02
5.266354178866667013e+00,2.470952285731503953e-02,1.844272088521878988e-02
5.268852449349999745e+00,2.457144307736590372e-02,1.823664506709629651e-02
5.271350719833333365e+00,2.443458671854923173e-02,1.803056924897373375e-02
5.273848990316666985e+00,2.429893942181013053e-02,1.792085006728850669e-02
5.276347260799999717e+00,2.416448703855052574e-02,1.781113088560331778e-02
5.278845531283333337e+00,2.403121562694169114e-02,1.770141170391809071e-02
5.281343801766666957e+00,2.389911144830371773e-02,1.759169252223286364e-02
5.283842072249999688e+00,2.376816096356634475e-02,1.748197334054767474e-02
5.286340342733333308e+00,2.363835082979463473e-02,1.737225415886244420e-02
5.288838613216666928e+00,2.350966789679126770e-02,1.726253497717721713e-02
5.291336883699999660e+00,2.338209920376141393e-02,1.715281579549202823e-02
5.293835154183333280e+00,2.325563197605035742e-02,1.704309661380680116e-02
5.296333424666666900e+00,2.313025362194083903e-02,1.693337743212157409e-02
5.298831695149999632e+00,2.300595172952023260e-02,1.689662980643886342e-02
5.301329965633333252e+00,2.288271406360440491e-02,1.685988218075613887e-02
5.303828236116666872e+00,2.276052856272827926e-02,1.682313455507341085e-02
5.306326506599999604e+00,2.263938333619069584e-02,1.678638692939070018e-02
5.308824777083333224e+00,2.251926666116333894e-02,1.674963930370797563e-02
5.311323047566666844e+00,2.240016697985047767e-02,1.671289167802525108e-02
5.313821318050000464e+00,2.228207289671100405e-02,1.667614405234252653e-02
5.316319588533333196e+00,2.216497317572845016e-02,1.663939642665981239e-02
5.318817859016666816e+00,2.204885673774099886e-02,1.660264880097708784e-02
5.321316129500000436e+00,2.193371265781660084e-02,1.656590117529436329e-02
5.323814399983333168e+00,2.181953016268636455e-02,1.657520439021698683e-02
5.326312670466666788e+00,2.170629862822041553e-02,1.658450760513961383e-02
5.328810940950000408e+00,2.159400757695976655e-02,1.659381082006224084e-02
5.331309211433333139e+00,2.148264667568871092e-02,1.660311403498486438e-02
5.333807481916666760e+00,2.137220573306080826e-02,1.661241724990749138e-02
5.336305752400000380e+00,2.126267469726367612e-02,1.662172046483011839e-02
5.338804022883333111e+00,2.115404365373493856e-02,1.663102367975274193e-02
5.341302293366666731e+00,2.104630282291555798e-02,1.664032689467536894e-02
5.343800563850000351e+00,2.093944255805172544e-02,1.664963010959799594e-02
5.346298834333333083e+00,2.083345334303279492e-02,1.665893332452061948e-02
5.348797104816666703e+00,2.072832579027612462e-02,1.668786453170885073e-02
5.351295375300000323e+00,2.062405063864531513e-02,1.671679573889708545e-02
5.353793645783333055e+00,2.052061875141417135e-02,1.674572694608531323e-02
5.356291916266666675e+00,2.041802111426256963e-02,1.677465815327354795e-02
5.358790186750000295e+00,2.031624883331628259e-02,1.680358936046178614e-02
5.361288457233333027e+00,2.021529313321654767e-02,1.683252056765001392e-02
5.363786727716666647e+00,2.011514535523257000e-02,1.686145177483824864e-02
5.366284998200000267e+00,2.001579695540237069e-02,1.689038298202648683e-02
5.368783268683332999e+00,1.991723950271435256e-02,1.691931418921471114e-02
5.371281539166666619e+00,1.981946467731640626e-02,1.694824539640294933e-02
5.373779809650000239e+00,1.972246426876407208e-02,1.697425563047849639e-02
5.376278080133332971e+00,1.962623017429468084e-02,1.700026586455403305e-02
5.378776350616666591e+00,1.953075439713957903e-02,1.702627609862958011e-02
5.381274621100000211e+00,1.943602904486057062e-02,1.705228633270512717e-02
5.383772891583332942e+00,1.934204632772333968e-02,1.707829656678066729e-02
5.386271162066666562e+00,1.924879855709369508e-02,1.710430680085621435e-02
5.388769432550000182e+00,1.915627814387002581e-02,1.713031703493176142e-02
5.391267703033332914e+00,1.906447759693659719e-02,1.715632726900729807e-02
5.393765973516666534e+00,1.897338952165270043e-02,1.718233750308284513e-02
5.396264244000000154e+00,1.888300661836057187e-02,1.720834773715839219e-02
5.398762514483333774e+00,1.879332168092868321e-02,1.721516036930925350e-02
5.401260784966666506e+00,1.870432759531283004e-02,1.722197300146011134e-02
5.403759055450000126e+00,1.861601733815075946e-02,1.722878563361096918e-02
5.406257325933333746e+00,1.852838397537439480e-02,1.723559826576183049e-02
5.408755596416666478e+00,1.844142066085379880e-02,1.724241089791268833e-02
5.411253866900000098e+00,1.835512063505839384e-02,1.724922353006354964e-02
5.413752137383333718e+00,1.826947722374852590e-02,1.725603616221441095e-02
5.416250407866666450e+00,1.818448383668324828e-02,1.726284879436526878e-02
5.418748678350000070e+00,1.810013396635803962e-02,1.726966142651612662e-02
5.421246948833333690e+00,1.801642118675732263e-02,1.727647405866698793e-02
5.423745219316666422e+00,1.793333915213598043e-02,1.725534631887007397e-02
5.426243489800000042e+00,1.785088159581513928e-02,1.723421857907314961e-02
5.428741760283333662e+00,1.776904232900609198e-02,1.721309083927622871e-02
5.431240030766666393e+00,1.768781523964730457e-02,1.719196309947931475e-02
5.433738301250000013e+00,1.760719429126885935e-02,1.717083535968239039e-02
5.436236571733333633e+00,1.752717352186937069e-02,1.714970761988546949e-02
5.438734842216666365e+00,1.744774704281941424e-02,1.712857988008855206e-02
5.441233112699999985e+00,1.736890903777665168e-02,1.710745214029163117e-02
5.443731383183333605e+00,1.729065376162691389e-02,1.708632440049470680e-02
5.446229653666666337e+00,1.721297553943564387e-02,1.706519666069779284e-02
5.448727924149999957e+00,1.713586876542534665e-02,1.701503550853140229e-02
5.451226194633333577e+00,1.705932790196238238e-02,1.696487435636500479e-02
5.453724465116666309e+00,1.698334747856893381e-02,1.691471320419862118e-02
5.456222735599999929e+00,1.690792209094379300e-02,1.686455205203222368e-02
5.458721006083333549e+00,1.683304640000751404e-02,1.681439089986582272e-02
5.461219276566666281e+00,1.675871513095624626e-02,1.676422974769943910e-02
5.463717547049999901e+00,1.668492307233836527e-02,1.671406859553304161e-02
5.466215817533333521e+00,1.661166507514011403e-02,1.666390744336664065e-02
5.468714088016666253e+00,1.653893605189324725e-02,1.661374629120026050e-02
5.471212358499999873e+00,1.646673097579039180e-02,1.656358513903385954e-02
5.473710628983333493e+00,1.639504487982249709e-02,1.649003440314769989e-02
5.476208899466667113e+00,1.632387285592346027e-02,1.641648366726154371e-02
5.478707169949999845e+00,1.625321005413611630e-02,1.634293293137541181e-02
5.481205440433333465e+00,1.618305168178460832e-02,1.626938219548925216e-02
5.483703710916667085e+00,1.611339300266815058e-02,1.619583145960309598e-02
5.486201981399999816e+00,1.604422933626025241e-02,1.612228072371696408e-02
5.488700251883333436e+00,1.597555605692844646e-02,1.604872998783080443e-02
5.491198522366667056e+00,1.590736859316039392e-02,1.597517925194464825e-02
5.493696792849999788e+00,1.583966242680840894e-02,1.590162851605851635e-02
5.496195063333333408e+00,1.577243309234039118e-02,1.582807778017235670e-02
5.498693333816667028e+00,1.570567617610956618e-02,1.574178718061590085e-02
5.501191604299999760e+00,1.563938731562913853e-02,1.565549658105947622e-02
5.503689874783333380e+00,1.557356219886545448e-02,1.556920598150302038e-02
5.506188145266667000e+00,1.550819656353561241e-02,1.548291538194656453e-02
5.508686415749999732e+00,1.544328619642436687e-02,1.539662478239013990e-02
5.511184686233333352e+00,1.537882693270337803e-02,1.531033418283368405e-02
5.513682956716666972e+00,1.531481465526977198e-02,1.522404358327722994e-02
5.516181227199999704e+00,1.525124529408748882e-02,1.513775298372080531e-02
5.518679497683333324e+00,1.518811482554674984e-02,1.505146238416434946e-02
5.521177768166666944e+00,1.512541927182605578e-02,1.496517178460789362e-02
5.523676038649999676e+00,1.506315470027220701e-02,1.487952011188719594e-02
5.526174309133333296e+00,1.500131722278219212e-02,1.479386843916646703e-02
5.528672579616666916e+00,1.493990299520267691e-02,1.470821676644573812e-02
5.531170850099999647e+00,1.487890821673149705e-02,1.462256509372504044e-02
5.533669120583333267e+00,1.481832912933594981e-02,1.453691342100431154e-02
5.536167391066666887e+00,1.475816201717260016e-02,1.445126174828358263e-02
5.538665661549999619e+00,1.469840320602431791e-02,1.436561007556288495e-02
5.541163932033333239e+00,1.463904906273773981e-02,1.427995840284215605e-02
5.543662202516666859e+00,1.458009599467763491e-02,1.419430673012142714e-02
5.546160472999999591e+00,1.452154044918223599e-02,1.410865505740072946e-02
5.548658743483333211e+00,1.446337891303440398e-02,1.403723331193037528e-02
5.551157013966666831e+00,1.440560791193329880e-02,1.396581156646002804e-02
5.553655284450000451e+00,1.434822400998218318e-02,1.389438982098968080e-02
5.556153554933333183e+00,1.429122380917632884e-02,1.382296807551935784e-02
5.558651825416666803e+00,1.423460394890642758e-02,1.375154633004900886e-02
5.561150095900000423e+00,1.417836110546200068e-02,1.368012458457866162e-02
5.563648366383333155e+00,1.412249199155038611e-02,1.360870283910833867e-02
5.566146636866666775e+00,1.406699335581479242e-02,1.353728109363799142e-02
5.568644907350000395e+00,1.401186198236803633e-02,1.346585934816764418e-02
5.571143177833333127e+00,1.395709469032526198e-02,1.339443760269732123e-02
5.573641448316666747e+00,1.390268833335202292e-02,1.334860768078007832e-02
5.576139718800000367e+00,1.384863979921051313e-02,1.330277775886283542e-02
5.578637989283333098e+00,1.379494600932160836e-02,1.325694783694560813e-02
5.581136259766666718e+00,1.374160391832497490e-02,1.321111791502836523e-02
5.583634530250000338e+00,1.368861051365364082e-02,1.316528799311112233e-02
5.586132800733333070e+00,1.363596281510769809e-02,1.311945807119389504e-02
5.588631071216666690e+00,1.358365787444145052e-02,1.307362814927665214e-02
5.591129341700000310e+00,1.353169277494996499e-02,1.302779822735940923e-02
5.593627612183333042e+00,1.348006463106820631e-02,1.298196830544218194e-02
5.596125882666666662e+00,1.342877058796978877e-02,1.293613838352493904e-02
5.598624153150000282e+00,1.337780782117855422e-02,1.292297091143164434e-02
5.601122423633333014e+00,1.332717353617847780e-02,1.290980343933835484e-02
5.603620694116666634e+00,1.327686496803725039e-02,1.289663596724506013e-02
5.606118964600000254e+00,1.322687938102739061e-02,1.288346849515176543e-02
5.608617235083332986e+00,1.317721406826056173e-02,1.287030102305847593e-02
5.611115505566666606e+00,1.312786635132042433e-02,1.285713355096518122e-02
5.613613776050000226e+00,1.307883357990733374e-02,1.284396607887188652e-02
5.616112046533332958e+00,1.303011313148179015e-02,1.283079860677859702e-02
5.618610317016666578e+00,1.298170241091945593e-02,1.281763113468530231e-02
5.621108587500000198e+00,1.293359885016532977e-02,1.280446366259200761e-02
5.623606857983332930e+00,1.288579990789863114e-02,1.282532330100505900e-02
5.626105128466666550e+00,1.283830306919614243e-02,1.284618293941811734e-02
5.628603398950000170e+00,1.279110584520820777e-02,1.286704257783117568e-02
5.631101669433333790e+00,1.274420577283091188e-02,1.288790221624423402e-02
5.633599939916666521e+00,1.269760041439128503e-02,1.290876185465728541e-02
5.636098210400000141e+00,1.265128735732925190e-02,1.292962149307034375e-02
5.638596480883333761e+00,1.260526421389168705e-02,1.295048113148340209e-02
5.641094751366666493e+00,1.255952862082352663e-02,1.297134076989645349e-02
5.643593021850000113e+00,1.251407823907049743e-02,1.299220040830951182e-02
5.646091292333333733e+00,1.246891075347894041e-02,1.301306004672257016e-02
5.648589562816666465e+00,1.242402387250711102e-02,1.306304419177734162e-02
5.651087833300000085e+00,1.237941532793336401e-02,1.311302833683212869e-02
5.653586103783333705e+00,1.233508287457590197e-02,1.316301248188691750e-02
5.656084374266666437e+00,1.229102429000887564e-02,1.321299662694168896e-02
5.658582644750000057e+00,1.224723737428995950e-02,1.326298077199647603e-02
5.661080915233333677e+00,1.220371994968498346e-02,1.331296491705126483e-02
5.663579185716666409e+00,1.216046986040253061e-02,1.336294906210603629e-02
5.666077456200000029e+00,1.211748497232647409e-02,1.341293320716082337e-02
5.668575726683333649e+00,1.207476317275841399e-02,1.346291735221561217e-02
5.671073997166666381e+00,1.203230237015673332e-02,1.351290149727038363e-02
5.673572267650000001e+00,1.199010049388733214e-02,1.358124587866094309e-02
5.676070538133333621e+00,1.194815549396904299e-02,1.364959026005150775e-02
5.678568808616666352e+00,1.190646534083166994e-02,1.371793464144204985e-02
5.681067079099999972e+00,1.186502802506829608e-02,1.378627902283261451e-02
5.683565349583333592e+00,1.182384155720008628e-02,1.385462340422318091e-02
5.686063620066666324e+00,1.178290396743581978e-02,1.392296778561372302e-02
5.688561890549999944e+00,1.174221330544211739e-02,1.399131216700428768e-02
5.691060161033333564e+00,1.170176764011029470e-02,1.405965654839485407e-02
5.693558431516666296e+00,1.166156505933345355e-02,1.412800092978539444e-02
5.696056701999999916e+00,1.162160366977834682e-02,1.419634531117596084e-02
5.698554972483333536e+00,1.158188159666929777e-02,1.426778953858180883e-02
5.701053242966666268e+00,1.154239698356691358e-02,1.433923376598763080e-02
5.703551513449999888e+00,1.150314799215629638e-02,1.441067799339347706e-02
5.706049783933333508e+00,1.146413280203283785e-02,1.448212222079932505e-02
5.708548054416667128e+00,1.142534961049667883e-02,1.455356644820517131e-02
5.711046324899999860e+00,1.138679663234307311e-02,1.462501067561099329e-02
5.713544595383333480e+00,1.134847209966273821e-02,1.469645490301684128e-02
5.716042865866667100e+00,1.131037426163810679e-02,1.476789913042268754e-02
5.718541136349999832e+00,1.127250138434939160e-02,1.483934335782850951e-02
5.721039406833333452e+00,1.123485175057540274e-02,1.491078758523435750e-02
5.723537677316667072e+00,1.119742365960540130e-02,1.496775529740785975e-02
5.726035947799999803e+00,1.116021542704539841e-02,1.502472300958134291e-02
5.728534218283333423e+00,1.112322538463419823e-02,1.508169072175484515e-02
5.731032488766667043e+00,1.108645188005561062e-02,1.513865843392834740e-02
5.733530759249999775e+00,1.104989327675949019e-02,1.519562614610182882e-02
5.736029029733333395e+00,1.101354795377815395e-02,1.525259385827533107e-02
5.738527300216667015e+00,1.097741430555250648e-02,1.530956157044883331e-02
5.741025570699999747e+00,1.094149074175397585e-02,1.536652928262231647e-02
5.743523841183333367e+00,1.090577568711416888e-02,1.542349699479581872e-02
5.746022111666666987e+00,1.087026758125177704e-02,1.548046470696932096e-02
5.748520382149999719e+00,1.083496487850749840e-02,1.550577551805731868e-02
5.751018652633333339e+00,1.079986604777430532e-02,1.553108632914532508e-02
5.753516923116666959e+00,1.076496957233748393e-02,1.555639714023332974e-02
5.756015193599999691e+00,1.073027394970913102e-02,1.558170795132132747e-02
5.758513464083333311e+00,1.069577769147210707e-02,1.560701876240933386e-02
5.761011734566666931e+00,1.066147932311923598e-02,1.563232957349734026e-02
5.763510005049999663e+00,1.062737738390114040e-02,1.565764038458533625e-02
5.766008275533333283e+00,1.059347042666943656e-02,1.568295119567334264e-02
5.768506546016666903e+00,1.055975701772876932e-02,1.570826200676134904e-02
5.771004816499999635e+00,1.052623573668389975e-02,1.573357281784934503e-02
5.773503086983333255e+00,1.049290517629564851e-02,1.571329193867990193e-02
5.776001357466666875e+00,1.045976394233191949e-02,1.569301105951044495e-02
5.778499627949999606e+00,1.042681065342701031e-02,1.567273018034099144e-02
5.780997898433333226e+00,1.039404394093714108e-02,1.565244930117153099e-02
5.783496168916666846e+00,1.036146244880274334e-02,1.563216842200207402e-02
5.785994439400000466e+00,1.032906483340753981e-02,1.561188754283261357e-02
5.788492709883333198e+00,1.029684976344543215e-02,1.559160666366316006e-02
5.790990980366666818e+00,1.026481591978210990e-02,1.557132578449370135e-02
5.793489250850000438e+00,1.023296199532534693e-02,1.555104490532424090e-02
5.795987521333333170e+00,1.020128669489059163e-02,1.553076402615478913e-02
5.798485791816666790e+00,1.016978873507470502e-02,1.545673637013090206e-02
5.800984062300000410e+00,1.013846684412410964e-02,1.538270871410701499e-02
5.803482332783333142e+00,1.010731976181224179e-02,1.530868105808315394e-02
5.805980603266666762e+00,1.007634623931145078e-02,1.523465340205926687e-02
5.808478873750000382e+00,1.004554503907270982e-02,1.516062574603537980e-02
5.810977144233333114e+00,1.001491493470085987e-02,1.508659809001152048e-02
5.813475414716666734e+00,9.984454710838102168e-03,1.501257043398763341e-02
5.815973685200000354e+00,9.954163163041282111e-03,1.493854277796374634e-02
5.818471955683333086e+00,9.924039097669043810e-03,1.486451512193988529e-02
5.820970226166666706e+00,9.894081331762364859e-03,1.479048746591599822e-02
5.823468496650000326e+00,9.864288692933237401e-03,1.466211627127201461e-02
5.825966767133333057e+00,9.834660019249300347e-03,1.453374507662807610e-02
5.828465037616666677e+00,9.805194159125538850e-03,1.440537388198409249e-02
5.830963308100000297e+00,9.775889971210708490e-03,1.427700268734010888e-02
5.833461578583333029e+00,9.746746324282132973e-03,1.414863149269617038e-02
5.835959849066666649e+00,9.717762097135363569e-03,1.402026029805218676e-02
5.838458119550000269e+00,9.688936178481143482e-03,1.389188910340820142e-02
5.840956390033333001e+00,9.660267466837568762e-03,1.376351790876426291e-02
5.843454660516666621e+00,9.631754870430145679e-03,1.363514671412027930e-02
5.845952931000000241e+00,9.603397307086395870e-03,1.350677551947629569e-02
5.848451201483332973e+00,9.575193704137924255e-03,1.333169856067278024e-02
5.850949471966666593e+00,9.547142998317980148e-03,1.315662160186920407e-02
5.853447742450000213e+00,9.519244135666122056e-03,1.298154464306562617e-02
5.855946012933332945e+00,9.491496071427697398e-03,1.280646768426211071e-02
5.858444283416666565e+00,9.463897769961340106e-03,1.263139072545853454e-02
5.860942553900000185e+00,9.436448204640743645e-03,1.245631376665495664e-02
5.863440824383332917e+00,9.409146357764004362e-03,1.228123680785144292e-02
5.865939094866666537e+00,9.381991220458178737e-03,1.210615984904786502e-02
5.868437365350000157e+00,9.354981792590871467e-03,1.193108289024428711e-02
5.870935635833333777e+00,9.328117082676884789e-03,1.175600593144071095e-02
5.873433906316666508e+00,9.301396107791759862e-03,1.154948639384404362e-02
5.875932176800000128e+00,9.274817893481022979e-03,1.134296685624730343e-02
5.878430447283333748e+00,9.248381473675758302e-03,1.113644731865056324e-02
5.880928717766666480e+00,9.222085890603796965e-03,1.092992778105389591e-02
5.883426988250000100e+00,9.195930194707166785e-03,1.072340824345715572e-02
5.885925258733333720e+00,9.169913444556022225e-03,1.051688870586041553e-02
5.888423529216666452e+00,9.144034706767700457e-03,1.031036916826374820e-02
5.890921799700000072e+00,9.118293055922058188e-03,1.010384963066700802e-02
5.893420070183333692e+00,9.092687574483792473e-03,9.897330093070267829e-03
5.895918340666666424e+00,9.067217352718683065e-03,9.690810555473602234e-03
5.898416611150000044e+00,9.041881488617909898e-03,9.473869443431743795e-03
5.900914881633333664e+00,9.016679087816985988e-03,9.256928331389883621e-03
5.903413152116666396e+00,8.991609263520841666e-03,9.039987219348101510e-03
5.905911422600000016e+00,8.966671136425161809e-03,8.823046107306241337e-03
5.908409693083333636e+00,8.941863834643690515e-03,8.606104995264381163e-03
5.910907963566666368e+00,8.917186493630479063e-03,8.389163883222597318e-03
5.913406234049999988e+00,8.892638256109331243e-03,8.172222771180737144e-03
5.915904504533333608e+00,8.868218271998103489e-03,7.955281659138876971e-03
5.918402775016666340e+00,8.843925698339494615e-03,7.738340547097093125e-03
5.920901045499999960e+00,8.819759699227092825e-03,7.521399435055232952e-03
5.923399315983333580e+00,8.795719445737789147e-03,7.317934796376782125e-03
5.925897586466666311e+00,8.771804115859744774e-03,7.114470157698403290e-03
5.928395856949999931e+00,8.748012894426350147e-03,6.911005519019951596e-03
5.930894127433333551e+00,8.724344973045170676e-03,6.707540880341500769e-03
5.933392397916666283e+00,8.700799550034674437e-03,6.504076241663121934e-03
5.935890668399999903e+00,8.677375830353726074e-03,6.300611602984671107e-03
5.938388938883333523e+00,8.654073025540035338e-03,6.097146964306219413e-03
5.940887209366666255e+00,8.630890353641942556e-03,5.893682325627841445e-03
5.943385479849999875e+00,8.607827039157208912e-03,5.690217686949389751e-03
5.945883750333333495e+00,8.584882312966946039e-03,5.486753048270938925e-03
5.948382020816667115e+00,8.562055412275993566e-03,5.320076713330208242e-03
5.950880291299999847e+00,8.539345580548026587e-03,5.153400378389537406e-03
5.953378561783333467e+00,8.516752067447187421e-03,4.986724043448806723e-03
5.955876832266667087e+00,8.494274128774952082e-03,4.820047708508076040e-03
5.958375102749999819e+00,8.471911026413075224e-03,4.653371373567405204e-03
5.960873373233333439e+00,8.449662028261618885e-03,4.486695038626674521e-03
5.963371643716667059e+00,8.427526408183465614e-03,4.320018703685944705e-03
5.965869914199999791e+00,8.405503445943714180e-03,4.153342368745273003e-03
5.968368184683333411e+00,8.383592427155193635e-03,3.986666033804542320e-03
5.970866455166667031e+00,8.361792643219258941e-03,3.819989698863812070e-03
5.973364725649999762e+00,8.340103391273154254e-03,3.709327609968381036e-03
5.975862996133333382e+00,8.318523974131289064e-03,3.598665521072910971e-03
5.978361266616667002e+00,8.297053700234119367e-03,3.488003432177440473e-03
5.980859537099999734e+00,8.275691883591004133e-03,3.377341343282009439e-03
5.983357807583333354e+00,8.254437843729766494e-03,3.266679254386539374e-03
5.985856078066666974e+00,8.233290905641010848e-03,3.156017165491068876e-03
5.988354348549999706e+00,8.212250399728922637e-03,3.045355076595638276e-03
5.990852619033333326e+00,8.191315661756791086e-03,2.934692987700167777e-03
5.993350889516666946e+00,8.170486032798853285e-03,2.824030898804697279e-03
5.995849159999999678e+00,8.149760859186705106e-03,2.713368809909266245e-03
5.998347430483333298e+00,8.129139492462810618e-03,2.670892121584014789e-03
6.000845700966666918e+00,8.108621289327908738e-03,2.628415433258787185e-03
6.003343971449999650e+00,8.088205611595069081e-03,2.585938744933574326e-03
6.005842241933333270e+00,8.067891826138796907e-03,2.543462056608346723e-03
6.008340512416666890e+00,8.047679304850070825e-03,2.500985368283119119e-03
6.010838782899999622e+00,8.027567424586098260e-03,2.458508679957906694e-03
6.013337053383333242e+00,8.007555567126971655e-03,2.416031991632679090e-03
6.015835323866666862e+00,7.987643119126168131e-03,2.373555303307451486e-03
6.018333594349999593e+00,7.967829472067920402e-03,2.331078614982238627e-03
6.020831864833333213e+00,7.948114022219331457e-03,2.288601926657011024e-03
6.023330135316666833e+00,7.928496170588477526e-03,2.317476922459704713e-03
6.025828405800000453e+00,7.908975322877164621e-03,2.346351918262398403e-03
6.028326676283333185e+00,7.889550889440563250e-03,2.375226914065081685e-03
6.030824946766666805e+00,7.870222285240594667e-03,2.404101909867775375e-03
6.033323217250000425e+00,7.850988929806495403e-03,2.432976905670469064e-03
6.035821487733333157e+00,7.831850247189384856e-03,2.461851901473152780e-03
6.038319758216666777e+00,7.812805665923483814e-03,2.490726897275846469e-03
6.040818028700000397e+00,7.793854618981696861e-03,2.519601893078540159e-03
6.043316299183333129e+00,7.774996543737683515e-03,2.548476888881223441e-03
6.045814569666666749e+00,7.756230881922485804e-03,2.577351884683917130e-03
6.048312840150000369e+00,7.737557079587436409e-03,2.671131107167790467e-03
6.050811110633333101e+00,7.718974587061116707e-03,2.764910329651630843e-03
6.053309381116666721e+00,7.700482858914186116e-03,2.858689552135504179e-03
6.055807651600000341e+00,7.682081353916435547e-03,2.952468774619377949e-03
6.058305922083333073e+00,7.663769535002116357e-03,3.046247997103218325e-03
6.060804192566666693e+00,7.645546869228969644e-03,3.140027219587091661e-03
6.063302463050000313e+00,7.627412827743431170e-03,3.233806442070965431e-03
6.065800733533333045e+00,7.609366885740516742e-03,3.327585664554805374e-03
6.068299004016666665e+00,7.591408522430384553e-03,3.421364887038679144e-03
6.070797274500000285e+00,7.573537220998512003e-03,3.515144109522552480e-03
6.073295544983333016e+00,7.555752468573139272e-03,3.658599483452046417e-03
6.075793815466666636e+00,7.538053756186431469e-03,3.802054857381591529e-03
6.078292085950000256e+00,7.520440578742302977e-03,3.945510231311137074e-03
6.080790356433332988e+00,7.502912434978671607e-03,4.088965605240631011e-03
6.083288626916666608e+00,7.485468827435881427e-03,4.232420979170176123e-03
6.085786897400000228e+00,7.468109262419672482e-03,4.375876353099721235e-03
6.088285167883332960e+00,7.450833249970254153e-03,4.519331727029215172e-03
6.090783438366666580e+00,7.433640303826012999e-03,4.662787100958760284e-03
6.093281708850000200e+00,7.416529941393677251e-03,4.806242474888305395e-03
6.095779979333332932e+00,7.399501683712244107e-03,4.949697848817799332e-03
6.098278249816666552e+00,7.382555055423775658e-03,5.120959929887516394e-03
6.100776520300000172e+00,7.365689584738451152e-03,5.292222010957243865e-03
6.103274790783333792e+00,7.348904803405812217e-03,5.463484092026970468e-03
6.105773061266666524e+00,7.332200246680278290e-03,5.634746173096637223e-03
6.108271331750000144e+00,7.315575453293283494e-03,5.806008254166364693e-03
6.110769602233333764e+00,7.299029965419468607e-03,5.977270335236091296e-03
6.113267872716666496e+00,7.282563328649435501e-03,6.148532416305757184e-03
6.115766143200000116e+00,7.266175091956389269e-03,6.319794497375484654e-03
6.118264413683333736e+00,7.249864807669630790e-03,6.491056578445212125e-03
6.120762684166666467e+00,7.233632031441898820e-03,6.662318659514878012e-03
6.123260954650000087e+00,7.217476322223372563e-03,6.835977323040725272e-03
6.125759225133333707e+00,7.201397242229660815e-03,7.009635986566573398e-03
6.128257495616666439e+00,7.185394356916440309e-03,7.183294650092358208e-03
6.130755766100000059e+00,7.169467234947806550e-03,7.356953313618206335e-03
6.133254036583333679e+00,7.153615448171672837e-03,7.530611977144053594e-03
6.135752307066666411e+00,7.137838571589087341e-03,7.704270640669839271e-03
6.138250577550000031e+00,7.122136183329380588e-03,7.877929304195686530e-03
6.140748848033333651e+00,7.106507864620526839e-03,8.051587967721533790e-03
6.143247118516666383e+00,7.090953199764995878e-03,8.225246631247320334e-03
6.145745389000000003e+00,7.075471776110175103e-03,8.398905294773167593e-03
6.148243659483333623e+00,7.060063184025374035e-03,8.549582392878250781e-03
6.150741929966666355e+00,7.044727016872195241e-03,8.700259490983280192e-03
6.153240200449999975e+00,7.029462870982368904e-03,8.850936589088363379e-03
6.155738470933333595e+00,7.014270345628758653e-03,9.001613687193446567e-03
6.158236741416666327e+00,6.999149043003369611e-03,9.152290785298475978e-03
6.160735011899999947e+00,6.984098568189154796e-03,9.302967883403557431e-03
6.163233282383333567e+00,6.969118529138460319e-03,9.453644981508640618e-03
6.165731552866666298e+00,6.954208536645397308e-03,9.604322079613670030e-03
6.168229823349999918e+00,6.939368204324497871e-03,9.754999177718753217e-03
6.170728093833333538e+00,6.924597148583713259e-03,9.905676275823836405e-03
6.173226364316666270e+00,6.909894988603785398e-03,1.001152272755363032e-02
6.175724634799999890e+00,6.895261346311692616e-03,1.011736917928346066e-02
6.178222905283333510e+00,6.880695846359992547e-03,1.022321563101329274e-02
6.180721175766667130e+00,6.866198116101280939e-03,1.032906208274312308e-02
6.183219446249999862e+00,6.851767785567937884e-03,1.043490853447291700e-02
6.185717716733333482e+00,6.837404487446656007e-03,1.054075498620274734e-02
6.188215987216667102e+00,6.823107857058956054e-03,1.064660143793257768e-02
6.190714257699999834e+00,6.808877532336212943e-03,1.075244788966237160e-02
6.193212528183333454e+00,6.794713153800474928e-03,1.085829434139220367e-02
6.195710798666667074e+00,6.780614364539899047e-03,1.096414079312203402e-02
6.198209069149999806e+00,6.766580810190051670e-03,1.100974467325006520e-02
6.200707339633333426e+00,6.752612138909765485e-03,1.105534855337811199e-02
6.203205610116667046e+00,6.738708001362931840e-03,1.110095243350616052e-02
6.205703880599999778e+00,6.724868050694807024e-03,1.114655631363419171e-02
6.208202151083333398e+00,6.711091942513865323e-03,1.119216019376223850e-02
6.210700421566667018e+00,6.697379334868795719e-03,1.123776407389028703e-02
6.213198692049999750e+00,6.683729888230986391e-03,1.128336795401831821e-02
6.215696962533333370e+00,6.670143265471634164e-03,1.132897183414636501e-02
6.218195233016666990e+00,6.656619131844392079e-03,1.137457571427441354e-02
6.220693503499999721e+00,6.643157154963227375e-03,1.142017959440244472e-02
6.223191773983333341e+00,6.629757004785605951e-03,1.139848626587415710e-02
6.225690044466666961e+00,6.616418353590136116e-03,1.137679293734584693e-02
6.228188314949999693e+00,6.603140875960673319e-03,1.135509960881754370e-02
6.230686585433333313e+00,6.589924248764196350e-03,1.133340628028923353e-02
6.233184855916666933e+00,6.576768151135144527e-03,1.131171295176092335e-02
6.235683126399999665e+00,6.563672264453730178e-03,1.129001962323262012e-02
6.238181396883333285e+00,6.550636272330611493e-03,1.126832629470430822e-02
6.240679667366666905e+00,6.537659860585707215e-03,1.124663296617599804e-02
6.243177937849999637e+00,6.524742717233071587e-03,1.122493963764769481e-02
6.245676208333333257e+00,6.511884532460084606e-03,1.120324630911938464e-02
6.248174478816666877e+00,6.499084998612745905e-03,1.111626102497029374e-02
6.250672749299999609e+00,6.486343810175023740e-03,1.102927574082123580e-02
6.253171019783333229e+00,6.473660663754662349e-03,1.094229045667214489e-02
6.255669290266666849e+00,6.461035258062988035e-03,1.085530517252305399e-02
6.258167560750000469e+00,6.448467293900717393e-03,1.076831988837396482e-02
6.260665831233333201e+00,6.435956474138064369e-03,1.068133460422490515e-02
6.263164101716666821e+00,6.423502503701464424e-03,1.059434932007581424e-02
6.265662372200000441e+00,6.411105089553407500e-03,1.050736403592672334e-02
6.268160642683333172e+00,6.398763940679429336e-03,1.042037875177766540e-02
6.270658913166666792e+00,6.386478768068820470e-03,1.033339346762857450e-02
6.273157183650000412e+00,6.374249284701560304e-03,1.019162806659379590e-02
6.275655454133333144e+00,6.362075205529139736e-03,1.004986266555906761e-02
6.278153724616666764e+00,6.349956247462231612e-03,9.908097264524289016e-03
6.280651995100000384e+00,6.337892129351538513e-03,9.766331863489510420e-03
6.283150265583333116e+00,6.325882571975812753e-03,9.624566462454782131e-03
6.285648536066666736e+00,6.313927298023287900e-03,9.482801061420003536e-03
6.288146806550000356e+00,6.302026032079285911e-03,9.341035660385224940e-03
6.290645077033333088e+00,6.290178500608344277e-03,9.199270259350496651e-03
6.293143347516666708e+00,6.278384431942619394e-03,9.057504858315718055e-03
6.295641618000000328e+00,6.266643556263606918e-03,8.915739457280939459e-03
6.298139888483333060e+00,6.254955605590669168e-03,8.736544223416463015e-03
6.300638158966666680e+00,6.243320313763759885e-03,8.557348989551922386e-03
6.303136429450000300e+00,6.231737416431678417e-03,8.378153755687381757e-03
6.305634699933333032e+00,6.220206651035514386e-03,8.198958521822905313e-03
6.308132970416666652e+00,6.208727756796560138e-03,8.019763287958366418e-03
6.310631240900000272e+00,6.197300474700202962e-03,7.840568054093825789e-03
6.313129511383333003e+00,6.185924547484725720e-03,7.661372820229349345e-03
6.315627781866666624e+00,6.174599719624729831e-03,7.482177586364808716e-03
6.318126052350000244e+00,6.163325737320408601e-03,7.302982352500268955e-03
6.320624322833332975e+00,6.152102348481120267e-03,7.123787118635791643e-03
6.323122593316666595e+00,6.140929302715308381e-03,6.928849041928255952e-03
6.325620863800000215e+00,6.129806351313883163e-03,6.733910965220714188e-03
6.328119134283332947e+00,6.118733247240628476e-03,6.538972888513240947e-03
6.330617404766666567e+00,6.107709745115745374e-03,6.344034811805699184e-03
6.333115675250000187e+00,6.096735601206331942e-03,6.149096735098157421e-03
6.335613945733332919e+00,6.085810573410625930e-03,5.954158658390685047e-03
6.338112216216666539e+00,6.074934421248184488e-03,5.759220581683143284e-03
6.340610486700000159e+00,6.064106905844797273e-03,5.564282504975601520e-03
6.343108757183333779e+00,6.053327789922621077e-03,5.369344428268059757e-03
6.345607027666666511e+00,6.042596837785253402e-03,5.174406351560586516e-03
6.348105298150000131e+00,6.031913815308390971e-03,4.986778975889564341e-03
6.350603568633333751e+00,6.021278489925080239e-03,4.799151600218542167e-03
6.353101839116666483e+00,6.010690630616414946e-03,4.611524224547586780e-03
6.355600109600000103e+00,6.000150007896874228e-03,4.423896848876564605e-03
6.358098380083333723e+00,5.989656393805690635e-03,4.236269473205542431e-03
6.360596650566666455e+00,5.979209561892173501e-03,4.048642097534587043e-03
6.363094921050000075e+00,5.968809287207030995e-03,3.861014721863564869e-03
6.365593191533333695e+00,5.958455346288299773e-03,3.673387346192542695e-03
6.368091462016666426e+00,5.948147517152822285e-03,3.485759970521587307e-03
6.370589732500000046e+00,5.937885579282032450e-03,3.298132594850565133e-03
6.373088002983333666e+00,5.927669313614067868e-03,3.139185769000021713e-03
6.375586273466666398e+00,5.917498502529578049e-03,2.980238943149534671e-03
6.378084543950000018e+00,5.907372929843902540e-03,2.821292117298991250e-03
6.380582814433333638e+00,5.897292380793103805e-03,2.662345291448448264e-03
6.383081084916666370e+00,5.887256642026721283e-03,2.503398465597961222e-03
6.385579355399999990e+00,5.877265501593592623e-03,2.344451639747417802e-03
6.388077625883333610e+00,5.867318748934826321e-03,2.185504813896874381e-03
6.390575896366666342e+00,5.857416174870097407e-03,2.026557988046387773e-03
6.393074166849999962e+00,5.847557571590337316e-03,1.867611162195844136e-03
6.395572437333333582e+00,5.837742732644674026e-03,1.708664336345300716e-03
6.398070707816666314e+00,5.827971452933199993e-03,1.595311086618066100e-03
6.400568978299999934e+00,5.818243528693759631e-03,1.481957836890791151e-03
6.403067248783333554e+00,5.808558757495407669e-03,1.368604587163516420e-03
6.405565519266666286e+00,5.798916938224946832e-03,1.255251337436281804e-03
6.408063789749999906e+00,5.789317871080866713e-03,1.141898087709006856e-03
6.410562060233333526e+00,5.779761357559869313e-03,1.028544837981731908e-03
6.413060330716666257e+00,5.770247200450800973e-03,9.151915882544972916e-04
6.415558601199999877e+00,5.760775203822118135e-03,8.018383385272223433e-04
6.418056871683333497e+00,5.751345173015011761e-03,6.884850887999473951e-04
6.420555142166667117e+00,5.741956914631458561e-03,5.751318390726725552e-04
6.423053412649999849e+00,5.732610236527810321e-03,5.176186551654196003e-04
6.425551683133333469e+00,5.723304947802675992e-03,4.601054712581462082e-04
6.428049953616667089e+00,5.714040858790552652e-03,4.025922873508728161e-04
6.430548224099999821e+00,5.704817781050197656e-03,3.450791034436198612e-04
6.433046494583333441e+00,5.695635527358300365e-03,2.875659195363465233e-04
6.435544765066667061e+00,5.686493911697729393e-03,2.300527356290731312e-04
6.438043035549999793e+00,5.677392749251978891e-03,1.725395517218201763e-04
6.440541306033333413e+00,5.668331856392857214e-03,1.150263678145467842e-04
6.443039576516667033e+00,5.659311050675622755e-03,5.751318390727344632e-05
6.445537846999999765e+00,5.650330150826626645e-03,2.049142105997603380e-17
6.448036117483333385e+00,5.641388976738583028e-03,4.537550811949171092e-07
6.450534387966667005e+00,5.632487349458384362e-03,9.075101623899954724e-07
6.453032658449999737e+00,5.623625091182405528e-03,1.361265243584912687e-06
6.455530928933333357e+00,5.614802025244790967e-03,1.815020324779990945e-06
6.458029199416666977e+00,5.606017976112438739e-03,2.268775405975069414e-06
6.460527469899999709e+00,5.597272769373945987e-03,2.722530487169986311e-06
6.463025740383333329e+00,5.588566231734347529e-03,3.176285568365064992e-06
6.465524010866666949e+00,5.579898191004133319e-03,3.630040649560143249e-06
6.468022281349999680e+00,5.571268476094583776e-03,4.083795730755060570e-06
6.470520551833333300e+00,5.562676917006627655e-03,4.537550811950138828e-06
6.473018822316666920e+00,5.554123344826272790e-03,6.756773027818640501e-05
6.475517092799999652e+00,5.545607591713577582e-03,1.305979097444002384e-04
6.478015363283333272e+00,5.537129490898374910e-03,1.936280892106364876e-04
6.480513633766666892e+00,5.528688876669512510e-03,2.566582686768727369e-04
6.483011904249999624e+00,5.520285584370231667e-03,3.196884481430865973e-04
6.485510174733333244e+00,5.511919450387777093e-03,3.827186276093228466e-04
6.488008445216666864e+00,5.503590312149134710e-03,4.457488070755590958e-04
6.490506715699999596e+00,5.495298008110559122e-03,5.087789865417730647e-04
6.493004986183333216e+00,5.487042377753287986e-03,5.718091660080092597e-04
6.495503256666666836e+00,5.478823261573435507e-03,6.348393454742455632e-04
6.498001527150000456e+00,5.470640501077761453e-03,7.565865925023586552e-04
6.500499797633333188e+00,5.462493938773736388e-03,8.783338395304284875e-04
6.502998068116666808e+00,5.454383418165138948e-03,1.000081086558541471e-03
6.505496338600000428e+00,5.446308783742640630e-03,1.121828333586654671e-03
6.507994609083333160e+00,5.438269880979405661e-03,1.243575580614724504e-03
6.510492879566666780e+00,5.430266556321732170e-03,1.365322827642837487e-03
6.512991150050000400e+00,5.422298657184580935e-03,1.487070074670950471e-03
6.515489420533333131e+00,5.414366031942642425e-03,1.608817321699020520e-03
6.517987691016666751e+00,5.406468529925948820e-03,1.730564568727133504e-03
6.520485961500000371e+00,5.398606001410919362e-03,1.852311815755246487e-03
6.522984231983333103e+00,5.390778297616115496e-03,2.021480650637525172e-03
6.525482502466666723e+00,5.382985270693199480e-03,2.190649485519863705e-03
6.527980772950000343e+00,5.375226773723518724e-03,2.359818320402202237e-03
6.530479043433333075e+00,5.367502660708339292e-03,2.528987155284480922e-03
6.532977313916666695e+00,5.359812786565825750e-03,2.698155990166819455e-03
6.535475584400000315e+00,5.352157007121574779e-03,2.867324825049158421e-03
6.537973854883333047e+00,5.344535179105403336e-03,3.036493659931436672e-03
6.540472125366666667e+00,5.336947160142459061e-03,3.205662494813775638e-03
6.542970395850000287e+00,5.329392808749396082e-03,3.374831329696114171e-03
6.545468666333333019e+00,5.321871984326132475e-03,3.544000164578392856e-03
6.547966936816666639e+00,5.314384547152183058e-03,3.743537010884937823e-03
6.550465207300000259e+00,5.306930358377933733e-03,3.943073857191494065e-03
6.552963477783332991e+00,5.299509280021767049e-03,4.142610703497979184e-03
6.555461748266666611e+00,5.292121174961103222e-03,4.342147549804534559e-03
6.557960018750000231e+00,5.284765906929441565e-03,4.541684396111090802e-03
6.560458289233332962e+00,5.277443340507785748e-03,4.741221242417575921e-03
6.562956559716666582e+00,5.270153341121800589e-03,4.940758088724132163e-03
6.565454830200000202e+00,5.262895775033170527e-03,5.140294935030688406e-03
6.567953100683332934e+00,5.255670509336917741e-03,5.339831781337173525e-03
6.570451371166666554e+00,5.248477411952811797e-03,5.539368627643728900e-03
6.572949641650000174e+00,5.241316351622821341e-03,5.748605969340552652e-03
6.575447912133333794e+00,5.234187197902708498e-03,5.957843311037377271e-03
6.577946182616666526e+00,5.227089821159337443e-03,6.167080652734126429e-03
6.580444453100000146e+00,5.220024092562670394e-03,6.376317994430951049e-03
6.582942723583333766e+00,5.212989884082827249e-03,6.585555336127774800e-03
6.585440994066666498e+00,5.205987068482295817e-03,6.794792677824524826e-03
6.587939264550000118e+00,5.199015519313316715e-03,7.004030019521348578e-03
6.590437535033333738e+00,5.192075110909967831e-03,7.213267361218172330e-03
6.592935805516666470e+00,5.185165718385514530e-03,7.422504702914922356e-03
6.595434076000000090e+00,5.178287217624723965e-03,7.631742044611746108e-03
6.597932346483333710e+00,5.171439485281437327e-03,7.828800196990108595e-03
6.600430616966666442e+00,5.164622398770800892e-03,8.025858349368400826e-03
6.602928887450000062e+00,5.157835836266782756e-03,8.222916501746764181e-03
6.605427157933333682e+00,5.151079676694649348e-03,8.419974654125125801e-03
6.607925428416666414e+00,5.144353799728845593e-03,8.617032806503419767e-03
6.610423698900000034e+00,5.137658085785111461e-03,8.814090958881781387e-03
6.612921969383333654e+00,5.130992416018538213e-03,9.011149111260144742e-03
6.615420239866666385e+00,5.124356672315884438e-03,9.208207263638436973e-03
6.617918510350000005e+00,5.117750737293539492e-03,9.405265416016800328e-03
6.620416780833333625e+00,5.111174494290333069e-03,9.602323568395161948e-03
6.622915051316666357e+00,5.104627827365056277e-03,9.766546611782790308e-03
6.625413321799999977e+00,5.098110621289510605e-03,9.930769655170477647e-03
6.627911592283333597e+00,5.091622761546325641e-03,1.009499269855816499e-02
6.630409862766666329e+00,5.085164134321844970e-03,1.025921574194579335e-02
6.632908133249999949e+00,5.078734626504144249e-03,1.042343878533348069e-02
6.635406403733333569e+00,5.072334125675862469e-03,1.058766182872116803e-02
6.637904674216666301e+00,5.065962520112440338e-03,1.075188487210879638e-02
6.640402944699999921e+00,5.059619698774977560e-03,1.091610791549648372e-02
6.642901215183333541e+00,5.053305551308498109e-03,1.108033095888417106e-02
6.645399485666666273e+00,5.047019968034684341e-03,1.124455400227179942e-02
6.647897756149999893e+00,5.040762839950810141e-03,1.135875645001256998e-02
6.650396026633333513e+00,5.034534058722121147e-03,1.147295889775332145e-02
6.652894297116667133e+00,5.028333516680652537e-03,1.158716134549407292e-02
6.655392567599999865e+00,5.022161106817952733e-03,1.170136379323478450e-02
6.657890838083333485e+00,5.016016722783980981e-03,1.181556624097553597e-02
6.660389108566667105e+00,5.009900258880147644e-03,1.192976868871628918e-02
6.662887379049999836e+00,5.003811610057475392e-03,1.204397113645699902e-02
6.665385649533333456e+00,4.997750671910332516e-03,1.215817358419775222e-02
6.667883920016667076e+00,4.991717340674851726e-03,1.227237603193850370e-02
6.670382190499999808e+00,4.985711513222130034e-03,1.238657847967921527e-02
6.672880460983333428e+00,4.979733087057004043e-03,1.243889530336715621e-02
6.675378731466667048e+00,4.973781960311510902e-03,1.249121212705507633e-02
6.677877001949999780e+00,4.967858031743245528e-03,1.254352895074297737e-02
6.680375272433333400e+00,4.961961200729369734e-03,1.259584577443089576e-02
6.682873542916667020e+00,4.956091367264715310e-03,1.264816259811881588e-02
6.685371813399999752e+00,4.950248431955905914e-03,1.270047942180671692e-02
6.687870083883333372e+00,4.944432296019951947e-03,1.275279624549463704e-02
6.690368354366666992e+00,4.938642861277607425e-03,1.280511306918255543e-02
6.692866624849999724e+00,4.932880030152629255e-03,1.285742989287045647e-02
6.695364895333333344e+00,4.927143705665181818e-03,1.290974671655837659e-02
6.697863165816666964e+00,4.921433791430860315e-03,1.289491180738770032e-02
6.700361436299999696e+00,4.915750191654418878e-03,1.288007689821702925e-02
6.702859706783333316e+00,4.910092811128690705e-03,1.286524198904635298e-02
6.705357977266666936e+00,4.904461555228358666e-03,1.285040707987567671e-02
6.707856247749999667e+00,4.898856329909122634e-03,1.283557217070500564e-02
6.710354518233333287e+00,4.893277041701477037e-03,1.282073726153432937e-02
6.712852788716666907e+00,4.887723597709679561e-03,1.280590235236365310e-02
6.715351059199999639e+00,4.882195905605788908e-03,1.279106744319298203e-02
6.717849329683333259e+00,4.876693873628880696e-03,1.277623253402230576e-02
6.720347600166666879e+00,4.871217410578858840e-03,1.276139762485162948e-02
6.722845870649999611e+00,4.865766425815446806e-03,1.268132315692948632e-02
6.725344141133333231e+00,4.860340829252761397e-03,1.260124868900731367e-02
6.727842411616666851e+00,4.854940531358203394e-03,1.252117422108514275e-02
6.730340682100000471e+00,4.849565443146451951e-03,1.244109975316297009e-02
6.732838952583333203e+00,4.844215476178977131e-03,1.236102528524082693e-02
6.735337223066666823e+00,4.838890542557983121e-03,1.228095081731865601e-02
6.737835493550000443e+00,4.833590554925906897e-03,1.220087634939648336e-02
6.740333764033333175e+00,4.828315426459598228e-03,1.212080188147434019e-02
6.742832034516666795e+00,4.823065070869516496e-03,1.204072741355216927e-02
6.745330305000000415e+00,4.817839402394199534e-03,1.196065294562999662e-02
6.747828575483333147e+00,4.812638335799581876e-03,1.182424060709801744e-02
6.750326845966666767e+00,4.807461786373261499e-03,1.168782826856598969e-02
6.752825116450000387e+00,4.802309669924068741e-03,1.155141593003396021e-02
6.755323386933333119e+00,4.797181902776381617e-03,1.141500359150198103e-02
6.757821657416666739e+00,4.792078401769673916e-03,1.127859125296995328e-02
6.760319927900000359e+00,4.786999084252888635e-03,1.114217891443792553e-02
6.762818198383333090e+00,4.781943868083889798e-03,1.100576657590594636e-02
6.765316468866666710e+00,4.776912671624046654e-03,1.086935423737391687e-02
6.767814739350000330e+00,4.771905413738041120e-03,1.073294189884188912e-02
6.770313009833333062e+00,4.766922013787950642e-03,1.059652956030990995e-02
6.772811280316666682e+00,4.761962391633118956e-03,1.041870847729386984e-02
6.775309550800000302e+00,4.757026467624671760e-03,1.024088739427781586e-02
6.777807821283333034e+00,4.752114162605419571e-03,1.006306631126182433e-02
6.780306091766666654e+00,4.747225397904224209e-03,9.885245228245770344e-03
6.782804362250000274e+00,4.742360095335560778e-03,9.707424145229714627e-03
6.785302632733333006e+00,4.737518177194558963e-03,9.529603062213724829e-03
6.787800903216666626e+00,4.732699566256680368e-03,9.351781979197669112e-03
6.790299173700000246e+00,4.727904185772240260e-03,9.173960896181615129e-03
6.792797444183332978e+00,4.723131959466349457e-03,8.996139813165623597e-03
6.795295714666666598e+00,4.718382811533670257e-03,8.818318730149569615e-03
6.797793985150000218e+00,4.713656666638311489e-03,8.618367583096055856e-03
6.800292255633332950e+00,4.708953449908379746e-03,8.418416436042613221e-03
6.802790526116666570e+00,4.704273086936100814e-03,8.218465288989099463e-03
6.805288796600000190e+00,4.699615503772638057e-03,8.018514141935583969e-03
6.807787067083332921e+00,4.694980626928022156e-03,7.818562994882141334e-03
6.810285337566666541e+00,4.690368383365847195e-03,7.618611847828627576e-03
6.812783608050000161e+00,4.685778700503500510e-03,7.418660700775113817e-03
6.815281878533333781e+00,4.681211506206948113e-03,7.218709553721600058e-03
6.817780149016666513e+00,4.676666728790721678e-03,7.018758406668157424e-03
6.820278419500000133e+00,4.672144297012803711e-03,6.818807259614642798e-03
6.822776689983333753e+00,4.667644140075056895e-03,6.618073647771114884e-03
6.825274960466666485e+00,4.663166187617773586e-03,6.417340035927658094e-03
6.827773230950000105e+00,4.658710369719955106e-03,6.216606424084130181e-03
6.830271501433333725e+00,4.654276616894284513e-03,6.015872812240602267e-03
6.832769771916666457e+00,4.649864860087450993e-03,5.815139200397145477e-03
6.835268042400000077e+00,4.645475030674852887e-03,5.614405588553616697e-03
6.837766312883333697e+00,4.641107060461249940e-03,5.413671976710088783e-03
6.840264583366666429e+00,4.636760881675578219e-03,5.212938364866631993e-03
6.842762853850000049e+00,4.632436426970828677e-03,5.012204753023104080e-03
6.845261124333333669e+00,4.628133629419922852e-03,4.811471141179576166e-03
6.847759394816666401e+00,4.623852422515568883e-03,4.630645457252806872e-03
6.850257665300000021e+00,4.619592740165105911e-03,4.449819773325973393e-03
6.852755935783333641e+00,4.615354516691520630e-03,4.268994089399139047e-03
6.855254206266666372e+00,4.611137686827949944e-03,4.088168405472369753e-03
6.857752476749999992e+00,4.606942185718567416e-03,3.907342721545536274e-03
6.860250747233333612e+00,4.602767948913342663e-03,3.726517037618702795e-03
6.862749017716666344e+00,4.598614912368904385e-03,3.545691353691933067e-03
6.865247288199999964e+00,4.594483012443193078e-03,3.364865669765099154e-03
6.867745558683333584e+00,4.590372185896346609e-03,3.184039985838265675e-03
6.870243829166666316e+00,4.586282369885902842e-03,3.003214301911496381e-03
6.872742099649999936e+00,4.582213501967169131e-03,2.859346098284219328e-03
6.875240370133333556e+00,4.578165520088504740e-03,2.715477894656955285e-03
6.877738640616666288e+00,4.574138362591837793e-03,2.571609691029742850e-03
6.880236911099999908e+00,4.570131968208126366e-03,2.427741487402478807e-03
6.882735181583333528e+00,4.566146276057685485e-03,2.283873283775214764e-03
6.885233452066666260e+00,4.562181225645602252e-03,2.140005080148001896e-03
6.887731722549999880e+00,4.558236756862584123e-03,1.996136876520737853e-03
6.890229993033333500e+00,4.554312809980024489e-03,1.852268672893474027e-03
6.892728263516667120e+00,4.550409325650432019e-03,1.708400469266210201e-03
6.895226533999999852e+00,4.546526244903442530e-03,1.564532265638997333e-03
6.897724804483333472e+00,4.542663509146045372e-03,1.467993913270453955e-03
6.900223074966667092e+00,4.538821060158097428e-03,1.371455560901910578e-03
6.902721345449999824e+00,4.534998840092963231e-03,1.274917208533401462e-03
6.905219615933333444e+00,4.531196791473079272e-03,1.178378856164858084e-03
6.907717886416667064e+00,4.527414857190661772e-03,1.081840503796314707e-03
6.910216156899999795e+00,4.523652980503080172e-03,9.853021514278055906e-04
6.912714427383333415e+00,4.519911105033652503e-03,8.887637990592621049e-04
6.915212697866667035e+00,4.516189174767410927e-03,7.922254466907186193e-04
6.917710968349999767e+00,4.512487134051374089e-03,6.956870943222095028e-04
6.920209238833333387e+00,4.508804927590546845e-03,5.991487419536661255e-04
6.922707509316667007e+00,4.505142500448479706e-03,5.507545519552208739e-04
6.925205779799999739e+00,4.501499798043031783e-03,5.023603619567927527e-04
6.927704050283333359e+00,4.497876766147047324e-03,4.539661719583475553e-04
6.930202320766666979e+00,4.494273350883957324e-03,4.055719819599022495e-04
6.932700591249999711e+00,4.490689498728662500e-03,3.571777919614742367e-04
6.935198861733333331e+00,4.487125156503377760e-03,3.087836019630289851e-04
6.937697132216666951e+00,4.483580271378245427e-03,2.603894119645837335e-04
6.940195402699999683e+00,4.480054790866909095e-03,2.119952219661556665e-04
6.942693673183333303e+00,4.476548662827957784e-03,1.636010319677104149e-04
6.945191943666666923e+00,4.473061835460047896e-03,1.152068419692651633e-04
6.947690214149999655e+00,4.469594257302988288e-03,1.036861577723415201e-04
6.950188484633333275e+00,4.466145877233890053e-03,9.216547357541377049e-05
6.952686755116666895e+00,4.462716644467266264e-03,8.064478937848602088e-05
6.955185025599999626e+00,4.459306508551728193e-03,6.912410518156237769e-05
6.957683296083333246e+00,4.455915419370329658e-03,5.760342098463463485e-05
6.960181566566666866e+00,4.452543327136585828e-03,4.608273678770689202e-05
6.962679837049999598e+00,4.449190182395443803e-03,3.456205259078323527e-05
6.965178107533333218e+00,4.445855936019017796e-03,2.304136839385549922e-05
6.967676378016666838e+00,4.442540539207876296e-03,1.152068419692774961e-05
6.970174648500000458e+00,4.439243943486535261e-03,0.000000000000000000e+00
6.972672918983333190e+00,4.435966100704570939e-03,0.000000000000000000e+00
6.975171189466666810e+00,4.432706963032816486e-03,0.000000000000000000e+00
6.977669459950000430e+00,4.429466482964051523e-03,0.000000000000000000e+00
6.980167730433333162e+00,4.426244613309166659e-03,0.000000000000000000e+00
6.982666000916666782e+00,4.423041307197792329e-03,0.000000000000000000e+00
6.985164271400000402e+00,4.419856518074994148e-03,0.000000000000000000e+00
6.987662541883333134e+00,4.416690199701686637e-03,0.000000000000000000e+00
6.990160812366666754e+00,4.413542306150818571e-03,0.000000000000000000e+00
6.992659082850000374e+00,4.410412791808656675e-03,0.000000000000000000e+00
6.995157353333333106e+00,4.407301611370559834e-03,0.000000000000000000e+00
6.997655623816666726e+00,4.404208719842189930e-03,0.000000000000000000e+00
7.000153894300000346e+00,4.401134072535635607e-03,0.000000000000000000e+00
7.002652164783333077e+00,4.398077625070217177e-03,0.000000000000000000e+00
7.005150435266666697e+00,4.395039333369019779e-03,0.000000000000000000e+00
7.007648705750000317e+00,4.392019153659845743e-03,0.000000000000000000e+00
7.010146976233333049e+00,4.389017042471068594e-03,0.000000000000000000e+00
7.012645246716666669e+00,4.386032956633029514e-03,0.000000000000000000e+00
7.015143517200000289e+00,4.383066853274298139e-03,0.000000000000000000e+00
7.017641787683333021e+00,4.380118689822689974e-03,0.000000000000000000e+00
7.020140058166666641e+00,4.377188424001312965e-03,0.000000000000000000e+00
7.022638328650000261e+00,4.374276013829854655e-03,0.000000000000000000e+00
7.025136599133332993e+00,4.371381417620955750e-03,0.000000000000000000e+00
7.027634869616666613e+00,4.368504593981083553e-03,0.000000000000000000e+00
7.030133140100000233e+00,4.365645501806960163e-03,0.000000000000000000e+00
7.032631410583332965e+00,4.362804100286823625e-03,0.000000000000000000e+00
7.035129681066666585e+00,4.359980348896465817e-03,0.000000000000000000e+00
7.037627951550000205e+00,4.357174207400752938e-03,0.000000000000000000e+00
7.040126222033332937e+00,4.354385635849371099e-03,0.000000000000000000e+00
7.042624492516666557e+00,4.351614594578823852e-03,0.000000000000000000e+00
7.045122763000000177e+00,4.348861044208123146e-03,0.000000000000000000e+00
7.047621033483333797e+00,4.346124945640405211e-03,0.000000000000000000e+00
7.050119303966666529e+00,4.343406260059043920e-03,0.000000000000000000e+00
7.052617574450000149e+00,4.340704948928769680e-03,0.000000000000000000e+00
7.055115844933333769e+00,4.338020973992642339e-03,0.000000000000000000e+00
7.057614115416666500e+00,4.335354297272819672e-03,0.000000000000000000e+00
7.060112385900000120e+00,4.332704881066809510e-03,0.000000000000000000e+00
7.062610656383333740e+00,4.330072687949314617e-03,0.000000000000000000e+00
7.065108926866666472e+00,4.327457680768208130e-03,0.000000000000000000e+00
7.067607197350000092e+00,4.324859822646091347e-03,0.000000000000000000e+00
7.070105467833333712e+00,4.322279076976499879e-03,0.000000000000000000e+00
7.072603738316666444e+00,4.319715407425273219e-03,8.710706280480633814e-07
7.075102008800000064e+00,4.317168777927359383e-03,1.742141256096436565e-06
7.077600279283333684e+00,4.314639152687601599e-03,2.613211884144809749e-06
7.080098549766666416e+00,4.312126496177609743e-03,3.484282512192873130e-06
7.082596820250000036e+00,4.309630773137046629e-03,4.355353140241246526e-06
7.085095090733333656e+00,4.307151948569946931e-03,5.226423768289619498e-06
7.087593361216666388e+00,4.304689987746327870e-03,6.097494396337682456e-06
7.090091631700000008e+00,4.302244856198680738e-03,6.968565024386055428e-06
7.092589902183333628e+00,4.299816519722826982e-03,7.839635652434428400e-06
7.095088172666666360e+00,4.297404944375541637e-03,8.710706280482493052e-06
7.097586443149999980e+00,4.295010096474952306e-03,3.155243185666183937e-05
7.100084713633333600e+00,4.292631942597467838e-03,5.439415743284899195e-05
7.102582984116666331e+00,4.290270449579307484e-03,7.723588300902804011e-05
7.105081254599999951e+00,4.287925584513003693e-03,1.000776085852151927e-04
7.107579525083333571e+00,4.285597314748675404e-03,1.229193341614023317e-04
7.110077795566666303e+00,4.283285607890731199e-03,1.457610597375813663e-04
7.112576066049999923e+00,4.280990431799512955e-03,1.686027853137685324e-04
7.115074336533333543e+00,4.278711754587639915e-03,1.914445108899556986e-04
7.117572607016666275e+00,4.276449544621708718e-03,2.142862364661347332e-04
7.120070877499999895e+00,4.274203770518478739e-03,2.371279620423218993e-04
7.122569147983333515e+00,4.271974401146980647e-03,2.919410181106786898e-04
7.125067418466667135e+00,4.269761405624832723e-03,3.467540741790354803e-04
7.127565688949999867e+00,4.267564753319603478e-03,4.015671302473727551e-04
7.130063959433333487e+00,4.265384413845864364e-03,4.563801863157295456e-04
7.132562229916667107e+00,4.263220357066159483e-03,5.111932423840863902e-04
7.135060500399999839e+00,4.261072553088336712e-03,5.660062984524235567e-04
7.137558770883333459e+00,4.258940972266715176e-03,6.208193545207804556e-04
7.140057041366667079e+00,4.256825585198659168e-03,6.756324105891371376e-04
7.142555311849999811e+00,4.254726362726459453e-03,7.304454666574745209e-04
7.145053582333333431e+00,4.252643275933840408e-03,7.852585227258313113e-04
7.147551852816667051e+00,4.250576296147516066e-03,8.732960275870254056e-04
7.150050123299999782e+00,4.248525394934019907e-03,9.613335324481881664e-04
7.152548393783333402e+00,4.246490544101391013e-03,1.049371037309382044e-03
7.155046664266667023e+00,4.244471715695486910e-03,1.137408542170576138e-03
7.157544934749999754e+00,4.242468882002207488e-03,1.225446047031739007e-03
7.160043205233333374e+00,4.240482015543560641e-03,1.313483551892933102e-03
7.162541475716666994e+00,4.238511089079913079e-03,1.401521056754127196e-03
7.165039746199999726e+00,4.236556075606435004e-03,1.489558561615289848e-03
7.167538016683333346e+00,4.234616948354628409e-03,1.577596066476483726e-03
7.170036287166666966e+00,4.232693680789659935e-03,1.665633571337677820e-03
7.172534557649999698e+00,4.230786246611037416e-03,1.781800253850247514e-03
7.175032828133333318e+00,4.228894619750483974e-03,1.897966936362858407e-03
7.177531098616666938e+00,4.227018774373023091e-03,2.014133618875469517e-03
7.180029369099999670e+00,4.225158684873609773e-03,2.130300301388038994e-03
7.182527639583333290e+00,4.223314325879556561e-03,2.246466983900650104e-03
7.185025910066666910e+00,4.221485672246376268e-03,2.362633666413260780e-03
7.187524180549999642e+00,4.219672699060384932e-03,2.478800348925830691e-03
7.190022451033333262e+00,4.217875381635081446e-03,2.594967031438441801e-03
7.192520721516666882e+00,4.216093695512810290e-03,2.711133713951052911e-03
7.195018991999999614e+00,4.214327616461835055e-03,2.827300396463622387e-03
7.197517262483333234e+00,4.212577120477936990e-03,2.962397871785967494e-03
7.200015532966666854e+00,4.210842183781490257e-03,3.097495347108319540e-03
7.202513803450000474e+00,4.209122782818664962e-03,3.232592822430671586e-03
7.205012073933333205e+00,4.207418894259087015e-03,3.367690297752975494e-03
7.207510344416666825e+00,4.205730494996955289e-03,3.502787773075327540e-03
7.210008614900000445e+00,4.204057562148381423e-03,3.637885248397679586e-03
7.212506885383333177e+00,4.202400073052441065e-03,3.772982723719983493e-03
7.215005155866666797e+00,4.200758005269323789e-03,3.908080199042335105e-03
7.217503426350000417e+00,4.199131336580856980e-03,4.043177674364687585e-03
7.220001696833333149e+00,4.197520044988208195e-03,4.178275149686991492e-03
7.222499967316666769e+00,4.195924108713258195e-03,4.320939595223820956e-03
7.224998237800000389e+00,4.194343506195942484e-03,4.463604040760653022e-03
7.227496508283333121e+00,4.192778216095829902e-03,4.606268486297434780e-03
7.229994778766666741e+00,4.191228217288733848e-03,4.748932931834267714e-03
7.232493049250000361e+00,4.189693488869287476e-03,4.891597377371099779e-03
7.234991319733333093e+00,4.188174010147270414e-03,5.034261822907881538e-03
7.237489590216666713e+00,4.186669760649968861e-03,5.176926268444713604e-03
7.239987860700000333e+00,4.185180720118641083e-03,5.319590713981546537e-03
7.242486131183333065e+00,4.183706868510495870e-03,5.462255159518328296e-03
7.244984401666666685e+00,4.182248185996065293e-03,5.604919605055160362e-03
7.247482672150000305e+00,4.180804652960674883e-03,5.743168236188393380e-03
7.249980942633333036e+00,4.179376250001787772e-03,5.881416867321576959e-03
7.252479213116666656e+00,4.177962957929987411e-03,6.019665498454809111e-03
7.254977483600000276e+00,4.176564757767492649e-03,6.157914129588042129e-03
7.257475754083333008e+00,4.175181630748737126e-03,6.296162760721225708e-03
7.259974024566666628e+00,4.173813558318145364e-03,6.434411391854458727e-03
7.262472295050000248e+00,4.172460522131439010e-03,6.572660022987691746e-03
7.264970565533332980e+00,4.171122504053397309e-03,6.710908654120875325e-03
7.267468836016666600e+00,4.169799486159150338e-03,6.849157285254108343e-03
7.269967106500000220e+00,4.168491450731743458e-03,6.987405916387340495e-03
7.272465376983332952e+00,4.167198380263399324e-03,7.109787527620906392e-03
7.274963647466666572e+00,4.165920257453313048e-03,7.232169138854516524e-03
7.277461917950000192e+00,4.164657065209204784e-03,7.354550750088125789e-03
7.279960188433332924e+00,4.163408786644579723e-03,7.476932361321692554e-03
7.282458458916666544e+00,4.162175405080090727e-03,7.599313972555301819e-03
7.284956729400000164e+00,4.160956904041731609e-03,7.721695583788911951e-03
7.287454999883333784e+00,4.159753267261726180e-03,7.844077195022522084e-03
7.289953270366666516e+00,4.158564478676455255e-03,7.966458806256087113e-03
7.292451540850000136e+00,4.157390522427607642e-03,8.088840417489697246e-03
7.294949811333333756e+00,4.156231382860217302e-03,8.211222028723307378e-03
7.297448081816666487e+00,4.155087044524108375e-03,8.307637568151619162e-03
7.299946352300000108e+00,4.153957492170623489e-03,8.404053107579963905e-03
7.302444622783333728e+00,4.152842710755826061e-03,8.500468647008310383e-03
7.304942893266666459e+00,4.151742685436321349e-03,8.596884186436622166e-03
7.307441163750000079e+00,4.150657401572333850e-03,8.693299725864966909e-03
7.309939434233333699e+00,4.149586844724112954e-03,8.789715265293313387e-03
7.312437704716666431e+00,4.148531000654228848e-03,8.886130804721623436e-03
7.314935975200000051e+00,4.147489855325093601e-03,8.982546344149969914e-03
7.317434245683333671e+00,4.146463394900239650e-03,9.078961883578314657e-03
7.319932516166666403e+00,4.145451605742379517e-03,9.175377423006626440e-03
7.322430786650000023e+00,4.144454474414187295e-03,9.237681820125274307e-03
7.324929057133333643e+00,4.143471987677367976e-03,9.299986217243908296e-03
7.327427327616666375e+00,4.142504132492776277e-03,9.362290614362519733e-03
7.329925598099999995e+00,4.141550896019008041e-03,9.424595011481155457e-03
7.332423868583333615e+00,4.140612265613423729e-03,9.486899408599789446e-03
7.334922139066666347e+00,4.139688228830546400e-03,9.549203805718402618e-03
7.337420409549999967e+00,4.138778773422894380e-03,9.611508202837036607e-03
7.339918680033333587e+00,4.137883887339230057e-03,9.673812599955670596e-03
7.342416950516666319e+00,4.137003558725716075e-03,9.736116997074283769e-03
7.344915220999999939e+00,4.136137775924229182e-03,9.798421394192917758e-03
7.347413491483333559e+00,4.135286527473484332e-03,9.820924012021059468e-03
7.349911761966666290e+00,4.134449802106811636e-03,9.843426629849192505e-03
7.352410032449999910e+00,4.133627588753934455e-03,9.865929247677334216e-03
7.354908302933333530e+00,4.132819876538986609e-03,9.888431865505475926e-03
7.357406573416666262e+00,4.132026654781367596e-03,9.910934483333608963e-03
7.359904843899999882e+00,4.131247912994265477e-03,9.933437101161748939e-03
7.362403114383333502e+00,4.130483640886046387e-03,9.955939718989890649e-03
7.364901384866667122e+00,4.129733828357854547e-03,9.978442336818032360e-03
7.367399655349999854e+00,4.128998465505512652e-03,1.000094495464616540e-02
7.369897925833333474e+00,4.128277542617174792e-03,1.002344757247430711e-02
7.372396196316667094e+00,4.127571050174666523e-03,1.000339004259979264e-02
7.374894466799999826e+00,4.126878978852558527e-03,9.983332512725283381e-03
7.377392737283333446e+00,4.126201319517909874e-03,9.963274982850768915e-03
7.379891007766667066e+00,4.125538063229606221e-03,9.943217452976252715e-03
7.382389278249999798e+00,4.124889201239494325e-03,9.923159923101745189e-03
7.384887548733333418e+00,4.124254724990032359e-03,9.903102393227230724e-03
7.387385819216667038e+00,4.123634626116434027e-03,9.883044863352714524e-03
7.389884089699999770e+00,4.123028896444377867e-03,9.862987333478206997e-03
7.392382360183333390e+00,4.122437527990839047e-03,9.842929803603690797e-03
7.394880630666667010e+00,4.121860512963502164e-03,9.822872273729176332e-03
7.397378901149999741e+00,4.121297843761672838e-03,9.760885556614966319e-03
7.399877171633333361e+00,4.120749512973467463e-03,9.698898839500733754e-03
7.402375442116666981e+00,4.120215513378358910e-03,9.636912122386501189e-03
7.404873712599999713e+00,4.119695837945457420e-03,9.574925405272289441e-03
7.407371983083333333e+00,4.119190479834196686e-03,9.512938688158056877e-03
7.409870253566666953e+00,4.118699432392639893e-03,9.450951971043824312e-03
7.412368524049999685e+00,4.118222689159496339e-03,9.388965253929614299e-03
7.414866794533333305e+00,4.117760243861545363e-03,9.326978536815381735e-03
7.417365065016666925e+00,4.117312090415855066e-03,9.264991819701149170e-03
7.419863335499999657e+00,4.116878222927325935e-03,9.203005102586939157e-03
7.422361605983333277e+00,4.116458635690469804e-03,9.103453736830482979e-03
7.424859876466666897e+00,4.116053323187774879e-03,9.003902371074012922e-03
7.427358146949999629e+00,4.115662280090925246e-03,8.904351005317579296e-03
7.429856417433333249e+00,4.115285501259082629e-03,8.804799639561110974e-03
7.432354687916666869e+00,4.114922981740125850e-03,8.705248273804640918e-03
7.434852958399999601e+00,4.114574716769709740e-03,8.605696908048207291e-03
7.437351228883333221e+00,4.114240701771555708e-03,8.506145542291737235e-03
7.439849499366666841e+00,4.113920932356683255e-03,8.406594176535268914e-03
7.442347769850000461e+00,4.113615404324715355e-03,8.307042810778798858e-03
7.444846040333333193e+00,4.113324113661624183e-03,8.207491445022365231e-03
7.447344310816666813e+00,4.113047056541746863e-03,8.078537234989385807e-03
7.449842581300000433e+00,4.112784229325950128e-03,7.949583024956406382e-03
7.452340851783333164e+00,4.112535628563225402e-03,7.820628814923472061e-03
7.454839122266666784e+00,4.112301250988858667e-03,7.691674604890491769e-03
7.457337392750000404e+00,4.112081093525669050e-03,7.562720394857511477e-03
7.459835663233333136e+00,4.111875153282767634e-03,7.433766184824578023e-03
7.462333933716666756e+00,4.111683427557038910e-03,7.304811974791597731e-03
7.464832204200000376e+00,4.111505913831537025e-03,7.175857764758618307e-03
7.467330474683333108e+00,4.111342609776023546e-03,7.046903554725683985e-03
7.469828745166666728e+00,4.111193513247027309e-03,6.917949344692704561e-03
7.472327015650000348e+00,4.111058622287720385e-03,6.771149120875708492e-03
7.474825286133333080e+00,4.110937935128042113e-03,6.624348897058765333e-03
7.477323556616666700e+00,4.110831450183686890e-03,6.477548673241769264e-03
7.479821827100000320e+00,4.110739166057533582e-03,6.330748449424773196e-03
7.482320097583333052e+00,4.110661081538569996e-03,6.183948225607830036e-03
7.484818368066666672e+00,4.110597195601721141e-03,6.037148001790833968e-03
7.487316638550000292e+00,4.110547507409507625e-03,5.890347777973837899e-03
7.489814909033333024e+00,4.110512016308666416e-03,5.743547554156893872e-03
7.492313179516666644e+00,4.110490721834772140e-03,5.596747330339898671e-03
