offset_GHz,folded_incident_density_per_GHz,nonparametric_recovery_per_GHz
-7.494811450000000264e+00,4.099242896478122976e-03,1.238706303112061609e-04
-7.492313179516666644e+00,4.099249932986955176e-03,2.538498596070014671e-04
-7.489814909033333024e+00,4.099271042604405065e-03,3.838290889027967190e-04
-7.487316638550000292e+00,4.099306225605881676e-03,5.138083181985457840e-04
-7.484818368066666672e+00,4.099355482448993789e-03,6.437875474943411443e-04
-7.482320097583333052e+00,4.099418813774798921e-03,7.737667767901362879e-04
-7.479821827100000320e+00,4.099496220407503229e-03,9.037460060858854612e-04
-7.477323556616666700e+00,4.099587703355532693e-03,1.033725235381680822e-03
-7.474825286133333080e+00,4.099693263808508632e-03,1.163704464677475965e-03
-7.472327015650000348e+00,4.099812903141688593e-03,1.293683693973224922e-03
-7.469828745166666728e+00,4.099946622911587908e-03,1.423662923269020282e-03
-7.467330474683333108e+00,4.100094424860003389e-03,1.672874811321089714e-03
-7.464832204200000376e+00,4.100256310910521326e-03,1.922086699373070674e-03
-7.462333933716666756e+00,4.100432283171122176e-03,2.171298587425140106e-03
-7.459835663233333136e+00,4.100622343932879520e-03,2.420510475477209971e-03
-7.457337392750000404e+00,4.100826495671494425e-03,2.669722363529190932e-03
-7.454839122266666784e+00,4.101044741044224985e-03,2.918934251581260363e-03
-7.452340851783333164e+00,4.101277082894496349e-03,3.168146139633330229e-03
-7.449842581300000433e+00,4.101523524247761669e-03,3.417358027685310756e-03
-7.447344310816666813e+00,4.101784068314343577e-03,3.666569915737380621e-03
-7.444846040333333193e+00,4.102058718487652626e-03,3.915781803789450052e-03
-7.442347769850000461e+00,4.102347478346683556e-03,4.211960090064837368e-03
-7.439849499366666841e+00,4.102650351652689827e-03,4.508138376340328768e-03
-7.437351228883333221e+00,4.102967342353098894e-03,4.804316662615821035e-03
-7.434852958399999601e+00,4.103298454578311640e-03,5.100494948891313302e-03
-7.432354687916666869e+00,4.103643692643833482e-03,5.396673235166700618e-03
-7.429856417433333249e+00,4.104003061049922227e-03,5.692851521442192884e-03
-7.427358146949999629e+00,4.104376564480991321e-03,5.989029807717685151e-03
-7.424859876466666897e+00,4.104764207806799008e-03,6.285208093993072467e-03
-7.422361605983333277e+00,4.105165996082446589e-03,6.581386380268564734e-03
-7.419863335499999657e+00,4.105581934547073049e-03,6.877564666544035317e-03
-7.417365065016666925e+00,4.106012028626229021e-03,7.115413183656599597e-03
-7.414866794533333305e+00,4.106456283930332886e-03,7.353261700769247143e-03
-7.412368524049999685e+00,4.106914706256094109e-03,7.591110217881895557e-03
-7.409870253566666953e+00,4.107387301584264176e-03,7.828958734994459837e-03
-7.407371983083333333e+00,4.107874076083658545e-03,8.066807252107106516e-03
-7.404873712599999713e+00,4.108375036107727099e-03,8.304655769219754929e-03
-7.402375442116666981e+00,4.108890188196805821e-03,8.542504286332318342e-03
-7.399877171633333361e+00,4.109419539077279783e-03,8.780352803444966756e-03
-7.397378901149999741e+00,4.109963095662896339e-03,9.018201320557615169e-03
-7.394880630666667010e+00,4.110520865053098050e-03,9.256049837670178582e-03
-7.392382360183333390e+00,4.111092854535397523e-03,9.343317540666591647e-03
-7.389884089699999770e+00,4.111679071583836109e-03,9.430585243663004713e-03
-7.387385819216667038e+00,4.112279523860759393e-03,9.517852946659386554e-03
-7.384887548733333418e+00,4.112894219214329600e-03,9.605120649655799620e-03
-7.382389278249999798e+00,4.113523165683151232e-03,9.692388352652212685e-03
-7.379891007766667066e+00,4.114166371491285480e-03,9.779656055648596261e-03
-7.377392737283333446e+00,4.114823845053355508e-03,9.866923758645009326e-03
-7.374894466799999826e+00,4.115495594970389193e-03,9.954191461641422392e-03
-7.372396196316667094e+00,4.116181630034449965e-03,1.004145916463780423e-02
-7.369897925833333474e+00,4.116881959224246226e-03,1.012872686763421730e-02
-7.367399655349999854e+00,4.117596591709872349e-03,1.002657235438337256e-02
-7.364901384866667122e+00,4.118325536849492749e-03,9.924417841132565990e-03
-7.362403114383333502e+00,4.119068804191709787e-03,9.822263327881721254e-03
-7.359904843899999882e+00,4.119826403474855132e-03,9.720108814630876518e-03
-7.357406573416666262e+00,4.120598344628050545e-03,9.617954301380033516e-03
-7.354908302933333530e+00,4.121384637770387355e-03,9.515799788129225209e-03
-7.352410032449999910e+00,4.122185293212341992e-03,9.413645274878380473e-03
-7.349911761966666290e+00,4.123000321454947659e-03,9.311490761627535737e-03
-7.347413491483333559e+00,4.123829733191097975e-03,9.209336248376729164e-03
-7.344915220999999939e+00,4.124673539305252074e-03,9.107181735125884428e-03
-7.342416950516666319e+00,4.125531750874560435e-03,8.851091976965222430e-03
-7.339918680033333587e+00,4.126404379167084198e-03,8.595002218804652372e-03
-7.337420409549999967e+00,4.127291435645175262e-03,8.338912460643992108e-03
-7.334922139066666347e+00,4.128192931962928851e-03,8.082822702483331845e-03
-7.332423868583333615e+00,4.129108879968434315e-03,7.826732944322761787e-03
-7.329925598099999995e+00,4.130039291702883482e-03,7.570643186162099789e-03
-7.327427327616666375e+00,4.130984179402177013e-03,7.314553428001438658e-03
-7.324929057133333643e+00,4.131943555495437743e-03,7.058463669840868600e-03
-7.322430786650000023e+00,4.132917432607676085e-03,6.802373911680207469e-03
-7.319932516166666403e+00,4.133905823557899178e-03,6.546284153519527256e-03
-7.317434245683333671e+00,4.134908741361122304e-03,6.236170960477068620e-03
-7.314935975200000051e+00,4.135926199227657647e-03,5.926057767434499829e-03
-7.312437704716666431e+00,4.136958210564182017e-03,5.615944574391931038e-03
-7.309939434233333699e+00,4.138004788973321385e-03,5.305831381349472402e-03
-7.307441163750000079e+00,4.139065948255664894e-03,4.995718188306904478e-03
-7.304942893266666459e+00,4.140141702407337983e-03,4.685604995264335687e-03
-7.302444622783333728e+00,4.141232065624085926e-03,4.375491802221876184e-03
-7.299946352300000108e+00,4.142337052297843415e-03,4.065378609179307393e-03
-7.297448081816666487e+00,4.143456677020227429e-03,3.755265416136739469e-03
-7.294949811333333756e+00,4.144590954580755666e-03,3.445152223094280833e-03
-7.292451540850000136e+00,4.145739899968988069e-03,3.201947776123096473e-03
-7.289953270366666516e+00,4.146903528373631700e-03,2.958743329151912113e-03
-7.287454999883333784e+00,4.148081855183786276e-03,2.715538882180814489e-03
-7.284956729400000164e+00,4.149274895988589416e-03,2.472334435209630130e-03
-7.282458458916666544e+00,4.150482666578758813e-03,2.229129988238445770e-03
-7.279960188433332924e+00,4.151705182945759562e-03,1.985925541267261410e-03
-7.277461917950000192e+00,4.152942461283641237e-03,1.742721094296163569e-03
-7.274963647466666572e+00,4.154194517988093333e-03,1.499516647324979210e-03
-7.272465376983332952e+00,4.155461369657863398e-03,1.256312200353795067e-03
-7.269967106500000220e+00,4.156743033094641680e-03,1.013107753382697009e-03
-7.267468836016666600e+00,4.158039525304507884e-03,9.117969780444164880e-04
-7.264970565533332980e+00,4.159350863496753294e-03,8.104862027061359667e-04
-7.262472295050000248e+00,4.160677065086364028e-03,7.091754273678915494e-04
-7.259974024566666628e+00,4.162018147692481476e-03,6.078646520296110281e-04
-7.257475754083333008e+00,4.163374129140686060e-03,5.065538766913305069e-04
-7.254977483600000276e+00,4.164745027461985022e-03,4.052431013530860895e-04
-7.252479213116666656e+00,4.166130860895010321e-03,3.039323260148055683e-04
-7.249980942633333036e+00,4.167531647884472994e-03,2.026215506765250470e-04
-7.247482672150000305e+00,4.168947407083805137e-03,1.013107753382805213e-04
-7.244984401666666685e+00,4.170378157353643762e-03,0.000000000000000000e+00
-7.242486131183333065e+00,4.171823917764412928e-03,0.000000000000000000e+00
-7.239987860700000333e+00,4.173284707594986272e-03,0.000000000000000000e+00
-7.237489590216666713e+00,4.174760546334675866e-03,0.000000000000000000e+00
-7.234991319733333093e+00,4.176251453682605988e-03,0.000000000000000000e+00
-7.232493049250000361e+00,4.177757449549643863e-03,0.000000000000000000e+00
-7.229994778766666741e+00,4.179278554057269494e-03,0.000000000000000000e+00
-7.227496508283333121e+00,4.180814787540064990e-03,0.000000000000000000e+00
-7.224998237800000389e+00,4.182366170544118619e-03,0.000000000000000000e+00
-7.222499967316666769e+00,4.183932723829951288e-03,0.000000000000000000e+00
-7.220001696833333149e+00,4.185514468370864216e-03,0.000000000000000000e+00
-7.217503426350000417e+00,4.187111425355628629e-03,0.000000000000000000e+00
-7.215005155866666797e+00,4.188723616187099708e-03,0.000000000000000000e+00
-7.212506885383333177e+00,4.190351062484580155e-03,0.000000000000000000e+00
-7.210008614900000445e+00,4.191993786082996200e-03,0.000000000000000000e+00
-7.207510344416666825e+00,4.193651809034910742e-03,0.000000000000000000e+00
-7.205012073933333205e+00,4.195325153609274355e-03,0.000000000000000000e+00
-7.202513803450000474e+00,4.197013842294780236e-03,0.000000000000000000e+00
-7.200015532966666854e+00,4.198717897797520603e-03,0.000000000000000000e+00
-7.197517262483333234e+00,4.200437343043738822e-03,0.000000000000000000e+00
-7.195018991999999614e+00,4.202172201179598700e-03,4.467671047853413717e-17
-7.192520721516666882e+00,4.203922495572304241e-03,1.256667631247424064e-04
-7.190022451033333262e+00,4.205688249810015517e-03,2.513335262494848128e-04
-7.187524180549999642e+00,4.207469487703860943e-03,3.770002893742272192e-04
-7.185025910066666910e+00,4.209266233286423735e-03,5.026670524989249565e-04
-7.182527639583333290e+00,4.211078510815541819e-03,6.283338156236673629e-04
-7.180029369099999670e+00,4.212906344771528803e-03,7.540005787484097693e-04
-7.177531098616666938e+00,4.214749759861091856e-03,8.796673418731075066e-04
-7.175032828133333318e+00,4.216608781015384472e-03,1.005334104997849913e-03
-7.172534557649999698e+00,4.218483433392886117e-03,1.131000868122592319e-03
-7.170036287166666966e+00,4.220373742378215678e-03,1.256667631247290057e-03
-7.167538016683333346e+00,4.222279733584721403e-03,1.499427065414262340e-03
-7.165039746199999726e+00,4.224201432853297820e-03,1.742186499581234839e-03
-7.162541475716666994e+00,4.226138866255334768e-03,1.984945933748121037e-03
-7.160043205233333374e+00,4.228092060091097164e-03,2.227705367915093319e-03
-7.157544934749999754e+00,4.230061040892563011e-03,2.470464802082065602e-03
-7.155046664266667023e+00,4.232045835422453689e-03,2.713224236248952016e-03
-7.152548393783333402e+00,4.234046470676960938e-03,2.955983670415923865e-03
-7.150050123299999782e+00,4.236062973884149180e-03,3.198743104582896582e-03
-7.147551852816667051e+00,4.238095372507256695e-03,3.441502538749782562e-03
-7.145053582333333431e+00,4.240143694243053707e-03,3.684261972916754845e-03
-7.142555311849999811e+00,4.242207967025098461e-03,3.954094920590072934e-03
-7.140057041366667079e+00,4.244288219022182909e-03,4.223927868263294312e-03
-7.137558770883333459e+00,4.246384478641221025e-03,4.493760815936611967e-03
-7.135060500399999839e+00,4.248496774526305114e-03,4.763593763609929622e-03
-7.132562229916667107e+00,4.250625135561363413e-03,5.033426711283151868e-03
-7.130063959433333487e+00,4.252769590868774909e-03,5.303259658956469523e-03
-7.127565688949999867e+00,4.254930169812833583e-03,5.573092606629787178e-03
-7.125067418466667135e+00,4.257106901997954711e-03,5.842925554303008556e-03
-7.122569147983333515e+00,4.259299817272113944e-03,6.112758501976327079e-03
-7.120070877499999895e+00,4.261508945725378007e-03,6.382591449649644734e-03
-7.117572607016666275e+00,4.263734317692529328e-03,6.573878822293406123e-03
-7.115074336533333543e+00,4.265975963752781548e-03,6.765166194937099857e-03
-7.112576066049999923e+00,4.268233914731990424e-03,6.956453567580861246e-03
-7.110077795566666303e+00,4.270508201701612994e-03,7.147740940224623502e-03
-7.107579525083333571e+00,4.272798855982073811e-03,7.339028312868317236e-03
-7.105081254599999951e+00,4.275105909141148179e-03,7.530315685512078624e-03
-7.102582984116666331e+00,4.277429392997383027e-03,7.721603058155840013e-03
-7.100084713633333600e+00,4.279769339618545200e-03,7.912890430799533747e-03
-7.097586443149999980e+00,4.282125781325070088e-03,8.104177803443295136e-03
-7.095088172666666360e+00,4.284498750688548081e-03,8.295465176087004483e-03
-7.092589902183333628e+00,4.286888280535140240e-03,8.338261937570224172e-03
-7.090091631700000008e+00,4.289294403944175771e-03,8.381058699053457739e-03
-7.087593361216666388e+00,4.291717154251521726e-03,8.423855460536693041e-03
-7.085095090733333656e+00,4.294156565047935019e-03,8.466652222019910995e-03
-7.082596820250000036e+00,4.296612670183079172e-03,8.509448983503146297e-03
-7.080098549766666416e+00,4.299085503763419233e-03,8.552245744986379863e-03
-7.077600279283333684e+00,4.301575100155924543e-03,8.595042506469599553e-03
-7.075102008800000064e+00,4.304081493987064327e-03,8.637839267952834854e-03
-7.072603738316666444e+00,4.306604720145678668e-03,8.680636029436068421e-03
-7.070105467833333712e+00,4.309144813781911644e-03,8.723432790919288110e-03
-7.067607197350000092e+00,4.311701810310621802e-03,8.608276634161055041e-03
-7.065108926866666472e+00,4.314275745409926720e-03,8.493120477402823706e-03
-7.062610656383333740e+00,4.316866655025004655e-03,8.377964320644632271e-03
-7.060112385900000120e+00,4.319474575366524620e-03,8.262808163886399201e-03
-7.057614115416666500e+00,4.322099542913889446e-03,8.147652007128167867e-03
-7.055115844933333769e+00,4.324741594414678071e-03,8.032495850369976431e-03
-7.052617574450000149e+00,4.327400766887383801e-03,7.917339693611743362e-03
-7.050119303966666529e+00,4.330077097620514855e-03,7.802183536853512028e-03
-7.047621033483333797e+00,4.332770624176075086e-03,7.687027380095320592e-03
-7.045122763000000177e+00,4.335481384388307179e-03,7.571871223337088390e-03
-7.042624492516666557e+00,4.338209416367289593e-03,7.347149154556122976e-03
-7.040126222033332937e+00,4.340954758497404808e-03,7.122427085775156694e-03
-7.037627951550000205e+00,4.343717449441403776e-03,6.897705016994271077e-03
-7.035129681066666585e+00,4.346497528138708495e-03,6.672982948213305662e-03
-7.032631410583332965e+00,4.349295033809217129e-03,6.448260879432340248e-03
-7.030133140100000233e+00,4.352110005952185973e-03,6.223538810651454631e-03
-7.027634869616666613e+00,4.354942484349736201e-03,5.998816741870489216e-03
-7.025136599133332993e+00,4.357792509065387156e-03,5.774094673089522935e-03
-7.022638328650000261e+00,4.360660120448408769e-03,5.549372604308637318e-03
-7.020140058166666641e+00,4.363545359131768518e-03,5.324650535527671903e-03
-7.017641787683333021e+00,4.366448266036548030e-03,5.073463011942279909e-03
-7.015143517200000289e+00,4.369368882370233513e-03,4.822275488356978120e-03
-7.012645246716666669e+00,4.372307249630939807e-03,4.571087964771586125e-03
-7.010146976233333049e+00,4.375263409605512598e-03,4.319900441186194998e-03
-7.007648705750000317e+00,4.378237404374040430e-03,4.068712917600892341e-03
-7.005150435266666697e+00,4.381229276308285653e-03,3.817525394015500347e-03
-7.002652164783333077e+00,4.384239068075576271e-03,3.566337870430108786e-03
-7.000153894300000346e+00,4.387266822637425102e-03,3.315150346844806563e-03
-6.997655623816666726e+00,4.390312583253482351e-03,3.063962823259415002e-03
-6.995157353333333106e+00,4.393376393480835640e-03,2.812775299674043390e-03
-6.992659082850000374e+00,4.396458297177181090e-03,2.619050461148280089e-03
-6.990160812366666754e+00,4.399558338499887436e-03,2.425325622622448267e-03
-6.987662541883333134e+00,4.402676561909980683e-03,2.231600784096616011e-03
-6.985164271400000402e+00,4.405813012171046032e-03,2.037875945570852710e-03
-6.982666000916666782e+00,4.408967734353131003e-03,1.844151107044951715e-03
-6.980167730433333162e+00,4.412140773831632612e-03,1.650426268519188415e-03
-6.977669459950000430e+00,4.415332176290870901e-03,1.456701429993425114e-03
-6.975171189466666810e+00,4.418541987723447091e-03,1.262976591467662030e-03
-6.972672918983333190e+00,4.421770254434494521e-03,1.069251752941761035e-03
-6.970174648500000458e+00,4.425017023039589173e-03,8.755269144159976260e-04
-6.967676378016666838e+00,4.428282340469737871e-03,7.879742229743543543e-04
-6.965178107533333218e+00,4.431566253969478758e-03,7.004215315327732075e-04
-6.962679837049999598e+00,4.434868811102060313e-03,6.128688400911920606e-04
-6.960181566566666866e+00,4.438190059747177535e-03,5.253161486496111306e-04
-6.957683296083333246e+00,4.441530048105452738e-03,4.377634572079677506e-04
-6.955185025599999626e+00,4.444888824698118961e-03,3.502107657663243705e-04
-6.952686755116666895e+00,4.448266438369908281e-03,2.626580743247433321e-04
-6.950188484633333275e+00,4.451662938288790741e-03,1.751053828831622937e-04
-6.947690214149999655e+00,4.455078373950251309e-03,8.755269144158114684e-05
-6.945191943666666923e+00,4.458512795175597655e-03,0.000000000000000000e+00
-6.942693673183333303e+00,4.461966252116635230e-03,0.000000000000000000e+00
-6.940195402699999683e+00,4.465438795254712302e-03,0.000000000000000000e+00
-6.937697132216666951e+00,4.468930475404460020e-03,0.000000000000000000e+00
-6.935198861733333331e+00,4.472441343713449806e-03,0.000000000000000000e+00
-6.932700591249999711e+00,4.475971451666027959e-03,0.000000000000000000e+00
-6.930202320766666979e+00,4.479520851082437888e-03,0.000000000000000000e+00
-6.927704050283333359e+00,4.483089594123035489e-03,0.000000000000000000e+00
-6.925205779799999739e+00,4.486677733287449538e-03,0.000000000000000000e+00
-6.922707509316667007e+00,4.490285321419018247e-03,0.000000000000000000e+00
-6.920209238833333387e+00,4.493912411703461333e-03,0.000000000000000000e+00
-6.917710968349999767e+00,4.497559057673609743e-03,0.000000000000000000e+00
-6.915212697866667035e+00,4.501225313208387369e-03,0.000000000000000000e+00
-6.912714427383333415e+00,4.504911232537186887e-03,0.000000000000000000e+00
-6.910216156899999795e+00,4.508616870238991124e-03,0.000000000000000000e+00
-6.907717886416667064e+00,4.512342281246612720e-03,0.000000000000000000e+00
-6.905219615933333444e+00,4.516087520846201464e-03,0.000000000000000000e+00
-6.902721345449999824e+00,4.519852644681376409e-03,0.000000000000000000e+00
-6.900223074966667092e+00,4.523637708752607442e-03,0.000000000000000000e+00
-6.897724804483333472e+00,4.527442769421291015e-03,0.000000000000000000e+00
-6.895226533999999852e+00,4.531267883409518561e-03,0.000000000000000000e+00
-6.892728263516667120e+00,4.535113107804400294e-03,4.374256115572070907e-05
-6.890229993033333500e+00,4.538978500056745947e-03,8.748512231144141814e-05
-6.887731722549999880e+00,4.542864117986706099e-03,1.312276834671621340e-04
-6.885233452066666260e+00,4.546770019781558661e-03,1.749702446229139529e-04
-6.882735181583333528e+00,4.550696264001775210e-03,2.187128057786346552e-04
-6.880236911099999908e+00,4.554642909579202127e-03,2.624553669343865012e-04
-6.877738640616666288e+00,4.558610015822157219e-03,3.061979280901071764e-04
-6.875240370133333556e+00,4.562597642414716742e-03,3.499404892458279057e-04
-6.872742099649999936e+00,4.566605849421046144e-03,3.936830504015486351e-04
-6.870243829166666316e+00,4.570634697285460776e-03,4.374256115573859163e-04
-6.867745558683333584e+00,4.574684246835923097e-03,6.013353530508512915e-04
-6.865247288199999964e+00,4.578754559284684521e-03,7.652450945444333810e-04
-6.862749017716666344e+00,4.582845696231721035e-03,9.291548360378988104e-04
-6.860250747233333612e+00,4.586957719665650003e-03,1.093064577531364240e-03
-6.857752476749999992e+00,4.591090691966737310e-03,1.256974319024829669e-03
-6.855254206266666372e+00,4.595244675907532265e-03,1.420884060518411542e-03
-6.852755935783333641e+00,4.599419734657476770e-03,1.584793802011876971e-03
-6.850257665300000021e+00,4.603615931782020602e-03,1.748703543505459061e-03
-6.847759394816666401e+00,4.607833331247270479e-03,1.912613284998924490e-03
-6.845261124333333669e+00,4.612071997420064649e-03,2.076523026492389703e-03
-6.842762853850000049e+00,4.616331995072701748e-03,2.351846067354503370e-03
-6.840264583366666429e+00,4.620613389381957210e-03,2.627169108216812626e-03
-6.837766312883333697e+00,4.624916245934247543e-03,2.902492149078925859e-03
-6.835268042400000077e+00,4.629240630725651139e-03,3.177815189941235116e-03
-6.832769771916666457e+00,4.633586610165648344e-03,3.453138230803349217e-03
-6.830271501433333725e+00,4.637954251078395609e-03,3.728461271665462450e-03
-6.827773230950000105e+00,4.642343620705746514e-03,4.003784312527576550e-03
-6.825274960466666485e+00,4.646754786708421833e-03,4.279107353389885807e-03
-6.822776689983333753e+00,4.651187817170412270e-03,4.554430394251999040e-03
-6.820278419500000133e+00,4.655642780598185683e-03,4.829753435114308296e-03
-6.817780149016666513e+00,4.660119745926603364e-03,5.150822601414466184e-03
-6.815281878533333781e+00,4.664618782518000634e-03,5.471891767714624072e-03
-6.812783608050000161e+00,4.669139960167463868e-03,5.792960934014781960e-03
-6.810285337566666541e+00,4.673683349102342177e-03,6.114030100315168831e-03
-6.807787067083332921e+00,4.678249019987615505e-03,6.435099266615554835e-03
-6.805288796600000190e+00,4.682837043925276201e-03,6.756168432915712722e-03
-6.802790526116666570e+00,4.687447492460342438e-03,7.077237599215870610e-03
-6.800292255633332950e+00,4.692080437579434875e-03,7.398306765516028498e-03
-6.797793985150000218e+00,4.696735951716599251e-03,7.719375931816186386e-03
-6.795295714666666598e+00,4.701414107753635989e-03,8.040445098116572389e-03
-6.792797444183332978e+00,4.706114979024083114e-03,8.319021966885801686e-03
-6.790299173700000246e+00,4.710838639314174695e-03,8.597598835654834959e-03
-6.787800903216666626e+00,4.715585162867930516e-03,8.876175704423866497e-03
-6.785302632733333006e+00,4.720354624386121321e-03,9.154752573192898035e-03
-6.782804362250000274e+00,4.725147099033145254e-03,9.433329441961929573e-03
-6.780306091766666654e+00,4.729962662435516912e-03,9.711906310731158870e-03
-6.777807821283333034e+00,4.734801390688139246e-03,9.990483179500389901e-03
-6.775309550800000302e+00,4.739663360353870737e-03,1.026906004826942144e-02
-6.772811280316666682e+00,4.744548648468983713e-03,1.054763691703845298e-02
-6.770313009833333062e+00,4.749457332543340418e-03,1.082621378580748452e-02
-6.767814739350000330e+00,4.754389490565683919e-03,1.098441031533939002e-02
-6.765316468866666710e+00,4.759345201003825458e-03,1.114260684487140829e-02
-6.762818198383333090e+00,4.764324542809722854e-03,1.130080337440342655e-02
-6.760319927900000359e+00,4.769327595420261127e-03,1.145899990393533206e-02
-6.757821657416666739e+00,4.774354438762426316e-03,1.161719643346723757e-02
-6.755323386933333119e+00,4.779405153253347971e-03,1.177539296299914481e-02
-6.752825116450000387e+00,4.784479819805708030e-03,1.193358949253105032e-02
-6.750326845966666767e+00,4.789578519828865781e-03,1.209178602206306859e-02
-6.747828575483333147e+00,4.794701335233131356e-03,1.224998255159508685e-02
-6.745330305000000415e+00,4.799848348431322645e-03,1.240817908112699236e-02
-6.742832034516666795e+00,4.805019642343207921e-03,1.240292801422911671e-02
-6.740333764033333175e+00,4.810215300396941326e-03,1.239767694733123933e-02
-6.737835493550000443e+00,4.815435406533846371e-03,1.239242588043336368e-02
-6.735337223066666823e+00,4.820680045209289367e-03,1.238717481353548283e-02
-6.732838952583333203e+00,4.825949301398294727e-03,1.238192374663760198e-02
-6.730340682100000471e+00,4.831243260595884104e-03,1.237667267973972633e-02
-6.727842411616666851e+00,4.836562008822935417e-03,1.237142161284185068e-02
-6.725344141133333231e+00,4.841905632626442198e-03,1.236617054594397330e-02
-6.722845870649999611e+00,4.847274219085850530e-03,1.236091947904609245e-02
-6.720347600166666879e+00,4.852667855812964511e-03,1.235566841214821680e-02
-6.717849329683333259e+00,4.858086630958054208e-03,1.219017127851115476e-02
-6.715351059199999639e+00,4.863530633210764662e-03,1.202467414487420894e-02
-6.712852788716666907e+00,4.868999951805368619e-03,1.185917701123726485e-02
-6.710354518233333287e+00,4.874494676521997326e-03,1.169367987760032077e-02
-6.707856247749999667e+00,4.880014897692231540e-03,1.152818274396325872e-02
-6.705357977266666936e+00,4.885560706199930728e-03,1.136268561032631290e-02
-6.702859706783333316e+00,4.891132193487278575e-03,1.119718847668925085e-02
-6.700361436299999696e+00,4.896729451555530653e-03,1.103169134305230677e-02
-6.697863165816666964e+00,4.902352572970779775e-03,1.086619420941536095e-02
-6.695364895333333344e+00,4.908001650865271778e-03,1.070069707577841686e-02
-6.692866624849999724e+00,4.913676778943039912e-03,1.042172244937166273e-02
-6.690368354366666992e+00,4.919378051481165977e-03,1.014274782296510635e-02
-6.687870083883333372e+00,4.925105563335541344e-03,9.863773196558352219e-03
-6.685371813399999752e+00,4.930859409942017074e-03,9.584798570151797578e-03
-6.682873542916667020e+00,4.936639687322862298e-03,9.305823943745241203e-03
-6.680375272433333400e+00,4.942446492087105084e-03,9.026849317338684828e-03
-6.677877001949999780e+00,4.948279921437354241e-03,8.747874690931930694e-03
-6.675378731466667048e+00,4.954140073170618976e-03,8.468900064525376054e-03
-6.672880460983333428e+00,4.960027045684727368e-03,8.189925438118621920e-03
-6.670382190499999808e+00,4.965940937979330776e-03,7.910950811712065545e-03
-6.667883920016667076e+00,4.971881849662293691e-03,7.594070558075210683e-03
-6.665385649533333456e+00,4.977849880950794420e-03,7.277190304438356690e-03
-6.662887379049999836e+00,4.983845132678179843e-03,6.960310050801276315e-03
-6.660389108566667105e+00,4.989867706294665375e-03,6.643429797164422321e-03
-6.657890838083333485e+00,4.995917703873946868e-03,6.326549543527341946e-03
-6.655392567599999865e+00,5.001995228114768793e-03,6.009669289890487084e-03
-6.652894297116667133e+00,5.008100382347247317e-03,5.692789036253632223e-03
-6.650396026633333513e+00,5.014233270534183481e-03,5.375908782616778230e-03
-6.647897756149999893e+00,5.020393997278055007e-03,5.059028528979698722e-03
-6.645399485666666273e+00,5.026582667821691101e-03,4.742148275342649572e-03
-6.642901215183333541e+00,5.032799388056116013e-03,4.469208732978085033e-03
-6.640402944699999921e+00,5.039044264520747655e-03,4.196269190613519627e-03
-6.637904674216666301e+00,5.045317404410913295e-03,3.923329648248954221e-03
-6.635406403733333569e+00,5.051618915579470653e-03,3.650390105884388815e-03
-6.632908133249999949e+00,5.057948906543179544e-03,3.377450563519629988e-03
-6.630409862766666329e+00,5.064307486484663848e-03,3.104511021154870293e-03
-6.627911592283333597e+00,5.070694765259163919e-03,2.831571478790305321e-03
-6.625413321799999977e+00,5.077110853396019780e-03,2.558631936425739915e-03
-6.622915051316666357e+00,5.083555862106232774e-03,2.285692394061174942e-03
-6.620416780833333625e+00,5.090029903283653859e-03,2.012752851696609536e-03
-6.617918510350000005e+00,5.096533089512114180e-03,1.846986997684225062e-03
-6.615420239866666385e+00,5.103065534067506744e-03,1.681221143671840805e-03
-6.612921969383333654e+00,5.109627350924567449e-03,1.515455289659574292e-03
-6.610423698900000034e+00,5.116218654759115483e-03,1.349689435647307562e-03
-6.607925428416666414e+00,5.122839560954882930e-03,1.183923581635041265e-03
-6.605427157933333682e+00,5.129490185605585159e-03,1.018157727622774535e-03
-6.602928887450000062e+00,5.136170645522645552e-03,8.523918736103902778e-04
-6.600430616966666442e+00,5.142881058236358632e-03,6.866260195980058035e-04
-6.597932346483333710e+00,5.149621542003828163e-03,5.208601655857392904e-04
-6.595434076000000090e+00,5.156392215811257847e-03,3.550943115734726146e-04
-6.592935805516666470e+00,5.163193199380551081e-03,3.195848804161354308e-04
-6.590437535033333738e+00,5.170024613172533208e-03,2.840754492587983012e-04
-6.587939264550000118e+00,5.176886578393425503e-03,2.485660181014359097e-04
-6.585440994066666498e+00,5.183779216997955533e-03,2.130565869440734640e-04
-6.582942723583333766e+00,5.190702651696499879e-03,1.775471557867363073e-04
-6.580444453100000146e+00,5.197657005957512753e-03,1.420377246293991506e-04
-6.577946182616666526e+00,5.204642404015143164e-03,1.065282934720619668e-04
-6.575447912133333794e+00,5.211658970871869100e-03,7.101886231472483721e-05
-6.572949641650000174e+00,5.218706832305947292e-03,3.550943115736244571e-05
-6.570451371166666554e+00,5.225786114874119391e-03,0.000000000000000000e+00
-6.567953100683332934e+00,5.232896945919343623e-03,6.483376168519747965e-05
-6.565454830200000202e+00,5.240039453573417695e-03,1.296675233703949593e-04
-6.562956559716666582e+00,5.247213766765135463e-03,1.945012850555924390e-04
-6.560458289233332962e+00,5.254420015222497839e-03,2.593350467408360514e-04
-6.557960018750000231e+00,5.261658329480968337e-03,3.241688084260335311e-04
-6.555461748266666611e+00,5.268928840886419503e-03,3.890025701112770893e-04
-6.552963477783332991e+00,5.276231681602934834e-03,4.538363317964745690e-04
-6.550465207300000259e+00,5.283566984615839339e-03,5.186700934816721028e-04
-6.547966936816666639e+00,5.290934883739638502e-03,5.835038551668695825e-04
-6.545468666333333019e+00,5.298335513621318590e-03,6.483376168521767834e-04
-6.542970395850000287e+00,5.305769009748502463e-03,8.026669698029440620e-04
-6.540472125366666667e+00,5.313235508452477523e-03,9.569963227538210620e-04
-6.537973854883333047e+00,5.320735146916294282e-03,1.111325675704588449e-03
-6.535475584400000315e+00,5.328268063178392792e-03,1.265655028655355511e-03
-6.532977313916666695e+00,5.335834396140773199e-03,1.419984381606123006e-03
-6.530479043433333075e+00,5.343434285572255284e-03,1.574313734556999789e-03
-6.527980772950000343e+00,5.351067872117134736e-03,1.728643087507767285e-03
-6.525482502466666723e+00,5.358735297298290040e-03,1.882972440458644068e-03
-6.522984231983333103e+00,5.366436703526447638e-03,2.037301793409411563e-03
-6.520485961500000371e+00,5.374172234102747581e-03,2.191631146360178625e-03
-6.517987691016666751e+00,5.381942033228047720e-03,2.385115553076027836e-03
-6.515489420533333131e+00,5.389746246006566627e-03,2.578599959792014524e-03
-6.512991150050000400e+00,5.397585018454453126e-03,2.772084366507864168e-03
-6.510492879566666780e+00,5.405458497503498605e-03,2.965568773223850856e-03
-6.507994609083333160e+00,5.413366831010145430e-03,3.159053179939700067e-03
-6.505496338600000428e+00,5.421310167759147217e-03,3.352537586655549278e-03
-6.502998068116666808e+00,5.429288657473055162e-03,3.546021993371398489e-03
-6.500499797633333188e+00,5.437302450815434222e-03,3.739506400087385177e-03
-6.498001527150000456e+00,5.445351699400525526e-03,3.932990806803234388e-03
-6.495503256666666836e+00,5.453436555797075772e-03,4.126475213519221509e-03
-6.493004986183333216e+00,5.461557173537615398e-03,4.293835653707233496e-03
-6.490506715699999596e+00,5.469713707122591563e-03,4.461196093895246351e-03
-6.488008445216666864e+00,5.477906312029689681e-03,4.628556534083258338e-03
-6.485510174733333244e+00,5.486135144718040993e-03,4.795916974271390021e-03
-6.483011904249999624e+00,5.494400362638109624e-03,4.963277414459521704e-03
-6.480513633766666892e+00,5.502702124235338103e-03,5.130637854647533691e-03
-6.478015363283333272e+00,5.511040588960272081e-03,5.297998294835546546e-03
-6.475517092799999652e+00,5.519415917273206781e-03,5.465358735023558533e-03
-6.473018822316666920e+00,5.527828270653041901e-03,5.632719175211570520e-03
-6.470520551833333300e+00,5.536277811603012265e-03,5.800079615399702203e-03
-6.468022281349999680e+00,5.544764703659466401e-03,5.889236386955668846e-03
-6.465524010866666949e+00,5.553289111397472291e-03,5.978393158511572172e-03
-6.463025740383333329e+00,5.561851200440379173e-03,6.067549930067475498e-03
-6.460527469899999709e+00,5.570451137464398073e-03,6.156706701623378825e-03
-6.458029199416666977e+00,5.579089090209399596e-03,6.245863473179281283e-03
-6.455530928933333357e+00,5.587765227483233385e-03,6.335020244735247927e-03
-6.453032658449999737e+00,5.596479719172339426e-03,6.424177016291214570e-03
-6.450534387966667005e+00,5.605232736246690273e-03,6.513333787847117896e-03
-6.448036117483333385e+00,5.614024450770109184e-03,6.602490559403021222e-03
-6.445537846999999765e+00,5.622855035905759656e-03,6.691647330958924549e-03
-6.443039576516667033e+00,5.631724665926460954e-03,6.685656229241692360e-03
-6.440541306033333413e+00,5.640633516220063155e-03,6.679665127524455834e-03
-6.438043035549999793e+00,5.649581763299994265e-03,6.673674025807220175e-03
-6.435544765066667061e+00,5.658569584811151340e-03,6.667682924089987986e-03
-6.433046494583333441e+00,5.667597159540124080e-03,6.661691822372755797e-03
-6.430548224099999821e+00,5.676664667421451975e-03,6.655700720655523608e-03
-6.428049953616667089e+00,5.685772289547845297e-03,6.649709618938291419e-03
-6.425551683133333469e+00,5.694920208176666894e-03,6.643718517221055761e-03
-6.423053412649999849e+00,5.704108606740744720e-03,6.637727415503819235e-03
-6.420555142166667117e+00,5.713337669854156274e-03,6.631736313786587046e-03
-6.418056871683333497e+00,5.722607583323499093e-03,6.555906027859252465e-03
-6.415558601199999877e+00,5.731918534154204284e-03,6.480075741931917883e-03
-6.413060330716666257e+00,5.741270710561778394e-03,6.404245456004529526e-03
-6.410562060233333526e+00,5.750664301977874079e-03,6.328415170077194944e-03
-6.408063789749999906e+00,5.760099499062109642e-03,6.252584884149806586e-03
-6.405565519266666286e+00,5.769576493708208215e-03,6.176754598222472872e-03
-6.403067248783333554e+00,5.779095479055948274e-03,6.100924312295138291e-03
-6.400568978299999934e+00,5.788656649497609004e-03,6.025094026367803710e-03
-6.398070707816666314e+00,5.798260200689586003e-03,5.949263740440415352e-03
-6.395572437333333582e+00,5.807906329559513192e-03,5.873433454513080770e-03
-6.393074166849999962e+00,5.817595234318047662e-03,5.784200519677990503e-03
-6.390575896366666342e+00,5.827327114465802489e-03,5.694967584842964420e-03
-6.388077625883333610e+00,5.837102170805310263e-03,5.605734650007937470e-03
-6.385579355399999990e+00,5.846920605448511880e-03,5.516501715172911387e-03
-6.383081084916666370e+00,5.856782621828909158e-03,5.427268780337821119e-03
-6.380582814433333638e+00,5.866688424708570507e-03,5.338035845502794169e-03
-6.378084543950000018e+00,5.876638220190949675e-03,5.248802910667704769e-03
-6.375586273466666398e+00,5.886632215728294752e-03,5.159569975832677818e-03
-6.373088002983333666e+00,5.896670620133983784e-03,5.070337040997650868e-03
-6.370589732500000046e+00,5.906753643590631139e-03,4.981104106162624785e-03
-6.368091462016666426e+00,5.916881497662486444e-03,4.940732212662102968e-03
-6.365593191533333695e+00,5.927054395303509721e-03,4.900360319161609773e-03
-6.363094921050000075e+00,5.937272550870457272e-03,4.859988425661087956e-03
-6.360596650566666455e+00,5.947536180130611611e-03,4.819616532160594762e-03
-6.358098380083333723e+00,5.957845500275193475e-03,4.779244638660102434e-03
-6.355600109600000103e+00,5.968200729927560129e-03,4.738872745159609240e-03
-6.353101839116666483e+00,5.978602089156425693e-03,4.698500851659087423e-03
-6.350603568633333751e+00,5.989049799484294501e-03,4.658128958158594228e-03
-6.348105298150000131e+00,5.999544083901364039e-03,4.617757064658072411e-03
-6.345607027666666511e+00,6.010085166873563658e-03,4.577385171157579216e-03
-6.343108757183333779e+00,6.020673274357177425e-03,4.625082543946356685e-03
-6.340610486700000159e+00,6.031308633806577515e-03,4.672779916735135021e-03
-6.338112216216666539e+00,6.041991474189089932e-03,4.720477289523947184e-03
-6.335613945733332919e+00,6.052722025993532810e-03,4.768174662312758480e-03
-6.333115675250000187e+00,6.063500521244751668e-03,4.815872035101536816e-03
-6.330617404766666567e+00,6.074327193512415318e-03,4.863569407890314285e-03
-6.328119134283332947e+00,6.085202277925827810e-03,4.911266780679091754e-03
-6.325620863800000215e+00,6.096126011183022712e-03,4.958964153467870090e-03
-6.323122593316666595e+00,6.107098631565856077e-03,5.006661526256681385e-03
-6.320624322833332975e+00,6.118120378949198739e-03,5.054358899045554264e-03
-6.318126052350000244e+00,6.129191494815959887e-03,5.186739221101623228e-03
-6.315627781866666624e+00,6.140312222267092952e-03,5.319119543157692191e-03
-6.313129511383333003e+00,6.151482806036480400e-03,5.451499865213762022e-03
-6.310631240900000272e+00,6.162703492501051504e-03,5.583880187269830986e-03
-6.308132970416666652e+00,6.173974529696217919e-03,5.716260509325994492e-03
-6.305634699933333032e+00,6.185296167326365287e-03,5.848640831382157998e-03
-6.303136429450000300e+00,6.196668656779888082e-03,5.981021153438227829e-03
-6.300638158966666680e+00,6.208092251140306592e-03,6.113401475494296793e-03
-6.298139888483333060e+00,6.219567205201810903e-03,6.245781797550366624e-03
-6.295641618000000328e+00,6.231093775479941595e-03,6.378162119606435587e-03
-6.293143347516666708e+00,6.242672220228024510e-03,6.548591641959453785e-03
-6.290645077033333088e+00,6.254302799447909560e-03,6.719021164312471983e-03
-6.288146806550000356e+00,6.265985774906434984e-03,6.889450686665368750e-03
-6.285648536066666736e+00,6.277721410146585093e-03,7.059880209018266385e-03
-6.283150265583333116e+00,6.289509970504186982e-03,7.230309731371163152e-03
-6.280651995100000384e+00,6.301351723119597362e-03,7.400739253724059920e-03
-6.278153724616666764e+00,6.313246936954214523e-03,7.571168776077078118e-03
-6.275655454133333144e+00,6.325195882802494771e-03,7.741598298430096316e-03
-6.273157183650000412e+00,6.337198833309168680e-03,7.912027820782993950e-03
-6.270658913166666792e+00,6.349256062981254063e-03,8.082457343135890718e-03
-6.268160642683333172e+00,6.361367848204937427e-03,8.220807009813082752e-03
-6.265662372200000441e+00,6.373534467259013743e-03,8.359156676490273052e-03
-6.263164101716666821e+00,6.385756200331633471e-03,8.497506343167562232e-03
-6.260665831233333201e+00,6.398033329533252267e-03,8.635856009844851411e-03
-6.258167560750000469e+00,6.410366138914770986e-03,8.774205676522043446e-03
-6.255669290266666849e+00,6.422754914480121972e-03,8.912555343199235480e-03
-6.253171019783333229e+00,6.435199944204605081e-03,9.050905009876425780e-03
-6.250672749299999609e+00,6.447701518048645775e-03,9.189254676553714959e-03
-6.248174478816666877e+00,6.460259927975408635e-03,9.327604343230906994e-03
-6.245676208333333257e+00,6.472875467965205111e-03,9.465954009908196173e-03
-6.243177937849999637e+00,6.485548434033586683e-03,9.510936372362293126e-03
-6.240679667366666905e+00,6.498279124246004144e-03,9.555918734816391813e-03
-6.238181396883333285e+00,6.511067838736230365e-03,9.600901097270488765e-03
-6.235683126399999665e+00,6.523914879720919824e-03,9.645883459724618678e-03
-6.233184855916666933e+00,6.536820551519031443e-03,9.690865822178717365e-03
-6.230686585433333313e+00,6.549785160566227657e-03,9.735848184632845542e-03
-6.228188314949999693e+00,6.562809015434607762e-03,9.780830547086944229e-03
-6.225690044466666961e+00,6.575892426847817357e-03,9.825812909541041182e-03
-6.223191773983333341e+00,6.589035707700831128e-03,9.870795271995139869e-03
-6.220693503499999721e+00,6.602239173075489902e-03,9.915777634449186514e-03
-6.218195233016666990e+00,6.615503140260723183e-03,9.845599996313608021e-03
-6.215696962533333370e+00,6.628827928767630842e-03,9.775422358177979221e-03
-6.213198692049999750e+00,6.642213860351318076e-03,9.705244720042400727e-03
-6.210700421566667018e+00,6.655661259025851331e-03,9.635067081906822234e-03
-6.208202151083333398e+00,6.669170451085825249e-03,9.564889443771243741e-03
-6.205703880599999778e+00,6.682741765122493863e-03,9.494711805635614940e-03
-6.203205610116667046e+00,6.696375532045193563e-03,9.424534167500036447e-03
-6.200707339633333426e+00,6.710072085098316499e-03,9.354356529364407646e-03
-6.198209069149999806e+00,6.723831759882587834e-03,9.284178891228829153e-03
-6.195710798666667074e+00,6.737654894372431189e-03,9.214001253093250660e-03
-6.193212528183333454e+00,6.751541828938332698e-03,9.060754603229415061e-03
-6.190714257699999834e+00,6.765492906363765845e-03,8.907507953365470174e-03
-6.188215987216667102e+00,6.779508471868320521e-03,8.754261303501634575e-03
-6.185717716733333482e+00,6.793588873125153485e-03,8.601014653637689689e-03
-6.183219446249999862e+00,6.807734460283989056e-03,8.447768003773854090e-03
-6.180721175766667130e+00,6.821945585989521062e-03,8.294521353910018491e-03
-6.178222905283333510e+00,6.836222605404695431e-03,8.141274704046182892e-03
-6.175724634799999890e+00,6.850565876229104331e-03,7.988028054182239740e-03
-6.173226364316666270e+00,6.864975758723416283e-03,7.834781404318294853e-03
-6.170728093833333538e+00,6.879452615727602895e-03,7.681534754454459255e-03
-6.168229823349999918e+00,6.893996812685890263e-03,7.521244910051036112e-03
-6.165731552866666298e+00,6.908608717665599801e-03,7.360955065647613836e-03
-6.163233282383333567e+00,6.923288701382358974e-03,7.200665221244190693e-03
-6.160735011899999947e+00,6.938037137219607402e-03,7.040375376840653926e-03
-6.158236741416666327e+00,6.952854401253935959e-03,6.880085532437117159e-03
-6.155738470933333595e+00,6.967740872275238195e-03,6.719795688033694883e-03
-6.153240200449999975e+00,6.982696931812560313e-03,6.559505843630271740e-03
-6.150741929966666355e+00,6.997722964154515397e-03,6.399215999226849465e-03
-6.148243659483333623e+00,7.012819356375770904e-03,6.238926154823426322e-03
-6.145745389000000003e+00,7.027986498357795958e-03,6.078636310419889555e-03
-6.143247118516666383e+00,7.043224782815813746e-03,5.999714576799626033e-03
-6.140748848033333651e+00,7.058534605320379747e-03,5.920792843179419757e-03
-6.138250577550000031e+00,7.073916364324409588e-03,5.841871109559212613e-03
-6.135752307066666411e+00,7.089370461185085133e-03,5.762949375939005470e-03
-6.133254036583333679e+00,7.104897300191894555e-03,5.684027642318798326e-03
-6.130755766100000059e+00,7.120497288589185472e-03,5.605105908698534804e-03
-6.128257495616666439e+00,7.136170836603881497e-03,5.526184175078272150e-03
-6.125759225133333707e+00,7.151918357468918346e-03,5.447262441458065006e-03
-6.123260954650000087e+00,7.167740267451878054e-03,5.368340707837857863e-03
-6.120762684166666467e+00,7.183636985878825813e-03,5.289418974217650719e-03
-6.118264413683333736e+00,7.199608935162931170e-03,5.352515959817194004e-03
-6.115766143200000116e+00,7.215656540829029110e-03,5.415612945416782391e-03
-6.113267872716666496e+00,7.231780231543576132e-03,5.478709931016369911e-03
-6.110769602233333764e+00,7.247980439138742952e-03,5.541806916615913195e-03
-6.108271331750000144e+00,7.264257598643356767e-03,5.604903902215456479e-03
-6.105773061266666524e+00,7.280612148307705200e-03,5.668000887814999764e-03
-6.103274790783333792e+00,7.297044529634684994e-03,5.731097873414543048e-03
-6.100776520300000172e+00,7.313555187405528825e-03,5.794194859014131435e-03
-6.098278249816666552e+00,7.330144569711390286e-03,5.857291844613719822e-03
-6.095779979333332932e+00,7.346813127979472287e-03,5.920388830213263107e-03
-6.093281708850000200e+00,7.363561317005507152e-03,6.127427108359183999e-03
-6.090783438366666580e+00,7.380389594980482637e-03,6.334465386505104025e-03
-6.088285167883332960e+00,7.397298423523501927e-03,6.541503664651171501e-03
-6.085786897400000228e+00,7.414288267709226964e-03,6.748541942797092394e-03
-6.083288626916666608e+00,7.431359596101431465e-03,6.955580220943159871e-03
-6.080790356433332988e+00,7.448512880781106051e-03,7.162618499089079896e-03
-6.078292085950000256e+00,7.465748597380493512e-03,7.369656777235000789e-03
-6.075793815466666636e+00,7.483067225111977167e-03,7.576695055380921681e-03
-6.073295544983333016e+00,7.500469246802584505e-03,7.783733333526989158e-03
-6.070797274500000285e+00,7.517955148923762855e-03,7.990771611672909183e-03
-6.068299004016666665e+00,7.535525421626880493e-03,8.277714777511413144e-03
-6.065800733533333045e+00,7.553180558772564293e-03,8.564657943349714142e-03
-6.063302463050000313e+00,7.570921057967782038e-03,8.851601109188015140e-03
-6.060804192566666693e+00,7.588747420596174062e-03,9.138544275026316138e-03
-6.058305922083333073e+00,7.606660151854946483e-03,9.425487440864820099e-03
-6.055807651600000341e+00,7.624659760786229798e-03,9.712430606703121097e-03
-6.053309381116666721e+00,7.642746760315015549e-03,9.999373772541626793e-03
-6.050811110633333101e+00,7.660921667281063094e-03,1.028631693837992606e-02
-6.048312840150000369e+00,7.679185002477412203e-03,1.057326010421822705e-02
-6.045814569666666749e+00,7.697537290683019277e-03,1.086020327005652805e-02
-6.043316299183333129e+00,7.715979060702339402e-03,1.111823775311237238e-02
-6.040818028700000397e+00,7.734510845398759674e-03,1.137627223616803282e-02
-6.038319758216666777e+00,7.753133181734469213e-03,1.163430671922387541e-02
-6.035821487733333157e+00,7.771846610804751185e-03,1.189234120227953585e-02
-6.033323217250000425e+00,7.790651677879131300e-03,1.215037568533519630e-02
-6.030824946766666805e+00,7.809548932436400151e-03,1.240841016839085674e-02
-6.028326676283333185e+00,7.828538928206110400e-03,1.266644465144670106e-02
-6.025828405800000453e+00,7.847622223204701528e-03,1.292447913450235977e-02
-6.023330135316666833e+00,7.866799379777701315e-03,1.318251361755820410e-02
-6.020831864833333213e+00,7.886070964636924391e-03,1.344054810061386454e-02
-6.018333594349999593e+00,7.905437548903762254e-03,1.355824551935447785e-02
-6.015835323866666862e+00,7.924899708146299418e-03,1.367594293809509115e-02
-6.013337053383333242e+00,7.944458022424161214e-03,1.379364035683578772e-02
-6.010838782899999622e+00,7.964113076326913634e-03,1.391133777557648429e-02
-6.008340512416666890e+00,7.983865459018935420e-03,1.402903519431709760e-02
-6.005842241933333270e+00,8.003715764279087722e-03,1.414673261305771090e-02
-6.003343971449999650e+00,8.023664590546633960e-03,1.426443003179832247e-02
-6.000845700966666918e+00,8.043712540961884400e-03,1.438212745053893578e-02
-5.998347430483333298e+00,8.063860223412709291e-03,1.449982486927963235e-02
-5.995849159999999678e+00,8.084108250576340499e-03,1.461752228802018147e-02
-5.993350889516666946e+00,8.104457239967034765e-03,1.452743146049842275e-02
-5.990852619033333326e+00,8.124907813978392290e-03,1.443734063297666403e-02
-5.988354348549999706e+00,8.145460599932609000e-03,1.434724980545490532e-02
-5.985856078066666974e+00,8.166116230123291256e-03,1.425715897793314660e-02
-5.983357807583333354e+00,8.186875341865811409e-03,1.416706815041132370e-02
-5.980859537099999734e+00,8.207738577541538044e-03,1.407697732288950079e-02
-5.978361266616667002e+00,8.228706584648826441e-03,1.398688649536774208e-02
-5.975862996133333382e+00,8.249780015848274042e-03,1.389679566784598336e-02
-5.973364725649999762e+00,8.270959529015025832e-03,1.380670484032422464e-02
-5.970866455166667031e+00,8.292245787285183398e-03,1.371661401280246592e-02
-5.968368184683333411e+00,8.313639459108851035e-03,1.342714716336502502e-02
-5.965869914199999791e+00,8.335141218297700133e-03,1.313768031392758412e-02
-5.963371643716667059e+00,8.356751744079533167e-03,1.284821346449034965e-02
-5.960873373233333439e+00,8.378471721146760545e-03,1.255874661505311518e-02
-5.958375102749999819e+00,8.400301839711901350e-03,1.226927976561588071e-02
-5.955876832266667087e+00,8.422242795557390721e-03,1.197981291617864624e-02
-5.953378561783333467e+00,8.444295290092431946e-03,1.169034606674120534e-02
-5.950880291299999847e+00,8.466460030403756207e-03,1.140087921730376444e-02
-5.948382020816667115e+00,8.488737729313826016e-03,1.111141236786652997e-02
-5.945883750333333495e+00,8.511129105432774580e-03,1.082194551842929550e-02
-5.943385479849999875e+00,8.533634883217702111e-03,1.041998473042394027e-02
-5.940887209366666255e+00,8.556255793026318682e-03,1.001802394241830055e-02
-5.938388938883333523e+00,8.578992571176972601e-03,9.616063154412945319e-03
-5.935890668399999903e+00,8.601845960003825023e-03,9.214102366407305594e-03
-5.933392397916666283e+00,8.624816707918403144e-03,8.812141578401950365e-03
-5.930894127433333551e+00,8.647905569465806977e-03,8.410180790396595135e-03
-5.928395856949999931e+00,8.671113305387735323e-03,8.008220002391239906e-03
-5.925897586466666311e+00,8.694440682679698690e-03,7.606259214385600181e-03
-5.923399315983333580e+00,8.717888474656012437e-03,7.204298426380244952e-03
-5.920901045499999960e+00,8.741457461008336760e-03,6.802337638374604360e-03
-5.918402775016666340e+00,8.765148427871521583e-03,6.421618256493935931e-03
-5.915904504533333608e+00,8.788962167883907287e-03,6.040898874613267501e-03
-5.913406234049999988e+00,8.812899480254857490e-03,5.660179492732599071e-03
-5.910907963566666368e+00,8.836961170826305306e-03,5.279460110851660025e-03
-5.908409693083333636e+00,8.861148052141719009e-03,4.898740728970991595e-03
-5.905911422600000016e+00,8.885460943509242496e-03,4.518021347090052549e-03
-5.903413152116666396e+00,8.909900671072116390e-03,4.137301965209384119e-03
-5.900914881633333664e+00,8.934468067873513331e-03,3.756582583328715690e-03
-5.898416611150000044e+00,8.959163973928520319e-03,3.375863201448047260e-03
-5.895918340666666424e+00,8.983989236290306282e-03,2.995143819567208827e-03
-5.893420070183333692e+00,9.008944709123912001e-03,2.756585349942958056e-03
-5.890921799700000072e+00,9.034031253774341477e-03,2.518026880318538149e-03
-5.888423529216666452e+00,9.059249738841312904e-03,2.279468410694287378e-03
-5.885925258733333720e+00,9.084601040249605172e-03,2.040909941070037040e-03
-5.883426988250000100e+00,9.110086041325437742e-03,1.802351471445786269e-03
-5.880928717766666480e+00,9.135705632868140746e-03,1.563793001821366145e-03
-5.878430447283333748e+00,9.161460713228894090e-03,1.325234532197115591e-03
-5.875932176800000128e+00,9.187352188383532056e-03,1.086676062572695467e-03
-5.873433906316666508e+00,9.213380972013594794e-03,8.481175929484449129e-04
-5.870935635833333777e+00,9.239547985580706321e-03,6.095591233241941416e-04
-5.868437365350000157e+00,9.265854158409405836e-03,5.486032109917921180e-04
-5.865939094866666537e+00,9.292300427763629939e-03,4.876472986593466180e-04
-5.863440824383332917e+00,9.318887738931091319e-03,4.266913863269012263e-04
-5.860942553900000185e+00,9.345617045302160100e-03,3.657354739944991486e-04
-5.858444283416666565e+00,9.372489308455776019e-03,3.047795616620970708e-04
-5.855946012933332945e+00,9.399505498240279602e-03,2.438236493296949930e-04
-5.853447742450000213e+00,9.426666592861589894e-03,1.828677369972929153e-04
-5.850949471966666593e+00,9.453973578966157199e-03,1.219118246648475236e-04
-5.848451201483332973e+00,9.481427451730724612e-03,6.095591233240213198e-05
-5.845952931000000241e+00,9.509029214947506414e-03,0.000000000000000000e+00
-5.843454660516666621e+00,9.536779881116643626e-03,0.000000000000000000e+00
-5.840956390033333001e+00,9.564680471532659156e-03,0.000000000000000000e+00
-5.838458119550000269e+00,9.592732016379374935e-03,0.000000000000000000e+00
-5.835959849066666649e+00,9.620935554819036797e-03,0.000000000000000000e+00
-5.833461578583333029e+00,9.649292135089016648e-03,0.000000000000000000e+00
-5.830963308100000297e+00,9.677802814592916664e-03,0.000000000000000000e+00
-5.828465037616666677e+00,9.706468660000147630e-03,0.000000000000000000e+00
-5.825966767133333057e+00,9.735290747339331655e-03,0.000000000000000000e+00
-5.823468496650000326e+00,9.764270162099582262e-03,0.000000000000000000e+00
-5.820970226166666706e+00,9.793407999326967164e-03,0.000000000000000000e+00
-5.818471955683333086e+00,9.822705363728067782e-03,3.369364032569217930e-05
-5.815973685200000354e+00,9.852163369768501128e-03,6.738728065136039772e-05
-5.813475414716666734e+00,9.881783141779476934e-03,1.010809209770286229e-04
-5.810977144233333114e+00,9.911565814058729065e-03,1.347745613026968346e-04
-5.808478873750000382e+00,9.941512530979470033e-03,1.684682016283650598e-04
-5.805980603266666762e+00,9.971624447093600102e-03,2.021618419540572459e-04
-5.803482332783333142e+00,1.000190272724417809e-02,2.358554822797494319e-04
-5.800984062300000410e+00,1.003234854667080754e-02,2.695491226054176300e-04
-5.798485791816666790e+00,1.006296309112431758e-02,3.032427629310858823e-04
-5.795987521333333170e+00,1.009374755697586314e-02,3.369364032567540804e-04
-5.793489250850000438e+00,1.012470315133377069e-02,6.053527335183916166e-04
-5.790990980366666818e+00,1.015583109215544878e-02,8.737690637802201891e-04
-5.788492709883333198e+00,1.018713260836741873e-02,1.142185394042048545e-03
-5.785994439400000466e+00,1.021860893998000064e-02,1.410601724303686298e-03
-5.783496168916666846e+00,1.025026133821020299e-02,1.679018054565323834e-03
-5.780997898433333226e+00,1.028209106559931953e-02,1.947434384826961370e-03
-5.778499627949999606e+00,1.031409939613917200e-02,2.215850715088789943e-03
-5.776001357466666875e+00,1.034628761539245663e-02,2.484267045350427479e-03
-5.773503086983333255e+00,1.037865702062226551e-02,2.752683375612256268e-03
-5.771004816499999635e+00,1.041120892091583136e-02,3.021099705873893371e-03
-5.768506546016666903e+00,1.044394463731655211e-02,3.545363338712001315e-03
-5.766008275533333283e+00,1.047686550295163360e-02,4.069626971550109260e-03
-5.763510005049999663e+00,1.050997286316772070e-02,4.593890604388589302e-03
-5.761011734566666931e+00,1.054326807566056783e-02,5.118154237226698114e-03
-5.758513464083333311e+00,1.057675251061535211e-02,5.642417870065178157e-03
-5.756015193599999691e+00,1.061042755083940747e-02,6.166681502903286101e-03
-5.753516923116666959e+00,1.064429459190576605e-02,6.690945135741394045e-03
-5.751018652633333339e+00,1.067835504228999144e-02,7.215208768579501990e-03
-5.748520382149999719e+00,1.071261032351662236e-02,7.739472401417982032e-03
-5.746022111666666987e+00,1.074706187030025073e-02,8.263736034256089977e-03
-5.743523841183333367e+00,1.078171113069548333e-02,8.937601728094402356e-03
-5.741025570699999747e+00,1.081655956624171140e-02,9.611467421932234217e-03
-5.738527300216667015e+00,1.085160865211691299e-02,1.028533311577006781e-02
-5.736029029733333395e+00,1.088685987728645055e-02,1.095919880960790141e-02
-5.733530759249999775e+00,1.092231474466054571e-02,1.163306450344621379e-02
-5.731032488766667043e+00,1.095797477124740849e-02,1.230693019728404565e-02
-5.728534218283333423e+00,1.099384148831474527e-02,1.298079589112235803e-02
-5.726035947799999803e+00,1.102991644154621004e-02,1.365466158496018989e-02
-5.723537677316667072e+00,1.106620119120835938e-02,1.432852727879802349e-02
-5.721039406833333452e+00,1.110269731231060437e-02,1.500239297263585708e-02
-5.718541136349999832e+00,1.113940639477615895e-02,1.565849707682843289e-02
-5.716042865866667100e+00,1.117633004360740236e-02,1.631460118102054380e-02
-5.713544595383333480e+00,1.121346987906025015e-02,1.697070528521311961e-02
-5.711046324899999860e+00,1.125082753681422125e-02,1.762680938940523051e-02
-5.708548054416667128e+00,1.128840466815215181e-02,1.828291349359734141e-02
-5.706049783933333508e+00,1.132620294013398851e-02,1.893901759778944885e-02
-5.703551513449999888e+00,1.136422403578123998e-02,1.959512170198202466e-02
-5.701053242966666268e+00,1.140246965425619798e-02,2.025122580617460394e-02
-5.698554972483333536e+00,1.144094151105095984e-02,2.090732991036671137e-02
-5.696056701999999916e+00,1.147964133817122069e-02,2.156343401455882228e-02
-5.693558431516666296e+00,1.151857088433072204e-02,2.203780227444650588e-02
-5.691060161033333564e+00,1.155773191514016147e-02,2.251217053433419296e-02
-5.688561890549999944e+00,1.159712621330607173e-02,2.298653879422221311e-02
-5.686063620066666324e+00,1.163675557882602567e-02,2.346090705411023672e-02
-5.683565349583333592e+00,1.167662182919226507e-02,2.393527531399792033e-02
-5.681067079099999972e+00,1.171672679959196578e-02,2.440964357388560740e-02
-5.678568808616666352e+00,1.175707234311718259e-02,2.488401183377329101e-02
-5.676070538133333621e+00,1.179766033097004452e-02,2.535838009366097462e-02
-5.673572267650000001e+00,1.183849265267854917e-02,2.583274835354899823e-02
-5.671073997166666381e+00,1.187957121630739930e-02,2.630711661343681021e-02
-5.668575726683333649e+00,1.192089794867975602e-02,2.648863793476957315e-02
-5.666077456200000029e+00,1.196247479559440184e-02,2.667015925610233609e-02
-5.663579185716666409e+00,1.200430372205239099e-02,2.685168057743509903e-02
-5.661080915233333677e+00,1.204638671248119478e-02,2.703320189876786198e-02
-5.658582644750000057e+00,1.208872577096761075e-02,2.721472322010075329e-02
-5.656084374266666437e+00,1.213132292148777318e-02,2.739624454143364460e-02
-5.653586103783333705e+00,1.217418020814673395e-02,2.757776586276640754e-02
-5.651087833300000085e+00,1.221729969541469028e-02,2.775928718409917048e-02
-5.648589562816666465e+00,1.226068346837344038e-02,2.794080850543193342e-02
-5.646091292333333733e+00,1.230433363295945978e-02,2.812232982676469636e-02
-5.643593021850000113e+00,1.234825231621679634e-02,2.797901301759477335e-02
-5.641094751366666493e+00,1.239244166654708719e-02,2.783569620842484688e-02
-5.638596480883333761e+00,1.243690385396982630e-02,2.769237939925502448e-02
-5.636098210400000141e+00,1.248164107037931167e-02,2.754906259008520208e-02
-5.633599939916666521e+00,1.252665552981226116e-02,2.740574578091538316e-02
-5.631101669433333790e+00,1.257194946871170206e-02,2.726242897174556076e-02
-5.628603398950000170e+00,1.261752514620282858e-02,2.711911216257563428e-02
-5.626105128466666550e+00,1.266338484436427443e-02,2.697579535340571127e-02
-5.623606857983332930e+00,1.270953086851107049e-02,2.683247854423588888e-02
-5.621108587500000198e+00,1.275596554747453551e-02,2.668916173506606648e-02
-5.618610317016666578e+00,1.280269123389299844e-02,2.626939248062795315e-02
-5.616112046533332958e+00,1.284971030449975730e-02,2.584962322618954145e-02
-5.613613776050000226e+00,1.289702516042210041e-02,2.542985397175142812e-02
-5.611115505566666606e+00,1.294463822747755379e-02,2.501008471731301641e-02
-5.608617235083332986e+00,1.299255195648142680e-02,2.459031546287490655e-02
-5.606118964600000254e+00,1.304076882355192403e-02,2.417054620843679322e-02
-5.603620694116666634e+00,1.308929133042654146e-02,2.375077695399867989e-02
-5.601122423633333014e+00,1.313812200477570101e-02,2.333100769956026818e-02
-5.598624153150000282e+00,1.318726340052832000e-02,2.291123844512215485e-02
-5.596125882666666662e+00,1.323671809819533182e-02,2.249146919068374315e-02
-5.593627612183333042e+00,1.328648870520422222e-02,2.190448202036477179e-02
-5.591129341700000310e+00,1.333657785623134501e-02,2.131749485004580044e-02
-5.588631071216666690e+00,1.338698821354759698e-02,2.073050767972682909e-02
-5.586132800733333070e+00,1.343772246736007862e-02,2.014352050940743794e-02
-5.583634530250000338e+00,1.348878333616691620e-02,1.955653333908846658e-02
-5.581136259766666718e+00,1.354017356711032308e-02,1.896954616876907890e-02
-5.578637989283333098e+00,1.359189593634126288e-02,1.838255899845010755e-02
-5.576139718800000367e+00,1.364395324938311345e-02,1.779557182813113619e-02
-5.573641448316666747e+00,1.369634834150736634e-02,1.720858465781216484e-02
-5.571143177833333127e+00,1.374908407810752561e-02,1.662159748749277369e-02
-5.568644907350000395e+00,1.380216335508628427e-02,1.600558509504946755e-02
-5.566146636866666775e+00,1.385558909924107344e-02,1.538957270260572080e-02
-5.563648366383333155e+00,1.390936426866202537e-02,1.477356031016241293e-02
-5.561150095900000423e+00,1.396349185312970205e-02,1.415754791771910506e-02
-5.558651825416666803e+00,1.401797487452466351e-02,1.354153552527579893e-02
-5.556153554933333183e+00,1.407281638723722854e-02,1.292552313283205218e-02
-5.553655284450000451e+00,1.412801947858974110e-02,1.230951074038874604e-02
-5.551157013966666831e+00,1.418358726925798320e-02,1.169349834794499929e-02
-5.548658743483333211e+00,1.423952291370692708e-02,1.107748595550169315e-02
-5.546160472999999591e+00,1.429582960062518622e-02,1.046147356305838529e-02
-5.543662202516666859e+00,1.435251055337282561e-02,9.949339759897561294e-03
-5.541163932033333239e+00,1.440956903042995077e-02,9.437205956736374746e-03
-5.538665661549999619e+00,1.446700832585821189e-02,8.925072153575186462e-03
-5.536167391066666887e+00,1.452483176976309374e-02,8.412938350414364205e-03
-5.533669120583333267e+00,1.458304272876938083e-02,7.900804547253541948e-03
-5.531170850099999647e+00,1.464164460649735634e-02,7.388670744092717957e-03
-5.528672579616666916e+00,1.470064084405360919e-02,6.876536940931893965e-03
-5.526174309133333296e+00,1.476003492052197635e-02,6.364403137770707417e-03
-5.523676038649999676e+00,1.481983035346851746e-02,5.852269334609520000e-03
-5.521177768166666944e+00,1.488003069944887277e-02,5.340135531448696876e-03
-5.518679497683333324e+00,1.494063955452827955e-02,5.031737056388730159e-03
-5.516181227199999704e+00,1.500166055480488259e-02,4.723338581328763441e-03
-5.513682956716666972e+00,1.506309737694614022e-02,4.414940106268796724e-03
-5.511184686233333352e+00,1.512495373872799719e-02,4.106541631208609697e-03
-5.508686415749999732e+00,1.518723339958892929e-02,3.798143156148423970e-03
-5.506188145266667000e+00,1.524994016118566206e-02,3.489744681088457253e-03
-5.503689874783333380e+00,1.531307786796415674e-02,3.181346206028490102e-03
-5.501191604299999760e+00,1.537665040773358166e-02,2.872947730968523385e-03
-5.498693333816667028e+00,1.544066171225518154e-02,2.564549255908556667e-03
-5.496195063333333408e+00,1.550511575783451897e-02,2.256150780848370507e-03
-5.493696792849999788e+00,1.557001656592878029e-02,2.202590122002978830e-03
-5.491198522366667056e+00,1.563536820375768799e-02,2.149029463157625316e-03
-5.488700251883333436e+00,1.570117478493095534e-02,2.095468804312271803e-03
-5.486201981399999816e+00,1.576744047007837615e-02,2.041908145466918290e-03
-5.483703710916667085e+00,1.583416946749686624e-02,1.988347486621564776e-03
-5.481205440433333465e+00,1.590136603380176358e-02,1.934786827776173099e-03
-5.478707169949999845e+00,1.596903447459383993e-02,1.881226168930781421e-03
-5.476208899466667113e+00,1.603717914513206125e-02,1.827665510085427908e-03
-5.473710628983333493e+00,1.610580445102231806e-02,1.774104851240074394e-03
-5.471212358499999873e+00,1.617491484891134604e-02,1.720544192394720881e-03
-5.468714088016666253e+00,1.624451484719856981e-02,1.921862116098387724e-03
-5.466215817533333521e+00,1.631460900675254025e-02,2.123180039801911452e-03
-5.463717547049999901e+00,1.638520194164519439e-02,2.324497963505578295e-03
-5.461219276566666281e+00,1.645629831989250252e-02,2.525815887209102023e-03
-5.458721006083333549e+00,1.652790286421290666e-02,2.727133810912625751e-03
-5.456222735599999929e+00,1.660002035279192420e-02,2.928451734616149479e-03
-5.453724465116666309e+00,1.667265562006553167e-02,3.129769658319816322e-03
-5.451226194633333577e+00,1.674581355750995315e-02,3.331087582023340050e-03
-5.448727924149999957e+00,1.681949911445156792e-02,3.532405505727006893e-03
-5.446229653666666337e+00,1.689371729888238666e-02,3.733723429430530621e-03
-5.443731383183333605e+00,1.696847317829650731e-02,4.147565835781619886e-03
-5.441233112699999985e+00,1.704377188053379094e-02,4.561408242132709151e-03
-5.438734842216666365e+00,1.711961859464342789e-02,4.975250648484093319e-03
-5.436236571733333633e+00,1.719601857175614631e-02,5.389093054835182584e-03
-5.433738301250000013e+00,1.727297712597664764e-02,5.802935461186565017e-03
-5.431240030766666393e+00,1.735049963528516315e-02,6.216777867537655149e-03
-5.428741760283333662e+00,1.742859154246002157e-02,6.630620273888744413e-03
-5.426243489800000042e+00,1.750725835600993457e-02,7.044462680239833678e-03
-5.423745219316666422e+00,1.758650565112712671e-02,7.458305086591216979e-03
-5.421246948833333690e+00,1.766633907065161962e-02,7.872147492942306243e-03
-5.418748678350000070e+00,1.774676432605713783e-02,8.428716982949559580e-03
-5.416250407866666450e+00,1.782778719844796064e-02,8.985286472956417400e-03
-5.413752137383333718e+00,1.790941353957831508e-02,9.541855962963275220e-03
-5.411253866900000098e+00,1.799164927288347468e-02,1.009842545297013304e-02
-5.408755596416666478e+00,1.807450039453463095e-02,1.065499494297738638e-02
-5.406257325933333746e+00,1.815797297450512382e-02,1.121156443298424420e-02
-5.403759055450000126e+00,1.824207315766125659e-02,1.176813392299149753e-02
-5.401260784966666506e+00,1.832680716486652372e-02,1.232470341299835535e-02
-5.398762514483333774e+00,1.841218129410915685e-02,1.288127290300521317e-02
-5.396264244000000154e+00,1.849820192164530405e-02,1.343784239301207099e-02
-5.393765973516666534e+00,1.858487550316593323e-02,1.405610378330647732e-02
-5.391267703033332914e+00,1.867220857497931680e-02,1.467436517360088538e-02
-5.388769432550000182e+00,1.876020775521947126e-02,1.529262656389485282e-02
-5.386271162066666562e+00,1.884887974507001504e-02,1.591088795418882026e-02
-5.383772891583332942e+00,1.893823133001477574e-02,1.652914934448278597e-02
-5.381274621100000211e+00,1.902826938110485644e-02,1.714741073477675515e-02
-5.378776350616666591e+00,1.911900085625380455e-02,1.776567212507116147e-02
-5.376278080133332971e+00,1.921043280154940622e-02,1.838393351536556780e-02
-5.373779809650000239e+00,1.930257235259478371e-02,1.900219490565953351e-02
-5.371281539166666619e+00,1.939542673586677410e-02,1.962045629595350268e-02
-5.368783268683332999e+00,1.948900327010521724e-02,2.022182558156629048e-02
-5.366284998200000267e+00,1.958330936771987205e-02,2.082319486717907828e-02
-5.363786727716666647e+00,1.967835253622907468e-02,2.142456415279229281e-02
-5.361288457233333027e+00,1.977414037971803040e-02,2.202593343840551082e-02
-5.358790186750000295e+00,1.987068060032882305e-02,2.262730272401829862e-02
-5.356291916266666675e+00,1.996798099977154309e-02,2.322867200963108641e-02
-5.353793645783333055e+00,2.006604948086813944e-02,2.383004129524387421e-02
-5.351295375300000323e+00,2.016489404911851399e-02,2.443141058085666201e-02
-5.348797104816666703e+00,2.026452281430071722e-02,2.503277986646987655e-02
-5.346298834333333083e+00,2.036494399209423309e-02,2.563414915208303210e-02
-5.343800563850000351e+00,2.046616590573852035e-02,2.615192582796817961e-02
-5.341302293366666731e+00,2.056819698771568047e-02,2.666970250385333058e-02
-5.338804022883333111e+00,2.067104578147050190e-02,2.718747917973847808e-02
-5.336305752400000380e+00,2.077472094315504364e-02,2.770525585562362905e-02
-5.333807481916666760e+00,2.087923124341189290e-02,2.822303253150914432e-02
-5.331309211433333139e+00,2.098458556918357532e-02,2.874080920739466305e-02
-5.328810940950000408e+00,2.109079292556242241e-02,2.925858588327981055e-02
-5.326312670466666788e+00,2.119786243766709488e-02,2.977636255916495805e-02
-5.323814399983333168e+00,2.130580335256098204e-02,3.029413923505010903e-02
-5.321316129500000436e+00,2.141462504120012281e-02,3.081191591093525653e-02
-5.318817859016666816e+00,2.152433700042283640e-02,3.119658615704848717e-02
-5.316319588533333196e+00,2.163494885497106029e-02,3.158125640316171434e-02
-5.313821318050000464e+00,2.174647035955514646e-02,3.196592664927467436e-02
-5.311323047566666844e+00,2.185891140095156879e-02,3.235059689538763439e-02
-5.308824777083333224e+00,2.197228200014600744e-02,3.273526714150058747e-02
-5.306326506599999604e+00,2.208659231451112412e-02,3.311993738761381811e-02
-5.303828236116666872e+00,2.220185264003107783e-02,3.350460763372677814e-02
-5.301329965633333252e+00,2.231807341356223731e-02,3.388927787984000878e-02
-5.298831695149999632e+00,2.243526521514351002e-02,3.427394812595296186e-02
-5.296333424666666900e+00,2.255343877034389835e-02,3.465861837206592189e-02
-5.293835154183333280e+00,2.267260495266131687e-02,3.488022156305006088e-02
-5.291336883699999660e+00,2.279277478596108270e-02,3.510182475403435948e-02
-5.288838613216666928e+00,2.291395944696790130e-02,3.532342794501850541e-02
-5.286340342733333308e+00,2.303617026779882643e-02,3.554503113600280401e-02
-5.283842072249999688e+00,2.315941873855183880e-02,3.576663432698694300e-02
-5.281343801766666957e+00,2.328371650993860120e-02,3.598823751797108200e-02
-5.278845531283333337e+00,2.340907539597355744e-02,3.620984070895522794e-02
-5.276347260799999717e+00,2.353550737671047596e-02,3.643144389993952653e-02
-5.273848990316666985e+00,2.366302460103715186e-02,3.665304709092366553e-02
-5.271350719833333365e+00,2.379163938951965943e-02,3.687465028190796412e-02
-5.268852449349999745e+00,2.392136423730848241e-02,3.692352492294950078e-02
-5.266354178866667013e+00,2.405221181709471523e-02,3.697239956399103050e-02
-5.263855908383333393e+00,2.418419498213201374e-02,3.702127420503256716e-02
-5.261357637899999773e+00,2.431732676931115666e-02,3.707014884607413852e-02
-5.258859367416667041e+00,2.445162040230206696e-02,3.711902348711566824e-02
-5.256361096933333421e+00,2.458708929475248925e-02,3.716789812815723959e-02
-5.253862826449999801e+00,2.472374705355589314e-02,3.721677276919877625e-02
-5.251364555966667069e+00,2.486160748217900243e-02,3.726564741024031291e-02
-5.248866285483333449e+00,2.500068458406211336e-02,3.731452205128184263e-02
-5.246368014999999829e+00,2.514099256608169630e-02,3.736339669232341398e-02
-5.243869744516667097e+00,2.528254584208823250e-02,3.725011458281485277e-02
-5.241371474033333477e+00,2.542535903651082368e-02,3.713683247330620829e-02
-5.238873203549999857e+00,2.556944698803930230e-02,3.702355036379764708e-02
-5.236374933066667126e+00,2.571482475337653201e-02,3.691026825428908587e-02
-5.233876662583333506e+00,2.586150761107175802e-02,3.679698614478052465e-02
-5.231378392099999886e+00,2.600951106542780458e-02,3.668370403527188711e-02
-5.228880121616666266e+00,2.615885085049316633e-02,3.657042192576324263e-02
-5.226381851133333534e+00,2.630954293413070508e-02,3.645713981625468142e-02
-5.223883580649999914e+00,2.646160352217589648e-02,3.634385770674612021e-02
-5.221385310166666294e+00,2.661504906267487050e-02,3.623057559723755899e-02
-5.218887039683333562e+00,2.676989625021694921e-02,3.598523676099570079e-02
-5.216388769199999942e+00,2.692616203035041317e-02,3.573989792475366911e-02
-5.213890498716666322e+00,2.708386360409644963e-02,3.549455908851163743e-02
-5.211392228233333590e+00,2.724301843255172093e-02,3.524922025226977923e-02
-5.208893957749999970e+00,2.740364424159344101e-02,3.500388141602792103e-02
-5.206395687266666350e+00,2.756575902667615999e-02,3.475854257978606282e-02
-5.203897416783333618e+00,2.772938105773762110e-02,3.451320374354420462e-02
-5.201399146299999998e+00,2.789452888420032237e-02,3.426786490730217294e-02
-5.198900875816666378e+00,2.806122134008632099e-02,3.402252607106014126e-02
-5.196402605333333646e+00,2.822947754923449751e-02,3.377718723481828306e-02
-5.193904334850000026e+00,2.839931693063433779e-02,3.344786545786741089e-02
-5.191406064366666406e+00,2.857075920386862103e-02,3.311854368091653872e-02
-5.188907793883333675e+00,2.874382439467835712e-02,3.278922190396565961e-02
-5.186409523400000054e+00,2.891853284064124438e-02,3.245990012701455846e-02
-5.183911252916666434e+00,2.909490519697905189e-02,3.213057835006345037e-02
-5.181412982433333703e+00,2.927296244248369511e-02,3.180125657311257126e-02
-5.178914711950000083e+00,2.945272588557900501e-02,3.147193479616169909e-02
-5.176416441466666463e+00,2.963421717050704687e-02,3.114261301921082692e-02
-5.173918170983333731e+00,2.981745828365673506e-02,3.081329124225995475e-02
-5.171419900500000111e+00,3.000247156002322849e-02,3.048396946530884666e-02
-5.168921630016666491e+00,3.018927968981719237e-02,3.013404125859756380e-02
-5.166423359533333759e+00,3.037790572521131133e-02,2.978411305188653074e-02
-5.163925089050000139e+00,3.056837308724318081e-02,2.943418484517549769e-02
-5.161426818566666519e+00,3.076070557286444962e-02,2.908425663846446463e-02
-5.158928548083333787e+00,3.095492736215241930e-02,2.873432843175342810e-02
-5.156430277600000167e+00,3.115106302567661328e-02,2.838440022504214524e-02
-5.153932007116666547e+00,3.134913753203509568e-02,2.803447201833086239e-02
-5.151433736633332927e+00,3.154917625555470062e-02,2.768454381161982933e-02
-5.148935466150000195e+00,3.175120498416932752e-02,2.733461560490879627e-02
-5.146437195666666575e+00,3.195524992747022369e-02,2.698468739819776321e-02
-5.143938925183332955e+00,3.216133772494390169e-02,2.668884137320437153e-02
-5.141440654700000223e+00,3.236949545439148784e-02,2.639299534821119148e-02
-5.138942384216666603e+00,3.257975064054451780e-02,2.609714932321780326e-02
-5.136444113733332983e+00,3.279213126387239829e-02,2.580130329822462321e-02
-5.133945843250000252e+00,3.300666576959622456e-02,2.550545727323144315e-02
-5.131447572766666632e+00,3.322338307690420045e-02,2.520961124823826310e-02
-5.128949302283333012e+00,3.344231258838525206e-02,2.491376522324487142e-02
-5.126451031800000280e+00,3.366348419967347960e-02,2.461791919825169483e-02
-5.123952761316666660e+00,3.388692830932332062e-02,2.432207317325830315e-02
-5.121454490833333040e+00,3.411267582890693817e-02,2.402622714826512310e-02
-5.118956220350000308e+00,3.434075819335365154e-02,2.386488459012496913e-02
-5.116457949866666688e+00,3.457120737152480361e-02,2.370354203198481516e-02
-5.113959679383333068e+00,3.480405587704224479e-02,2.354219947384454323e-02
-5.111461408900000336e+00,3.503933677936593716e-02,2.338085691570438926e-02
-5.108963138416666716e+00,3.527708371513896962e-02,2.321951435756412080e-02
-5.106464867933333096e+00,3.551733089979439151e-02,2.305817179942396683e-02
-5.103966597450000364e+00,3.576011313944452846e-02,2.289682924128381286e-02
-5.101468326966666744e+00,3.600546584304632758e-02,2.273548668314365542e-02
-5.098970056483333124e+00,3.625342503486454759e-02,2.257414412500338696e-02
-5.096471786000000392e+00,3.650402736722656999e-02,2.241280156686323299e-02
-5.093973515516666772e+00,3.675731013359061911e-02,2.246445125271173682e-02
-5.091475245033333152e+00,3.701331128192217323e-02,2.251610093856020248e-02
-5.088976974550000421e+00,3.727206942840160381e-02,2.256775062440867161e-02
-5.086478704066666801e+00,3.753362387145623563e-02,2.261940031025713727e-02
-5.083980433583333181e+00,3.779801460614217595e-02,2.267104999610564109e-02
-5.081482163100000449e+00,3.806528233887026408e-02,2.272269968195411022e-02
-5.078983892616666829e+00,3.833546850249890808e-02,2.277434936780261404e-02
-5.076485622133333209e+00,3.860861527179255959e-02,2.282599905365107970e-02
-5.073987351649999589e+00,3.888476557926648369e-02,2.287764873949954883e-02
-5.071489081166666857e+00,3.916396313141808083e-02,2.292929842534801449e-02
-5.068990810683333237e+00,3.944625242536729803e-02,2.326015649530501633e-02
-5.066492540199999617e+00,3.973167876590455450e-02,2.359101456526201818e-02
-5.063994269716666885e+00,4.002028828297181373e-02,2.392187263521878410e-02
-5.061495999233333265e+00,4.031212794957411000e-02,2.425273070517555002e-02
-5.058997728749999645e+00,4.060724560014896539e-02,2.458358877513231594e-02
-5.056499458266666913e+00,4.090568994939254577e-02,2.491444684508908186e-02
-5.054001187783333293e+00,4.120751061156831263e-02,2.524530491504608370e-02
-5.051502917299999673e+00,4.151275812029930207e-02,2.557616298500308555e-02
-5.049004646816666941e+00,4.182148394887268833e-02,2.590702105495985147e-02
-5.046506376333333321e+00,4.213374053105459899e-02,2.623787912491661739e-02
-5.044008105849999701e+00,4.244958128244656625e-02,2.688879256189376926e-02
-5.041509835366666969e+00,4.276906062238534229e-02,2.753970599887092113e-02
-5.039011564883333349e+00,4.309223399641284175e-02,2.819061943584853791e-02
-5.036513294399999729e+00,4.341915789932344200e-02,2.884153287282615122e-02
-5.034015023916666998e+00,4.374988989881564011e-02,2.949244630980330309e-02
-5.031516753433333378e+00,4.408448865975384684e-02,3.014335974678045496e-02
-5.029018482949999758e+00,4.442301396907227112e-02,3.079427318375760683e-02
-5.026520212466667026e+00,4.476552676132468378e-02,3.144518662073475523e-02
-5.024021941983333406e+00,4.511208914491507405e-02,3.209610005771237201e-02
-5.021523671499999786e+00,4.546276442901363984e-02,3.274701349468998879e-02
-5.019025401016667054e+00,4.581761715119372913e-02,3.371890515865605398e-02
-5.016527130533333434e+00,4.617671310579748306e-02,3.469079682262211223e-02
-5.014028860049999814e+00,4.654011937306511137e-02,3.566268848658817742e-02
-5.011530589566667082e+00,4.690790434903726464e-02,3.663458015055424261e-02
-5.009032319083333462e+00,4.728013777626908359e-02,3.760647181452099475e-02
-5.006534048599999842e+00,4.765689077536464785e-02,3.857836347848774688e-02
-5.004035778116667110e+00,4.803823587737175715e-02,3.955025514245381207e-02
-5.001537507633333490e+00,4.842424705705030558e-02,4.052214680641987726e-02
-4.999039237149999870e+00,4.881499976705287042e-02,4.149403847038593551e-02
-4.996540966666666250e+00,4.921057097303389166e-02,4.246593013435288194e-02
-4.994042696183333518e+00,4.961103918972782634e-02,4.370707996395587630e-02
-4.991544425699999898e+00,5.001648451801477685e-02,4.494822979355975190e-02
-4.989046155216666278e+00,5.042698868301671161e-02,4.618937962316274626e-02
-4.986547884733333547e+00,5.084263507324178477e-02,4.743052945276574062e-02
-4.984049614249999927e+00,5.126350878082563262e-02,4.867167928236873498e-02
-4.981551343766666307e+00,5.168969664288865923e-02,4.991282911197261057e-02
-4.979053073283333575e+00,5.212128728405803629e-02,5.115397894157560493e-02
-4.976554802799999955e+00,5.255837116017884197e-02,5.239512877117948053e-02
-4.974056532316666335e+00,5.300104060326486094e-02,5.363627860078247489e-02
-4.971558261833333603e+00,5.344938986771378270e-02,5.487742843038546925e-02
-4.969059991349999983e+00,5.390351517784408575e-02,5.627766210160062982e-02
-4.966561720866666363e+00,5.436351477677743571e-02,5.767789577281678959e-02
-4.964063450383333631e+00,5.482948897672814542e-02,5.907812944403195016e-02
-4.961565179900000011e+00,5.530154021072864606e-02,6.047836311524810993e-02
-4.959066909416666391e+00,5.577977308585121280e-02,6.187859678646327050e-02
-4.956568638933333659e+00,5.626429443796279739e-02,6.327883045767843107e-02
-4.954070368450000039e+00,5.675521338807325983e-02,6.467906412889359857e-02
-4.951572097966666419e+00,5.725264140031863236e-02,6.607929780010975140e-02
-4.949073827483333687e+00,5.775669234164441251e-02,6.747953147132491891e-02
-4.946575557000000067e+00,5.826748254323255161e-02,6.887976514254107174e-02
-4.944077286516666447e+00,5.878513086374170110e-02,7.027707599921301229e-02
-4.941579016033333716e+00,5.930975875440876871e-02,7.167438685588495284e-02
-4.939080745550000096e+00,5.984149032608644669e-02,7.307169771255689339e-02
-4.936582475066666476e+00,6.038045241826656834e-02,7.446900856922981926e-02
-4.934084204583333744e+00,6.092677467017148379e-02,7.586631942590175981e-02
-4.931585934100000124e+00,6.148058959396685008e-02,7.726363028257469956e-02
-4.929087663616666504e+00,6.204203265018252977e-02,7.866094113924664011e-02
-4.926589393133333772e+00,6.261124232540130063e-02,8.005825199591856678e-02
-4.924091122650000152e+00,6.318836021230658795e-02,8.145556285259050733e-02
-4.921592852166666532e+00,6.377353109215538884e-02,8.285287370926344708e-02
-4.919094581683332912e+00,6.436690301977177064e-02,8.405632380015264082e-02
-4.916596311200000180e+00,6.496862741113607065e-02,8.525977389104097415e-02
-4.914098040716666560e+00,6.557885913366851005e-02,8.646322398192932135e-02
-4.911599770233332940e+00,6.619775659929019729e-02,8.766667407281765467e-02
-4.909101499750000208e+00,6.682548186036847693e-02,8.887012416370598800e-02
-4.906603229266666588e+00,6.746220070863369334e-02,9.007357425459518174e-02
-4.904104958783332968e+00,6.810808277718438664e-02,9.127702434548437549e-02
-4.901606688300000236e+00,6.876330164567449887e-02,9.248047443637270881e-02
-4.899108417816666616e+00,6.942803494880771253e-02,9.368392452726105601e-02
-4.896610147333332996e+00,7.010246448824128396e-02,9.488737461814938934e-02
-4.894111876850000264e+00,7.078677634803304253e-02,9.571627507040000871e-02
-4.891613606366666644e+00,7.148116101374180076e-02,9.654517552265122482e-02
-4.889115335883333024e+00,7.218581349532668390e-02,9.737407597490244093e-02
-4.886617065400000293e+00,7.290093345396389535e-02,9.820297642715306030e-02
-4.884118794916666673e+00,7.362672533293546095e-02,9.903187687940367967e-02
-4.881620524433333053e+00,7.436339849272251279e-02,9.986077733165431292e-02
-4.879122253950000321e+00,7.511116735046487192e-02,1.006896777839049323e-01
-4.876623983466666701e+00,7.587025152393402083e-02,1.015185782361561484e-01
-4.874125712983333081e+00,7.664087598019189707e-02,1.023474786884073645e-01
-4.871627442500000349e+00,7.742327118909440864e-02,1.031763791406579839e-01
-4.869129172016666729e+00,7.821767328182735457e-02,1.035106428122349181e-01
-4.866630901533333109e+00,7.902432421464500312e-02,1.038449064838118524e-01
-4.864132631050000377e+00,7.984347193801401288e-02,1.041791701553887867e-01
-4.861634360566666757e+00,8.067537057134793743e-02,1.045134338269659569e-01
-4.859136090083333137e+00,8.152028058355008378e-02,1.048476974985431270e-01
-4.856637819600000405e+00,8.237846897956553616e-02,1.051819611701200474e-01
-4.854139549116666785e+00,8.325020949317769869e-02,1.055162248416969817e-01
-4.851641278633333165e+00,8.413578278626597517e-02,1.058504885132739159e-01
-4.849143008150000433e+00,8.503547665477957651e-02,1.061847521848508502e-01
-4.846644737666666813e+00,8.594958624166233740e-02,1.065190158564280204e-01
-4.844146467183333193e+00,8.687841425700212894e-02,1.063507751685696806e-01
-4.841648196700000462e+00,8.782227120566173106e-02,1.061825344807114518e-01
-4.839149926216666842e+00,8.878147562268438875e-02,1.060142937928532231e-01
-4.836651655733333222e+00,8.975635431675459130e-02,1.058460531049950082e-01
-4.834153385249999602e+00,9.074724262202880920e-02,1.056778124171366545e-01
-4.831655114766666870e+00,9.175448465864155523e-02,1.055095717292784258e-01
-4.829156844283333250e+00,9.277843360222641500e-02,1.053413310414200860e-01
-4.826658573799999630e+00,9.381945196278325405e-02,1.051730903535618572e-01
-4.824160303316666898e+00,9.487791187325825271e-02,1.050048496657036423e-01
-4.821662032833333278e+00,9.595419538819527361e-02,1.048366089778454135e-01
-4.819163762349999658e+00,9.704869479285688216e-02,1.043103709263827616e-01
-4.816665491866666926e+00,9.816181292320107221e-02,1.037841328749204706e-01
-4.814167221383333306e+00,9.929396349714574022e-02,1.032578948234578187e-01
-4.811668950899999686e+00,1.004455714575391428e-01,1.027316567719955276e-01
-4.809170680416666954e+00,1.016170733273023541e-01,1.022054187205332504e-01
-4.806672409933333334e+00,1.028089175771992325e-01,1.016791806690709732e-01
-4.804174139449999714e+00,1.040215650067348868e-01,1.011529426176083074e-01
-4.801675868966666982e+00,1.052554891386774799e-01,1.006267045661460302e-01
-4.799177598483333362e+00,1.065111766277448690e-01,1.001004665146833644e-01
-4.796679327999999742e+00,1.077891276839926804e-01,9.957422846322108723e-02
-4.794181057516667011e+00,1.090898565114871016e-01,9.900316949841304892e-02
-4.791682787033333391e+00,1.104138917628451066e-01,9.843211053360502449e-02
-4.789184516549999771e+00,1.117617770102714431e-01,9.786105156879658373e-02
-4.786686246066667039e+00,1.131340712337232518e-01,9.728999260398854543e-02
-4.784187975583333419e+00,1.145313493268820121e-01,9.671893363918010467e-02
-4.781689705099999799e+00,1.159542026216150296e-01,9.614787467437206636e-02
-4.779191434616667067e+00,1.174032394316597283e-01,9.557681570956402806e-02
-4.776693164133333447e+00,1.188790856162690035e-01,9.500575674475600363e-02
-4.774194893649999827e+00,1.203823851646085158e-01,9.443469777994756287e-02
-4.771696623166667095e+00,1.219138008017020269e-01,9.386363881513952456e-02
-4.769198352683333475e+00,1.234740146167782882e-01,9.371338716062548035e-02
-4.766700082199999855e+00,1.250637287148789190e-01,9.356313550611156105e-02
-4.764201811716667123e+00,1.266836658926451531e-01,9.341288385159762786e-02
-4.761703541233333503e+00,1.283345703392096970e-01,9.326263219708369467e-02
-4.759205270749999883e+00,1.300172083631814524e-01,9.311238054256965047e-02
-4.756707000266666263e+00,1.317323691467205404e-01,9.296212888805562014e-02
-4.754208729783333531e+00,1.334808655277620326e-01,9.281187723354168695e-02
-4.751710459299999911e+00,1.352635348114626934e-01,9.266162557902775376e-02
-4.749212188816666291e+00,1.370812396120034138e-01,9.251137392451382058e-02
-4.746713918333333559e+00,1.389348687259001347e-01,9.236112226999988739e-02
-4.744215647849999939e+00,1.408253380380352360e-01,9.319879146192558417e-02
-4.741717377366666319e+00,1.427535914616406276e-01,9.403646065385129482e-02
-4.739219106883333588e+00,1.447206019135288679e-01,9.487412984577639485e-02
-4.736720836399999968e+00,1.467273723258827878e-01,9.571179903770150876e-02
-4.734222565916666348e+00,1.487749366959837671e-01,9.654946822962660880e-02
-4.731724295433333616e+00,1.508643611752721603e-01,9.738713742155170883e-02
-4.729226024949999996e+00,1.529967451992018390e-01,9.822480661347741948e-02
-4.726727754466666376e+00,1.551732226593642294e-01,9.906247580540311626e-02
-4.724229483983333644e+00,1.573949631194255239e-01,9.990014499732823017e-02
-4.721731213500000024e+00,1.596631730764298818e-01,1.007378141892533302e-01
-4.719232943016666404e+00,1.619790972690884345e-01,1.031516097943789706e-01
-4.716734672533333672e+00,1.643440200346825142e-01,1.055654053995046110e-01
-4.714236402050000052e+00,1.667592667162664799e-01,1.079792010046319584e-01
-4.711738131566666432e+00,1.692262051218639818e-01,1.103929966097593196e-01
-4.709239861083333700e+00,1.717462470374002681e-01,1.128067922148849600e-01
-4.706741590600000080e+00,1.743208497951130864e-01,1.152205878200106004e-01
-4.704243320116666460e+00,1.769515178992263627e-01,1.176343834251362408e-01
-4.701745049633333728e+00,1.796398047106565754e-01,1.200481790302618812e-01
-4.699246779150000108e+00,1.823873141925541896e-01,1.224619746353892286e-01
-4.696748508666666488e+00,1.851957027184517046e-01,1.248757702405165898e-01
-4.694250238183333757e+00,1.880666809448033605e-01,1.293773204629492524e-01
-4.691751967700000137e+00,1.910020157496528370e-01,1.338788706853819288e-01
-4.689253697216666517e+00,1.940035322391547024e-01,1.383804209078145775e-01
-4.686755426733333785e+00,1.970731158236001812e-01,1.428819711302472539e-01
-4.684257156250000165e+00,2.002127143645552054e-01,1.473835213526831223e-01
-4.681758885766666545e+00,2.034243403946100759e-01,1.518850715751189906e-01
-4.679260615283332925e+00,2.067100734111586013e-01,1.563866217975516393e-01
-4.676762344800000193e+00,2.100720622454678443e-01,1.608881720199843157e-01
-4.674264074316666573e+00,2.135125275081675988e-01,1.653897222424169644e-01
-4.671765803833332953e+00,2.170337641120776428e-01,1.698912724648545536e-01
-4.669267533350000221e+00,2.206381438730870004e-01,1.768172516584615994e-01
-4.666769262866666601e+00,2.243281181895172560e-01,1.837432308520735580e-01
-4.664270992383332981e+00,2.281062208001164715e-01,1.906692100456806038e-01
-4.661772721900000249e+00,2.319750706204490309e-01,1.975951892392876497e-01
-4.659274451416666629e+00,2.359373746570608832e-01,2.045211684328946955e-01
-4.656776180933333009e+00,2.399959309982943878e-01,2.114471476265066541e-01
-4.654277910450000277e+00,2.441536318801107996e-01,2.183731268201136722e-01
-4.651779639966666657e+00,2.484134668246243960e-01,2.252991060137256585e-01
-4.649281369483333037e+00,2.527785258483650765e-01,2.322250852073326766e-01
-4.646783099000000306e+00,2.572520027364510464e-01,2.391510644009397224e-01
-4.644284828516666686e+00,2.618371983779521073e-01,2.485816602667989261e-01
-4.641786558033333066e+00,2.665375241566568243e-01,2.580122561326648190e-01
-4.639288287550000334e+00,2.713565053903009283e-01,2.674428519985240227e-01
-4.636790017066666714e+00,2.762977848099519851e-01,2.768734478643899433e-01
-4.634291746583333094e+00,2.813651260697690448e-01,2.863040437302491470e-01
-4.631793476100000362e+00,2.865624172756414123e-01,2.957346395961083507e-01
-4.629295205616666742e+00,2.918936745193335680e-01,3.051652354619675545e-01
-4.626796935133333122e+00,2.973630454026055525e-01,3.145958313278334750e-01
-4.624298664650000390e+00,3.029748125334245090e-01,3.240264271936926788e-01
-4.621800394166666770e+00,3.087333969736769101e-01,3.334570230595585993e-01
-4.619302123683333150e+00,3.146433616148482382e-01,3.451662274931437957e-01
-4.616803853200000418e+00,3.207094144547731895e-01,3.568754319267289365e-01
-4.614305582716666798e+00,3.269364117448914642e-01,3.685846363603141329e-01
-4.611807312233333178e+00,3.333293609732887464e-01,3.802938407939076559e-01
-4.609309041750000446e+00,3.398934236442605061e-01,3.920030452274928523e-01
-4.606810771266666826e+00,3.466339178100258378e-01,4.037122496610863198e-01
-4.604312500783333206e+00,3.535563203046194203e-01,4.154214540946715162e-01
-4.601814230299999586e+00,3.606662686237536164e-01,4.271306585282567125e-01
-4.599315959816666854e+00,3.679695623875856025e-01,4.388398629618418534e-01
-4.596817689333333234e+00,3.754721643157399313e-01,4.505490673954353764e-01
-4.594319418849999614e+00,3.831802006356208046e-01,4.639964059519443018e-01
-4.591821148366666883e+00,3.910999608358738389e-01,4.774437445084437348e-01
-4.589322877883333263e+00,3.992378966668496676e-01,4.908910830649431123e-01
-4.586824607399999643e+00,4.076006202789190236e-01,5.043384216214424898e-01
-4.584326336916666911e+00,4.161949013775442241e-01,5.177857601779418673e-01
-4.581828066433333291e+00,4.250276632609407135e-01,5.312330987344509037e-01
-4.579329795949999671e+00,4.341059775920513286e-01,5.446804372909598291e-01
-4.576831525466666939e+00,4.434370577412101722e-01,5.581277758474592066e-01
-4.574333254983333319e+00,4.530282505193968801e-01,5.715751144039585840e-01
-4.571834984499999699e+00,4.628870261042161149e-01,5.850224529604579615e-01
-4.569336714016666967e+00,4.730209659417991541e-01,5.993889363954786331e-01
-4.566838443533333347e+00,4.834377483876060588e-01,6.137554198305096298e-01
-4.564340173049999727e+00,4.941451318277630955e-01,6.281219032655405154e-01
-4.561841902566666995e+00,5.051509350000703558e-01,6.424883867005612981e-01
-4.559343632083333375e+00,5.164630142103819876e-01,6.568548701355820807e-01
-4.556845361599999755e+00,5.280892371157626108e-01,6.712213535706027523e-01
-4.554347091116667023e+00,5.400374527210046738e-01,6.855878370056234239e-01
-4.551848820633333403e+00,5.523154572099593373e-01,6.999543204406544206e-01
-4.549350550149999783e+00,5.649309552082039110e-01,7.143208038756854172e-01
-4.546852279666667052e+00,5.778915160492450465e-01,7.286872873107060888e-01
-4.544354009183333432e+00,5.912045245934978155e-01,7.429515207916085329e-01
-4.541855738699999812e+00,6.048771261283629741e-01,7.572157542725110879e-01
-4.539357468216667080e+00,6.189161648599214027e-01,7.714799877534135319e-01
-4.536859197733333460e+00,6.333281154930938683e-01,7.857442212343261900e-01
-4.534360927249999840e+00,6.481190073890973347e-01,8.000084547152388481e-01
-4.531862656766667108e+00,6.632943407880964592e-01,8.142726881961412921e-01
-4.529364386283333488e+00,6.788589945931182701e-01,8.285369216770437362e-01
-4.526866115799999868e+00,6.948171252305658241e-01,8.428011551579462912e-01
-4.524367845316666248e+00,7.111720561355874271e-01,8.570653886388588383e-01
-4.521869574833333516e+00,7.279261574597186701e-01,8.713296221197613933e-01
-4.519371304349999896e+00,7.450807156667720310e-01,8.843743091449426386e-01
-4.516873033866666276e+00,7.626357927740321507e-01,8.974189961701146689e-01
-4.514374763383333544e+00,7.805900751131021886e-01,9.104636831952866993e-01
-4.511876492899999924e+00,7.989407116317648327e-01,9.235083702204587297e-01
-4.509378222416666304e+00,8.176831419388885802e-01,9.365530572456399749e-01
-4.506879951933333572e+00,8.368109145123213688e-01,9.495977442708120053e-01
-4.504381681449999952e+00,8.563154957484666596e-01,9.626424312959933616e-01
-4.501883410966666332e+00,8.761860708348181426e-01,9.756871183211652809e-01
-4.499385140483333601e+00,8.964093377755718572e-01,9.887318053463373113e-01
-4.496886869999999981e+00,9.169692962967727068e-01,1.001776492371509342e+00
-4.494388599516666361e+00,9.378470338012898644e-01,1.012511683629475634e+00
-4.491890329033333629e+00,9.590205110331484484e-01,1.023246874887434155e+00
-4.489392058550000009e+00,9.804643506412199505e-01,1.033982066145400225e+00
-4.486893788066666389e+00,1.002149632396634127e+00,1.044717257403358968e+00
-4.484395517583333657e+00,1.024043699406075758e+00,1.055452448661317488e+00
-4.481897247100000037e+00,1.046109980259793737e+00,1.066187639919276009e+00
-4.479398976616666417e+00,1.068307832639955990e+00,1.076922831177242301e+00
-4.476900706133333685e+00,1.090592414468445570e+00,1.087658022435200822e+00
-4.474402435650000065e+00,1.112914589165227897e+00,1.098393213693167114e+00
-4.471904165166666445e+00,1.135220871986299729e+00,1.109128404951125635e+00
-4.469405894683333713e+00,1.157453424677278075e+00,1.116615943153766999e+00
-4.466907624200000093e+00,1.179550105775019953e+00,1.124103481356408141e+00
-4.464409353716666473e+00,1.201444583773969343e+00,1.131591019559054612e+00
-4.461911083233333741e+00,1.223066520004967517e+00,1.139078557761695976e+00
-4.459412812750000121e+00,1.244341827413999013e+00,1.146566095964342669e+00
-4.456914542266666501e+00,1.265193010444335409e+00,1.154053634166983811e+00
-4.454416271783333769e+00,1.285539589895053236e+00,1.161541172369625174e+00
-4.451918001300000149e+00,1.305298614941934332e+00,1.169028710572266316e+00
-4.449419730816666529e+00,1.324385262470253011e+00,1.176516248774913009e+00
-4.446921460333332909e+00,1.342713521509659502e+00,1.184003786977556594e+00
-4.444423189850000178e+00,1.360196957928652584e+00,1.187567361751832085e+00
-4.441924919366666558e+00,1.376749551713253750e+00,1.191130936526107575e+00
-4.439426648883332938e+00,1.392286596218502481e+00,1.194694511300383066e+00
-4.436928378400000206e+00,1.406725645861002905e+00,1.198258086074658557e+00
-4.434430107916666586e+00,1.419987495952281353e+00,1.201821660848936490e+00
-4.431931837433332966e+00,1.431997175903615194e+00,1.205385235623214424e+00
-4.429433566950000234e+00,1.442684935013647474e+00,1.208948810397489915e+00
-4.426935296466666614e+00,1.451987198623824860e+00,1.212512385171765184e+00
-4.424437025983332994e+00,1.459847471719165402e+00,1.216075959946040674e+00
-4.421938755500000262e+00,1.466217167160022150e+00,1.219639534720316165e+00
-4.419440485016666642e+00,1.471056336713389312e+00,1.218946380849794231e+00
-4.416942214533333022e+00,1.474334284922662164e+00,1.218253226979272297e+00
-4.414443944050000290e+00,1.476030048575217357e+00,1.217560073108750807e+00
-4.411945673566666670e+00,1.476132728008642037e+00,1.216866919238229539e+00
-4.409447403083333050e+00,1.474641660601931914e+00,1.216173765367708048e+00
-4.406949132600000318e+00,1.471566431349587978e+00,1.215480611497186558e+00
-4.404450862116666698e+00,1.466926720206610302e+00,1.214787457626664624e+00
-4.401952591633333078e+00,1.460751990697110703e+00,1.214094303756142690e+00
-4.399454321150000347e+00,1.453081028873804081e+00,1.213401149885621422e+00
-4.396956050666666727e+00,1.443961345889427150e+00,1.212707996015099932e+00
-4.394457780183333107e+00,1.433448461011803010e+00,1.207811385801337289e+00
-4.391959509700000375e+00,1.421605084738959857e+00,1.202914775587574425e+00
-4.389461239216666755e+00,1.408500223654020500e+00,1.198018165373808230e+00
-4.386962968733333135e+00,1.394208229757238904e+00,1.193121555160042035e+00
-4.384464698250000403e+00,1.378807817231250121e+00,1.188224944946279393e+00
-4.381966427766666783e+00,1.362381068988542943e+00,1.183328334732516751e+00
-4.379468157283333163e+00,1.345012454010113379e+00,1.178431724518753887e+00
-4.376969886800000431e+00,1.326787874533613909e+00,1.173535114304991245e+00
-4.374471616316666811e+00,1.307793759729894978e+00,1.168638504091225050e+00
-4.371973345833333191e+00,1.288116219768508319e+00,1.163741893877458855e+00
-4.369475075350000459e+00,1.267840271264027985e+00,1.155078059444839100e+00
-4.366976804866666839e+00,1.247049142153946244e+00,1.146414225012219346e+00
-4.364478534383333219e+00,1.225823661206791426e+00,1.137750390579599591e+00
-4.361980263899999599e+00,1.204241734695921995e+00,1.129086556146973841e+00
-4.359481993416666867e+00,1.182377910376627428e+00,1.120422721714354086e+00
-4.356983722933333247e+00,1.160303026824013095e+00,1.111758887281728114e+00
-4.354485452449999627e+00,1.138083944456344865e+00,1.103095052849108582e+00
-4.351987181966666896e+00,1.115783353192216554e+00,1.094431218416488827e+00
-4.349488911483333275e+00,1.093459650662301552e+00,1.085767383983869072e+00
-4.346990640999999655e+00,1.071166884195989821e+00,1.077103549551241102e+00
-4.344492370516666924e+00,1.048954749398783415e+00,1.065442280257438812e+00
-4.341994100033333304e+00,1.026868637990154820e+00,1.053781010963628528e+00
-4.339495829549999684e+00,1.004949727642947765e+00,1.042119741669826238e+00
-4.336997559066666952e+00,9.832351068126630178e-01,1.030458472376024170e+00
-4.334499288583333332e+00,9.617579279281385229e-01,1.018797203082221881e+00
-4.332001018099999712e+00,9.405475827969195235e-01,1.007135933788411597e+00
-4.329502747616666980e+00,9.196298946258640861e-01,9.954746644946094181e-01
-4.327004477133333360e+00,8.990273216414114144e-01,9.838133952007989125e-01
-4.324506206649999740e+00,8.787591678905214421e-01,9.721521259069968446e-01
-4.322007936166667008e+00,8.588417973930965177e-01,9.604908566131946657e-01
-4.319509665683333388e+00,8.392888483848058856e-01,9.468452350312910326e-01
-4.317011395199999768e+00,8.201114449244968352e-01,9.331996134493776296e-01
-4.314513124716667036e+00,8.013184036352770656e-01,9.195539918674738855e-01
-4.312014854233333416e+00,7.829164337981675548e-01,9.059083702855604825e-01
-4.309516583749999796e+00,7.649103294197604486e-01,8.922627487036568494e-01
-4.307018313266667064e+00,7.473031522502161517e-01,8.786171271217531054e-01
-4.304520042783333444e+00,7.300964050363965008e-01,8.649715055398494723e-01
-4.302021772299999824e+00,7.132901945591432202e-01,8.513258839579360693e-01
-4.299523501816667093e+00,6.968833842267566636e-01,8.376802623760324362e-01
-4.297025231333333473e+00,6.808737361819255929e-01,8.240346407941190332e-01
-4.294526960849999853e+00,6.652580430305841119e-01,8.095413589169018209e-01
-4.292028690366667121e+00,6.500322494220128755e-01,7.950480770396846086e-01
-4.289530419883333501e+00,6.351915638038315715e-01,7.805547951624672853e-01
-4.287032149399999881e+00,6.207305607467381581e-01,7.660615132852397480e-01
-4.284533878916666261e+00,6.066432742854048765e-01,7.515682314080122106e-01
-4.282035608433333529e+00,5.929232827567332276e-01,7.370749495307949983e-01
-4.279537337949999909e+00,5.795637856376214536e-01,7.225816676535777860e-01
-4.277039067466666289e+00,5.665576728938076512e-01,7.080883857763604627e-01
-4.274540796983333557e+00,5.538975873515527004e-01,6.935951038991432505e-01
-4.272042526499999937e+00,5.415759805966583462e-01,6.791018220219157131e-01
-4.269544256016666317e+00,5.295851628923622378e-01,6.648881875226108074e-01
-4.267045985533333585e+00,5.179173475902448809e-01,6.506745530233160046e-01
-4.264547715049999965e+00,5.065646904877804113e-01,6.364609185240212019e-01
-4.262049444566666345e+00,4.955193245633470744e-01,6.222472840247263992e-01
-4.259551174083333613e+00,4.847733904953951400e-01,6.080336495254317075e-01
-4.257052903599999993e+00,4.743190633475248275e-01,5.938200150261268018e-01
-4.254554633116666373e+00,4.641485757761565911e-01,5.796063805268218960e-01
-4.252056362633333642e+00,4.542542380925341239e-01,5.653927460275270933e-01
-4.249558092150000022e+00,4.446284554864817218e-01,5.511791115282322906e-01
-4.247059821666666402e+00,4.352637426957273181e-01,5.369654770289374879e-01
-4.244561551183333670e+00,4.261527363820231118e-01,5.240215638805678644e-01
-4.242063280700000050e+00,4.172882054537501162e-01,5.110776507321890261e-01
-4.239565010216666430e+00,4.086630595543764288e-01,4.981337375838101877e-01
-4.237066739733333698e+00,4.002703559169826786e-01,4.851898244354405643e-01
-4.234568469250000078e+00,3.921033047672036198e-01,4.722459112870709408e-01
-4.232070198766666458e+00,3.841552734402395863e-01,4.593019981387012618e-01
-4.229571928283333726e+00,3.764197893621581970e-01,4.463580849903316383e-01
-4.227073657800000106e+00,3.688905420313804417e-01,4.334141718419528000e-01
-4.224575387316666486e+00,3.615613841231006820e-01,4.204702586935739617e-01
-4.222077116833333754e+00,3.544263318272469765e-01,4.075263455452043382e-01
-4.219578846350000134e+00,3.474795645195229432e-01,3.966001386804594575e-01
-4.217080575866666514e+00,3.407154238548847358e-01,3.856739318157146323e-01
-4.214582305383333782e+00,3.341284123635801517e-01,3.747477249509697517e-01
-4.212084034900000162e+00,3.277131916214076623e-01,3.638215180862170994e-01
-4.209585764416666542e+00,3.214645800582160429e-01,3.528953112214645027e-01
-4.207087493933332922e+00,3.153775504616820324e-01,3.419691043567196220e-01
-4.204589223450000190e+00,3.094472272271312496e-01,3.310428974919747414e-01
-4.202090952966666570e+00,3.036688833984360625e-01,3.201166906272299162e-01
-4.199592682483332950e+00,2.980379375399161979e-01,3.091904837624772640e-01
-4.197094412000000219e+00,2.925499504744890622e-01,2.982642768977323833e-01
-4.194596141516666599e+00,2.872006219191793885e-01,2.897940987986400430e-01
-4.192097871033332979e+00,2.819857870453040816e-01,2.813239206995538089e-01
-4.189599600550000247e+00,2.769014129873107466e-01,2.728537426004674638e-01
-4.187101330066666627e+00,2.719435953211915558e-01,2.643835645013812297e-01
-4.184603059583333007e+00,2.671085545307193554e-01,2.559133864022888893e-01
-4.182104789100000275e+00,2.623926324772973273e-01,2.474432083032025997e-01
-4.179606518616666655e+00,2.577922888870857743e-01,2.389730302041102872e-01
-4.177108248133333035e+00,2.533040978671066146e-01,2.305028521050239976e-01
-4.174609977650000303e+00,2.489247444603447934e-01,2.220326740059377080e-01
-4.172111707166666683e+00,2.446510212483030133e-01,2.135624959068514184e-01
-4.169613436683333063e+00,2.404798250081472133e-01,2.076551048818688905e-01
-4.167115166200000331e+00,2.364081534303450194e-01,2.017477138568905815e-01
-4.164616895716666711e+00,2.324331019016723510e-01,1.958403228319080536e-01
-4.162118625233333091e+00,2.285518603574896446e-01,1.899329318069297445e-01
-4.159620354750000359e+00,2.247617102064018990e-01,1.840255407819514355e-01
-4.157122084266666739e+00,2.210600213296510519e-01,1.781181497569731265e-01
-4.154623813783333119e+00,2.174442491569946734e-01,1.722107587319905986e-01
-4.152125543300000388e+00,2.139119318202275521e-01,1.663033677070122895e-01
-4.149627272816666768e+00,2.104606873850570214e-01,1.603959766820297617e-01
-4.147129002333333148e+00,2.070882111615877930e-01,1.544885856570514526e-01
-4.144630731850000416e+00,2.037922730933396931e-01,1.509441536108431237e-01
-4.142132461366666796e+00,2.005707152243768887e-01,1.473997215646347669e-01
-4.139634190883333176e+00,1.974214492438930157e-01,1.438552895184239122e-01
-4.137135920400000444e+00,1.943424541073321410e-01,1.403108574722155555e-01
-4.134637649916666824e+00,1.913317737329693069e-01,1.367664254260047008e-01
-4.132139379433333204e+00,1.883875147726789268e-01,1.332219933797963718e-01
-4.129641108949999584e+00,1.855078444555141870e-01,1.296775613335880151e-01
-4.127142838466666852e+00,1.826909885025884417e-01,1.261331292873796861e-01
-4.124644567983333232e+00,1.799352291116824154e-01,1.225886972411688175e-01
-4.122146297499999612e+00,1.772389030099098539e-01,1.190442651949593228e-01
-4.119648027016666880e+00,1.746003995727486435e-01,1.174221796879917484e-01
-4.117149756533333260e+00,1.720181590076761968e-01,1.158000941810241741e-01
-4.114651486049999640e+00,1.694906706006556463e-01,1.141780086740565997e-01
-4.112153215566666908e+00,1.670164710236738126e-01,1.125559231670890253e-01
-4.109654945083333288e+00,1.645941427015560343e-01,1.109338376601202991e-01
-4.107156674599999668e+00,1.622223122362599912e-01,1.093117521531515868e-01
-4.104658404116666937e+00,1.598996488868894839e-01,1.076896666461840124e-01
-4.102160133633333317e+00,1.576248631036555048e-01,1.060675811392164380e-01
-4.099661863149999697e+00,1.553967051140668909e-01,1.044454956322488637e-01
-4.097163592666666965e+00,1.532139635596247440e-01,1.028234101252812893e-01
-4.094665322183333345e+00,1.510754641813594201e-01,1.025366332337373232e-01
-4.092167051699999725e+00,1.489800685525488888e-01,1.022498563421933709e-01
-4.089668781216666993e+00,1.469266728570226554e-01,1.019630794506496130e-01
-4.087170510733333373e+00,1.449142067114645993e-01,1.016763025591058550e-01
-4.084672240249999753e+00,1.429416320301945265e-01,1.013895256675620971e-01
-4.082173969766667021e+00,1.410079419309197557e-01,1.011027487760183252e-01
-4.079675699283333401e+00,1.391121596800176663e-01,1.008159718844743730e-01
-4.077177428799999781e+00,1.372533376759214885e-01,1.005291949929304068e-01
-4.074679158316667049e+00,1.354305564692533659e-01,1.002424181013866489e-01
-4.072180887833333429e+00,1.336429238183596269e-01,9.995564120984289092e-02
-4.069682617349999809e+00,1.318895737789748390e-01,1.003771507487994791e-01
-4.067184346866667077e+00,1.301696658267512963e-01,1.007986602877560811e-01
-4.064686076383333457e+00,1.284823840114623361e-01,1.012201698267129746e-01
-4.062187805899999837e+00,1.268269361416967667e-01,1.016416793656698681e-01
-4.059689535416667105e+00,1.252025529989320984e-01,1.020631889046264562e-01
-4.057191264933333485e+00,1.236084875798798000e-01,1.024846984435830444e-01
-4.054692994449999865e+00,1.220440143660698612e-01,1.029062079825396464e-01
-4.052194723966666245e+00,1.205084286196399096e-01,1.033277175214965399e-01
-4.049696453483333514e+00,1.190010457043690351e-01,1.037492270604531280e-01
-4.047198182999999894e+00,1.175212004309956343e-01,1.041707365994100215e-01
-4.044699912516666274e+00,1.160682464259244762e-01,1.047340985518148138e-01
-4.042201642033333542e+00,1.146415555224317012e-01,1.052974605042196060e-01
-4.039703371549999922e+00,1.132405171735407085e-01,1.058608224566243983e-01
-4.037205101066666302e+00,1.118645378857355405e-01,1.064241844090295930e-01
-4.034706830583333570e+00,1.105130406727506537e-01,1.069875463614343852e-01
-4.032208560099999950e+00,1.091854645286638031e-01,1.075509083138395799e-01
-4.029710289616666330e+00,1.078812639195833589e-01,1.081142702662443722e-01
-4.027212019133333598e+00,1.065999082932183734e-01,1.086776322186491645e-01
-4.024713748649999978e+00,1.053408816056739250e-01,1.092409941710539567e-01
-4.022215478166666358e+00,1.041036818648109902e-01,1.098043561234589433e-01
-4.019717207683333626e+00,1.028878206895666725e-01,1.100821269912619638e-01
-4.017218937200000006e+00,1.016928228846194215e-01,1.103598978590651647e-01
-4.014720666716666386e+00,1.005182260298438796e-01,1.106376687268681852e-01
-4.012222396233333654e+00,9.936358008398368802e-02,1.109154395946711918e-01
-4.009724125750000034e+00,9.822844700203135770e-02,1.111932104624742124e-01
-4.007225855266666414e+00,9.711240036578581980e-02,1.114709813302774133e-01
-4.004727584783333683e+00,9.601502502711248277e-02,1.117487521980804338e-01
-4.002229314300000063e+00,9.493591676342272301e-02,1.120265230658836347e-01
-3.999731043816666887e+00,9.387468194492916418e-02,1.123042939336866552e-01
-3.997232773333333267e+00,9.283093721322975556e-02,1.125820648014896619e-01
-3.994734502850000091e+00,9.180430917081551512e-02,1.123303943911135722e-01
-3.992236232366666471e+00,9.079443408108361924e-02,1.120787239807373020e-01
-3.989737961883333295e+00,8.980095757848505222e-02,1.118270535703612123e-01
-3.987239691400000119e+00,8.882353438841790461e-02,1.115753831599849422e-01
-3.984741420916666499e+00,8.786182805652663352e-02,1.113237127496088524e-01
-3.982243150433333323e+00,8.691551068704456151e-02,1.110720423392327627e-01
-3.979744879950000147e+00,8.598426268986843202e-02,1.108203719288566730e-01
-3.977246609466666527e+00,8.506777253602816613e-02,1.105687015184804028e-01
-3.974748338983333351e+00,8.416573652126506377e-02,1.103170311081043131e-01
-3.972250068500000175e+00,8.327785853740711508e-02,1.100653606977280430e-01
-3.969751798016666555e+00,8.240384985127642559e-02,1.092300979049613818e-01
-3.967253527533333379e+00,8.154342889084013890e-02,1.083948351121947207e-01
-3.964755257050000203e+00,8.069632103836023307e-02,1.075595723194280595e-01
-3.962256986566666583e+00,7.986225843027677795e-02,1.067243095266608016e-01
-3.959758716083333407e+00,7.904097976359683586e-02,1.058890467338941405e-01
-3.957260445600000232e+00,7.823223010854342407e-02,1.050537839411268826e-01
-3.954762175116666612e+00,7.743576072725469328e-02,1.042185211483602214e-01
-3.952263904633333436e+00,7.665132889830679475e-02,1.033832583555935603e-01
-3.949765634149999816e+00,7.587869774686503699e-02,1.025479955628263024e-01
-3.947267363666666640e+00,7.511763608025245897e-02,1.017127327700596412e-01
-3.944769093183333464e+00,7.436791822875936375e-02,1.004001219244780724e-01
-3.942270822699999844e+00,7.362932389149452750e-02,9.908751107889558762e-02
-3.939772552216666668e+00,7.290163798711651877e-02,9.777490023331401880e-02
-3.937274281733333492e+00,7.218465050925958193e-02,9.646228938773246386e-02
-3.934776011249999872e+00,7.147815638650670267e-02,9.514967854214996523e-02
-3.932277740766666696e+00,7.078195534673463463e-02,9.383706769656839641e-02
-3.929779470283333520e+00,7.009585178569827102e-02,9.252445685098684147e-02
-3.927281199799999900e+00,6.941965463968900740e-02,9.121184600540434284e-02
-3.924782929316666724e+00,6.875317726214491554e-02,8.989923515982278790e-02
-3.922284658833333548e+00,6.809623730405985065e-02,8.858662431424121908e-02
-3.919786388349999928e+00,6.744865659808016445e-02,8.700854061815027629e-02
-3.917288117866666752e+00,6.681026104614225247e-02,8.543045692206044373e-02
-3.914789847383333132e+00,6.618088051055265320e-02,8.385237322596950094e-02
-3.912291576899999956e+00,6.556034870837335049e-02,8.227428952987966837e-02
-3.909793306416666780e+00,6.494850310901897905e-02,8.069620583378983580e-02
-3.907295035933333160e+00,6.434518483494028329e-02,7.911812213770001712e-02
-3.904796765449999985e+00,6.375023856530799560e-02,7.754003844160906045e-02
-3.902298494966666809e+00,6.316351244257853437e-02,7.596195474551924176e-02
-3.899800224483333189e+00,6.258485798186382010e-02,7.438387104942828509e-02
-3.897301954000000013e+00,6.201412998299241780e-02,7.280578735333846641e-02
-3.894803683516666837e+00,6.145118644519354661e-02,7.121374867409359377e-02
-3.892305413033333217e+00,6.089588848429550172e-02,6.962170999484870726e-02
-3.889807142550000041e+00,6.034810025237788422e-02,6.802967131560269665e-02
-3.887308872066666865e+00,5.980768885977496424e-02,6.643763263635782401e-02
-3.884810601583333245e+00,5.927452429937345169e-02,6.484559395711181340e-02
-3.882312331100000069e+00,5.874847937311211687e-02,6.325355527786694076e-02
-3.879814060616666893e+00,5.822942962062754857e-02,6.166151659862205425e-02
-3.877315790133333273e+00,5.771725324996039574e-02,6.006947791937718162e-02
-3.874817519650000097e+00,5.721183107027263959e-02,5.847743924013117101e-02
-3.872319249166666477e+00,5.671304642649234451e-02,5.688540056088629143e-02
-3.869820978683333301e+00,5.622078513584423398e-02,5.550832844157586876e-02
-3.867322708200000125e+00,5.573493542618429553e-02,5.413125632226642447e-02
-3.864824437716666505e+00,5.525538787610179137e-02,5.275418420295698019e-02
-3.862326167233333329e+00,5.478203535671331836e-02,5.137711208364753590e-02
-3.859827896750000154e+00,5.431477297511283497e-02,5.000003996433711323e-02
-3.857329626266666533e+00,5.385349801940721853e-02,4.862296784502767588e-02
-3.854831355783333358e+00,5.339810990530645396e-02,4.724589572571724627e-02
-3.852333085300000182e+00,5.294851012420064007e-02,4.586882360640780198e-02
-3.849834814816666562e+00,5.250460219269553058e-02,4.449175148709836464e-02
-3.847336544333333386e+00,5.206629160354298014e-02,4.311467936778892035e-02
-3.844838273850000210e+00,5.163348577793989980e-02,4.211259511666733818e-02
-3.842340003366666590e+00,5.120609401913926717e-02,4.111051086554646378e-02
-3.839841732883333414e+00,5.078402746734308332e-02,4.010842661442488161e-02
-3.837343462399999794e+00,5.036719905582858620e-02,3.910634236330401414e-02
-3.834845191916666618e+00,4.995552346828027040e-02,3.810425811218313974e-02
-3.832346921433333442e+00,4.954891709727810706e-02,3.710217386106227228e-02
-3.829848650949999822e+00,4.914729800392177161e-02,3.610008960994069011e-02
-3.827350380466666646e+00,4.875058587853789427e-02,3.509800535881982264e-02
-3.824852109983333470e+00,4.835870200245847433e-02,3.409592110769824047e-02
-3.822353839499999850e+00,4.797156921081761893e-02,3.309383685657736607e-02
-3.819855569016666674e+00,4.758911185635368579e-02,3.253439669639413001e-02
-3.817357298533333498e+00,4.721125577417000646e-02,3.197495653621089395e-02
-3.814859028049999878e+00,4.683792824744283795e-02,3.141551637602726238e-02
-3.812360757566666702e+00,4.646905797403022564e-02,3.085607621584402632e-02
-3.809862487083333527e+00,4.610457503397268758e-02,3.029663605566039475e-02
-3.807364216599999907e+00,4.574441085784203276e-02,2.973719589547715869e-02
-3.804865946116666731e+00,4.538849819593045870e-02,2.917775573529392610e-02
-3.802367675633333555e+00,4.503677108823694181e-02,2.861831557511069005e-02
-3.799869405149999935e+00,4.468916483524731226e-02,2.805887541492705847e-02
-3.797371134666666759e+00,4.434561596946358375e-02,2.749943525474382242e-02
-3.794872864183333139e+00,4.400606222768144171e-02,2.735808161281931897e-02
-3.792374593699999963e+00,4.367044252397567911e-02,2.721672797089491266e-02
-3.789876323216666787e+00,4.333869692338915280e-02,2.707537432897050983e-02
-3.787378052733333167e+00,4.301076661628859543e-02,2.693402068704600638e-02
-3.784879782249999991e+00,4.268659389338658183e-02,2.679266704512160008e-02
-3.782381511766666815e+00,4.236612212138970990e-02,2.665131340319719724e-02
-3.779883241283333195e+00,4.204929571927746440e-02,2.650995976127269380e-02
-3.777384970800000019e+00,4.173606013516958924e-02,2.636860611934829096e-02
-3.774886700316666843e+00,4.142636182379054455e-02,2.622725247742388466e-02
-3.772388429833333223e+00,4.112014822448931822e-02,2.608589883549961019e-02
-3.769890159350000047e+00,4.081736773982171801e-02,2.626512885338339737e-02
-3.767391888866666871e+00,4.051796971465832647e-02,2.644435887126718801e-02
-3.764893618383333251e+00,4.022190441582249726e-02,2.662358888915110355e-02
-3.762395347900000075e+00,3.992912301222618227e-02,2.680281890703489420e-02
-3.759897077416666900e+00,3.963957755550572698e-02,2.698204892491868484e-02
-3.757398806933333280e+00,3.935322096112785911e-02,2.716127894280260038e-02
-3.754900536450000104e+00,3.907000698996885429e-02,2.734050896068638756e-02
-3.752402265966666484e+00,3.878989023033741629e-02,2.751973897857030657e-02
-3.749903995483333308e+00,3.851282608044646200e-02,2.769896899645409374e-02
-3.747405725000000132e+00,3.823877073130190624e-02,2.787819901433788439e-02
-3.744907454516666512e+00,3.796768115001797339e-02,2.823822939105723878e-02
-3.742409184033333336e+00,3.769951506352665210e-02,2.859825976777684992e-02
-3.739910913550000160e+00,3.743423094269073687e-02,2.895829014449620431e-02
-3.737412643066666540e+00,3.717178798678849594e-02,2.931832052121581544e-02
-3.734914372583333364e+00,3.691214610838190746e-02,2.967835089793516984e-02
-3.732416102100000188e+00,3.665526591853619093e-02,3.003838127465452423e-02
-3.729917831616666568e+00,3.640110871240238161e-02,3.039841165137387863e-02
-3.727419561133333392e+00,3.614963645513183388e-02,3.075844202809348976e-02
-3.724921290650000216e+00,3.590081176813580272e-02,3.111847240481284416e-02
-3.722423020166666596e+00,3.565459791565901010e-02,3.147850278153245529e-02
-3.719924749683333420e+00,3.541095879167908272e-02,3.187084979940262713e-02
-3.717426479199999800e+00,3.516985890710504215e-02,3.226319681727279898e-02
-3.714928208716666624e+00,3.493126337728385405e-02,3.265554383514297082e-02
-3.712429938233333448e+00,3.469513790979001505e-02,3.304789085301342022e-02
-3.709931667749999828e+00,3.446144879250806481e-02,3.344023787088359206e-02
-3.707433397266666653e+00,3.423016288198239138e-02,3.383258488875404840e-02
-3.704935126783333477e+00,3.400124759204652819e-02,3.422493190662422025e-02
-3.702436856299999857e+00,3.377467088270373619e-02,3.461727892449439209e-02
-3.699938585816666681e+00,3.355040124927418516e-02,3.500962594236456393e-02
-3.697440315333333505e+00,3.332840771178017386e-02,3.540197296023501333e-02
-3.694942044849999885e+00,3.310865980458453650e-02,3.569879244291367104e-02
-3.692443774366666709e+00,3.289112756625431344e-02,3.599561192559253692e-02
-3.689945503883333533e+00,3.267578152966514604e-02,3.629243140827118769e-02
-3.687447233399999913e+00,3.246259271231990290e-02,3.658925089094984540e-02
-3.684948962916666737e+00,3.225153260689495732e-02,3.688607037362849617e-02
-3.682450692433333561e+00,3.204257317199077360e-02,3.718288985630736204e-02
-3.679952421949999941e+00,3.183568682309818182e-02,3.747970933898601975e-02
-3.677454151466666765e+00,3.163084642375860872e-02,3.777652882166488563e-02
-3.674955880983333145e+00,3.142802527693009523e-02,3.807334830434353640e-02
-3.672457610499999969e+00,3.122719711653640026e-02,3.837016778702219411e-02
-3.669959340016666793e+00,3.102833609921245087e-02,3.848472877868849146e-02
-3.667461069533333173e+00,3.083141679622348683e-02,3.859928977035487901e-02
-3.664962799049999997e+00,3.063641418557154494e-02,3.871385076202117637e-02
-3.662464528566666822e+00,3.044330364426565960e-02,3.882841175368755698e-02
-3.659966258083333202e+00,3.025206094077161068e-02,3.894297274535385434e-02
-3.657467987600000026e+00,3.006266222761642265e-02,3.905753373702015863e-02
-3.654969717116666850e+00,2.987508403416434463e-02,3.917209472868645598e-02
-3.652471446633333230e+00,2.968930325953963653e-02,3.928665572035283660e-02
-3.649973176150000054e+00,2.950529716571253375e-02,3.940121671201914089e-02
-3.647474905666666878e+00,2.932304337072479117e-02,3.951577770368552150e-02
-3.644976635183333258e+00,2.914251984207089780e-02,3.941218679825657378e-02
-3.642478364700000082e+00,2.896370489021194219e-02,3.930859589282762606e-02
-3.639980094216666462e+00,2.878657716223765109e-02,3.920500498739860895e-02
-3.637481823733333286e+00,2.861111563565443480e-02,3.910141408196966123e-02
-3.634983553250000110e+00,2.843729961231532266e-02,3.899782317654071351e-02
-3.632485282766666490e+00,2.826510871246875820e-02,3.889423227111168946e-02
-3.629987012283333314e+00,2.809452286894399339e-02,3.879064136568274174e-02
-3.627488741800000138e+00,2.792552232144829630e-02,3.868705046025379402e-02
-3.624990471316666518e+00,2.775808761099509900e-02,3.858345955482477690e-02
-3.622492200833333342e+00,2.759219957443846682e-02,3.847986864939582918e-02
-3.619993930350000166e+00,2.742783933913241212e-02,3.817238825171424821e-02
-3.617495659866666546e+00,2.726498831769143608e-02,3.786490785403244519e-02
-3.614997389383333370e+00,2.710362820287052707e-02,3.755742745635086421e-02
-3.612499118900000195e+00,2.694374096254081863e-02,3.724994705866928324e-02
-3.610000848416666575e+00,2.678530883477982585e-02,3.694246666098748022e-02
-3.607502577933333399e+00,2.662831432305272708e-02,3.663498626330589925e-02
-3.605004307450000223e+00,2.647274019150307189e-02,3.632750586562431827e-02
-3.602506036966666603e+00,2.631856946033005878e-02,3.602002546794251525e-02
-3.600007766483333427e+00,2.616578540127022234e-02,3.571254507026093428e-02
-3.597509495999999807e+00,2.601437153316170717e-02,3.540506467257935330e-02
-3.595011225516666631e+00,2.586431161760884001e-02,3.494879763738298339e-02
-3.592512955033333455e+00,2.571558965472448693e-02,3.449253060218693268e-02
-3.590014684549999835e+00,2.556818987896885068e-02,3.403626356699056277e-02
-3.587516414066666659e+00,2.542209675506191396e-02,3.357999653179451899e-02
-3.585018143583333483e+00,2.527729497398918668e-02,3.312372949659847521e-02
-3.582519873099999863e+00,2.513376944907619662e-02,3.266746246140242449e-02
-3.580021602616666687e+00,2.499150531215281815e-02,3.221119542620605458e-02
-3.577523332133333511e+00,2.485048790978352379e-02,3.175492839101000386e-02
-3.575025061649999891e+00,2.471070279958359484e-02,3.129866135581363396e-02
-3.572526791166666715e+00,2.457213574659712282e-02,3.084239432061759018e-02
-3.570028520683333539e+00,2.443477271975810425e-02,3.031786944650651308e-02
-3.567530250199999919e+00,2.429859988841077262e-02,2.979334457239543599e-02
-3.565031979716666743e+00,2.416360361890881533e-02,2.926881969828398419e-02
-3.562533709233333568e+00,2.402977047127113908e-02,2.874429482417290710e-02
-3.560035438749999948e+00,2.389708719591350505e-02,2.821976995006145530e-02
-3.557537168266666772e+00,2.376554073043372212e-02,2.769524507595037821e-02
-3.555038897783333152e+00,2.363511819647001397e-02,2.717072020183929765e-02
-3.552540627299999976e+00,2.350580689660987377e-02,2.664619532772822055e-02
-3.550042356816666800e+00,2.337759431136955668e-02,2.612167045361676876e-02
-3.547544086333333180e+00,2.325046809622119057e-02,2.559714557950569166e-02
-3.545045815850000004e+00,2.312441607868838053e-02,2.509174533109959776e-02
-3.542547545366666828e+00,2.299942625548622235e-02,2.458634508269386121e-02
-3.540049274883333208e+00,2.287548678972781482e-02,2.408094483428812813e-02
-3.537551004400000032e+00,2.275258600817272117e-02,2.357554458588239157e-02
-3.535052733916666856e+00,2.263071239853937586e-02,2.307014433747629767e-02
-3.532554463433333236e+00,2.250985460685751144e-02,2.256474408907056459e-02
-3.530056192950000060e+00,2.239000143488180730e-02,2.205934384066447068e-02
-3.527557922466666884e+00,2.227114183754350107e-02,2.155394359225873413e-02
-3.525059651983333264e+00,2.215326492046161902e-02,2.104854334385299758e-02
-3.522561381500000088e+00,2.203635993748946295e-02,2.054314309544726450e-02
-3.520063111016666468e+00,2.192041628831850608e-02,2.013258265651249670e-02
-3.517564840533333292e+00,2.180542351611644905e-02,1.972202221757802035e-02
-3.515066570050000117e+00,2.169137130522014525e-02,1.931146177864325603e-02
-3.512568299566666497e+00,2.157824947886062203e-02,1.890090133970877967e-02
-3.510070029083333321e+00,2.146604799694163887e-02,1.849034090077430331e-02
-3.507571758600000145e+00,2.135475695384802738e-02,1.807978046183982695e-02
-3.505073488116666525e+00,2.124436657630652397e-02,1.766922002290505916e-02
-3.502575217633333349e+00,2.113486722127370238e-02,1.725865958397058628e-02
-3.500076947150000173e+00,2.102624937387517767e-02,1.684809914503581849e-02
-3.497578676666666553e+00,2.091850364537102547e-02,1.643753870610134213e-02
-3.495080406183333377e+00,2.081162077116940554e-02,1.617069301772584497e-02
-3.492582135700000201e+00,2.070559160886586980e-02,1.590384732935034781e-02
-3.490083865216666581e+00,2.060040713632901865e-02,1.563700164097465983e-02
-3.487585594733333405e+00,2.049605844981043645e-02,1.537015595259916441e-02
-3.485087324250000229e+00,2.039253676209971250e-02,1.510331026422347643e-02
-3.482589053766666609e+00,2.028983340070164565e-02,1.483646457584797927e-02
-3.480090783283333433e+00,2.018793980605762886e-02,1.456961888747248211e-02
-3.477592512799999813e+00,2.008684752978804472e-02,1.430277319909679587e-02
-3.475094242316666637e+00,1.998654823297730740e-02,1.403592751072129871e-02
-3.472595971833333461e+00,1.988703368447828843e-02,1.376908182234580155e-02
-3.470097701349999841e+00,1.978829575925856316e-02,1.365911613637761472e-02
-3.467599430866666665e+00,1.969032643676470185e-02,1.354915045040950596e-02
-3.465101160383333490e+00,1.959311779932718448e-02,1.343918476444139719e-02
-3.462602889899999870e+00,1.949666203058180239e-02,1.332921907847321036e-02
-3.460104619416666694e+00,1.940095141393103143e-02,1.321925339250510159e-02
-3.457606348933333518e+00,1.930597833102062552e-02,1.310928770653699109e-02
-3.455108078449999898e+00,1.921173526025510975e-02,1.299932202056880426e-02
-3.452609807966666722e+00,1.911821477532696031e-02,1.288935633460069549e-02
-3.450111537483333546e+00,1.902540954378402482e-02,1.277939064863258672e-02
-3.447613266999999926e+00,1.893331232560998070e-02,1.266942496266439989e-02
-3.445114996516666750e+00,1.884191597184121589e-02,1.269317506039869571e-02
-3.442616726033333130e+00,1.875121342319628279e-02,1.271692515813300887e-02
-3.440118455549999954e+00,1.866119770874059836e-02,1.274067525586730469e-02
-3.437620185066666778e+00,1.857186194456258294e-02,1.276442535360160051e-02
-3.435121914583333158e+00,1.848319933248514582e-02,1.278817545133589632e-02
-3.432623644099999982e+00,1.839520315878611853e-02,1.281192554907020949e-02
-3.430125373616666806e+00,1.830786679295430541e-02,1.283567564680450530e-02
-3.427627103133333186e+00,1.822118368645339256e-02,1.285942574453881847e-02
-3.425128832650000010e+00,1.813514737152021467e-02,1.288317584227311428e-02
-3.422630562166666834e+00,1.804975145997077257e-02,1.290692594000741010e-02
-3.420132291683333214e+00,1.796498964203871104e-02,1.301279733593051213e-02
-3.417634021200000038e+00,1.788085568522232438e-02,1.311866873185368876e-02
-3.415135750716666863e+00,1.779734343316191972e-02,1.322454012777679253e-02
-3.412637480233333243e+00,1.771444680452455289e-02,1.333041152369996915e-02
-3.410139209750000067e+00,1.763215979192070751e-02,1.343628291962307118e-02
-3.407640939266666891e+00,1.755047646082536980e-02,1.354215431554617322e-02
-3.405142668783333271e+00,1.746939094853095301e-02,1.364802571146927525e-02
-3.402644398300000095e+00,1.738889746310405895e-02,1.375389710739245361e-02
-3.400146127816666475e+00,1.730899028237369019e-02,1.385976850331555564e-02
-3.397647857333333299e+00,1.722966375292234523e-02,1.396563989923873227e-02
-3.395149586850000123e+00,1.715091228910772467e-02,1.408828438252213502e-02
-3.392651316366666503e+00,1.707273037208694583e-02,1.421092886580553778e-02
-3.390153045883333327e+00,1.699511254887034126e-02,1.433357334908893881e-02
-3.387654775400000151e+00,1.691805343137847695e-02,1.445621783237243003e-02
-3.385156504916666531e+00,1.684154769552625303e-02,1.457886231565583106e-02
-3.382658234433333355e+00,1.676559008031030043e-02,1.470150679893932055e-02
-3.380159963950000179e+00,1.669017538692421643e-02,1.482415128222272331e-02
-3.377661693466666559e+00,1.661529847787487565e-02,1.494679576550612607e-02
-3.375163422983333383e+00,1.654095427612648980e-02,1.506944024878952883e-02
-3.372665152500000207e+00,1.646713776424536466e-02,1.519208473207301832e-02
-3.370166882016666587e+00,1.639384398357179862e-02,1.527033100996299554e-02
-3.367668611533333412e+00,1.632106803339286247e-02,1.534857728785303001e-02
-3.365170341050000236e+00,1.624880507014028405e-02,1.542682356574300723e-02
-3.362672070566666616e+00,1.617705030658998788e-02,1.550506984363298618e-02
-3.360173800083333440e+00,1.610579901108581680e-02,1.558331612152296340e-02
-3.357675529599999820e+00,1.603504650676433260e-02,1.566156239941299613e-02
-3.355177259116666644e+00,1.596478817080406593e-02,1.573980867730297509e-02
-3.352678988633333468e+00,1.589501943367396114e-02,1.581805495519300955e-02
-3.350180718149999848e+00,1.582573577840707540e-02,1.589630123308298504e-02
-3.347682447666666672e+00,1.575693273987275461e-02,1.597454751097296399e-02
-3.345184177183333496e+00,1.568860590407341465e-02,1.596807538676099994e-02
-3.342685906699999876e+00,1.562075090743930000e-02,1.596160326254903242e-02
-3.340187636216666700e+00,1.555336343614764812e-02,1.595513113833706836e-02
-3.337689365733333524e+00,1.548643922543974441e-02,1.594865901412510084e-02
-3.335191095249999904e+00,1.541997405896108377e-02,1.594218688991314026e-02
-3.332692824766666728e+00,1.535396376809981464e-02,1.593571476570117620e-02
-3.330194554283333552e+00,1.528840423134822726e-02,1.592924264148921215e-02
-3.327696283799999932e+00,1.522329137366044971e-02,1.592277051727724463e-02
-3.325198013316666756e+00,1.515862116583492625e-02,1.591629839306528058e-02
-3.322699742833333136e+00,1.509438962389178691e-02,1.590982626885331305e-02
-3.320201472349999960e+00,1.503059280847388740e-02,1.581022222110197578e-02
-3.317703201866666785e+00,1.496722682424382438e-02,1.571061817335063851e-02
-3.315204931383333165e+00,1.490428781930362538e-02,1.561101412559923185e-02
-3.312706660899999989e+00,1.484177198460984864e-02,1.551141007784789631e-02
-3.310208390416666813e+00,1.477967555341147717e-02,1.541180603009655904e-02
-3.307710119933333193e+00,1.471799480068265026e-02,1.531220198234515238e-02
-3.305211849450000017e+00,1.465672604257757701e-02,1.521259793459381511e-02
-3.302713578966666841e+00,1.459586563588099149e-02,1.511299388684247957e-02
-3.300215308483333221e+00,1.453540997747946630e-02,1.501338983909107291e-02
-3.297717038000000045e+00,1.447535550382843435e-02,1.491378579133973564e-02
-3.295218767516666869e+00,1.441569869043975854e-02,1.474690576949629767e-02
-3.292720497033333249e+00,1.435643605136427067e-02,1.458002574765274000e-02
-3.290222226550000073e+00,1.429756413869563182e-02,1.441314572580930028e-02
-3.287723956066666897e+00,1.423907954206795126e-02,1.424626570396586231e-02
-3.285225685583333277e+00,1.418097888817445619e-02,1.407938568212230464e-02
-3.282727415100000101e+00,1.412325884028071271e-02,1.391250566027886493e-02
-3.280229144616666481e+00,1.406591609775707276e-02,1.374562563843530726e-02
-3.277730874133333305e+00,1.400894739560605042e-02,1.357874561659186928e-02
-3.275232603650000129e+00,1.395234950401078207e-02,1.341186559474842957e-02
-3.272734333166666509e+00,1.389611922787388314e-02,1.324498557290499159e-02
-3.270236062683333333e+00,1.384025340638027173e-02,1.306366924759862734e-02
-3.267737792200000158e+00,1.378474891255076877e-02,1.288235292229239146e-02
-3.265239521716666538e+00,1.372960265281616618e-02,1.270103659698602547e-02
-3.262741251233333362e+00,1.367481156658459547e-02,1.251972027167978958e-02
-3.260242980750000186e+00,1.362037262582858899e-02,1.233840394637355370e-02
-3.257744710266666566e+00,1.356628283466474252e-02,1.215708762106731781e-02
-3.255246439783333390e+00,1.351253922895278604e-02,1.197577129576095356e-02
-3.252748169300000214e+00,1.345913887588779702e-02,1.179445497045471594e-02
-3.250249898816666594e+00,1.340607887361066480e-02,1.161313864514835169e-02
-3.247751628333333418e+00,1.335335635081249042e-02,1.143182231984211580e-02
-3.245253357849999798e+00,1.330096846635626592e-02,1.130044962337124412e-02
-3.242755087366666622e+00,1.324891240889266263e-02,1.116907692690037243e-02
-3.240256816883333446e+00,1.319718539649278669e-02,1.103770423042940881e-02
-3.237758546399999826e+00,1.314578467627449190e-02,1.090633153395853712e-02
-3.235260275916666650e+00,1.309470752404715346e-02,1.077495883748757176e-02
-3.232762005433333474e+00,1.304395124394711752e-02,1.064358614101670007e-02
-3.230263734949999854e+00,1.299351316809349739e-02,1.051221344454582839e-02
-3.227765464466666678e+00,1.294339065623418931e-02,1.038084074807495844e-02
-3.225267193983333502e+00,1.289358109541095983e-02,1.024946805160399307e-02
-3.222768923499999882e+00,1.284408189961579010e-02,1.011809535513312139e-02
-3.220270653016666706e+00,1.279489050946590323e-02,1.009269397547684494e-02
-3.217772382533333531e+00,1.274600439186929918e-02,1.006729259582058583e-02
-3.215274112049999911e+00,1.269742103970937855e-02,1.004189121616432673e-02
-3.212775841566666735e+00,1.264913797151982419e-02,1.001648983650806762e-02
-3.210277571083333559e+00,1.260115273117800444e-02,9.991088456851791172e-03
-3.207779300599999939e+00,1.255346288758911119e-02,9.965687077195532068e-03
-3.205281030116666763e+00,1.250606603438864789e-02,9.940285697539255616e-03
-3.202782759633333143e+00,1.245895978963469306e-02,9.914884317882996512e-03
-3.200284489149999967e+00,1.241214179551893525e-02,9.889482938226737407e-03
-3.197786218666666791e+00,1.236560971806765705e-02,9.864081558570478303e-03
-3.195287948183333171e+00,1.231936124686164834e-02,9.973174231575046914e-03
-3.192789677699999995e+00,1.227339409474381866e-02,1.008226690457953746e-02
-3.190291407216666819e+00,1.222770599754793158e-02,1.019135957758410607e-02
-3.187793136733333199e+00,1.218229471381487503e-02,1.030045225058859662e-02
-3.185294866250000023e+00,1.213715802452778464e-02,1.040954492359308717e-02
-3.182796595766666847e+00,1.209229373283627999e-02,1.051863759659757772e-02
-3.180298325283333227e+00,1.204769966380013317e-02,1.062773026960214633e-02
-3.177800054800000051e+00,1.200337366411962335e-02,1.073682294260663687e-02
-3.175301784316666875e+00,1.195931360188679134e-02,1.084591561561120548e-02
-3.172803513833333255e+00,1.191551736632395948e-02,1.095500828861569603e-02
-3.170305243350000080e+00,1.187198286754029795e-02,1.118673186047002693e-02
-3.167806972866666460e+00,1.182870803627870254e-02,1.141845543232452090e-02
-3.165308702383333284e+00,1.178569082367876206e-02,1.165017900417885180e-02
-3.162810431900000108e+00,1.174292920103000085e-02,1.188190257603318097e-02
-3.160312161416666488e+00,1.170042115954192039e-02,1.211362614788767667e-02
-3.157813890933333312e+00,1.165816471010324741e-02,1.234534971974200757e-02
-3.155315620450000136e+00,1.161615788305948860e-02,1.257707329159633673e-02
-3.152817349966666516e+00,1.157439872797704807e-02,1.280879686345083243e-02
-3.150319079483333340e+00,1.153288531342773482e-02,1.304052043530516333e-02
-3.147820809000000164e+00,1.149161572675964395e-02,1.327224400715949250e-02
-3.145322538516666544e+00,1.145058807388616047e-02,1.357224270581937342e-02
-3.142824268033333368e+00,1.140980047906368575e-02,1.387224140447904271e-02
-3.140325997550000192e+00,1.136925108468701297e-02,1.417224010313871026e-02
-3.137827727066666572e+00,1.132893805107185355e-02,1.447223880179859118e-02
-3.135329456583333396e+00,1.128885955625584178e-02,1.477223750045825873e-02
-3.132831186100000220e+00,1.124901379578777810e-02,1.507223619911792802e-02
-3.130332915616666600e+00,1.120939898253277799e-02,1.537223489777780894e-02
-3.127834645133333424e+00,1.117001334646765091e-02,1.567223359643747649e-02
-3.125336374649999804e+00,1.113085513449144082e-02,1.597223229509714404e-02
-3.122838104166666628e+00,1.109192261022556684e-02,1.627223099375702670e-02
-3.120339833683333453e+00,1.105321405383014564e-02,1.655443149837603628e-02
-3.117841563199999833e+00,1.101472776180837179e-02,1.683663200299524362e-02
-3.115343292716666657e+00,1.097646204682881273e-02,1.711883250761424974e-02
-3.112845022233333481e+00,1.093841523753426824e-02,1.740103301223325932e-02
-3.110346751749999861e+00,1.090058567836865548e-02,1.768323351685226891e-02
-3.107848481266666685e+00,1.086297172939123569e-02,1.796543402147147625e-02
-3.105350210783333509e+00,1.082557176610772151e-02,1.824763452609048237e-02
-3.102851940299999889e+00,1.078838417928917708e-02,1.852983503070969318e-02
-3.100353669816666713e+00,1.075140737480834163e-02,1.881203553532869929e-02
-3.097855399333333537e+00,1.071463977346243102e-02,1.909423603994770888e-02
-3.095357128849999917e+00,1.067807981081376340e-02,1.926319364739492376e-02
-3.092858858366666741e+00,1.064172593701744572e-02,1.943215125484226008e-02
-3.090360587883333565e+00,1.060557661666604139e-02,1.960110886228947497e-02
-3.087862317399999945e+00,1.056963032862146511e-02,1.977006646973680781e-02
-3.085364046916666769e+00,1.053388556586418515e-02,1.993902407718402270e-02
-3.082865776433333149e+00,1.049834083532877327e-02,2.010798168463123758e-02
-3.080367505949999973e+00,1.046299465775724427e-02,2.027693929207845594e-02
-3.077869235466666797e+00,1.042784556753883866e-02,2.044589689952578879e-02
-3.075370964983333177e+00,1.039289211256743360e-02,2.061485450697300367e-02
-3.072872694500000001e+00,1.035813285408470133e-02,2.078381211442033999e-02
-3.070374424016666826e+00,1.032356636654152386e-02,2.076359277204771134e-02
-3.067876153533333206e+00,1.028919123744563222e-02,2.074337342967508269e-02
-3.065377883050000030e+00,1.025500606722556420e-02,2.072315408730245404e-02
-3.062879612566666854e+00,1.022100946908237329e-02,2.070293474492981151e-02
-3.060381342083333234e+00,1.018720006885824071e-02,2.068271540255718632e-02
-3.057883071600000058e+00,1.015357650489019312e-02,2.066249606018454379e-02
-3.055384801116666882e+00,1.012013742788272705e-02,2.064227671781191514e-02
-3.052886530633333262e+00,1.008688150076593633e-02,2.062205737543928649e-02
-3.050388260150000086e+00,1.005380739857019909e-02,2.060183803306665784e-02
-3.047889989666666466e+00,1.002091380828819787e-02,2.058161869069401531e-02
-3.045391719183333290e+00,9.988199428753353690e-03,2.034315746754075671e-02
-3.042893448700000114e+00,9.955662970504406545e-03,2.010469624438733158e-02
-3.040395178216666494e+00,9.923303155667471606e-03,1.986623502123407298e-02
-3.037896907733333318e+00,9.891118717823563569e-03,1.962777379808081785e-02
-3.035398637250000142e+00,9.859108401894080623e-03,1.938931257492755925e-02
-3.032900366766666522e+00,9.827270964011206728e-03,1.915085135177413411e-02
-3.030402096283333346e+00,9.795605171406327263e-03,1.891239012862087898e-02
-3.027903825800000170e+00,9.764109802283942388e-03,1.867392890546745038e-02
-3.025405555316666550e+00,9.732783645712159148e-03,1.843546768231419525e-02
-3.022907284833333375e+00,9.701625501499985815e-03,1.819700645916093665e-02
-3.020409014350000199e+00,9.670634180091288237e-03,1.777461062001108386e-02
-3.017910743866666579e+00,9.639808502444112068e-03,1.735221478086092922e-02
-3.015412473383333403e+00,9.609147299927208244e-03,1.692981894171107643e-02
-3.012914202900000227e+00,9.578649414203138646e-03,1.650742310256092527e-02
-3.010415932416666607e+00,9.548313697126654259e-03,1.608502726341107247e-02
-3.007917661933333431e+00,9.518139010630741192e-03,1.566263142426121968e-02
-3.005419391449999811e+00,9.488124226627757049e-03,1.524023558511106505e-02
-3.002921120966666635e+00,9.458268226898028722e-03,1.481783974596121226e-02
-3.000422850483333459e+00,9.428569902993389623e-03,1.439544390681135946e-02
-2.997924579999999839e+00,9.399028156128053438e-03,1.397304806766120656e-02
-2.995426309516666663e+00,9.369641897085626003e-03,1.346193449347178085e-02
-2.992928039033333487e+00,9.340410046111569803e-03,1.295082091928235341e-02
-2.990429768549999867e+00,9.311331532822680890e-03,1.243970734509256514e-02
-2.987931498066666691e+00,9.282405296102460776e-03,1.192859377090313769e-02
-2.985433227583333515e+00,9.253630284012465124e-03,1.141748019671371198e-02
-2.982934957099999895e+00,9.225005453689963733e-03,1.090636662252392197e-02
-2.980436686616666719e+00,9.196529771262245204e-03,1.039525304833449626e-02
-2.977938416133333543e+00,9.168202211745883276e-03,9.884139474145070547e-03
-2.975440145649999923e+00,9.140021758963241122e-03,9.373025899955280543e-03
-2.972941875166666748e+00,9.111987405444540999e-03,8.861912325765854831e-03
-2.970443604683333128e+00,9.084098152346051225e-03,8.392476399329183712e-03
-2.967945334199999952e+00,9.056353009354234027e-03,7.923040472892847394e-03
-2.965447063716666776e+00,9.028750994606456540e-03,7.453604546456509342e-03
-2.962948793233333156e+00,9.001291134597088489e-03,6.984168620020173024e-03
-2.960450522749999980e+00,8.973972464099869845e-03,6.514732693583501905e-03
-2.957952252266666804e+00,8.946794026076334769e-03,6.045296767147164720e-03
-2.955453981783333184e+00,8.919754871600574925e-03,5.575860840710494468e-03
-2.952955711300000008e+00,8.892854059768981814e-03,5.106424914274156415e-03
-2.950457440816666832e+00,8.866090657627147265e-03,4.636988987837819230e-03
-2.947959170333333212e+00,8.839463740081954582e-03,4.167553061401482913e-03
-2.945460899850000036e+00,8.812972389829705488e-03,3.857723153150023881e-03
-2.942962629366666860e+00,8.786615697270282535e-03,3.547893244898785159e-03
-2.940464358883333240e+00,8.760392760437741080e-03,3.238063336647326127e-03
-2.937966088400000064e+00,8.734302684915500395e-03,2.928233428396087405e-03
-2.935467817916666888e+00,8.708344583768835162e-03,2.618403520144849117e-03
-2.932969547433333268e+00,8.682517577462483052e-03,2.308573611893609961e-03
-2.930471276950000092e+00,8.656820793794055627e-03,1.998743703642151363e-03
-2.927973006466666472e+00,8.631253367813750133e-03,1.688913795390912641e-03
-2.925474735983333296e+00,8.605814441759753602e-03,1.379083887139453610e-03
-2.922976465500000121e+00,8.580503164979198447e-03,1.069253978888214888e-03
-2.920478195016666501e+00,8.555318693865301277e-03,9.623285809994162540e-04
-2.917979924533333325e+00,8.530260191779879750e-03,8.554031831106175118e-04
-2.915481654050000149e+00,8.505326828992586935e-03,7.484777852217428754e-04
-2.912983383566666529e+00,8.480517782604493279e-03,6.415523873329441332e-04
-2.910485113083333353e+00,8.455832236489093864e-03,5.346269894440693884e-04
-2.907986842600000177e+00,8.431269381217649378e-03,4.277015915552707546e-04
-2.905488572116666557e+00,8.406828414001012162e-03,3.207761936664720124e-04
-2.902990301633333381e+00,8.382508538617265692e-03,2.138507957776733786e-04
-2.900492031150000205e+00,8.358308965354995651e-03,1.069253978887986338e-04
-2.897993760666666585e+00,8.334228910941845342e-03,0.000000000000000000e+00
-2.895495490183333409e+00,8.310267598489540566e-03,0.000000000000000000e+00
-2.892997219700000233e+00,8.286424257424040984e-03,0.000000000000000000e+00
-2.890498949216666613e+00,8.262698123431827871e-03,0.000000000000000000e+00
-2.888000678733333437e+00,8.239088438391262842e-03,0.000000000000000000e+00
-2.885502408249999817e+00,8.215594450320631154e-03,0.000000000000000000e+00
-2.883004137766666641e+00,8.192215413310883002e-03,0.000000000000000000e+00
-2.880505867283333465e+00,8.168950587474530303e-03,0.000000000000000000e+00
-2.878007596799999845e+00,8.145799238879836493e-03,0.000000000000000000e+00
-2.875509326316666669e+00,8.122760639501479252e-03,0.000000000000000000e+00
-2.873011055833333494e+00,8.099834067155911241e-03,0.000000000000000000e+00
-2.870512785349999874e+00,8.077018805452832947e-03,0.000000000000000000e+00
-2.868014514866666698e+00,8.054314143732218753e-03,0.000000000000000000e+00
-2.865516244383333522e+00,8.031719377016972861e-03,0.000000000000000000e+00
-2.863017973899999902e+00,8.009233805950990992e-03,0.000000000000000000e+00
-2.860519703416666726e+00,7.986856736753552774e-03,0.000000000000000000e+00
-2.858021432933333550e+00,7.964587481157874363e-03,0.000000000000000000e+00
-2.855523162449999930e+00,7.942425356366952793e-03,0.000000000000000000e+00
-2.853024891966666754e+00,7.920369684993848122e-03,0.000000000000000000e+00
-2.850526621483333134e+00,7.898419795017774109e-03,0.000000000000000000e+00
-2.848028350999999958e+00,7.876575019725939875e-03,0.000000000000000000e+00
-2.845530080516666782e+00,7.854834697670967647e-03,0.000000000000000000e+00
-2.843031810033333162e+00,7.833198172613749233e-03,0.000000000000000000e+00
-2.840533539549999986e+00,7.811664793481499537e-03,0.000000000000000000e+00
-2.838035269066666810e+00,7.790233914312006888e-03,0.000000000000000000e+00
-2.835536998583333190e+00,7.768904894213206173e-03,0.000000000000000000e+00
-2.833038728100000014e+00,7.747677097307923560e-03,0.000000000000000000e+00
-2.830540457616666838e+00,7.726549892694591949e-03,0.000000000000000000e+00
-2.828042187133333218e+00,7.705522654392990556e-03,0.000000000000000000e+00
-2.825543916650000043e+00,7.684594761306224112e-03,0.000000000000000000e+00
-2.823045646166666867e+00,7.663765597167069600e-03,0.000000000000000000e+00
-2.820547375683333247e+00,7.643034550501545329e-03,5.405580950274668496e-05
-2.818049105200000071e+00,7.622401014575790230e-03,1.081116190054549350e-04
-2.815550834716666895e+00,7.601864387360368451e-03,1.621674285081631782e-04
-2.813052564233333275e+00,7.581424071478735927e-03,2.162232380109098699e-04
-2.810554293750000099e+00,7.561079474172112229e-03,2.702790475136180996e-04
-2.808056023266666479e+00,7.540830007248860468e-03,3.243348570163647913e-04
-2.805557752783333303e+00,7.520675087050596869e-03,3.783906665190730481e-04
-2.803059482300000127e+00,7.500614134402013022e-03,4.324464760217813048e-04
-2.800561211816666507e+00,7.480646574578128649e-03,4.865022855244895616e-04
-2.798062941333333331e+00,7.460771837255093103e-03,5.405580950272361991e-04
-2.795564670850000155e+00,7.440989356478205745e-03,7.685101797669398587e-04
-2.793066400366666535e+00,7.421298570613485066e-03,9.964622645068058233e-04
-2.790568129883333359e+00,7.401698922316798414e-03,1.224414349246509374e-03
-2.788069859400000183e+00,7.382189858486170111e-03,1.452366433986213142e-03
-2.785571588916666563e+00,7.362770830231439405e-03,1.680318518725916910e-03
-2.783073318433333387e+00,7.343441292827707426e-03,1.908270603465782658e-03
-2.780575047950000211e+00,7.324200705686152203e-03,2.136222688205486209e-03
-2.778076777466666591e+00,7.305048532307689864e-03,2.364174772945352391e-03
-2.775578506983333416e+00,7.285984240254297049e-03,2.592126857685055942e-03
-2.773080236499999796e+00,7.267007301104560363e-03,2.820078942424759493e-03
-2.770581966016666620e+00,7.248117190425031747e-03,3.197863541815131831e-03
-2.768083695533333444e+00,7.229313387726534271e-03,3.575648141205772616e-03
-2.765585425049999824e+00,7.210595376436450786e-03,3.953432740596144954e-03
-2.763087154566666648e+00,7.191962643855916160e-03,4.331217339986786173e-03
-2.760588884083333472e+00,7.173414681132538745e-03,4.709001939377158510e-03
-2.758090613599999852e+00,7.154950983218238796e-03,5.086786538767530848e-03
-2.755592343116666676e+00,7.136571048843204194e-03,5.464571138157903185e-03
-2.753094072633333500e+00,7.118274380474050658e-03,5.842355737548544405e-03
-2.750595802149999880e+00,7.100060484288735901e-03,6.220140336938916742e-03
-2.748097531666666704e+00,7.081928870135073724e-03,6.597924936329557961e-03
-2.745599261183333528e+00,7.063879051506500792e-03,7.020006789333229497e-03
-2.743100990699999908e+00,7.045910545501336657e-03,7.442088642336901032e-03
-2.740602720216666732e+00,7.028022872799379733e-03,7.864170495340572567e-03
-2.738104449733333556e+00,7.010215557621578449e-03,8.286252348344545077e-03
-2.735606179249999936e+00,6.992488127706839723e-03,8.708334201348215745e-03
-2.733107908766666760e+00,6.974840114273341170e-03,9.130416054352188254e-03
-2.730609638283333140e+00,6.957271051995796672e-03,9.552497907355860657e-03
-2.728111367799999964e+00,6.939780478966179646e-03,9.974579760359531325e-03
-2.725613097316666789e+00,6.922367936673131002e-03,1.039666161336320199e-02
-2.723114826833333169e+00,6.905032969963071851e-03,1.081874346636717450e-02
-2.720616556349999993e+00,6.887775127018993908e-03,1.115906606349240798e-02
-2.718118285866666817e+00,6.870593959323306917e-03,1.149938866061788259e-02
-2.715620015383333197e+00,6.853489021637319475e-03,1.183971125774311607e-02
-2.713121744900000021e+00,6.836459871963941615e-03,1.218003385486834955e-02
-2.710623474416666845e+00,6.819506071528300128e-03,1.252035645199358303e-02
-2.708125203933333225e+00,6.802627184740980652e-03,1.286067904911905764e-02
-2.705626933450000049e+00,6.785822779178636924e-03,1.320100164624429112e-02
-2.703128662966666873e+00,6.769092425548386451e-03,1.354132424336976573e-02
-2.700630392483333253e+00,6.752435697669196060e-03,1.388164684049499921e-02
-2.698132122000000077e+00,6.735852172436105831e-03,1.422196943762023269e-02
-2.695633851516666457e+00,6.719341429802325009e-03,1.438250093779679627e-02
-2.693135581033333281e+00,6.702903052744511522e-03,1.454303243797324535e-02
-2.690637310550000105e+00,6.686536627245234787e-03,1.470356393814969617e-02
-2.688139040066666485e+00,6.670241742258137263e-03,1.486409543832625975e-02
-2.685640769583333309e+00,6.654017989691601159e-03,1.502462693850270883e-02
-2.683142499100000133e+00,6.637864964374401780e-03,1.518515843867915792e-02
-2.680644228616666513e+00,6.621782264039338672e-03,1.534568993885572150e-02
-2.678145958133333338e+00,6.605769489289948018e-03,1.550622143903217232e-02
-2.675647687650000162e+00,6.589826243584483330e-03,1.566675293920861967e-02
-2.673149417166666542e+00,6.573952133202875039e-03,1.582728443938518498e-02
-2.670651146683333366e+00,6.558146767231645344e-03,1.576719966496325023e-02
-2.668152876200000190e+00,6.542409757531029990e-03,1.570711489054131202e-02
-2.665654605716666570e+00,6.526740718720227055e-03,1.564703011611933564e-02
-2.663156335233333394e+00,6.511139268145161446e-03,1.558694534169739916e-02
-2.660658064750000218e+00,6.495605025864705125e-03,1.552686056727546442e-02
-2.658159794266666598e+00,6.480137614618097265e-03,1.546677579285348630e-02
-2.655661523783333422e+00,6.464736659811461984e-03,1.540669101843154983e-02
-2.653163253299999802e+00,6.449401789487158379e-03,1.534660624400961508e-02
-2.650664982816666626e+00,6.434132634309294718e-03,1.528652146958763697e-02
-2.648166712333333450e+00,6.418928827533422823e-03,1.522643669516570049e-02
-2.645668441849999830e+00,6.403790004993803464e-03,1.496976272370488178e-02
-2.643170171366666654e+00,6.388715805072554300e-03,1.471308875224424349e-02
-2.640671900883333478e+00,6.373705868687185895e-03,1.445641478078360694e-02
-2.638173630399999858e+00,6.358759839260808705e-03,1.419974080932297038e-02
-2.635675359916666682e+00,6.343877362709859913e-03,1.394306683786215167e-02
-2.633177089433333506e+00,6.329058087414409298e-03,1.368639286640151338e-02
-2.630678818949999886e+00,6.314301664206949452e-03,1.342971889494069468e-02
-2.628180548466666711e+00,6.299607746342246288e-03,1.317304492348005812e-02
-2.625682277983333535e+00,6.284975989487026973e-03,1.291637095201941983e-02
-2.623184007499999915e+00,6.270406051690588511e-03,1.265969698055878327e-02
-2.620685737016666739e+00,6.255897593373882862e-03,1.228359145165417755e-02
-2.618187466533333563e+00,6.241450277301441307e-03,1.190748592274983898e-02
-2.615689196049999943e+00,6.227063768570397992e-03,1.153138039384523326e-02
-2.613190925566666767e+00,6.212737734582831489e-03,1.115527486494089296e-02
-2.610692655083333147e+00,6.198471845035385952e-03,1.077916933603655439e-02
-2.608194384599999971e+00,6.184265771891357677e-03,1.040306380713221582e-02
-2.605696114116666795e+00,6.170119189371375303e-03,1.002695827822761010e-02
-2.603197843633333175e+00,6.156031773925858472e-03,9.650852749323271529e-03
-2.600699573149999999e+00,6.142003204225240931e-03,9.274747220418665811e-03
-2.598201302666666823e+00,6.128033161133559364e-03,8.898641691514327240e-03
-2.595703032183333203e+00,6.114121327699039918e-03,8.507563632666938908e-03
-2.593204761700000027e+00,6.100267389127183963e-03,8.116485573819550575e-03
-2.590706491216666851e+00,6.086471032772784902e-03,7.725407514971884687e-03
-2.588208220733333231e+00,6.072731948112772803e-03,7.334329456124496355e-03
-2.585709950250000055e+00,6.059049826738456719e-03,6.943251397276830467e-03
-2.583211679766666879e+00,6.045424362328898418e-03,6.552173338429442134e-03
-2.580713409283333259e+00,6.031855250643517255e-03,6.161095279582053802e-03
-2.578215138800000084e+00,6.018342189495788294e-03,5.770017220734665470e-03
-2.575716868316666464e+00,6.004884878746004177e-03,5.378939161886999581e-03
-2.573218597833333288e+00,5.991483020275414732e-03,4.987861103039611249e-03
-2.570720327350000112e+00,5.978136317979480634e-03,4.680481499163550996e-03
-2.568222056866666492e+00,5.964844477741808315e-03,4.373101895287710185e-03
-2.565723786383333316e+00,5.951607207428070631e-03,4.065722291411869374e-03
-2.563225515900000140e+00,5.938424216860456982e-03,3.758342687536027696e-03
-2.560727245416666520e+00,5.925295217811210602e-03,3.450963083659967876e-03
-2.558228974933333344e+00,5.912219923978063139e-03,3.143583479784126632e-03
-2.555730704450000168e+00,5.899198050977872559e-03,2.836203875908066812e-03
-2.553232433966666548e+00,5.886229316322022162e-03,2.528824272032225567e-03
-2.550734163483333372e+00,5.873313439410738496e-03,2.221444668156384323e-03
-2.548235893000000196e+00,5.860450141508546755e-03,1.914065064280543078e-03
-2.545737622516666576e+00,5.847639145738880127e-03,1.750000849972550713e-03
-2.543239352033333400e+00,5.834880177060018311e-03,1.585936635664675224e-03
-2.540741081550000224e+00,5.822172962259930182e-03,1.421872421356682858e-03
-2.538242811066666604e+00,5.809517229932142056e-03,1.257808207048807369e-03
-2.535744540583333428e+00,5.796912710470938576e-03,1.093743992740931446e-03
-2.533246270099999808e+00,5.784359136048146041e-03,9.296797784329392973e-04
-2.530747999616666633e+00,5.771856240607942112e-03,7.656155641250635916e-04
-2.528249729133333457e+00,5.759403759843598376e-03,6.015513498171881027e-04
-2.525751458649999837e+00,5.747001431193545125e-03,4.374871355091957369e-04
-2.523253188166666661e+00,5.734648993817620388e-03,2.734229212013200854e-04
-2.520754917683333485e+00,5.722346188593500742e-03,2.460806290811939044e-04
-2.518256647199999865e+00,5.710092758093427388e-03,2.187383369610482891e-04
-2.515758376716666689e+00,5.697888446580751456e-03,1.913960448409221082e-04
-2.513260106233333513e+00,5.685732999986882127e-03,1.640537527207959543e-04
-2.510761835749999893e+00,5.673626165907997600e-03,1.367114606006503120e-04
-2.508263565266666717e+00,5.661567693582267302e-03,1.093691684805241310e-04
-2.505765294783333541e+00,5.649557333887150062e-03,8.202687636039795007e-05
-2.503267024299999921e+00,5.637594839316416827e-03,5.468458424025233479e-05
-2.500768753816666745e+00,5.625679963977614495e-03,2.734229212012618095e-05
-2.498270483333333125e+00,5.613812463569814622e-03,1.442012715718902172e-17
-2.495772212849999949e+00,5.601992095380939340e-03,2.028048489114321081e-05
-2.493273942366666773e+00,5.590218618265634966e-03,4.056096978227200173e-05
-2.490775671883333153e+00,5.578491792643180784e-03,6.084145467340078587e-05
-2.488277401399999977e+00,5.566811380475419901e-03,8.112193956454400346e-05
-2.485779130916666801e+00,5.555177145264720076e-03,1.014024244556727876e-04
-2.483280860433333181e+00,5.543588852032343452e-03,1.216829093468160052e-04
-2.480782589950000006e+00,5.532046267316526218e-03,1.419633942379447758e-04
-2.478284319466666830e+00,5.520549159151046971e-03,1.622438791290735870e-04
-2.475786048983333210e+00,5.509097297063654183e-03,1.825243640202023712e-04
-2.473287778500000034e+00,5.497690452054576453e-03,2.028048489113455752e-04
-2.470789508016666858e+00,5.486328396595360236e-03,3.352825058353281658e-04
-2.468291237533333238e+00,5.475010904607550966e-03,4.677601627594049735e-04
-2.465792967050000062e+00,5.463737751461741551e-03,6.002378196833875641e-04
-2.463294696566666886e+00,5.452508713956385339e-03,7.327154766073702089e-04
-2.460796426083333266e+00,5.441323570316992063e-03,8.651931335313528537e-04
-2.458298155600000090e+00,5.430182100175390096e-03,9.976707904554296073e-04
-2.455799885116666470e+00,5.419084084568828730e-03,1.130148447379412252e-03
-2.453301614633333294e+00,5.408029305919429507e-03,1.262626104303489006e-03
-2.450803344150000118e+00,5.397017548033879175e-03,1.395103761227471650e-03
-2.448305073666666498e+00,5.386048596082683264e-03,1.527581418151454078e-03
-2.445806803183333322e+00,5.375122236600012558e-03,1.762697756762191242e-03
-2.443308532700000146e+00,5.364238257463340050e-03,1.997814095373095372e-03
-2.440810262216666526e+00,5.353396447893399301e-03,2.232930433983832536e-03
-2.438311991733333350e+00,5.342596598434053851e-03,2.468046772594737100e-03
-2.435813721250000174e+00,5.331838500952421241e-03,2.703163111205474263e-03
-2.433315450766666554e+00,5.321121948618636605e-03,2.938279449816211426e-03
-2.430817180283333379e+00,5.310446735906766864e-03,3.173395788426948156e-03
-2.428318909800000203e+00,5.299812658573939406e-03,3.408512127037852286e-03
-2.425820639316666583e+00,5.289219513662060321e-03,3.643628465648589450e-03
-2.423322368833333407e+00,5.278667099477086198e-03,3.878744804259494014e-03
-2.420824098350000231e+00,5.268155215590526394e-03,4.155555491009019914e-03
-2.418325827866666611e+00,5.257683662819179725e-03,4.432366177758546681e-03
-2.415827557383333435e+00,5.247252243226486687e-03,4.709176864508072581e-03
-2.413329286899999815e+00,5.236860760102864630e-03,4.985987551257795372e-03
-2.410831016416666639e+00,5.226509017967178802e-03,5.262798238007321272e-03
-2.408332745933333463e+00,5.216196822546631702e-03,5.539608924757044930e-03
-2.405834475449999843e+00,5.205923980779006074e-03,5.816419611506570830e-03
-2.403336204966666667e+00,5.195690300792806665e-03,6.093230298256096730e-03
-2.400837934483333491e+00,5.185495591908952442e-03,6.370040985005622630e-03
-2.398339663999999871e+00,5.175339664621700711e-03,6.646851671755346289e-03
-2.395841393516666695e+00,5.165222330600376631e-03,6.882895249827905744e-03
-2.393343123033333519e+00,5.155143402670100440e-03,7.118938827900633468e-03
-2.390844852549999899e+00,5.145102694814194383e-03,7.354982405973193790e-03
-2.388346582066666723e+00,5.135100022154577733e-03,7.591025984045753246e-03
-2.385848311583333548e+00,5.125135200954588320e-03,7.827069562118312701e-03
-2.383350041099999927e+00,5.115208048599605671e-03,8.063113140191041292e-03
-2.380851770616666752e+00,5.105318383599738961e-03,8.299156718263599880e-03
-2.378353500133333132e+00,5.095466025570691282e-03,8.535200296336328471e-03
-2.375855229649999956e+00,5.085650795236694791e-03,8.771243874408887059e-03
-2.373356959166666780e+00,5.075872514411336814e-03,9.007287452481447382e-03
-2.370858688683333160e+00,5.066131006000905261e-03,9.129408293976131947e-03
-2.368360418199999984e+00,5.056426093985042988e-03,9.251529135470728041e-03
-2.365862147716666808e+00,5.046757603420388115e-03,9.373649976965325870e-03
-2.363363877233333188e+00,5.037125360421389718e-03,9.495770818460010435e-03
-2.360865606750000012e+00,5.027529192163896973e-03,9.617891659954608263e-03
-2.358367336266666836e+00,5.017968926866449297e-03,9.740012501449204357e-03
-2.355869065783333216e+00,5.008444393793689414e-03,9.862133342943888922e-03
-2.353370795300000040e+00,4.998955423237683854e-03,9.984254184438486751e-03
-2.350872524816666864e+00,4.989501846521988276e-03,1.010637502593308285e-02
-2.348374254333333244e+00,4.980083495982536024e-03,1.022849586742776741e-02
-2.345875983850000068e+00,4.970700204972025235e-03,1.019787856254208459e-02
-2.343377713366666892e+00,4.961351807841117914e-03,1.016726125765640351e-02
-2.340879442883333272e+00,4.952038139942709950e-03,1.013664395277069988e-02
-2.338381172400000096e+00,4.942759037613379987e-03,1.010602664788501706e-02
-2.335882901916666476e+00,4.933514338177647299e-03,1.007540934299931343e-02
-2.333384631433333301e+00,4.924303879929517805e-03,1.004479203811363235e-02
-2.330886360950000125e+00,4.915127502137297925e-03,1.001417473322794953e-02
-2.328388090466666505e+00,4.905985045024746811e-03,9.983557428342268447e-03
-2.325889819983333329e+00,4.896876349775961326e-03,9.952940123456564814e-03
-2.323391549500000153e+00,4.887801258517144969e-03,9.922322818570881997e-03
-2.320893279016666533e+00,4.878759614321273412e-03,9.747812918102009144e-03
-2.318395008533333357e+00,4.869751261190058585e-03,9.573303017633259457e-03
-2.315896738050000181e+00,4.860776044058589054e-03,9.398793117164511504e-03
-2.313398467566666561e+00,4.851833808777416407e-03,9.224283216695761817e-03
-2.310900197083333385e+00,4.842924402117798448e-03,9.049773316226888964e-03
-2.308401926600000209e+00,4.834047671752888728e-03,8.875263415758139277e-03
-2.305903656116666589e+00,4.825203466264115122e-03,8.700753515289266424e-03
-2.303405385633333413e+00,4.816391635122197618e-03,8.526243614820516736e-03
-2.300907115149999793e+00,4.807612028693030760e-03,8.351733714351768784e-03
-2.298408844666666617e+00,4.798864498219518500e-03,8.177223813883019096e-03
-2.295910574183333441e+00,4.790148895827312653e-03,7.913260270693263029e-03
-2.293412303699999821e+00,4.781465074506527184e-03,7.649296727503693445e-03
-2.290914033216666645e+00,4.772812888117976271e-03,7.385333184313937378e-03
-2.288415762733333469e+00,4.764192191374890320e-03,7.121369641124368662e-03
-2.285917492249999849e+00,4.755602839848907699e-03,6.857406097934799077e-03
-2.283419221766666674e+00,4.747044689952310305e-03,6.593442554745230361e-03
-2.280920951283333498e+00,4.738517598943998814e-03,6.329479011555474294e-03
-2.278422680799999878e+00,4.730021424911555646e-03,6.065515468365905577e-03
-2.275924410316666702e+00,4.721556026777672978e-03,5.801551925176149510e-03
-2.273426139833333526e+00,4.713121264282182747e-03,5.537588381986579926e-03
-2.270927869349999906e+00,4.704716997988573138e-03,5.266414642785063535e-03
-2.268429598866666730e+00,4.696343089265971743e-03,4.995240903583546277e-03
-2.265931328383333554e+00,4.687999400296025479e-03,4.724067164381836464e-03
-2.263433057899999934e+00,4.679685794054918441e-03,4.452893425180320074e-03
-2.260934787416666758e+00,4.671402134320000281e-03,4.181719685978610261e-03
-2.258436516933333138e+00,4.663148285652255094e-03,3.910545946777093870e-03
-2.255938246449999962e+00,4.654924113403220362e-03,3.639372207575577046e-03
-2.253439975966666786e+00,4.646729483696709039e-03,3.368198468374060221e-03
-2.250941705483333166e+00,4.638564263436601928e-03,3.097024729172350842e-03
-2.248443434999999990e+00,4.630428320288571507e-03,2.825850989970834018e-03
-2.245945164516666814e+00,4.622321522687537765e-03,2.627384872738260969e-03
-2.243446894033333194e+00,4.614243739819884685e-03,2.428918755505828867e-03
-2.240948623550000018e+00,4.606194841630788586e-03,2.230452638273396765e-03
-2.238450353066666842e+00,4.598174698806544759e-03,2.031986521040964663e-03
-2.235952082583333222e+00,4.590183182781969531e-03,1.833520403808391397e-03
-2.233453812100000047e+00,4.582220165722981908e-03,1.635054286575959512e-03
-2.230955541616666871e+00,4.574285520533938852e-03,1.436588169343386246e-03
-2.228457271133333251e+00,4.566379120839941970e-03,1.238122052110954144e-03
-2.225959000650000075e+00,4.558500840995185002e-03,1.039655934878522259e-03
-2.223460730166666455e+00,4.550650556064716676e-03,8.411898176460303085e-04
-2.220962459683333279e+00,4.542828141832299001e-03,7.570708358814453188e-04
-2.218464189200000103e+00,4.535033474783433001e-03,6.729518541168601122e-04
-2.215965918716666483e+00,4.527266432112723483e-03,5.888328723522152745e-04
-2.213467648233333307e+00,4.519526891706733898e-03,5.047138905876301764e-04
-2.210969377750000131e+00,4.511814732151906218e-03,4.205949088230450782e-04
-2.208471107266666511e+00,4.504129832717086203e-03,3.364759270584002405e-04
-2.205972836783333335e+00,4.496472073361824050e-03,2.523569452938151424e-04
-2.203474566300000159e+00,4.488841334718806850e-03,1.682379635292300443e-04
-2.200976295816666539e+00,4.481237498102191331e-03,8.411898176458509815e-05
-2.198478025333333363e+00,4.473660445490406680e-03,0.000000000000000000e+00
-2.195979754850000187e+00,4.466110059534261767e-03,0.000000000000000000e+00
-2.193481484366666567e+00,4.458586223539619600e-03,0.000000000000000000e+00
-2.190983213883333391e+00,4.451088821476204514e-03,0.000000000000000000e+00
-2.188484943400000216e+00,4.443617737959823857e-03,0.000000000000000000e+00
-2.185986672916666596e+00,4.436172858261320032e-03,0.000000000000000000e+00
-2.183488402433333420e+00,4.428754068289479998e-03,0.000000000000000000e+00
-2.180990131949999800e+00,4.421361254598879693e-03,0.000000000000000000e+00
-2.178491861466666624e+00,4.413994304373605390e-03,0.000000000000000000e+00
-2.175993590983333448e+00,4.406653105435643682e-03,0.000000000000000000e+00
-2.173495320499999828e+00,4.399337546227365114e-03,0.000000000000000000e+00
-2.170997050016666652e+00,4.392047515821181393e-03,0.000000000000000000e+00
-2.168498779533333476e+00,4.384782903901409713e-03,0.000000000000000000e+00
-2.166000509049999856e+00,4.377543600774256097e-03,0.000000000000000000e+00
-2.163502238566666680e+00,4.370329497349942534e-03,0.000000000000000000e+00
-2.161003968083333504e+00,4.363140485152011173e-03,0.000000000000000000e+00
-2.158505697599999884e+00,4.355976456300283267e-03,0.000000000000000000e+00
-2.156007427116666708e+00,4.348837303520014172e-03,0.000000000000000000e+00
-2.153509156633333532e+00,4.341722920124811529e-03,0.000000000000000000e+00
-2.151010886149999912e+00,4.334633200025838837e-03,0.000000000000000000e+00
-2.148512615666666736e+00,4.327568037714749245e-03,0.000000000000000000e+00
-2.146014345183333560e+00,4.320527328273023569e-03,9.469389070759865672e-05
-2.143516074699999940e+00,4.313510967355328220e-03,1.893877814152646424e-04
-2.141017804216666764e+00,4.306518851198444693e-03,2.840816721228632720e-04
-2.138519533733333144e+00,4.299550876604563317e-03,3.787755628304619558e-04
-2.136021263249999969e+00,4.292606940950570091e-03,4.734694535380605854e-04
-2.133522992766666793e+00,4.285686942171465334e-03,5.681633442457265440e-04
-2.131024722283333173e+00,4.278790778769702569e-03,6.628572349533252278e-04
-2.128526451799999997e+00,4.271918349798019092e-03,7.575511256609912406e-04
-2.126028181316666821e+00,4.265069554870127948e-03,8.522450163685899244e-04
-2.123529910833333201e+00,4.258244294142451286e-03,9.469389070761886082e-04
-2.121031640350000025e+00,4.251442468324900803e-03,1.154147290036733895e-03
-2.118533369866666849e+00,4.244663978663532240e-03,1.361355672997426741e-03
-2.116035099383333229e+00,4.237908726950652752e-03,1.568564055957971919e-03
-2.113536828900000053e+00,4.231176615507715663e-03,1.775772438918664766e-03
-2.111038558416666877e+00,4.224467547195753098e-03,1.982980821879210161e-03
-2.108540287933333257e+00,4.217781425397431130e-03,2.190189204839755339e-03
-2.106042017450000081e+00,4.211118154028783457e-03,2.397397587800300951e-03
-2.103543746966666461e+00,4.204477637520972512e-03,2.604605970760993580e-03
-2.101045476483333285e+00,4.197859780830726431e-03,2.811814353721538758e-03
-2.098547206000000109e+00,4.191264489424147144e-03,3.019022736682231388e-03
-2.096048935516666489e+00,4.184691669286149870e-03,3.288590043960652916e-03
-2.093550665033333313e+00,4.178141226904075189e-03,3.558157351239074010e-03
-2.091052394550000137e+00,4.171613069277850180e-03,3.827724658517495104e-03
-2.088554124066666517e+00,4.165107103903553654e-03,4.097291965796108319e-03
-2.086055853583333342e+00,4.158623238783100244e-03,4.366859273074528980e-03
-2.083557583100000166e+00,4.152161382407935745e-03,4.636426580353142195e-03
-2.081059312616666546e+00,4.145721443769732548e-03,4.905993887631563723e-03
-2.078561042133333370e+00,4.139303332343197660e-03,5.175561194909984383e-03
-2.076062771650000194e+00,4.132906958096517480e-03,5.445128502188405911e-03
-2.073564501166666574e+00,4.126532231475047927e-03,5.714695809467019126e-03
-2.071066230683333398e+00,4.120179063412035027e-03,5.963026894129985940e-03
-2.068567960200000222e+00,4.113847365310944158e-03,6.211357978793129696e-03
-2.066069689716666602e+00,4.107537049057313414e-03,6.459689063456097377e-03
-2.063571419233333426e+00,4.101248027001398559e-03,6.708020148119064191e-03
-2.061073148749999806e+00,4.094980211969072303e-03,6.956351232782207947e-03
-2.058574878266666630e+00,4.088733517245151002e-03,7.204682317445175628e-03
-2.056076607783333454e+00,4.082507856584242749e-03,7.453013402108142442e-03
-2.053578337299999834e+00,4.076303144193940513e-03,7.701344486771286198e-03
-2.051080066816666658e+00,4.070119294746064008e-03,7.949675571434253879e-03
-2.048581796333333482e+00,4.063956223359456443e-03,8.198006656097220693e-03
-2.046083525849999862e+00,4.057813845611736407e-03,8.344254527777147240e-03
-2.043585255366666686e+00,4.051692077521559451e-03,8.490502399456971439e-03
-2.041086984883333511e+00,4.045590835561043049e-03,8.636750271136795637e-03
-2.038588714399999891e+00,4.039510036637873787e-03,8.782998142816722184e-03
-2.036090443916666715e+00,4.033449598107168542e-03,8.929246014496544648e-03
-2.033592173433333539e+00,4.027409437754512350e-03,9.075493886176368846e-03
-2.031093902949999919e+00,4.021389473807558505e-03,9.221741757856297128e-03
-2.028595632466666743e+00,4.015389624918531269e-03,9.367989629536119592e-03
-2.026097361983333123e+00,4.009409810176806956e-03,9.514237501216046139e-03
-2.023599091499999947e+00,4.003449949091065357e-03,9.660485372895870337e-03
-2.021100821016666771e+00,3.997509961601427610e-03,9.656339175092816876e-03
-2.018602550533333151e+00,3.991589768062320590e-03,9.652192977289763415e-03
-2.016104280049999975e+00,3.985689289254443039e-03,9.648046779486706484e-03
-2.013606009566666799e+00,3.979808446367514609e-03,9.643900581683653023e-03
-2.011107739083333179e+00,3.973947161012523870e-03,9.639754383880596092e-03
-2.008609468600000003e+00,3.968105355204101792e-03,9.635608186077542631e-03
-2.006111198116666827e+00,3.962282951373383849e-03,9.631461988274489169e-03
-2.003612927633333207e+00,3.956479872349915987e-03,9.627315790471435708e-03
-2.001114657150000031e+00,3.950696041374848928e-03,9.623169592668378777e-03
-1.998616386666666633e+00,3.944931382083167667e-03,9.619023394865325316e-03
-1.996118116183333235e+00,3.939185818515894381e-03,9.465514048300587013e-03
-1.993619845700000059e+00,3.933459275103008343e-03,9.312004701735957998e-03
-1.991121575216666661e+00,3.927751676676424254e-03,9.158495355171328983e-03
-1.988623304733333264e+00,3.922062948451474074e-03,9.004986008606699968e-03
-1.986125034250000088e+00,3.916393016040900163e-03,8.851476662041963400e-03
-1.983626763766666690e+00,3.910741805436351859e-03,8.697967315477334385e-03
-1.981128493283333292e+00,3.905109243021804861e-03,8.544457968912596083e-03
-1.978630222800000116e+00,3.899495255555730441e-03,8.390948622347967067e-03
-1.976131952316666718e+00,3.893899770184134496e-03,8.237439275783338052e-03
-1.973633681833333320e+00,3.888322714422784432e-03,8.083929929218709037e-03
-1.971135411349999922e+00,3.882764016170856675e-03,7.831451202143922818e-03
-1.968637140866666746e+00,3.877223603692452752e-03,7.578972475069317878e-03
-1.966138870383333348e+00,3.871701405630461473e-03,7.326493747994531659e-03
-1.963640599899999950e+00,3.866197350988371216e-03,7.074015020919925852e-03
-1.961142329416666774e+00,3.860711369144230552e-03,6.821536293845320044e-03
-1.958644058933333376e+00,3.855243389832151753e-03,6.569057566770714236e-03
-1.956145788449999978e+00,3.849793343155875035e-03,6.316578839695928885e-03
-1.953647517966666580e+00,3.844361159571465549e-03,6.064100112621323077e-03
-1.951149247483333404e+00,3.838946769900579252e-03,5.811621385546536858e-03
-1.948650977000000006e+00,3.833550105312041011e-03,5.559142658471931051e-03
-1.946152706516666608e+00,3.828171097336400229e-03,5.290385910831894162e-03
-1.943654436033333432e+00,3.822809677847555793e-03,5.021629163191858140e-03
-1.941156165550000035e+00,3.817465779076558829e-03,4.752872415551630432e-03
-1.938657895066666637e+00,3.812139333593453621e-03,4.484115667911594411e-03
-1.936159624583333239e+00,3.806830274321553083e-03,4.215358920271366702e-03
-1.933661354100000063e+00,3.801538534519227630e-03,3.946602172631329813e-03
-1.931163083616666665e+00,3.796264047793758683e-03,3.677845424991292925e-03
-1.928664813133333267e+00,3.791006748083354787e-03,3.409088677351065650e-03
-1.926166542650000091e+00,3.785766569671596225e-03,3.140331929711029195e-03
-1.923668272166666693e+00,3.780543447168471013e-03,2.871575182070992740e-03
-1.921170001683333295e+00,3.775337315525591469e-03,2.670627585772990080e-03
-1.918671731199999897e+00,3.770148110017170363e-03,2.469679989475130535e-03
-1.916173460716666721e+00,3.764975766255029745e-03,2.268732393177270990e-03
-1.913675190233333323e+00,3.759820220169645191e-03,2.067784796879268763e-03
-1.911176919749999925e+00,3.754681408025265215e-03,1.866837200581409001e-03
-1.908678649266666749e+00,3.749559266401081715e-03,1.665889604283549456e-03
-1.906180378783333351e+00,3.744453732206132115e-03,1.464942007985547013e-03
-1.903682108299999953e+00,3.739364742660664966e-03,1.263994411687687251e-03
-1.901183837816666777e+00,3.734292235311219895e-03,1.063046815389827706e-03
-1.898685567333333379e+00,3.729236148011696138e-03,8.620992190918252626e-04
-1.896187296849999981e+00,3.724196418938328836e-03,7.758892971826611678e-04
-1.893689026366666583e+00,3.719172986571348677e-03,6.896793752734969645e-04
-1.891190755883333408e+00,3.714165789709768239e-03,6.034694533642716123e-04
-1.888692485400000010e+00,3.709174767452745863e-03,5.172595314551075175e-04
-1.886194214916666612e+00,3.704199859214767944e-03,4.310496095459433142e-04
-1.883695944433333436e+00,3.699241004706674534e-03,3.448396876367178536e-04
-1.881197673950000038e+00,3.694298143951494327e-03,2.586297657275537587e-04
-1.878699403466666640e+00,3.689371217264921215e-03,1.724198438183896639e-04
-1.876201132983333242e+00,3.684460165271147974e-03,8.620992190916420325e-05
-1.873702862500000066e+00,3.679564928883760893e-03,0.000000000000000000e+00
-1.871204592016666668e+00,3.674685449321421233e-03,0.000000000000000000e+00
-1.868706321533333270e+00,3.669821668088747713e-03,0.000000000000000000e+00
-1.866208051050000094e+00,3.664973526992044376e-03,0.000000000000000000e+00
-1.863709780566666696e+00,3.660140968119982713e-03,0.000000000000000000e+00
-1.861211510083333298e+00,3.655323933859946223e-03,0.000000000000000000e+00
-1.858713239599999900e+00,3.650522366878278854e-03,0.000000000000000000e+00
-1.856214969116666724e+00,3.645736210136581862e-03,0.000000000000000000e+00
-1.853716698633333326e+00,3.640965406872042048e-03,0.000000000000000000e+00
-1.851218428149999928e+00,3.636209900614066886e-03,0.000000000000000000e+00
-1.848720157666666752e+00,3.631469635164537735e-03,0.000000000000000000e+00
-1.846221887183333354e+00,3.626744554614178689e-03,0.000000000000000000e+00
-1.843723616699999956e+00,3.622034603322870933e-03,0.000000000000000000e+00
-1.841225346216666781e+00,3.617339725936361168e-03,0.000000000000000000e+00
-1.838727075733333383e+00,3.612659867366455405e-03,0.000000000000000000e+00
-1.836228805249999985e+00,3.607994972807551746e-03,0.000000000000000000e+00
-1.833730534766666587e+00,3.603344987716925688e-03,0.000000000000000000e+00
-1.831232264283333411e+00,3.598709857831760336e-03,0.000000000000000000e+00
-1.828733993800000013e+00,3.594089529148753424e-03,0.000000000000000000e+00
-1.826235723316666615e+00,3.589483947941401673e-03,0.000000000000000000e+00
-1.823737452833333439e+00,3.584893060739990315e-03,0.000000000000000000e+00
-1.821239182350000041e+00,3.580316814348491906e-03,1.206520379532643148e-07
-1.818740911866666643e+00,3.575755155824586647e-03,2.413040759066143917e-07
-1.816242641383333245e+00,3.571208032496769359e-03,3.619561138598787065e-07
-1.813744370900000069e+00,3.566675391944381518e-03,4.826081518131430213e-07
-1.811246100416666671e+00,3.562157182014558197e-03,6.032601897664073890e-07
-1.808747829933333273e+00,3.557653350802424466e-03,7.239122277197574129e-07
-1.806249559450000097e+00,3.553163846668139919e-03,8.445642656730217807e-07
-1.803751288966666699e+00,3.548688618216922462e-03,9.652163036263718046e-07
-1.801253018483333301e+00,3.544227614316020417e-03,1.085868341579636172e-06
-1.798754747999999903e+00,3.539780784075113613e-03,1.206520379532900540e-06
-1.796256477516666727e+00,3.535348076863351410e-03,1.034137398840180333e-04
-1.793758207033333330e+00,3.530929442289029545e-03,2.056209593885758528e-04
-1.791259936549999932e+00,3.526524830217567935e-03,3.078281788930609629e-04
-1.788761666066666756e+00,3.522134190750571704e-03,4.100353983976187688e-04
-1.786263395583333358e+00,3.517757474244076997e-03,5.122426179021039331e-04
-1.783765125099999960e+00,3.513394631287693973e-03,6.144498374065890433e-04
-1.781266854616666784e+00,3.509045612722916808e-03,7.166570569110741534e-04
-1.778768584133333386e+00,3.504710369622001699e-03,8.188642764156320135e-04
-1.776270313649999988e+00,3.500388853306184069e-03,9.210714959201171236e-04
-1.773772043166666590e+00,3.496081015325148977e-03,1.023278715424675092e-03
-1.771273772683333414e+00,3.491786807475103470e-03,1.231589936428593036e-03
-1.768775502200000016e+00,3.487506181777829794e-03,1.439901157432510763e-03
-1.766277231716666618e+00,3.483239090499055252e-03,1.648212378436576808e-03
-1.763778961233333442e+00,3.478985486127682356e-03,1.856523599440494535e-03
-1.761280690750000044e+00,3.474745321394040291e-03,2.064834820444412695e-03
-1.758782420266666646e+00,3.470518549248995371e-03,2.273146041448478524e-03
-1.756284149783333248e+00,3.466305122882324796e-03,2.481457262452396034e-03
-1.753785879300000072e+00,3.462104995701972398e-03,2.689768483456313978e-03
-1.751287608816666674e+00,3.457918121352360381e-03,2.898079704460380240e-03
-1.748789338333333276e+00,3.453744453693386590e-03,3.106390925464297750e-03
-1.746291067850000100e+00,3.449583946819202024e-03,3.360281451986933243e-03
-1.743792797366666703e+00,3.445436555036944428e-03,3.614171978509749146e-03
-1.741294526883333305e+00,3.441302232885723976e-03,3.868062505032384205e-03
-1.738796256399999907e+00,3.437180935115327803e-03,4.121953031555020130e-03
-1.736297985916666731e+00,3.433072616704613278e-03,4.375843558077835600e-03
-1.733799715433333333e+00,3.428977232841272458e-03,4.629734084600470659e-03
-1.731301444949999935e+00,3.424894738939761752e-03,4.883624611123106585e-03
-1.728803174466666759e+00,3.420825090620705985e-03,5.137515137645922922e-03
-1.726304903983333361e+00,3.416768243729535401e-03,5.391405664168557113e-03
-1.723806633499999963e+00,3.412724154315244837e-03,5.645296190691193039e-03
-1.721308363016666565e+00,3.408692778649735893e-03,5.859197445874507471e-03
-1.718810092533333389e+00,3.404674073205751252e-03,6.073098701057670114e-03
-1.716311822049999991e+00,3.400667994677073359e-03,6.286999956240832757e-03
-1.713813551566666593e+00,3.396674499956102260e-03,6.500901211424148056e-03
-1.711315281083333417e+00,3.392693546153940226e-03,6.714802466607310699e-03
-1.708817010600000019e+00,3.388725090577993874e-03,6.928703721790472475e-03
-1.706318740116666621e+00,3.384769090752238335e-03,7.142604976973787774e-03
-1.703820469633333445e+00,3.380825504395296426e-03,7.356506232156950417e-03
-1.701322199150000047e+00,3.376894289439573080e-03,7.570407487340113060e-03
-1.698823928666666649e+00,3.372975404010107332e-03,7.784308742523427492e-03
-1.696325658183333251e+00,3.369068806443646039e-03,7.884842439569942490e-03
-1.693827387700000076e+00,3.365174455267730923e-03,7.985376136616458356e-03
-1.691329117216666678e+00,3.361292309219422302e-03,8.085909833663045346e-03
-1.688830846733333280e+00,3.357422327224146748e-03,8.186443530709559477e-03
-1.686332576250000104e+00,3.353564468415128584e-03,8.286977227756075343e-03
-1.683834305766666706e+00,3.349718692111882789e-03,8.387510924802662332e-03
-1.681336035283333308e+00,3.345884957839476061e-03,8.488044621849178198e-03
-1.678837764799999910e+00,3.342063225307426080e-03,8.588578318895692329e-03
-1.676339494316666734e+00,3.338253454428903588e-03,8.689112015942279318e-03
-1.673841223833333336e+00,3.334455605299342391e-03,8.789645712988795184e-03
-1.671342953349999938e+00,3.330669638216047796e-03,8.742832033214367748e-03
-1.668844682866666762e+00,3.326895513656101880e-03,8.696018353439975007e-03
-1.666346412383333364e+00,3.323133192297156313e-03,8.649204673665580531e-03
-1.663848141899999966e+00,3.319382634994442506e-03,8.602390993891186055e-03
-1.661349871416666568e+00,3.315643802801810335e-03,8.555577314116758619e-03
-1.658851600933333392e+00,3.311916656948968567e-03,8.508763634342365878e-03
-1.656353330449999994e+00,3.308201158862053050e-03,8.461949954567938442e-03
-1.653855059966666596e+00,3.304497270141103921e-03,8.415136274793543966e-03
-1.651356789483333420e+00,3.300804952581224035e-03,8.368322595019151225e-03
-1.648858519000000022e+00,3.297124168149229151e-03,8.321508915244756749e-03
-1.646360248516666624e+00,3.293454879004923449e-03,8.144400199888712777e-03
-1.643861978033333449e+00,3.289797047478401539e-03,7.967291484532793705e-03
-1.641363707550000051e+00,3.286150636090910682e-03,7.790182769176748866e-03
-1.638865437066666653e+00,3.282515607532212210e-03,7.613074053820830661e-03
-1.636367166583333255e+00,3.278891924680964100e-03,7.435965338464911589e-03
-1.633868896100000079e+00,3.275279550582564213e-03,7.258856623108993385e-03
-1.631370625616666681e+00,3.271678448470596683e-03,7.081747907752948545e-03
-1.628872355133333283e+00,3.268088581742064833e-03,6.904639192397030341e-03
-1.626374084650000107e+00,3.264509913981923205e-03,6.727530477040985502e-03
-1.623875814166666709e+00,3.260942408936054037e-03,6.550421761685067297e-03
-1.621377543683333311e+00,3.257386030535687829e-03,6.304891239537496576e-03
-1.618879273199999913e+00,3.253840742873219134e-03,6.059360717389751516e-03
-1.616381002716666737e+00,3.250306510223303826e-03,5.813830195242180796e-03
-1.613882732233333339e+00,3.246783297020701918e-03,5.568299673094610942e-03
-1.611384461749999941e+00,3.243271067880419429e-03,5.322769150946865882e-03
-1.608886191266666765e+00,3.239769787575548163e-03,5.077238628799295161e-03
-1.606387920783333367e+00,3.236279421058836127e-03,4.831708106651724441e-03
-1.603889650299999969e+00,3.232799933438984270e-03,4.586177584503980248e-03
-1.601391379816666571e+00,3.229331290001977509e-03,4.340647062356409527e-03
-1.598893109333333395e+00,3.225873456189163029e-03,4.095116540208838807e-03
-1.596394838849999998e+00,3.222426397617157538e-03,3.865147964426734854e-03
-1.593896568366666600e+00,3.218990080056279880e-03,3.635179388644793966e-03
-1.591398297883333424e+00,3.215564469451288356e-03,3.405210812862853511e-03
-1.588900027400000026e+00,3.212149531897564268e-03,3.175242237080749558e-03
-1.586401756916666628e+00,3.208745233664689420e-03,2.945273661298809104e-03
-1.583903486433333230e+00,3.205351541170737509e-03,2.715305085516868215e-03
-1.581405215950000054e+00,3.201968421006440128e-03,2.485336509734764263e-03
-1.578906945466666656e+00,3.198595839910309529e-03,2.255367933952823374e-03
-1.576408674983333258e+00,3.195233764790675682e-03,2.025399358170882919e-03
-1.573910404500000082e+00,3.191882162702813948e-03,1.795430782388778967e-03
-1.571412134016666684e+00,3.188541000870635626e-03,1.652494631713842706e-03
-1.568913863533333286e+00,3.185210246663339878e-03,1.509558481038906661e-03
-1.566415593050000110e+00,3.181889867616980241e-03,1.366622330363868702e-03
-1.563917322566666712e+00,3.178579831411359850e-03,1.223686179688932441e-03
-1.561419052083333314e+00,3.175280105892187756e-03,1.080750029013996397e-03
-1.558920781599999916e+00,3.171990659047264211e-03,9.378138783389585462e-04
-1.556422511116666740e+00,3.168711459028872909e-03,7.948777276640223936e-04
-1.553924240633333342e+00,3.165442474129847011e-03,6.519415769890861325e-04
-1.551425970149999944e+00,3.162183672806437567e-03,5.090054263140483901e-04
-1.548927699666666769e+00,3.158935023653667434e-03,3.660692756391120749e-04
-1.546429429183333371e+00,3.155696495428675016e-03,3.294623480752086682e-04
-1.543931158699999973e+00,3.152468057025946749e-03,2.928554205112792407e-04
-1.541432888216666575e+00,3.149249677501373811e-03,2.562484929473758341e-04
-1.538934617733333399e+00,3.146041326045942877e-03,2.196415653834724545e-04
-1.536436347250000001e+00,3.142842972010745188e-03,1.830346378195430270e-04
-1.533938076766666603e+00,3.139654584881726787e-03,1.464277102556396204e-04
-1.531439806283333427e+00,3.136476134302451559e-03,1.098207826917362408e-04
-1.528941535800000029e+00,3.133307590050391032e-03,7.321385512780681330e-05
-1.526443265316666631e+00,3.130148922059445421e-03,3.660692756390340665e-05
-1.523944994833333233e+00,3.127000100395768093e-03,0.000000000000000000e+00
-1.521446724350000057e+00,3.123861095281466223e-03,0.000000000000000000e+00
-1.518948453866666659e+00,3.120731877068883085e-03,0.000000000000000000e+00
-1.516450183383333261e+00,3.117612416265013418e-03,0.000000000000000000e+00
-1.513951912900000085e+00,3.114502683506438410e-03,0.000000000000000000e+00
-1.511453642416666687e+00,3.111402649582551035e-03,0.000000000000000000e+00
-1.508955371933333289e+00,3.108312285411324143e-03,0.000000000000000000e+00
-1.506457101450000113e+00,3.105231562062890551e-03,0.000000000000000000e+00
-1.503958830966666715e+00,3.102160450733593752e-03,0.000000000000000000e+00
-1.501460560483333317e+00,3.099098922771403777e-03,0.000000000000000000e+00
-1.498962289999999919e+00,3.096046949649493459e-03,0.000000000000000000e+00
-1.496464019516666744e+00,3.093004502991121302e-03,0.000000000000000000e+00
-1.493965749033333346e+00,3.089971554543801020e-03,0.000000000000000000e+00
-1.491467478549999948e+00,3.086948076203650977e-03,0.000000000000000000e+00
-1.488969208066666772e+00,3.083934039990214246e-03,0.000000000000000000e+00
-1.486470937583333374e+00,3.080929418070099853e-03,0.000000000000000000e+00
-1.483972667099999976e+00,3.077934182732331055e-03,0.000000000000000000e+00
-1.481474396616666578e+00,3.074948306413000532e-03,0.000000000000000000e+00
-1.478976126133333402e+00,3.071971761667533895e-03,0.000000000000000000e+00
-1.476477855650000004e+00,3.069004521198303009e-03,0.000000000000000000e+00
-1.473979585166666606e+00,3.066046557826483578e-03,0.000000000000000000e+00
-1.471481314683333430e+00,3.063097844518006176e-03,1.306992512201970016e-06
-1.468983044200000032e+00,3.060158354357068317e-03,2.613985024404869227e-06
-1.466484773716666634e+00,3.057228060571617109e-03,3.920977536606839878e-06
-1.463986503233333236e+00,3.054306936506623674e-03,5.227970048809738454e-06
-1.461488232750000060e+00,3.051394955650152570e-03,6.534962561011708682e-06
-1.458989962266666662e+00,3.048492091605399783e-03,7.841955073213679756e-06
-1.456491691783333264e+00,3.045598318118063197e-03,9.148947585416577485e-06
-1.453993421300000088e+00,3.042713609048731862e-03,1.045594009761854856e-05
-1.451495150816666690e+00,3.039837938398365184e-03,1.176293260982051794e-05
-1.448996880333333293e+00,3.036971280281688338e-03,1.306992512202341906e-05
-1.446498609850000117e+00,3.034113608953914378e-03,1.077324985069760734e-04
-1.444000339366666719e+00,3.031264898782599655e-03,2.023950718919287329e-04
-1.441502068883333321e+00,3.028425124274072757e-03,2.970576452769487213e-04
-1.439003798399999923e+00,3.025594260046648217e-03,3.917202186619013807e-04
-1.436505527916666747e+00,3.022772280856759249e-03,4.863827920468540402e-04
-1.434007257433333349e+00,3.019959161571376515e-03,5.810453654318740828e-04
-1.431508986949999951e+00,3.017154877194639599e-03,6.757079388168266880e-04
-1.429010716466666775e+00,3.014359402840336918e-03,7.703705122017794017e-04
-1.426512445983333377e+00,3.011572713758893689e-03,8.650330855867993359e-04
-1.424014175499999979e+00,3.008794785308692172e-03,9.596956589717520495e-04
-1.421515905016666581e+00,3.006025592984488178e-03,1.144125528371747356e-03
-1.419017634533333405e+00,3.003265112388164501e-03,1.328555397771873743e-03
-1.416519364050000007e+00,3.000513319256582767e-03,1.512985267171868941e-03
-1.414021093566666609e+00,2.997770189432874197e-03,1.697415136571864356e-03
-1.411522823083333433e+00,2.995035698894941544e-03,1.881845005971990743e-03
-1.409024552600000035e+00,2.992309823725297895e-03,2.066274875371986158e-03
-1.406526282116666637e+00,2.989592540140516199e-03,2.250704744771981573e-03
-1.404028011633333239e+00,2.986883824461395061e-03,2.435134614172107959e-03
-1.401529741150000063e+00,2.984183653141933394e-03,2.619564483572102941e-03
-1.399031470666666666e+00,2.981492002738697807e-03,2.803994352972098356e-03
-1.396533200183333268e+00,2.978808849941543251e-03,3.015270257807226972e-03
-1.394034929700000092e+00,2.976134171541736182e-03,3.226546162642205534e-03
-1.391536659216666694e+00,2.973467944462944088e-03,3.437822067477183663e-03
-1.389038388733333296e+00,2.970810145729326987e-03,3.649097972312312279e-03
-1.386540118249999898e+00,2.968160752497001412e-03,3.860373877147290841e-03
-1.384041847766666722e+00,2.965519742021835697e-03,4.071649781982268970e-03
-1.381543577283333324e+00,2.962887091690676305e-03,4.282925686817398020e-03
-1.379045306799999926e+00,2.960262778988938422e-03,4.494201591652376149e-03
-1.376547036316666750e+00,2.957646781533013625e-03,4.705477496487354278e-03
-1.374048765833333352e+00,2.955039077037241186e-03,4.916753401322483327e-03
-1.371550495349999954e+00,2.952439643345010356e-03,5.073836044019129458e-03
-1.369052224866666778e+00,2.949848458398011963e-03,5.230918686715774722e-03
-1.366553954383333380e+00,2.947265500266279918e-03,5.388001329412532743e-03
-1.364055683899999982e+00,2.944690747116577179e-03,5.545083972109178874e-03
-1.361557413416666584e+00,2.942124177244303824e-03,5.702166614805936028e-03
-1.359059142933333408e+00,2.939565769040140483e-03,5.859249257502582159e-03
-1.356560872450000010e+00,2.937015501023049723e-03,6.016331900199227423e-03
-1.354062601966666612e+00,2.934473351806768122e-03,6.173414542895873554e-03
-1.351564331483333437e+00,2.931939300132367469e-03,6.330497185592630707e-03
-1.349066061000000039e+00,2.929413324835102896e-03,6.487579828289276838e-03
-1.346567790516666641e+00,2.926895404876880390e-03,6.528786369115718857e-03
-1.344069520033333243e+00,2.924385519313257159e-03,6.569992909942132253e-03
-1.341571249550000067e+00,2.921883647326027535e-03,6.611199450768544782e-03
-1.339072979066666669e+00,2.919389768189391103e-03,6.652405991594957310e-03
-1.336574708583333271e+00,2.916903861303742074e-03,6.693612532421399329e-03
-1.334076438100000095e+00,2.914425906161270154e-03,6.734819073247812725e-03
-1.331578167616666697e+00,2.911955882379190473e-03,6.776025614074254744e-03
-1.329079897133333299e+00,2.909493769666485902e-03,6.817232154900667272e-03
-1.326581626649999901e+00,2.907039547856598780e-03,6.858438695727080668e-03
-1.324083356166666725e+00,2.904593196873792894e-03,6.899645236553493197e-03
-1.321585085683333327e+00,2.902154696766702166e-03,6.808194763546108336e-03
-1.319086815199999929e+00,2.899724027673715107e-03,6.716744290538789394e-03
-1.316588544716666753e+00,2.897301169857414288e-03,6.625293817531404533e-03
-1.314090274233333355e+00,2.894886103669541862e-03,6.533843344524084724e-03
-1.311592003749999957e+00,2.892478809585605996e-03,6.442392871516765783e-03
-1.309093733266666781e+00,2.890079268169474299e-03,6.350942398509445974e-03
-1.306595462783333383e+00,2.887687460108484191e-03,6.259491925502061113e-03
-1.304097192299999985e+00,2.885303366177887144e-03,6.168041452494742172e-03
-1.301598921816666588e+00,2.882926967275902235e-03,6.076590979487357311e-03
-1.299100651333333412e+00,2.880558244388010773e-03,5.985140506480037502e-03
-1.296602380850000014e+00,2.878197178622303887e-03,5.796712772918844250e-03
-1.294104110366666616e+00,2.875843751173930238e-03,5.608285039357517425e-03
-1.291605839883333440e+00,2.873497943359966129e-03,5.419857305796325041e-03
-1.289107569400000042e+00,2.871159736584041455e-03,5.231429572235131789e-03
-1.286609298916666644e+00,2.868829112371343391e-03,5.043001838673804964e-03
-1.284111028433333246e+00,2.866506052333315634e-03,4.854574105112612580e-03
-1.281612757950000070e+00,2.864190538202442647e-03,4.666146371551419328e-03
-1.279114487466666672e+00,2.861882551797108494e-03,4.477718637990092503e-03
-1.276616216983333274e+00,2.859582075056530705e-03,4.289290904428899251e-03
-1.274117946500000098e+00,2.857289090005042317e-03,4.100863170867706867e-03
-1.271619676016666700e+00,2.855003578787911750e-03,3.890477694146709121e-03
-1.269121405533333302e+00,2.852725523634724522e-03,3.680092217425860995e-03
-1.266623135049999904e+00,2.850454906896075693e-03,3.469706740705012869e-03
-1.264124864566666728e+00,2.848191711006298459e-03,3.259321263984015123e-03
-1.261626594083333330e+00,2.845935918520350449e-03,3.048935787263166997e-03
-1.259128323599999932e+00,2.843687512076766531e-03,2.838550310542318870e-03
-1.256630053116666756e+00,2.841446474434615368e-03,2.628164833821320691e-03
-1.254131782633333358e+00,2.839212788435742287e-03,2.417779357100472565e-03
-1.251633512149999961e+00,2.836986437042557634e-03,2.207393880379624439e-03
-1.249135241666666563e+00,2.834767403300100103e-03,1.997008403658626693e-03
-1.246636971183333387e+00,2.832555670373454720e-03,1.846460664617895295e-03
-1.244138700699999989e+00,2.830351221509911589e-03,1.695912925577163681e-03
-1.241640430216666591e+00,2.828154040077200931e-03,1.545365186536325165e-03
-1.239142159733333415e+00,2.825964109524635708e-03,1.394817447495593551e-03
-1.236643889250000017e+00,2.823781413421664992e-03,1.244269708454862153e-03
-1.234145618766666619e+00,2.821605935419232124e-03,1.093721969414023637e-03
-1.231647348283333443e+00,2.819437659288290352e-03,9.431742303732920229e-04
-1.229149077800000045e+00,2.817276568881177043e-03,7.926264913325604088e-04
-1.226650807316666647e+00,2.815122648169718182e-03,6.420787522917218923e-04
-1.224152536833333249e+00,2.812975881207171579e-03,4.915310132509903866e-04
-1.221654266350000073e+00,2.810836252166593746e-03,4.423779119259053233e-04
-1.219155995866666675e+00,2.808703745301419606e-03,3.932248106007853487e-04
-1.216657725383333277e+00,2.806578344985411009e-03,3.440717092757002854e-04
-1.214159454900000101e+00,2.804460035672477931e-03,2.949186079506152221e-04
-1.211661184416666703e+00,2.802348801936656482e-03,2.457655066254951933e-04
-1.209162913933333305e+00,2.800244628432175566e-03,1.966124053004101300e-04
-1.206664643449999907e+00,2.798147499933309121e-03,1.474593039753251209e-04
-1.204166372966666732e+00,2.796057401294131401e-03,9.830620265020509211e-05
-1.201668102483333334e+00,2.793974317489087388e-03,4.915310132512002881e-05
-1.199169831999999936e+00,2.791898233572437122e-03,0.000000000000000000e+00
-1.196671561516666760e+00,2.789829134718611880e-03,0.000000000000000000e+00
-1.194173291033333362e+00,2.787767006181524065e-03,0.000000000000000000e+00
-1.191675020549999964e+00,2.785711833336072200e-03,0.000000000000000000e+00
-1.189176750066666566e+00,2.783663601635858343e-03,0.000000000000000000e+00
-1.186678479583333390e+00,2.781622296655973745e-03,0.000000000000000000e+00
-1.184180209099999992e+00,2.779587904050066175e-03,0.000000000000000000e+00
-1.181681938616666594e+00,2.777560409593243101e-03,0.000000000000000000e+00
-1.179183668133333418e+00,2.775539799139566631e-03,0.000000000000000000e+00
-1.176685397650000020e+00,2.773526058664471401e-03,0.000000000000000000e+00
-1.174187127166666622e+00,2.771519174222197932e-03,0.000000000000000000e+00
-1.171688856683333446e+00,2.769519131988766071e-03,0.000000000000000000e+00
-1.169190586200000048e+00,2.767525918219076574e-03,0.000000000000000000e+00
-1.166692315716666650e+00,2.765539519290062358e-03,0.000000000000000000e+00
-1.164194045233333252e+00,2.763559921657319975e-03,0.000000000000000000e+00
-1.161695774750000076e+00,2.761587111899041058e-03,0.000000000000000000e+00
-1.159197504266666678e+00,2.759621076672083475e-03,0.000000000000000000e+00
-1.156699233783333280e+00,2.757661802756150408e-03,0.000000000000000000e+00
-1.154200963300000105e+00,2.755709277009699750e-03,0.000000000000000000e+00
-1.151702692816666707e+00,2.753763486414576370e-03,0.000000000000000000e+00
-1.149204422333333309e+00,2.751824418031283137e-03,0.000000000000000000e+00
-1.146706151849999911e+00,2.749892059044146183e-03,0.000000000000000000e+00
-1.144207881366666735e+00,2.747966396716528242e-03,0.000000000000000000e+00
-1.141709610883333337e+00,2.746047418435593624e-03,0.000000000000000000e+00
-1.139211340399999939e+00,2.744135111668104861e-03,0.000000000000000000e+00
-1.136713069916666763e+00,2.742229464005226276e-03,0.000000000000000000e+00
-1.134214799433333365e+00,2.740330463117358287e-03,0.000000000000000000e+00
-1.131716528949999967e+00,2.738438096800116690e-03,0.000000000000000000e+00
-1.129218258466666569e+00,2.736552352928843003e-03,0.000000000000000000e+00
-1.126719987983333393e+00,2.734673219504420681e-03,0.000000000000000000e+00
-1.124221717499999995e+00,2.732800684607457602e-03,0.000000000000000000e+00
-1.121723447016666597e+00,2.730934736445132273e-03,0.000000000000000000e+00
-1.119225176533333421e+00,2.729075363304602191e-03,0.000000000000000000e+00
-1.116726906050000023e+00,2.727222553599868704e-03,0.000000000000000000e+00
-1.114228635566666625e+00,2.725376295825583488e-03,0.000000000000000000e+00
-1.111730365083333227e+00,2.723536578603808021e-03,0.000000000000000000e+00
-1.109232094600000051e+00,2.721703390637601055e-03,0.000000000000000000e+00
-1.106733824116666653e+00,2.719876720758268585e-03,0.000000000000000000e+00
-1.104235553633333256e+00,2.718056557878231836e-03,0.000000000000000000e+00
-1.101737283150000080e+00,2.716242891039321976e-03,0.000000000000000000e+00
-1.099239012666666682e+00,2.714435709364723497e-03,0.000000000000000000e+00
-1.096740742183333284e+00,2.712635002107799311e-03,3.281968695772595913e-05
-1.094242471700000108e+00,2.710840758603711917e-03,6.563937391547525571e-05
-1.091744201216666710e+00,2.709052968318760666e-03,9.845906087320121483e-05
-1.089245930733333312e+00,2.707271620801632566e-03,1.312787478309271740e-04
-1.086747660249999914e+00,2.705496705733059608e-03,1.640984347886764705e-04
-1.084249389766666738e+00,2.703728212876480193e-03,1.969181217464024297e-04
-1.081751119283333340e+00,2.701966132128347416e-03,2.297378087041283888e-04
-1.079252848799999942e+00,2.700210453468950954e-03,2.625574956618776583e-04
-1.076754578316666766e+00,2.698461167012048811e-03,2.953771826196036174e-04
-1.074256307833333368e+00,2.696718262955903871e-03,3.281968695773295765e-04
-1.071758037349999970e+00,2.694981731633773903e-03,4.733560243400938231e-04
-1.069259766866666572e+00,2.693251563463475336e-03,6.185151791027547995e-04
-1.066761496383333396e+00,2.691527748999512134e-03,7.636743338654157758e-04
-1.064263225899999998e+00,2.689810278881350682e-03,9.088334886281801851e-04
-1.061764955416666600e+00,2.688099143886194409e-03,1.053992643390841161e-03
-1.059266684933333424e+00,2.686394334877743525e-03,1.199151798153502138e-03
-1.056768414450000027e+00,2.684695842857759678e-03,1.344310952916266330e-03
-1.054270143966666629e+00,2.683003658915667465e-03,1.489470107678927523e-03
-1.051771873483333231e+00,2.681317774280472972e-03,1.634629262441691716e-03
-1.049273603000000055e+00,2.679638180269328790e-03,1.779788417204352692e-03
-1.046775332516666657e+00,2.677964868340964796e-03,2.000241876231431421e-03
-1.044277062033333259e+00,2.676297830042560517e-03,2.220695335258510150e-03
-1.041778791550000083e+00,2.674637057064294804e-03,2.441148794285745438e-03
-1.039280521066666685e+00,2.672982541186448048e-03,2.661602253312824167e-03
-1.036782250583333287e+00,2.671334274333166461e-03,2.882055712340059455e-03
-1.034283980100000111e+00,2.669692248519661432e-03,3.102509171367138184e-03
-1.031785709616666713e+00,2.668056455907330798e-03,3.322962630394216479e-03
-1.029287439133333315e+00,2.666426888749156253e-03,3.543416089421295642e-03
-1.026789168649999917e+00,2.664803539445840738e-03,3.763869548448530930e-03
-1.024290898166666741e+00,2.663186400491149904e-03,3.984323007475609225e-03
-1.021792627683333343e+00,2.661575464528257232e-03,4.186242449077082553e-03
-1.019294357199999945e+00,2.659970724294599773e-03,4.388161890678412766e-03
-1.016796086716666769e+00,2.658372172678689482e-03,4.590081332279742111e-03
-1.014297816233333371e+00,2.656779802664537438e-03,4.792000773881072324e-03
-1.011799545749999973e+00,2.655193607389503847e-03,4.993920215482545652e-03
-1.009301275266666575e+00,2.653613580087430760e-03,5.195839657083875865e-03
-1.006803004783333400e+00,2.652039714147540715e-03,5.397759098685349193e-03
-1.004304734300000002e+00,2.650472003057182183e-03,5.599678540286679405e-03
-1.001806463816666604e+00,2.648910440460609372e-03,5.801597981888008751e-03
-9.993081933333333167e-01,2.647355020102313584e-03,6.003517423489404016e-03
-9.968099228500000297e-01,2.645805735885617405e-03,6.095180080122041336e-03
-9.943116523666666318e-01,2.644262581815431425e-03,6.186842736754678655e-03
-9.918133818833333448e-01,2.642725552057858477e-03,6.278505393387381027e-03
-9.893151114000000579e-01,2.641194640882276855e-03,6.370168050020018347e-03
-9.868168409166666599e-01,2.639669842721626292e-03,6.461830706652656534e-03
-9.843185704333333730e-01,2.638151152113976401e-03,6.553493363285358905e-03
-9.818202999499999750e-01,2.636638563763066354e-03,6.645156019917996225e-03
-9.793220294666666881e-01,2.635132072479551540e-03,6.736818676550633544e-03
-9.768237589833332901e-01,2.633631673242652158e-03,6.828481333183335916e-03
-9.743254885000000032e-01,2.632137361140290087e-03,6.920143989815973236e-03
-9.718272180166667162e-01,2.630649131431245322e-03,6.857707921600657980e-03
-9.693289475333333183e-01,2.629166979485438559e-03,6.795271853385298488e-03
-9.668306770500000313e-01,2.627690900846363017e-03,6.732835785169984100e-03
-9.643324065666666334e-01,2.626220891170350045e-03,6.670399716954668844e-03
-9.618341360833333464e-01,2.624756946290442931e-03,6.607963648739309352e-03
-9.593358655999999485e-01,2.623299062155063158e-03,6.545527580523994096e-03
-9.568375951166666615e-01,2.621847234891516894e-03,6.483091512308678840e-03
-9.543393246333333746e-01,2.620401460745184260e-03,6.420655444093320216e-03
-9.518410541499999766e-01,2.618961736143998568e-03,6.358219375878004960e-03
-9.493427836666666897e-01,2.617528057635453310e-03,6.295783307662689704e-03
-9.468445131833332917e-01,2.616100421953218135e-03,6.105281280140911933e-03
-9.443462427000000048e-01,2.614678825953279349e-03,5.914779252619269470e-03
-9.418479722166667178e-01,2.613263266680607069e-03,5.724277225097627007e-03
-9.393497017333333199e-01,2.611853741305764087e-03,5.533775197575849236e-03
-9.368514312500000329e-01,2.610450247191478928e-03,5.343273170054207641e-03
-9.343531607666666350e-01,2.609052781828644085e-03,5.152771142532565178e-03
-9.318548902833333480e-01,2.607661342904411296e-03,4.962269115010787407e-03
-9.293566197999999501e-01,2.606275928236597306e-03,4.771767087489144944e-03
-9.268583493166666631e-01,2.604896535843356006e-03,4.581265059967502482e-03
-9.243600788333333762e-01,2.603523163876437542e-03,4.390763032445724710e-03
-9.218618083499999782e-01,2.602155810691629805e-03,4.159328960444638214e-03
-9.193635378666666913e-01,2.600794474782047467e-03,3.927894888443551717e-03
-9.168652673833332933e-01,2.599439154848393052e-03,3.696460816442300422e-03
-9.143669969000000064e-01,2.598089849732416849e-03,3.465026744441214359e-03
-9.118687264166667195e-01,2.596746558487505411e-03,3.233592672440127429e-03
-9.093704559333333215e-01,2.595409280311494413e-03,3.002158600438876567e-03
-9.068721854500000346e-01,2.594078014618722994e-03,2.770724528437790504e-03
-9.043739149666666366e-01,2.592752760971424580e-03,2.539290456436704008e-03
-9.018756444833333497e-01,2.591433519152530184e-03,2.307856384435452712e-03
-8.993773739999999517e-01,2.590120289097341561e-03,2.076422312434366216e-03
-8.968791035166666648e-01,2.588813070966350122e-03,1.911011011848804276e-03
-8.943808330333333778e-01,2.587511865076269971e-03,1.745599711263124808e-03
-8.918825625499999799e-01,2.586216671974554682e-03,1.580188410677562869e-03
-8.893842920666666929e-01,2.584927492368509563e-03,1.414777110092000929e-03
-8.868860215833332949e-01,2.583644327201576121e-03,1.249365809506321461e-03
-8.843877511000000080e-01,2.582367177581542696e-03,1.083954508920759521e-03
-8.818894806166667211e-01,2.581096044857472942e-03,9.185432083351975814e-04
-8.793912101333333231e-01,2.579830930548009278e-03,7.531319077495181140e-04
-8.768929396500000362e-01,2.578571836417934467e-03,5.877206071639561741e-04
-8.743946691666666382e-01,2.577318764406904845e-03,4.223093065783641476e-04
-8.718963986833333513e-01,2.576071716706215299e-03,3.800783759205367263e-04
-8.693981281999999533e-01,2.574830695687590609e-03,3.378474452627093592e-04
-8.668998577166666664e-01,2.573595703980428341e-03,2.956165146048819379e-04
-8.644015872333333794e-01,2.572366744399188099e-03,2.533855839470244842e-04
-8.619033167499999815e-01,2.571143820022916016e-03,2.111546532891971171e-04
-8.594050462666666945e-01,2.569926934121191577e-03,1.689237226313396634e-04
-8.569067757833332966e-01,2.568716090234915862e-03,1.266927919735122421e-04
-8.544085053000000096e-01,2.567511292101085259e-03,8.446186131568487500e-05
-8.519102348166667227e-01,2.566312543734743275e-03,4.223093065785745370e-05
-8.494119643333333247e-01,2.565119849353578608e-03,0.000000000000000000e+00
-8.469136938500000378e-01,2.563933213460403444e-03,0.000000000000000000e+00
-8.444154233666666398e-01,2.562752640766652150e-03,0.000000000000000000e+00
-8.419171528833333529e-01,2.561578136276632025e-03,0.000000000000000000e+00
-8.394188823999999549e-01,2.560409705210053150e-03,0.000000000000000000e+00
-8.369206119166666680e-01,2.559247353086963918e-03,0.000000000000000000e+00
-8.344223414333333810e-01,2.558091085650048002e-03,0.000000000000000000e+00
-8.319240709499999831e-01,2.556940908950435052e-03,0.000000000000000000e+00
-8.294258004666666961e-01,2.555796829269044428e-03,0.000000000000000000e+00
-8.269275299833332982e-01,2.554658853203869984e-03,0.000000000000000000e+00
-8.244292595000000112e-01,2.553526987590130307e-03,0.000000000000000000e+00
-8.219309890166667243e-01,2.552401239589031055e-03,0.000000000000000000e+00
-8.194327185333333263e-01,2.551281616607269879e-03,0.000000000000000000e+00
-8.169344480500000394e-01,2.550168126386505221e-03,0.000000000000000000e+00
-8.144361775666666414e-01,2.549060776922230671e-03,0.000000000000000000e+00
-8.119379070833333545e-01,2.547959576554599016e-03,0.000000000000000000e+00
-8.094396365999999565e-01,2.546864533886151246e-03,0.000000000000000000e+00
-8.069413661166666696e-01,2.545775657874699283e-03,0.000000000000000000e+00
-8.044430956333333826e-01,2.544692957749204471e-03,0.000000000000000000e+00
-8.019448251499999847e-01,2.543616443104160414e-03,0.000000000000000000e+00
-7.994465546666666977e-01,2.542546123815347860e-03,0.000000000000000000e+00
-7.969482841833332998e-01,2.541482010134691119e-03,0.000000000000000000e+00
-7.944500137000000128e-01,2.540424112605803916e-03,0.000000000000000000e+00
-7.919517432166666149e-01,2.539372442159607349e-03,0.000000000000000000e+00
-7.894534727333333279e-01,2.538327010029086880e-03,0.000000000000000000e+00
-7.869552022500000410e-01,2.537287827847056580e-03,0.000000000000000000e+00
-7.844569317666666430e-01,2.536254907558864805e-03,0.000000000000000000e+00
-7.819586612833333561e-01,2.535228261522700678e-03,0.000000000000000000e+00
-7.794603907999999581e-01,2.534207902420724644e-03,0.000000000000000000e+00
-7.769621203166666712e-01,2.533193843360590121e-03,0.000000000000000000e+00
-7.744638498333333843e-01,2.532186097786587493e-03,0.000000000000000000e+00
-7.719655793499999863e-01,2.531184679581978923e-03,0.000000000000000000e+00
-7.694673088666666994e-01,2.530189602979454524e-03,0.000000000000000000e+00
-7.669690383833333014e-01,2.529200882664931274e-03,0.000000000000000000e+00
-7.644707679000000144e-01,2.528218533686857773e-03,0.000000000000000000e+00
-7.619724974166666165e-01,2.527242571562270026e-03,0.000000000000000000e+00
-7.594742269333333295e-01,2.526273012184832023e-03,0.000000000000000000e+00
-7.569759564500000426e-01,2.525309871931760621e-03,0.000000000000000000e+00
-7.544776859666666446e-01,2.524353167572294162e-03,0.000000000000000000e+00
-7.519794154833333577e-01,2.523402916375188949e-03,0.000000000000000000e+00
-7.494811449999999597e-01,2.522459136016766759e-03,0.000000000000000000e+00
-7.469828745166666728e-01,2.521521844690454827e-03,0.000000000000000000e+00
-7.444846040333333859e-01,2.520591061012634158e-03,0.000000000000000000e+00
-7.419863335499999879e-01,2.519666804134963311e-03,0.000000000000000000e+00
-7.394880630666667010e-01,2.518749093649560577e-03,0.000000000000000000e+00
-7.369897925833333030e-01,2.517837949702400255e-03,0.000000000000000000e+00
-7.344915221000000161e-01,2.516933392897436651e-03,0.000000000000000000e+00
-7.319932516166666181e-01,2.516035444412467563e-03,0.000000000000000000e+00
-7.294949811333333312e-01,2.515144125901938154e-03,0.000000000000000000e+00
-7.269967106500000442e-01,2.514259459615044833e-03,0.000000000000000000e+00
-7.244984401666666463e-01,2.513381468297017345e-03,0.000000000000000000e+00
-7.220001696833333593e-01,2.512510175309489065e-03,0.000000000000000000e+00
-7.195018991999999614e-01,2.511645604531227878e-03,0.000000000000000000e+00
-7.170036287166666744e-01,2.510787780479709942e-03,0.000000000000000000e+00
-7.145053582333333875e-01,2.509936728211573445e-03,0.000000000000000000e+00
-7.120070877499999895e-01,2.509092473445815631e-03,0.000000000000000000e+00
-7.095088172666667026e-01,2.508255042463521881e-03,0.000000000000000000e+00
-7.070105467833333046e-01,2.507424462233589797e-03,0.000000000000000000e+00
-7.045122763000000177e-01,2.506600760310371406e-03,0.000000000000000000e+00
-7.020140058166666197e-01,2.505783964962493733e-03,0.000000000000000000e+00
-6.995157353333333328e-01,2.504974105070012676e-03,0.000000000000000000e+00
-6.970174648500000458e-01,2.504171210254213260e-03,4.986143476462179453e-06
-6.945191943666666479e-01,2.503375310774406167e-03,9.972286952920813227e-06
-6.920209238833333609e-01,2.502586437660569030e-03,1.495843042937944700e-05
-6.895226533999999630e-01,2.501804622608435127e-03,1.994457390584162645e-05
-6.870243829166666760e-01,2.501029898115160899e-03,2.493071738230026192e-05
-6.845261124333333891e-01,2.500262297372956178e-03,2.991686085875889400e-05
-6.820278419499999911e-01,2.499501854407516419e-03,3.490300433522107345e-05
-6.795295714666667042e-01,2.498748603970817224e-03,3.988914781167970892e-05
-6.770313009833333062e-01,2.498002581682054989e-03,4.487529128813834439e-05
-6.745330305000000193e-01,2.497263823919550207e-03,4.986143476460051707e-05
-6.720347600166666213e-01,2.496532367964157933e-03,2.072565876528656415e-04
-6.695364895333333344e-01,2.495808251890331477e-03,3.646517405411307659e-04
-6.670382190500000474e-01,2.495091514712807594e-03,5.220468934295077528e-04
-6.645399485666666495e-01,2.494382196275987500e-03,6.794420463177729044e-04
-6.620416780833333625e-01,2.493680337403869889e-03,8.368371992060379475e-04
-6.595434075999999646e-01,2.492985979789016059e-03,9.942323520944150970e-04
-6.570451371166666776e-01,2.492299166144533798e-03,1.151627504982679923e-03
-6.545468666333333907e-01,2.491619940092681691e-03,1.309022657870945183e-03
-6.520485961499999927e-01,2.490948346320301203e-03,1.466417810759322333e-03
-6.495503256666667058e-01,2.490284430465761287e-03,1.623812963647587593e-03
-6.470520551833333078e-01,2.489628239278378168e-03,1.910651904534204889e-03
-6.445537847000000209e-01,2.488979820503940937e-03,2.197490845421026014e-03
-6.420555142166666229e-01,2.488339223047710946e-03,2.484329786307643093e-03
-6.395572437333333360e-01,2.487706496859705407e-03,2.771168727194260606e-03
-6.370589732500000490e-01,2.487081693099854780e-03,3.058007668081081515e-03
-6.345607027666666511e-01,2.486464864023805055e-03,3.344846608967698594e-03
-6.320624322833333641e-01,2.485856063151121748e-03,3.631685549854316106e-03
-6.295641617999999662e-01,2.485255345150242604e-03,3.918524490741137449e-03
-6.270658913166666792e-01,2.484662766010965057e-03,4.205363431627754528e-03
-6.245676208333332813e-01,2.484078382927968655e-03,4.492202372514371607e-03
-6.220693503499999943e-01,2.483502254477716956e-03,4.803440724056055530e-03
-6.195710798666667074e-01,2.482934440501574462e-03,5.114679075597518276e-03
-6.170728093833333094e-01,2.482375002286230006e-03,5.425917427138981022e-03
-6.145745389000000225e-01,2.481824002446175736e-03,5.737155778680664946e-03
-6.120762684166666245e-01,2.481281505109027632e-03,6.048394130222126824e-03
-6.095779979333333376e-01,2.480747575796865643e-03,6.359632481763589570e-03
-6.070797274500000507e-01,2.480222281616554104e-03,6.670870833305274361e-03
-6.045814569666666527e-01,2.479705691139893163e-03,6.982109184846736240e-03
-6.020831864833333658e-01,2.479197874599056630e-03,7.293347536388198986e-03
-5.995849159999999678e-01,2.478698903766574264e-03,7.604585887929882909e-03
-5.970866455166666809e-01,2.478208852154835384e-03,7.826568272329057635e-03
-5.945883750333332829e-01,2.477727794896504836e-03,8.048550656728234096e-03
-5.920901045499999960e-01,2.477255808948646172e-03,8.270533041127566681e-03
-5.895918340666667090e-01,2.476792972973185323e-03,8.492515425526743142e-03
-5.870935635833333111e-01,2.476339367546293458e-03,8.714497809925917868e-03
-5.845952931000000241e-01,2.475895075038288609e-03,8.936480194325250453e-03
-5.820970226166666261e-01,2.475460179829234043e-03,9.158462578724426914e-03
-5.795987521333333392e-01,2.475034768188695902e-03,9.380444963123601640e-03
-5.771004816500000523e-01,2.474618928496605599e-03,9.602427347522934226e-03
-5.746022111666666543e-01,2.474212751123633716e-03,9.824409731922110686e-03
-5.721039406833333674e-01,2.473816328658075790e-03,9.884157293507006212e-03
-5.696056701999999694e-01,2.473429755786424409e-03,9.943904855091943371e-03
-5.671073997166666825e-01,2.473053129526851714e-03,1.000365241667683890e-02
-5.646091292333332845e-01,2.472686549109637082e-03,1.006339997826177605e-02
-5.621108587499999976e-01,2.472330116218078144e-03,1.012314753984667158e-02
-5.596125882666667106e-01,2.471983934869155259e-03,1.018289510143156711e-02
-5.571143177833333127e-01,2.471648111661259133e-03,1.024264266301646263e-02
-5.546160473000000257e-01,2.471322755656116428e-03,1.030239022460139979e-02
-5.521177768166666278e-01,2.471007978633749450e-03,1.036213778618629532e-02
-5.496195063333333408e-01,2.470703894975294704e-03,1.042188534777123247e-02
-5.471212358500000539e-01,2.470410621925986545e-03,1.030859301635066866e-02
-5.446229653666666559e-01,2.470128279478974939e-03,1.019530068493010311e-02
-5.421246948833333690e-01,2.469856990646534731e-03,1.008200835350953929e-02
-5.396264243999999710e-01,2.469596881345874871e-03,9.968716022088893944e-03
-5.371281539166666841e-01,2.469348080678515633e-03,9.855423690668330128e-03
-5.346298834333332861e-01,2.469110720817861183e-03,9.742131359247684780e-03
-5.321316129499999992e-01,2.468884937298083081e-03,9.628839027827120964e-03
-5.296333424666667122e-01,2.468670868903520815e-03,9.515546696406555413e-03
-5.271350719833333143e-01,2.468468657967755071e-03,9.402254364985910065e-03
-5.246368015000000273e-01,2.468278450264660591e-03,9.288962033565346249e-03
-5.221385310166666294e-01,2.468100395318163602e-03,9.049983227363453744e-03
-5.196402605333333424e-01,2.467934646296621876e-03,8.811004421161392972e-03
-5.171419900500000555e-01,2.467781360332415002e-03,8.572025614959500467e-03
-5.146437195666666575e-01,2.467640698420407556e-03,8.333046808757609697e-03
-5.121454490833333706e-01,2.467512825748743085e-03,8.094068002555547189e-03
-5.096471785999999726e-01,2.467397911601143176e-03,7.855089196353654685e-03
-5.071489081166666857e-01,2.467296129699898290e-03,7.616110390151763915e-03
-5.046506376333332877e-01,2.467207658112315419e-03,7.377131583949701407e-03
-5.021523671500000008e-01,2.467132679606882841e-03,7.138152777747810637e-03
-4.996540966666666583e-01,2.467071381564356434e-03,6.899173971545918133e-03
-4.971558261833333159e-01,2.467023956348247168e-03,6.617396811215105722e-03
-4.946575557000000289e-01,2.466990601220594211e-03,6.335619650884493671e-03
-4.921592852166666865e-01,2.466971518727642098e-03,6.053842490553880754e-03
-4.896610147333333440e-01,2.466966916621886156e-03,5.772065330223068343e-03
-4.871627442500000016e-01,2.466977008263384740e-03,5.490288169892456292e-03
-4.846644737666666591e-01,2.467002012548279079e-03,5.208511009561844242e-03
-4.821662032833333167e-01,2.467042154327586754e-03,4.926733849231031831e-03
-4.796679327999999742e-01,2.467097664343363868e-03,4.644956688900419781e-03
-4.771696623166666873e-01,2.467168779664795451e-03,4.363179528569806863e-03
-4.746713918333333448e-01,2.467255743633722537e-03,4.081402368238994452e-03
-4.721731213500000024e-01,2.467358806320061725e-03,3.843269706527025105e-03
-4.696748508666666599e-01,2.467478224476423506e-03,3.605137044815056192e-03
-4.671765803833333175e-01,2.467614262014855044e-03,3.367004383102917709e-03
-4.646783098999999750e-01,2.467767189971916287e-03,3.128871721390948796e-03
-4.621800394166666881e-01,2.467937287007602922e-03,2.890739059678979449e-03
-4.596817689333333457e-01,2.468124839382820554e-03,2.652606397966840966e-03
-4.571834984500000032e-01,2.468330141481964515e-03,2.414473736254871619e-03
-4.546852279666666607e-01,2.468553495803869815e-03,2.176341074542902706e-03
-4.521869574833333183e-01,2.468795213510017583e-03,1.938208412830764223e-03
-4.496886869999999758e-01,2.469055614430702011e-03,1.700075751118795093e-03
-4.471904165166666889e-01,2.469335027641282078e-03,1.563213240279775389e-03
-4.446921460333333465e-01,2.469633791484156151e-03,1.426350729440658324e-03
-4.421938755500000040e-01,2.469952254175914776e-03,1.289488218601638619e-03
-4.396956050666666616e-01,2.470290773847359442e-03,1.152625707762618915e-03
-4.371973345833333191e-01,2.470649719183337124e-03,1.015763196923501850e-03
-4.346990640999999767e-01,2.471029469483428283e-03,8.789006860844821457e-04
-4.322007936166666897e-01,2.471430415336670159e-03,7.420381752454624415e-04
-4.297025231333333473e-01,2.471852958705572038e-03,6.051756644063453761e-04
-4.272042526500000048e-01,2.472297513638876693e-03,4.683131535673256719e-04
-4.247059821666666624e-01,2.472764506381210526e-03,3.314506427283059678e-04
-4.222077116833333199e-01,2.473254376126931067e-03,2.983055784554612222e-04
-4.197094411999999775e-01,2.473767575158657226e-03,2.651605141826400580e-04
-4.172111707166666905e-01,2.474304569646367490e-03,2.320154499098188937e-04
-4.147129002333333481e-01,2.474865839816740160e-03,1.988703856369741481e-04
-4.122146297500000056e-01,2.475451880802274039e-03,1.657253213641529839e-04
-4.097163592666666632e-01,2.476063202845676589e-03,1.325802570913317926e-04
-4.072180887833333207e-01,2.476700332202110520e-03,9.943519281848707406e-05
-4.047198182999999783e-01,2.477363811383608092e-03,6.629012854566590984e-05
-4.022215478166666913e-01,2.478054200119165964e-03,3.314506427284469141e-05
-3.997232773333333489e-01,2.478772075643845968e-03,0.000000000000000000e+00
-3.972250068500000064e-01,2.479518033721685166e-03,0.000000000000000000e+00
-3.947267363666666640e-01,2.480292688984839927e-03,0.000000000000000000e+00
-3.922284658833333215e-01,2.481096676026168981e-03,0.000000000000000000e+00
-3.897301953999999791e-01,2.481930649793019118e-03,0.000000000000000000e+00
-3.872319249166666921e-01,2.482795286756729353e-03,0.000000000000000000e+00
-3.847336544333333497e-01,2.483691285367439425e-03,0.000000000000000000e+00
-3.822353839500000072e-01,2.484619367308049404e-03,0.000000000000000000e+00
-3.797371134666666648e-01,2.485580278017843810e-03,0.000000000000000000e+00
-3.772388429833333223e-01,2.486574788038643530e-03,0.000000000000000000e+00
-3.747405724999999799e-01,2.487603693615694951e-03,0.000000000000000000e+00
-3.722423020166666929e-01,2.488667818145265474e-03,0.000000000000000000e+00
-3.697440315333333505e-01,2.489768012862172974e-03,0.000000000000000000e+00
-3.672457610500000080e-01,2.490905158400381209e-03,0.000000000000000000e+00
-3.647474905666666656e-01,2.492080165575804619e-03,0.000000000000000000e+00
-3.622492200833333231e-01,2.493293977072826885e-03,0.000000000000000000e+00
-3.597509495999999807e-01,2.494547568334784787e-03,0.000000000000000000e+00
-3.572526791166666937e-01,2.495841949388520435e-03,0.000000000000000000e+00
-3.547544086333333513e-01,2.497178165856837884e-03,0.000000000000000000e+00
-3.522561381500000088e-01,2.498557300935838089e-03,0.000000000000000000e+00
-3.497578676666666664e-01,2.499980476544599092e-03,0.000000000000000000e+00
-3.472595971833333239e-01,2.501448855473008704e-03,0.000000000000000000e+00
-3.447613266999999815e-01,2.502963642684972057e-03,0.000000000000000000e+00
-3.422630562166666945e-01,2.504526087656304065e-03,0.000000000000000000e+00
-3.397647857333333521e-01,2.506137485851545922e-03,0.000000000000000000e+00
-3.372665152500000096e-01,2.507799181273971320e-03,0.000000000000000000e+00
-3.347682447666666672e-01,2.509512568137875054e-03,0.000000000000000000e+00
-3.322699742833333247e-01,2.511279093655541163e-03,0.000000000000000000e+00
-3.297717037999999823e-01,2.513100259931365377e-03,0.000000000000000000e+00
-3.272734333166666953e-01,2.514977627014164819e-03,0.000000000000000000e+00
-3.247751628333333529e-01,2.516912815041307937e-03,0.000000000000000000e+00
-3.222768923500000104e-01,2.518907507589598308e-03,0.000000000000000000e+00
-3.197786218666666680e-01,2.520963454103685841e-03,0.000000000000000000e+00
-3.172803513833333255e-01,2.523082473581724026e-03,0.000000000000000000e+00
-3.147820808999999831e-01,2.525266457325994751e-03,0.000000000000000000e+00
-3.122838104166666406e-01,2.527517373006951673e-03,0.000000000000000000e+00
-3.097855399333333537e-01,2.529837267781037853e-03,0.000000000000000000e+00
-3.072872694500000113e-01,2.532228272780646244e-03,0.000000000000000000e+00
-3.047889989666666688e-01,2.534692606650088085e-03,0.000000000000000000e+00
-3.022907284833333263e-01,2.537232580519449728e-03,0.000000000000000000e+00
-2.997924579999999839e-01,2.539850602016064784e-03,0.000000000000000000e+00
-2.972941875166666414e-01,2.542549180788375440e-03,0.000000000000000000e+00
-2.947959170333333545e-01,2.545330933061304163e-03,0.000000000000000000e+00
-2.922976465500000121e-01,2.548198587784419010e-03,0.000000000000000000e+00
-2.897993760666666696e-01,2.551154991811468813e-03,0.000000000000000000e+00
-2.873011055833333272e-01,2.554203116760584390e-03,0.000000000000000000e+00
-2.848028350999999847e-01,2.557346064909017669e-03,0.000000000000000000e+00
-2.823045646166666423e-01,2.560587076867890544e-03,0.000000000000000000e+00
-2.798062941333333553e-01,2.563929538300327438e-03,0.000000000000000000e+00
-2.773080236500000129e-01,2.567376988528124061e-03,0.000000000000000000e+00
-2.748097531666666704e-01,2.570933128199898686e-03,0.000000000000000000e+00
-2.723114826833333280e-01,2.574601828968376294e-03,0.000000000000000000e+00
-2.698132121999999855e-01,2.578387142256297580e-03,0.000000000000000000e+00
-2.673149417166666431e-01,2.582293310167149171e-03,0.000000000000000000e+00
-2.648166712333333561e-01,2.586324775521488262e-03,0.000000000000000000e+00
-2.623184007500000137e-01,2.590486194193687090e-03,0.000000000000000000e+00
-2.598201302666666712e-01,2.594782446623087810e-03,0.000000000000000000e+00
-2.573218597833333288e-01,2.599218651802742783e-03,0.000000000000000000e+00
-2.548235892999999863e-01,2.603800180507509845e-03,0.000000000000000000e+00
-2.523253188166666439e-01,2.608532671201160835e-03,0.000000000000000000e+00
-2.498270483333333292e-01,2.613422045270935665e-03,0.000000000000000000e+00
-2.473287778500000145e-01,2.618474525169807790e-03,0.000000000000000000e+00
-2.448305073666666720e-01,2.623696651998018090e-03,0.000000000000000000e+00
-2.423322368833333296e-01,2.629095306260789428e-03,0.000000000000000000e+00
-2.398339663999999871e-01,2.634677728206150094e-03,0.000000000000000000e+00
-2.373356959166666724e-01,2.640451541648066933e-03,0.000000000000000000e+00
-2.348374254333333300e-01,2.646424777552626104e-03,0.000000000000000000e+00
-2.323391549499999875e-01,2.652605901469761406e-03,0.000000000000000000e+00
-2.298408844666666728e-01,2.659003840956602593e-03,0.000000000000000000e+00
-2.273426139833333304e-01,2.665628017272179094e-03,0.000000000000000000e+00
-2.248443434999999879e-01,2.672488377351237270e-03,0.000000000000000000e+00
-2.223460730166666732e-01,2.679595430552225276e-03,0.000000000000000000e+00
-2.198478025333333308e-01,2.686960286046673717e-03,0.000000000000000000e+00
-2.173495320499999883e-01,2.694594695580753395e-03,0.000000000000000000e+00
-2.148512615666666736e-01,2.702511097333529580e-03,0.000000000000000000e+00
-2.123529910833333312e-01,2.710722665863421737e-03,0.000000000000000000e+00
-2.098547205999999887e-01,2.719243363724640778e-03,0.000000000000000000e+00
-2.073564501166666740e-01,2.728088000033158413e-03,0.000000000000000000e+00
-2.048581796333333316e-01,2.737272291425391427e-03,0.000000000000000000e+00
-2.023599091499999891e-01,2.746812931010537279e-03,0.000000000000000000e+00
-1.998616386666666744e-01,2.756727660628319025e-03,0.000000000000000000e+00
-1.973633681833333320e-01,2.767035352373289122e-03,0.000000000000000000e+00
-1.948650976999999895e-01,2.777756094578583395e-03,0.000000000000000000e+00
-1.923668272166666748e-01,2.788911288632513977e-03,0.000000000000000000e+00
-1.898685567333333324e-01,2.800523751716649072e-03,0.000000000000000000e+00
-1.873702862499999899e-01,2.812617832315138580e-03,0.000000000000000000e+00
-1.848720157666666752e-01,2.825219533506543538e-03,0.000000000000000000e+00
-1.823737452833333328e-01,2.838356651443359972e-03,0.000000000000000000e+00
-1.798754747999999903e-01,2.852058923992900185e-03,0.000000000000000000e+00
-1.773772043166666756e-01,2.866358197598366762e-03,0.000000000000000000e+00
-1.748789338333333332e-01,2.881288607357816028e-03,0.000000000000000000e+00
-1.723806633499999907e-01,2.896886779157675004e-03,1.449188024768998013e-04
-1.698823928666666760e-01,2.913192048971715350e-03,2.898376049536965492e-04
-1.673841223833333336e-01,2.930246709101242200e-03,4.347564074304933242e-04
-1.648858518999999911e-01,2.948096276706543839e-03,5.796752099073930985e-04
-1.623875814166666764e-01,2.966789795560634789e-03,7.245940123841898735e-04
-1.598893109333333340e-01,2.986380166791219575e-03,8.695128148609866485e-04
-1.573910404499999915e-01,3.006924520984370023e-03,1.014431617337886423e-03
-1.548927699666666769e-01,3.028484628088859692e-03,1.159350419814683198e-03
-1.523944994833333344e-01,3.051127359323470116e-03,1.304269222291479973e-03
-1.498962289999999919e-01,3.074925198566052977e-03,1.449188024768379747e-03
-1.473979585166666773e-01,3.099956819787508342e-03,1.971333288925544106e-03
-1.448996880333333348e-01,3.126307729575990377e-03,2.493478553082708465e-03
-1.424014175499999924e-01,3.154070994418190291e-03,3.015623817240244489e-03
-1.399031470666666777e-01,3.183348054109506279e-03,3.537769081397408848e-03
-1.374048765833333352e-01,3.214249645110094002e-03,4.059914345554574075e-03
-1.349066060999999928e-01,3.246896838665511154e-03,4.582059609712109231e-03
-1.324083356166666781e-01,3.281422223143582589e-03,5.104204873869273157e-03
-1.299100651333333356e-01,3.317971240512238452e-03,5.626350138026437950e-03
-1.274117946499999932e-01,3.356703714208110131e-03,6.148495402183973974e-03
-1.249135241666666646e-01,3.397795585888688154e-03,6.670640666341138766e-03
-1.224152536833333360e-01,3.441440909317529731e-03,7.572728959905909024e-03
-1.199169831999999936e-01,3.487854130160307747e-03,8.474817253471321130e-03
-1.174187127166666650e-01,3.537272715741786745e-03,9.376905547036091387e-03
-1.149204422333333364e-01,3.589960180526961548e-03,1.027899384060086165e-02
-1.124221717499999940e-01,3.646209594496323779e-03,1.118108213416627375e-02
-1.099239012666666654e-01,3.706347646033207426e-03,1.208317042773104574e-02
-1.074256307833333368e-01,3.770739381002839469e-03,1.298525872129581427e-02
-1.049273602999999944e-01,3.839793729515940477e-03,1.388734701486122811e-02
-1.024290898166666658e-01,3.913969994638323742e-03,1.478943530842599836e-02
-9.993081933333333722e-02,3.993785477014064229e-03,1.569152360199076862e-02
-9.743254884999999477e-02,4.079824491523323902e-03,1.680520300948063969e-02
-9.493427836666666619e-02,4.172749049610065958e-03,1.791888241696971973e-02
-9.243600788333333762e-02,4.273311593800015358e-03,1.903256182445879977e-02
-8.993773739999999517e-02,4.382370220330666921e-03,2.014624123194867084e-02
-8.743946691666666660e-02,4.500906989325950854e-03,2.125992063943775434e-02
-8.494119643333333802e-02,4.630050028844034937e-03,2.237360004692683091e-02
-8.244292594999999557e-02,4.771100389296121722e-03,2.348727945441670545e-02
-7.994465546666666700e-02,4.925564816968605077e-03,2.460095886190578202e-02
-7.744638498333333843e-02,5.095196019731487898e-03,2.571463826939565656e-02
-7.494811449999999597e-02,5.282042407796615734e-03,2.682831767688473659e-02
-7.244984401666666740e-02,5.488509982241443486e-03,2.789180282389489354e-02
-6.995157353333333883e-02,5.717439835408562147e-03,2.895528797090580683e-02
-6.745330304999999638e-02,5.972205968574288010e-03,3.001877311791596378e-02
-6.495503256666666780e-02,6.256839687758631446e-03,3.108225826492611726e-02
-6.245676208333333229e-02,6.576189194282248789e-03,3.214574341193703055e-02
-5.995849159999999678e-02,6.936126137803785667e-03,3.320922855894718750e-02
-5.746022111666666821e-02,7.343815622122506354e-03,3.427271370595734445e-02
-5.496195063333333269e-02,7.808072803493649322e-03,3.533619885296825774e-02
-5.246368014999999718e-02,8.339839253630685831e-03,3.639968399997841469e-02
-4.996540966666666861e-02,8.952827017202208415e-03,3.746316914698857165e-02
-4.746713918333333310e-02,9.664400985069328265e-03,3.820678141043896969e-02
-4.496886869999999758e-02,1.049680496480218279e-02,3.895039367388884038e-02
-4.247059821666666901e-02,1.147889177129677273e-02,3.969400593733871108e-02
-3.997232773333333350e-02,1.264860519997594926e-02,4.043761820078911606e-02
-3.747405724999999799e-02,1.405660460919852181e-02,4.118123046423897982e-02
-3.497578676666666941e-02,1.577165872460236859e-02,4.192484272768885745e-02
-3.247751628333333390e-02,1.788883044980479897e-02,4.266845499113925549e-02
-2.997924579999999839e-02,2.054213619679392047e-02,4.341206725458912619e-02
-2.748097531666666635e-02,2.392444717216029443e-02,4.415567951803899688e-02
-2.498270483333333430e-02,2.831902512882636738e-02,4.489929178148939493e-02
-2.248443434999999879e-02,3.414886071667284223e-02,4.512460060351253244e-02
-1.998616386666666675e-02,4.204916948888844097e-02,4.534990942553567689e-02
-1.748789338333333471e-02,5.295481166641086840e-02,4.557521824755897399e-02
-1.498962289999999919e-02,6.814272520371868203e-02,4.580052706958211844e-02
-1.249135241666666715e-02,8.904904473857656877e-02,4.602583589160525596e-02
-9.993081933333333375e-03,1.165402780767794549e-01,4.625114471362856000e-02
-7.494811449999999597e-03,1.494478154694703076e-01,4.647645353565169751e-02
-4.996540966666666687e-03,1.829963356262037932e-01,4.670176235767484196e-02
-2.498270483333333344e-03,2.089237761557615203e-01,4.692707117969814601e-02
0.000000000000000000e+00,2.187799537661546112e-01,4.715238000172128352e-02
2.498270483333333344e-03,2.089237761557614925e-01,4.679010570663548474e-02
4.996540966666666687e-03,1.829963356262038487e-01,4.642783141154969290e-02
7.494811449999999597e-03,1.494478154694703076e-01,4.606555711646389412e-02
9.993081933333333375e-03,1.165402780767794272e-01,4.570328282137810227e-02
1.249135241666666715e-02,8.904904473857647162e-02,4.534100852629230349e-02
1.498962289999999919e-02,6.814272520371864039e-02,4.497873423120650471e-02
1.748789338333333471e-02,5.295481166641094473e-02,4.461645993612071287e-02
1.998616386666666675e-02,4.204916948888842709e-02,4.425418564103491409e-02
2.248443434999999879e-02,3.414886071667280060e-02,4.389191134594912225e-02
2.498270483333333430e-02,2.831902512882644718e-02,4.352963705086332347e-02
2.748097531666666635e-02,2.392444717216038463e-02,4.266386641443584149e-02
2.997924579999999839e-02,2.054213619679388578e-02,4.179809577800835257e-02
3.247751628333333390e-02,1.788883044980481979e-02,4.093232514158086366e-02
3.497578676666666941e-02,1.577165872460230614e-02,4.006655450515338168e-02
3.747405724999999799e-02,1.405660460919855650e-02,3.920078386872589971e-02
3.997232773333333350e-02,1.264860519997585385e-02,3.833501323229841079e-02
4.247059821666666901e-02,1.147889177129668078e-02,3.746924259587092187e-02
4.496886869999999758e-02,1.049680496480216545e-02,3.660347195944343990e-02
4.746713918333333310e-02,9.664400985069317856e-03,3.573770132301595792e-02
4.996540966666666861e-02,8.952827017202234436e-03,3.487193068658846901e-02
5.246368014999999718e-02,8.339839253630564400e-03,3.372328426528662521e-02
5.496195063333333269e-02,7.808072803493665802e-03,3.257463784398477447e-02
5.746022111666666821e-02,7.343815622122572273e-03,3.142599142268293066e-02
5.995849159999999678e-02,6.936126137803791739e-03,3.027734500138108339e-02
6.245676208333333229e-02,6.576189194282198482e-03,2.912869858007923612e-02
6.495503256666666780e-02,6.256839687758646192e-03,2.798005215877738885e-02
6.745330304999999638e-02,5.972205968574425053e-03,2.683140573747554158e-02
6.995157353333333883e-02,5.717439835408578627e-03,2.568275931617369084e-02
7.244984401666666740e-02,5.488509982241463435e-03,2.453411289487184704e-02
7.494811449999999597e-02,5.282042407796658234e-03,2.338546647357000324e-02
7.744638498333333843e-02,5.095196019731578971e-03,2.225282439411979674e-02
7.994465546666666700e-02,4.925564816968649312e-03,2.112018231466959370e-02
8.244292594999999557e-02,4.771100389296125191e-03,1.998754023521939413e-02
8.494119643333333802e-02,4.630050028844080040e-03,1.885489815576918415e-02
8.743946691666666660e-02,4.500906989325971670e-03,1.772225607631898459e-02
8.993773739999999517e-02,4.382370220330725902e-03,1.658961399686878502e-02
9.243600788333333762e-02,4.273311593800013623e-03,1.545697191741857678e-02
9.493427836666666619e-02,4.172749049610017386e-03,1.432432983796837547e-02
9.743254884999999477e-02,4.079824491523383750e-03,1.319168775851817417e-02
9.993081933333333722e-02,3.993785477014069434e-03,1.205904567906796593e-02
1.024290898166666658e-01,3.913969994638299456e-03,1.122702437228289413e-02
1.049273602999999944e-01,3.839793729515998590e-03,1.039500306549782059e-02
1.074256307833333368e-01,3.770739381002882838e-03,9.562981758712743585e-03
1.099239012666666654e-01,3.706347646033279850e-03,8.730960451927671784e-03
1.124221717499999940e-01,3.646209594496384494e-03,7.898939145142599982e-03
1.149204422333333364e-01,3.589960180526928155e-03,7.066917838357522977e-03
1.174187127166666650e-01,3.537272715741797153e-03,6.234896531572450308e-03
1.199169831999999936e-01,3.487854130160294303e-03,5.402875224787378507e-03
1.224152536833333360e-01,3.441440909317532333e-03,4.570853918002301501e-03
1.249135241666666646e-01,3.397795585888740196e-03,3.738832611217228832e-03
1.274117946499999932e-01,3.356703714208082376e-03,3.364949350095504128e-03
1.299100651333333356e-01,3.317971240512178170e-03,2.991066088973780290e-03
1.324083356166666781e-01,3.281422223143558303e-03,2.617182827852056019e-03
1.349066060999999928e-01,3.246896838665461714e-03,2.243299566730336085e-03
1.374048765833333352e-01,3.214249645110114385e-03,1.869416305608612031e-03
1.399031470666666777e-01,3.183348054109479824e-03,1.495533044486887977e-03
1.424014175499999924e-01,3.154070994418090544e-03,1.121649783365168043e-03
1.448996880333333348e-01,3.126307729576041118e-03,7.477665222434437715e-04
1.473979585166666773e-01,3.099956819787488826e-03,3.738832611217199342e-04
1.498962289999999919e-01,3.074925198566007441e-03,0.000000000000000000e+00
1.523944994833333344e-01,3.051127359323483126e-03,0.000000000000000000e+00
1.548927699666666769e-01,3.028484628088768185e-03,0.000000000000000000e+00
1.573910404499999915e-01,3.006924520984333160e-03,0.000000000000000000e+00
1.598893109333333340e-01,2.986380166791241259e-03,0.000000000000000000e+00
1.623875814166666764e-01,2.966789795560620044e-03,0.000000000000000000e+00
1.648858518999999911e-01,2.948096276706542972e-03,0.000000000000000000e+00
1.673841223833333336e-01,2.930246709101208807e-03,0.000000000000000000e+00
1.698823928666666760e-01,2.913192048971811627e-03,0.000000000000000000e+00
1.723806633499999907e-01,2.896886779157673703e-03,0.000000000000000000e+00
1.748789338333333332e-01,2.881288607357814727e-03,0.000000000000000000e+00
1.773772043166666756e-01,2.866358197598351584e-03,0.000000000000000000e+00
1.798754747999999903e-01,2.852058923992930543e-03,0.000000000000000000e+00
1.823737452833333328e-01,2.838356651443284077e-03,0.000000000000000000e+00
1.848720157666666752e-01,2.825219533506560885e-03,0.000000000000000000e+00
1.873702862499999899e-01,2.812617832315171106e-03,0.000000000000000000e+00
1.898685567333333324e-01,2.800523751716665986e-03,0.000000000000000000e+00
1.923668272166666748e-01,2.788911288632511375e-03,0.000000000000000000e+00
1.948650976999999895e-01,2.777756094578514873e-03,0.000000000000000000e+00
1.973633681833333320e-01,2.767035352373298663e-03,0.000000000000000000e+00
1.998616386666666744e-01,2.756727660628360659e-03,0.000000000000000000e+00
2.023599091499999891e-01,2.746812931010573708e-03,0.000000000000000000e+00
2.048581796333333316e-01,2.737272291425403136e-03,0.000000000000000000e+00
2.073564501166666740e-01,2.728088000033126320e-03,0.000000000000000000e+00
2.098547205999999887e-01,2.719243363724735321e-03,0.000000000000000000e+00
2.123529910833333312e-01,2.710722665863462503e-03,0.000000000000000000e+00
2.148512615666666736e-01,2.702511097333486646e-03,0.000000000000000000e+00
2.173495320499999883e-01,2.694594695580779416e-03,0.000000000000000000e+00
2.198478025333333308e-01,2.686960286046707110e-03,0.000000000000000000e+00
2.223460730166666732e-01,2.679595430552217904e-03,0.000000000000000000e+00
2.248443434999999879e-01,2.672488377351337017e-03,0.000000000000000000e+00
2.273426139833333304e-01,2.665628017272190370e-03,0.000000000000000000e+00
2.298408844666666728e-01,2.659003840956608664e-03,0.000000000000000000e+00
2.323391549499999875e-01,2.652605901469859417e-03,0.000000000000000000e+00
2.348374254333333300e-01,2.646424777552555847e-03,0.000000000000000000e+00
2.373356959166666724e-01,2.640451541648030503e-03,0.000000000000000000e+00
2.398339663999999871e-01,2.634677728206065526e-03,0.000000000000000000e+00
2.423322368833333296e-01,2.629095306260798102e-03,0.000000000000000000e+00
2.448305073666666720e-01,2.623696651998026329e-03,0.000000000000000000e+00
2.473287778500000145e-01,2.618474525169705875e-03,0.000000000000000000e+00
2.498270483333333292e-01,2.613422045270947375e-03,0.000000000000000000e+00
2.523253188166666439e-01,2.608532671201133080e-03,9.214504180140187803e-05
2.548235892999999863e-01,2.603800180507391451e-03,1.842900836028058160e-04
2.573218597833333288e-01,2.599218651802770105e-03,2.764351254042097541e-04
2.598201302666666712e-01,2.594782446623076534e-03,3.685801672056136921e-04
2.623184007500000137e-01,2.590486194193640252e-03,4.607252090070175759e-04
2.648166712333333561e-01,2.586324775521477853e-03,5.528702508084215681e-04
2.673149417166666431e-01,2.582293310167112308e-03,6.450152926098233919e-04
2.698132121999999855e-01,2.578387142256254646e-03,7.371603344112273842e-04
2.723114826833333280e-01,2.574601828968417928e-03,8.293053762126312680e-04
2.748097531666666704e-01,2.570933128199829731e-03,9.214504180140351518e-04
2.773080236500000129e-01,2.567376988528071585e-03,1.188226504959206953e-03
2.798062941333333553e-01,2.563929538300319198e-03,1.455002591904378754e-03
2.823045646166666423e-01,2.560587076867879702e-03,1.721778678849544700e-03
2.848028350999999847e-01,2.557346064909078818e-03,1.988554765794716718e-03
2.873011055833333272e-01,2.554203116760492883e-03,2.255330852739888085e-03
2.897993760666666696e-01,2.551154991811532130e-03,2.522106939685060320e-03
2.922976465500000121e-01,2.548198587784393856e-03,2.788883026630231687e-03
2.947959170333333545e-01,2.545330933061294189e-03,3.055659113575403922e-03
2.972941875166666414e-01,2.542549180788417074e-03,3.322435200520569652e-03
2.997924579999999839e-01,2.539850602016075192e-03,3.589211287465741453e-03
3.022907284833333263e-01,2.537232580519396818e-03,3.928971493768757504e-03
3.047889989666666688e-01,2.534692606650109769e-03,4.268731700071772689e-03
3.072872694500000113e-01,2.532228272780654484e-03,4.608491906374788741e-03
3.097855399333333537e-01,2.529837267780998388e-03,4.948252112677804793e-03
3.122838104166666406e-01,2.527517373007046649e-03,5.288012318980813038e-03
3.147820808999999831e-01,2.525266457325930133e-03,5.627772525283828223e-03
3.172803513833333255e-01,2.523082473581711449e-03,5.967532731586844275e-03
3.197786218666666680e-01,2.520963454103830256e-03,6.307292937889860326e-03
3.222768923500000104e-01,2.518907507589634737e-03,6.647053144192876378e-03
3.247751628333333529e-01,2.516912815041332224e-03,6.986813350495891563e-03
3.272734333166666953e-01,2.514977627014102803e-03,7.233877029688487448e-03
3.297717037999999823e-01,2.513100259931432597e-03,7.480940708881078129e-03
3.322699742833333247e-01,2.511279093655511239e-03,7.728004388073674881e-03
3.347682447666666672e-01,2.509512568137850768e-03,7.975068067266270766e-03
3.372665152500000096e-01,2.507799181274004280e-03,8.222131746458867518e-03
3.397647857333333521e-01,2.506137485851611408e-03,8.469195425651464271e-03
3.422630562166666945e-01,2.504526087656314907e-03,8.716259104844059288e-03
3.447613266999999815e-01,2.502963642685138591e-03,8.963322784036650837e-03
3.472595971833333239e-01,2.501448855473059878e-03,9.210386463229245854e-03
3.497578676666666664e-01,2.499980476544609066e-03,9.457450142421842607e-03
3.522561381500000088e-01,2.498557300935844595e-03,9.486721991764805739e-03
3.547544086333333513e-01,2.497178165856867808e-03,9.515993841107768872e-03
3.572526791166666937e-01,2.495841949388593294e-03,9.545265690450732005e-03
3.597509495999999807e-01,2.494547568334764404e-03,9.574537539793695137e-03
3.622492200833333231e-01,2.493293977072772241e-03,9.603809389136658270e-03
3.647474905666666656e-01,2.492080165575786405e-03,9.633081238479621403e-03
3.672457610500000080e-01,2.490905158400273656e-03,9.662353087822586270e-03
3.697440315333333505e-01,2.489768012862138714e-03,9.691624937165549403e-03
3.722423020166666929e-01,2.488667818145146211e-03,9.720896786508512535e-03
3.747405724999999799e-01,2.487603693615591301e-03,9.750168635851475668e-03
3.772388429833333223e-01,2.486574788038605367e-03,9.543815237846274557e-03
3.797371134666666648e-01,2.485580278017746666e-03,9.337461839841068242e-03
3.822353839500000072e-01,2.484619367307979148e-03,9.131108441835861927e-03
3.847336544333333497e-01,2.483691285367372638e-03,8.924755043830655613e-03
3.872319249166666921e-01,2.482795286756675143e-03,8.718401645825449298e-03
3.897301953999999791e-01,2.481930649792960571e-03,8.512048247820248187e-03
3.922284658833333215e-01,2.481096676026185461e-03,8.305694849815041872e-03
3.947267363666666640e-01,2.480292688984820412e-03,8.099341451809835557e-03
3.972250068500000064e-01,2.479518033721642666e-03,7.892988053804630977e-03
3.997232773333333489e-01,2.478772075643721935e-03,7.686634655799423795e-03
4.022215478166666913e-01,2.478054200119163362e-03,7.346412775269589926e-03
4.047198182999999783e-01,2.477363811383589444e-03,7.006190894739763864e-03
4.072180887833333207e-01,2.476700332201963502e-03,6.665969014209929995e-03
4.097163592666666632e-01,2.476063202845618476e-03,6.325747133680096126e-03
4.122146297500000056e-01,2.475451880802190772e-03,5.985525253150262258e-03
4.147129002333333481e-01,2.474865839816730619e-03,5.645303372620428389e-03
4.172111707166666905e-01,2.474304569646314580e-03,5.305081492090594521e-03
4.197094411999999775e-01,2.473767575158682813e-03,4.964859611560768458e-03
4.222077116833333199e-01,2.473254376126865581e-03,4.624637731030934590e-03
4.247059821666666624e-01,2.472764506381190577e-03,4.284415850501100721e-03
4.272042526500000048e-01,2.472297513638897510e-03,3.982664236174212474e-03
4.297025231333333473e-01,2.471852958705546884e-03,3.680912621847324227e-03
4.322007936166666897e-01,2.471430415336687940e-03,3.379161007520435980e-03
4.346990640999999767e-01,2.471029469483417441e-03,3.077409393193554239e-03
4.371973345833333191e-01,2.470649719183306767e-03,2.775657778866665992e-03
4.396956050666666616e-01,2.470290773847414086e-03,2.473906164539777311e-03
4.421938755500000040e-01,2.469952254175880515e-03,2.172154550212889498e-03
4.446921460333333465e-01,2.469633791484190412e-03,1.870402935886000817e-03
4.471904165166666889e-01,2.469335027641211822e-03,1.568651321559112570e-03
4.496886869999999758e-01,2.469055614430672955e-03,1.266899707232231262e-03
4.521869574833333183e-01,2.468795213509989827e-03,1.140209736509004276e-03
4.546852279666666607e-01,2.468553495803878922e-03,1.013519765785781193e-03
4.571834984500000032e-01,2.468330141482013955e-03,8.868297950625583272e-04
4.596817689333333457e-01,2.468124839382826192e-03,7.601398243393352443e-04
4.621800394166666881e-01,2.467937287007619402e-03,6.334498536161122699e-04
4.646783098999999750e-01,2.467767189971905011e-03,5.067598828928920060e-04
4.671765803833333175e-01,2.467614262014798665e-03,3.800699121696690316e-04
4.696748508666666599e-01,2.467478224476416133e-03,2.533799414464459488e-04
4.721731213500000024e-01,2.467358806320028332e-03,1.266899707232230828e-04
4.746713918333333448e-01,2.467255743633724706e-03,0.000000000000000000e+00
4.771696623166666873e-01,2.467168779664833181e-03,0.000000000000000000e+00
4.796679327999999742e-01,2.467097664343340015e-03,0.000000000000000000e+00
4.821662032833333167e-01,2.467042154327610606e-03,0.000000000000000000e+00
4.846644737666666591e-01,2.467002012548276911e-03,0.000000000000000000e+00
4.871627442500000016e-01,2.466977008263292366e-03,0.000000000000000000e+00
4.896610147333333440e-01,2.466966916621866641e-03,0.000000000000000000e+00
4.921592852166666865e-01,2.466971518727610873e-03,0.000000000000000000e+00
4.946575557000000289e-01,2.466990601220576430e-03,0.000000000000000000e+00
4.971558261833333159e-01,2.467023956348202065e-03,0.000000000000000000e+00
4.996540966666666583e-01,2.467071381564353398e-03,0.000000000000000000e+00
5.021523671500000008e-01,2.467132679606846412e-03,0.000000000000000000e+00
5.046506376333332877e-01,2.467207658112278556e-03,0.000000000000000000e+00
5.071489081166666857e-01,2.467296129699926045e-03,0.000000000000000000e+00
5.096471785999999726e-01,2.467397911601087231e-03,0.000000000000000000e+00
5.121454490833333706e-01,2.467512825748791223e-03,0.000000000000000000e+00
5.146437195666666575e-01,2.467640698420401919e-03,0.000000000000000000e+00
5.171419900500000555e-01,2.467781360332443625e-03,0.000000000000000000e+00
5.196402605333333424e-01,2.467934646296604962e-03,0.000000000000000000e+00
5.221385310166666294e-01,2.468100395318176179e-03,0.000000000000000000e+00
5.246368015000000273e-01,2.468278450264634570e-03,0.000000000000000000e+00
5.271350719833333143e-01,2.468468657967692187e-03,0.000000000000000000e+00
5.296333424666667122e-01,2.468670868903545968e-03,0.000000000000000000e+00
5.321316129499999992e-01,2.468884937298045784e-03,0.000000000000000000e+00
5.346298834333332861e-01,2.469110720817875061e-03,0.000000000000000000e+00
5.371281539166666841e-01,2.469348080678523440e-03,0.000000000000000000e+00
5.396264243999999710e-01,2.469596881345898724e-03,0.000000000000000000e+00
5.421246948833333690e-01,2.469856990646559017e-03,0.000000000000000000e+00
5.446229653666666559e-01,2.470128279478925500e-03,0.000000000000000000e+00
5.471212358500000539e-01,2.470410621926014301e-03,0.000000000000000000e+00
5.496195063333333408e-01,2.470703894975318123e-03,0.000000000000000000e+00
5.521177768166666278e-01,2.471007978633810165e-03,0.000000000000000000e+00
5.546160473000000257e-01,2.471322755656150689e-03,0.000000000000000000e+00
5.571143177833333127e-01,2.471648111661248724e-03,0.000000000000000000e+00
5.596125882666667106e-01,2.471983934869199928e-03,0.000000000000000000e+00
5.621108587499999976e-01,2.472330116218090720e-03,0.000000000000000000e+00
5.646091292333332845e-01,2.472686549109696496e-03,0.000000000000000000e+00
5.671073997166666825e-01,2.473053129526777989e-03,0.000000000000000000e+00
5.696056701999999694e-01,2.473429755786451731e-03,0.000000000000000000e+00
5.721039406833333674e-01,2.473816328658067984e-03,0.000000000000000000e+00
5.746022111666666543e-01,2.474212751123618104e-03,0.000000000000000000e+00
5.771004816500000523e-01,2.474618928496575242e-03,0.000000000000000000e+00
5.795987521333333392e-01,2.475034768188657738e-03,0.000000000000000000e+00
5.820970226166666261e-01,2.475460179829299095e-03,0.000000000000000000e+00
5.845952931000000241e-01,2.475895075038259986e-03,0.000000000000000000e+00
5.870935635833333111e-01,2.476339367546224503e-03,0.000000000000000000e+00
5.895918340666667090e-01,2.476792972973133715e-03,0.000000000000000000e+00
5.920901045499999960e-01,2.477255808948695178e-03,0.000000000000000000e+00
5.945883750333332829e-01,2.477727794896499199e-03,0.000000000000000000e+00
5.970866455166666809e-01,2.478208852154830180e-03,0.000000000000000000e+00
5.995849159999999678e-01,2.478698903766577734e-03,0.000000000000000000e+00
6.020831864833333658e-01,2.479197874599045354e-03,0.000000000000000000e+00
6.045814569666666527e-01,2.479705691139891862e-03,0.000000000000000000e+00
6.070797274500000507e-01,2.480222281616445684e-03,0.000000000000000000e+00
6.095779979333333376e-01,2.480747575796861740e-03,0.000000000000000000e+00
6.120762684166666245e-01,2.481281505109010285e-03,0.000000000000000000e+00
6.145745389000000225e-01,2.481824002446190482e-03,0.000000000000000000e+00
6.170728093833333094e-01,2.482375002286190107e-03,0.000000000000000000e+00
6.195710798666667074e-01,2.482934440501585738e-03,0.000000000000000000e+00
6.220693503499999943e-01,2.483502254477748614e-03,0.000000000000000000e+00
6.245676208333332813e-01,2.484078382927913144e-03,0.000000000000000000e+00
6.270658913166666792e-01,2.484662766010931230e-03,0.000000000000000000e+00
6.295641617999999662e-01,2.485255345150253880e-03,0.000000000000000000e+00
6.320624322833333641e-01,2.485856063151162514e-03,0.000000000000000000e+00
6.345607027666666511e-01,2.486464864023780769e-03,0.000000000000000000e+00
6.370589732500000490e-01,2.487081693099876898e-03,0.000000000000000000e+00
6.395572437333333360e-01,2.487706496859678085e-03,0.000000000000000000e+00
6.420555142166666229e-01,2.488339223047746507e-03,0.000000000000000000e+00
6.445537847000000209e-01,2.488979820503913181e-03,0.000000000000000000e+00
6.470520551833333078e-01,2.489628239278286661e-03,0.000000000000000000e+00
6.495503256666667058e-01,2.490284430465759553e-03,0.000000000000000000e+00
6.520485961499999927e-01,2.490948346320302938e-03,0.000000000000000000e+00
6.545468666333333907e-01,2.491619940092770595e-03,0.000000000000000000e+00
6.570451371166666776e-01,2.492299166144522956e-03,0.000000000000000000e+00
6.595434075999999646e-01,2.492985979788973992e-03,0.000000000000000000e+00
6.620416780833333625e-01,2.493680337403921497e-03,0.000000000000000000e+00
6.645399485666666495e-01,2.494382196275963647e-03,0.000000000000000000e+00
6.670382190500000474e-01,2.495091514712796318e-03,0.000000000000000000e+00
6.695364895333333344e-01,2.495808251890361835e-03,0.000000000000000000e+00
6.720347600166666213e-01,2.496532367964209975e-03,0.000000000000000000e+00
6.745330305000000193e-01,2.497263823919555845e-03,0.000000000000000000e+00
6.770313009833333062e-01,2.498002581682087948e-03,0.000000000000000000e+00
6.795295714666667042e-01,2.498748603970840209e-03,0.000000000000000000e+00
6.820278419499999911e-01,2.499501854407434887e-03,0.000000000000000000e+00
6.845261124333333891e-01,2.500262297372956178e-03,0.000000000000000000e+00
6.870243829166666760e-01,2.501029898115111026e-03,0.000000000000000000e+00
6.895226533999999630e-01,2.501804622608433393e-03,0.000000000000000000e+00
6.920209238833333609e-01,2.502586437660567296e-03,0.000000000000000000e+00
6.945191943666666479e-01,2.503375310774434790e-03,0.000000000000000000e+00
6.970174648500000458e-01,2.504171210254191142e-03,0.000000000000000000e+00
6.995157353333333328e-01,2.504974105069945021e-03,0.000000000000000000e+00
7.020140058166666197e-01,2.505783964962538402e-03,0.000000000000000000e+00
7.045122763000000177e-01,2.506600760310278165e-03,0.000000000000000000e+00
7.070105467833333046e-01,2.507424462233528214e-03,0.000000000000000000e+00
7.095088172666667026e-01,2.508255042463503233e-03,0.000000000000000000e+00
7.120070877499999895e-01,2.509092473445867673e-03,0.000000000000000000e+00
7.145053582333333875e-01,2.509936728211520970e-03,0.000000000000000000e+00
7.170036287166666744e-01,2.510787780479674814e-03,0.000000000000000000e+00
7.195018991999999614e-01,2.511645604531222240e-03,0.000000000000000000e+00
7.220001696833333593e-01,2.512510175309485162e-03,0.000000000000000000e+00
7.244984401666666463e-01,2.513381468296978748e-03,0.000000000000000000e+00
7.269967106500000442e-01,2.514259459614981516e-03,3.644686831988746514e-05
7.294949811333333312e-01,2.515144125901936419e-03,7.289373663977330399e-05
7.319932516166666181e-01,2.516035444412499222e-03,1.093406049596591428e-04
7.344915221000000161e-01,2.516933392897475683e-03,1.457874732795466080e-04
7.369897925833333030e-01,2.517837949702363392e-03,1.822343415994324468e-04
7.394880630666667010e-01,2.518749093649549735e-03,2.186812099193199120e-04
7.419863335499999879e-01,2.519666804134968949e-03,2.551280782392057779e-04
7.444846040333333859e-01,2.520591061012543519e-03,2.915749465590932159e-04
7.469828745166666728e-01,2.521521844690486486e-03,3.280218148789790819e-04
7.494811449999999597e-01,2.522459136016787142e-03,3.644686831988648936e-04
7.519794154833333577e-01,2.523402916375211066e-03,5.007819173414164264e-04
7.544776859666666446e-01,2.524353167572209160e-03,6.370951514839662787e-04
7.569759564500000426e-01,2.525309871931810928e-03,7.734083856265222025e-04
7.594742269333333295e-01,2.526273012184808171e-03,9.097216197690720547e-04
7.619724974166666165e-01,2.527242571562286939e-03,1.046034853911621907e-03
7.644707679000000144e-01,2.528218533686857773e-03,1.182348088054177831e-03
7.669690383833333014e-01,2.529200882664831094e-03,1.318661322196727683e-03
7.694673088666666994e-01,2.530189602979399013e-03,1.454974556339283607e-03
7.719655793499999863e-01,2.531184679582047445e-03,1.591287790481833459e-03
7.744638498333333843e-01,2.532186097786618718e-03,1.727601024624389383e-03
7.769621203166666712e-01,2.533193843360634356e-03,1.930240672265372444e-03
7.794603907999999581e-01,2.534207902420719440e-03,2.132880319906355505e-03
7.819586612833333561e-01,2.535228261522711954e-03,2.335519967547347239e-03
7.844569317666666430e-01,2.536254907558920316e-03,2.538159615188330734e-03
7.869552022500000410e-01,2.537287827847050509e-03,2.740799262829322468e-03
7.894534727333333279e-01,2.538327010029075605e-03,2.943438910470305529e-03
7.919517432166666149e-01,2.539372442159645946e-03,3.146078558111288590e-03
7.944500137000000128e-01,2.540424112605809553e-03,3.348718205752280758e-03
7.969482841833332998e-01,2.541482010134726247e-03,3.551357853393263819e-03
7.994465546666666977e-01,2.542546123815334850e-03,3.753997501034255554e-03
8.019448251499999847e-01,2.543616443104115311e-03,3.955850844339928174e-03
8.044430956333333826e-01,2.544692957749215747e-03,4.157704187645609034e-03
8.069413661166666696e-01,2.545775657874676731e-03,4.359557530951281221e-03
8.094396365999999565e-01,2.546864533886143873e-03,4.561410874256953407e-03
8.119379070833333545e-01,2.547959576554565623e-03,4.763264217562635135e-03
8.144361775666666414e-01,2.549060776922287917e-03,4.965117560868307321e-03
8.169344480500000394e-01,2.550168126386564635e-03,5.166970904173988181e-03
8.194327185333333263e-01,2.551281616607220006e-03,5.368824247479660368e-03
8.219309890166667243e-01,2.552401239589083097e-03,5.570677590785342095e-03
8.244292595000000112e-01,2.553526987590039668e-03,5.772530934091014282e-03
8.269275299833332982e-01,2.554658853203885163e-03,5.912285958201727795e-03
8.294258004666666961e-01,2.555796829269040959e-03,6.052040982312447380e-03
8.319240709499999831e-01,2.556940908950523957e-03,6.191796006423160893e-03
8.344223414333333810e-01,2.558091085650090503e-03,6.331551030533880478e-03
8.369206119166666680e-01,2.559247353086997311e-03,6.471306054644593991e-03
8.394188823999999549e-01,2.560409705210021491e-03,6.611061078755307505e-03
8.419171528833333529e-01,2.561578136276635494e-03,6.750816102866027089e-03
8.444154233666666398e-01,2.562752640766682074e-03,6.890571126976740603e-03
8.469136938500000378e-01,2.563933213460353570e-03,7.030326151087460188e-03
8.494119643333333247e-01,2.565119849353567766e-03,7.170081175198173701e-03
8.519102348166667227e-01,2.566312543734754117e-03,7.211962527826352651e-03
8.544085053000000096e-01,2.567511292101100438e-03,7.253843880454528999e-03
8.569067757833332966e-01,2.568716090234871192e-03,7.295725233082706214e-03
8.594050462666666945e-01,2.569926934121221068e-03,7.337606585710885164e-03
8.619033167499999815e-01,2.571143820022934665e-03,7.379487938339061512e-03
8.644015872333333794e-01,2.572366744399221059e-03,7.421369290967240462e-03
8.668998577166666664e-01,2.573595703980461301e-03,7.463250643595417677e-03
8.693981281999999533e-01,2.574830695687583236e-03,7.505131996223594025e-03
8.718963986833333513e-01,2.576071716706322418e-03,7.547013348851772975e-03
8.743946691666666382e-01,2.577318764406830685e-03,7.588894701479950190e-03
8.768929396500000362e-01,2.578571836417981305e-03,7.528087282287514691e-03
8.793912101333333231e-01,2.579830930548011447e-03,7.467279863095077456e-03
8.818894806166667211e-01,2.581096044857519346e-03,7.406472443902637620e-03
8.843877511000000080e-01,2.582367177581507568e-03,7.345665024710200386e-03
8.868860215833332949e-01,2.583644327201515406e-03,7.284857605517763152e-03
8.893842920666666929e-01,2.584927492368468797e-03,7.224050186325323315e-03
8.918825625499999799e-01,2.586216671974543840e-03,7.163242767132886081e-03
8.943808330333333778e-01,2.587511865076357141e-03,7.102435347940446245e-03
8.968791035166666648e-01,2.588813070966357495e-03,7.041627928748009010e-03
8.993773739999999517e-01,2.590120289097254391e-03,6.980820509555571776e-03
9.018756444833333497e-01,2.591433519152548399e-03,6.839532778302259176e-03
9.043739149666666366e-01,2.592752760971417207e-03,6.698245047048950046e-03
9.068721854500000346e-01,2.594078014618776771e-03,6.556957315795633977e-03
9.093704559333333215e-01,2.595409280311545587e-03,6.415669584542323979e-03
9.118687264166667195e-01,2.596746558487512783e-03,6.274381853289007910e-03
9.143669969000000064e-01,2.598089849732457615e-03,6.133094122035697912e-03
9.168652673833332933e-01,2.599439154848396955e-03,5.991806390782387914e-03
9.193635378666666913e-01,2.600794474782092136e-03,5.850518659529072713e-03
9.218618083499999782e-01,2.602155810691656260e-03,5.709230928275762715e-03
9.243600788333333762e-01,2.603523163876522543e-03,5.567943197022446646e-03
9.268583493166666631e-01,2.604896535843303964e-03,5.386047001969290760e-03
9.293566197999999501e-01,2.606275928236612485e-03,5.204150806916134873e-03
9.318548902833333480e-01,2.607661342904378336e-03,5.022254611862970314e-03
9.343531607666666350e-01,2.609052781828718245e-03,4.840358416809814428e-03
9.368514312500000329e-01,2.610450247191445968e-03,4.658462221756650735e-03
9.393497017333333199e-01,2.611853741305786205e-03,4.476566026703494849e-03
9.418479722166667178e-01,2.613263266680651304e-03,4.294669831650331157e-03
9.443462427000000048e-01,2.614678825953261135e-03,4.112773636597174404e-03
9.468445131833332917e-01,2.616100421953233314e-03,3.930877441544018518e-03
9.493427836666666897e-01,2.617528057635464152e-03,3.748981246490854825e-03
9.518410541499999766e-01,2.618961736143991196e-03,3.572140406679794131e-03
9.543393246333333746e-01,2.620401460745280537e-03,3.395299566868725631e-03
9.568375951166666615e-01,2.621847234891520363e-03,3.218458727057665371e-03
9.593358655999999485e-01,2.623299062155081806e-03,3.041617887246604677e-03
9.618341360833333464e-01,2.624756946290517090e-03,2.864777047435536177e-03
9.643324065666666334e-01,2.626220891170320121e-03,2.687936207624475916e-03
9.668306770500000313e-01,2.627690900846337430e-03,2.511095367813406982e-03
9.693289475333333183e-01,2.629166979485460676e-03,2.334254528002346722e-03
9.718272180166667162e-01,2.630649131431278716e-03,2.157413688191278222e-03
9.743254885000000032e-01,2.632137361140267969e-03,1.980572848380217528e-03
9.768237589833332901e-01,2.633631673242655628e-03,1.848103586042122628e-03
9.793220294666666881e-01,2.635132072479577127e-03,1.715634323704021656e-03
9.818202999499999750e-01,2.636638563763066354e-03,1.583165061365926539e-03
9.843185704333333730e-01,2.638151152114035381e-03,1.450695799027825784e-03
9.868168409166666599e-01,2.639669842721711727e-03,1.318226536689730667e-03
9.893151114000000579e-01,2.641194640882250835e-03,1.185757274351629696e-03
9.918133818833333448e-01,2.642725552057813808e-03,1.053288012013534579e-03
9.943116523666666318e-01,2.644262581815442700e-03,9.208187496754396788e-04
9.968099228500000297e-01,2.645805735885654267e-03,7.883494873373387071e-04
9.993081933333333167e-01,2.647355020102384274e-03,6.558802249992438070e-04
1.001806463816666604e+00,2.648910440460705649e-03,5.902922024993182771e-04
1.004304734300000002e+00,2.650472003057122768e-03,5.247041799993927471e-04
1.006803004783333400e+00,2.652039714147548088e-03,4.591161574994671087e-04
1.009301275266666575e+00,2.653613580087430760e-03,3.935281349995474335e-04
1.011799545749999973e+00,2.655193607389455708e-03,3.279401124996219035e-04
1.014297816233333371e+00,2.656779802664596853e-03,2.623520899996963193e-04
1.016796086716666769e+00,2.658372172678626598e-03,1.967640674997707894e-04
1.019294357199999945e+00,2.659970724294614518e-03,1.311760449998510599e-04
1.021792627683333343e+00,2.661575464528394275e-03,6.558802249992552996e-05
1.024290898166666741e+00,2.663186400491142532e-03,0.000000000000000000e+00
1.026789168649999917e+00,2.664803539445829463e-03,0.000000000000000000e+00
1.029287439133333315e+00,2.666426888749144977e-03,0.000000000000000000e+00
1.031785709616666713e+00,2.668056455907423605e-03,0.000000000000000000e+00
1.034283980100000111e+00,2.669692248519739061e-03,0.000000000000000000e+00
1.036782250583333287e+00,2.671334274333100108e-03,0.000000000000000000e+00
1.039280521066666685e+00,2.672982541186492717e-03,0.000000000000000000e+00
1.041778791550000083e+00,2.674637057064365060e-03,0.000000000000000000e+00
1.044277062033333259e+00,2.676297830042608655e-03,0.000000000000000000e+00
1.046775332516666657e+00,2.677964868340968699e-03,0.000000000000000000e+00
1.049273603000000055e+00,2.679638180269413791e-03,0.000000000000000000e+00
1.051771873483333231e+00,2.681317774280454324e-03,6.416066397328655817e-05
1.054270143966666629e+00,2.683003658915660092e-03,1.283213279465788355e-04
1.056768414450000027e+00,2.684695842857715443e-03,1.924819919198710993e-04
1.059266684933333424e+00,2.686394334877688014e-03,2.566426558931633631e-04
1.061764955416666600e+00,2.688099143886293722e-03,3.208033198664499348e-04
1.064263225899999998e+00,2.689810278881357621e-03,3.849639838397421986e-04
1.066761496383333396e+00,2.691527748999485679e-03,4.491246478130344623e-04
1.069259766866666572e+00,2.693251563463526944e-03,5.132853117863209799e-04
1.071758037349999970e+00,2.694981731633759158e-03,5.774459757596132978e-04
1.074256307833333368e+00,2.696718262955944637e-03,6.416066397329055074e-04
1.076754578316666766e+00,2.698461167012082204e-03,7.495342733057825703e-04
1.079252848799999942e+00,2.700210453468976542e-03,8.574619068786500922e-04
1.081751119283333340e+00,2.701966132128425478e-03,9.653895404515271551e-04
1.084249389766666738e+00,2.703728212876439860e-03,1.073317174024404326e-03
1.086747660249999914e+00,2.705496705733096904e-03,1.181244807597271740e-03
1.089245930733333312e+00,2.707271620801665959e-03,1.289172441170148911e-03
1.091744201216666710e+00,2.709052968318801432e-03,1.397100074743026082e-03
1.094242471700000108e+00,2.710840758603756152e-03,1.505027708315903037e-03
1.096740742183333284e+00,2.712635002107755076e-03,1.612955341888770450e-03
1.099239012666666682e+00,2.714435709364752987e-03,1.720882975461647839e-03
1.101737283150000080e+00,2.716242891039381390e-03,1.837975076206235054e-03
1.104235553633333256e+00,2.718056557878261760e-03,1.955067176950811645e-03
1.106733824116666653e+00,2.719876720758261212e-03,2.072159277695398861e-03
1.109232094600000051e+00,2.721703390637571565e-03,2.189251378439986077e-03
1.111730365083333227e+00,2.723536578603852256e-03,2.306343479184562884e-03
1.114228635566666625e+00,2.725376295825583488e-03,2.423435579929150100e-03
1.116726906050000023e+00,2.727222553599920312e-03,2.540527680673737316e-03
1.119225176533333421e+00,2.729075363304602191e-03,2.657619781418324532e-03
1.121723447016666597e+00,2.730934736445184315e-03,2.774711882162901339e-03
1.124221717499999995e+00,2.732800684607435051e-03,2.891803982907488555e-03
1.126719987983333393e+00,2.734673219504383818e-03,2.980703638204074569e-03
1.129218258466666569e+00,2.736552352928828258e-03,3.069603293500652776e-03
1.131716528949999967e+00,2.738438096800124063e-03,3.158502948797238790e-03
1.134214799433333365e+00,2.740330463117387778e-03,3.247402604093824804e-03
1.136713069916666763e+00,2.742229464005248394e-03,3.336302259390410817e-03
1.139211340399999939e+00,2.744135111668141724e-03,3.425201914686989025e-03
1.141709610883333337e+00,2.746047418435682529e-03,3.514101569983575039e-03
1.144207881366666735e+00,2.747966396716484006e-03,3.603001225280161052e-03
1.146706151849999911e+00,2.749892059044190852e-03,3.691900880576739260e-03
1.149204422333333309e+00,2.751824418031297882e-03,3.780800535873325274e-03
1.151702692816666707e+00,2.753763486414598921e-03,3.813159470389182026e-03
1.154200963300000105e+00,2.755709277009811206e-03,3.845518404905039211e-03
1.156699233783333280e+00,2.757661802756157781e-03,3.877877339420892928e-03
1.159197504266666678e+00,2.759621076672083475e-03,3.910236273936750113e-03
1.161695774750000076e+00,2.761587111899041058e-03,3.942595208452606866e-03
1.164194045233333252e+00,2.763559921657334720e-03,3.974954142968461016e-03
1.166692315716666650e+00,2.765539519290077103e-03,4.007313077484317768e-03
1.169190586200000048e+00,2.767525918219106498e-03,4.039672012000174520e-03
1.171688856683333446e+00,2.769519131988766071e-03,4.072030946516031272e-03
1.174187127166666622e+00,2.771519174222242168e-03,4.104389881031885422e-03
1.176685397650000020e+00,2.773526058664456222e-03,4.069841515176013218e-03
1.179183668133333418e+00,2.775539799139596555e-03,4.035293149320141014e-03
1.181681938616666594e+00,2.777560409593272592e-03,4.000744783464272279e-03
1.184180209099999992e+00,2.779587904050051430e-03,3.966196417608400075e-03
1.186678479583333390e+00,2.781622296655936882e-03,3.931648051752527871e-03
1.189176750066666566e+00,2.783663601635917324e-03,3.897099685896658703e-03
1.191675020549999964e+00,2.785711833336050082e-03,3.862551320040786499e-03
1.194173291033333362e+00,2.787767006181598225e-03,3.828002954184914295e-03
1.196671561516666760e+00,2.789829134718641804e-03,3.793454588329042091e-03
1.199169831999999936e+00,2.791898233572437122e-03,3.758906222473172923e-03
1.201668102483333334e+00,2.793974317489161547e-03,3.668741519780757167e-03
1.204166372966666732e+00,2.796057401294094105e-03,3.578576817088341411e-03
1.206664643449999907e+00,2.798147499933316060e-03,3.488412114395933895e-03
1.209162913933333305e+00,2.800244628432175566e-03,3.398247411703518139e-03
1.211661184416666703e+00,2.802348801936760132e-03,3.308082709011102383e-03
1.214159454900000101e+00,2.804460035672544285e-03,3.217918006318686627e-03
1.216657725383333277e+00,2.806578344985448305e-03,3.127753303626279111e-03
1.219155995866666675e+00,2.808703745301397055e-03,3.037588600933863354e-03
1.221654266350000073e+00,2.810836252166645354e-03,2.947423898241447598e-03
1.224152536833333249e+00,2.812975881207230560e-03,2.857259195549039649e-03
1.226650807316666647e+00,2.815122648169755479e-03,2.741670489154726144e-03
1.229149077800000045e+00,2.817276568881110256e-03,2.626081782760410471e-03
1.231647348283333443e+00,2.819437659288349766e-03,2.510493076366094364e-03
1.234145618766666619e+00,2.821605935419232124e-03,2.394904369971788665e-03
1.236643889250000017e+00,2.823781413421694482e-03,2.279315663577472992e-03
1.239142159733333415e+00,2.825964109524658260e-03,2.163726957183156885e-03
1.241640430216666591e+00,2.828154040077252539e-03,2.048138250788851186e-03
1.244138700699999989e+00,2.830351221509963631e-03,1.932549544394535513e-03
1.246636971183333387e+00,2.832555670373439975e-03,1.816960838000219623e-03
1.249135241666666563e+00,2.834767403300144772e-03,1.701372131605914141e-03
1.251633512149999961e+00,2.836986437042661284e-03,1.600917603074684037e-03
1.254131782633333358e+00,2.839212788435860682e-03,1.500463074543455667e-03
1.256630053116666756e+00,2.841446474434644858e-03,1.400008546012227080e-03
1.259128323599999932e+00,2.843687512076825945e-03,1.299554017481007384e-03
1.261626594083333330e+00,2.845935918520424608e-03,1.199099488949779014e-03
1.264124864566666728e+00,2.848191711006283714e-03,1.098644960418550427e-03
1.266623135049999904e+00,2.850454906896090438e-03,9.981904318873307310e-04
1.269121405533333302e+00,2.852725523634783936e-03,8.977359033561021443e-04
1.271619676016666700e+00,2.855003578787941674e-03,7.972813748248736660e-04
1.274117946500000098e+00,2.857289090005101732e-03,6.968268462936451878e-04
1.276616216983333274e+00,2.859582075056590119e-03,6.504498716968696269e-04
1.279114487466666672e+00,2.861882551797138418e-03,6.040728971000898376e-04
1.281612757950000070e+00,2.864190538202501628e-03,5.576959225033100483e-04
1.284111028433333246e+00,2.866506052333315634e-03,5.113189479065344874e-04
1.286609298916666644e+00,2.868829112371447040e-03,4.649419733097548066e-04
1.289107569400000042e+00,2.871159736584056633e-03,4.185649987129750173e-04
1.291605839883333440e+00,2.873497943360099702e-03,3.721880241161952822e-04
1.294104110366666616e+00,2.875843751174034322e-03,3.258110495194197214e-04
1.296602380850000014e+00,2.878197178622407537e-03,2.794340749226399863e-04
1.299100651333333412e+00,2.880558244387951359e-03,2.330571003258601699e-04
1.301598921816666588e+00,2.882926967275842821e-03,2.660613277064782182e-04
1.304097192299999985e+00,2.885303366177946558e-03,2.990655550870992209e-04
1.306595462783333383e+00,2.887687460108424777e-03,3.320697824677201694e-04
1.309093733266666781e+00,2.890079268169518968e-03,3.650740098483411722e-04
1.311592003749999957e+00,2.892478809585650231e-03,3.980782372289591933e-04
1.314090274233333355e+00,2.894886103669586531e-03,4.310824646095801961e-04
1.316588544716666753e+00,2.897301169857458957e-03,4.640866919902011988e-04
1.319086815199999929e+00,2.899724027673774521e-03,4.970909193708192200e-04
1.321585085683333327e+00,2.902154696766791071e-03,5.300951467514401685e-04
1.324083356166666725e+00,2.904593196873851875e-03,5.630993741320612254e-04
1.326581626649999901e+00,2.907039547856702863e-03,6.785979490669301556e-04
1.329079897133333299e+00,2.909493769666560061e-03,7.940965240018092773e-04
1.331578167616666697e+00,2.911955882379309302e-03,9.095950989366885075e-04
1.334076438100000095e+00,2.914425906161284899e-03,1.025093673871567629e-03
1.336574708583333271e+00,2.916903861303875214e-03,1.140592248806436559e-03
1.339072979066666669e+00,2.919389768189480008e-03,1.256090823741315681e-03
1.341571249550000067e+00,2.921883647326057026e-03,1.371589398676194803e-03
1.344069520033333243e+00,2.924385519313286649e-03,1.487087973611063733e-03
1.346567790516666641e+00,2.926895404876880390e-03,1.602586548545943072e-03
1.349066061000000039e+00,2.929413324835102896e-03,1.718085123480822193e-03
1.351564331483333437e+00,2.931939300132426884e-03,1.894556100150961674e-03
1.354062601966666612e+00,2.934473351806945497e-03,2.071027076821085108e-03
1.356560872450000010e+00,2.937015501023079213e-03,2.247498053491224588e-03
1.359059142933333408e+00,2.939565769040229388e-03,2.423969030161364068e-03
1.361557413416666584e+00,2.942124177244422219e-03,2.600440006831487502e-03
1.364055683899999982e+00,2.944690747116665650e-03,2.776910983501626982e-03
1.366553954383333380e+00,2.947265500266368823e-03,2.953381960171766463e-03
1.369052224866666778e+00,2.949848458398100868e-03,3.129852936841905943e-03
1.371550495349999954e+00,2.952439643345187732e-03,3.306323913512029377e-03
1.374048765833333352e+00,2.955039077037241186e-03,3.482794890182168857e-03
1.376547036316666750e+00,2.957646781533221358e-03,3.678723688641206621e-03
1.379045306799999926e+00,2.960262778989086307e-03,3.874652487100227038e-03
1.381543577283333324e+00,2.962887091690616891e-03,4.070581285559264802e-03
1.384041847766666722e+00,2.965519742022013072e-03,4.266510084018302999e-03
1.386540118249999898e+00,2.968160752497060392e-03,4.462438882477322982e-03
1.389038388733333296e+00,2.970810145729504796e-03,4.658367680936361180e-03
1.391536659216666694e+00,2.973467944462974012e-03,4.854296479395399377e-03
1.394034929700000092e+00,2.976134171541825087e-03,5.050225277854436708e-03
1.396533200183333268e+00,2.978808849941602666e-03,5.246154076313456691e-03
1.399031470666666666e+00,2.981492002738816201e-03,5.442082874772494888e-03
1.401529741150000063e+00,2.984183653141814999e-03,5.606712788862736226e-03
1.404028011633333239e+00,2.986883824461454041e-03,5.771342702952962818e-03
1.406526282116666637e+00,2.989592540140605104e-03,5.935972617043204155e-03
1.409024552600000035e+00,2.992309823725297895e-03,6.100602531133444625e-03
1.411522823083333433e+00,2.995035698895060373e-03,6.265232445223685963e-03
1.414021093566666609e+00,2.997770189433052006e-03,6.429862359313912555e-03
1.416519364050000007e+00,3.000513319256760576e-03,6.594492273404153893e-03
1.419017634533333405e+00,3.003265112388193991e-03,6.759122187494395230e-03
1.421515905016666581e+00,3.006025592984636497e-03,6.923752101584621822e-03
1.424014175499999979e+00,3.008794785308899905e-03,7.088382015674863160e-03
1.426512445983333377e+00,3.011572713759012084e-03,7.175857515872763673e-03
1.429010716466666775e+00,3.014359402840544652e-03,7.263333016070665053e-03
1.431508986949999951e+00,3.017154877194817841e-03,7.350808516268557760e-03
1.434007257433333349e+00,3.019959161571465420e-03,7.438284016466459141e-03
1.436505527916666747e+00,3.022772280856996473e-03,7.525759516664360521e-03
1.439003798399999923e+00,3.025594260046766612e-03,7.613235016862253228e-03
1.441502068883333321e+00,3.028425124274250566e-03,7.700710517060154608e-03
1.444000339366666719e+00,3.031264898782481260e-03,7.788186017258055122e-03
1.446498609850000117e+00,3.034113608954091754e-03,7.875661517455955635e-03
1.448996880333333293e+00,3.036971280281628924e-03,7.963137017653849209e-03
1.451495150816666690e+00,3.039837938398424599e-03,7.946262722740607756e-03
1.453993421300000088e+00,3.042713609048672448e-03,7.929388427827366304e-03
1.456491691783333264e+00,3.045598318118418815e-03,7.912514132914124851e-03
1.458989962266666662e+00,3.048492091605459198e-03,7.895639838000883398e-03
1.461488232750000060e+00,3.051394955650152570e-03,7.878765543087641945e-03
1.463986503233333236e+00,3.054306936506741635e-03,7.861891248174402227e-03
1.466484773716666634e+00,3.057228060571676089e-03,7.845016953261160775e-03
1.468983044200000032e+00,3.060158354357127297e-03,7.828142658347917587e-03
1.471481314683333430e+00,3.063097844518124137e-03,7.811268363434676135e-03
1.473979585166666606e+00,3.066046557826542993e-03,7.794394068521436417e-03
1.476477855650000004e+00,3.069004521198420970e-03,7.674090107899645546e-03
1.478976126133333402e+00,3.071971761667711270e-03,7.553786147277846870e-03
1.481474396616666578e+00,3.074948306413089437e-03,7.433482186656057734e-03
1.483972667099999976e+00,3.077934182732598202e-03,7.313178226034258191e-03
1.486470937583333374e+00,3.080929418070099853e-03,7.192874265412458647e-03
1.488969208066666772e+00,3.083934039990095417e-03,7.072570304790659103e-03
1.491467478549999948e+00,3.086948076203828353e-03,6.952266344168870835e-03
1.493965749033333346e+00,3.089971554543919415e-03,6.831962383547071291e-03
1.496464019516666744e+00,3.093004502991358526e-03,6.711658422925271747e-03
1.498962289999999919e+00,3.096046949649523383e-03,6.591354462303482611e-03
1.501460560483333317e+00,3.099098922771344796e-03,6.398653182851562690e-03
1.503958830966666715e+00,3.102160450733534771e-03,6.205951903399636697e-03
1.506457101450000113e+00,3.105231562062890551e-03,6.013250623947709837e-03
1.508955371933333289e+00,3.108312285411413047e-03,5.820549344495800324e-03
1.511453642416666687e+00,3.111402649582610015e-03,5.627848065043874332e-03
1.513951912900000085e+00,3.114502683506408919e-03,5.435146785591947471e-03
1.516450183383333261e+00,3.117612416265176916e-03,5.242445506140037959e-03
1.518948453866666659e+00,3.120731877068971989e-03,5.049744226688111966e-03
1.521446724350000057e+00,3.123861095281466223e-03,4.857042947236185973e-03
1.523944994833333233e+00,3.127000100395931591e-03,4.664341667784276460e-03
1.526443265316666631e+00,3.130148922059563382e-03,4.453198428329078161e-03
1.528941535800000029e+00,3.133307590050420522e-03,4.242055188873878127e-03
1.531439806283333427e+00,3.136476134302629368e-03,4.030911949418678093e-03
1.533938076766666603e+00,3.139654584881712042e-03,3.819768709963496708e-03
1.536436347250000001e+00,3.142842972010893073e-03,3.608625470508296674e-03
1.538934617733333399e+00,3.146041326045899075e-03,3.397482231053097074e-03
1.541432888216666575e+00,3.149249677501181257e-03,3.186338991597915688e-03
1.543931158699999973e+00,3.152468057025887768e-03,2.975195752142715654e-03
1.546429429183333371e+00,3.155696495428616036e-03,2.764052512687515620e-03
1.548927699666666769e+00,3.158935023653623199e-03,2.552909273232315587e-03
1.551425970149999944e+00,3.162183672806378153e-03,2.383813563810338945e-03
1.553924240633333342e+00,3.165442474129809714e-03,2.214717854388347125e-03
1.556422511116666740e+00,3.168711459028902833e-03,2.045622144966355738e-03
1.558920781599999916e+00,3.171990659047285895e-03,1.876526435544379097e-03
1.561419052083333314e+00,3.175280105892256278e-03,1.707430726122387277e-03
1.563917322566666712e+00,3.178579831411400183e-03,1.538335016700395673e-03
1.566415593050000110e+00,3.181889867616976338e-03,1.369239307278403853e-03
1.568913863533333286e+00,3.185210246663243601e-03,1.200143597856427212e-03
1.571412134016666684e+00,3.188541000870888029e-03,1.031047888434435608e-03
1.573910404500000082e+00,3.191882162702791830e-03,8.619521790124440048e-04
1.576408674983333258e+00,3.195233764790660937e-03,7.779332281824504402e-04
1.578906945466666656e+00,3.198595839910354198e-03,6.939142773524495031e-04
1.581405215950000054e+00,3.201968421006506915e-03,6.098953265224484575e-04
1.583903486433333230e+00,3.205351541170744882e-03,5.258763756924550014e-04
1.586401756916666628e+00,3.208745233664623067e-03,4.418574248624539558e-04
1.588900027400000026e+00,3.212149531897638428e-03,3.578384740324530187e-04
1.591398297883333424e+00,3.215564469451340397e-03,2.738195232024519732e-04
1.593896568366666600e+00,3.218990080056390903e-03,1.898005723724584086e-04
1.596394838849999998e+00,3.222426397617187462e-03,1.057816215424574715e-04
1.598893109333333395e+00,3.225873456189081497e-03,2.176267071245642252e-05
1.601391379816666571e+00,3.229331290002014805e-03,1.958640364121091477e-05
1.603889650299999969e+00,3.232799933438954346e-03,1.741013656996521391e-05
1.606387920783333367e+00,3.236279421059021309e-03,1.523386949871951474e-05
1.608886191266666765e+00,3.239769787575622322e-03,1.305760242747381387e-05
1.611384461749999941e+00,3.243271067880397311e-03,1.088133535622830782e-05
1.613882732233333339e+00,3.246783297020717097e-03,8.705068284982606954e-06
1.616381002716666737e+00,3.250306510223481202e-03,6.528801213736907781e-06
1.618879273199999913e+00,3.253840742873189210e-03,4.352534142491401733e-06
1.621377543683333311e+00,3.257386030535732498e-03,2.176267071245700866e-06
1.623875814166666709e+00,3.260942408935936076e-03,0.000000000000000000e+00
1.626374084650000107e+00,3.264509913981863357e-03,0.000000000000000000e+00
1.628872355133333283e+00,3.268088581742287311e-03,0.000000000000000000e+00
1.631370625616666681e+00,3.271678448470441425e-03,0.000000000000000000e+00
1.633868896100000079e+00,3.275279550582756768e-03,0.000000000000000000e+00
1.636367166583333255e+00,3.278891924680971907e-03,0.000000000000000000e+00
1.638865437066666653e+00,3.282515607532263818e-03,0.000000000000000000e+00
1.641363707550000051e+00,3.286150636091177395e-03,0.000000000000000000e+00
1.643861978033333449e+00,3.289797047478564603e-03,0.000000000000000000e+00
1.646360248516666624e+00,3.293454879004945133e-03,0.000000000000000000e+00
1.648858519000000022e+00,3.297124168149140246e-03,0.000000000000000000e+00
1.651356789483333420e+00,3.300804952581283015e-03,0.000000000000000000e+00
1.653855059966666596e+00,3.304497270141178080e-03,0.000000000000000000e+00
1.656353330449999994e+00,3.308201158862134582e-03,0.000000000000000000e+00
1.658851600933333392e+00,3.311916656949086962e-03,0.000000000000000000e+00
1.661349871416666568e+00,3.315643802801935668e-03,0.000000000000000000e+00
1.663848141899999966e+00,3.319382634994516666e-03,0.000000000000000000e+00
1.666346412383333364e+00,3.323133192297126389e-03,0.000000000000000000e+00
1.668844682866666762e+00,3.326895513656057211e-03,0.000000000000000000e+00
1.671342953349999938e+00,3.330669638216003127e-03,0.000000000000000000e+00
1.673841223833333336e+00,3.334455605299386192e-03,0.000000000000000000e+00
1.676339494316666734e+00,3.338253454428985554e-03,0.000000000000000000e+00
1.678837764799999910e+00,3.342063225307359726e-03,0.000000000000000000e+00
1.681336035283333308e+00,3.345884957839439632e-03,0.000000000000000000e+00
1.683834305766666706e+00,3.349718692111790849e-03,0.000000000000000000e+00
1.686332576250000104e+00,3.353564468415227897e-03,0.000000000000000000e+00
1.688830846733333280e+00,3.357422327224184044e-03,0.000000000000000000e+00
1.691329117216666678e+00,3.361292309219444854e-03,0.000000000000000000e+00
1.693827387700000076e+00,3.365174455267700999e-03,0.000000000000000000e+00
1.696325658183333251e+00,3.369068806443631294e-03,0.000000000000000000e+00
1.698823928666666649e+00,3.372975404010062662e-03,0.000000000000000000e+00
1.701322199150000047e+00,3.376894289439544023e-03,0.000000000000000000e+00
1.703820469633333445e+00,3.380825504395240481e-03,0.000000000000000000e+00
1.706318740116666621e+00,3.384769090752338516e-03,0.000000000000000000e+00
1.708817010600000019e+00,3.388725090577986068e-03,0.000000000000000000e+00
1.711315281083333417e+00,3.392693546153892088e-03,0.000000000000000000e+00
1.713813551566666593e+00,3.396674499956162108e-03,0.000000000000000000e+00
1.716311822049999991e+00,3.400667994677103283e-03,0.000000000000000000e+00
1.718810092533333389e+00,3.404674073205673189e-03,0.000000000000000000e+00
1.721308363016666565e+00,3.408692778649702500e-03,0.000000000000000000e+00
1.723806633499999963e+00,3.412724154315240933e-03,0.000000000000000000e+00
1.726304903983333361e+00,3.416768243729557952e-03,0.000000000000000000e+00
1.728803174466666759e+00,3.420825090620683434e-03,0.000000000000000000e+00
1.731301444949999935e+00,3.424894738939814227e-03,0.000000000000000000e+00
1.733799715433333333e+00,3.428977232841281999e-03,0.000000000000000000e+00
1.736297985916666731e+00,3.433072616704624120e-03,0.000000000000000000e+00
1.738796256399999907e+00,3.437180935115291373e-03,0.000000000000000000e+00
1.741294526883333305e+00,3.441302232885770813e-03,0.000000000000000000e+00
1.743792797366666703e+00,3.445436555036901494e-03,0.000000000000000000e+00
1.746291067850000100e+00,3.449583946819187279e-03,0.000000000000000000e+00
1.748789338333333276e+00,3.453744453693305492e-03,0.000000000000000000e+00
1.751287608816666674e+00,3.457918121352344335e-03,0.000000000000000000e+00
1.753785879300000072e+00,3.462104995702010996e-03,0.000000000000000000e+00
1.756284149783333248e+00,3.466305122882326097e-03,0.000000000000000000e+00
1.758782420266666646e+00,3.470518549249033535e-03,0.000000000000000000e+00
1.761280690750000044e+00,3.474745321394109247e-03,0.000000000000000000e+00
1.763778961233333442e+00,3.478985486127731796e-03,0.000000000000000000e+00
1.766277231716666618e+00,3.483239090499049180e-03,0.000000000000000000e+00
1.768775502200000016e+00,3.487506181777880968e-03,0.000000000000000000e+00
1.771273772683333414e+00,3.491786807475109541e-03,0.000000000000000000e+00
1.773772043166666590e+00,3.496081015325180636e-03,0.000000000000000000e+00
1.776270313649999988e+00,3.500388853306159783e-03,7.012159467754420056e-06
1.778768584133333386e+00,3.504710369622003868e-03,1.402431893550946353e-05
1.781266854616666784e+00,3.509045612723015253e-03,2.103647840326450615e-05
1.783765125099999960e+00,3.513394631287773337e-03,2.804863787101892706e-05
1.786263395583333358e+00,3.517757474244103452e-03,3.506079733877397138e-05
1.788761666066666756e+00,3.522134190750618541e-03,4.207295680652901231e-05
1.791259936549999932e+00,3.526524830217573573e-03,4.908511627428342982e-05
1.793758207033333330e+00,3.530929442289178297e-03,5.609727574203847753e-05
1.796256477516666727e+00,3.535348076863335364e-03,6.310943520979351846e-05
1.798754747999999903e+00,3.539780784075127057e-03,7.012159467754794275e-05
1.801253018483333301e+00,3.544227614316046437e-03,1.773765105488561255e-04
1.803751288966666699e+00,3.548688618216851338e-03,2.846314264201732394e-04
1.806249559450000097e+00,3.553163846668161169e-03,3.918863422914903262e-04
1.808747829933333273e+00,3.557653350802448319e-03,4.991412581627979262e-04
1.811246100416666671e+00,3.562157182014577712e-03,6.063961740341149587e-04
1.813744370900000069e+00,3.566675391944365905e-03,7.136510899054320997e-04
1.816242641383333245e+00,3.571208032496736400e-03,8.209060057767395913e-04
1.818740911866666643e+00,3.575755155824600958e-03,9.281609216480567323e-04
1.821239182350000041e+00,3.580316814348509253e-03,1.035415837519373982e-03
1.823737452833333439e+00,3.584893060739990315e-03,1.142670753390690906e-03
1.826235723316666615e+00,3.589483947941404709e-03,1.360640042732504367e-03
1.828733993800000013e+00,3.594089529148730439e-03,1.578609332074337127e-03
1.831232264283333411e+00,3.598709857831756866e-03,1.796578621416169887e-03
1.833730534766666587e+00,3.603344987716950408e-03,2.014547910757983132e-03
1.836228805249999985e+00,3.607994972807498403e-03,2.232517200099815892e-03
1.838727075733333383e+00,3.612659867366454104e-03,2.450486489441648652e-03
1.841225346216666781e+00,3.617339725936422751e-03,2.668455778783481412e-03
1.843723616699999956e+00,3.622034603322881775e-03,2.886425068125294657e-03
1.846221887183333354e+00,3.626744554614163077e-03,3.104394357467127850e-03
1.848720157666666752e+00,3.631469635164581104e-03,3.322363646808960177e-03
1.851218428149999928e+00,3.636209900614070355e-03,3.607889638295932143e-03
1.853716698633333326e+00,3.640965406872046818e-03,3.893415629782929696e-03
1.856214969116666724e+00,3.645736210136521580e-03,4.178941621269927249e-03
1.858713239599999900e+00,3.650522366878323089e-03,4.464467612756899649e-03
1.861211510083333298e+00,3.655323933859986121e-03,4.749993604243897202e-03
1.863709780566666696e+00,3.660140968119974039e-03,5.035519595730893888e-03
1.866208051050000094e+00,3.664973526992020524e-03,5.321045587217892309e-03
1.868706321533333270e+00,3.669821668088762891e-03,5.606571578704863841e-03
1.871204592016666668e+00,3.674685449321455060e-03,5.892097570191861394e-03
1.873702862500000066e+00,3.679564928883792552e-03,6.177623561678858947e-03
1.876201132983333242e+00,3.684460165271154913e-03,6.462455186428705568e-03
1.878699403466666640e+00,3.689371217264925552e-03,6.747286811178577343e-03
1.881197673950000038e+00,3.694298143951569354e-03,7.032118435928449117e-03
1.883695944433333436e+00,3.699241004706717902e-03,7.316950060678320891e-03
1.886194214916666612e+00,3.704199859214762740e-03,7.601781685428167512e-03
1.888692485400000010e+00,3.709174767452807445e-03,7.886613310178040154e-03
1.891190755883333408e+00,3.714165789709799898e-03,8.171444934927911061e-03
1.893689026366666583e+00,3.719172986571379902e-03,8.456276559677757682e-03
1.896187296849999981e+00,3.724196418938368301e-03,8.741108184427630323e-03
1.898685567333333379e+00,3.729236148011716521e-03,9.025939809177501230e-03
1.901183837816666777e+00,3.734292235311291019e-03,9.241660291992000523e-03
1.903682108299999953e+00,3.739364742660676241e-03,9.457380774806478999e-03
1.906180378783333351e+00,3.744453732206162472e-03,9.673101257620978291e-03
1.908678649266666749e+00,3.749559266401087786e-03,9.888821740435475849e-03
1.911176919749999925e+00,3.754681408025302512e-03,1.010454222324995606e-02
1.913675190233333323e+00,3.759820220169725422e-03,1.032026270606445535e-02
1.916173460716666721e+00,3.764975766255081353e-03,1.053598318887895291e-02
1.918671731199999897e+00,3.770148110017166893e-03,1.075170367169343312e-02
1.921170001683333295e+00,3.775337315525565014e-03,1.096742415450793068e-02
1.923668272166666693e+00,3.780543447168451931e-03,1.118314463732242997e-02
1.926166542650000091e+00,3.785766569671543316e-03,1.128001960742167076e-02
1.928664813133333267e+00,3.791006748083391217e-03,1.137689457752090287e-02
1.931163083616666665e+00,3.796264047793704906e-03,1.147376954762014539e-02
1.933661354100000063e+00,3.801538534519189466e-03,1.157064451771938618e-02
1.936159624583333239e+00,3.806830274321524026e-03,1.166751948781861829e-02
1.938657895066666637e+00,3.812139333593438009e-03,1.176439445791785908e-02
1.941156165550000035e+00,3.817465779076529338e-03,1.186126942801709987e-02
1.943654436033333432e+00,3.822809677847544951e-03,1.195814439811634239e-02
1.946152706516666608e+00,3.828171097336407602e-03,1.205501936821557450e-02
1.948650977000000006e+00,3.833550105311933024e-03,1.215189433831481529e-02
1.951149247483333404e+00,3.838946769900569277e-03,1.211004412254297266e-02
1.953647517966666580e+00,3.844361159571454706e-03,1.206819390677113177e-02
1.956145788449999978e+00,3.849793343155826896e-03,1.202634369099928914e-02
1.958644058933333376e+00,3.855243389832114891e-03,1.198449347522744478e-02
1.961142329416666774e+00,3.860711369144225781e-03,1.194264325945560215e-02
1.963640599899999950e+00,3.866197350988401574e-03,1.190079304368376299e-02
1.966138870383333348e+00,3.871701405630480122e-03,1.185894282791191863e-02
1.968637140866666746e+00,3.877223603692418925e-03,1.181709261214007600e-02
1.971135411349999922e+00,3.882764016170792056e-03,1.177524239636823511e-02
1.973633681833333320e+00,3.888322714422788335e-03,1.173339218059639248e-02
1.976131952316666718e+00,3.893899770184088525e-03,1.156576145298516753e-02
1.978630222800000116e+00,3.899495255555724370e-03,1.139813072537394258e-02
1.981128493283333292e+00,3.905109243021854300e-03,1.123049999776273324e-02
1.983626763766666690e+00,3.910741805436349257e-03,1.106286927015150828e-02
1.986125034250000088e+00,3.916393016040881948e-03,1.089523854254028333e-02
1.988623304733333264e+00,3.922062948451411624e-03,1.072760781492907226e-02
1.991121575216666661e+00,3.927751676676373080e-03,1.055997708731784730e-02
1.993619845700000059e+00,3.933459275103007476e-03,1.039234635970662235e-02
1.996118116183333235e+00,3.939185818515838870e-03,1.022471563209541301e-02
1.998616386666666633e+00,3.944931382083092207e-03,1.005708490448418806e-02
2.001114657150000031e+00,3.950696041374868878e-03,9.804765711404888132e-03
2.003612927633333207e+00,3.956479872349897772e-03,9.552446518325605554e-03
2.006111198116666827e+00,3.962282951373326603e-03,9.300127325246276139e-03
2.008609468600000003e+00,3.968105355204110465e-03,9.047808132166993561e-03
2.011107739083333179e+00,3.973947161012436266e-03,8.795488939087709249e-03
2.013606009566666799e+00,3.979808446367567518e-03,8.543169746008379833e-03
2.016104280049999975e+00,3.985689289254449111e-03,8.290850552929097256e-03
2.018602550533333151e+00,3.991589768062369162e-03,8.038531359849812943e-03
2.021100821016666771e+00,3.997509961601344343e-03,7.786212166770485263e-03
2.023599091499999947e+00,4.003449949090970815e-03,7.533892973691200950e-03
2.026097361983333123e+00,4.009409810176796547e-03,7.255271139725395953e-03
2.028595632466666743e+00,4.015389624918419380e-03,6.976649305759540648e-03
2.031093902949999919e+00,4.021389473807484780e-03,6.698027471793734783e-03
2.033592173433333539e+00,4.027409437754495870e-03,6.419405637827880345e-03
2.036090443916666715e+00,4.033449598107080071e-03,6.140783803862074480e-03
2.038588714399999891e+00,4.039510036637865113e-03,5.862161969896269482e-03
2.041086984883333511e+00,4.045590835561037844e-03,5.583540135930414178e-03
2.043585255366666686e+00,4.051692077521500471e-03,5.304918301964609180e-03
2.046083525849999862e+00,4.057813845611652273e-03,5.026296467998804182e-03
2.048581796333333482e+00,4.063956223359485934e-03,4.747674634032948877e-03
2.051080066816666658e+00,4.070119294746029313e-03,4.503475743469109900e-03
2.053578337299999834e+00,4.076303144193950921e-03,4.259276852905270055e-03
2.056076607783333454e+00,4.082507856584252290e-03,4.015077962341387710e-03
2.058574878266666630e+00,4.088733517245105031e-03,3.770879071777548299e-03
2.061073148749999806e+00,4.094980211969025466e-03,3.526680181213708888e-03
2.063571419233333426e+00,4.101248027001347385e-03,3.282481290649826543e-03
2.066069689716666602e+00,4.107537049057341169e-03,3.038282400085987132e-03
2.068567960200000222e+00,4.113847365310867830e-03,2.794083509522104353e-03
2.071066230683333398e+00,4.120179063411986455e-03,2.549884618958265375e-03
2.073564501166666574e+00,4.126532231475031447e-03,2.305685728394425964e-03
2.076062771650000194e+00,4.132906958096507072e-03,2.142232825304305789e-03
2.078561042133333370e+00,4.139303332343143883e-03,1.978779922214214670e-03
2.081059312616666546e+00,4.145721443769789794e-03,1.815327019124123335e-03
2.083557583100000166e+00,4.152161382407935745e-03,1.651874116034002943e-03
2.086055853583333342e+00,4.158623238783161827e-03,1.488421212943911824e-03
2.088554124066666517e+00,4.165107103903520694e-03,1.324968309853820705e-03
2.091052394550000137e+00,4.171613069277921304e-03,1.161515406763700313e-03
2.093550665033333313e+00,4.178141226904064781e-03,9.980625036736091946e-04
2.096048935516666489e+00,4.184691669286097829e-03,8.346096005835180760e-04
2.098547206000000109e+00,4.191264489424152348e-03,6.711566974933977922e-04
2.101045476483333285e+00,4.197859780830777605e-03,6.040410277440616451e-04
2.103543746966666461e+00,4.204477637520930879e-03,5.369253579947253895e-04
2.106042017450000081e+00,4.211118154028835499e-03,4.698096882453772619e-04
2.108540287933333257e+00,4.217781425397407712e-03,4.026940184960410606e-04
2.111038558416666877e+00,4.224467547195622126e-03,3.355783487466929330e-04
2.113536828900000053e+00,4.231176615507693979e-03,2.684626789973567317e-04
2.116035099383333229e+00,4.237908726950670966e-03,2.013470092480205303e-04
2.118533369866666849e+00,4.244663978663527903e-03,1.342313394986724027e-04
2.121031640350000025e+00,4.251442468324917283e-03,6.711566974933614715e-05
2.123529910833333201e+00,4.258244294142426133e-03,0.000000000000000000e+00
2.126028181316666821e+00,4.265069554870218153e-03,0.000000000000000000e+00
2.128526451799999997e+00,4.271918349798130982e-03,0.000000000000000000e+00
2.131024722283333173e+00,4.278790778769557719e-03,0.000000000000000000e+00
2.133522992766666793e+00,4.285686942171460997e-03,0.000000000000000000e+00
2.136021263249999969e+00,4.292606940950595244e-03,0.000000000000000000e+00
2.138519533733333144e+00,4.299550876604596276e-03,0.000000000000000000e+00
2.141017804216666764e+00,4.306518851198501072e-03,0.000000000000000000e+00
2.143516074699999940e+00,4.313510967355454855e-03,0.000000000000000000e+00
2.146014345183333560e+00,4.320527328273067805e-03,0.000000000000000000e+00
2.148512615666666736e+00,4.327568037714695469e-03,0.000000000000000000e+00
2.151010886149999912e+00,4.334633200025757305e-03,0.000000000000000000e+00
2.153509156633333532e+00,4.341722920124800253e-03,0.000000000000000000e+00
2.156007427116666708e+00,4.348837303520036723e-03,0.000000000000000000e+00
2.158505697599999884e+00,4.355976456300315360e-03,0.000000000000000000e+00
2.161003968083333504e+00,4.363140485151970407e-03,0.000000000000000000e+00
2.163502238566666680e+00,4.370329497349888757e-03,0.000000000000000000e+00
2.166000509049999856e+00,4.377543600774324618e-03,0.000000000000000000e+00
2.168498779533333476e+00,4.384782903901467827e-03,0.000000000000000000e+00
2.170997050016666652e+00,4.392047515821093789e-03,0.000000000000000000e+00
2.173495320499999828e+00,4.399337546227346032e-03,0.000000000000000000e+00
2.175993590983333448e+00,4.406653105435607252e-03,0.000000000000000000e+00
2.178491861466666624e+00,4.413994304373539471e-03,0.000000000000000000e+00
2.180990131949999800e+00,4.421361254598892704e-03,0.000000000000000000e+00
2.183488402433333420e+00,4.428754068289479998e-03,0.000000000000000000e+00
2.185986672916666596e+00,4.436172858261407635e-03,0.000000000000000000e+00
2.188484943400000216e+00,4.443617737959781357e-03,0.000000000000000000e+00
2.190983213883333391e+00,4.451088821476171555e-03,0.000000000000000000e+00
2.193481484366666567e+00,4.458586223539643886e-03,0.000000000000000000e+00
2.195979754850000187e+00,4.466110059534291257e-03,0.000000000000000000e+00
2.198478025333333363e+00,4.473660445490478671e-03,0.000000000000000000e+00
2.200976295816666539e+00,4.481237498102245108e-03,0.000000000000000000e+00
2.203474566300000159e+00,4.488841334718728787e-03,0.000000000000000000e+00
2.205972836783333335e+00,4.496472073361955889e-03,0.000000000000000000e+00
2.208471107266666511e+00,4.504129832717084468e-03,0.000000000000000000e+00
2.210969377750000131e+00,4.511814732151845503e-03,0.000000000000000000e+00
2.213467648233333307e+00,4.519526891706712214e-03,0.000000000000000000e+00
2.215965918716666483e+00,4.527266432112713943e-03,0.000000000000000000e+00
2.218464189200000103e+00,4.535033474783414786e-03,0.000000000000000000e+00
2.220962459683333279e+00,4.542828141832313746e-03,0.000000000000000000e+00
2.223460730166666455e+00,4.550650556064688920e-03,0.000000000000000000e+00
2.225959000650000075e+00,4.558500840995179798e-03,2.287112869588491722e-05
2.228457271133333251e+00,4.566379120840053860e-03,4.574225739176983444e-05
2.230955541616666871e+00,4.574285520533889413e-03,6.861338608765882080e-05
2.233453812100000047e+00,4.582220165722971500e-03,9.148451478354373463e-05
2.235952082583333222e+00,4.590183182782012032e-03,1.143556434794286620e-04
2.238450353066666842e+00,4.598174698806567311e-03,1.372267721753176416e-04
2.240948623550000018e+00,4.606194841630770372e-03,1.600979008712025554e-04
2.243446894033333194e+00,4.614243739819860399e-03,1.829690295670874693e-04
2.245945164516666814e+00,4.622321522687518683e-03,2.058401582629764488e-04
2.248443434999999990e+00,4.630428320288547221e-03,2.287112869588613627e-04
2.250941705483333166e+00,4.638564263436551621e-03,3.214887073366246386e-04
2.253439975966666786e+00,4.646729483696597149e-03,4.142661277144044215e-04
2.255938246449999962e+00,4.654924113403153575e-03,5.070435480921676704e-04
2.258436516933333138e+00,4.663148285652290656e-03,5.998209684699309192e-04
2.260934787416666758e+00,4.671402134319998546e-03,6.925983888477106479e-04
2.263433057899999934e+00,4.679685794054870736e-03,7.853758092254738967e-04
2.265931328383333554e+00,4.687999400296059306e-03,8.781532296032537339e-04
2.268429598866666730e+00,4.696343089265957865e-03,9.709306499810169827e-04
2.270927869349999906e+00,4.704716997988574873e-03,1.063708070358780232e-03
2.273426139833333526e+00,4.713121264282188819e-03,1.156485490736559960e-03
2.275924410316666702e+00,4.721556026777637416e-03,1.324519820936321656e-03
2.278422680799999878e+00,4.730021424911539166e-03,1.492554151136083352e-03
2.280920951283333498e+00,4.738517598943987538e-03,1.660588481335874972e-03
2.283419221766666674e+00,4.747044689952328519e-03,1.828622811535636668e-03
2.285917492249999849e+00,4.755602839848929383e-03,1.996657141735398364e-03
2.288415762733333469e+00,4.764192191374900728e-03,2.164691471935189983e-03
2.290914033216666645e+00,4.772812888117962393e-03,2.332725802134951679e-03
2.293412303699999821e+00,4.781465074506443917e-03,2.500760132334713375e-03
2.295910574183333441e+00,4.790148895827273622e-03,2.668794462534504995e-03
2.298408844666666617e+00,4.798864498219517633e-03,2.836828792734266691e-03
2.300907115149999793e+00,4.807612028693077598e-03,3.056426769376529174e-03
2.303405385633333413e+00,4.816391635122207159e-03,3.276024746018830255e-03
2.305903656116666589e+00,4.825203466264097775e-03,3.495622722661092738e-03
2.308401926600000209e+00,4.834047671752879187e-03,3.715220699303393818e-03
2.310900197083333385e+00,4.842924402117708242e-03,3.934818675945656735e-03
2.313398467566666561e+00,4.851833808777432887e-03,4.154416652587918785e-03
2.315896738050000181e+00,4.860776044058608136e-03,4.374014629230219865e-03
2.318395008533333357e+00,4.869751261190087208e-03,4.593612605872481915e-03
2.320893279016666533e+00,4.878759614321319382e-03,4.813210582514744831e-03
2.323391549500000153e+00,4.887801258517144969e-03,5.032808559157045912e-03
2.325889819983333329e+00,4.896876349776040256e-03,5.264521227485345969e-03
2.328388090466666505e+00,4.905985045024721658e-03,5.496233895813646894e-03
2.330886360950000125e+00,4.915127502137328283e-03,5.727946564141988585e-03
2.333384631433333301e+00,4.924303879929545560e-03,5.959659232470288642e-03
2.335882901916666476e+00,4.933514338177612604e-03,6.191371900798589567e-03
2.338381172400000096e+00,4.942759037613407742e-03,6.423084569126931258e-03
2.340879442883333272e+00,4.952038139942775002e-03,6.654797237455231315e-03
2.343377713366666892e+00,4.961351807841136129e-03,6.886509905783573006e-03
2.345875983850000068e+00,4.970700204971969724e-03,7.118222574111873063e-03
2.348374254333333244e+00,4.980083495982539493e-03,7.349935242440173988e-03
2.350872524816666864e+00,4.989501846521986542e-03,7.550998484410443787e-03
2.353370795300000040e+00,4.998955423237724620e-03,7.752061726380677156e-03
2.355869065783333216e+00,5.008444393793639975e-03,7.953124968350910526e-03
2.358367336266666836e+00,5.017968926866418072e-03,8.154188210321180325e-03
2.360865606750000012e+00,5.027529192163870952e-03,8.355251452291413694e-03
2.363363877233333188e+00,5.037125360421298645e-03,8.556314694261648798e-03
2.365862147716666808e+00,5.046757603420369900e-03,8.757377936231918597e-03
2.368360418199999984e+00,5.056426093985012631e-03,8.958441178202151967e-03
2.370858688683333160e+00,5.066131006000890516e-03,9.159504420172385336e-03
2.373356959166666780e+00,5.075872514411266558e-03,9.360567662142655135e-03
2.375855229649999956e+00,5.085650795236642749e-03,9.495132221002306611e-03
2.378353500133333132e+00,5.095466025570671333e-03,9.629696779861959821e-03
2.380851770616666752e+00,5.105318383599760645e-03,9.764261338721635583e-03
2.383350041099999927e+00,5.115208048599616079e-03,9.898825897581287059e-03
2.385848311583333548e+00,5.125135200954597861e-03,1.003339045644096282e-02
2.388346582066666723e+00,5.135100022154549977e-03,1.016795501530061603e-02
2.390844852549999899e+00,5.145102694814129331e-03,1.030251957416026751e-02
2.393343123033333519e+00,5.155143402670113451e-03,1.043708413301994327e-02
2.395841393516666695e+00,5.165222330600315916e-03,1.057164869187959648e-02
2.398339663999999871e+00,5.175339664621700711e-03,1.070621325073924796e-02
2.400837934483333491e+00,5.185495591908967188e-03,1.075235273868381698e-02
2.403336204966666667e+00,5.195690300792803196e-03,1.079849222662837907e-02
2.405834475449999843e+00,5.205923980779065922e-03,1.084463171457293942e-02
2.408332745933333463e+00,5.216196822546632569e-03,1.089077120251750845e-02
2.410831016416666639e+00,5.226509017967141506e-03,1.093691069046207054e-02
2.413329286899999815e+00,5.236860760102839477e-03,1.098305017840663089e-02
2.415827557383333435e+00,5.247252243226480616e-03,1.102918966635119992e-02
2.418325827866666611e+00,5.257683662819158041e-03,1.107532915429576027e-02
2.420824098350000231e+00,5.268155215590571497e-03,1.112146864224033103e-02
2.423322368833333407e+00,5.278667099477145179e-03,1.116760813018489139e-02
2.425820639316666583e+00,5.289219513662089811e-03,1.112061242968523551e-02
2.428318909800000203e+00,5.299812658573957620e-03,1.107361672918557097e-02
2.430817180283333379e+00,5.310446735906763395e-03,1.102662102868591336e-02
2.433315450766666554e+00,5.321121948618702524e-03,1.097962532818625749e-02
2.435813721250000174e+00,5.331838500952429914e-03,1.093262962768659294e-02
2.438311991733333350e+00,5.342596598434085076e-03,1.088563392718693706e-02
2.440810262216666526e+00,5.353396447893416649e-03,1.083863822668727946e-02
2.443308532700000146e+00,5.364238257463320100e-03,1.079164252618761491e-02
2.445806803183333322e+00,5.375122236600030773e-03,1.074464682568795904e-02
2.448305073666666498e+00,5.386048596082666784e-03,1.069765112518830316e-02
2.450803344150000118e+00,5.397017548033880910e-03,1.056969737076668067e-02
2.453301614633333294e+00,5.408029305919355781e-03,1.044174361634506686e-02
2.455799885116666470e+00,5.419084084568770616e-03,1.031378986192345304e-02
2.458298155600000090e+00,5.430182100175368412e-03,1.018583610750181667e-02
2.460796426083333266e+00,5.441323570317029359e-03,1.005788235308020286e-02
2.463294696566666886e+00,5.452508713956374931e-03,9.929928598658566488e-03
2.465792967050000062e+00,5.463737751461773644e-03,9.801974844236952672e-03
2.468291237533333238e+00,5.475010904607544894e-03,9.674021089815338856e-03
2.470789508016666858e+00,5.486328396595318603e-03,9.546067335393702488e-03
2.473287778500000034e+00,5.497690452054559106e-03,9.418113580972088672e-03
2.475786048983333210e+00,5.509097297063616019e-03,9.234936273939467477e-03
2.478284319466666830e+00,5.520549159151013144e-03,9.051758966906813322e-03
2.480782589950000006e+00,5.532046267316495861e-03,8.868581659874192127e-03
2.483280860433333181e+00,5.543588852032315696e-03,8.685404352841570932e-03
2.485779130916666801e+00,5.555177145264773853e-03,8.502227045808916778e-03
2.488277401399999977e+00,5.566811380475417299e-03,8.319049738776295583e-03
2.490775671883333153e+00,5.578491792643207672e-03,8.135872431743674388e-03
2.493273942366666773e+00,5.590218618265633231e-03,7.952695124711018498e-03
2.495772212849999949e+00,5.601992095380934136e-03,7.769517817678398171e-03
2.498270483333333125e+00,5.613812463569851918e-03,7.586340510645776108e-03
2.500768753816666745e+00,5.625679963977638781e-03,7.381893516055341303e-03
2.503267024299999921e+00,5.637594839316434174e-03,7.177446521464938591e-03
2.505765294783333541e+00,5.649557333887230727e-03,6.972999526874499449e-03
2.508263565266666717e+00,5.661567693582320211e-03,6.768552532284096736e-03
2.510761835749999893e+00,5.673626165907961170e-03,6.564105537693694023e-03
2.513260106233333513e+00,5.685732999986876923e-03,6.359658543103255748e-03
2.515758376716666689e+00,5.697888446580741915e-03,6.155211548512853036e-03
2.518256647199999865e+00,5.710092758093440399e-03,5.950764553922450323e-03
2.520754917683333485e+00,5.722346188593454772e-03,5.746317559332011181e-03
2.523253188166666661e+00,5.734648993817648144e-03,5.541870564741608468e-03
2.525751458649999837e+00,5.747001431193598901e-03,5.352131596259074656e-03
2.528249729133333457e+00,5.759403759843587101e-03,5.162392627776507883e-03
2.530747999616666633e+00,5.771856240607908285e-03,4.972653659293974071e-03
2.533246270099999808e+00,5.784359136048138235e-03,4.782914690811441126e-03
2.535744540583333428e+00,5.796912710470993220e-03,4.593175722328874354e-03
2.538242811066666604e+00,5.809517229932063993e-03,4.403436753846340541e-03
2.540741081550000224e+00,5.822172962259919773e-03,4.213697785363772902e-03
2.543239352033333400e+00,5.834880177060075557e-03,4.023958816881239957e-03
2.545737622516666576e+00,5.847639145738887066e-03,3.834219848398706578e-03
2.548235893000000196e+00,5.860450141508532010e-03,3.644480879916139372e-03
2.550734163483333372e+00,5.873313439410741098e-03,3.501495638581705178e-03
2.553232433966666548e+00,5.886229316322092418e-03,3.358510397247271417e-03
2.555730704450000168e+00,5.899198050977896846e-03,3.215525155912811635e-03
2.558228974933333344e+00,5.912219923978128192e-03,3.072539914578377440e-03
2.560727245416666520e+00,5.925295217811230551e-03,2.929554673243943679e-03
2.563225515900000140e+00,5.938424216860483870e-03,2.786569431909483897e-03
2.565723786383333316e+00,5.951607207428107928e-03,2.643584190575050136e-03
2.568222056866666492e+00,5.964844477741823928e-03,2.500598949240615942e-03
2.570720327350000112e+00,5.978136317979452878e-03,2.357613707906156160e-03
2.573218597833333288e+00,5.991483020275429477e-03,2.214628466571722399e-03
2.575716868316666464e+00,6.004884878745993769e-03,2.141675607441693302e-03
2.578215138800000084e+00,6.018342189495741457e-03,2.068722748311651195e-03
2.580713409283333259e+00,6.031855250643532868e-03,1.995769889181622098e-03
2.583211679766666879e+00,6.045424362328940919e-03,1.922817030051580207e-03
2.585709950250000055e+00,6.059049826738509628e-03,1.849864170921551110e-03
2.588208220733333231e+00,6.072731948112822242e-03,1.776911311791522013e-03
2.590706491216666851e+00,6.086471032772814392e-03,1.703958452661480123e-03
2.593204761700000027e+00,6.100267389127240342e-03,1.631005593531451026e-03
2.595703032183333203e+00,6.114121327698999152e-03,1.558052734401421929e-03
2.598201302666666823e+00,6.128033161133563701e-03,1.485099875271379821e-03
2.600699573149999999e+00,6.142003204225254809e-03,1.493552019270939215e-03
2.603197843633333175e+00,6.156031773925853268e-03,1.502004163270498826e-03
2.605696114116666795e+00,6.170119189371467243e-03,1.510456307270059738e-03
2.608194384599999971e+00,6.184265771891329921e-03,1.518908451269619349e-03
2.610692655083333147e+00,6.198471845035392891e-03,1.527360595269178743e-03
2.613190925566666767e+00,6.212737734582867051e-03,1.535812739268739655e-03
2.615689196049999943e+00,6.227063768570369369e-03,1.544264883268299266e-03
2.618187466533333563e+00,6.241450277301479471e-03,1.552717027267860178e-03
2.620685737016666739e+00,6.255897593373918424e-03,1.561169171267419789e-03
2.623184007499999915e+00,6.270406051690622339e-03,1.569621315266979183e-03
2.625682277983333535e+00,6.284975989487117179e-03,1.657753616873110193e-03
2.628180548466666711e+00,6.299607746342274044e-03,1.745885918479225590e-03
2.630678818949999886e+00,6.314301664206913890e-03,1.834018220085340770e-03
2.633177089433333506e+00,6.329058087414528994e-03,1.922150521691471997e-03
2.635675359916666682e+00,6.343877362709828688e-03,2.010282823297587177e-03
2.638173630399999858e+00,6.358759839260814777e-03,2.098415124903702574e-03
2.640671900883333478e+00,6.373705868687224926e-03,2.186547426509833584e-03
2.643170171366666654e+00,6.388715805072560372e-03,2.274679728115948981e-03
2.645668441849999830e+00,6.403790004993930966e-03,2.362812029722064378e-03
2.648166712333333450e+00,6.418928827533514764e-03,2.450944331328195388e-03
2.650664982816666626e+00,6.434132634309232268e-03,2.604655385568797801e-03
2.653163253299999802e+00,6.449401789487189604e-03,2.758366439809399780e-03
2.655661523783333422e+00,6.464736659811474127e-03,2.912077494050029514e-03
2.658159794266666598e+00,6.480137614618085122e-03,3.065788548290631927e-03
2.660658064750000218e+00,6.495605025864720737e-03,3.219499602531261662e-03
2.663156335233333394e+00,6.511139268145157109e-03,3.373210656771863641e-03
2.665654605716666570e+00,6.526740718720268689e-03,3.526921711012466053e-03
2.668152876200000190e+00,6.542409757531069021e-03,3.680632765253095788e-03
2.670651146683333366e+00,6.558146767231664426e-03,3.834343819493698201e-03
2.673149417166666542e+00,6.573952133202929683e-03,3.988054873734299746e-03
2.675647687650000162e+00,6.589826243584473789e-03,4.183245275136830352e-03
2.678145958133333338e+00,6.605769489290049500e-03,4.378435676539333202e-03
2.680644228616666513e+00,6.621782264039459236e-03,4.573626077941836052e-03
2.683142499100000133e+00,6.637864964374410454e-03,4.768816479344373596e-03
2.685640769583333309e+00,6.654017989691663609e-03,4.964006880746876446e-03
2.688139040066666485e+00,6.670241742258207519e-03,5.159197282149379296e-03
2.690637310550000105e+00,6.686536627245260808e-03,5.354387683551916841e-03
2.693135581033333281e+00,6.702903052744552288e-03,5.549578084954420558e-03
2.695633851516666457e+00,6.719341429802286846e-03,5.744768486356923408e-03
2.698132122000000077e+00,6.735852172436111902e-03,5.939958887759460952e-03
2.700630392483333253e+00,6.752435697669272388e-03,6.146167859018380857e-03
2.703128662966666873e+00,6.769092425548421145e-03,6.352376830277338057e-03
2.705626933450000049e+00,6.785822779178707180e-03,6.558585801536257961e-03
2.708125203933333225e+00,6.802627184740988459e-03,6.764794772795178733e-03
2.710623474416666845e+00,6.819506071528292322e-03,6.971003744054135934e-03
2.713121744900000021e+00,6.836459871963956360e-03,7.177212715313055838e-03
2.715620015383333197e+00,6.853489021637300393e-03,7.383421686571975742e-03
2.718118285866666817e+00,6.870593959323280896e-03,7.589630657830932943e-03
2.720616556349999993e+00,6.887775127019090185e-03,7.795839629089852847e-03
2.723114826833333169e+00,6.905032969963105678e-03,8.002048600348773619e-03
2.725613097316666789e+00,6.922367936673232483e-03,8.186869498679414867e-03
2.728111367799999964e+00,6.939780478966160564e-03,8.371690397010019685e-03
2.730609638283333140e+00,6.957271051995752437e-03,8.556511295340624504e-03
2.733107908766666760e+00,6.974840114273321220e-03,8.741332193671262282e-03
2.735606179249999936e+00,6.992488127706861407e-03,8.926153092001867101e-03
2.738104449733333556e+00,7.010215557621645235e-03,9.110973990332504879e-03
2.740602720216666732e+00,7.028022872799437847e-03,9.295794888663107963e-03
2.743100990699999908e+00,7.045910545501410382e-03,9.480615786993712782e-03
2.745599261183333528e+00,7.063879051506510333e-03,9.665436685324350560e-03
2.748097531666666704e+00,7.081928870135101479e-03,9.850257583654955379e-03
2.750595802149999880e+00,7.100060484288704676e-03,9.984020995212054828e-03
2.753094072633333500e+00,7.118274380474011627e-03,1.011778440676917683e-02
2.755592343116666676e+00,7.136571048843205062e-03,1.025154781832627628e-02
2.758090613599999852e+00,7.154950983218276959e-03,1.038531122988337572e-02
2.760588884083333472e+00,7.173414681132620277e-03,1.051907464144049772e-02
2.763087154566666648e+00,7.191962643856028049e-03,1.065283805299759717e-02
2.765585425049999824e+00,7.210595376436567880e-03,1.078660146455469662e-02
2.768083695533333444e+00,7.229313387726580241e-03,1.092036487611182036e-02
2.770581966016666620e+00,7.248117190425019604e-03,1.105412828766891981e-02
2.773080236499999796e+00,7.267007301104540413e-03,1.118789169922601752e-02
2.775578506983333416e+00,7.285984240254324805e-03,1.124810212590997976e-02
2.778076777466666591e+00,7.305048532307723691e-03,1.130831255259391772e-02
2.780575047950000211e+00,7.324200705686230266e-03,1.136852297927786609e-02
2.783073318433333387e+00,7.343441292827786356e-03,1.142873340596180405e-02
2.785571588916666563e+00,7.362770830231472365e-03,1.148894383264574201e-02
2.788069859400000183e+00,7.382189858486225623e-03,1.154915425932969211e-02
2.790568129883333359e+00,7.401698922316853925e-03,1.160936468601363007e-02
2.793066400366666535e+00,7.421298570613518893e-03,1.166957511269756803e-02
2.795564670850000155e+00,7.440989356478276001e-03,1.172978553938151640e-02
2.798062941333333331e+00,7.460771837255132134e-03,1.178999596606545436e-02
2.800561211816666507e+00,7.480646574578210181e-03,1.176502328031549076e-02
2.803059482300000127e+00,7.500614134402080677e-03,1.174005059456552369e-02
2.805557752783333303e+00,7.520675087050670594e-03,1.171507790881556182e-02
2.808056023266666479e+00,7.540830007248948939e-03,1.169010522306559823e-02
2.810554293750000099e+00,7.561079474172167740e-03,1.166513253731563116e-02
2.813052564233333275e+00,7.581424071478807050e-03,1.164015985156566756e-02
2.815550834716666895e+00,7.601864387360398809e-03,1.161518716581570049e-02
2.818049105200000071e+00,7.622401014575851813e-03,1.159021448006573862e-02
2.820547375683333247e+00,7.643034550501628596e-03,1.156524179431577502e-02
2.823045646166666867e+00,7.663765597167137254e-03,1.154026910856580795e-02
2.825543916650000043e+00,7.684594761306206764e-03,1.143182846869884861e-02
2.828042187133333218e+00,7.705522654393077292e-03,1.132338782883188753e-02
2.830540457616666838e+00,7.726549892694596286e-03,1.121494718896490911e-02
2.833038728100000014e+00,7.747677097307966061e-03,1.110650654909794803e-02
2.835536998583333190e+00,7.768904894213305053e-03,1.099806590923098869e-02
2.838035269066666810e+00,7.790233914312073675e-03,1.088962526936400853e-02
2.840533539549999986e+00,7.811664793481539436e-03,1.078118462949704745e-02
2.843031810033333162e+00,7.833198172613796070e-03,1.067274398963008811e-02
2.845530080516666782e+00,7.854834697671102955e-03,1.056430334976310795e-02
2.848028350999999958e+00,7.876575019725960691e-03,1.045586270989614860e-02
2.850526621483333134e+00,7.898419795017817477e-03,1.027987726334005265e-02
2.853024891966666754e+00,7.920369684993851592e-03,1.010389181678392548e-02
2.855523162449999930e+00,7.942425356366997896e-03,9.927906370227829527e-03
2.858021432933333550e+00,7.964587481157919466e-03,9.751920923671702351e-03
2.860519703416666726e+00,7.986856736753552774e-03,9.575935477115608135e-03
2.863017973899999902e+00,8.009233805951088137e-03,9.399950030559512185e-03
2.865516244383333522e+00,8.031719377017000616e-03,9.223964584003385009e-03
2.868014514866666698e+00,8.054314143732275999e-03,9.047979137447289058e-03
2.870512785349999874e+00,8.077018805452839886e-03,8.871993690891193107e-03
2.873011055833333494e+00,8.099834067155952874e-03,8.696008244335065931e-03
2.875509326316666669e+00,8.122760639501569457e-03,8.481555458531828823e-03
2.878007596799999845e+00,8.145799238879853840e-03,8.267102672728589979e-03
2.880505867283333465e+00,8.168950587474502548e-03,8.052649886925314707e-03
2.883004137766666641e+00,8.192215413310966268e-03,7.838197101122077598e-03
2.885502408249999817e+00,8.215594450320681461e-03,7.623744315318840489e-03
2.888000678733333437e+00,8.239088438391264577e-03,7.409291529515564349e-03
2.890498949216666613e+00,8.262698123431784503e-03,7.194838743712326373e-03
2.892997219700000233e+00,8.286424257424034046e-03,6.980385957909051101e-03
2.895495490183333409e+00,8.310267598489530158e-03,6.765933172105813992e-03
2.897993760666666585e+00,8.334228910941866159e-03,6.551480386302576016e-03
2.900492031150000205e+00,8.358308965355014733e-03,6.337692140359037565e-03
2.902990301633333381e+00,8.382508538617296917e-03,6.123903894415536411e-03
2.905488572116666557e+00,8.406828414000993080e-03,5.910115648472036125e-03
2.907986842600000177e+00,8.431269381217630296e-03,5.696327402528497674e-03
2.910485113083333353e+00,8.455832236489071313e-03,5.482539156584996520e-03
2.912983383566666529e+00,8.480517782604540117e-03,5.268750910641496234e-03
2.915481654050000149e+00,8.505326828992548771e-03,5.054962664697957783e-03
2.917979924533333325e+00,8.530260191779881485e-03,4.841174418754456629e-03
2.920478195016666501e+00,8.555318693865285665e-03,4.627386172810956343e-03
2.922976465500000121e+00,8.580503164979234876e-03,4.413597926867417892e-03
2.925474735983333296e+00,8.605814441759788297e-03,4.244623775394317650e-03
2.927973006466666472e+00,8.631253367813750133e-03,4.075649623921217407e-03
2.930471276950000092e+00,8.656820793794093791e-03,3.906675472448087674e-03
2.932969547433333268e+00,8.682517577462467440e-03,3.737701320974987865e-03
2.935467817916666888e+00,8.708344583768887204e-03,3.568727169501857699e-03
2.937966088400000064e+00,8.734302684915568049e-03,3.399753018028757456e-03
2.940464358883333240e+00,8.760392760437786183e-03,3.230778866555657648e-03
2.942962629366666860e+00,8.786615697270348455e-03,3.061804715082527481e-03
2.945460899850000036e+00,8.812972389829688141e-03,2.892830563609427239e-03
2.947959170333333212e+00,8.839463740081952847e-03,2.723856412136327430e-03
2.950457440816666832e+00,8.866090657627116040e-03,2.642299044129101278e-03
2.952955711300000008e+00,8.892854059768981814e-03,2.560741676121905050e-03
2.955453981783333184e+00,8.919754871600606150e-03,2.479184308114708822e-03
2.957952252266666804e+00,8.946794026076345177e-03,2.397626940107498283e-03
2.960450522749999980e+00,8.973972464099878518e-03,2.316069572100302055e-03
2.962948793233333156e+00,9.001291134597104102e-03,2.234512204093106261e-03
2.965447063716666776e+00,9.028750994606506847e-03,2.152954836085895288e-03
2.967945334199999952e+00,9.056353009354270456e-03,2.071397468078699060e-03
2.970443604683333128e+00,9.084098152346065103e-03,1.989840100071502832e-03
2.972941875166666748e+00,9.111987405444521917e-03,1.908282732064292293e-03
2.975440145649999923e+00,9.140021758963225509e-03,1.947844196921979382e-03
2.977938416133333543e+00,9.168202211745916236e-03,1.987405661779673410e-03
2.980436686616666719e+00,9.196529771262248673e-03,2.026967126637360499e-03
2.982934957099999895e+00,9.225005453690024448e-03,2.066528591495047588e-03
2.985433227583333515e+00,9.253630284012439103e-03,2.106090056352741616e-03
2.987931498066666691e+00,9.282405296102467715e-03,2.145651521210428705e-03
2.990429768549999867e+00,9.311331532822644461e-03,2.185212986068115794e-03
2.992928039033333487e+00,9.340410046111540313e-03,2.224774450925809822e-03
2.995426309516666663e+00,9.369641897085610391e-03,2.264335915783496911e-03
2.997924579999999839e+00,9.399028156128053438e-03,2.303897380641184000e-03
3.000422850483333459e+00,9.428569902993365337e-03,2.482282687645066474e-03
3.002921120966666635e+00,9.458268226898053008e-03,2.660667994648942009e-03
3.005419391449999811e+00,9.488124226627821234e-03,2.839053301652817111e-03
3.007917661933333431e+00,9.518139010630715172e-03,3.017438608656724305e-03
3.010415932416666607e+00,9.548313697126690688e-03,3.195823915660599840e-03
3.012914202900000227e+00,9.578649414203077930e-03,3.374209222664507034e-03
3.015412473383333403e+00,9.609147299927220387e-03,3.552594529668382569e-03
3.017910743866666579e+00,9.639808502444117272e-03,3.730979836672258104e-03
3.020409014350000199e+00,9.670634180091300380e-03,3.909365143676165298e-03
3.022907284833333375e+00,9.701625501499992754e-03,4.087750450680040400e-03
3.025405555316666550e+00,9.732783645712093229e-03,4.401092452857783936e-03
3.027903825800000170e+00,9.764109802283911163e-03,4.714434455035583851e-03
3.030402096283333346e+00,9.795605171406337672e-03,5.027776457213327388e-03
3.032900366766666522e+00,9.827270964011222340e-03,5.341118459391070925e-03
3.035398637250000142e+00,9.859108401894049398e-03,5.654460461568870840e-03
3.037896907733333318e+00,9.891118717823573978e-03,5.967802463746615244e-03
3.040395178216666494e+00,9.923303155667494158e-03,6.281144465924358780e-03
3.042893448700000114e+00,9.955662970504456852e-03,6.594486468102157828e-03
3.045391719183333290e+00,9.988199428753358894e-03,6.907828470279902232e-03
3.047889989666666466e+00,1.002091380828822216e-02,7.221170472457645768e-03
3.050388260150000086e+00,1.005380739857028236e-02,7.641287426902317395e-03
3.052886530633333262e+00,1.008688150076593112e-02,8.061404381346932643e-03
3.055384801116666882e+00,1.012013742788275134e-02,8.481521335791622485e-03
3.057883071600000058e+00,1.015357650489020699e-02,8.901638290236239467e-03
3.060381342083333234e+00,1.018720006885819387e-02,9.321755244680854716e-03
3.062879612566666854e+00,1.022100946908245482e-02,9.741872199125544557e-03
3.065377883050000030e+00,1.025500606722549828e-02,1.016198915357016154e-02
3.067876153533333206e+00,1.028919123744560619e-02,1.058210610801477679e-02
3.070374424016666826e+00,1.032356636654153947e-02,1.100222306245946836e-02
3.072872694500000001e+00,1.035813285408465449e-02,1.142234001690408361e-02
3.075370964983333177e+00,1.039289211256742146e-02,1.189794027440516100e-02
3.077869235466666797e+00,1.042784556753887162e-02,1.237354053190632339e-02
3.080367505949999973e+00,1.046299465775724601e-02,1.284914078940740077e-02
3.082865776433333149e+00,1.049834083532878021e-02,1.332474104690847816e-02
3.085364046916666769e+00,1.053388556586417994e-02,1.380034130440964055e-02
3.087862317399999945e+00,1.056963032862154490e-02,1.427594156191071620e-02
3.090360587883333565e+00,1.060557661666608996e-02,1.475154181941187859e-02
3.092858858366666741e+00,1.064172593701745093e-02,1.522714207691295597e-02
3.095357128849999917e+00,1.067807981081376340e-02,1.570274233441403336e-02
3.097855399333333537e+00,1.071463977346248826e-02,1.617834259191519575e-02
3.100353669816666713e+00,1.075140737480835031e-02,1.664080130153811066e-02
3.102851940299999889e+00,1.078838417928919616e-02,1.710326001116102557e-02
3.105350210783333509e+00,1.082557176610763824e-02,1.756571872078402027e-02
3.107848481266666685e+00,1.086297172939119579e-02,1.802817743040693518e-02
3.110346751749999861e+00,1.090058567836868150e-02,1.849063614002985009e-02
3.112845022233333481e+00,1.093841523753424222e-02,1.895309484965284827e-02
3.115343292716666657e+00,1.097646204682881967e-02,1.941555355927576318e-02
3.117841563199999833e+00,1.101472776180836485e-02,1.987801226889867809e-02
3.120339833683333453e+00,1.105321405383011095e-02,2.034047097852167280e-02
3.122838104166666628e+00,1.109192261022555297e-02,2.080292968814458771e-02
3.125336374649999804e+00,1.113085513449142694e-02,2.117648521060224928e-02
3.127834645133333424e+00,1.117001334646760755e-02,2.155004073305997678e-02
3.130332915616666600e+00,1.120939898253281615e-02,2.192359625551763835e-02
3.132831186100000220e+00,1.124901379578769310e-02,2.229715177797536585e-02
3.135329456583333396e+00,1.128885955625586086e-02,2.267070730043302396e-02
3.137827727066666572e+00,1.132893805107178589e-02,2.304426282289068553e-02
3.140325997550000192e+00,1.136925108468696440e-02,2.341781834534841303e-02
3.142824268033333368e+00,1.140980047906371003e-02,2.379137386780607460e-02
3.145322538516666544e+00,1.145058807388608241e-02,2.416492939026373618e-02
3.147820809000000164e+00,1.149161572675958844e-02,2.453848491272146368e-02
3.150319079483333340e+00,1.153288531342776431e-02,2.475371995272382733e-02
3.152817349966666516e+00,1.157439872797706715e-02,2.496895499272618751e-02
3.155315620450000136e+00,1.161615788305941574e-02,2.518419003272858933e-02
3.157813890933333312e+00,1.165816471010329598e-02,2.539942507273094952e-02
3.160312161416666488e+00,1.170042115954189610e-02,2.561466011273331317e-02
3.162810431900000108e+00,1.174292920103001299e-02,2.582989515273571499e-02
3.165308702383333284e+00,1.178569082367871869e-02,2.604513019273807517e-02
3.167806972866666460e+00,1.182870803627871815e-02,2.626036523274043882e-02
3.170305243350000080e+00,1.187198286754038296e-02,2.647560027274283717e-02
3.172803513833333255e+00,1.191551736632387622e-02,2.669083531274520082e-02
3.175301784316666875e+00,1.195931360188680868e-02,2.669928807594226794e-02
3.177800054800000051e+00,1.200337366411955570e-02,2.670774083913933158e-02
3.180298325283333227e+00,1.204769966380004297e-02,2.671619360233639523e-02
3.182796595766666847e+00,1.209229373283634938e-02,2.672464636553345887e-02
3.185294866250000023e+00,1.213715802452770137e-02,2.673309912873052252e-02
3.187793136733333199e+00,1.218229471381486809e-02,2.674155189192758963e-02
3.190291407216666819e+00,1.222770599754797495e-02,2.675000465512465328e-02
3.192789677699999995e+00,1.227339409474379958e-02,2.675845741832171693e-02
3.195287948183333171e+00,1.231936124686164834e-02,2.676691018151878057e-02
3.197786218666666791e+00,1.236560971806764837e-02,2.677536294471584769e-02
3.200284489149999967e+00,1.241214179551891617e-02,2.656229494551456613e-02
3.202782759633333143e+00,1.245895978963460111e-02,2.634922694631328458e-02
3.205281030116666763e+00,1.250606603438860452e-02,2.613615894711196139e-02
3.207779300599999939e+00,1.255346288758908690e-02,2.592309094791067983e-02
3.210277571083333559e+00,1.260115273117794199e-02,2.571002294870936011e-02
3.212775841566666735e+00,1.264913797151975654e-02,2.549695494950807856e-02
3.215274112049999911e+00,1.269742103970933171e-02,2.528388695030679700e-02
3.217772382533333531e+00,1.274600439186924714e-02,2.507081895110547382e-02
3.220270653016666706e+00,1.279489050946587374e-02,2.485775095190419226e-02
3.222768923499999882e+00,1.284408189961577969e-02,2.464468295270291071e-02
3.225267193983333502e+00,1.289358109541088870e-02,2.423667270657539966e-02
3.227765464466666678e+00,1.294339065623417891e-02,2.382866246044792677e-02
3.230263734949999854e+00,1.299351316809341760e-02,2.342065221432045388e-02
3.232762005433333474e+00,1.304395124394706201e-02,2.301264196819290814e-02
3.235260275916666650e+00,1.309470752404707193e-02,2.260463172206543525e-02
3.237758546399999826e+00,1.314578467627448323e-02,2.219662147593796236e-02
3.240256816883333446e+00,1.319718539649275373e-02,2.178861122981042009e-02
3.242755087366666622e+00,1.324891240889261058e-02,2.138060098368294720e-02
3.245253357849999798e+00,1.330096846635630062e-02,2.097259073755547432e-02
3.247751628333333418e+00,1.335335635081246440e-02,2.056458049142792857e-02
3.250249898816666594e+00,1.340607887361068389e-02,2.002892746170647706e-02
3.252748169300000214e+00,1.345913887588773630e-02,1.949327443198492840e-02
3.255246439783333390e+00,1.351253922895277217e-02,1.895762140226347689e-02
3.257744710266666566e+00,1.356628283466470609e-02,1.842196837254202191e-02
3.260242980750000186e+00,1.362037262582857858e-02,1.788631534282047672e-02
3.262741251233333362e+00,1.367481156658449486e-02,1.735066231309902174e-02
3.265239521716666538e+00,1.372960265281615404e-02,1.681500928337757023e-02
3.267737792200000158e+00,1.378474891255071673e-02,1.627935625365602157e-02
3.270236062683333333e+00,1.384025340638024397e-02,1.574370322393457006e-02
3.272734333166666509e+00,1.389611922787387620e-02,1.520805019421311854e-02
3.275232603650000129e+00,1.395234950401069880e-02,1.464204674267834995e-02
3.277730874133333305e+00,1.400894739560611287e-02,1.407604329114367676e-02
3.280229144616666481e+00,1.406591609775696694e-02,1.351003983960900358e-02
3.282727415100000101e+00,1.412325884028070404e-02,1.294403638807422978e-02
3.285225685583333277e+00,1.418097888817441803e-02,1.237803293653955486e-02
3.287723956066666897e+00,1.423907954206793565e-02,1.181202948500478106e-02
3.290222226550000073e+00,1.429756413869557805e-02,1.124602603347010787e-02
3.292720497033333249e+00,1.435643605136420128e-02,1.068002258193543469e-02
3.295218767516666869e+00,1.441569869043972732e-02,1.011401913040066089e-02
3.297717038000000045e+00,1.447535550382845516e-02,9.548015678865987704e-03
3.300215308483333221e+00,1.453540997747949752e-02,9.057880483975884467e-03
3.302713578966666841e+00,1.459586563588097761e-02,8.567745289085692759e-03
3.305211849450000017e+00,1.465672604257747119e-02,8.077610094195587787e-03
3.307710119933333193e+00,1.471799480068261730e-02,7.587474899305484549e-03
3.310208390416666813e+00,1.477967555341144767e-02,7.097339704415292841e-03
3.312706660899999989e+00,1.484177198460987640e-02,6.607204509525188736e-03
3.315204931383333165e+00,1.490428781930361497e-02,6.117069314635084631e-03
3.317703201866666785e+00,1.496722682424374805e-02,5.626934119744892923e-03
3.320201472349999960e+00,1.503059280847393250e-02,5.136798924854788818e-03
3.322699742833333136e+00,1.509438962389182508e-02,4.646663729964684714e-03
3.325198013316666756e+00,1.515862116583489329e-02,4.318038908402924668e-03
3.327696283799999932e+00,1.522329137366041328e-02,3.989414086841252226e-03
3.330194554283333552e+00,1.528840423134817175e-02,3.660789265279520803e-03
3.332692824766666728e+00,1.535396376809981984e-02,3.332164443717847927e-03
3.335191095249999904e+00,1.541997405896100223e-02,3.003539622156175051e-03
3.337689365733333524e+00,1.548643922543969237e-02,2.674914800594443628e-03
3.340187636216666700e+00,1.555336343614761863e-02,2.346289979032770753e-03
3.342685906699999876e+00,1.562075090743921847e-02,2.017665157471097877e-03
3.345184177183333496e+00,1.568860590407334873e-02,1.689040335909366454e-03
3.347682447666666672e+00,1.575693273987270951e-02,1.360415514347692928e-03
3.350180718149999848e+00,1.582573577840696438e-02,1.224373962912933371e-03
3.352678988633333468e+00,1.589501943367392645e-02,1.088332411478149528e-03
3.355177259116666644e+00,1.596478817080400348e-02,9.522908600433898632e-04
3.357675529599999820e+00,1.603504650676433260e-02,8.162493086086303066e-04
3.360173800083333440e+00,1.610579901108576475e-02,6.802077571738464638e-04
3.362672070566666616e+00,1.617705030658996360e-02,5.441662057390867988e-04
3.365170341050000236e+00,1.624880507014023201e-02,4.081246543043030644e-04
3.367668611533333412e+00,1.632106803339280002e-02,2.720831028695433994e-04
3.370166882016666587e+00,1.639384398357174311e-02,1.360415514347838428e-04
3.372665152500000207e+00,1.646713776424529180e-02,0.000000000000000000e+00
3.375163422983333383e+00,1.654095427612643776e-02,0.000000000000000000e+00
3.377661693466666559e+00,1.661529847787487912e-02,0.000000000000000000e+00
3.380159963950000179e+00,1.669017538692418520e-02,0.000000000000000000e+00
3.382658234433333355e+00,1.676559008031024839e-02,0.000000000000000000e+00
3.385156504916666531e+00,1.684154769552615588e-02,0.000000000000000000e+00
3.387654775400000151e+00,1.691805343137847695e-02,0.000000000000000000e+00
3.390153045883333327e+00,1.699511254887032391e-02,0.000000000000000000e+00
3.392651316366666503e+00,1.707273037208686950e-02,0.000000000000000000e+00
3.395149586850000123e+00,1.715091228910767610e-02,0.000000000000000000e+00
3.397647857333333299e+00,1.722966375292233829e-02,0.000000000000000000e+00
3.400146127816666475e+00,1.730899028237365897e-02,6.919767344919367706e-05
3.402644398300000095e+00,1.738889746310406589e-02,1.383953468983996598e-04
3.405142668783333271e+00,1.746939094853085586e-02,2.075930203475933504e-04
3.407640939266666891e+00,1.755047646082537674e-02,2.767906937967993196e-04
3.410139209750000067e+00,1.763215979192063812e-02,3.459883672459929831e-04
3.412637480233333243e+00,1.771444680452452167e-02,4.151860406951867009e-04
3.415135750716666863e+00,1.779734343316186421e-02,4.843837141443926701e-04
3.417634021200000038e+00,1.788085568522232785e-02,5.535813875935863878e-04
3.420132291683333214e+00,1.796498964203878390e-02,6.227790610427800513e-04
3.422630562166666834e+00,1.804975145997069277e-02,6.919767344919859663e-04
3.425128832650000010e+00,1.813514737152016609e-02,1.005217438579001114e-03
3.427627103133333186e+00,1.822118368645343073e-02,1.318458142666016153e-03
3.430125373616666806e+00,1.830786679295424296e-02,1.631698846753086921e-03
3.432623644099999982e+00,1.839520315878618098e-02,1.944939550840101960e-03
3.435121914583333158e+00,1.848319933248513888e-02,2.258180254927116999e-03
3.437620185066666778e+00,1.857186194456255171e-02,2.571420959014187983e-03
3.440118455549999954e+00,1.866119770874054978e-02,2.884661663101202589e-03
3.442616726033333130e+00,1.875121342319623421e-02,3.197902367188217628e-03
3.445114996516666750e+00,1.884191597184118813e-02,3.511143071275288612e-03
3.447613266999999926e+00,1.893331232560984886e-02,3.824383775362303652e-03
3.450111537483333546e+00,1.902540954378395544e-02,4.430475308241754728e-03
3.452609807966666722e+00,1.911821477532690827e-02,5.036566841121098252e-03
3.455108078449999898e+00,1.921173526025509587e-02,5.642658374000441776e-03
3.457606348933333518e+00,1.930597833102064287e-02,6.248749906879891985e-03
3.460104619416666694e+00,1.940095141393097591e-02,6.854841439759236377e-03
3.462602889899999870e+00,1.949666203058173647e-02,7.460932972638579033e-03
3.465101160383333490e+00,1.959311779932716713e-02,8.067024505518029243e-03
3.467599430866666665e+00,1.969032643676468103e-02,8.673116038397373634e-03
3.470097701349999841e+00,1.978829575925846601e-02,9.279207571276718025e-03
3.472595971833333461e+00,1.988703368447822598e-02,9.885299104156168234e-03
3.475094242316666637e+00,1.998654823297729005e-02,1.072507503852218602e-02
3.477592512799999813e+00,2.008684752978804472e-02,1.156485097288820554e-02
3.480090783283333433e+00,2.018793980605761151e-02,1.240462690725437252e-02
3.482589053766666609e+00,2.028983340070161789e-02,1.324440284162039030e-02
3.485087324250000229e+00,2.039253676209972291e-02,1.408417877598655901e-02
3.487585594733333405e+00,2.049605844981038094e-02,1.492395471035257680e-02
3.490083865216666581e+00,2.060040713632893886e-02,1.576373064471859459e-02
3.492582135700000201e+00,2.070559160886582123e-02,1.660350657908476329e-02
3.495080406183333377e+00,2.081162077116939513e-02,1.744328251345077935e-02
3.497578676666666553e+00,2.091850364537095955e-02,1.828305844781679887e-02
3.500076947150000173e+00,2.102624937387516033e-02,1.922157866526475953e-02
3.502575217633333349e+00,2.113486722127364340e-02,2.016009888271257447e-02
3.505073488116666525e+00,2.124436657630652051e-02,2.109861910016038594e-02
3.507571758600000145e+00,2.135475695384805167e-02,2.203713931760836742e-02
3.510070029083333321e+00,2.146604799694154520e-02,2.297565953505618236e-02
3.512568299566666497e+00,2.157824947886060468e-02,2.391417975250399383e-02
3.515066570050000117e+00,2.169137130522013138e-02,2.485269996995197184e-02
3.517564840533333292e+00,2.180542351611643864e-02,2.579122018739978678e-02
3.520063111016666468e+00,2.192041628831853384e-02,2.672974040484760172e-02
3.522561381500000088e+00,2.203635993748950112e-02,2.766826062229557973e-02
3.525059651983333264e+00,2.215326492046163290e-02,2.853617208231069846e-02
3.527557922466666884e+00,2.227114183754350107e-02,2.940408354232597332e-02
3.530056192950000060e+00,2.239000143488177261e-02,3.027199500234109206e-02
3.532554463433333236e+00,2.250985460685750450e-02,3.113990646235621079e-02
3.535052733916666856e+00,2.263071239853939320e-02,3.200781792237148565e-02
3.537551004400000032e+00,2.275258600817271770e-02,3.287572938238660092e-02
3.540049274883333208e+00,2.287548678972787727e-02,3.374364084240172312e-02
3.542547545366666828e+00,2.299942625548626052e-02,3.461155230241699798e-02
3.545045815850000004e+00,2.312441607868840829e-02,3.547946376243211325e-02
3.547544086333333180e+00,2.325046809622124261e-02,3.634737522244723545e-02
3.550042356816666800e+00,2.337759431136951851e-02,3.698458997119173641e-02
3.552540627299999976e+00,2.350580689660990499e-02,3.762180471993609165e-02
3.555038897783333152e+00,2.363511819647001744e-02,3.825901946868043996e-02
3.557537168266666772e+00,2.376554073043368742e-02,3.889623421742490622e-02
3.560035438749999948e+00,2.389708719591351199e-02,3.953344896616925452e-02
3.562533709233333568e+00,2.402977047127113214e-02,4.017066371491371385e-02
3.565031979716666743e+00,2.416360361890884309e-02,4.080787846365806909e-02
3.567530250199999919e+00,2.429859988841067894e-02,4.144509321240241739e-02
3.570028520683333539e+00,2.443477271975803486e-02,4.208230796114688366e-02
3.572526791166666715e+00,2.457213574659707078e-02,4.271952270989123196e-02
3.575025061649999891e+00,2.471070279958361218e-02,4.301376283145777468e-02
3.577523332133333511e+00,2.485048790978357930e-02,4.330800295302436598e-02
3.580021602616666687e+00,2.499150531215273488e-02,4.360224307459090870e-02
3.582519873099999863e+00,2.513376944907613070e-02,4.389648319615745142e-02
3.585018143583333483e+00,2.527729497398921096e-02,4.419072331772404272e-02
3.587516414066666659e+00,2.542209675506192784e-02,4.448496343929058544e-02
3.590014684549999835e+00,2.556818987896873271e-02,4.477920356085712816e-02
3.592512955033333455e+00,2.571558965472448000e-02,4.507344368242372640e-02
3.595011225516666631e+00,2.586431161760887817e-02,4.536768380399026912e-02
3.597509495999999807e+00,2.601437153316170023e-02,4.566192392555680490e-02
3.600007766483333427e+00,2.616578540127020847e-02,4.557548005003166092e-02
3.602506036966666603e+00,2.631856946033004838e-02,4.548903617450646142e-02
3.605004307450000223e+00,2.647274019150312740e-02,4.540259229898124804e-02
3.607502577933333399e+00,2.662831432305265422e-02,4.531614842345604854e-02
3.610000848416666575e+00,2.678530883477972177e-02,4.522970454793085598e-02
3.612499118900000195e+00,2.694374096254080128e-02,4.514326067240564261e-02
3.614997389383333370e+00,2.710362820287060687e-02,4.505681679688044311e-02
3.617495659866666546e+00,2.726498831769141526e-02,4.497037292135524361e-02
3.619993930350000166e+00,2.742783933913237396e-02,4.488392904583003024e-02
3.622492200833333342e+00,2.759219957443839050e-02,4.479748517030483074e-02
3.624990471316666518e+00,2.775808761099507124e-02,4.437760153380224809e-02
3.627488741800000138e+00,2.792552232144831711e-02,4.395771789729958912e-02
3.629987012283333314e+00,2.809452286894396217e-02,4.353783426079699953e-02
3.632485282766666490e+00,2.826510871246875473e-02,4.311795062429441688e-02
3.634983553250000110e+00,2.843729961231527756e-02,4.269806698779175791e-02
3.637481823733333286e+00,2.861111563565445562e-02,4.227818335128917526e-02
3.639980094216666462e+00,2.878657716223769966e-02,4.185829971478658568e-02
3.642478364700000082e+00,2.896370489021197342e-02,4.143841607828392670e-02
3.644976635183333258e+00,2.914251984207091861e-02,4.101853244178134406e-02
3.647474905666666878e+00,2.932304337072475300e-02,4.059864880527868508e-02
3.649973176150000054e+00,2.950529716571253028e-02,3.996990224418327242e-02
3.652471446633333230e+00,2.968930325953961918e-02,3.934115568308785976e-02
3.654969717116666850e+00,2.987508403416438280e-02,3.871240912199234302e-02
3.657467987600000026e+00,3.006266222761642612e-02,3.808366256089693036e-02
3.659966258083333202e+00,3.025206094077165578e-02,3.745491599980151770e-02
3.662464528566666822e+00,3.044330364426564225e-02,3.682616943870599402e-02
3.664962799049999997e+00,3.063641418557152413e-02,3.619742287761058136e-02
3.667461069533333173e+00,3.083141679622351805e-02,3.556867631651517564e-02
3.669959340016666793e+00,3.102833609921240229e-02,3.493992975541965196e-02
3.672457610499999969e+00,3.122719711653638985e-02,3.431118319432423930e-02
3.674955880983333145e+00,3.142802527693010911e-02,3.365151802196465758e-02
3.677454151466666765e+00,3.163084642375856709e-02,3.299185284960495790e-02
3.679952421949999941e+00,3.183568682309810549e-02,3.233218767724537618e-02
3.682450692433333561e+00,3.204257317199072502e-02,3.167252250488567650e-02
3.684948962916666737e+00,3.225153260689495732e-02,3.101285733252609825e-02
3.687447233399999913e+00,3.246259271231985433e-02,3.035319216016651653e-02
3.689945503883333533e+00,3.267578152966511829e-02,2.969352698780682032e-02
3.692443774366666709e+00,3.289112756625425099e-02,2.903386181544723860e-02
3.694942044849999885e+00,3.310865980458454344e-02,2.837419664308765688e-02
3.697440315333333505e+00,3.332840771178011835e-02,2.771453147072795720e-02
3.699938585816666681e+00,3.355040124927412964e-02,2.721963997332672164e-02
3.702436856299999857e+00,3.377467088270364598e-02,2.672474847592548955e-02
3.704935126783333477e+00,3.400124759204646574e-02,2.622985697852416725e-02
3.707433397266666653e+00,3.423016288198238444e-02,2.573496548112293517e-02
3.709931667749999828e+00,3.446144879250796073e-02,2.524007398372169961e-02
3.712429938233333448e+00,3.469513790978998730e-02,2.474518248632037731e-02
3.714928208716666624e+00,3.493126337728385405e-02,2.425029098891914522e-02
3.717426479199999800e+00,3.516985890710499357e-02,2.375539949151790967e-02
3.719924749683333420e+00,3.541095879167899946e-02,2.326050799411658737e-02
3.722423020166666596e+00,3.565459791565886438e-02,2.276561649671535528e-02
3.724921290650000216e+00,3.590081176813574027e-02,2.260856182774634293e-02
3.727419561133333392e+00,3.614963645513174367e-02,2.245150715877735834e-02
3.729917831616666568e+00,3.640110871240220120e-02,2.229445248980837374e-02
3.732416102100000188e+00,3.665526591853617011e-02,2.213739782083936139e-02
3.734914372583333364e+00,3.691214610838187277e-02,2.198034315187037679e-02
3.737412643066666540e+00,3.717178798678839186e-02,2.182328848290139220e-02
3.739910913550000160e+00,3.743423094269069523e-02,2.166623381393237985e-02
3.742409184033333336e+00,3.769951506352658271e-02,2.150917914496339525e-02
3.744907454516666512e+00,3.796768115001781380e-02,2.135212447599441066e-02
3.747405725000000132e+00,3.823877073130185766e-02,2.119506980702539831e-02
3.749903995483333308e+00,3.851282608044642036e-02,2.148903073148000081e-02
3.752402265966666484e+00,3.878989023033736772e-02,2.178299165593460679e-02
3.754900536450000104e+00,3.907000698996866694e-02,2.207695258038926134e-02
3.757398806933333280e+00,3.935322096112772727e-02,2.237091350484386731e-02
3.759897077416666900e+00,3.963957755550560902e-02,2.266487442929852186e-02
3.762395347900000075e+00,3.992912301222601573e-02,2.295883535375312437e-02
3.764893618383333251e+00,4.022190441582242787e-02,2.325279627820773035e-02
3.767391888866666871e+00,4.051796971465823627e-02,2.354675720266238489e-02
3.769890159350000047e+00,4.081736773982167638e-02,2.384071812711698740e-02
3.772388429833333223e+00,4.112014822448922108e-02,2.413467905157159338e-02
3.774886700316666843e+00,4.142636182379041965e-02,2.490626885067978233e-02
3.777384970800000019e+00,4.173606013516951291e-02,2.567785864978791924e-02
3.779883241283333195e+00,4.204929571927738113e-02,2.644944844889605615e-02
3.782381511766666815e+00,4.236612212138963357e-02,2.722103824800433183e-02
3.784879782249999991e+00,4.268659389338641530e-02,2.799262804711246874e-02
3.787378052733333167e+00,4.301076661628850523e-02,2.876421784622060565e-02
3.789876323216666787e+00,4.333869692338903484e-02,2.953580764532887787e-02
3.792374593699999963e+00,4.367044252397563747e-02,3.030739744443701478e-02
3.794872864183333139e+00,4.400606222768130293e-02,3.107898724354515169e-02
3.797371134666666759e+00,4.434561596946336171e-02,3.185057704265342737e-02
3.799869405149999935e+00,4.468916483524722205e-02,3.302941401370745184e-02
3.802367675633333555e+00,4.503677108823677527e-02,3.420825098476168447e-02
3.804865946116666731e+00,4.538849819593028523e-02,3.538708795581570893e-02
3.807364216599999907e+00,4.574441085784185929e-02,3.656592492686973339e-02
3.809862487083333527e+00,4.610457503397254880e-02,3.774476189792396602e-02
3.812360757566666702e+00,4.646905797403005217e-02,3.892359886897799048e-02
3.814859028049999878e+00,4.683792824744277550e-02,4.010243584003201495e-02
3.817357298533333498e+00,4.721125577416990238e-02,4.128127281108624758e-02
3.819855569016666674e+00,4.758911185635366498e-02,4.246010978214027204e-02
3.822353839499999850e+00,4.797156921081743852e-02,4.363894675319429650e-02
3.824852109983333470e+00,4.835870200245827311e-02,4.506632846832122480e-02
3.827350380466666646e+00,4.875058587853761671e-02,4.649371018344794493e-02
3.829848650949999822e+00,4.914729800392156345e-02,4.792109189857466506e-02
3.832346921433333442e+00,4.954891709727804461e-02,4.934847361370164193e-02
3.834845191916666618e+00,4.995552346828011775e-02,5.077585532882836206e-02
3.837343462399999794e+00,5.036719905582853068e-02,5.220323704395508219e-02
3.839841732883333414e+00,5.078402746734314577e-02,5.363061875908205212e-02
3.842340003366666590e+00,5.120609401913919084e-02,5.505800047420877225e-02
3.844838273850000210e+00,5.163348577794005939e-02,5.648538218933574911e-02
3.847336544333333386e+00,5.206629160354293157e-02,5.791276390446246924e-02
3.849834814816666562e+00,5.250460219269559997e-02,5.936890306494104624e-02
3.852333085300000182e+00,5.294851012420060538e-02,6.082504222541987998e-02
3.854831355783333358e+00,5.339810990530631518e-02,6.228118138589845698e-02
3.857329626266666533e+00,5.385349801940714221e-02,6.373732054637702704e-02
3.859827896750000154e+00,5.431477297511284885e-02,6.519345970685586078e-02
3.862326167233333329e+00,5.478203535671331836e-02,6.664959886733444472e-02
3.864824437716666505e+00,5.525538787610179137e-02,6.810573802781301478e-02
3.867322708200000125e+00,5.573493542618419838e-02,6.956187718829184852e-02
3.869820978683333301e+00,5.622078513584424786e-02,7.101801634877043246e-02
3.872319249166666477e+00,5.671304642649240002e-02,7.247415550924900252e-02
3.874817519650000097e+00,5.721183107027254244e-02,7.372005503023490447e-02
3.877315790133333273e+00,5.771725324996043738e-02,7.496595455122055662e-02
3.879814060616666893e+00,5.822942962062752775e-02,7.621185407220641694e-02
3.882312331100000069e+00,5.874847937311209606e-02,7.745775359319206910e-02
3.884810601583333245e+00,5.927452429937345862e-02,7.870365311417770737e-02
3.887308872066666865e+00,5.980768885977489485e-02,7.994955263516356769e-02
3.889807142550000041e+00,6.034810025237790504e-02,8.119545215614921985e-02
3.892305413033333217e+00,6.089588848429546009e-02,8.244135167713485812e-02
3.894803683516666837e+00,6.145118644519344947e-02,8.368725119812073232e-02
3.897301954000000013e+00,6.201412998299241780e-02,8.493315071910637060e-02
3.899800224483333189e+00,6.258485798186377846e-02,8.576041467576064892e-02
3.902298494966666809e+00,6.316351244257856212e-02,8.658767863241509377e-02
3.904796765449999985e+00,6.375023856530794009e-02,8.741494258906937209e-02
3.907295035933333160e+00,6.434518483494026941e-02,8.824220654572365041e-02
3.909793306416666780e+00,6.494850310901897905e-02,8.906947050237809527e-02
3.912291576899999956e+00,6.556034870837340600e-02,8.989673445903237359e-02
3.914789847383333132e+00,6.618088051055254217e-02,9.072399841568665191e-02
3.917288117866666752e+00,6.681026104614216921e-02,9.155126237234108288e-02
3.919786388349999928e+00,6.744865659808012281e-02,9.237852632899537508e-02
3.922284658833333548e+00,6.809623730405989228e-02,9.320579028564980606e-02
3.924782929316666724e+00,6.875317726214487390e-02,9.348597146347570330e-02
3.927281199799999900e+00,6.941965463968899352e-02,9.376615264130161442e-02
3.929779470283333520e+00,7.009585178569825714e-02,9.404633381912756718e-02
3.932277740766666696e+00,7.078195534673450973e-02,9.432651499695346442e-02
3.934776011249999872e+00,7.147815638650657777e-02,9.460669617477937554e-02
3.937274281733333492e+00,7.218465050925951254e-02,9.488687735260532830e-02
3.939772552216666668e+00,7.290163798711647714e-02,9.516705853043122554e-02
3.942270822699999844e+00,7.362932389149444423e-02,9.544723970825713666e-02
3.944769093183333464e+00,7.436791822875932212e-02,9.572742088608308941e-02
3.947267363666666640e+00,7.511763608025240346e-02,9.600760206390898666e-02
3.949765634149999816e+00,7.587869774686507862e-02,9.573237852553166671e-02
3.952263904633333436e+00,7.665132889830686413e-02,9.545715498715429126e-02
3.954762175116666612e+00,7.743576072725467940e-02,9.518193144877698519e-02
3.957260445600000232e+00,7.823223010854334081e-02,9.490670791039960974e-02
3.959758716083333407e+00,7.904097976359691913e-02,9.463148437202228980e-02
3.962256986566666583e+00,7.986225843027672244e-02,9.435626083364496985e-02
3.964755257050000203e+00,8.069632103836030246e-02,9.408103729526759440e-02
3.967253527533333379e+00,8.154342889084009727e-02,9.380581375689028834e-02
3.969751798016666555e+00,8.240384985127642559e-02,9.353059021851295451e-02
3.972250068500000175e+00,8.327785853740707345e-02,9.325536668013559294e-02
3.974748338983333351e+00,8.416573652126496663e-02,9.255998588603152333e-02
3.977246609466666527e+00,8.506777253602801347e-02,9.186460509192746759e-02
3.979744879950000147e+00,8.598426268986843202e-02,9.116922429782327308e-02
3.982243150433333323e+00,8.691551068704458927e-02,9.047384350371921735e-02
3.984741420916666499e+00,8.786182805652663352e-02,8.977846270961514774e-02
3.987239691400000119e+00,8.882353438841786297e-02,8.908308191551095323e-02
3.989737961883333295e+00,8.980095757848501059e-02,8.838770112140689750e-02
3.992236232366666471e+00,9.079443408108359148e-02,8.769232032730282789e-02
3.994734502850000091e+00,9.180430917081543185e-02,8.699693953319864725e-02
3.997232773333333267e+00,9.283093721322968617e-02,8.630155873909457764e-02
3.999731043816666887e+00,9.387468194492912255e-02,8.546640965583827965e-02
4.002229314300000063e+00,9.493591676342269525e-02,8.463126057258210655e-02
4.004727584783333683e+00,9.601502502711260767e-02,8.379611148932579467e-02
4.007225855266666414e+00,9.711240036578576429e-02,8.296096240606976036e-02
4.009724125750000034e+00,9.822844700203144097e-02,8.212581332281344848e-02
4.012222396233333654e+00,9.936358008398363251e-02,8.129066423955712273e-02
4.014720666716666386e+00,1.005182260298438102e-01,8.045551515630110229e-02
4.017218937200000006e+00,1.016928228846194077e-01,7.962036607304477653e-02
4.019717207683333626e+00,1.028878206895667002e-01,7.878521698978846466e-02
4.022215478166666358e+00,1.041036818648109763e-01,7.795006790653243034e-02
4.024713748649999978e+00,1.053408816056738972e-01,7.737854851697345548e-02
4.027212019133333598e+00,1.065999082932183734e-01,7.680702912741457777e-02
4.029710289616666330e+00,1.078812639195832895e-01,7.623550973785590823e-02
4.032208560099999950e+00,1.091854645286638031e-01,7.566399034829703052e-02
4.034706830583333570e+00,1.105130406727506398e-01,7.509247095873813893e-02
4.037205101066666302e+00,1.118645378857354711e-01,7.452095156917946939e-02
4.039703371549999922e+00,1.132405171735406529e-01,7.394943217962059168e-02
4.042201642033333542e+00,1.146415555224317706e-01,7.337791279006171397e-02
4.044699912516666274e+00,1.160682464259244207e-01,7.280639340050303054e-02
4.047198182999999894e+00,1.175212004309956343e-01,7.223487401094415283e-02
4.049696453483333514e+00,1.190010457043689657e-01,7.240938113863006065e-02
4.052194723966666245e+00,1.205084286196398263e-01,7.258388826631589907e-02
4.054692994449999865e+00,1.220440143660698334e-01,7.275839539400180689e-02
4.057191264933333485e+00,1.236084875798797722e-01,7.293290252168771470e-02
4.059689535416667105e+00,1.252025529989319597e-01,7.310740964937362252e-02
4.062187805899999837e+00,1.268269361416968222e-01,7.328191677705947482e-02
4.064686076383333457e+00,1.284823840114623084e-01,7.345642390474538264e-02
4.067184346866667077e+00,1.301696658267512408e-01,7.363093103243129045e-02
4.069682617349999809e+00,1.318895737789747835e-01,7.380543816011712888e-02
4.072180887833333429e+00,1.336429238183595714e-01,7.397994528780303669e-02
4.074679158316667049e+00,1.354305564692532826e-01,7.540124379781021347e-02
4.077177428799999781e+00,1.372533376759214607e-01,7.682254230781689064e-02
4.079675699283333401e+00,1.391121596800177218e-01,7.824384081782408129e-02
4.082173969766667021e+00,1.410079419309197835e-01,7.966513932783125806e-02
4.084672240249999753e+00,1.429416320301945542e-01,8.108643783783793524e-02
4.087170510733333373e+00,1.449142067114645438e-01,8.250773634784511201e-02
4.089668781216666993e+00,1.469266728570226832e-01,8.392903485785228879e-02
4.092167051699999725e+00,1.489800685525488888e-01,8.535033336785896596e-02
4.094665322183333345e+00,1.510754641813595034e-01,8.677163187786615661e-02
4.097163592666666965e+00,1.532139635596246885e-01,8.819293038787333339e-02
4.099661863149999697e+00,1.553967051140669464e-01,9.131082579818974865e-02
4.102160133633333317e+00,1.576248631036555325e-01,9.442872120850726025e-02
4.104658404116666937e+00,1.598996488868894561e-01,9.754661661882477186e-02
4.107156674599999668e+00,1.622223122362599912e-01,1.006645120291411871e-01
4.109654945083333288e+00,1.645941427015560343e-01,1.037824074394587126e-01
4.112153215566666908e+00,1.670164710236738126e-01,1.069003028497762242e-01
4.114651486049999640e+00,1.694906706006556740e-01,1.100181982600926395e-01
4.117149756533333260e+00,1.720181590076761691e-01,1.131360936704101511e-01
4.119648027016666880e+00,1.746003995727487268e-01,1.162539890807276766e-01
4.122146297499999612e+00,1.772389030099099927e-01,1.193718844910440779e-01
4.124644567983333232e+00,1.799352291116824709e-01,1.245166256875292060e-01
4.127142838466666852e+00,1.826909885025884694e-01,1.296613668840150557e-01
4.129641108949999584e+00,1.855078444555142703e-01,1.348061080804990874e-01
4.132139379433333204e+00,1.883875147726789545e-01,1.399508492769849233e-01
4.134637649916666824e+00,1.913317737329694734e-01,1.450955904734707869e-01
4.137135920400000444e+00,1.943424541073321410e-01,1.502403316699566505e-01
4.139634190883333176e+00,1.974214492438930157e-01,1.553850728664406544e-01
4.142132461366666796e+00,2.005707152243769720e-01,1.605298140629265180e-01
4.144630731850000416e+00,2.037922730933396931e-01,1.656745552594123816e-01
4.147129002333333148e+00,2.070882111615878485e-01,1.708192964558963856e-01
4.149627272816666768e+00,2.104606873850570214e-01,1.781432633848557823e-01
4.152125543300000388e+00,2.139119318202275521e-01,1.854672303138151790e-01
4.154623813783333119e+00,2.174442491569946734e-01,1.927911972427719944e-01
4.157122084266666739e+00,2.210600213296511074e-01,2.001151641717313912e-01
4.159620354750000359e+00,2.247617102064018435e-01,2.074391311006907879e-01
4.162118625233333091e+00,2.285518603574897278e-01,2.147630980296476033e-01
4.164616895716666711e+00,2.324331019016724065e-01,2.220870649586070000e-01
4.167115166200000331e+00,2.364081534303450194e-01,2.294110318875663967e-01
4.169613436683333063e+00,2.404798250081471855e-01,2.367349988165232122e-01
4.172111707166666683e+00,2.446510212483030411e-01,2.440589657454826089e-01
4.174609977650000303e+00,2.489247444603447934e-01,2.534969555112707718e-01
4.177108248133333035e+00,2.533040978671065591e-01,2.629349452770555762e-01
4.179606518616666655e+00,2.577922888870856633e-01,2.723729350428437668e-01
4.182104789100000275e+00,2.623926324772973828e-01,2.818109248086319019e-01
4.184603059583333007e+00,2.671085545307193554e-01,2.912489145744167063e-01
4.187101330066666627e+00,2.719435953211915002e-01,3.006869043402048969e-01
4.189599600550000247e+00,2.769014129873106911e-01,3.101248941059930320e-01
4.192097871033332979e+00,2.819857870453040816e-01,3.195628838717778364e-01
4.194596141516666599e+00,2.872006219191793885e-01,3.290008736375660270e-01
4.197094412000000219e+00,2.925499504744890622e-01,3.384388634033541621e-01
4.199592682483332950e+00,2.980379375399163089e-01,3.496928854956197763e-01
4.202090952966666570e+00,3.036688833984361735e-01,3.609469075878894428e-01
4.204589223450000190e+00,3.094472272271312496e-01,3.722009296801590539e-01
4.207087493933332922e+00,3.153775504616820324e-01,3.834549517724247236e-01
4.209585764416666542e+00,3.214645800582160429e-01,3.947089738646943902e-01
4.212084034900000162e+00,3.277131916214077734e-01,4.059629959569640012e-01
4.214582305383333782e+00,3.341284123635802072e-01,4.172170180492336677e-01
4.217080575866666514e+00,3.407154238548847358e-01,4.284710401414992820e-01
4.219578846350000134e+00,3.474795645195229432e-01,4.397250622337689485e-01
4.222077116833333754e+00,3.544263318272470320e-01,4.509790843260385595e-01
4.224575387316666486e+00,3.615613841231007375e-01,4.635303812722896821e-01
4.227073657800000106e+00,3.688905420313804417e-01,4.760816782185453011e-01
4.229571928283333726e+00,3.764197893621581970e-01,4.886329751648009201e-01
4.232070198766666458e+00,3.841552734402396974e-01,5.011842721110520982e-01
4.234568469250000078e+00,3.921033047672037308e-01,5.137355690573076616e-01
4.237066739733333698e+00,4.002703559169827341e-01,5.262868660035633361e-01
4.239565010216666430e+00,4.086630595543766509e-01,5.388381629498144587e-01
4.242063280700000050e+00,4.172882054537502272e-01,5.513894598960700222e-01
4.244561551183333670e+00,4.261527363820232228e-01,5.639407568423256967e-01
4.247059821666666402e+00,4.352637426957273181e-01,5.764920537885768193e-01
4.249558092150000022e+00,4.446284554864817218e-01,5.896395440483256367e-01
4.252056362633333642e+00,4.542542380925341239e-01,6.027870343080745652e-01
4.254554633116666373e+00,4.641485757761567021e-01,6.159345245678187197e-01
4.257052903599999993e+00,4.743190633475249385e-01,6.290820148275676482e-01
4.259551174083333613e+00,4.847733904953951400e-01,6.422295050873164657e-01
4.262049444566666345e+00,4.955193245633471300e-01,6.553769953470606202e-01
4.264547715049999965e+00,5.065646904877804113e-01,6.685244856068095487e-01
4.267045985533333585e+00,5.179173475902448809e-01,6.816719758665583662e-01
4.269544256016666317e+00,5.295851628923622378e-01,6.948194661263025207e-01
4.272042526499999937e+00,5.415759805966585683e-01,7.079669563860514492e-01
4.274540796983333557e+00,5.538975873515525894e-01,7.208879417726740124e-01
4.277039067466666289e+00,5.665576728938076512e-01,7.338089271592920237e-01
4.279537337949999909e+00,5.795637856376214536e-01,7.467299125459146980e-01
4.282035608433333529e+00,5.929232827567334496e-01,7.596508979325372612e-01
4.284533878916666261e+00,6.066432742854048765e-01,7.725718833191552726e-01
4.287032149399999881e+00,6.207305607467383801e-01,7.854928687057778358e-01
4.289530419883333501e+00,6.351915638038315715e-01,7.984138540924003991e-01
4.292028690366667121e+00,6.500322494220128755e-01,8.113348394790230733e-01
4.294526960849999853e+00,6.652580430305838899e-01,8.242558248656410846e-01
4.297025231333333473e+00,6.808737361819254819e-01,8.371768102522636479e-01
4.299523501816667093e+00,6.968833842267566636e-01,8.490030425735451969e-01
4.302021772299999824e+00,7.132901945591432202e-01,8.608292748948226381e-01
4.304520042783333444e+00,7.300964050363963898e-01,8.726555072161041871e-01
4.307018313266667064e+00,7.473031522502163737e-01,8.844817395373858471e-01
4.309516583749999796e+00,7.649103294197604486e-01,8.963079718586632882e-01
4.312014854233333416e+00,7.829164337981673327e-01,9.081342041799448372e-01
4.314513124716667036e+00,8.013184036352772877e-01,9.199604365012263862e-01
4.317011395199999768e+00,8.201114449244967242e-01,9.317866688225038274e-01
4.319509665683333388e+00,8.392888483848058856e-01,9.436129011437854874e-01
4.322007936166667008e+00,8.588417973930965177e-01,9.554391334650670364e-01
4.324506206649999740e+00,8.787591678905213310e-01,9.653395301648614035e-01
4.327004477133333360e+00,8.990273216414114144e-01,9.752399268646592123e-01
4.329502747616666980e+00,9.196298946258640861e-01,9.851403235644571321e-01
4.332001018099999712e+00,9.405475827969195235e-01,9.950407202642513882e-01
4.334499288583333332e+00,9.617579279281387450e-01,1.004941116964049197e+00
4.336997559066666952e+00,9.832351068126630178e-01,1.014841513663847117e+00
4.339495829549999684e+00,1.004949727642947543e+00,1.024741910363641484e+00
4.341994100033333304e+00,1.026868637990154820e+00,1.034642307063439404e+00
4.344492370516666924e+00,1.048954749398783415e+00,1.044542703763237101e+00
4.346990640999999655e+00,1.071166884195989821e+00,1.054443100463031469e+00
4.349488911483333275e+00,1.093459650662301552e+00,1.061703728517533030e+00
4.351987181966666896e+00,1.115783353192216554e+00,1.068964356572033703e+00
4.354485452449999627e+00,1.138083944456344865e+00,1.076224984626531933e+00
4.356983722933333247e+00,1.160303026824013095e+00,1.083485612681032606e+00
4.359481993416666867e+00,1.182377910376627428e+00,1.090746240735533279e+00
4.361980263899999599e+00,1.204241734695921995e+00,1.098006868790031287e+00
4.364478534383333219e+00,1.225823661206791426e+00,1.105267496844531960e+00
4.366976804866666839e+00,1.247049142153946244e+00,1.112528124899032855e+00
4.369475075350000459e+00,1.267840271264027985e+00,1.119788752953533528e+00
4.371973345833333191e+00,1.288116219768508763e+00,1.127049381008031537e+00
4.374471616316666811e+00,1.307793759729894978e+00,1.131141825434141435e+00
4.376969886800000431e+00,1.326787874533613465e+00,1.135234269860251333e+00
4.379468157283333163e+00,1.345012454010113156e+00,1.139326714286359898e+00
4.381966427766666783e+00,1.362381068988542943e+00,1.143419158712469796e+00
4.384464698250000403e+00,1.378807817231249899e+00,1.147511603138579694e+00
4.386962968733333135e+00,1.394208229757238904e+00,1.151604047564688260e+00
4.389461239216666755e+00,1.408500223654020500e+00,1.155696491990798158e+00
4.391959509700000375e+00,1.421605084738959857e+00,1.159788936416908056e+00
4.394457780183333107e+00,1.433448461011803010e+00,1.163881380843016622e+00
4.396956050666666727e+00,1.443961345889427150e+00,1.167973825269126520e+00
4.399454321150000347e+00,1.453081028873804081e+00,1.168604606199158624e+00
4.401952591633333078e+00,1.460751990697110703e+00,1.169235387129190507e+00
4.404450862116666698e+00,1.466926720206610302e+00,1.169866168059222611e+00
4.406949132600000318e+00,1.471566431349587756e+00,1.170496948989254715e+00
4.409447403083333050e+00,1.474641660601931914e+00,1.171127729919286597e+00
4.411945673566666670e+00,1.476132728008641815e+00,1.171758510849318924e+00
4.414443944050000290e+00,1.476030048575217357e+00,1.172389291779351028e+00
4.416942214533333022e+00,1.474334284922661720e+00,1.173020072709382911e+00
4.419440485016666642e+00,1.471056336713389312e+00,1.173650853639415015e+00
4.421938755500000262e+00,1.466217167160022150e+00,1.174281634569447119e+00
4.424437025983332994e+00,1.459847471719165179e+00,1.171417693846350971e+00
4.426935296466666614e+00,1.451987198623824415e+00,1.168553753123253713e+00
4.429433566950000234e+00,1.442684935013647030e+00,1.165689812400156677e+00
4.431931837433332966e+00,1.431997175903615194e+00,1.162825871677060530e+00
4.434430107916666586e+00,1.419987495952280909e+00,1.159961930953963272e+00
4.436928378400000206e+00,1.406725645861002461e+00,1.157097990230866236e+00
4.439426648883332938e+00,1.392286596218502481e+00,1.154234049507770088e+00
4.441924919366666558e+00,1.376749551713253750e+00,1.151370108784672830e+00
4.444423189850000178e+00,1.360196957928652806e+00,1.148506168061575794e+00
4.446921460333332909e+00,1.342713521509659502e+00,1.145642227338479646e+00
4.449419730816666529e+00,1.324385262470253011e+00,1.139510346223831627e+00
4.451918001300000149e+00,1.305298614941934332e+00,1.133378465109182498e+00
4.454416271783333769e+00,1.285539589895053458e+00,1.127246583994533369e+00
4.456914542266666501e+00,1.265193010444335409e+00,1.121114702879886460e+00
4.459412812750000121e+00,1.244341827413998791e+00,1.114982821765237331e+00
4.461911083233333741e+00,1.223066520004967295e+00,1.108850940650588202e+00
4.464409353716666473e+00,1.201444583773969343e+00,1.102719059535941293e+00
4.466907624200000093e+00,1.179550105775020175e+00,1.096587178421292164e+00
4.469405894683333713e+00,1.157453424677278520e+00,1.090455297306643034e+00
4.471904165166666445e+00,1.135220871986299507e+00,1.084323416191996126e+00
4.474402435650000065e+00,1.112914589165227897e+00,1.075384385808533239e+00
4.476900706133333685e+00,1.090592414468445570e+00,1.066445355425070352e+00
4.479398976616666417e+00,1.068307832639955990e+00,1.057506325041610573e+00
4.481897247100000037e+00,1.046109980259793515e+00,1.048567294658147908e+00
4.484395517583333657e+00,1.024043699406076202e+00,1.039628264274685021e+00
4.486893788066666389e+00,1.002149632396634127e+00,1.030689233891225243e+00
4.489392058550000009e+00,9.804643506412199505e-01,1.021750203507762356e+00
4.491890329033333629e+00,9.590205110331483374e-01,1.012811173124299469e+00
4.494388599516666361e+00,9.378470338012899754e-01,1.003872142740839690e+00
4.496886869999999981e+00,9.169692962967729288e-01,9.949331123573769142e-01
4.499385140483333601e+00,8.964093377755714132e-01,9.838342026424767850e-01
4.501883410966666332e+00,8.761860708348183646e-01,9.727352929275805415e-01
4.504381681449999952e+00,8.563154957484666596e-01,9.616363832126804123e-01
4.506879951933333572e+00,8.368109145123211468e-01,9.505374734977802831e-01
4.509378222416666304e+00,8.176831419388883582e-01,9.394385637828840396e-01
4.511876492899999924e+00,7.989407116317648327e-01,9.283396540679839104e-01
4.514374763383333544e+00,7.805900751131021886e-01,9.172407443530837812e-01
4.516873033866666276e+00,7.626357927740321507e-01,9.061418346381875377e-01
4.519371304349999896e+00,7.450807156667720310e-01,8.950429249232874085e-01
4.521869574833333516e+00,7.279261574597187812e-01,8.839440152083872793e-01
4.524367845316666248e+00,7.111720561355872050e-01,8.714554734828430238e-01
4.526866115799999868e+00,6.948171252305657131e-01,8.589669317572943275e-01
4.529364386283333488e+00,6.788589945931182701e-01,8.464783900317455201e-01
4.531862656766667108e+00,6.632943407880964592e-01,8.339898483061968237e-01
4.534360927249999840e+00,6.481190073890973347e-01,8.215013065806525683e-01
4.536859197733333460e+00,6.333281154930938683e-01,8.090127648551038719e-01
4.539357468216667080e+00,6.189161648599214027e-01,7.965242231295550646e-01
4.541855738699999812e+00,6.048771261283629741e-01,7.840356814040108091e-01
4.544354009183333432e+00,5.912045245934975934e-01,7.715471396784621128e-01
4.546852279666667052e+00,5.778915160492452685e-01,7.590585979529134164e-01
4.549350550149999783e+00,5.649309552082040220e-01,7.460013381075847327e-01
4.551848820633333403e+00,5.523154572099591153e-01,7.329440782622513861e-01
4.554347091116667023e+00,5.400374527210045628e-01,7.198868184169180395e-01
4.556845361599999755e+00,5.280892371157626108e-01,7.068295585715893559e-01
4.559343632083333375e+00,5.164630142103822097e-01,6.937722987262560093e-01
4.561841902566666995e+00,5.051509350000703558e-01,6.807150388809226627e-01
4.564340173049999727e+00,4.941451318277632621e-01,6.676577790355939790e-01
4.566838443533333347e+00,4.834377483876060588e-01,6.546005191902606324e-01
4.569336714016666967e+00,4.730209659417992651e-01,6.415432593449272858e-01
4.571834984499999699e+00,4.628870261042160039e-01,6.284859994995986021e-01
4.574333254983333319e+00,4.530282505193968801e-01,6.156582072483066659e-01
4.576831525466666939e+00,4.434370577412104497e-01,6.028304149970148407e-01
4.579329795949999671e+00,4.341059775920513286e-01,5.900026227457275674e-01
4.581828066433333291e+00,4.250276632609408245e-01,5.771748304944357422e-01
4.584326336916666911e+00,4.161949013775442241e-01,5.643470382431439170e-01
4.586824607399999643e+00,4.076006202789190236e-01,5.515192459918565326e-01
4.589322877883333263e+00,3.992378966668496676e-01,5.386914537405647074e-01
4.591821148366666883e+00,3.910999608358738389e-01,5.258636614892728822e-01
4.594319418849999614e+00,3.831802006356207491e-01,5.130358692379856089e-01
4.596817689333333234e+00,3.754721643157399313e-01,5.002080769866937837e-01
4.599315959816666854e+00,3.679695623875856025e-01,4.883181558730993466e-01
4.601814230299999586e+00,3.606662686237536164e-01,4.764282347595091838e-01
4.604312500783333206e+00,3.535563203046194203e-01,4.645383136459147466e-01
4.606810771266666826e+00,3.466339178100257268e-01,4.526483925323203095e-01
4.609309041750000446e+00,3.398934236442606172e-01,4.407584714187258723e-01
4.611807312233333178e+00,3.333293609732885798e-01,4.288685503051357095e-01
4.614305582716666798e+00,3.269364117448914642e-01,4.169786291915412724e-01
4.616803853200000418e+00,3.207094144547731895e-01,4.050887080779468352e-01
4.619302123683333150e+00,3.146433616148479606e-01,3.931987869643566724e-01
4.621800394166666770e+00,3.087333969736766881e-01,3.813088658507622353e-01
4.624298664650000390e+00,3.029748125334243425e-01,3.709210806983573860e-01
4.626796935133333122e+00,2.973630454026056635e-01,3.605332955459562561e-01
4.629295205616666742e+00,2.918936745193334570e-01,3.501455103935514068e-01
4.631793476100000362e+00,2.865624172756414678e-01,3.397577252411465576e-01
4.634291746583333094e+00,2.813651260697689338e-01,3.293699400887453721e-01
4.636790017066666714e+00,2.762977848099520961e-01,3.189821549363405229e-01
4.639288287550000334e+00,2.713565053903009838e-01,3.085943697839356736e-01
4.641786558033333066e+00,2.665375241566567688e-01,2.982065846315345437e-01
4.644284828516666686e+00,2.618371983779520518e-01,2.878187994791296944e-01
4.646783099000000306e+00,2.572520027364511019e-01,2.774310143267248452e-01
4.649281369483333037e+00,2.527785258483650765e-01,2.689285244387450424e-01
4.651779639966666657e+00,2.484134668246243127e-01,2.604260345507621865e-01
4.654277910450000277e+00,2.441536318801109384e-01,2.519235446627793307e-01
4.656776180933333009e+00,2.399959309982944433e-01,2.434210547747995279e-01
4.659274451416666629e+00,2.359373746570608554e-01,2.349185648868166720e-01
4.661772721900000249e+00,2.319750706204489477e-01,2.264160749988338162e-01
4.664270992383332981e+00,2.281062208001164715e-01,2.179135851108540134e-01
4.666769262866666601e+00,2.243281181895173670e-01,2.094110952228711575e-01
4.669267533350000221e+00,2.206381438730870836e-01,2.009086053348883016e-01
4.671765803833332953e+00,2.170337641120774486e-01,1.924061154469084989e-01
4.674264074316666573e+00,2.135125275081674878e-01,1.859740424982135598e-01
4.676762344800000193e+00,2.100720622454677611e-01,1.795419695495193424e-01
4.679260615283332925e+00,2.067100734111586013e-01,1.731098966008274287e-01
4.681758885766666545e+00,2.034243403946100759e-01,1.666778236521332390e-01
4.684257156250000165e+00,2.002127143645552054e-01,1.602457507034390216e-01
4.686755426733333785e+00,1.970731158236001812e-01,1.538136777547448042e-01
4.689253697216666517e+00,1.940035322391547024e-01,1.473816048060528905e-01
4.691751967700000137e+00,1.910020157496527538e-01,1.409495318573587008e-01
4.694250238183333757e+00,1.880666809448033883e-01,1.345174589086644834e-01
4.696748508666666488e+00,1.851957027184517324e-01,1.280853859599725697e-01
4.699246779150000108e+00,1.823873141925541896e-01,1.237143586960933600e-01
4.701745049633333728e+00,1.796398047106565199e-01,1.193433314322141503e-01
4.704243320116666460e+00,1.769515178992263349e-01,1.149723041683364949e-01
4.706741590600000080e+00,1.743208497951131419e-01,1.106012769044572852e-01
4.709239861083333700e+00,1.717462470374002681e-01,1.062302496405780755e-01
4.711738131566666432e+00,1.692262051218639818e-01,1.018592223767004201e-01
4.714236402050000052e+00,1.667592667162665077e-01,9.748819511282121042e-02
4.716734672533333672e+00,1.643440200346824587e-01,9.311716784894200072e-02
4.719232943016666404e+00,1.619790972690883790e-01,8.874614058506434533e-02
4.721731213500000024e+00,1.596631730764297707e-01,8.437511332118513563e-02
4.724229483983333644e+00,1.573949631194254684e-01,8.188359328298798478e-02
4.726727754466666376e+00,1.551732226593641184e-01,7.939207324479170824e-02
4.729226024949999996e+00,1.529967451992017557e-01,7.690055320659455740e-02
4.731724295433333616e+00,1.508643611752720493e-01,7.440903316839740655e-02
4.734222565916666348e+00,1.487749366959837116e-01,7.191751313020114389e-02
4.736720836399999968e+00,1.467273723258827323e-01,6.942599309200397917e-02
4.739219106883333588e+00,1.447206019135287014e-01,6.693447305380682832e-02
4.741717377366666319e+00,1.427535914616405721e-01,6.444295301561056566e-02
4.744215647849999939e+00,1.408253380380351250e-01,6.195143297741341482e-02
4.746713918333333559e+00,1.389348687259001625e-01,5.945991293921625703e-02
4.749212188816666291e+00,1.370812396120033860e-01,5.853173284180147179e-02
4.751710459299999911e+00,1.352635348114625269e-01,5.760355274438635348e-02
4.754208729783333531e+00,1.334808655277619494e-01,5.667537264697123517e-02
4.756707000266666263e+00,1.317323691467204849e-01,5.574719254955644993e-02
4.759205270749999883e+00,1.300172083631814246e-01,5.481901245214133161e-02
4.761703541233333503e+00,1.283345703392096415e-01,5.389083235472622024e-02
4.764201811716667123e+00,1.266836658926450976e-01,5.296265225731110193e-02
4.766700082199999855e+00,1.250637287148789467e-01,5.203447215989631669e-02
4.769198352683333475e+00,1.234740146167782049e-01,5.110629206248119838e-02
4.771696623166667095e+00,1.219138008017019992e-01,5.017811196506608007e-02
4.774194893649999827e+00,1.203823851646085158e-01,5.041022391247225454e-02
4.776693164133333447e+00,1.188790856162689757e-01,5.064233585987850533e-02
4.779191434616667067e+00,1.174032394316596867e-01,5.087444780728476307e-02
4.781689705099999799e+00,1.159542026216150296e-01,5.110655975469093754e-02
4.784187975583333419e+00,1.145313493268819982e-01,5.133867170209718833e-02
4.786686246066667039e+00,1.131340712337232518e-01,5.157078364950344607e-02
4.789184516549999771e+00,1.117617770102714431e-01,5.180289559690962053e-02
4.791682787033333391e+00,1.104138917628450373e-01,5.203500754431587827e-02
4.794181057516667011e+00,1.090898565114870739e-01,5.226711949172212907e-02
4.796679327999999742e+00,1.077891276839926804e-01,5.249923143912830353e-02
4.799177598483333362e+00,1.065111766277448829e-01,5.345380384055893608e-02
4.801675868966666982e+00,1.052554891386774660e-01,5.440837624198957556e-02
4.804174139449999714e+00,1.040215650067349146e-01,5.536294864341986810e-02
4.806672409933333334e+00,1.028089175771992742e-01,5.631752104485050064e-02
4.809170680416666954e+00,1.016170733273023957e-01,5.727209344628113319e-02
4.811668950899999686e+00,1.004455714575391012e-01,5.822666584771143267e-02
4.814167221383333306e+00,9.929396349714578185e-02,5.918123824914206521e-02
4.816665491866666926e+00,9.816181292320112772e-02,6.013581065057269776e-02
4.819163762349999658e+00,9.704869479285688216e-02,6.109038305200299723e-02
4.821662032833333278e+00,9.595419538819528749e-02,6.204495545343362978e-02
4.824160303316666898e+00,9.487791187325818332e-02,6.329976720304049398e-02
4.826658573799999630e+00,9.381945196278325405e-02,6.455457895264690715e-02
4.829156844283333250e+00,9.277843360222644276e-02,6.580939070225377829e-02
4.831655114766666870e+00,9.175448465864152747e-02,6.706420245186063556e-02
4.834153385249999602e+00,9.074724262202880920e-02,6.831901420146704873e-02
4.836651655733333222e+00,8.975635431675459130e-02,6.957382595107391987e-02
4.839149926216666842e+00,8.878147562268438875e-02,7.082863770068077713e-02
4.841648196700000462e+00,8.782227120566166167e-02,7.208344945028763440e-02
4.844146467183333193e+00,8.687841425700204567e-02,7.333826119989406145e-02
4.846644737666666813e+00,8.594958624166226802e-02,7.459307294950091871e-02
4.849143008150000433e+00,8.503547665477954876e-02,7.578466123917923514e-02
4.851641278633333165e+00,8.413578278626593354e-02,7.697624952885712135e-02
4.854139549116666785e+00,8.325020949317765706e-02,7.816783781853542390e-02
4.856637819600000405e+00,8.237846897956553616e-02,7.935942610821374033e-02
4.859136090083333137e+00,8.152028058354995887e-02,8.055101439789162654e-02
4.861634360566666757e+00,8.067537057134789580e-02,8.174260268756992909e-02
4.864132631050000377e+00,7.984347193801390186e-02,8.293419097724824551e-02
4.866630901533333109e+00,7.902432421464501699e-02,8.412577926692613173e-02
4.869129172016666729e+00,7.821767328182738233e-02,8.531736755660443428e-02
4.871627442500000349e+00,7.742327118909438088e-02,8.650895584628275070e-02
4.874125712983333081e+00,7.664087598019185543e-02,8.736413224200055561e-02
4.876623983466666701e+00,7.587025152393403471e-02,8.821930863771866582e-02
4.879122253950000321e+00,7.511116735046492743e-02,8.907448503343677604e-02
4.881620524433333053e+00,7.436339849272249891e-02,8.992966142915458094e-02
4.884118794916666673e+00,7.362672533293546095e-02,9.078483782487270504e-02
4.886617065400000293e+00,7.290093345396393698e-02,9.164001422059081525e-02
4.889115335883333024e+00,7.218581349532673941e-02,9.249519061630862016e-02
4.891613606366666644e+00,7.148116101374178688e-02,9.335036701202673037e-02
4.894111876850000264e+00,7.078677634803304253e-02,9.420554340774484059e-02
4.896610147333332996e+00,7.010246448824128396e-02,9.506071980346264549e-02
4.899108417816666616e+00,6.942803494880774029e-02,9.541374352710599305e-02
4.901606688300000236e+00,6.876330164567449887e-02,9.576676725074914631e-02
4.904104958783332968e+00,6.810808277718433112e-02,9.611979097439218855e-02
4.906603229266666588e+00,6.746220070863373497e-02,9.647281469803535570e-02
4.909101499750000208e+00,6.682548186036850468e-02,9.682583842167852284e-02
4.911599770233332940e+00,6.619775659929022504e-02,9.717886214532155120e-02
4.914098040716666560e+00,6.557885913366848230e-02,9.753188586896471834e-02
4.916596311200000180e+00,6.496862741113618167e-02,9.788490959260788549e-02
4.919094581683332912e+00,6.436690301977193718e-02,9.823793331625091385e-02
4.921592852166666532e+00,6.377353109215538884e-02,9.859095703989408099e-02
4.924091122650000152e+00,6.318836021230665734e-02,9.838562895680309783e-02
4.926589393133333772e+00,6.261124232540138390e-02,9.818030087371211467e-02
4.929087663616666504e+00,6.204203265018262692e-02,9.797497279062121478e-02
4.931585934100000124e+00,6.148058959396698192e-02,9.776964470753023162e-02
4.934084204583333744e+00,6.092677467017160176e-02,9.756431662443924846e-02
4.936582475066666476e+00,6.038045241826667936e-02,9.735898854134834857e-02
4.939080745550000096e+00,5.984149032608657853e-02,9.715366045825736541e-02
4.941579016033333716e+00,5.930975875440892137e-02,9.694833237516638225e-02
4.944077286516666447e+00,5.878513086374166641e-02,9.674300429207548235e-02
4.946575557000000067e+00,5.826748254323264875e-02,9.653767620898449919e-02
4.949073827483333687e+00,5.775669234164452354e-02,9.581561835287506768e-02
4.951572097966666419e+00,5.725264140031871563e-02,9.509356049676589984e-02
4.954070368450000039e+00,5.675521338807332922e-02,9.437150264065646832e-02
4.956568638933333659e+00,5.626429443796287372e-02,9.364944478454703680e-02
4.959066909416666391e+00,5.577977308585129607e-02,9.292738692843786896e-02
4.961565179900000011e+00,5.530154021072864606e-02,9.220532907232843745e-02
4.964063450383333631e+00,5.482948897672820093e-02,9.148327121621900593e-02
4.966561720866666363e+00,5.436351477677759531e-02,9.076121336010983809e-02
4.969059991349999983e+00,5.390351517784417595e-02,9.003915550400040657e-02
4.971558261833333603e+00,5.344938986771387984e-02,8.931709764789097505e-02
4.974056532316666335e+00,5.300104060326481931e-02,8.819522073744870405e-02
4.976554802799999955e+00,5.255837116017889055e-02,8.707334382700604447e-02
4.979053073283333575e+00,5.212128728405813344e-02,8.595146691656337101e-02
4.981551343766666307e+00,5.168969664288873556e-02,8.482959000612110001e-02
4.984049614249999927e+00,5.126350878082570894e-02,8.370771309567844043e-02
4.986547884733333547e+00,5.084263507324188885e-02,8.258583618523576697e-02
4.989046155216666278e+00,5.042698868301681570e-02,8.146395927479350985e-02
4.991544425699999898e+00,5.001648451801486706e-02,8.034208236435083639e-02
4.994042696183333518e+00,4.961103918972781246e-02,7.922020545390817681e-02
4.996540966666666250e+00,4.921057097303394717e-02,7.809832854346590580e-02
4.999039237149999870e+00,4.881499976705309246e-02,7.673970681309352782e-02
5.001537507633333490e+00,4.842424705705040966e-02,7.538108508272105268e-02
5.004035778116667110e+00,4.803823587737190981e-02,7.402246335234859143e-02
5.006534048599999842e+00,4.765689077536476581e-02,7.266384162197661589e-02
5.009032319083333462e+00,4.728013777626922931e-02,7.130521989160415464e-02
5.011530589566667082e+00,4.690790434903738260e-02,6.994659816123167950e-02
5.014028860049999814e+00,4.654011937306522934e-02,6.858797643085970397e-02
5.016527130533333434e+00,4.617671310579767735e-02,6.722935470048724271e-02
5.019025401016667054e+00,4.581761715119383321e-02,6.587073297011476758e-02
5.021523671499999786e+00,4.546276442901370229e-02,6.451211123974279205e-02
5.024021941983333406e+00,4.511208914491511568e-02,6.309500560431613447e-02
5.026520212466667026e+00,4.476552676132481562e-02,6.167789996888949078e-02
5.029018482949999758e+00,4.442301396907229888e-02,6.026079433346333974e-02
5.031516753433333378e+00,4.408448865975388847e-02,5.884368869803668911e-02
5.034015023916666998e+00,4.374988989881562623e-02,5.742658306261003848e-02
5.036513294399999729e+00,4.341915789932359465e-02,5.600947742718388744e-02
5.039011564883333349e+00,4.309223399641285562e-02,5.459237179175723681e-02
5.041509835366666969e+00,4.276906062238534229e-02,5.317526615633058618e-02
5.044008105849999701e+00,4.244958128244660789e-02,5.175816052090443514e-02
5.046506376333333321e+00,4.213374053105456429e-02,5.034105488547778451e-02
5.049004646816666941e+00,4.182148394887281323e-02,4.903059626046174513e-02
5.051502917299999673e+00,4.151275812029942003e-02,4.772013763544617065e-02
5.054001187783333293e+00,4.120751061156826406e-02,4.640967901043013127e-02
5.056499458266666913e+00,4.090568994939258740e-02,4.509922038541408496e-02
5.058997728749999645e+00,4.060724560014906254e-02,4.378876176039851742e-02
5.061495999233333265e+00,4.031212794957415163e-02,4.247830313538247110e-02
5.063994269716666885e+00,4.002028828297184149e-02,4.116784451036643172e-02
5.066492540199999617e+00,3.973167876590459613e-02,3.985738588535085725e-02
5.068990810683333237e+00,3.944625242536734661e-02,3.854692726033481787e-02
5.071489081166666857e+00,3.916396313141808083e-02,3.723646863531877849e-02
5.073987351649999589e+00,3.888476557926644206e-02,3.616260958363096828e-02
5.076485622133333209e+00,3.860861527179260816e-02,3.508875053194277643e-02
5.078983892616666829e+00,3.833546850249897053e-02,3.401489148025459153e-02
5.081482163100000449e+00,3.806528233887022244e-02,3.294103242856639968e-02
5.083980433583333181e+00,3.779801460614210656e-02,3.186717337687858947e-02
5.086478704066666801e+00,3.753362387145620788e-02,3.079331432519039763e-02
5.088976974550000421e+00,3.727206942840156911e-02,2.971945527350220925e-02
5.091475245033333152e+00,3.701331128192219405e-02,2.864559622181439905e-02
5.093973515516666772e+00,3.675731013359059135e-02,2.757173717012621067e-02
5.096471786000000392e+00,3.650402736722654223e-02,2.649787811843801882e-02
5.098970056483333124e+00,3.625342503486461004e-02,2.574183792372978022e-02
5.101468326966666744e+00,3.600546584304624431e-02,2.498579772902127100e-02
5.103966597450000364e+00,3.576011313944453540e-02,2.422975753431276524e-02
5.106464867933333096e+00,3.551733089979449559e-02,2.347371733960452664e-02
5.108963138416666716e+00,3.527708371513901126e-02,2.271767714489601742e-02
5.111461408900000336e+00,3.503933677936595104e-02,2.196163695018751166e-02
5.113959679383333068e+00,3.480405587704223092e-02,2.120559675547926959e-02
5.116457949866666688e+00,3.457120737152475504e-02,2.044955656077076384e-02
5.118956220350000308e+00,3.434075819335366542e-02,1.969351636606225808e-02
5.121454490833333040e+00,3.411267582890691041e-02,1.893747617135401601e-02
5.123952761316666660e+00,3.388692830932326511e-02,1.852731667875757299e-02
5.126451031800000280e+00,3.366348419967346572e-02,1.811715718616125140e-02
5.128949302283333012e+00,3.344231258838527288e-02,1.770699769356507552e-02
5.131447572766666632e+00,3.322338307690424902e-02,1.729683820096875393e-02
5.133945843250000252e+00,3.300666576959618986e-02,1.688667870837243234e-02
5.136444113733332983e+00,3.279213126387236360e-02,1.647651921577625300e-02
5.138942384216666603e+00,3.257975064054449005e-02,1.606635972317993141e-02
5.141440654700000223e+00,3.236949545439144621e-02,1.565620023058360982e-02
5.143938925183332955e+00,3.216133772494383231e-02,1.524604073798743395e-02
5.146437195666666575e+00,3.195524992747025145e-02,1.483588124539111236e-02
5.148935466150000195e+00,3.175120498416927894e-02,1.475035642629875417e-02
5.151433736633332927e+00,3.154917625555467287e-02,1.466483160720642547e-02
5.153932007116666547e+00,3.134913753203498465e-02,1.457930678811406554e-02
5.156430277600000167e+00,3.115106302567662716e-02,1.449378196902170735e-02
5.158928548083333787e+00,3.095492736215251992e-02,1.440825714992934742e-02
5.161426818566666519e+00,3.076070557286440105e-02,1.432273233083701872e-02
5.163925089050000139e+00,3.056837308724326407e-02,1.423720751174466052e-02
5.166423359533333759e+00,3.037790572521146745e-02,1.415168269265230060e-02
5.168921630016666491e+00,3.018927968981729992e-02,1.406615787355997189e-02
5.171419900500000111e+00,3.000247156002338114e-02,1.398063305446761370e-02
5.173918170983333731e+00,2.981745828365675241e-02,1.415931398689004340e-02
5.176416441466666463e+00,2.963421717050710932e-02,1.433799491931240892e-02
5.178914711950000083e+00,2.945272588557896684e-02,1.451667585173483863e-02
5.181412982433333703e+00,2.927296244248379919e-02,1.469535678415726659e-02
5.183911252916666434e+00,2.909490519697910046e-02,1.487403771657963385e-02
5.186409523400000054e+00,2.891853284064138663e-02,1.505271864900206182e-02
5.188907793883333675e+00,2.874382439467834671e-02,1.523139958142449152e-02
5.191406064366666406e+00,2.857075920386863838e-02,1.541008051384685704e-02
5.193904334850000026e+00,2.839931693063431697e-02,1.558876144626928674e-02
5.196402605333333646e+00,2.822947754923455302e-02,1.576744237869171644e-02
5.198900875816666378e+00,2.806122134008644936e-02,1.612449971667205550e-02
5.201399146299999998e+00,2.789452888420024604e-02,1.648155705465252294e-02
5.203897416783333618e+00,2.772938105773758294e-02,1.683861439263299037e-02
5.206395687266666350e+00,2.756575902667615999e-02,1.719567173061332943e-02
5.208893957749999970e+00,2.740364424159342019e-02,1.755272906859379686e-02
5.211392228233333590e+00,2.724301843255174521e-02,1.790978640657426429e-02
5.213890498716666322e+00,2.708386360409646698e-02,1.826684374455460336e-02
5.216388769199999942e+00,2.692616203035037500e-02,1.862390108253506732e-02
5.218887039683333562e+00,2.676989625021694921e-02,1.898095842051553475e-02
5.221385310166666294e+00,2.661504906267484274e-02,1.933801575849587381e-02
5.223883580649999914e+00,2.646160352217586179e-02,1.977698945567210945e-02
5.226381851133333534e+00,2.630954293413078141e-02,2.021596315284837284e-02
5.228880121616666266e+00,2.615885085049321490e-02,2.065493685002448010e-02
5.231378392099999886e+00,2.600951106542782887e-02,2.109391054720074349e-02
5.233876662583333506e+00,2.586150761107168863e-02,2.153288424437700688e-02
5.236374933066667126e+00,2.571482475337653895e-02,2.197185794155326680e-02
5.238873203549999857e+00,2.556944698803942026e-02,2.241083163872937406e-02
5.241371474033333477e+00,2.542535903651090348e-02,2.284980533590563745e-02
5.243869744516667097e+00,2.528254584208828107e-02,2.328877903308190084e-02
5.246368014999999829e+00,2.514099256608165467e-02,2.372775273025800810e-02
5.248866285483333449e+00,2.500068458406221050e-02,2.415507404143868442e-02
5.251364555966667069e+00,2.486160748217905447e-02,2.458239535261935726e-02
5.253862826449999801e+00,2.472374705355594865e-02,2.500971666379988093e-02
5.256361096933333421e+00,2.458708929475251007e-02,2.543703797498055377e-02
5.258859367416667041e+00,2.445162040230211206e-02,2.586435928616123009e-02
5.261357637899999773e+00,2.431732676931114626e-02,2.629168059734175375e-02
5.263855908383333393e+00,2.418419498213209354e-02,2.671900190852242660e-02
5.266354178866667013e+00,2.405221181709480543e-02,2.714632321970310291e-02
5.268852449349999745e+00,2.392136423730847200e-02,2.757364453088362310e-02
5.271350719833333365e+00,2.379163938951970800e-02,2.800096584206429942e-02
5.273848990316666985e+00,2.366302460103712410e-02,2.833674174807694970e-02
5.276347260799999717e+00,2.353550737671050025e-02,2.867251765408948203e-02
5.278845531283333337e+00,2.340907539597359907e-02,2.900829356010213231e-02
5.281343801766666957e+00,2.328371650993865671e-02,2.934406946611478259e-02
5.283842072249999688e+00,2.315941873855192901e-02,2.967984537212731491e-02
5.286340342733333308e+00,2.303617026779880214e-02,3.001562127813996866e-02
5.288838613216666928e+00,2.291395944696801232e-02,3.035139718415261895e-02
5.291336883699999660e+00,2.279277478596119719e-02,3.068717309016515127e-02
5.293835154183333280e+00,2.267260495266134115e-02,3.102294899617780155e-02
5.296333424666666900e+00,2.255343877034393305e-02,3.135872490219045183e-02
5.298831695149999632e+00,2.243526521514353084e-02,3.154412504603083811e-02
5.301329965633333252e+00,2.231807341356228588e-02,3.172952518987129378e-02
5.303828236116666872e+00,2.220185264003109865e-02,3.191492533371174251e-02
5.306326506599999604e+00,2.208659231451119004e-02,3.210032547755212878e-02
5.308824777083333224e+00,2.197228200014603172e-02,3.228572562139258445e-02
5.311323047566666844e+00,2.185891140095159307e-02,3.247112576523303318e-02
5.313821318050000464e+00,2.174647035955513605e-02,3.265652590907348884e-02
5.316319588533333196e+00,2.163494885497107417e-02,3.284192605291387512e-02
5.318817859016666816e+00,2.152433700042283640e-02,3.302732619675432385e-02
5.321316129500000436e+00,2.141462504120013322e-02,3.321272634059477952e-02
5.323814399983333168e+00,2.130580335256096122e-02,3.321401560551724697e-02
5.326312670466666788e+00,2.119786243766704631e-02,3.321530487043970747e-02
5.328810940950000408e+00,2.109079292556249180e-02,3.321659413536217492e-02
5.331309211433333139e+00,2.098458556918359266e-02,3.321788340028463543e-02
5.333807481916666760e+00,2.087923124341183045e-02,3.321917266520710288e-02
5.336305752400000380e+00,2.077472094315504017e-02,3.322046193012957033e-02
5.338804022883333111e+00,2.067104578147046373e-02,3.322175119505203084e-02
5.341302293366666731e+00,2.056819698771567700e-02,3.322304045997449828e-02
5.343800563850000351e+00,2.046616590573850994e-02,3.322432972489695879e-02
5.346298834333333083e+00,2.036494399209430248e-02,3.322561898981942624e-02
5.348797104816666703e+00,2.026452281430072763e-02,3.303531103537765690e-02
5.351295375300000323e+00,2.016489404911851052e-02,3.284500308093581816e-02
5.353793645783333055e+00,2.006604948086811169e-02,3.265469512649404882e-02
5.356291916266666675e+00,1.996798099977159513e-02,3.246438717205221702e-02
5.358790186750000295e+00,1.987068060032888203e-02,3.227407921761037829e-02
5.361288457233333027e+00,1.977414037971810326e-02,3.208377126316860894e-02
5.363786727716666647e+00,1.967835253622904346e-02,3.189346330872677021e-02
5.366284998200000267e+00,1.958330936771985123e-02,3.170315535428493842e-02
5.368783268683332999e+00,1.948900327010529010e-02,3.151284739984316907e-02
5.371281539166666619e+00,1.939542673586689900e-02,3.132253944540133034e-02
5.373779809650000239e+00,1.930257235259481841e-02,3.095826498751807349e-02
5.376278080133332971e+00,1.921043280154945132e-02,3.059399052963494153e-02
5.378776350616666591e+00,1.911900085625385312e-02,3.022971607175168468e-02
5.381274621100000211e+00,1.902826938110485644e-02,2.986544161386842783e-02
5.383772891583332942e+00,1.893823133001481737e-02,2.950116715598529935e-02
5.386271162066666562e+00,1.884887974507009484e-02,2.913689269810203902e-02
5.388769432550000182e+00,1.876020775521950942e-02,2.877261824021878217e-02
5.391267703033332914e+00,1.867220857497929251e-02,2.840834378233565369e-02
5.393765973516666534e+00,1.858487550316589854e-02,2.804406932445239337e-02
5.396264244000000154e+00,1.849820192164530405e-02,2.767979486656913651e-02
5.398762514483333774e+00,1.841218129410921930e-02,2.718134453178989995e-02
5.401260784966666506e+00,1.832680716486654454e-02,2.668289419701084034e-02
5.403759055450000126e+00,1.824207315766129475e-02,2.618444386223160378e-02
5.406257325933333746e+00,1.815797297450510647e-02,2.568599352745236722e-02
5.408755596416666478e+00,1.807450039453470381e-02,2.518754319267330760e-02
5.411253866900000098e+00,1.799164927288353713e-02,2.468909285789407104e-02
5.413752137383333718e+00,1.790941353957830467e-02,2.419064252311483101e-02
5.416250407866666450e+00,1.782778719844797105e-02,2.369219218833577140e-02
5.418748678350000070e+00,1.774676432605720722e-02,2.319374185355653484e-02
5.421246948833333690e+00,1.766633907065163697e-02,2.269529151877729828e-02
5.423745219316666422e+00,1.758650565112713018e-02,2.212004441368425195e-02
5.426243489800000042e+00,1.750725835600999356e-02,2.154479730859100092e-02
5.428741760283333662e+00,1.742859154246010484e-02,2.096955020349774990e-02
5.431240030766666393e+00,1.735049963528516662e-02,2.039430309840470357e-02
5.433738301250000013e+00,1.727297712597660254e-02,1.981905599331145254e-02
5.436236571733333633e+00,1.719601857175614285e-02,1.924380888821820151e-02
5.438734842216666365e+00,1.711961859464347299e-02,1.866856178312515518e-02
5.441233112699999985e+00,1.704377188053376665e-02,1.809331467803190416e-02
5.443731383183333605e+00,1.696847317829646221e-02,1.751806757293865313e-02
5.446229653666666337e+00,1.689371729888232768e-02,1.694282046784560680e-02
5.448727924149999957e+00,1.681949911445157833e-02,1.635957037032951741e-02
5.451226194633333577e+00,1.674581355751001213e-02,1.577632027281342109e-02
5.453724465116666309e+00,1.667265562006545881e-02,1.519307017529753639e-02
5.456222735599999929e+00,1.660002035279191379e-02,1.460982007778144354e-02
5.458721006083333549e+00,1.652790286421293789e-02,1.402656998026534894e-02
5.461219276566666281e+00,1.645629831989247477e-02,1.344331988274946252e-02
5.463717547049999901e+00,1.638520194164517010e-02,1.286006978523336966e-02
5.466215817533333521e+00,1.631460900675255413e-02,1.227681968771727680e-02
5.468714088016666253e+00,1.624451484719862879e-02,1.169356959020138864e-02
5.471212358499999873e+00,1.617491484891137379e-02,1.111031949268529578e-02
5.473710628983333493e+00,1.610580445102226602e-02,1.059149480942407975e-02
5.476208899466667113e+00,1.603717914513206472e-02,1.007267012616286372e-02
5.478707169949999845e+00,1.596903447459384687e-02,9.553845442901833310e-03
5.481205440433333465e+00,1.590136603380180522e-02,9.035020759640619015e-03
5.483703710916667085e+00,1.583416946749685930e-02,8.516196076379402985e-03
5.486201981399999816e+00,1.576744047007835187e-02,7.997371393118370836e-03
5.488700251883333436e+00,1.570117478493097615e-02,7.478546709857155673e-03
5.491198522366667056e+00,1.563536820375775044e-02,6.959722026595940511e-03
5.493696792849999788e+00,1.557001656592871784e-02,6.440897343334909229e-03
5.496195063333333408e+00,1.550511575783453111e-02,5.922072660073693200e-03
5.498693333816667028e+00,1.544066171225525960e-02,5.534571989626105304e-03
5.501191604299999760e+00,1.537665040773360074e-02,5.147071319178654451e-03
5.503689874783333380e+00,1.531307786796414980e-02,4.759570648731066556e-03
5.506188145266667000e+00,1.524994016118570543e-02,4.372069978283478660e-03
5.508686415749999732e+00,1.518723339958898307e-02,3.984569307836027807e-03
5.511184686233333352e+00,1.512495373872805443e-02,3.597068637388439911e-03
5.513682956716666972e+00,1.506309737694603960e-02,3.209567966940852016e-03
5.516181227199999704e+00,1.500166055480489126e-02,2.822067296493401597e-03
5.518679497683333324e+00,1.494063955452842006e-02,2.434566626045813701e-03
5.521177768166666944e+00,1.488003069944889359e-02,2.047065955598225805e-03
5.523676038649999676e+00,1.481983035346857124e-02,1.842359360038454139e-03
5.526174309133333296e+00,1.476003492052202146e-02,1.637652764478609614e-03
5.528672579616666916e+00,1.470064084405372888e-02,1.432946168918765306e-03
5.531170850099999647e+00,1.464164460649741879e-02,1.228239573358993640e-03
5.533669120583333267e+00,1.458304272876935134e-02,1.023532977799149332e-03
5.536167391066666887e+00,1.452483176976311803e-02,8.188263822393048071e-04
5.538665661549999619e+00,1.446700832585827434e-02,6.141197866795331407e-04
5.541163932033333239e+00,1.440956903042998546e-02,4.094131911196888327e-04
5.543662202516666859e+00,1.435251055337281867e-02,2.047065955598443079e-04
5.546160472999999591e+00,1.429582960062530418e-02,7.285838599102589797e-17
5.548658743483333211e+00,1.423952291370701034e-02,4.651574880442027534e-06
5.551157013966666831e+00,1.418358726925804565e-02,9.303149760885708476e-06
5.553655284450000451e+00,1.412801947858974283e-02,1.395472464132938942e-05
5.556153554933333183e+00,1.407281638723724242e-02,1.860629952177141695e-05
5.558651825416666803e+00,1.401797487452474851e-02,2.325787440221509789e-05
5.561150095900000423e+00,1.396349185312969858e-02,2.790944928265877884e-05
5.563648366383333155e+00,1.390936426866205486e-02,3.256102416310080976e-05
5.566146636866666775e+00,1.385558909924104222e-02,3.721259904354448731e-05
5.568644907350000395e+00,1.380216335508634151e-02,4.186417392398817164e-05
5.571143177833333127e+00,1.374908407810754296e-02,4.651574880443019579e-05
5.573641448316666747e+00,1.369634834150736981e-02,2.701154860276432329e-04
5.576139718800000367e+00,1.364395324938308396e-02,4.937152232508562090e-04
5.578637989283333098e+00,1.359189593634126982e-02,7.173149604739897673e-04
5.581136259766666718e+00,1.354017356711032481e-02,9.409146976972027976e-04
5.583634530250000338e+00,1.348878333616695090e-02,1.164514434920415828e-03
5.586132800733333070e+00,1.343772246736010118e-02,1.388114172143549386e-03
5.588631071216666690e+00,1.338698821354766463e-02,1.611713909366762308e-03
5.591129341700000310e+00,1.333657785623142654e-02,1.835313646589975447e-03
5.593627612183333042e+00,1.328648870520424997e-02,2.058913383813109222e-03
5.596125882666666662e+00,1.323671809819535611e-02,2.282513121036322361e-03
5.598624153150000282e+00,1.318726340052840326e-02,2.698453978383727730e-03
5.601122423633333014e+00,1.313812200477572356e-02,3.114394835730985214e-03
5.603620694116666634e+00,1.308929133042652758e-02,3.530335693078390583e-03
5.606118964600000254e+00,1.304076882355199168e-02,3.946276550425795518e-03
5.608617235083332986e+00,1.299255195648152394e-02,4.362217407773053002e-03
5.611115505566666606e+00,1.294463822747765266e-02,4.778158265120458804e-03
5.613613776050000226e+00,1.289702516042219062e-02,5.194099122467864607e-03
5.616112046533332958e+00,1.284971030449981975e-02,5.610039979815122091e-03
5.618610317016666578e+00,1.280269123389307477e-02,6.025980837162527026e-03
5.621108587500000198e+00,1.275596554747467429e-02,6.441921694509932829e-03
5.623606857983332930e+00,1.270953086851112426e-02,6.988760879929360390e-03
5.626105128466666550e+00,1.266338484436436117e-02,7.535600065348982239e-03
5.628603398950000170e+00,1.261752514620291532e-02,8.082439250768604089e-03
5.631101669433333790e+00,1.257194946871174716e-02,8.629278436188225071e-03
5.633599939916666521e+00,1.252665552981223687e-02,9.176117621607653499e-03
5.636098210400000141e+00,1.248164107037934636e-02,9.722956807027274481e-03
5.638596480883333761e+00,1.243690385396993212e-02,1.026979599244689720e-02
5.641094751366666493e+00,1.239244166654710801e-02,1.081663517786632389e-02
5.643593021850000113e+00,1.234825231621682756e-02,1.136347436328594487e-02
5.646091292333333733e+00,1.230433363295951529e-02,1.191031354870556759e-02
5.648589562816666465e+00,1.226068346837352711e-02,1.249911696233338074e-02
5.651087833300000085e+00,1.221729969541460355e-02,1.308792037596140378e-02
5.653586103783333705e+00,1.217418020814674262e-02,1.367672378958942510e-02
5.656084374266666437e+00,1.213132292148778532e-02,1.426552720321723824e-02
5.658582644750000057e+00,1.208872577096767667e-02,1.485433061684526129e-02
5.661080915233333677e+00,1.204638671248116355e-02,1.544313403047328434e-02
5.663579185716666409e+00,1.200430372205242568e-02,1.603193744410109922e-02
5.666077456200000029e+00,1.196247479559439317e-02,1.662074085772911880e-02
5.668575726683333649e+00,1.192089794867983756e-02,1.720954427135714185e-02
5.671073997166666381e+00,1.187957121630739063e-02,1.779834768498495673e-02
5.673572267650000001e+00,1.183849265267849366e-02,1.832585780206789222e-02
5.676070538133333621e+00,1.179766033096999421e-02,1.885336791915080343e-02
5.678568808616666352e+00,1.175707234311722423e-02,1.938087803623353075e-02
5.681067079099999972e+00,1.171672679959194323e-02,1.990838815331644543e-02
5.683565349583333592e+00,1.167662182919216272e-02,2.043589827039935664e-02
5.686063620066666324e+00,1.163675557882605342e-02,2.096340838748208396e-02
5.688561890549999944e+00,1.159712621330607346e-02,2.149091850456499864e-02
5.691060161033333564e+00,1.155773191514010076e-02,2.201842862164791331e-02
5.693558431516666296e+00,1.151857088433074112e-02,2.254593873873063717e-02
5.696056701999999916e+00,1.147964133817118253e-02,2.307344885581355184e-02
5.698554972483333536e+00,1.144094151105089219e-02,2.343974616199085217e-02
5.701053242966666268e+00,1.140246965425620838e-02,2.380604346816802414e-02
5.703551513449999888e+00,1.136422403578117926e-02,2.417234077434532447e-02
5.706049783933333508e+00,1.132620294013395902e-02,2.453863808052262480e-02
5.708548054416667128e+00,1.128840466815213793e-02,2.490493538669992860e-02
5.711046324899999860e+00,1.125082753681420911e-02,2.527123269287710056e-02
5.713544595383333480e+00,1.121346987906025015e-02,2.563752999905440089e-02
5.716042865866667100e+00,1.117633004360733470e-02,2.600382730523170122e-02
5.718541136349999832e+00,1.113940639477624048e-02,2.637012461140887318e-02
5.721039406833333452e+00,1.110269731231054886e-02,2.673642191758617351e-02
5.723537677316667072e+00,1.106620119120829693e-02,2.686458461395419342e-02
5.726035947799999803e+00,1.102991644154625341e-02,2.699274731032216823e-02
5.728534218283333423e+00,1.099384148831469843e-02,2.712091000669018467e-02
5.731032488766667043e+00,1.095797477124750563e-02,2.724907270305820459e-02
5.733530759249999775e+00,1.092231474466065326e-02,2.737723539942617940e-02
5.736029029733333395e+00,1.088685987728643320e-02,2.750539809579419931e-02
5.738527300216667015e+00,1.085160865211686268e-02,2.763356079216221922e-02
5.741025570699999747e+00,1.081655956624175650e-02,2.776172348853019056e-02
5.743523841183333367e+00,1.078171113069545731e-02,2.788988618489821047e-02
5.746022111666666987e+00,1.074706187030028022e-02,2.801804888126623039e-02
5.748520382149999719e+00,1.071261032351661889e-02,2.787235242451315334e-02
5.751018652633333339e+00,1.067835504228994807e-02,2.772665596776002078e-02
5.753516923116666959e+00,1.064429459190584758e-02,2.758095951100689169e-02
5.756015193599999691e+00,1.061042755083941094e-02,2.743526305425381118e-02
5.758513464083333311e+00,1.057675251061535385e-02,2.728956659750068209e-02
5.761011734566666931e+00,1.054326807566065630e-02,2.714387014074755300e-02
5.763510005049999663e+00,1.050997286316772417e-02,2.699817368399447248e-02
5.766008275533333283e+00,1.047686550295169605e-02,2.685247722724134339e-02
5.768506546016666903e+00,1.044394463731654864e-02,2.670678077048821084e-02
5.771004816499999635e+00,1.041120892091580187e-02,2.656108431373513379e-02
5.773503086983333255e+00,1.037865702062236092e-02,2.615969117655729884e-02
5.776001357466666875e+00,1.034628761539247051e-02,2.575829803937937368e-02
5.778499627949999606e+00,1.031409939613915291e-02,2.535690490220159077e-02
5.780997898433333226e+00,1.028209106559937330e-02,2.495551176502366561e-02
5.783496168916666846e+00,1.025026133821026024e-02,2.455411862784574045e-02
5.785994439400000466e+00,1.021860893998006135e-02,2.415272549066781183e-02
5.788492709883333198e+00,1.018713260836746730e-02,2.375133235349002891e-02
5.790990980366666818e+00,1.015583109215546613e-02,2.334993921631210376e-02
5.793489250850000438e+00,1.012470315133377763e-02,2.294854607913417860e-02
5.795987521333333170e+00,1.009374755697586834e-02,2.254715294195639569e-02
5.798485791816666790e+00,1.006296309112440258e-02,2.196514552726634012e-02
5.800984062300000410e+00,1.003234854667081621e-02,2.138313811257628455e-02
5.803482332783333142e+00,1.000190272724423186e-02,2.080113069788643715e-02
5.805980603266666762e+00,9.971624447093667756e-03,2.021912328319638158e-02
5.808478873750000382e+00,9.941512530979447482e-03,1.963711586850632601e-02
5.810977144233333114e+00,9.911565814058815801e-03,1.905510845381647514e-02
5.813475414716666734e+00,9.881783141779617446e-03,1.847310103912642304e-02
5.815973685200000354e+00,9.852163369768530618e-03,1.789109362443636747e-02
5.818471955683333086e+00,9.822705363728038291e-03,1.730908620974651660e-02
5.820970226166666706e+00,9.793407999327017471e-03,1.672707879505646103e-02
5.823468496650000326e+00,9.764270162099623895e-03,1.608614989691500852e-02
5.825966767133333057e+00,9.735290747339371553e-03,1.544522099877378325e-02
5.828465037616666677e+00,9.706468660000217019e-03,1.480429210063233074e-02
5.830963308100000297e+00,9.677802814592942685e-03,1.416336320249087823e-02
5.833461578583333029e+00,9.649292135089004505e-03,1.352243430434965296e-02
5.835959849066666649e+00,9.620935554819094043e-03,1.288150540620820045e-02
5.838458119550000269e+00,9.592732016379470344e-03,1.224057650806674793e-02
5.840956390033333001e+00,9.564680471532650483e-03,1.159964760992552094e-02
5.843454660516666621e+00,9.536779881116673116e-03,1.095871871178406842e-02
5.845952931000000241e+00,9.509029214947613967e-03,1.031778981364261591e-02
5.848451201483332973e+00,9.481427451730738490e-03,9.759931996521059583e-03
5.850949471966666593e+00,9.453973578966191893e-03,9.202074179399307233e-03
5.853447742450000213e+00,9.426666592861700916e-03,8.644216362277553148e-03
5.855946012933332945e+00,9.399505498240338583e-03,8.086358545155996821e-03
5.858444283416666565e+00,9.372489308455769080e-03,7.528500728034243604e-03
5.860942553900000185e+00,9.345617045302279796e-03,6.970642910912490386e-03
5.863440824383332917e+00,9.318887738931176321e-03,6.412785093790934060e-03
5.865939094866666537e+00,9.292300427763687184e-03,5.854927276669180843e-03
5.868437365350000157e+00,9.265854158409381550e-03,5.297069459547426758e-03
5.870935635833333777e+00,9.239547985580687239e-03,4.739211642425672673e-03
5.873433906316666508e+00,9.213380972013563569e-03,4.383286391628337525e-03
5.875932176800000128e+00,9.187352188383525117e-03,4.027361140830874875e-03
5.878430447283333748e+00,9.161460713228855926e-03,3.671435890033413092e-03
5.880928717766666480e+00,9.135705632868197992e-03,3.315510639236077077e-03
5.883426988250000100e+00,9.110086041325427333e-03,2.959585388438615294e-03
5.885925258733333720e+00,9.084601040249612111e-03,2.603660137641153078e-03
5.888423529216666452e+00,9.059249738841283414e-03,2.247734886843817063e-03
5.890921799700000072e+00,9.034031253774272088e-03,1.891809636046355280e-03
5.893420070183333692e+00,9.008944709123884245e-03,1.535884385248893064e-03
5.895918340666666424e+00,8.983989236290255975e-03,1.179959134451557482e-03
5.898416611150000044e+00,8.959163973928443991e-03,1.061963221006312829e-03
5.900914881633333664e+00,8.934468067873499453e-03,9.439673075611530696e-04
5.903413152116666396e+00,8.909900671072102513e-03,8.259713941160351600e-04
5.905911422600000016e+00,8.885460943509174842e-03,7.079754806708752918e-04
5.908409693083333636e+00,8.861148052141668702e-03,5.899795672257154237e-04
5.910907963566666368e+00,8.836961170826315715e-03,4.719836537805975141e-04
5.913406234049999988e+00,8.812899480254854021e-03,3.539877403354376459e-04
5.915904504533333608e+00,8.788962167883851775e-03,2.359918268902777777e-04
5.918402775016666340e+00,8.765148427871490358e-03,1.179959134451598682e-04
5.920901045499999960e+00,8.741457461008324617e-03,0.000000000000000000e+00
5.923399315983333580e+00,8.717888474656031519e-03,0.000000000000000000e+00
5.925897586466666311e+00,8.694440682679709098e-03,0.000000000000000000e+00
5.928395856949999931e+00,8.671113305387681547e-03,0.000000000000000000e+00
5.930894127433333551e+00,8.647905569465810446e-03,0.000000000000000000e+00
5.933392397916666283e+00,8.624816707918476003e-03,0.000000000000000000e+00
5.935890668399999903e+00,8.601845960003816349e-03,0.000000000000000000e+00
5.938388938883333523e+00,8.578992571176917090e-03,0.000000000000000000e+00
5.940887209366666255e+00,8.556255793026252762e-03,0.000000000000000000e+00
5.943385479849999875e+00,8.533634883217755887e-03,0.000000000000000000e+00
5.945883750333333495e+00,8.511129105432736416e-03,0.000000000000000000e+00
5.948382020816667115e+00,8.488737729313794791e-03,0.000000000000000000e+00
5.950880291299999847e+00,8.466460030403763146e-03,0.000000000000000000e+00
5.953378561783333467e+00,8.444295290092440620e-03,0.000000000000000000e+00
5.955876832266667087e+00,8.422242795557402864e-03,0.000000000000000000e+00
5.958375102749999819e+00,8.400301839711929106e-03,0.000000000000000000e+00
5.960873373233333439e+00,8.378471721146770954e-03,0.000000000000000000e+00
5.963371643716667059e+00,8.356751744079505412e-03,0.000000000000000000e+00
5.965869914199999791e+00,8.335141218297719215e-03,0.000000000000000000e+00
5.968368184683333411e+00,8.313639459108835422e-03,0.000000000000000000e+00
5.970866455166667031e+00,8.292245787285183398e-03,0.000000000000000000e+00
5.973364725649999762e+00,8.270959529015103895e-03,0.000000000000000000e+00
5.975862996133333382e+00,8.249780015848277512e-03,0.000000000000000000e+00
5.978361266616667002e+00,8.228706584648809094e-03,0.000000000000000000e+00
5.980859537099999734e+00,8.207738577541560596e-03,0.000000000000000000e+00
5.983357807583333354e+00,8.186875341865842634e-03,0.000000000000000000e+00
5.985856078066666974e+00,8.166116230123305134e-03,0.000000000000000000e+00
5.988354348549999706e+00,8.145460599932544815e-03,0.000000000000000000e+00
5.990852619033333326e+00,8.124907813978374943e-03,0.000000000000000000e+00
5.993350889516666946e+00,8.104457239967012214e-03,0.000000000000000000e+00
5.995849159999999678e+00,8.084108250576340499e-03,0.000000000000000000e+00
5.998347430483333298e+00,8.063860223412742251e-03,0.000000000000000000e+00
6.000845700966666918e+00,8.043712540961842766e-03,0.000000000000000000e+00
6.003343971449999650e+00,8.023664590546654776e-03,0.000000000000000000e+00
6.005842241933333270e+00,8.003715764279068640e-03,0.000000000000000000e+00
6.008340512416666890e+00,7.983865459018897257e-03,0.000000000000000000e+00
6.010838782899999622e+00,7.964113076326835572e-03,0.000000000000000000e+00
6.013337053383333242e+00,7.944458022424149071e-03,0.000000000000000000e+00
6.015835323866666862e+00,7.924899708146243907e-03,0.000000000000000000e+00
6.018333594349999593e+00,7.905437548903698070e-03,0.000000000000000000e+00
6.020831864833333213e+00,7.886070964636981637e-03,0.000000000000000000e+00
6.023330135316666833e+00,7.866799379777706519e-03,0.000000000000000000e+00
6.025828405800000453e+00,7.847622223204632139e-03,0.000000000000000000e+00
6.028326676283333185e+00,7.828538928206073971e-03,0.000000000000000000e+00
6.030824946766666805e+00,7.809548932436366324e-03,0.000000000000000000e+00
6.033323217250000425e+00,7.790651677879103544e-03,0.000000000000000000e+00
6.035821487733333157e+00,7.771846610804666183e-03,0.000000000000000000e+00
6.038319758216666777e+00,7.753133181734411100e-03,0.000000000000000000e+00
6.040818028700000397e+00,7.734510845398771817e-03,0.000000000000000000e+00
6.043316299183333129e+00,7.715979060702356750e-03,0.000000000000000000e+00
6.045814569666666749e+00,7.697537290683001930e-03,0.000000000000000000e+00
6.048312840150000369e+00,7.679185002477333273e-03,0.000000000000000000e+00
6.050811110633333101e+00,7.660921667281036206e-03,0.000000000000000000e+00
6.053309381116666721e+00,7.642746760315022488e-03,0.000000000000000000e+00
6.055807651600000341e+00,7.624659760786210716e-03,0.000000000000000000e+00
6.058305922083333073e+00,7.606660151854904850e-03,0.000000000000000000e+00
6.060804192566666693e+00,7.588747420596185338e-03,0.000000000000000000e+00
6.063302463050000313e+00,7.570921057967828008e-03,0.000000000000000000e+00
6.065800733533333045e+00,7.553180558772528731e-03,0.000000000000000000e+00
6.068299004016666665e+00,7.535525421626789420e-03,0.000000000000000000e+00
6.070797274500000285e+00,7.517955148923806223e-03,0.000000000000000000e+00
6.073295544983333016e+00,7.500469246802570628e-03,0.000000000000000000e+00
6.075793815466666636e+00,7.483067225111960687e-03,0.000000000000000000e+00
6.078292085950000256e+00,7.465748597380518665e-03,0.000000000000000000e+00
6.080790356433332988e+00,7.448512880781113857e-03,0.000000000000000000e+00
6.083288626916666608e+00,7.431359596101450547e-03,0.000000000000000000e+00
6.085786897400000228e+00,7.414288267709259923e-03,0.000000000000000000e+00
6.088285167883332960e+00,7.397298423523537489e-03,0.000000000000000000e+00
6.090783438366666580e+00,7.380389594980477433e-03,0.000000000000000000e+00
6.093281708850000200e+00,7.363561317005555724e-03,0.000000000000000000e+00
6.095779979333332932e+00,7.346813127979485297e-03,0.000000000000000000e+00
6.098278249816666552e+00,7.330144569711385082e-03,0.000000000000000000e+00
6.100776520300000172e+00,7.313555187405591275e-03,0.000000000000000000e+00
6.103274790783333792e+00,7.297044529634767393e-03,0.000000000000000000e+00
6.105773061266666524e+00,7.280612148307759844e-03,0.000000000000000000e+00
6.108271331750000144e+00,7.264257598643383655e-03,0.000000000000000000e+00
6.110769602233333764e+00,7.247980439138718665e-03,0.000000000000000000e+00
6.113267872716666496e+00,7.231780231543524957e-03,0.000000000000000000e+00
6.115766143200000116e+00,7.215656540829058600e-03,0.000000000000000000e+00
6.118264413683333736e+00,7.199608935162926833e-03,0.000000000000000000e+00
6.120762684166666467e+00,7.183636985878794588e-03,0.000000000000000000e+00
6.123260954650000087e+00,7.167740267451938770e-03,1.475577807906829054e-04
6.125759225133333707e+00,7.151918357468875845e-03,2.951155615813658107e-04
6.128257495616666439e+00,7.136170836603796495e-03,4.426733423719962949e-04
6.130755766100000059e+00,7.120497288589097001e-03,5.902311231626791461e-04
6.133254036583333679e+00,7.104897300191924045e-03,7.377889039533621057e-04
6.135752307066666411e+00,7.089370461185025285e-03,8.853466847439925898e-04
6.138250577550000031e+00,7.073916364324353209e-03,1.032904465534675549e-03
6.140748848033333651e+00,7.058534605320476024e-03,1.180462246325358292e-03
6.143247118516666383e+00,7.043224782815875329e-03,1.328020027115988776e-03
6.145745389000000003e+00,7.027986498357748253e-03,1.475577807906671736e-03
6.148243659483333623e+00,7.012819356375739679e-03,1.933358992361935936e-03
6.150741929966666355e+00,6.997722964154498050e-03,2.391140176817037506e-03
6.153240200449999975e+00,6.982696931812510006e-03,2.848921361272301923e-03
6.155738470933333595e+00,6.967740872275273757e-03,3.306702545727565907e-03
6.158236741416666327e+00,6.952854401253897795e-03,3.764483730182667260e-03
6.160735011899999947e+00,6.938037137219535411e-03,4.222264914637931243e-03
6.163233282383333567e+00,6.923288701382352035e-03,4.680046099093195661e-03
6.165731552866666298e+00,6.908608717665611076e-03,5.137827283548297014e-03
6.168229823349999918e+00,6.893996812685871181e-03,5.595608468003561431e-03
6.170728093833333538e+00,6.879452615727633252e-03,6.053389652458825848e-03
6.173226364316666270e+00,6.864975758723460518e-03,6.743667591106842357e-03
6.175724634799999890e+00,6.850565876229166781e-03,7.433945529755105197e-03
6.178222905283333510e+00,6.836222605404659002e-03,8.124223468403368037e-03
6.180721175766667130e+00,6.821945585989514990e-03,8.814501407051630877e-03
6.183219446249999862e+00,6.807734460284020281e-03,9.504779345699647386e-03
6.185717716733333482e+00,6.793588873125166495e-03,1.019505728434791023e-02
6.188215987216667102e+00,6.779508471868306643e-03,1.088533522299617133e-02
6.190714257699999834e+00,6.765492906363785794e-03,1.157561316164418957e-02
6.193212528183333454e+00,6.751541828938289330e-03,1.226589110029245068e-02
6.195710798666667074e+00,6.737654894372480628e-03,1.295616903894071352e-02
6.198209069149999806e+00,6.723831759882523650e-03,1.367070484986947394e-02
6.200707339633333426e+00,6.710072085098295683e-03,1.438524066079848764e-02
6.203205610116667046e+00,6.696375532045259482e-03,1.509977647172750133e-02
6.205703880599999778e+00,6.682741765122503404e-03,1.581431228265626349e-02
6.208202151083333398e+00,6.669170451085861678e-03,1.652884809358527718e-02
6.210700421566667018e+00,6.655661259025820106e-03,1.724338390451429087e-02
6.213198692049999750e+00,6.642213860351289453e-03,1.795791971544304783e-02
6.215696962533333370e+00,6.628827928767662934e-03,1.867245552637206152e-02
6.218195233016666990e+00,6.615503140260658131e-03,1.938699133730107868e-02
6.220693503499999721e+00,6.602239173075608730e-03,2.010152714822983910e-02
6.223191773983333341e+00,6.589035707700912660e-03,2.060710294102147122e-02
6.225690044466666961e+00,6.575892426847858123e-03,2.111267873381303048e-02
6.228188314949999693e+00,6.562809015434596487e-03,2.161825452660440933e-02
6.230686585433333313e+00,6.549785160566186891e-03,2.212383031939596859e-02
6.233184855916666933e+00,6.536820551519009759e-03,2.262940611218752784e-02
6.235683126399999665e+00,6.523914879720901609e-03,2.313498190497890669e-02
6.238181396883333285e+00,6.511067838736191334e-03,2.364055769777046595e-02
6.240679667366666905e+00,6.498279124245965981e-03,2.414613349056202521e-02
6.243177937849999637e+00,6.485548434033578009e-03,2.465170928335340406e-02
6.245676208333333257e+00,6.472875467965126181e-03,2.515728507614496332e-02
6.248174478816666877e+00,6.460259927975328838e-03,2.528372887273929587e-02
6.250672749299999609e+00,6.447701518048538222e-03,2.541017266933358332e-02
6.253171019783333229e+00,6.435199944204563448e-03,2.553661646592791934e-02
6.255669290266666849e+00,6.422754914479997072e-03,2.566306026252225189e-02
6.258167560750000469e+00,6.410366138914741496e-03,2.578950405911658444e-02
6.260665831233333201e+00,6.398033329533255736e-03,2.591594785571087189e-02
6.263164101716666821e+00,6.385756200331624798e-03,2.604239165230520445e-02
6.265662372200000441e+00,6.373534467259020682e-03,2.616883544889954047e-02
6.268160642683333172e+00,6.361367848204846354e-03,2.629527924549382792e-02
6.270658913166666792e+00,6.349256062981164725e-03,2.642172304208816047e-02
6.273157183650000412e+00,6.337198833309182558e-03,2.612042033979184233e-02
6.275655454133333144e+00,6.325195882802494771e-03,2.581911763749563174e-02
6.278153724616666764e+00,6.313246936954203248e-03,2.551781493519931013e-02
6.280651995100000384e+00,6.301351723119514095e-03,2.521651223290299199e-02
6.283150265583333116e+00,6.289509970504148818e-03,2.491520953060678140e-02
6.285648536066666736e+00,6.277721410146554736e-03,2.461390682831046325e-02
6.288146806550000356e+00,6.265985774906343043e-03,2.431260412601414511e-02
6.290645077033333088e+00,6.254302799447890478e-03,2.401130142371793105e-02
6.293143347516666708e+00,6.242672220228024510e-03,2.370999872142161291e-02
6.295641618000000328e+00,6.231093775479919043e-03,2.340869601912529477e-02
6.298139888483333060e+00,6.219567205201784882e-03,2.277224353709183732e-02
6.300638158966666680e+00,6.208092251140317867e-03,2.213579105505815436e-02
6.303136429450000300e+00,6.196668656779897623e-03,2.149933857302447140e-02
6.305634699933333032e+00,6.185296167326353144e-03,2.086288609099101743e-02
6.308132970416666652e+00,6.173974529696191031e-03,2.022643360895733447e-02
6.310631240900000272e+00,6.162703492500965635e-03,1.958998112692365151e-02
6.313129511383333003e+00,6.151482806036404072e-03,1.895352864489019407e-02
6.315627781866666624e+00,6.140312222267079074e-03,1.831707616285651111e-02
6.318126052350000244e+00,6.129191494815924325e-03,1.768062368082282815e-02
6.320624322833332975e+00,6.118120378949146697e-03,1.704417119878937070e-02
6.323122593316666595e+00,6.107098631565871689e-03,1.628173437618837469e-02
6.325620863800000215e+00,6.096126011182982814e-03,1.551929755358733704e-02
6.328119134283332947e+00,6.085202277925737605e-03,1.475686073098656653e-02
6.330617404766666567e+00,6.074327193512360674e-03,1.399442390838552715e-02
6.333115675250000187e+00,6.063500521244701361e-03,1.323198708578448776e-02
6.335613945733332919e+00,6.052722025993555362e-03,1.246955026318371726e-02
6.338112216216666539e+00,6.041991474189087330e-03,1.170711344058267787e-02
6.340610486700000159e+00,6.031308633806621751e-03,1.094467661798163849e-02
6.343108757183333779e+00,6.020673274357180027e-03,1.018223979538059737e-02
6.345607027666666511e+00,6.010085166873630445e-03,9.419802972779828601e-03
6.348105298150000131e+00,5.999544083901255619e-03,8.787462038288340604e-03
6.350603568633333751e+00,5.989049799484218173e-03,8.155121103796852608e-03
6.353101839116666483e+00,5.978602089156338957e-03,7.522780169305589258e-03
6.355600109600000103e+00,5.968200729927512424e-03,6.890439234814101262e-03
6.358098380083333723e+00,5.957845500275248118e-03,6.258098300322612398e-03
6.360596650566666455e+00,5.947536180130596865e-03,5.625757365831349915e-03
6.363094921050000075e+00,5.937272550870487629e-03,4.993416431339861919e-03
6.365593191533333695e+00,5.927054395303426454e-03,4.361075496848373922e-03
6.368091462016666426e+00,5.916881497662352003e-03,3.728734562357110573e-03
6.370589732500000046e+00,5.906753643590501035e-03,3.096393627865622142e-03
6.373088002983333666e+00,5.896670620133889242e-03,2.786754265079027099e-03
6.375586273466666398e+00,5.886632215728195006e-03,2.477114902292541776e-03
6.378084543950000018e+00,5.876638220190999115e-03,2.167475539505946298e-03
6.380582814433333638e+00,5.866688424708528873e-03,1.857836176719351255e-03
6.383081084916666370e+00,5.856782621828875331e-03,1.548196813932866149e-03
6.385579355399999990e+00,5.846920605448490196e-03,1.238557451146270888e-03
6.388077625883333610e+00,5.837102170805234802e-03,9.289180883596758441e-04
6.390575896366666342e+00,5.827327114465766060e-03,6.192787255731905215e-04
6.393074166849999962e+00,5.817595234318020773e-03,3.096393627865954776e-04
6.395572437333333582e+00,5.807906329559518396e-03,0.000000000000000000e+00
6.398070707816666314e+00,5.798260200689569523e-03,0.000000000000000000e+00
6.400568978299999934e+00,5.788656649497576911e-03,0.000000000000000000e+00
6.403067248783333554e+00,5.779095479055923121e-03,0.000000000000000000e+00
6.405565519266666286e+00,5.769576493708112805e-03,0.000000000000000000e+00
6.408063789749999906e+00,5.760099499062017701e-03,0.000000000000000000e+00
6.410562060233333526e+00,5.750664301977861069e-03,0.000000000000000000e+00
6.413060330716666257e+00,5.741270710561725485e-03,0.000000000000000000e+00
6.415558601199999877e+00,5.731918534154206019e-03,0.000000000000000000e+00
6.418056871683333497e+00,5.722607583323513838e-03,0.000000000000000000e+00
6.420555142166667117e+00,5.713337669854134590e-03,0.000000000000000000e+00
6.423053412649999849e+00,5.704108606740778548e-03,0.000000000000000000e+00
6.425551683133333469e+00,5.694920208176661690e-03,0.000000000000000000e+00
6.428049953616667089e+00,5.685772289547790653e-03,0.000000000000000000e+00
6.430548224099999821e+00,5.676664667421389525e-03,0.000000000000000000e+00
6.433046494583333441e+00,5.667597159540109335e-03,0.000000000000000000e+00
6.435544765066667061e+00,5.658569584811126187e-03,0.000000000000000000e+00
6.438043035549999793e+00,5.649581763300016816e-03,0.000000000000000000e+00
6.440541306033333413e+00,5.640633516220097850e-03,0.000000000000000000e+00
6.443039576516667033e+00,5.631724665926513863e-03,0.000000000000000000e+00
6.445537846999999765e+00,5.622855035905746646e-03,0.000000000000000000e+00
6.448036117483333385e+00,5.614024450770126531e-03,0.000000000000000000e+00
6.450534387966667005e+00,5.605232736246638231e-03,0.000000000000000000e+00
6.453032658449999737e+00,5.596479719172337691e-03,0.000000000000000000e+00
6.455530928933333357e+00,5.587765227483276753e-03,0.000000000000000000e+00
6.458029199416666977e+00,5.579089090209385718e-03,0.000000000000000000e+00
6.460527469899999709e+00,5.570451137464474400e-03,0.000000000000000000e+00
6.463025740383333329e+00,5.561851200440385244e-03,0.000000000000000000e+00
6.465524010866666949e+00,5.553289111397553823e-03,0.000000000000000000e+00
6.468022281349999680e+00,5.544764703659442982e-03,0.000000000000000000e+00
6.470520551833333300e+00,5.536277811602946346e-03,0.000000000000000000e+00
6.473018822316666920e+00,5.527828270653047972e-03,0.000000000000000000e+00
6.475517092799999652e+00,5.519415917273197240e-03,0.000000000000000000e+00
6.478015363283333272e+00,5.511040588960324990e-03,0.000000000000000000e+00
6.480513633766666892e+00,5.502702124235378869e-03,0.000000000000000000e+00
6.483011904249999624e+00,5.494400362638114828e-03,0.000000000000000000e+00
6.485510174733333244e+00,5.486135144718056605e-03,0.000000000000000000e+00
6.488008445216666864e+00,5.477906312029659323e-03,0.000000000000000000e+00
6.490506715699999596e+00,5.469713707122584624e-03,0.000000000000000000e+00
6.493004986183333216e+00,5.461557173537618000e-03,0.000000000000000000e+00
6.495503256666666836e+00,5.453436555797061026e-03,0.000000000000000000e+00
6.498001527150000456e+00,5.445351699400544608e-03,0.000000000000000000e+00
6.500499797633333188e+00,5.437302450815527897e-03,0.000000000000000000e+00
6.502998068116666808e+00,5.429288657473075111e-03,0.000000000000000000e+00
6.505496338600000428e+00,5.421310167759178442e-03,0.000000000000000000e+00
6.507994609083333160e+00,5.413366831010122011e-03,0.000000000000000000e+00
6.510492879566666780e+00,5.405458497503541973e-03,0.000000000000000000e+00
6.512991150050000400e+00,5.397585018454484351e-03,0.000000000000000000e+00
6.515489420533333131e+00,5.389746246006602189e-03,0.000000000000000000e+00
6.517987691016666751e+00,5.381942033228032975e-03,0.000000000000000000e+00
6.520485961500000371e+00,5.374172234102732836e-03,0.000000000000000000e+00
6.522984231983333103e+00,5.366436703526446771e-03,0.000000000000000000e+00
6.525482502466666723e+00,5.358735297298312591e-03,0.000000000000000000e+00
6.527980772950000343e+00,5.351067872117040193e-03,0.000000000000000000e+00
6.530479043433333075e+00,5.343434285572283039e-03,0.000000000000000000e+00
6.532977313916666695e+00,5.335834396140738504e-03,0.000000000000000000e+00
6.535475584400000315e+00,5.328268063178403201e-03,0.000000000000000000e+00
6.537973854883333047e+00,5.320735146916313364e-03,0.000000000000000000e+00
6.540472125366666667e+00,5.313235508452532167e-03,0.000000000000000000e+00
6.542970395850000287e+00,5.305769009748552770e-03,0.000000000000000000e+00
6.545468666333333019e+00,5.298335513621333336e-03,0.000000000000000000e+00
6.547966936816666639e+00,5.290934883739629828e-03,0.000000000000000000e+00
6.550465207300000259e+00,5.283566984615819390e-03,0.000000000000000000e+00
6.552963477783332991e+00,5.276231681602947844e-03,0.000000000000000000e+00
6.555461748266666611e+00,5.268928840886458534e-03,0.000000000000000000e+00
6.557960018750000231e+00,5.261658329480976143e-03,0.000000000000000000e+00
6.560458289233332962e+00,5.254420015222515186e-03,0.000000000000000000e+00
6.562956559716666582e+00,5.247213766765184903e-03,0.000000000000000000e+00
6.565454830200000202e+00,5.240039453573495758e-03,0.000000000000000000e+00
6.567953100683332934e+00,5.232896945919307194e-03,0.000000000000000000e+00
6.570451371166666554e+00,5.225786114874108115e-03,0.000000000000000000e+00
6.572949641650000174e+00,5.218706832305986323e-03,0.000000000000000000e+00
6.575447912133333794e+00,5.211658970871868232e-03,0.000000000000000000e+00
6.577946182616666526e+00,5.204642404015202145e-03,0.000000000000000000e+00
6.580444453100000146e+00,5.197657005957551785e-03,0.000000000000000000e+00
6.582942723583333766e+00,5.190702651696563197e-03,0.000000000000000000e+00
6.585440994066666498e+00,5.183779216997945992e-03,0.000000000000000000e+00
6.587939264550000118e+00,5.176886578393420299e-03,0.000000000000000000e+00
6.590437535033333738e+00,5.170024613172572239e-03,0.000000000000000000e+00
6.592935805516666470e+00,5.163193199380578836e-03,0.000000000000000000e+00
6.595434076000000090e+00,5.156392215811259581e-03,0.000000000000000000e+00
6.597932346483333710e+00,5.149621542003838572e-03,0.000000000000000000e+00
6.600430616966666442e+00,5.142881058236382918e-03,0.000000000000000000e+00
6.602928887450000062e+00,5.136170645522654225e-03,0.000000000000000000e+00
6.605427157933333682e+00,5.129490185605646742e-03,0.000000000000000000e+00
6.607925428416666414e+00,5.122839560954843899e-03,0.000000000000000000e+00
6.610423698900000034e+00,5.116218654759130229e-03,0.000000000000000000e+00
6.612921969383333654e+00,5.109627350924586531e-03,0.000000000000000000e+00
6.615420239866666385e+00,5.103065534067506744e-03,0.000000000000000000e+00
6.617918510350000005e+00,5.096533089512158415e-03,0.000000000000000000e+00
6.620416780833333625e+00,5.090029903283718044e-03,0.000000000000000000e+00
6.622915051316666357e+00,5.083555862106319510e-03,0.000000000000000000e+00
6.625413321799999977e+00,5.077110853396044066e-03,0.000000000000000000e+00
6.627911592283333597e+00,5.070694765259159582e-03,0.000000000000000000e+00
6.630409862766666329e+00,5.064307486484728900e-03,0.000000000000000000e+00
6.632908133249999949e+00,5.057948906543235056e-03,0.000000000000000000e+00
6.635406403733333569e+00,5.051618915579477592e-03,0.000000000000000000e+00
6.637904674216666301e+00,5.045317404410891611e-03,0.000000000000000000e+00
6.640402944699999921e+00,5.039044264520723369e-03,0.000000000000000000e+00
6.642901215183333541e+00,5.032799388056124687e-03,0.000000000000000000e+00
6.645399485666666273e+00,5.026582667821731000e-03,0.000000000000000000e+00
6.647897756149999893e+00,5.020393997277957862e-03,0.000000000000000000e+00
6.650396026633333513e+00,5.014233270534219043e-03,0.000000000000000000e+00
6.652894297116667133e+00,5.008100382347223899e-03,0.000000000000000000e+00
6.655392567599999865e+00,5.001995228114782671e-03,0.000000000000000000e+00
6.657890838083333485e+00,4.995917703873979827e-03,0.000000000000000000e+00
6.660389108566667105e+00,4.989867706294680121e-03,0.000000000000000000e+00
6.662887379049999836e+00,4.983845132678225813e-03,0.000000000000000000e+00
6.665385649533333456e+00,4.977849880950793553e-03,0.000000000000000000e+00
6.667883920016667076e+00,4.971881849662278079e-03,0.000000000000000000e+00
6.670382190499999808e+00,4.965940937979340317e-03,0.000000000000000000e+00
6.672880460983333428e+00,4.960027045684758593e-03,0.000000000000000000e+00
6.675378731466667048e+00,4.954140073170659742e-03,0.000000000000000000e+00
6.677877001949999780e+00,4.948279921437368986e-03,0.000000000000000000e+00
6.680375272433333400e+00,4.942446492087131972e-03,0.000000000000000000e+00
6.682873542916667020e+00,4.936639687322961177e-03,0.000000000000000000e+00
6.685371813399999752e+00,4.930859409942101208e-03,0.000000000000000000e+00
6.687870083883333372e+00,4.925105563335502312e-03,0.000000000000000000e+00
6.690368354366666992e+00,4.919378051481170314e-03,0.000000000000000000e+00
6.692866624849999724e+00,4.913676778943078076e-03,0.000000000000000000e+00
6.695364895333333344e+00,4.908001650865270911e-03,0.000000000000000000e+00
6.697863165816666964e+00,4.902352572970807530e-03,2.185974380937948916e-04
6.700361436299999696e+00,4.896729451555537592e-03,4.371948761875120459e-04
6.702859706783333316e+00,4.891132193487376587e-03,6.557923142813069104e-04
6.705357977266666936e+00,4.885560706199934197e-03,8.743897523751018291e-04
6.707856247749999667e+00,4.880014897692254092e-03,1.092987190468819010e-03
6.710354518233333287e+00,4.874494676522033755e-03,1.311584628562613821e-03
6.712852788716666907e+00,4.868999951805405915e-03,1.530182066656408848e-03
6.715351059199999639e+00,4.863530633210777672e-03,1.748779504750126029e-03
6.717849329683333259e+00,4.858086630958065484e-03,1.967376942843920840e-03
6.720347600166666879e+00,4.852667855812934153e-03,2.185974380937715650e-03
6.722845870649999611e+00,4.847274219085869612e-03,2.600589780520756473e-03
6.725344141133333231e+00,4.841905632626407503e-03,3.015205180103944747e-03
6.727842411616666851e+00,4.836562008822833068e-03,3.429820579687133456e-03
6.730340682100000471e+00,4.831243260595921400e-03,3.844435979270321730e-03
6.732838952583333203e+00,4.825949301398259166e-03,4.259051378853362553e-03
6.735337223066666823e+00,4.820680045209272888e-03,4.673666778436551261e-03
6.737835493550000443e+00,4.815435406533834228e-03,5.088282178019739102e-03
6.740333764033333175e+00,4.810215300396972551e-03,5.502897577602780359e-03
6.742832034516666795e+00,4.805019642343276443e-03,5.917512977185969067e-03
6.745330305000000415e+00,4.799848348431272338e-03,6.332128376769156908e-03
6.747828575483333147e+00,4.794701335233205949e-03,6.800859421335347064e-03
6.750326845966666767e+00,4.789578519828870118e-03,7.269590465901704622e-03
6.752825116450000387e+00,4.784479819805817317e-03,7.738321510468061312e-03
6.755323386933333119e+00,4.779405153253341899e-03,8.207052555034252336e-03
6.757821657416666739e+00,4.774354438762459275e-03,8.675783599600608159e-03
6.760319927900000359e+00,4.769327595420374752e-03,9.144514644166965717e-03
6.762818198383333090e+00,4.764324542809728925e-03,9.613245688733156741e-03
6.765316468866666710e+00,4.759345201003732651e-03,1.008197673329951430e-02
6.767814739350000330e+00,4.754389490565705603e-03,1.055070777786587012e-02
6.770313009833333062e+00,4.749457332543414144e-03,1.101943882243206115e-02
6.772811280316666682e+00,4.744548648468977642e-03,1.137924401498145374e-02
6.775309550800000302e+00,4.739663360353815226e-03,1.173904920753080644e-02
6.777807821283333034e+00,4.734801390688113225e-03,1.209885440008003250e-02
6.780306091766666654e+00,4.729962662435555944e-03,1.245865959262938694e-02
6.782804362250000274e+00,4.725147099033129641e-03,1.281846478517873963e-02
6.785302632733333006e+00,4.720354624386150812e-03,1.317826997772796570e-02
6.787800903216666626e+00,4.715585162867876740e-03,1.353807517027732013e-02
6.790299173700000246e+00,4.710838639314242349e-03,1.389788036282667283e-02
6.792797444183332978e+00,4.706114979024039746e-03,1.425768555537589889e-02
6.795295714666666598e+00,4.701414107753543181e-03,1.461749074792525332e-02
6.797793985150000218e+00,4.696735951716599251e-03,1.475159152779040653e-02
6.800292255633332950e+00,4.692080437579409721e-03,1.488569230765551289e-02
6.802790526116666570e+00,4.687447492460349377e-03,1.501979308752066609e-02
6.805288796600000190e+00,4.682837043925365539e-03,1.515389386738582103e-02
6.807787067083332921e+00,4.678249019987486268e-03,1.528799464725092566e-02
6.810285337566666541e+00,4.673683349102335238e-03,1.542209542711607886e-02
6.812783608050000161e+00,4.669139960167456929e-03,1.555619620698123380e-02
6.815281878533333781e+00,4.664618782517998032e-03,1.569029698684638874e-02
6.817780149016666513e+00,4.660119745926625916e-03,1.582439776671149337e-02
6.820278419500000133e+00,4.655642780598118029e-03,1.595849854657664657e-02
6.822776689983333753e+00,4.651187817170389718e-03,1.583145372100918519e-02
6.825274960466666485e+00,4.646754786708407088e-03,1.570440889544177238e-02
6.827773230950000105e+00,4.642343620705677992e-03,1.557736406987431099e-02
6.830271501433333725e+00,4.637954251078399079e-03,1.545031924430684961e-02
6.832769771916666457e+00,4.633586610165690844e-03,1.532327441873943506e-02
6.835268042400000077e+00,4.629240630725606903e-03,1.519622959317197541e-02
6.837766312883333697e+00,4.624916245934227593e-03,1.506918476760451403e-02
6.840264583366666429e+00,4.620613389381968486e-03,1.494213994203709948e-02
6.842762853850000049e+00,4.616331995072709554e-03,1.481509511646963984e-02
6.845261124333333669e+00,4.612071997420079394e-03,1.468805029090217845e-02
6.847759394816666401e+00,4.607833331247195019e-03,1.435024823067134955e-02
6.850257665300000021e+00,4.603615931782011061e-03,1.401244617044039922e-02
6.852755935783333641e+00,4.599419734657488046e-03,1.367464411020945063e-02
6.855254206266666372e+00,4.595244675907571297e-03,1.333684204997862173e-02
6.857752476749999992e+00,4.591090691966660982e-03,1.299903998974767140e-02
6.860250747233333612e+00,4.586957719665729800e-03,1.266123792951672281e-02
6.862749017716666344e+00,4.582845696231810373e-03,1.232343586928589391e-02
6.865247288199999964e+00,4.578754559284582172e-03,1.198563380905494358e-02
6.867745558683333584e+00,4.574684246835969935e-03,1.164783174882399325e-02
6.870243829166666316e+00,4.570634697285471185e-03,1.131002968859316435e-02
6.872742099649999936e+00,4.566605849421076502e-03,1.087616174808884485e-02
6.875240370133333556e+00,4.562597642414679446e-03,1.044229380758449240e-02
6.877738640616666288e+00,4.558610015822134667e-03,1.000842586708029260e-02
6.880236911099999908e+00,4.554642909579135340e-03,9.574557926575938405e-03
6.882735181583333528e+00,4.550696264001796894e-03,9.140689986071585948e-03
6.885233452066666260e+00,4.546770019781584682e-03,8.706822045567386148e-03
6.887731722549999880e+00,4.542864117986713905e-03,8.272954105063033692e-03
6.890229993033333500e+00,4.538978500056900338e-03,7.839086164558679501e-03
6.892728263516667120e+00,4.535113107804421978e-03,7.405218224054326177e-03
6.895226533999999852e+00,4.531267883409474326e-03,6.971350283550127244e-03
6.897724804483333472e+00,4.527442769421251983e-03,6.579528084158139077e-03
6.900223074966667092e+00,4.523637708752589227e-03,6.187705884766150910e-03
6.902721345449999824e+00,4.519852644681365134e-03,5.795883685374302388e-03
6.905219615933333444e+00,4.516087520846204934e-03,5.404061485982313354e-03
6.907717886416667064e+00,4.512342281246632669e-03,5.012239286590326054e-03
6.910216156899999795e+00,4.508616870238979848e-03,4.620417087198476665e-03
6.912714427383333415e+00,4.504911232537235459e-03,4.228594887806488498e-03
6.915212697866667035e+00,4.501225313208421196e-03,3.836772688414500330e-03
6.917710968349999767e+00,4.497559057673583723e-03,3.444950489022651375e-03
6.920209238833333387e+00,4.493912411703409292e-03,3.053128289630663642e-03
6.922707509316667007e+00,4.490285321418980950e-03,2.812535966999963732e-03
6.925205779799999739e+00,4.486677733287456477e-03,2.571943644369349257e-03
6.927704050283333359e+00,4.483089594122976508e-03,2.331351321738649347e-03
6.930202320766666979e+00,4.479520851082508144e-03,2.090758999107949438e-03
6.932700591249999711e+00,4.475971451666053112e-03,1.850166676477335180e-03
6.935198861733333331e+00,4.472441343713428122e-03,1.609574353846635270e-03
6.937697132216666951e+00,4.468930475404392366e-03,1.368982031215935360e-03
6.940195402699999683e+00,4.465438795254645515e-03,1.128389708585321102e-03
6.942693673183333303e+00,4.461966252116686404e-03,8.877973859546211925e-04
6.945191943666666923e+00,4.458512795175504848e-03,6.472050633239212827e-04
6.947690214149999655e+00,4.455078373950214880e-03,5.824845569915452007e-04
6.950188484633333275e+00,4.451662938288887886e-03,5.177640506591462419e-04
6.952686755116666895e+00,4.448266438369934302e-03,4.530435443267471747e-04
6.955185025599999626e+00,4.444888824698096409e-03,3.883230379943711469e-04
6.957683296083333246e+00,4.441530048105496974e-03,3.236025316619721339e-04
6.960181566566666866e+00,4.438190059747081258e-03,2.588820253295731210e-04
6.962679837049999598e+00,4.434868811102087201e-03,1.941615189971970931e-04
6.965178107533333218e+00,4.431566253969482228e-03,1.294410126647980259e-04
6.967676378016666838e+00,4.428282340469637257e-03,6.472050633239895875e-05
6.970174648500000458e+00,4.425017023039623000e-03,0.000000000000000000e+00
6.972672918983333190e+00,4.421770254434516205e-03,0.000000000000000000e+00
6.975171189466666810e+00,4.418541987723447091e-03,0.000000000000000000e+00
6.977669459950000430e+00,4.415332176290796308e-03,0.000000000000000000e+00
6.980167730433333162e+00,4.412140773831610061e-03,0.000000000000000000e+00
6.982666000916666782e+00,4.408967734353183912e-03,0.000000000000000000e+00
6.985164271400000402e+00,4.405813012170987052e-03,0.000000000000000000e+00
6.987662541883333134e+00,4.402676561909887876e-03,0.000000000000000000e+00
6.990160812366666754e+00,4.399558338499824119e-03,0.000000000000000000e+00
6.992659082850000374e+00,4.396458297177220989e-03,0.000000000000000000e+00
6.995157353333333106e+00,4.393376393480846916e-03,0.000000000000000000e+00
6.997655623816666726e+00,4.390312583253497963e-03,0.000000000000000000e+00
7.000153894300000346e+00,4.387266822637294998e-03,0.000000000000000000e+00
7.002652164783333077e+00,4.384239068075508616e-03,0.000000000000000000e+00
7.005150435266666697e+00,4.381229276308255295e-03,0.000000000000000000e+00
7.007648705750000317e+00,4.378237404373999664e-03,0.000000000000000000e+00
7.010146976233333049e+00,4.375263409605431066e-03,0.000000000000000000e+00
7.012645246716666669e+00,4.372307249630836591e-03,0.000000000000000000e+00
7.015143517200000289e+00,4.369368882370171063e-03,0.000000000000000000e+00
7.017641787683333021e+00,4.366448266036541091e-03,0.000000000000000000e+00
7.020140058166666641e+00,4.363545359131739028e-03,0.000000000000000000e+00
7.022638328650000261e+00,4.360660120448348921e-03,0.000000000000000000e+00
7.025136599133332993e+00,4.357792509065394962e-03,0.000000000000000000e+00
7.027634869616666613e+00,4.354942484349695435e-03,0.000000000000000000e+00
7.030133140100000233e+00,4.352110005952204187e-03,0.000000000000000000e+00
7.032631410583332965e+00,4.349295033809254425e-03,0.000000000000000000e+00
7.035129681066666585e+00,4.346497528138685944e-03,0.000000000000000000e+00
7.037627951550000205e+00,4.343717449441393368e-03,0.000000000000000000e+00
7.040126222033332937e+00,4.340954758497397002e-03,0.000000000000000000e+00
7.042624492516666557e+00,4.338209416367267042e-03,0.000000000000000000e+00
7.045122763000000177e+00,4.335481384388329730e-03,0.000000000000000000e+00
7.047621033483333797e+00,4.332770624176049933e-03,0.000000000000000000e+00
7.050119303966666529e+00,4.330077097620533069e-03,0.000000000000000000e+00
7.052617574450000149e+00,4.327400766887398546e-03,0.000000000000000000e+00
7.055115844933333769e+00,4.324741594414674602e-03,0.000000000000000000e+00
7.057614115416666500e+00,4.322099542913907660e-03,0.000000000000000000e+00
7.060112385900000120e+00,4.319474575366547171e-03,0.000000000000000000e+00
7.062610656383333740e+00,4.316866655025060166e-03,0.000000000000000000e+00
7.065108926866666472e+00,4.314275745409904168e-03,0.000000000000000000e+00
7.067607197350000092e+00,4.311701810310561954e-03,0.000000000000000000e+00
7.070105467833333712e+00,4.309144813781933328e-03,0.000000000000000000e+00
7.072603738316666444e+00,4.306604720145737648e-03,0.000000000000000000e+00
7.075102008800000064e+00,4.304081493987067797e-03,0.000000000000000000e+00
7.077600279283333684e+00,4.301575100155950564e-03,0.000000000000000000e+00
7.080098549766666416e+00,4.299085503763382804e-03,0.000000000000000000e+00
7.082596820250000036e+00,4.296612670183127744e-03,0.000000000000000000e+00
7.085095090733333656e+00,4.294156565047987928e-03,0.000000000000000000e+00
7.087593361216666388e+00,4.291717154251492236e-03,0.000000000000000000e+00
7.090091631700000008e+00,4.289294403944213067e-03,0.000000000000000000e+00
7.092589902183333628e+00,4.286888280535162792e-03,0.000000000000000000e+00
7.095088172666666360e+00,4.284498750688508183e-03,0.000000000000000000e+00
7.097586443149999980e+00,4.282125781325081364e-03,6.986000998007428782e-05
7.100084713633333600e+00,4.279769339618567751e-03,1.397200199601734039e-04
7.102582984116666331e+00,4.277429392997390833e-03,2.095800299402476917e-04
7.105081254599999951e+00,4.275105909141148179e-03,2.794400399203468078e-04
7.107579525083333571e+00,4.272798855982044321e-03,3.493000499004459509e-04
7.110077795566666303e+00,4.270508201701620800e-03,4.191600598805202116e-04
7.112576066049999923e+00,4.268233914732026853e-03,4.890200698606193006e-04
7.115074336533333543e+00,4.265975963752758997e-03,5.588800798407184437e-04
7.117572607016666275e+00,4.263734317692514583e-03,6.287400898207927587e-04
7.120070877499999895e+00,4.261508945725334639e-03,6.986000998008919018e-04
7.122569147983333515e+00,4.259299817272225834e-03,9.008938341671613934e-04
7.125067418466667135e+00,4.257106901997954711e-03,1.103187568533430885e-03
7.127565688949999867e+00,4.254930169812788480e-03,1.305481302899628385e-03
7.130063959433333487e+00,4.252769590868745418e-03,1.507775037265898094e-03
7.132562229916667107e+00,4.250625135561347800e-03,1.710068771632167368e-03
7.135060500399999839e+00,4.248496774526319859e-03,1.912362505998365086e-03
7.137558770883333459e+00,4.246384478641288679e-03,2.114656240364634794e-03
7.140057041366667079e+00,4.244288219022211532e-03,2.316949974730904069e-03
7.142555311849999811e+00,4.242207967025142697e-03,2.519243709097101352e-03
7.145053582333333431e+00,4.240143694243009471e-03,2.721537443463371495e-03
7.147551852816667051e+00,4.238095372507228072e-03,3.023728410223560682e-03
7.150050123299999782e+00,4.236062973884171731e-03,3.325919376983642317e-03
7.152548393783333402e+00,4.234046470676990429e-03,3.628110343743831505e-03
7.155046664266667023e+00,4.232045835422461495e-03,3.930301310504020693e-03
7.157544934749999754e+00,4.230061040892556072e-03,4.232492277264101460e-03
7.160043205233333374e+00,4.228092060091038183e-03,4.534683244024291515e-03
7.162541475716666994e+00,4.226138866255415433e-03,4.836874210784479836e-03
7.165039746199999726e+00,4.224201432853372414e-03,5.139065177544562338e-03
7.167538016683333346e+00,4.222279733584698852e-03,5.441256144304750658e-03
7.170036287166666966e+00,4.220373742378222617e-03,5.743447111064939846e-03
7.172534557649999698e+00,4.218483433392908669e-03,6.062734548955723071e-03
7.175032828133333318e+00,4.216608781015398350e-03,6.382021986846619054e-03
7.177531098616666938e+00,4.214749759861084050e-03,6.701309424737515903e-03
7.180029369099999670e+00,4.212906344771581713e-03,7.020596862628299129e-03
7.182527639583333290e+00,4.211078510815556564e-03,7.339884300519195111e-03
7.185025910066666910e+00,4.209266233286461031e-03,7.659171738410091961e-03
7.187524180549999642e+00,4.207469487703786350e-03,7.978459176300875186e-03
7.190022451033333262e+00,4.205688249810082303e-03,8.297746614191772035e-03
7.192520721516666882e+00,4.203922495572407457e-03,8.617034052082667150e-03
7.195018991999999614e+00,4.202172201179590894e-03,8.936321489973451243e-03
7.197517262483333234e+00,4.200437343043760506e-03,9.180449589864608795e-03
7.200015532966666854e+00,4.198717897797393968e-03,9.424577689755742060e-03
7.202513803450000474e+00,4.197013842294883453e-03,9.668705789646875326e-03
7.205012073933333205e+00,4.195325153609302977e-03,9.912833889537920121e-03
7.207510344416666825e+00,4.193651809034873446e-03,1.015696198942905165e-02
7.210008614900000445e+00,4.191993786082996200e-03,1.040109008932018492e-02
7.212506885383333177e+00,4.190351062484594900e-03,1.064521818921123145e-02
7.215005155866666797e+00,4.188723616187077156e-03,1.088934628910236298e-02
7.217503426350000417e+00,4.187111425355680670e-03,1.113347438899349451e-02
7.220001696833333149e+00,4.185514468370937942e-03,1.137760248888454104e-02
7.222499967316666769e+00,4.183932723829973839e-03,1.147698238823821604e-02
7.224998237800000389e+00,4.182366170544089129e-03,1.157636228759184073e-02
7.227496508283333121e+00,4.180814787540035500e-03,1.167574218694543073e-02
7.229994778766666741e+00,4.179278554057291178e-03,1.177512208629905542e-02
7.232493049250000361e+00,4.177757449549703711e-03,1.187450198565268011e-02
7.234991319733333093e+00,4.176251453682576498e-03,1.197388188500626838e-02
7.237489590216666713e+00,4.174760546334601273e-03,1.207326178435989307e-02
7.239987860700000333e+00,4.173284707594882188e-03,1.217264168371351776e-02
7.242486131183333065e+00,4.171823917764412928e-03,1.227202158306710603e-02
7.244984401666666685e+00,4.170378157353598660e-03,1.237140148242073072e-02
7.247482672150000305e+00,4.168947407083805137e-03,1.229916200980049265e-02
7.249980942633333036e+00,4.167531647884487739e-03,1.222692253718028234e-02
7.252479213116666656e+00,4.166130860895024199e-03,1.215468306456004427e-02
7.254977483600000276e+00,4.164745027461985022e-03,1.208244359193980620e-02
7.257475754083333008e+00,4.163374129140656570e-03,1.201020411931959415e-02
7.259974024566666628e+00,4.162018147692438108e-03,1.193796464669935782e-02
7.262472295050000248e+00,4.160677065086423876e-03,1.186572517407911975e-02
7.264970565533332980e+00,4.159350863496783651e-03,1.179348570145890771e-02
7.267468836016666600e+00,4.158039525304477527e-03,1.172124622883867137e-02
7.269967106500000220e+00,4.156743033094611323e-03,1.164900675621843330e-02
7.272465376983332952e+00,4.155461369657908501e-03,1.142724720311827542e-02
7.274963647466666572e+00,4.154194517988063842e-03,1.120548765001803775e-02
7.277461917950000192e+00,4.152942461283686340e-03,1.098372809691780007e-02
7.279960188433332924e+00,4.151705182945803797e-03,1.076196854381764219e-02
7.282458458916666544e+00,4.150482666578862896e-03,1.054020899071740451e-02
7.284956729400000164e+00,4.149274895988574671e-03,1.031844943761716857e-02
7.287454999883333784e+00,4.148081855183845257e-03,1.009668988451693089e-02
7.289953270366666516e+00,4.146903528373675936e-03,9.874930331416773011e-03
7.292451540850000136e+00,4.145739899969165879e-03,9.653170778316535333e-03
7.294949811333333756e+00,4.144590954580607348e-03,9.431411225216297656e-03
7.297448081816666487e+00,4.143456677020093855e-03,9.123776939586958692e-03
7.299946352300000108e+00,4.142337052297800047e-03,8.816142653957510442e-03
7.302444622783333728e+00,4.141232065624085926e-03,8.508508368328062191e-03
7.304942893266666459e+00,4.140141702407411708e-03,8.200874082698723228e-03
7.307441163750000079e+00,4.139065948255546933e-03,7.893239797069273242e-03
7.309939434233333699e+00,4.138004788973336130e-03,7.585605511439824991e-03
7.312437704716666431e+00,4.136958210564196763e-03,7.277971225810486028e-03
7.314935975200000051e+00,4.135926199227583054e-03,6.970336940181037777e-03
7.317434245683333671e+00,4.134908741361166540e-03,6.662702654551589526e-03
7.319932516166666403e+00,4.133905823557824585e-03,6.355068368922249696e-03
7.322430786650000023e+00,4.132917432607779301e-03,6.047566893675369697e-03
7.324929057133333643e+00,4.131943555495392641e-03,5.740065418428489698e-03
7.327427327616666375e+00,4.130984179402222116e-03,5.432563943181718986e-03
7.329925598099999995e+00,4.130039291702853992e-03,5.125062467934838988e-03
7.332423868583333615e+00,4.129108879968389212e-03,4.817560992687958989e-03
7.334922139066666347e+00,4.128192931962855125e-03,4.510059517441188277e-03
7.337420409549999967e+00,4.127291435645190007e-03,4.202558042194308278e-03
7.339918680033333587e+00,4.126404379167084198e-03,3.895056566947428280e-03
7.342416950516666319e+00,4.125531750874515333e-03,3.587555091700657568e-03
7.344915220999999939e+00,4.124673539305281564e-03,3.280053616453777569e-03
7.347413491483333559e+00,4.123829733191097975e-03,3.053516187371039300e-03
7.349911761966666290e+00,4.123000321454798472e-03,2.826978758288381261e-03
7.352410032449999910e+00,4.122185293212400972e-03,2.600441329205642992e-03
7.354908302933333530e+00,4.121384637770565164e-03,2.373903900122904288e-03
7.357406573416666262e+00,4.120598344628228354e-03,2.147366471040246683e-03
7.359904843899999882e+00,4.119826403474914113e-03,1.920829041957508197e-03
7.362403114383333502e+00,4.119068804191740145e-03,1.694291612874769927e-03
7.364901384866667122e+00,4.118325536849404278e-03,1.467754183792031441e-03
7.367399655349999854e+00,4.117596591709812501e-03,1.241216754709373402e-03
7.369897925833333474e+00,4.116881959224097907e-03,1.014679325626635133e-03
7.372396196316667094e+00,4.116181630034242665e-03,9.132113930639607557e-04
7.374894466799999826e+00,4.115495594970418683e-03,8.117434605013225911e-04
7.377392737283333446e+00,4.114823845053236680e-03,7.102755279386481057e-04
7.379891007766667066e+00,4.114166371491196142e-03,6.088075953759738371e-04
7.382389278249999798e+00,4.113523165683032404e-03,5.073396628133355641e-04
7.384887548733333418e+00,4.112894219214329600e-03,4.058717302506611871e-04
7.387385819216667038e+00,4.112279523860521736e-03,3.044037976879869186e-04
7.389884089699999770e+00,4.111679071583717281e-03,2.029358651253486455e-04
7.392382360183333390e+00,4.111092854535485994e-03,1.014679325626742686e-04
7.394880630666667010e+00,4.110520865052980088e-03,0.000000000000000000e+00
7.397378901149999741e+00,4.109963095662748020e-03,0.000000000000000000e+00
7.399877171633333361e+00,4.109419539077279783e-03,0.000000000000000000e+00
7.402375442116666981e+00,4.108890188196745973e-03,0.000000000000000000e+00
7.404873712599999713e+00,4.108375036107519800e-03,0.000000000000000000e+00
7.407371983083333333e+00,4.107874076083776506e-03,0.000000000000000000e+00
7.409870253566666953e+00,4.107387301584323157e-03,0.000000000000000000e+00
7.412368524049999685e+00,4.106914706255976148e-03,0.000000000000000000e+00
7.414866794533333305e+00,4.106456283930421357e-03,0.000000000000000000e+00
7.417365065016666925e+00,4.106012028626347850e-03,0.000000000000000000e+00
7.419863335499999657e+00,4.105581934547043559e-03,0.000000000000000000e+00
7.422361605983333277e+00,4.105165996082357251e-03,0.000000000000000000e+00
7.424859876466666897e+00,4.104764207806710537e-03,0.000000000000000000e+00
7.427358146949999629e+00,4.104376564480902850e-03,0.000000000000000000e+00
7.429856417433333249e+00,4.104003061049685437e-03,0.000000000000000000e+00
7.432354687916666869e+00,4.103643692643952311e-03,0.000000000000000000e+00
7.434852958399999601e+00,4.103298454578311640e-03,0.000000000000000000e+00
7.437351228883333221e+00,4.102967342353217722e-03,0.000000000000000000e+00
7.439849499366666841e+00,4.102650351652570998e-03,0.000000000000000000e+00
7.442347769850000461e+00,4.102347478346564727e-03,0.000000000000000000e+00
7.444846040333333193e+00,4.102058718487533798e-03,0.000000000000000000e+00
7.447344310816666813e+00,4.101784068314165768e-03,0.000000000000000000e+00
7.449842581300000433e+00,4.101523524247347070e-03,0.000000000000000000e+00
7.452340851783333164e+00,4.101277082894614311e-03,0.000000000000000000e+00
7.454839122266666784e+00,4.101044741044166005e-03,0.000000000000000000e+00
7.457337392750000404e+00,4.100826495671494425e-03,0.000000000000000000e+00
7.459835663233333136e+00,4.100622343933056461e-03,0.000000000000000000e+00
7.462333933716666756e+00,4.100432283171004215e-03,0.000000000000000000e+00
7.464832204200000376e+00,4.100256310910402498e-03,0.000000000000000000e+00
7.467330474683333108e+00,4.100094424860122218e-03,0.000000000000000000e+00
7.469828745166666728e+00,4.099946622911705869e-03,0.000000000000000000e+00
7.472327015650000348e+00,4.099812903141569764e-03,1.238706303112193780e-05
7.474825286133333080e+00,4.099693263808508632e-03,2.477412606223947103e-05
7.477323556616666700e+00,4.099587703355473713e-03,3.716118909336141052e-05
7.479821827100000320e+00,4.099496220407740019e-03,4.954825212448334663e-05
7.482320097583333052e+00,4.099418813774857902e-03,6.193531515560088494e-05
7.484818368066666672e+00,4.099355482448934808e-03,7.432237818672282105e-05
7.487316638550000292e+00,4.099306225605941524e-03,8.670944121784475715e-05
7.489814909033333024e+00,4.099271042604642722e-03,9.909650424896228869e-05
7.492313179516666644e+00,4.099249932987014157e-03,1.114835672800842248e-04
