offset_GHz,folded_incident_density_per_GHz,nonparametric_recovery_per_GHz
-7.494811450000000264e+00,3.690716799169832876e-03,0.000000000000000000e+00
-7.492313179516666644e+00,3.690723144500029050e-03,0.000000000000000000e+00
-7.489814909033333024e+00,3.690742132216816816e-03,0.000000000000000000e+00
-7.487316638550000292e+00,3.690773810923678525e-03,0.000000000000000000e+00
-7.484818368066666672e+00,3.690818132676557464e-03,0.000000000000000000e+00
-7.482320097583333052e+00,3.690875146409212590e-03,0.000000000000000000e+00
-7.479821827100000320e+00,3.690944804505846312e-03,0.000000000000000000e+00
-7.477323556616666700e+00,3.691027156231559744e-03,0.000000000000000000e+00
-7.474825286133333080e+00,3.691122154300180511e-03,0.000000000000000000e+00
-7.472327015650000348e+00,3.691229848305839500e-03,0.000000000000000000e+00
-7.469828745166666728e+00,3.691350191292758903e-03,0.000000000000000000e+00
-7.467330474683333108e+00,3.691483233186234822e-03,0.000000000000000000e+00
-7.464832204200000376e+00,3.691628927358927680e-03,0.000000000000000000e+00
-7.462333933716666756e+00,3.691787324066941878e-03,0.000000000000000000e+00
-7.459835663233333136e+00,3.691958377013331970e-03,0.000000000000000000e+00
-7.457337392750000404e+00,3.692142136784775167e-03,0.000000000000000000e+00
-7.454839122266666784e+00,3.692338557414778701e-03,0.000000000000000000e+00
-7.452340851783333164e+00,3.692547689820887928e-03,0.000000000000000000e+00
-7.449842581300000433e+00,3.692769488366411806e-03,0.000000000000000000e+00
-7.447344310816666813e+00,3.693004004301067480e-03,0.000000000000000000e+00
-7.444846040333333193e+00,3.693251192318794396e-03,0.000000000000000000e+00
-7.442347769850000461e+00,3.693511104001007909e-03,0.000000000000000000e+00
-7.439849499366666841e+00,3.693783694371804375e-03,0.000000000000000000e+00
-7.437351228883333221e+00,3.694069015345718965e-03,0.000000000000000000e+00
-7.434852958399999601e+00,3.694367022277360996e-03,0.000000000000000000e+00
-7.432354687916666869e+00,3.694677767414858600e-03,0.000000000000000000e+00
-7.429856417433333249e+00,3.695001206442504425e-03,0.000000000000000000e+00
-7.427358146949999629e+00,3.695337391943798525e-03,0.000000000000000000e+00
-7.424859876466666897e+00,3.695686279934137178e-03,0.000000000000000000e+00
-7.422361605983333277e+00,3.696047923329905203e-03,0.000000000000000000e+00
-7.419863335499999657e+00,3.696422278479499432e-03,3.008301742519535425e-16
-7.417365065016666925e+00,3.696809398634081593e-03,8.461758675509273731e-04
-7.414866794533333305e+00,3.697209240473511242e-03,1.692351735101854746e-03
-7.412368524049999685e+00,3.697621857584795172e-03,2.538527602652781903e-03
-7.409870253566666953e+00,3.698047206980675967e-03,3.384703470203408518e-03
-7.407371983083333333e+00,3.698485342584004621e-03,4.230879337754335674e-03
-7.404873712599999713e+00,3.698936221741117546e-03,5.077055205305262831e-03
-7.402375442116666981e+00,3.699399898711186116e-03,5.923231072855889880e-03
-7.399877171633333361e+00,3.699876331173785390e-03,6.769406940406817036e-03
-7.397378901149999741e+00,3.700365573726774587e-03,7.615582807957744192e-03
-7.394880630666667010e+00,3.700867584383677345e-03,8.461758675508371241e-03
-7.392382360183333390e+00,3.701382418080571488e-03,9.413074787066773308e-03
-7.389884089699999770e+00,3.701910033165283984e-03,1.036439089862517711e-02
-7.387385819216667038e+00,3.702450484913647789e-03,1.131570701018324090e-02
-7.384887548733333418e+00,3.703003732008862230e-03,1.226702312174164471e-02
-7.382389278249999798e+00,3.703569830066871446e-03,1.321833923330004851e-02
-7.379891007766667066e+00,3.704148738107312239e-03,1.416965534485811230e-02
-7.377392737283333446e+00,3.704740512086832343e-03,1.512097145641651610e-02
-7.374894466799999826e+00,3.705345111361746293e-03,1.607228756797491817e-02
-7.372396196316667094e+00,3.705962592230588933e-03,1.702360367953298370e-02
-7.369897925833333474e+00,3.706592914387296656e-03,1.797491979109138577e-02
-7.367399655349999854e+00,3.707236134473955013e-03,1.808685180443165771e-02
-7.364901384866667122e+00,3.707892212522477440e-03,1.819878381777188803e-02
-7.362403114383333502e+00,3.708561205518734385e-03,1.831071583111215650e-02
-7.359904843899999882e+00,3.709243073833566520e-03,1.842264784445242845e-02
-7.357406573416666262e+00,3.709937874798051663e-03,1.853457985779270040e-02
-7.354908302933333530e+00,3.710645569123911455e-03,1.864651187113293071e-02
-7.352410032449999910e+00,3.711366214487669176e-03,1.875844388447320266e-02
-7.349911761966666290e+00,3.712099771941454289e-03,1.887037589781347113e-02
-7.347413491483333559e+00,3.712846299509840655e-03,1.898230791115370145e-02
-7.344915220999999939e+00,3.713605758586432416e-03,1.909423992449397339e-02
-7.342416950516666319e+00,3.714378207544328462e-03,1.823417096811190408e-02
-7.339918680033333587e+00,3.715163608120326724e-03,1.737410201173014007e-02
-7.337420409549999967e+00,3.715962019036881617e-03,1.651403305534807076e-02
-7.334922139066666347e+00,3.716773402374396428e-03,1.565396409896600144e-02
-7.332423868583333615e+00,3.717597817206280946e-03,1.479389514258423743e-02
-7.329925598099999995e+00,3.718435225958502746e-03,1.393382618620216812e-02
-7.327427327616666375e+00,3.719285688056077083e-03,1.307375722982009880e-02
-7.324929057133333643e+00,3.720149166271185907e-03,1.221368827343833480e-02
-7.322430786650000023e+00,3.721025720382527269e-03,1.135361931705626548e-02
-7.319932516166666403e+00,3.721915313508909490e-03,1.049355036067415974e-02
-7.317434245683333671e+00,3.722818005784488907e-03,9.525390688476180479e-03
-7.314935975200000051e+00,3.723733760676423664e-03,8.557231016277856012e-03
-7.312437704716666431e+00,3.724662638674860506e-03,7.589071344079533279e-03
-7.309939434233333699e+00,3.725604603596371217e-03,6.620911671881554023e-03
-7.307441163750000079e+00,3.726559716289167684e-03,5.652751999683229556e-03
-7.304942893266666459e+00,3.727527940920719388e-03,4.684592327484906824e-03
-7.302444622783333728e+00,3.728509338698486001e-03,3.716432655286927567e-03
-7.299946352300000108e+00,3.729503874141839974e-03,2.748272983088603967e-03
-7.297448081816666487e+00,3.730511608819447704e-03,1.780113310890280368e-03
-7.294949811333333756e+00,3.731532507603473221e-03,8.119536386923018696e-04
-7.292451540850000136e+00,3.732566632425269801e-03,7.307582748230630415e-04
-7.289953270366666516e+00,3.733613948512222534e-03,6.495629109538241051e-04
-7.287454999883333784e+00,3.734674518159259750e-03,5.683675470846141168e-04
-7.284956729400000164e+00,3.735748306950054023e-03,4.871721832153753430e-04
-7.282458458916666544e+00,3.736835377545302730e-03,4.059768193461364607e-04
-7.279960188433332924e+00,3.737935695886210156e-03,3.247814554768976326e-04
-7.277461917950000192e+00,3.739049325001256308e-03,2.435860916076876444e-04
-7.274963647466666572e+00,3.740176231190480392e-03,1.623907277384488163e-04
-7.272465376983332952e+00,3.741316477851656854e-03,8.119536386920987985e-05
-7.269967106500000220e+00,3.742470031645437050e-03,0.000000000000000000e+00
-7.267468836016666600e+00,3.743636956340518768e-03,0.000000000000000000e+00
-7.264970565533332980e+00,3.744817218960240675e-03,0.000000000000000000e+00
-7.262472295050000248e+00,3.746010883645704490e-03,0.000000000000000000e+00
-7.259974024566666628e+00,3.747217917784417644e-03,0.000000000000000000e+00
-7.257475754083333008e+00,3.748438385891960083e-03,0.000000000000000000e+00
-7.254977483600000276e+00,3.749672255721548005e-03,0.000000000000000000e+00
-7.252479213116666656e+00,3.750919592165223235e-03,0.000000000000000000e+00
-7.249980942633333036e+00,3.752180363343779468e-03,0.000000000000000000e+00
-7.247482672150000305e+00,3.753454634527883180e-03,0.000000000000000000e+00
-7.244984401666666685e+00,3.754742374207206169e-03,0.000000000000000000e+00
-7.242486131183333065e+00,3.756043648033057913e-03,0.000000000000000000e+00
-7.239987860700000333e+00,3.757358424865881764e-03,0.000000000000000000e+00
-7.237489590216666713e+00,3.758686770739645081e-03,0.000000000000000000e+00
-7.234991319733333093e+00,3.760028654887907253e-03,0.000000000000000000e+00
-7.232493049250000361e+00,3.761384143729183498e-03,0.000000000000000000e+00
-7.229994778766666741e+00,3.762753206871453752e-03,0.000000000000000000e+00
-7.227496508283333121e+00,3.764135911120393158e-03,0.000000000000000000e+00
-7.224998237800000389e+00,3.765532226460473458e-03,0.000000000000000000e+00
-7.222499967316666769e+00,3.766942220086422731e-03,0.000000000000000000e+00
-7.220001696833333149e+00,3.768365862361517781e-03,0.000000000000000000e+00
-7.217503426350000417e+00,3.769803220871467339e-03,0.000000000000000000e+00
-7.215005155866666797e+00,3.771254266360485243e-03,0.000000000000000000e+00
-7.212506885383333177e+00,3.772719066807598848e-03,0.000000000000000000e+00
-7.210008614900000445e+00,3.774197593340034192e-03,0.000000000000000000e+00
-7.207510344416666825e+00,3.775689914332717220e-03,0.000000000000000000e+00
-7.205012073933333205e+00,3.777196001297601375e-03,0.000000000000000000e+00
-7.202513803450000474e+00,3.778715923007792792e-03,0.000000000000000000e+00
-7.200015532966666854e+00,3.780249651362759152e-03,0.000000000000000000e+00
-7.197517262483333234e+00,3.781797255536038013e-03,0.000000000000000000e+00
-7.195018991999999614e+00,3.783358707816446200e-03,0.000000000000000000e+00
-7.192520721516666882e+00,3.784934077780619834e-03,0.000000000000000000e+00
-7.190022451033333262e+00,3.786523338108503840e-03,0.000000000000000000e+00
-7.187524180549999642e+00,3.788126558783504877e-03,0.000000000000000000e+00
-7.185025910066666910e+00,3.789743712879141066e-03,0.000000000000000000e+00
-7.182527639583333290e+00,3.791374870786507704e-03,0.000000000000000000e+00
-7.180029369099999670e+00,3.793020005976059303e-03,0.000000000000000000e+00
-7.177531098616666938e+00,3.794679189249527095e-03,0.000000000000000000e+00
-7.175032828133333318e+00,3.796352394476256581e-03,0.000000000000000000e+00
-7.172534557649999698e+00,3.798039692871387017e-03,0.000000000000000000e+00
-7.170036287166666966e+00,3.799741058705523658e-03,0.000000000000000000e+00
-7.167538016683333346e+00,3.801456563610221360e-03,0.000000000000000000e+00
-7.165039746199999726e+00,3.803186182259669663e-03,0.000000000000000000e+00
-7.162541475716666994e+00,3.804929986704711289e-03,0.000000000000000000e+00
-7.160043205233333374e+00,3.806687952025762049e-03,0.000000000000000000e+00
-7.157544934749999754e+00,3.808460150695543341e-03,0.000000000000000000e+00
-7.155046664266667023e+00,3.810246558203625889e-03,0.000000000000000000e+00
-7.152548393783333402e+00,3.812047247447191475e-03,0.000000000000000000e+00
-7.150050123299999782e+00,3.813862194327794202e-03,0.000000000000000000e+00
-7.147551852816667051e+00,3.815691472170317997e-03,0.000000000000000000e+00
-7.145053582333333431e+00,3.817535057290688191e-03,0.000000000000000000e+00
-7.142555311849999811e+00,3.819393023444468509e-03,0.000000000000000000e+00
-7.140057041366667079e+00,3.821265347364753619e-03,0.000000000000000000e+00
-7.137558770883333459e+00,3.823152103240926893e-03,0.000000000000000000e+00
-7.135060500399999839e+00,3.825053268226334506e-03,0.000000000000000000e+00
-7.132562229916667107e+00,3.826968916946906028e-03,0.000000000000000000e+00
-7.130063959433333487e+00,3.828899026979156080e-03,0.000000000000000000e+00
-7.127565688949999867e+00,3.830843673389085387e-03,0.000000000000000000e+00
-7.125067418466667135e+00,3.832802834179045454e-03,0.000000000000000000e+00
-7.122569147983333515e+00,3.834776584858231967e-03,0.000000000000000000e+00
-7.120070877499999895e+00,3.836764903858048189e-03,0.000000000000000000e+00
-7.117572607016666275e+00,3.838767867134189413e-03,0.000000000000000000e+00
-7.115074336533333543e+00,3.840785453550145129e-03,0.000000000000000000e+00
-7.112576066049999923e+00,3.842817739511237077e-03,0.000000000000000000e+00
-7.110077795566666303e+00,3.844864704316374674e-03,0.000000000000000000e+00
-7.107579525083333571e+00,3.846926424824060123e-03,0.000000000000000000e+00
-7.105081254599999951e+00,3.849002880771377512e-03,0.000000000000000000e+00
-7.102582984116666331e+00,3.851094149473639847e-03,0.000000000000000000e+00
-7.100084713633333600e+00,3.853200211109735363e-03,0.000000000000000000e+00
-7.097586443149999980e+00,3.855321143454735165e-03,0.000000000000000000e+00
-7.095088172666666360e+00,3.857456927132679216e-03,0.000000000000000000e+00
-7.092589902183333628e+00,3.859607640382412604e-03,0.000000000000000000e+00
-7.090091631700000008e+00,3.861773264276280315e-03,0.000000000000000000e+00
-7.087593361216666388e+00,3.863953877520425080e-03,0.000000000000000000e+00
-7.085095090733333656e+00,3.866149461638945968e-03,0.000000000000000000e+00
-7.082596820250000036e+00,3.868360095808934078e-03,0.000000000000000000e+00
-7.080098549766666416e+00,3.870585762010119672e-03,0.000000000000000000e+00
-7.077600279283333684e+00,3.872826539893920589e-03,0.000000000000000000e+00
-7.075102008800000064e+00,3.875082411898915329e-03,0.000000000000000000e+00
-7.072603738316666444e+00,3.877353458155522251e-03,0.000000000000000000e+00
-7.070105467833333712e+00,3.879639661564395544e-03,0.000000000000000000e+00
-7.067607197350000092e+00,3.881941102738374963e-03,0.000000000000000000e+00
-7.065108926866666472e+00,3.884257765044590513e-03,0.000000000000000000e+00
-7.062610656383333740e+00,3.886589729581934553e-03,0.000000000000000000e+00
-7.060112385900000120e+00,3.888936980187605516e-03,0.000000000000000000e+00
-7.057614115416666500e+00,3.891299598450974079e-03,0.000000000000000000e+00
-7.055115844933333769e+00,3.893677568682781757e-03,0.000000000000000000e+00
-7.052617574450000149e+00,3.896070972966946336e-03,0.000000000000000000e+00
-7.050119303966666529e+00,3.898479796091800387e-03,0.000000000000000000e+00
-7.047621033483333797e+00,3.900904120639891916e-03,0.000000000000000000e+00
-7.045122763000000177e+00,3.903343931881190360e-03,0.000000000000000000e+00
-7.042624492516666557e+00,3.905799312900840817e-03,0.000000000000000000e+00
-7.040126222033332937e+00,3.908270249454544841e-03,0.000000000000000000e+00
-7.037627951550000205e+00,3.910756825134645981e-03,0.000000000000000000e+00
-7.035129681066666585e+00,3.913259026186363503e-03,0.000000000000000000e+00
-7.032631410583332965e+00,3.915776936713333788e-03,0.000000000000000000e+00
-7.030133140100000233e+00,3.918310543455093796e-03,0.000000000000000000e+00
-7.027634869616666613e+00,3.920859931030726969e-03,0.000000000000000000e+00
-7.025136599133332993e+00,3.923425086678006268e-03,0.000000000000000000e+00
-7.022638328650000261e+00,3.926006095536292533e-03,0.000000000000000000e+00
-7.020140058166666641e+00,3.928602945345897705e-03,0.000000000000000000e+00
-7.017641787683333021e+00,3.931215721771000662e-03,5.789662106554601837e-04
-7.015143517200000289e+00,3.933844413058450000e-03,1.157932421310714369e-03
-7.012645246716666669e+00,3.936489105402227358e-03,1.736898631966174661e-03
-7.010146976233333049e+00,3.939149787560355769e-03,2.315864842621634737e-03
-7.007648705750000317e+00,3.941826546261144662e-03,2.894831053276889030e-03
-7.005150435266666697e+00,3.944519370778259287e-03,3.473797263932349322e-03
-7.002652164783333077e+00,3.947228348378853217e-03,4.052763474587809181e-03
-7.000153894300000346e+00,3.949953468857291504e-03,4.631729685243063908e-03
-6.997655623816666726e+00,3.952694820024698838e-03,5.210695895898524201e-03
-6.995157353333333106e+00,3.955452392200059682e-03,5.789662106554071229e-03
-6.992659082850000374e+00,3.958226273743319264e-03,6.613984354154958667e-03
-6.990160812366666754e+00,3.961016455503789564e-03,7.438306601756140141e-03
-6.987662541883333134e+00,3.963823026394906225e-03,8.262628849357321614e-03
-6.985164271400000402e+00,3.966645977800433917e-03,9.086951096958208185e-03
-6.982666000916666782e+00,3.969485399193185479e-03,9.911273344559682827e-03
-6.980167730433333162e+00,3.972341282496437594e-03,1.073559559216057113e-02
-6.977669459950000430e+00,3.975213717746868894e-03,1.155991783976145770e-02
-6.975171189466666810e+00,3.978102697412296170e-03,1.238424008736234774e-02
-6.972672918983333190e+00,3.981008312099056957e-03,1.320856233496382065e-02
-6.970174648500000458e+00,3.983930554824531046e-03,1.403288458256470722e-02
-6.967676378016666838e+00,3.986869516769585113e-03,1.436452183217827409e-02
-6.965178107533333218e+00,3.989825191506689642e-03,1.469615908179160331e-02
-6.962679837049999598e+00,3.992797670796722175e-03,1.502779633140493426e-02
-6.960181566566666866e+00,3.995786948772076831e-03,1.535943358101826348e-02
-6.957683296083333246e+00,3.998793117779650234e-03,1.569107083063182861e-02
-6.955185025599999626e+00,4.001816172516891451e-03,1.602270808024539722e-02
-6.952686755116666895e+00,4.004856205922158879e-03,1.635434532985872644e-02
-6.950188484633333275e+00,4.007913213263878012e-03,1.668598257947205565e-02
-6.947690214149999655e+00,4.010987288077149521e-03,1.701761982908538834e-02
-6.945191943666666923e+00,4.014078426206706129e-03,1.734925707869871755e-02
-6.942693673183333303e+00,4.017186721790300119e-03,1.693316746343566381e-02
-6.940195402699999683e+00,4.020312171255056855e-03,1.651707784817261354e-02
-6.937697132216666951e+00,4.023454869346913126e-03,1.610098823290985470e-02
-6.935198861733333331e+00,4.026614813080635347e-03,1.568489861764709933e-02
-6.932700591249999711e+00,4.029792097817046920e-03,1.526880900238434223e-02
-6.930202320766666979e+00,4.032986721164069990e-03,1.485271938712158513e-02
-6.927704050283333359e+00,4.036198779103271871e-03,1.443662977185853312e-02
-6.925205779799999739e+00,4.039428269841865288e-03,1.402054015659548111e-02
-6.922707509316667007e+00,4.042675289987958040e-03,1.360445054133272401e-02
-6.920209238833333387e+00,4.045939838354379106e-03,1.318836092606996691e-02
-6.917710968349999767e+00,4.049222012182045194e-03,1.239992117036604370e-02
-6.915212697866667035e+00,4.052521810895189439e-03,1.161148141466212050e-02
-6.912714427383333415e+00,4.055839332374118998e-03,1.082304165895763698e-02
-6.910216156899999795e+00,4.059174576660605147e-03,1.003460190325315519e-02
-6.907717886416667064e+00,4.062527642280523710e-03,9.246162147549231991e-03
-6.905219615933333444e+00,4.065898529899469871e-03,8.457722391845308788e-03
-6.902721345449999824e+00,4.069287338696039522e-03,7.669282636141386451e-03
-6.900223074966667092e+00,4.072694069965700735e-03,6.880842880437463248e-03
-6.897724804483333472e+00,4.076118823545982379e-03,6.092403124732980596e-03
-6.895226533999999852e+00,4.079561601368883288e-03,5.303963369028497077e-03
-6.892728263516667120e+00,4.083022503937698382e-03,4.773567032125722483e-03
-6.890229993033333500e+00,4.086501533827864054e-03,4.243170695222948756e-03
-6.887731722549999880e+00,4.089998792215150322e-03,3.712774358320174162e-03
-6.885233452066666260e+00,4.093514282324766350e-03,3.182378021417023133e-03
-6.882735181583333528e+00,4.097048106011956861e-03,2.651981684514248538e-03
-6.880236911099999908e+00,4.100600267158638346e-03,2.121585347611097076e-03
-6.877738640616666288e+00,4.104170868306835154e-03,1.591189010708322915e-03
-6.875240370133333556e+00,4.107759914001686725e-03,1.060792673805549188e-03
-6.872742099649999936e+00,4.111367507479020932e-03,5.303963369027745942e-04
-6.870243829166666316e+00,4.114993653954910138e-03,0.000000000000000000e+00
-6.867745558683333584e+00,4.118638457365991420e-03,0.000000000000000000e+00
-6.865247288199999964e+00,4.122301923605696354e-03,0.000000000000000000e+00
-6.862749017716666344e+00,4.125984157319369412e-03,0.000000000000000000e+00
-6.860250747233333612e+00,4.129685165085573810e-03,0.000000000000000000e+00
-6.857752476749999992e+00,4.133405052265348885e-03,0.000000000000000000e+00
-6.855254206266666372e+00,4.137143826129332722e-03,0.000000000000000000e+00
-6.852755935783333641e+00,4.140901592762460427e-03,0.000000000000000000e+00
-6.850257665300000021e+00,4.144678360135016157e-03,0.000000000000000000e+00
-6.847759394816666401e+00,4.148474235063076727e-03,0.000000000000000000e+00
-6.845261124333333669e+00,4.152289226224394232e-03,0.000000000000000000e+00
-6.842762853850000049e+00,4.156123441174120088e-03,0.000000000000000000e+00
-6.840264583366666429e+00,4.159976889305027313e-03,0.000000000000000000e+00
-6.837766312883333697e+00,4.163849678919527217e-03,0.000000000000000000e+00
-6.835268042400000077e+00,4.167741820133335356e-03,0.000000000000000000e+00
-6.832769771916666457e+00,4.171653422003556225e-03,0.000000000000000000e+00
-6.830271501433333725e+00,4.175584495376929994e-03,0.000000000000000000e+00
-6.827773230950000105e+00,4.179535150074494346e-03,0.000000000000000000e+00
-6.825274960466666485e+00,4.183505397681373632e-03,0.000000000000000000e+00
-6.822776689983333753e+00,4.187495348790648553e-03,0.000000000000000000e+00
-6.820278419500000133e+00,4.191505015734522076e-03,0.000000000000000000e+00
-6.817780149016666513e+00,4.195534509886367398e-03,0.000000000000000000e+00
-6.815281878533333781e+00,4.199583844333599353e-03,0.000000000000000000e+00
-6.812783608050000161e+00,4.203653131238931952e-03,0.000000000000000000e+00
-6.810285337566666541e+00,4.207742384453426118e-03,0.000000000000000000e+00
-6.807787067083332921e+00,4.211851716937414780e-03,0.000000000000000000e+00
-6.805288796600000190e+00,4.215981143314632452e-03,0.000000000000000000e+00
-6.802790526116666570e+00,4.220130777351849445e-03,0.000000000000000000e+00
-6.800292255633332950e+00,4.224300634454105849e-03,0.000000000000000000e+00
-6.797793985150000218e+00,4.228490829204080079e-03,0.000000000000000000e+00
-6.795295714666666598e+00,4.232701377796339523e-03,0.000000000000000000e+00
-6.792797444183332978e+00,4.236932395638610960e-03,4.879126771526882516e-05
-6.790299173700000246e+00,4.241183899724776385e-03,9.758253543050295585e-05
-6.787800903216666626e+00,4.245456006296536092e-03,1.463738031457370798e-04
-6.785302632733333006e+00,4.249748733155824486e-03,1.951650708609712172e-04
-6.782804362250000274e+00,4.254062197388119165e-03,2.439563385762053547e-04
-6.780306091766666654e+00,4.258396417613074560e-03,2.927476062914741595e-04
-6.777807821283333034e+00,4.262751511769189046e-03,3.415388740067430186e-04
-6.775309550800000302e+00,4.267127499302914018e-03,3.903301417219771289e-04
-6.772811280316666682e+00,4.271524499016185646e-03,4.391214094372112935e-04
-6.770313009833333062e+00,4.275942531191648417e-03,4.879126771524454039e-04
-6.767814739350000330e+00,4.280381715504236358e-03,8.458826758483524921e-04
-6.765316468866666710e+00,4.284842073083148552e-03,1.203852674544514043e-03
-6.762818198383333090e+00,4.289323724485762448e-03,1.561822673240675918e-03
-6.760319927900000359e+00,4.293826691698067466e-03,1.919792671936582790e-03
-6.757821657416666739e+00,4.298351096170532210e-03,2.277762670632490095e-03
-6.755323386933333119e+00,4.302896960754963931e-03,2.635732669328396966e-03
-6.752825116450000387e+00,4.307464407805953500e-03,2.993702668024303837e-03
-6.750326845966666767e+00,4.312053461051778940e-03,3.351672666720465713e-03
-6.747828575483333147e+00,4.316664243760951966e-03,3.709642665416627155e-03
-6.745330305000000415e+00,4.321296780548493539e-03,4.067612664112534027e-03
-6.742832034516666795e+00,4.325951195608121469e-03,4.478676612635123198e-03
-6.740333764033333175e+00,4.330627514452220495e-03,4.889740561157713238e-03
-6.737835493550000443e+00,4.335325862210134135e-03,5.300804509680302409e-03
-6.735337223066666823e+00,4.340046265302475482e-03,5.711868458203183882e-03
-6.732838952583333203e+00,4.344788849805263087e-03,6.122932406726065355e-03
-6.730340682100000471e+00,4.349553643058177814e-03,6.533996355248655394e-03
-6.727842411616666851e+00,4.354340772095458695e-03,6.945060303771244566e-03
-6.725344141133333231e+00,4.359150265186879404e-03,7.356124252293833737e-03
-6.722845870649999611e+00,4.363982250335733670e-03,7.767188200816716077e-03
-6.720347600166666879e+00,4.368836756753485470e-03,8.178252149339305249e-03
-6.717849329683333259e+00,4.373713913424225573e-03,8.317094518083930493e-03
-6.715351059199999639e+00,4.378613750512388297e-03,8.455936886828458593e-03
-6.712852788716666907e+00,4.383536397994720890e-03,8.594779255572984958e-03
-6.710354518233333287e+00,4.388481887000059839e-03,8.733621624317511323e-03
-6.707856247749999667e+00,4.393450348509968413e-03,8.872463993062136567e-03
-6.705357977266666936e+00,4.398441814628952298e-03,9.011306361806664667e-03
-6.702859706783333316e+00,4.403456417355904214e-03,9.150148730551289911e-03
-6.700361436299999696e+00,4.408494189783467368e-03,9.288991099295816276e-03
-6.697863165816666964e+00,4.413555264939508262e-03,9.427833468040344375e-03
-6.695364895333333344e+00,4.418639676917093806e-03,9.566675836784870740e-03
-6.692866624849999724e+00,4.423747559785785877e-03,9.331997078425928807e-03
-6.690368354366666992e+00,4.428878948651408971e-03,9.097318320067155142e-03
-6.687870083883333372e+00,4.434033978637676524e-03,8.862639561708213209e-03
-6.685371813399999752e+00,4.439212685875944253e-03,8.627960803349439545e-03
-6.682873542916667020e+00,4.444415206557003443e-03,8.393282044990664145e-03
-6.680375272433333400e+00,4.449641577850448754e-03,8.158603286631890480e-03
-6.677877001949999780e+00,4.454891937027645465e-03,7.923924528272948548e-03
-6.675378731466667048e+00,4.460166322308930197e-03,7.689245769914174015e-03
-6.672880460983333428e+00,4.465464872059384492e-03,7.454567011555232950e-03
-6.670382190499999808e+00,4.470787625563935226e-03,7.219888253196458418e-03
-6.667883920016667076e+00,4.476134722294645638e-03,6.797031853096100092e-03
-6.665385649533333456e+00,4.481506202614166448e-03,6.374175452995741765e-03
-6.662887379049999836e+00,4.486902207115727424e-03,5.951319052895082465e-03
-6.660389108566667105e+00,4.492322777253172396e-03,5.528462652794724139e-03
-6.657890838083333485e+00,4.497768054754688709e-03,5.105606252694063971e-03
-6.655392567599999865e+00,4.503238082179224916e-03,4.682749852593705644e-03
-6.652894297116667133e+00,4.508733002404306800e-03,4.259893452493347318e-03
-6.650396026633333513e+00,4.514252859108203696e-03,3.837037052392988992e-03
-6.647897756149999893e+00,4.519797796331745214e-03,3.414180652292330125e-03
-6.645399485666666273e+00,4.525367858886863298e-03,2.991324252191761898e-03
-6.642901215183333541e+00,4.530963191992600468e-03,2.696757974143175127e-03
-6.640402944699999921e+00,4.536583841609018869e-03,2.402191696094588356e-03
-6.637904674216666301e+00,4.542229954148332451e-03,2.107625418046001585e-03
-6.635406403733333569e+00,4.547901576733397178e-03,1.813059139997414597e-03
-6.632908133249999949e+00,4.553598856984762515e-03,1.518492861948618359e-03
-6.630409862766666329e+00,4.559321843203066257e-03,1.223926583899821903e-03
-6.627911592283333597e+00,4.565070684232491911e-03,9.293603058512351321e-04
-6.625413321799999977e+00,4.570845429566745485e-03,6.347940278026483613e-04
-6.622915051316666357e+00,4.576646229289337703e-03,3.402277497540615904e-04
-6.620416780833333625e+00,4.582473134102654430e-03,4.566147170547502960e-05
-6.617918510350000005e+00,4.588326295345267550e-03,4.109532453492557711e-05
-6.615420239866666385e+00,4.594205764943944635e-03,3.652917736437613140e-05
-6.612921969383333654e+00,4.600111695508551403e-03,3.196303019382992473e-05
-6.610423698900000034e+00,4.606044140206350980e-03,2.739688302328372146e-05
-6.607925428416666414e+00,4.612003252934585538e-03,2.283073585273751480e-05
-6.605427157933333682e+00,4.617989088117300210e-03,1.826458868219131153e-05
-6.602928887450000062e+00,4.624001800956236211e-03,1.369844151164185904e-05
-6.600430616966666442e+00,4.630041447148581721e-03,9.132294341092413322e-06
-6.597932346483333710e+00,4.636108183217119323e-03,4.566147170546206661e-06
-6.595434076000000090e+00,4.642202066149249060e-03,0.000000000000000000e+00
-6.592935805516666470e+00,4.648323253806509875e-03,0.000000000000000000e+00
-6.590437535033333738e+00,4.654471804483140129e-03,0.000000000000000000e+00
-6.587939264550000118e+00,4.660647877396452768e-03,0.000000000000000000e+00
-6.585440994066666498e+00,4.666851532165090279e-03,0.000000000000000000e+00
-6.582942723583333766e+00,4.673082929380460888e-03,0.000000000000000000e+00
-6.580444453100000146e+00,4.679342130003659277e-03,0.000000000000000000e+00
-6.577946182616666526e+00,4.685629296017356643e-03,0.000000000000000000e+00
-6.575447912133333794e+00,4.691944489742929346e-03,0.000000000000000000e+00
-6.572949641650000174e+00,4.698287874573274688e-03,0.000000000000000000e+00
-6.570451371166666554e+00,4.704659514208149075e-03,0.000000000000000000e+00
-6.567953100683332934e+00,4.711059573469198423e-03,0.000000000000000000e+00
-6.565454830200000202e+00,4.717488117453098179e-03,0.000000000000000000e+00
-6.562956559716666582e+00,4.723945312429429777e-03,0.000000000000000000e+00
-6.560458289233332962e+00,4.730431224910798538e-03,0.000000000000000000e+00
-6.557960018750000231e+00,4.736946022633539699e-03,0.000000000000000000e+00
-6.555461748266666611e+00,4.743489773545373628e-03,0.000000000000000000e+00
-6.552963477783332991e+00,4.750062646869493074e-03,0.000000000000000000e+00
-6.550465207300000259e+00,4.756664712007985414e-03,0.000000000000000000e+00
-6.547966936816666639e+00,4.763296139690583082e-03,0.000000000000000000e+00
-6.545468666333333019e+00,4.769957000793929175e-03,1.156648549486126673e-16
-6.542970395850000287e+00,4.776647467574416869e-03,1.626711968383831597e-04
-6.540472125366666667e+00,4.783367612403403336e-03,3.253423936767663193e-04
-6.537973854883333047e+00,4.790117609084659431e-03,4.880135905150338759e-04
-6.535475584400000315e+00,4.796897531504504958e-03,6.506847873533013783e-04
-6.532977313916666695e+00,4.803707555034961510e-03,8.133559841915688265e-04
-6.530479043433333075e+00,4.810547755098752709e-03,9.760271810299520675e-04
-6.527980772950000343e+00,4.817418308657113284e-03,1.138698377868219624e-03
-6.525482502466666723e+00,4.824319292689808678e-03,1.301369574706602757e-03
-6.522984231983333103e+00,4.831250885769655147e-03,1.464040771544870313e-03
-6.520485961500000371e+00,4.838213166454947110e-03,1.626711968383137653e-03
-6.517987691016666751e+00,4.845206314951922520e-03,2.051907568918338604e-03
-6.515489420533333131e+00,4.852230411419304786e-03,2.477103169453841614e-03
-6.512991150050000400e+00,4.859285637719002252e-03,2.902298769989042349e-03
-6.510492879566666780e+00,4.866372075632939033e-03,3.327494370524545792e-03
-6.507994609083333160e+00,4.873489908700944298e-03,3.752689971059746527e-03
-6.505496338600000428e+00,4.880639220350755855e-03,4.177885571594947695e-03
-6.502998068116666808e+00,4.887820195823872060e-03,4.603081172130148863e-03
-6.500499797633333188e+00,4.895032920216584905e-03,5.028276772665651873e-03
-6.498001527150000456e+00,4.902277580495457282e-03,5.453472373200853041e-03
-6.495503256666666836e+00,4.909554263448761072e-03,5.878667973736356051e-03
-6.493004986183333216e+00,4.916863157792230286e-03,6.369154192775297596e-03
-6.490506715699999596e+00,4.924204352030109658e-03,6.859640411814240009e-03
-6.488008445216666864e+00,4.931578036651061356e-03,7.350126630853181554e-03
-6.485510174733333244e+00,4.938984301899996751e-03,7.840612849892472647e-03
-6.483011904249999624e+00,4.946423340063514813e-03,8.331099068931762872e-03
-6.480513633766666892e+00,4.953895243151374729e-03,8.821585287970704417e-03
-6.478015363283333272e+00,4.961400205273257084e-03,9.312071507009645963e-03
-6.475517092799999652e+00,4.968938320229369064e-03,9.802557726048589243e-03
-6.473018822316666920e+00,4.976509783977692281e-03,1.029304394508753079e-02
-6.470520551833333300e+00,4.984114692134161174e-03,1.078353016412682101e-02
-6.468022281349999680e+00,4.991753242531822565e-03,1.108308905596217496e-02
-6.465524010866666949e+00,4.999425532627840320e-03,1.138264794779731727e-02
-6.463025740383333329e+00,5.007131762156604923e-03,1.168220683963245785e-02
-6.460527469899999709e+00,5.014872030443489823e-03,1.198176573146760016e-02
-6.458029199416666977e+00,5.022646539150831153e-03,1.228132462330274247e-02
-6.455530928933333357e+00,5.030455389499035104e-03,1.258088351513809641e-02
-6.453032658449999737e+00,5.038298785105873624e-03,1.288044240697345036e-02
-6.450534387966667005e+00,5.046176829114287950e-03,1.318000129880859267e-02
-6.448036117483333385e+00,5.054089727125150346e-03,1.347956019064373498e-02
-6.445537846999999765e+00,5.062037584231540883e-03,1.377911908247887555e-02
-6.443039576516667033e+00,5.070020608046296208e-03,1.374550474641274798e-02
-6.440541306033333413e+00,5.078038905640978873e-03,1.371189041034659786e-02
-6.438043035549999793e+00,5.086092686668705794e-03,1.367827607428044601e-02
-6.435544765066667061e+00,5.094182060208455459e-03,1.364466173821431844e-02
-6.433046494583333441e+00,5.102307237983261072e-03,1.361104740214819087e-02
-6.430548224099999821e+00,5.110468331108745411e-03,1.357743306608206503e-02
-6.428049953616667089e+00,5.118665553407397706e-03,1.354381873001593746e-02
-6.425551683133333469e+00,5.126899018061520028e-03,1.351020439394978560e-02
-6.423053412649999849e+00,5.135168941023626928e-03,1.347659005788363548e-02
-6.420555142166667117e+00,5.143475437572909113e-03,1.344297572181750791e-02
-6.418056871683333497e+00,5.151818725822710811e-03,1.311454380522157973e-02
-6.415558601199999877e+00,5.160198923180002450e-03,1.278611188862565154e-02
-6.413060330716666257e+00,5.168616249950495206e-03,1.245767997202948917e-02
-6.410562060233333526e+00,5.177070825700394972e-03,1.212924805543356098e-02
-6.408063789749999906e+00,5.185562872959494085e-03,1.180081613883739861e-02
-6.405565519266666286e+00,5.194092513485445983e-03,1.147238422224147042e-02
-6.403067248783333554e+00,5.202659972064993706e-03,1.114395230564554050e-02
-6.400568978299999934e+00,5.211265372679291588e-03,1.081552038904961231e-02
-6.398070707816666314e+00,5.219908942405246388e-03,1.048708847245344994e-02
-6.395572437333333582e+00,5.228590807480837377e-03,1.015865655585752175e-02
-6.393074166849999962e+00,5.237311197306733154e-03,9.715832360507145604e-03
-6.390575896366666342e+00,5.246070240411617076e-03,9.273008165157085175e-03
-6.388077625883333610e+00,5.254868168553769245e-03,8.830183969807024746e-03
-6.385579355399999990e+00,5.263705112587110241e-03,8.387359774456964318e-03
-6.383081084916666370e+00,5.272581306663227940e-03,7.944535579106589904e-03
-6.380582814433333638e+00,5.281496883995459406e-03,7.501711383756529475e-03
-6.378084543950000018e+00,5.290452081163746038e-03,7.058887188406153326e-03
-6.375586273466666398e+00,5.299447033777491753e-03,6.616062993056092897e-03
-6.373088002983333666e+00,5.308481980880824791e-03,6.173238797706032469e-03
-6.370589732500000046e+00,5.317557060515042296e-03,5.730414602355972040e-03
-6.368091462016666426e+00,5.326672514225446256e-03,5.390014997576433181e-03
-6.365593191533333695e+00,5.335828482522198338e-03,5.049615392797136317e-03
-6.363094921050000075e+00,5.345025209489562626e-03,4.709215788017597458e-03
-6.360596650566666455e+00,5.354262838143405631e-03,4.368816183238300593e-03
-6.358098380083333723e+00,5.363541615145370721e-03,4.028416578459003729e-03
-6.355600109600000103e+00,5.372861686055879250e-03,3.688016973679706864e-03
-6.353101839116666483e+00,5.382223300152272176e-03,3.347617368900167572e-03
-6.350603568633333751e+00,5.391626605577908189e-03,3.007217764120870707e-03
-6.348105298150000131e+00,5.401071854265569218e-03,2.666818159341331849e-03
-6.345607027666666511e+00,5.410559196982008510e-03,2.326418554562034984e-03
-6.343108757183333779e+00,5.420088888355315514e-03,2.227571658172873212e-03
-6.340610486700000159e+00,5.429661081815513254e-03,2.128724761783711440e-03
-6.338112216216666539e+00,5.439276034727291188e-03,2.029877865394478977e-03
-6.335613945733332919e+00,5.448933903225048996e-03,1.931030969005246949e-03
-6.333115675250000187e+00,5.458634947451755474e-03,1.832184072616085176e-03
-6.330617404766666567e+00,5.468379326288083132e-03,1.733337176226923187e-03
-6.328119134283332947e+00,5.478167302697571801e-03,1.634490279837761198e-03
-6.325620863800000215e+00,5.487999038349772492e-03,1.535643383448599426e-03
-6.323122593316666595e+00,5.497874799072491152e-03,1.436796487059367397e-03
-6.320624322833332975e+00,5.507794749367294664e-03,1.337949590670303637e-03
-6.318126052350000244e+00,5.517759157969932826e-03,1.476190658614302906e-03
-6.315627781866666624e+00,5.527768192258384304e-03,1.614431726558301959e-03
-6.313129511383333003e+00,5.537822123921641582e-03,1.752672794502301229e-03
-6.310631240900000272e+00,5.547921123258722602e-03,1.890913862446300282e-03
-6.308132970416666652e+00,5.558065464957123204e-03,2.029154930390397564e-03
-6.305634699933333032e+00,5.568255322283404210e-03,2.167395998334495279e-03
-6.303136429450000300e+00,5.578490972970146476e-03,2.305637066278494549e-03
-6.300638158966666680e+00,5.588772593297773421e-03,2.443878134222493385e-03
-6.298139888483333060e+00,5.599100464091282849e-03,2.582119202166492655e-03
-6.295641618000000328e+00,5.609474764692706436e-03,2.720360270110491925e-03
-6.293143347516666708e+00,5.619895779067760576e-03,2.960903999443202216e-03
-6.290645077033333088e+00,5.630363689668418069e-03,3.201447728775912507e-03
-6.288146806550000356e+00,5.640878783650288102e-03,3.441991458108451928e-03
-6.285648536066666736e+00,5.651441246624645288e-03,3.682535187440991349e-03
-6.283150265583333116e+00,5.662051368987204049e-03,3.923078916773530336e-03
-6.280651995100000384e+00,5.672709339558664778e-03,4.163622646106070191e-03
-6.278153724616666764e+00,5.683415452025873150e-03,4.404166375438780048e-03
-6.275655454133333144e+00,5.694169898470096726e-03,4.644710104771490773e-03
-6.273157183650000412e+00,5.704972975921500725e-03,4.885253834104029760e-03
-6.270658913166666792e+00,5.715824879774267751e-03,5.125797563436569615e-03
-6.268160642683333172e+00,5.726725910454304180e-03,5.287006735036516372e-03
-6.265662372200000441e+00,5.737676266722040869e-03,5.448215906636463997e-03
-6.263164101716666821e+00,5.748676252453315504e-03,5.609425078236525246e-03
-6.260665831233333201e+00,5.759726069828855106e-03,5.770634249836587362e-03
-6.258167560750000469e+00,5.770826026229571200e-03,5.931843421436534119e-03
-6.255669290266666849e+00,5.781976327311443876e-03,6.093052593036481744e-03
-6.253171019783333229e+00,5.793177284016326131e-03,6.254261764636428501e-03
-6.250672749299999609e+00,5.804429105532096789e-03,6.415470936236490618e-03
-6.248174478816666877e+00,5.815732106418407613e-03,6.576680107836437375e-03
-6.245676208333333257e+00,5.827086499452393056e-03,6.737889279436499491e-03
-6.243177937849999637e+00,5.838492602869890975e-03,6.699306369294077447e-03
-6.240679667366666905e+00,5.849950633095337034e-03,6.660723459151654535e-03
-6.238181396883333285e+00,5.861460912100195479e-03,6.622140549009232491e-03
-6.235683126399999665e+00,5.873023660015929716e-03,6.583557638866782691e-03
-6.233184855916666933e+00,5.884639202609637069e-03,6.544974728724360646e-03
-6.230686585433333313e+00,5.896307763780936871e-03,6.506391818581910846e-03
-6.228188314949999693e+00,5.908029673153923633e-03,6.467808908439487935e-03
-6.225690044466666961e+00,5.919805158457950960e-03,6.429225998297065890e-03
-6.223191773983333341e+00,5.931634553237421018e-03,6.390643088154642978e-03
-6.220693503499999721e+00,5.943518089114282858e-03,6.352060178012060472e-03
-6.218195233016666990e+00,5.955456103617058974e-03,6.126867835741156218e-03
-6.215696962533333370e+00,5.967448832324674657e-03,5.901675493470090635e-03
-6.213198692049999750e+00,5.979496616814949754e-03,5.676483151199185513e-03
-6.210700421566667018e+00,5.991599696689130228e-03,5.451290808928280392e-03
-6.208202151083333398e+00,6.003758417641064625e-03,5.226098466657376138e-03
-6.205703880599999778e+00,6.015973023361168882e-03,5.000906124386310554e-03
-6.203205610116667046e+00,6.028243863726840020e-03,4.775713782115405433e-03
-6.200707339633333426e+00,6.040571186586181189e-03,4.550521439844340717e-03
-6.198209069149999806e+00,6.052955346068692420e-03,4.325329097573435595e-03
-6.195710798666667074e+00,6.065396594249652766e-03,4.100136755302530474e-03
-6.193212528183333454e+00,6.077895289581538261e-03,3.828647812645781523e-03
-6.190714257699999834e+00,6.090451688437375014e-03,3.557158869988839150e-03
-6.188215987216667102e+00,6.103066153664370164e-03,3.285669927332090200e-03
-6.185717716733333482e+00,6.115738946005542034e-03,3.014180984675147827e-03
-6.183219446249999862e+00,6.128470432776011653e-03,2.742692042018398876e-03
-6.180721175766667130e+00,6.141260879162412957e-03,2.471203099361649492e-03
-6.178222905283333510e+00,6.154110657022728720e-03,2.199714156704900107e-03
-6.175724634799999890e+00,6.167020036061934309e-03,1.928225214047958169e-03
-6.173226364316666270e+00,6.179989392756848193e-03,1.656736271391015796e-03
-6.170728093833333538e+00,6.193019001408141960e-03,1.385247328734266845e-03
-6.168229823349999918e+00,6.206109243188580836e-03,1.246722595860869781e-03
-6.165731552866666298e+00,6.219260397072293341e-03,1.108197862987472500e-03
-6.163233282383333567e+00,6.232472849007758380e-03,9.696731301140754360e-04
-6.160735011899999947e+00,6.245746882722284961e-03,8.311483972405798179e-04
-6.158236741416666327e+00,6.259082889020588930e-03,6.926236643670841998e-04
-6.155738470933333595e+00,6.272481156464130604e-03,5.540989314936870273e-04
-6.153240200449999975e+00,6.285942080796531883e-03,4.155741986202898548e-04
-6.150741929966666355e+00,6.299465955496704080e-03,2.770494657468927906e-04
-6.148243659483333623e+00,6.313053181330574581e-03,1.385247328734955097e-04
-6.145745389000000003e+00,6.326704056779070863e-03,0.000000000000000000e+00
-6.143247118516666383e+00,6.340418987716689263e-03,8.393037984853950835e-05
-6.140748848033333651e+00,6.354198277712493764e-03,1.678607596970193314e-04
-6.138250577550000031e+00,6.368042337836548640e-03,2.517911395454991408e-04
-6.135752307066666411e+00,6.381951476834246857e-03,3.357215193939789774e-04
-6.133254036583333679e+00,6.395926111060801743e-03,4.196518992424588140e-04
-6.130755766100000059e+00,6.409966554527456520e-03,5.035822790909982817e-04
-6.128257495616666439e+00,6.424073228965475682e-03,5.875126589395378036e-04
-6.125759225133333707e+00,6.438246453743711774e-03,6.714430387880175859e-04
-6.123260954650000087e+00,6.452486656062428674e-03,7.553734186364974767e-04
-6.120762684166666467e+00,6.466794160741564691e-03,8.393037984849773675e-04
-6.118264413683333736e+00,6.481169400545131083e-03,1.245260514487871563e-03
-6.115766143200000116e+00,6.495612705839216502e-03,1.651217230491054590e-03
-6.113267872716666496e+00,6.510124515048700683e-03,2.057173946494237401e-03
-6.110769602233333764e+00,6.524705164183719139e-03,2.463130662497131813e-03
-6.108271331750000144e+00,6.539355097427601744e-03,2.869087378500025792e-03
-6.105773061266666524e+00,6.554074656533955684e-03,3.275044094502920205e-03
-6.103274790783333792e+00,6.568864291546083929e-03,3.681000810505814184e-03
-6.100776520300000172e+00,6.583724350062329818e-03,4.086957526508996560e-03
-6.098278249816666552e+00,6.598655288088245245e-03,4.492914242512180238e-03
-6.095779979333332932e+00,6.613657459170682595e-03,4.898870958515074217e-03
-6.093281708850000200e+00,6.628731325382512286e-03,5.507888554491322496e-03
-6.090783438366666580e+00,6.643877246324571273e-03,6.116906150467570774e-03
-6.088285167883332960e+00,6.659095690244251804e-03,6.725923746444252734e-03
-6.085786897400000228e+00,6.674387022904226634e-03,7.334941342420501012e-03
-6.083288626916666608e+00,6.689751718835677471e-03,7.943958938397182104e-03
-6.080790356433332988e+00,6.705190150073245259e-03,8.552976534373431250e-03
-6.078292085950000256e+00,6.720702797543464703e-03,9.161994130349678661e-03
-6.075793815466666636e+00,6.736290039665498997e-03,9.771011726325927807e-03
-6.073295544983333016e+00,6.751952363875167278e-03,1.038002932230261063e-02
-6.070797274500000285e+00,6.767690155090908682e-03,1.098904691827885804e-02
-6.068299004016666665e+00,6.783503907373880648e-03,1.153722267029952397e-02
-6.065800733533333045e+00,6.799394012259246840e-03,1.208539842231980133e-02
-6.063302463050000313e+00,6.815360970552602170e-03,1.263357417434007694e-02
-6.060804192566666693e+00,6.831405180524933139e-03,1.318174992636035429e-02
-6.058305922083333073e+00,6.847527149847645531e-03,1.372992567838102022e-02
-6.055807651600000341e+00,6.863727283650073070e-03,1.427810143040129758e-02
-6.053309381116666721e+00,6.880006096593122532e-03,1.482627718242196350e-02
-6.050811110633333101e+00,6.896364000789351537e-03,1.537445293444223912e-02
-6.048312840150000369e+00,6.912801518015492148e-03,1.592262868646251647e-02
-6.045814569666666749e+00,6.929319067494906122e-03,1.647080443848279382e-02
-6.043316299183333129e+00,6.945917178249292299e-03,1.669140700586206269e-02
-6.040818028700000397e+00,6.962596276742972004e-03,1.691200957324117543e-02
-6.038319758216666777e+00,6.979356899374481935e-03,1.713261214062044430e-02
-6.035821487733333157e+00,6.996199479982148466e-03,1.735321470799955357e-02
-6.033323217250000425e+00,7.013124562476324986e-03,1.757381727537866631e-02
-6.030824946766666805e+00,7.030132588205117126e-03,1.779441984275777905e-02
-6.028326676283333185e+00,7.047224108727744192e-03,1.801502241013704791e-02
-6.025828405800000453e+00,7.064399573041387631e-03,1.823562497751615719e-02
-6.023330135316666833e+00,7.081659540495158743e-03,1.845622754489542605e-02
-6.020831864833333213e+00,7.099004467876466641e-03,1.867683011227453879e-02
-6.018333594349999593e+00,7.116434922467780588e-03,1.844671640121565287e-02
-6.015835323866666862e+00,7.133951368992027392e-03,1.821660269015677042e-02
-6.013337053383333242e+00,7.151554382812056430e-03,1.798648897909772143e-02
-6.010838782899999622e+00,7.169244436733711659e-03,1.775637526803867244e-02
-6.008340512416666890e+00,7.187022114350286560e-03,1.752626155697978652e-02
-6.005842241933333270e+00,7.204887896702032168e-03,1.729614784592090407e-02
-6.003343971449999650e+00,7.222842375765842204e-03,1.706603413486201815e-02
-6.000845700966666918e+00,7.240886040970645476e-03,1.683592042380313569e-02
-5.998347430483333298e+00,7.259019492833423612e-03,1.660580671274408671e-02
-5.995849159999999678e+00,7.277243229331400304e-03,1.637569300168478792e-02
-5.993350889516666946e+00,7.295557859680400908e-03,1.579487662861316782e-02
-5.990852619033333326e+00,7.313963890565243660e-03,1.521406025554154599e-02
-5.988354348549999706e+00,7.332461940066262000e-03,1.463324388246992416e-02
-5.985856078066666974e+00,7.351052523742324964e-03,1.405242750939830233e-02
-5.983357807583333354e+00,7.369736268703586286e-03,1.347161113632626764e-02
-5.980859537099999734e+00,7.388513699551173264e-03,1.289079476325423468e-02
-5.978361266616667002e+00,7.407385452596665712e-03,1.230997839018261285e-02
-5.975862996133333382e+00,7.426352061655952692e-03,1.172916201711099102e-02
-5.973364725649999762e+00,7.445414172416662570e-03,1.114834564403937092e-02
-5.970866455166667031e+00,7.464572328085295090e-03,1.056752927096774909e-02
-5.968368184683333411e+00,7.483827183904150776e-03,9.923480202782429885e-03
-5.965869914199999791e+00,7.503179292650877068e-03,9.279431134597112413e-03
-5.963371643716667059e+00,7.522629319304791236e-03,8.635382066412251173e-03
-5.960873373233333439e+00,7.542177826398739106e-03,7.991332998227391668e-03
-5.958375102749999819e+00,7.561825488835685789e-03,7.347283930042530428e-03
-5.955876832266667087e+00,7.581572879092231265e-03,6.703234861857670056e-03
-5.953378561783333467e+00,7.601420682185958122e-03,6.059185793672351716e-03
-5.950880291299999847e+00,7.621369480729549284e-03,5.415136725487033377e-03
-5.948382020816667115e+00,7.641419970050039416e-03,4.771087657302173005e-03
-5.945883750333333495e+00,7.661572743093656226e-03,4.127038589117311765e-03
-5.943385479849999875e+00,7.681828505696642467e-03,3.737834204628589455e-03
-5.940887209366666255e+00,7.702187861339798193e-03,3.348629820139590457e-03
-5.938388938883333523e+00,7.722651526572499661e-03,2.959425435650867714e-03
-5.935890668399999903e+00,7.743220115616589530e-03,2.570221051161869150e-03
-5.933392397916666283e+00,7.763894355943274338e-03,2.181016666673146406e-03
-5.930894127433333551e+00,7.784674872725924621e-03,1.791812282184424097e-03
-5.928395856949999931e+00,7.805562404571276917e-03,1.402607897695701787e-03
-5.925897586466666311e+00,7.826557587819917353e-03,1.013403513206702789e-03
-5.923399315983333580e+00,7.847661172432214907e-03,6.241991287179804795e-04
-5.920901045499999960e+00,7.868873806136593430e-03,2.349947442289816713e-04
-5.918402775016666340e+00,7.890196250470597750e-03,2.114952698060868354e-04
-5.915904504533333608e+00,7.911629164776322679e-03,1.879957953831920266e-04
-5.913406234049999988e+00,7.933173322396874783e-03,1.644963209602971906e-04
-5.910907963566666368e+00,7.954829394518693822e-03,1.409968465373856580e-04
-5.908409693083333636e+00,7.976598166524668729e-03,1.174973721144908356e-04
-5.905911422600000016e+00,7.998480321681624566e-03,9.399789769157928946e-05
-5.903413152116666396e+00,8.020476657651593247e-03,7.049842326868448064e-05
-5.900914881633333664e+00,8.042587870023669774e-03,4.699894884578964473e-05
-5.898416611150000044e+00,8.064814768983640664e-03,2.349947442289483592e-05
-5.895918340666666424e+00,8.087158062690518248e-03,0.000000000000000000e+00
-5.893420070183333692e+00,8.109618574104436595e-03,0.000000000000000000e+00
-5.890921799700000072e+00,8.132197024207270600e-03,0.000000000000000000e+00
-5.888423529216666452e+00,8.154894248990372796e-03,0.000000000000000000e+00
-5.885925258733333720e+00,8.177710982517589350e-03,0.000000000000000000e+00
-5.883426988250000100e+00,8.200648074073680835e-03,0.000000000000000000e+00
-5.880928717766666480e+00,8.223706271070049117e-03,0.000000000000000000e+00
-5.878430447283333748e+00,8.246886436353653010e-03,0.000000000000000000e+00
-5.875932176800000128e+00,8.270189330954700116e-03,0.000000000000000000e+00
-5.873433906316666508e+00,8.293615831557943005e-03,0.000000000000000000e+00
-5.870935635833333777e+00,8.317166713090542313e-03,0.000000000000000000e+00
-5.868437365350000157e+00,8.340842866355835383e-03,0.000000000000000000e+00
-5.865939094866666537e+00,8.364645080462933605e-03,0.000000000000000000e+00
-5.863440824383332917e+00,8.388574260622609635e-03,0.000000000000000000e+00
-5.860942553900000185e+00,8.412631210417161401e-03,0.000000000000000000e+00
-5.858444283416666565e+00,8.436816849759854256e-03,0.000000000000000000e+00
-5.855946012933332945e+00,8.461131997004772351e-03,0.000000000000000000e+00
-5.853447742450000213e+00,8.485577587070277164e-03,0.000000000000000000e+00
-5.850949471966666593e+00,8.510154453387694384e-03,0.000000000000000000e+00
-5.848451201483332973e+00,8.534863546190022202e-03,0.000000000000000000e+00
-5.845952931000000241e+00,8.559705714299167476e-03,0.000000000000000000e+00
-5.843454660516666621e+00,8.584681923579935009e-03,2.579929168103709675e-04
-5.840956390033333001e+00,8.609793038565086154e-03,5.159858336207419349e-04
-5.838458119550000269e+00,8.635040041076224096e-03,7.739787504311127940e-04
-5.835959849066666649e+00,8.660423811685673962e-03,1.031971667241667100e-03
-5.833461578583333029e+00,8.685945348504621466e-03,1.289964584052221514e-03
-5.830963308100000297e+00,8.711605548481216044e-03,1.547957500862592482e-03
-5.828465037616666677e+00,8.737405426356949917e-03,1.805950417672963449e-03
-5.825966767133333057e+00,8.763345895800769142e-03,2.063943334483334200e-03
-5.823468496650000326e+00,8.789427988533935962e-03,2.321936251293705167e-03
-5.820970226166666706e+00,8.815652635299032341e-03,2.579929168104259582e-03
-5.818471955683333086e+00,8.842020885154891138e-03,3.222339732316622553e-03
-5.815973685200000354e+00,8.868533686280018549e-03,3.864750296528528424e-03
-5.813475414716666734e+00,8.895192105437304403e-03,4.507160860740434295e-03
-5.810977144233333114e+00,8.921997108611931168e-03,5.149571424952341034e-03
-5.808478873750000382e+00,8.948949780647020430e-03,5.791981989164246905e-03
-5.805980603266666762e+00,8.976051105714049141e-03,6.434392553376609009e-03
-5.803482332783333142e+00,9.003302187121503541e-03,7.076803117588971979e-03
-5.800984062300000410e+00,9.030704027617226723e-03,7.719213681800878718e-03
-5.798485791816666790e+00,9.058257749369259468e-03,8.361624246012784589e-03
-5.795987521333333170e+00,9.085964374101472216e-03,9.004034810224690460e-03
-5.793489250850000438e+00,9.113825043246020358e-03,9.796596889231437913e-03
-5.790990980366666818e+00,9.141840797911904987e-03,1.058915896823874742e-02
-5.788492709883333198e+00,9.170012799210505022e-03,1.138172104724605865e-02
-5.785994439400000466e+00,9.198342108055054464e-03,1.217428312625280437e-02
-5.783496168916666846e+00,9.226829905661980066e-03,1.296684520525955182e-02
-5.780997898433333226e+00,9.255477273179083322e-03,1.375940728426629928e-02
-5.778499627949999606e+00,9.284285412363171147e-03,1.455196936327360878e-02
-5.776001357466666875e+00,9.313255425038210675e-03,1.534453144228035623e-02
-5.773503086983333255e+00,9.342388533948706511e-03,1.613709352128766747e-02
-5.771004816499999635e+00,9.371685862046848225e-03,1.692965560029441319e-02
-5.768506546016666903e+00,9.401148653523146853e-03,1.752450731433611436e-02
-5.766008275533333283e+00,9.430778052922332219e-03,1.811935902837781553e-02
-5.763510005049999663e+00,9.460575326351246955e-03,1.871421074241993998e-02
-5.761011734566666931e+00,9.490541640422490988e-03,1.930906245646164116e-02
-5.758513464083333311e+00,9.520678283642062395e-03,1.990391417050376560e-02
-5.756015193599999691e+00,9.550986445178351672e-03,2.049876588454547024e-02
-5.753516923116666959e+00,9.581467436430925882e-03,2.109361759858717142e-02
-5.751018652633333339e+00,9.612122469625217908e-03,2.168846931262887259e-02
-5.748520382149999719e+00,9.642952879561288160e-03,2.228332102667099704e-02
-5.746022111666666987e+00,9.673959902035820374e-03,2.287817274071269821e-02
-5.743523841183333367e+00,9.705144895769898111e-03,2.302191943609988717e-02
-5.741025570699999747e+00,9.736509120658286276e-03,2.316566613148697551e-02
-5.738527300216667015e+00,9.768053959877637943e-03,2.330941282687406038e-02
-5.736029029733333395e+00,9.799780697961243611e-03,2.345315952226114872e-02
-5.733530759249999775e+00,9.831690743089928700e-03,2.359690621764833768e-02
-5.731032488766667043e+00,9.863785404990636427e-03,2.374065291303542255e-02
-5.728534218283333423e+00,9.896066117410383736e-03,2.388439960842261151e-02
-5.726035947799999803e+00,9.928534215839380367e-03,2.402814630380969985e-02
-5.723537677316667072e+00,9.961191160168957406e-03,2.417189299919678472e-02
-5.721039406833333452e+00,9.994038312236941390e-03,2.431563969458387306e-02
-5.718541136349999832e+00,1.002707715867111847e-02,2.396318721816680097e-02
-5.716042865866667100e+00,1.006030908825734059e-02,2.361073474174997869e-02
-5.713544595383333480e+00,1.009373561496878201e-02,2.325828226533290660e-02
-5.711046324899999860e+00,1.012735815515502201e-02,2.290582978891608432e-02
-5.708548054416667128e+00,1.016117825075866024e-02,2.255337731249926203e-02
-5.706049783933333508e+00,1.019519734632635434e-02,2.220092483608244321e-02
-5.703551513449999888e+00,1.022941701241147222e-02,2.184847235966537113e-02
-5.701053242966666268e+00,1.026383872240663360e-02,2.149601988324829904e-02
-5.698554972483333536e+00,1.029846407613474284e-02,2.114356740683147676e-02
-5.696056701999999916e+00,1.033329457650142454e-02,2.079111493041465447e-02
-5.693558431516666296e+00,1.036833185327540145e-02,2.010810232822413460e-02
-5.691060161033333564e+00,1.040357743956017884e-02,1.942508972603361125e-02
-5.688561890549999944e+00,1.043903299576484124e-02,1.874207712384260566e-02
-5.686063620066666324e+00,1.047470008589434023e-02,1.805906452165159659e-02
-5.683565349583333592e+00,1.051058040171145430e-02,1.737605191946107672e-02
-5.681067079099999972e+00,1.054667553884540247e-02,1.669303931727055684e-02
-5.678568808616666352e+00,1.058298722114515804e-02,1.601002671508003350e-02
-5.676070538133333621e+00,1.061951707660674198e-02,1.532701411288951189e-02
-5.673572267650000001e+00,1.065626686191848554e-02,1.464400151069850456e-02
-5.671073997166666381e+00,1.069323823820574754e-02,1.396098890850746600e-02
-5.668575726683333649e+00,1.073043299576958293e-02,1.323438317882472820e-02
-5.666077456200000029e+00,1.076785282964849884e-02,1.250777744914199213e-02
-5.663579185716666409e+00,1.080549956455143651e-02,1.178117171945925433e-02
-5.661080915233333677e+00,1.084337493023522329e-02,1.105456598977651653e-02
-5.658582644750000057e+00,1.088148078663325052e-02,1.032796026009326351e-02
-5.656084374266666437e+00,1.091981889904868400e-02,9.601354530410010496e-03
-5.653586103783333705e+00,1.095839116347920375e-02,8.874748800727270959e-03
-5.651087833300000085e+00,1.099719938162470843e-02,8.148143071044534891e-03
-5.648589562816666465e+00,1.103624548640981702e-02,7.421537341361797956e-03
-5.646091292333333733e+00,1.107553131680623706e-02,6.694931611679060153e-03
-5.643593021850000113e+00,1.111505884355244375e-02,6.193681470662298558e-03
-5.641094751366666493e+00,1.115482994379070510e-02,5.692431329645536962e-03
-5.638596480883333761e+00,1.119484662698594195e-02,5.191181188629130985e-03
-5.636098210400000141e+00,1.123511080937537009e-02,4.689931047612725876e-03
-5.633599939916666521e+00,1.127562454008775028e-02,4.188680906596320766e-03
-5.631101669433333790e+00,1.131638977540557096e-02,3.687430765579915223e-03
-5.628603398950000170e+00,1.135740860508588704e-02,3.186180624563153627e-03
-5.626105128466666550e+00,1.139868302643467710e-02,2.684930483546391598e-03
-5.623606857983332930e+00,1.144021517082850076e-02,2.183680342529986489e-03
-5.621108587500000198e+00,1.148200707760207648e-02,1.682430201513581162e-03
-5.618610317016666578e+00,1.152406092077170457e-02,1.514187181362270859e-03
-5.616112046533332958e+00,1.156637878273487734e-02,1.345944161210841077e-03
-5.613613776050000226e+00,1.160896288119734297e-02,1.177701141059530558e-03
-5.611115505566666606e+00,1.165181534268269758e-02,1.009458120908100776e-03
-5.608617235083332986e+00,1.169493842966568692e-02,8.412151007567905811e-04
-5.606118964600000254e+00,1.173833431389091977e-02,6.729720806054801698e-04
-5.603620694116666634e+00,1.178200530371270767e-02,5.047290604541700837e-04
-5.601122423633333014e+00,1.182595361722289622e-02,3.364860403027400849e-04
-5.598624153150000282e+00,1.187018160979807710e-02,1.682430201514297820e-04
-5.596125882666666662e+00,1.191469154703664150e-02,0.000000000000000000e+00
-5.593627612183333042e+00,1.195948583251356910e-02,0.000000000000000000e+00
-5.591129341700000310e+00,1.200456678052649710e-02,0.000000000000000000e+00
-5.588631071216666690e+00,1.204993684405943240e-02,0.000000000000000000e+00
-5.586132800733333070e+00,1.209559838733719264e-02,0.000000000000000000e+00
-5.583634530250000338e+00,1.214155391399910668e-02,0.000000000000000000e+00
-5.581136259766666718e+00,1.218780583946097416e-02,0.000000000000000000e+00
-5.578637989283333098e+00,1.223435671930012472e-02,0.000000000000000000e+00
-5.576139718800000367e+00,1.228120902142513550e-02,0.000000000000000000e+00
-5.573641448316666747e+00,1.232836535467199228e-02,0.000000000000000000e+00
-5.571143177833333127e+00,1.237582824078184082e-02,0.000000000000000000e+00
-5.568644907350000395e+00,1.242360034320995170e-02,0.000000000000000000e+00
-5.566146636866666775e+00,1.247168423890960935e-02,0.000000000000000000e+00
-5.563648366383333155e+00,1.252008264735612539e-02,0.000000000000000000e+00
-5.561150095900000423e+00,1.256879820213634320e-02,0.000000000000000000e+00
-5.558651825416666803e+00,1.261783368018806230e-02,0.000000000000000000e+00
-5.556153554933333183e+00,1.266719177319587837e-02,0.000000000000000000e+00
-5.553655284450000451e+00,1.271687531704649744e-02,0.000000000000000000e+00
-5.551157013966666831e+00,1.276688706303002671e-02,0.000000000000000000e+00
-5.548658743483333211e+00,1.281722990751310923e-02,0.000000000000000000e+00
-5.546160472999999591e+00,1.286790666294525091e-02,0.000000000000000000e+00
-5.543662202516666859e+00,1.291892028775110807e-02,3.214043049530664487e-04
-5.541163932033333239e+00,1.297027365714057204e-02,6.428086099063614473e-04
-5.538665661549999619e+00,1.302196979322157132e-02,9.642129148596564458e-04
-5.536167391066666887e+00,1.307401163561457830e-02,1.285617219812722895e-03
-5.533669120583333267e+00,1.312640227178688175e-02,1.607021524765789343e-03
-5.531170850099999647e+00,1.317914470746995963e-02,1.928425829718855792e-03
-5.528672579616666916e+00,1.323224209721687167e-02,2.249830134671922024e-03
-5.526174309133333296e+00,1.328569751462392590e-02,2.571234439625217239e-03
-5.523676038649999676e+00,1.333951418311055126e-02,2.892638744578512021e-03
-5.521177768166666944e+00,1.339369524594453270e-02,3.214043049531578253e-03
-5.518679497683333324e+00,1.344824399724781940e-02,3.916244894655250205e-03
-5.516181227199999704e+00,1.350316365182318255e-02,4.618446739778922158e-03
-5.513682956716666972e+00,1.355845757638775642e-02,5.320648584902594978e-03
-5.511184686233333352e+00,1.361412905920143974e-02,6.022850430026766531e-03
-5.508686415749999732e+00,1.367018154152825453e-02,6.725052275150937217e-03
-5.506188145266667000e+00,1.372661838706754588e-02,7.427254120274610037e-03
-5.503689874783333380e+00,1.378344311364343433e-02,8.129455965398282857e-03
-5.501191604299999760e+00,1.384065916243912460e-02,8.831657810521954810e-03
-5.498693333816667028e+00,1.389827012991605090e-02,9.533859655645626763e-03
-5.496195063333333408e+00,1.395627953685034048e-02,1.023606150076979832e-02
-5.493696792849999788e+00,1.401469106048376309e-02,1.116730206665097168e-02
-5.491198522366667056e+00,1.407350830336113502e-02,1.209854263253148238e-02
-5.488700251883333436e+00,1.413273502571575635e-02,1.302978319841199481e-02
-5.486201981399999816e+00,1.419237491410724195e-02,1.396102376429250551e-02
-5.483703710916667085e+00,1.425243181404165643e-02,1.489226433017301621e-02
-5.481205440433333465e+00,1.431290949841110445e-02,1.582350489605419130e-02
-5.478707169949999845e+00,1.437381190034981403e-02,1.675474546193536293e-02
-5.476208899466667113e+00,1.443514288147466906e-02,1.768598602781587537e-02
-5.473710628983333493e+00,1.449690646497888563e-02,1.861722659369638433e-02
-5.471212358499999873e+00,1.455910660367378852e-02,1.954846715957689676e-02
-5.468714088016666253e+00,1.462174741332164171e-02,2.044518407284423231e-02
-5.466215817533333521e+00,1.468483294047827695e-02,2.134190098611093295e-02
-5.463717547049999901e+00,1.474836739606651473e-02,2.223861789937827196e-02
-5.461219276566666281e+00,1.481235492301964836e-02,2.313533481264496913e-02
-5.458721006083333549e+00,1.487679983009759094e-02,2.403205172591166977e-02
-5.456222735599999929e+00,1.494170635933085058e-02,2.492876863917837041e-02
-5.453724465116666309e+00,1.500707892008069054e-02,2.582548555244570596e-02
-5.451226194633333577e+00,1.507292185628369106e-02,2.672220246571240659e-02
-5.448727924149999957e+00,1.513923968075795400e-02,2.761891937897974214e-02
-5.446229653666666337e+00,1.520603684224867622e-02,2.851563629224644278e-02
-5.443731383183333605e+00,1.527331795998104237e-02,2.910651141111403328e-02
-5.441233112699999985e+00,1.534108759050689490e-02,2.969738652998162379e-02
-5.438734842216666365e+00,1.540935046250735060e-02,3.028826164884963756e-02
-5.436236571733333633e+00,1.547811124343968434e-02,3.087913676771722807e-02
-5.433738301250000013e+00,1.554737477459145270e-02,3.147001188658524184e-02
-5.431240030766666393e+00,1.561714583752813953e-02,3.206088700545282888e-02
-5.428741760283333662e+00,1.568742938939992129e-02,3.265176212432042285e-02
-5.426243489800000042e+00,1.575823032919131464e-02,3.324263724318800989e-02
-5.423745219316666422e+00,1.582955373328173709e-02,3.383351236205602020e-02
-5.421246948833333690e+00,1.590140462149723655e-02,3.442438748092361417e-02
-5.418748678350000070e+00,1.597378819292747526e-02,3.452267900678055584e-02
-5.416250407866666450e+00,1.604670959177905906e-02,3.462097053263742813e-02
-5.413752137383333718e+00,1.612017414345155372e-02,3.471926205849430735e-02
-5.411253866900000098e+00,1.619418712019216056e-02,3.481755358435117964e-02
-5.408755596416666478e+00,1.626875397743293705e-02,3.491584511020812132e-02
-5.406257325933333746e+00,1.634388011924802625e-02,3.501413663606499360e-02
-5.403759055450000126e+00,1.641957113495277898e-02,3.511242816192193528e-02
-5.401260784966666506e+00,1.649583256436440090e-02,3.521071968777881450e-02
-5.398762514483333774e+00,1.657267013466599825e-02,3.530901121363568679e-02
-5.396264244000000154e+00,1.665008952547017418e-02,3.540730273949255907e-02
-5.393765973516666534e+00,1.672809660595107883e-02,3.497370247037124430e-02
-5.391267703033332914e+00,1.680669719971005643e-02,3.454010220124992953e-02
-5.388769432550000182e+00,1.688589732217762873e-02,3.410650193212892700e-02
-5.386271162066666562e+00,1.696570294528452691e-02,3.367290166300791754e-02
-5.383772891583332942e+00,1.704612023513482968e-02,3.323930139388691501e-02
-5.381274621100000211e+00,1.712715531648187350e-02,3.280570112476591249e-02
-5.378776350616666591e+00,1.720881451067486634e-02,3.237210085564459772e-02
-5.376278080133332971e+00,1.729110409994132763e-02,3.193850058652328294e-02
-5.373779809650000239e+00,1.737403056561001580e-02,3.150490031740227348e-02
-5.371281539166666619e+00,1.745760035219962730e-02,3.107130004828127096e-02
-5.368783268683332999e+00,1.754182010592106669e-02,3.023140599949717192e-02
-5.366284998200000267e+00,1.762669643857348381e-02,2.939151195071307288e-02
-5.363786727716666647e+00,1.771223616632775985e-02,2.855161790192837362e-02
-5.361288457233333027e+00,1.779844607343158275e-02,2.771172385314367784e-02
-5.358790186750000295e+00,1.788533315127673051e-02,2.687182980435957880e-02
-5.356291916266666675e+00,1.797290436191355603e-02,2.603193575557547976e-02
-5.353793645783333055e+00,1.806116687740550245e-02,2.519204170679138072e-02
-5.351295375300000323e+00,1.815012784315398267e-02,2.435214765800727821e-02
-5.348797104816666703e+00,1.823979461754294401e-02,2.351225360922258242e-02
-5.346298834333333083e+00,1.833017453507525610e-02,2.267235956043777909e-02
-5.343800563850000351e+00,1.842127514631043336e-02,2.168127001361504214e-02
-5.341302293366666731e+00,1.851310398081332242e-02,2.069018046679230866e-02
-5.338804022883333111e+00,1.860566878738877800e-02,1.969909091996957518e-02
-5.336305752400000380e+00,1.869897729684385362e-02,1.870800137314683823e-02
-5.333807481916666760e+00,1.879303746252223087e-02,1.771691182632340045e-02
-5.331309211433333139e+00,1.888785722288184935e-02,1.672582227949995920e-02
-5.328810940950000408e+00,1.898344474233174678e-02,1.573473273267722572e-02
-5.326312670466666788e+00,1.907980817362744247e-02,1.474364318585449050e-02
-5.323814399983333168e+00,1.917695589901321010e-02,1.375255363903175529e-02
-5.321316129500000436e+00,1.927489629243687649e-02,1.276146409220902007e-02
-5.318817859016666816e+00,1.937363796100148583e-02,1.192278954112693801e-02
-5.316319588533333196e+00,1.947318950700082166e-02,1.108411499004485594e-02
-5.313821318050000464e+00,1.957355976968417136e-02,1.024544043896337062e-02
-5.311323047566666844e+00,1.967475758711496187e-02,9.406765887881885294e-03
-5.308824777083333224e+00,1.977679203825211812e-02,8.568091336800399971e-03
-5.306326506599999604e+00,1.987967220463340498e-02,7.729416785718317903e-03
-5.303828236116666872e+00,1.998340741277861501e-02,6.890742234636832581e-03
-5.301329965633333252e+00,2.008800699569875114e-02,6.052067683554750513e-03
-5.298831695149999632e+00,2.019348053562516898e-02,5.213393132473265190e-03
-5.296333424666666900e+00,2.029983762534777816e-02,4.374718581391780735e-03
-5.293835154183333280e+00,2.040708811127361216e-02,3.937246723252726954e-03
-5.291336883699999660e+00,2.051524185459666777e-02,3.499774865113362658e-03
-5.288838613216666928e+00,2.062430897469075264e-02,3.062303006974308878e-03
-5.286340342733333308e+00,2.073429961011376277e-02,2.624831148834944148e-03
-5.283842072249999688e+00,2.084522416233837439e-02,2.187359290695890367e-03
-5.281343801766666957e+00,2.095709305659412131e-02,1.749887432556836587e-03
-5.278845531283333337e+00,2.106991698594253004e-02,1.312415574417783240e-03
-5.276347260799999717e+00,2.118370667195744461e-02,8.749437162784185103e-04
-5.273848990316666985e+00,2.129847310914917413e-02,4.374718581393651634e-04
-5.271350719833333365e+00,2.141422732548992763e-02,0.000000000000000000e+00
-5.268852449349999745e+00,2.153098062718986072e-02,6.445458068247447941e-05
-5.266354178866667013e+00,2.164874435906987207e-02,1.289091613649489588e-04
-5.263855908383333393e+00,2.176753014969694255e-02,1.933637420474234247e-04
-5.261357637899999773e+00,2.188734967160761019e-02,2.578183227299437252e-04
-5.258859367416667041e+00,2.200821488680772264e-02,3.222729034124181911e-04
-5.256361096933333421e+00,2.213013780685085113e-02,3.867274840949385187e-04
-5.253862826449999801e+00,2.225313073870825373e-02,4.511820647774129845e-04
-5.251364555966667069e+00,2.237720604470622848e-02,5.156366454598874504e-04
-5.248866285483333449e+00,2.250237638877294194e-02,5.800912261423619163e-04
-5.246368014999999829e+00,2.262865449623860034e-02,6.445458068248822439e-04
-5.243869744516667097e+00,2.275605340046541608e-02,1.319582238147509875e-03
-5.241371474033333477e+00,2.288458620251597117e-02,1.994618669470617483e-03
-5.238873203549999857e+00,2.301426631817320503e-02,2.669655100793245223e-03
-5.236374933066667126e+00,2.314510723748054027e-02,3.344691532115872962e-03
-5.233876662583333506e+00,2.327712277215977094e-02,4.019727963438499835e-03
-5.231378392099999886e+00,2.341032681502937945e-02,4.694764394761607659e-03
-5.228880121616666266e+00,2.354473358782553996e-02,5.369800826084715484e-03
-5.226381851133333534e+00,2.368035740050512122e-02,6.044837257407342790e-03
-5.223883580649999914e+00,2.381721289947856188e-02,6.719873688729970096e-03
-5.221385310166666294e+00,2.395531482680184412e-02,7.394910120052598269e-03
-5.218887039683333562e+00,2.409467826882976532e-02,8.587453215138991791e-03
-5.216388769199999942e+00,2.423531841530402950e-02,9.779996310226232725e-03
-5.213890498716666322e+00,2.437725080843457237e-02,1.097253940531347366e-02
-5.211392228233333590e+00,2.452049110189030712e-02,1.216508250039986805e-02
-5.208893957749999970e+00,2.466505531031776971e-02,1.335762559548626244e-02
-5.206395687266666350e+00,2.481095956824178050e-02,1.455016869057265509e-02
-5.203897416783333618e+00,2.495822038003005922e-02,1.574271178565904775e-02
-5.201399146299999998e+00,2.510685437871123388e-02,1.693525488074628868e-02
-5.198900875816666378e+00,2.525687857639676015e-02,1.812779797583352961e-02
-5.196402605333333646e+00,2.540831012302212366e-02,1.932034107091992400e-02
-5.193904334850000026e+00,2.556116655723675302e-02,2.078485423645768521e-02
-5.191406064366666406e+00,2.571546556507913611e-02,2.224936740199544294e-02
-5.188907793883333675e+00,2.587122523134187044e-02,2.371388056753320414e-02
-5.186409523400000054e+00,2.602846379819135150e-02,2.517839373307200618e-02
-5.183911252916666434e+00,2.618719991702060657e-02,2.664290689861080474e-02
-5.181412982433333703e+00,2.634745240702114286e-02,2.810742006414856595e-02
-5.178914711950000083e+00,2.650924050753569391e-02,2.957193322968632715e-02
-5.176416441466666463e+00,2.667258363659286841e-02,3.103644639522408488e-02
-5.173918170983333731e+00,2.683750164377220193e-02,3.250095956076184955e-02
-5.171419900500000111e+00,2.700401456871189682e-02,3.396547272630064812e-02
-5.168921630016666491e+00,2.717214289449943962e-02,3.538247624325256691e-02
-5.166423359533333759e+00,2.734190730616407189e-02,3.679947976020347261e-02
-5.163925089050000139e+00,2.751332894460640707e-02,3.821648327715438526e-02
-5.161426818566666519e+00,2.768642916508794877e-02,3.963348679410529096e-02
-5.158928548083333787e+00,2.786122979171408443e-02,4.105049031105620361e-02
-5.156430277600000167e+00,2.803775287593288437e-02,4.246749382800812239e-02
-5.153932007116666547e+00,2.821602095158835116e-02,4.388449734496004118e-02
-5.151433736633332927e+00,2.839605679344063896e-02,4.530150086191094688e-02
-5.148935466150000195e+00,2.857788367280503228e-02,4.671850437886185259e-02
-5.146437195666666575e+00,2.876152511611045071e-02,4.813550789581276523e-02
-5.143938925183332955e+00,2.894700516113915545e-02,4.919488334533167473e-02
-5.141440654700000223e+00,2.913434811563910334e-02,5.025425879484982788e-02
-5.138942384216666603e+00,2.932357881418317519e-02,5.131363424436873044e-02
-5.136444113733332983e+00,2.951472237685061339e-02,5.237300969388688360e-02
-5.133945843250000252e+00,2.970780446672511774e-02,5.343238514340503675e-02
-5.131447572766666632e+00,2.990285104866263755e-02,5.449176059292319685e-02
-5.128949302283333012e+00,3.009988864744825993e-02,5.555113604244209941e-02
-5.126451031800000280e+00,3.029894410666879659e-02,5.661051149196025256e-02
-5.123952761316666660e+00,3.050004484754904183e-02,5.766988694147916206e-02
-5.121454490833333040e+00,3.070321862794898535e-02,5.872926239099731521e-02
-5.118956220350000308e+00,3.090849380190229326e-02,5.919942712921333339e-02
-5.116457949866666688e+00,3.111589907875754804e-02,5.966959186742935850e-02
-5.113959679383333068e+00,3.132546378344310684e-02,6.013975660564571668e-02
-5.111461408900000336e+00,3.153721761577540222e-02,6.060992134386173485e-02
-5.108963138416666716e+00,3.175119091147289574e-02,6.108008608207809303e-02
-5.106464867933333096e+00,3.196741440165645765e-02,6.155025082029411121e-02
-5.103966597450000364e+00,3.218591947463851632e-02,6.202041555851013632e-02
-5.101468326966666744e+00,3.240673793563968175e-02,6.249058029672615450e-02
-5.098970056483333124e+00,3.262990226938164429e-02,6.296074503494250574e-02
-5.096471786000000392e+00,3.285544540004595171e-02,6.343090977315853085e-02
-5.093973515516666772e+00,3.308340095470099079e-02,6.320523297518626515e-02
-5.091475245033333152e+00,3.331380302353034034e-02,6.297955617721415211e-02
-5.088976974550000421e+00,3.354668642412449164e-02,6.275387937924205295e-02
-5.086478704066666801e+00,3.378208646201019683e-02,6.252820258126995379e-02
-5.083980433583333181e+00,3.402003919583915237e-02,6.230252578329768115e-02
-5.081482163100000449e+00,3.426058119825003967e-02,6.207684898532557505e-02
-5.078983892616666829e+00,3.450374982198994162e-02,6.185117218735330935e-02
-5.076485622133333209e+00,3.474958296114247225e-02,6.162549538938120325e-02
-5.073987351649999589e+00,3.499811931821910499e-02,6.139981859140909715e-02
-5.071489081166666857e+00,3.524939816578997326e-02,6.117414179343699104e-02
-5.068990810683333237e+00,3.550345961458419713e-02,6.029433036532866330e-02
-5.066492540199999617e+00,3.576034437556195600e-02,5.941451893722034250e-02
-5.063994269716666885e+00,3.602009402906600904e-02,5.853470750911263926e-02
-5.061495999233333265e+00,3.628275078737570880e-02,5.765489608100493601e-02
-5.058997728749999645e+00,3.654835776495415217e-02,5.677508465289723971e-02
-5.056499458266666913e+00,3.681695874152834252e-02,5.589527322478954341e-02
-5.054001187783333293e+00,3.708859843347905166e-02,5.501546179668121567e-02
-5.051502917299999673e+00,3.736332225749308678e-02,5.413565036857288792e-02
-5.049004646816666941e+00,3.764117660314716257e-02,5.325583894046519162e-02
-5.046506376333333321e+00,3.792220859718192782e-02,5.237602751235748838e-02
-5.044008105849999701e+00,3.820646637733241674e-02,5.103471565109802405e-02
-5.041509835366666969e+00,3.849399885727717435e-02,4.969340378983855971e-02
-5.039011564883333349e+00,3.878485600177334486e-02,4.835209192857814475e-02
-5.036513294399999729e+00,3.907908859233594906e-02,4.701078006731772285e-02
-5.034015023916666998e+00,3.937674850373828334e-02,4.566946820605825852e-02
-5.031516753433333378e+00,3.967788847048288325e-02,4.432815634479879419e-02
-5.029018482949999758e+00,3.998256236473111958e-02,4.298684448353932985e-02
-5.026520212466667026e+00,4.029082496363002586e-02,4.164553262227986552e-02
-5.024021941983333406e+00,4.060273222873968940e-02,4.030422076101944362e-02
-5.021523671499999786e+00,4.091834107428583139e-02,3.896290889975902866e-02
-5.019025401016667054e+00,4.123770964815727524e-02,3.748499882853273402e-02
-5.016527130533333434e+00,4.156089710115827562e-02,3.600708875730643244e-02
-5.014028860049999814e+00,4.188796386965416840e-02,3.452917868608013779e-02
-5.011530589566667082e+00,4.221897144590121276e-02,3.305126861485384315e-02
-5.009032319083333462e+00,4.255398266242514660e-02,3.157335854362649380e-02
-5.006534048599999842e+00,4.289306146351216931e-02,3.009544847239914445e-02
-5.004035778116667110e+00,4.323627319140892905e-02,2.861753840117284980e-02
-5.001537507633333490e+00,4.358368435906437993e-02,2.713962832994655516e-02
-4.999039237149999870e+00,4.393536293824670119e-02,2.566171825872025705e-02
-4.996540966666666250e+00,4.429137813363247245e-02,2.418380818749310546e-02
-4.994042696183333518e+00,4.465180067294169386e-02,2.298250781529256534e-02
-4.991544425699999898e+00,4.501670258247610773e-02,2.178120744309117521e-02
-4.989046155216666278e+00,4.538615747938184314e-02,2.057990707089063509e-02
-4.986547884733333547e+00,4.576024034874827395e-02,1.937860669869009844e-02
-4.984049614249999927e+00,4.613902783811238417e-02,1.817730632648956179e-02
-4.981551343766666307e+00,4.652259803623567253e-02,1.697600595428816819e-02
-4.979053073283333575e+00,4.691103076997633209e-02,1.577470558208762808e-02
-4.976554802799999955e+00,4.730440738486933749e-02,1.457340520988623794e-02
-4.974056532316666335e+00,4.770281104449972109e-02,1.337210483768569956e-02
-4.971558261833333603e+00,4.810632651302083895e-02,1.217080446548516118e-02
-4.969059991349999983e+00,4.851504045717101171e-02,1.167486683510813444e-02
-4.966561720866666363e+00,4.892904123087606083e-02,1.117892920473075730e-02
-4.964063450383333631e+00,4.934841918005992978e-02,1.068299157435373056e-02
-4.961565179900000011e+00,4.977326642948838586e-02,1.018705394397635342e-02
-4.959066909416666391e+00,5.020367719053776823e-02,9.691116313599326682e-03
-4.956568638933333659e+00,5.063974755044476500e-02,9.195178683222299948e-03
-4.954070368450000039e+00,5.108157578320922376e-02,8.699241052845274949e-03
-4.951572097966666419e+00,5.152926214143044997e-02,8.203303422467896067e-03
-4.949073827483333687e+00,5.198290917053061816e-02,7.707365792090870200e-03
-4.946575557000000067e+00,5.244262150336943817e-02,7.211428161713492185e-03
-4.944077286516666447e+00,5.290850617799187222e-02,7.767601207493129295e-03
-4.941579016033333716e+00,5.338067243522674754e-02,8.323774253272766405e-03
-4.939080745550000096e+00,5.385923204017396132e-02,8.879947299052403514e-03
-4.936582475066666476e+00,5.434429908301092321e-02,9.436120344832434406e-03
-4.934084204583333744e+00,5.483599030445171496e-02,9.992293390612071516e-03
-4.931585934100000124e+00,5.533442489999848557e-02,1.054846643639210414e-02
-4.929087663616666504e+00,5.583972484962364258e-02,1.110463948217174125e-02
-4.926589393133333772e+00,5.635201472572338999e-02,1.166081252795137663e-02
-4.924091122650000152e+00,5.687142202729008472e-02,1.221698557373101374e-02
-4.921592852166666532e+00,5.739807699184455020e-02,1.277315861951104636e-02
-4.919094581683332912e+00,5.793211293438831760e-02,1.454085018368196647e-02
-4.916596311200000180e+00,5.847366606361035363e-02,1.630854174785163063e-02
-4.914098040716666560e+00,5.902287582593145759e-02,1.807623331202129480e-02
-4.911599770233332940e+00,5.957988472630505739e-02,1.984392487619095896e-02
-4.909101499750000208e+00,6.014483867768658648e-02,2.161161644036062313e-02
-4.906603229266666588e+00,6.071788682677525112e-02,2.337930800453154323e-02
-4.904104958783332968e+00,6.129918190926757215e-02,2.514699956870246333e-02
-4.901606688300000236e+00,6.188888008091070203e-02,2.691469113287212750e-02
-4.899108417816666616e+00,6.248714127892929238e-02,2.868238269704179166e-02
-4.896610147333332996e+00,6.309412905879001332e-02,3.045007426121145583e-02
-4.894111876850000264e+00,6.371001096221969029e-02,3.331813220561137545e-02
-4.891613606366666644e+00,6.433495836011285385e-02,3.618619015001334205e-02
-4.889115335883333024e+00,6.496914682759136195e-02,3.905424809441530171e-02
-4.886617065400000293e+00,6.561275599352130172e-02,4.192230603881522133e-02
-4.884118794916666673e+00,6.626596992309964629e-02,4.479036398321514789e-02
-4.881620524433333053e+00,6.692897697448235705e-02,4.765842192761506751e-02
-4.879122253950000321e+00,6.760197018942289138e-02,5.052647987201498714e-02
-4.876623983466666701e+00,6.828514715755398812e-02,5.339453781641695373e-02
-4.874125712983333081e+00,6.897871041564375416e-02,5.626259576081890645e-02
-4.871627442500000349e+00,6.968286732011604034e-02,5.913065370521883302e-02
-4.869129172016666729e+00,7.039783045553565932e-02,6.269146948967660449e-02
-4.866630901533333109e+00,7.112381751599960999e-02,6.625228527413437596e-02
-4.864132631050000377e+00,7.186105172351085757e-02,6.981310105859214743e-02
-4.861634360566666757e+00,7.260976171892434550e-02,7.337391684305245854e-02
-4.859136090083333137e+00,7.337018199092190662e-02,7.693473262751276964e-02
-4.856637819600000405e+00,7.414255277725087523e-02,8.049554841197054111e-02
-4.854139549116666785e+00,7.492712050507106814e-02,8.405636419642831259e-02
-4.851641278633333165e+00,7.572413770328455251e-02,8.761717998088608406e-02
-4.849143008150000433e+00,7.653386345508690625e-02,9.117799576534385553e-02
-4.846644737666666813e+00,7.735656332225163134e-02,9.473881154980416663e-02
-4.844146467183333193e+00,7.819250981078583462e-02,9.834690941857175683e-02
-4.841648196700000462e+00,7.904198230810337289e-02,1.019550072873367796e-01
-4.839149926216666842e+00,7.990526756275807829e-02,1.055631051561018163e-01
-4.836651655733333222e+00,8.078265963551591045e-02,1.091712030248668391e-01
-4.834153385249999602e+00,8.167446039422039672e-02,1.127793008936344293e-01
-4.831655114766666870e+00,8.258097947985489073e-02,1.163873987623994521e-01
-4.829156844283333250e+00,8.350253481768003805e-02,1.199954966311670423e-01
-4.826658573799999630e+00,8.443945259947018001e-02,1.236035944999320790e-01
-4.824160303316666898e+00,8.539206781215517850e-02,1.272116923686971157e-01
-4.821662032833333278e+00,8.636072423751109395e-02,1.308197902374621246e-01
-4.819163762349999658e+00,8.734577499964073233e-02,1.337399664893192119e-01
-4.816665491866666926e+00,8.834758258350451643e-02,1.366601427411742176e-01
-4.814167221383333306e+00,8.936651940268368344e-02,1.395803189930313049e-01
-4.811668950899999686e+00,9.040296783825084448e-02,1.425004952448862827e-01
-4.809170680416666954e+00,9.145732082837917942e-02,1.454206714967413161e-01
-4.806672409933333334e+00,9.252998192917669118e-02,1.483408477485962940e-01
-4.804174139449999714e+00,9.362136592783112943e-02,1.512610240004533813e-01
-4.801675868966666982e+00,9.473189892716506189e-02,1.541812002523083869e-01
-4.799177598483333362e+00,9.586201898414752065e-02,1.571013765041654742e-01
-4.796679327999999742e+00,9.701217622006907959e-02,1.600215527560204798e-01
-4.794181057516667011e+00,9.818283348640297059e-02,1.616412067040576550e-01
-4.791682787033333391e+00,9.937446650265552295e-02,1.632608606520948302e-01
-4.789184516549999771e+00,1.005875645517140954e-01,1.648805146001331434e-01
-4.786686246066667039e+00,1.018226306476010673e-01,1.665001685481703186e-01
-4.784187975583333419e+00,1.030801822626233599e-01,1.681198224962086596e-01
-4.781689705099999799e+00,1.043607515274316000e-01,1.697394764442458348e-01
-4.779191434616667067e+00,1.056648859924742972e-01,1.713591303922830100e-01
-4.776693164133333447e+00,1.069931488629581179e-01,1.729787843403201852e-01
-4.774194893649999827e+00,1.083461197973080159e-01,1.745984382883584984e-01
-4.771696623166667095e+00,1.097243951798331230e-01,1.762180922363956737e-01
-4.769198352683333475e+00,1.111285889591067527e-01,1.762702006832133073e-01
-4.766700082199999855e+00,1.125593329613624460e-01,1.763223091300309131e-01
-4.764201811716667123e+00,1.140172777719368064e-01,1.763744175768485190e-01
-4.761703541233333503e+00,1.155030930926531918e-01,1.764265260236661248e-01
-4.759205270749999883e+00,1.170174686697112165e-01,1.764786344704837584e-01
-4.756707000266666263e+00,1.185611146985666164e-01,1.765307429173013920e-01
-4.754208729783333531e+00,1.201347628019052566e-01,1.765828513641189979e-01
-4.751710459299999911e+00,1.217391664857871841e-01,1.766349598109366037e-01
-4.749212188816666291e+00,1.233751021716123497e-01,1.766870682577542095e-01
-4.746713918333333559e+00,1.250433697075709061e-01,1.767391767045718154e-01
-4.744215647849999939e+00,1.267447934587874470e-01,1.754677699989176665e-01
-4.741717377366666319e+00,1.284802228784032441e-01,1.741963632932634898e-01
-4.739219106883333588e+00,1.302505336603737018e-01,1.729249565876102290e-01
-4.736720836399999968e+00,1.320566283748020042e-01,1.716535498819569683e-01
-4.734222565916666348e+00,1.338994376881595116e-01,1.703821431763037353e-01
-4.731724295433333616e+00,1.357799210677870794e-01,1.691107364706504745e-01
-4.729226024949999996e+00,1.376990680746055240e-01,1.678393297649962979e-01
-4.726727754466666376e+00,1.396578991419975269e-01,1.665679230593421489e-01
-4.724229483983333644e+00,1.416574669463696312e-01,1.652965163536888882e-01
-4.721731213500000024e+00,1.436988572659168850e-01,1.640251096480356274e-01
-4.719232943016666404e+00,1.457831904346815477e-01,1.622315696239642058e-01
-4.716734672533333672e+00,1.479116222869766573e-01,1.604380295998928119e-01
-4.714236402050000052e+00,1.500853457008492209e-01,1.586444895758201135e-01
-4.711738131566666432e+00,1.523055916341848337e-01,1.568509495517474150e-01
-4.709239861083333700e+00,1.545736307637093909e-01,1.550574095276759934e-01
-4.706741590600000080e+00,1.568907746190060237e-01,1.532638695036045995e-01
-4.704243320116666460e+00,1.592583773233652022e-01,1.514703294795331778e-01
-4.701745049633333728e+00,1.616778368320845871e-01,1.496767894554617562e-01
-4.699246779150000108e+00,1.641505967815854172e-01,1.478832494313890855e-01
-4.696748508666666488e+00,1.666781478384230242e-01,1.460897094073163871e-01
-4.694250238183333757e+00,1.692620296630885091e-01,1.450259996556703124e-01
-4.691751967700000137e+00,1.719038323761006570e-01,1.439622899040242099e-01
-4.689253697216666517e+00,1.746051986427779867e-01,1.428985801523781352e-01
-4.686755426733333785e+00,1.773678252625648655e-01,1.418348704007320327e-01
-4.684257156250000165e+00,1.801934653807474307e-01,1.407711606490851808e-01
-4.681758885766666545e+00,1.830839302067417407e-01,1.397074508974383567e-01
-4.679260615283332925e+00,1.860410913581765635e-01,1.386437411457922542e-01
-4.676762344800000193e+00,1.890668827131790630e-01,1.375800313941461794e-01
-4.674264074316666573e+00,1.921633028913891927e-01,1.365163216425000769e-01
-4.671765803833332953e+00,1.953324172442329754e-01,1.354526118908548071e-01
-4.669267533350000221e+00,1.985763604761816015e-01,1.365693015040789771e-01
-4.666769262866666601e+00,2.018973387755146620e-01,1.376859911173039519e-01
-4.664270992383332981e+00,2.052976325773754329e-01,1.388026807305281218e-01
-4.661772721900000249e+00,2.087795988354628485e-01,1.399193703437522918e-01
-4.659274451416666629e+00,2.123456739260373982e-01,1.410360599569764894e-01
-4.656776180933333009e+00,2.159983760581988821e-01,1.421527495702014365e-01
-4.654277910450000277e+00,2.197403083147816405e-01,1.432694391834256342e-01
-4.651779639966666657e+00,2.235741611951796437e-01,1.443861287966505813e-01
-4.649281369483333037e+00,2.275027157848393544e-01,1.455028184098747790e-01
-4.646783099000000306e+00,2.315288464197585439e-01,1.466195080230989489e-01
-4.644284828516666686e+00,2.356555239707694704e-01,1.512196572018369434e-01
-4.641786558033333066e+00,2.398858186125729097e-01,1.558198063805782130e-01
-4.639288287550000334e+00,2.442229032019013757e-01,1.604199555593162074e-01
-4.636790017066666714e+00,2.486700561259055364e-01,1.650201047380574770e-01
-4.634291746583333094e+00,2.532306647441998626e-01,1.696202539167954715e-01
-4.631793476100000362e+00,2.579082282811744342e-01,1.742204030955334937e-01
-4.629295205616666742e+00,2.627063612903887124e-01,1.788205522742714881e-01
-4.626796935133333122e+00,2.676287965424151150e-01,1.834207014530127577e-01
-4.624298664650000390e+00,2.726793884554982728e-01,1.880208506317507522e-01
-4.621800394166666770e+00,2.778621159142214969e-01,1.926209998104920218e-01
-4.619302123683333150e+00,2.831810855920985914e-01,2.015023425709528970e-01
-4.616803853200000418e+00,2.886405346159640617e-01,2.103836853314137445e-01
-4.614305582716666798e+00,2.942448336833924372e-01,2.192650280918746197e-01
-4.611807312233333178e+00,2.999984894623413667e-01,2.281463708523417955e-01
-4.609309041750000446e+00,3.059061473780596008e-01,2.370277136128026430e-01
-4.606810771266666826e+00,3.119725936061209515e-01,2.459090563732698187e-01
-4.604312500783333206e+00,3.182027573686431188e-01,2.547903991337306939e-01
-4.601814230299999586e+00,3.246017123402401006e-01,2.636717418941915692e-01
-4.599315959816666854e+00,3.311746782506434505e-01,2.725530846546524444e-01
-4.596817689333333234e+00,3.379270214758849367e-01,2.814344274151195924e-01
-4.594319418849999614e+00,3.448642556923219860e-01,2.946121420669077229e-01
-4.591821148366666883e+00,3.519920413680012738e-01,3.077898567186864720e-01
-4.589322877883333263e+00,3.593161851500359383e-01,3.209675713704652211e-01
-4.586824607399999643e+00,3.668426379019215644e-01,3.341452860222439702e-01
-4.584326336916666911e+00,3.745774924304768327e-01,3.473230006740227194e-01
-4.581828066433333291e+00,3.825269796321514870e-01,3.605007153258108499e-01
-4.579329795949999671e+00,3.906974640756026296e-01,3.736784299775989804e-01
-4.576831525466666939e+00,3.990954377220811700e-01,3.868561446293777295e-01
-4.574333254983333319e+00,4.077275127735828786e-01,4.000338592811564786e-01
-4.571834984499999699e+00,4.166004123177968199e-01,4.132115739329352277e-01
-4.569336714016666967e+00,4.257209597284612457e-01,4.297990943338365621e-01
-4.566838443533333347e+00,4.350960654532284866e-01,4.463866147347496649e-01
-4.564340173049999727e+00,4.447327121119388771e-01,4.629741351356628232e-01
-4.561841902566666995e+00,4.546379364962441216e-01,4.795616555365641576e-01
-4.559343632083333375e+00,4.648188093538468957e-01,4.961491759374654364e-01
-4.556845361599999755e+00,4.752824115036294872e-01,5.127366963383668264e-01
-4.554347091116667023e+00,4.860358071224464283e-01,5.293242167392681052e-01
-4.551848820633333403e+00,4.970860127031809794e-01,5.459117371401812635e-01
-4.549350550149999783e+00,5.084399624815013619e-01,5.624992575410943108e-01
-4.546852279666667052e+00,5.201044687848727088e-01,5.790867779419957007e-01
-4.544354009183333432e+00,5.320861780604253521e-01,5.973763544926500302e-01
-4.541855738699999812e+00,5.443915209940218825e-01,6.156659310433043597e-01
-4.539357468216667080e+00,5.570266574439990404e-01,6.339555075939586892e-01
-4.536859197733333460e+00,5.699974145718791352e-01,6.522450841446260084e-01
-4.534360927249999840e+00,5.833092188757308394e-01,6.705346606952934385e-01
-4.531862656766667108e+00,5.969670204986862183e-01,6.888242372459477680e-01
-4.529364386283333488e+00,6.109752105265527922e-01,7.071138137966020976e-01
-4.526866115799999868e+00,6.253375296699678065e-01,7.254033903472564271e-01
-4.524367845316666248e+00,6.400569690937573109e-01,7.436929668979237462e-01
-4.521869574833333516e+00,6.551356618610685301e-01,7.619825434485780757e-01
-4.519371304349999896e+00,6.705747658626345364e-01,7.797197073224884090e-01
-4.516873033866666276e+00,6.863743368406663992e-01,7.974568711963861967e-01
-4.514374763383333544e+00,7.025331925670207367e-01,8.151940350702839844e-01
-4.511876492899999924e+00,7.190487670212450944e-01,8.329311989441817721e-01
-4.509378222416666304e+00,7.359169559248454062e-01,8.506683628180921053e-01
-4.506879951933333572e+00,7.531319528343176639e-01,8.684055266919898930e-01
-4.504381681449999952e+00,7.706860775800611352e-01,8.861426905659003372e-01
-4.501883410966666332e+00,7.885695967571404452e-01,9.038798544397981249e-01
-4.499385140483333601e+00,8.067705386430796821e-01,9.216170183136958016e-01
-4.496886869999999981e+00,8.252745029175290181e-01,9.393541821875935893e-01
-4.494388599516666361e+00,8.440644683169301610e-01,9.541525440972035144e-01
-4.491890329033333629e+00,8.631205994370019230e-01,9.689509060068030033e-01
-4.489392058550000009e+00,8.824200567357015634e-01,9.837492679164129283e-01
-4.486893788066666389e+00,9.019368119330303246e-01,9.985476298260124173e-01
-4.484395517583333657e+00,9.216414738990887923e-01,1.013345991735611795e+00
-4.481897247100000037e+00,9.415011282909724333e-01,1.028144353645211284e+00
-4.479398976616666417e+00,9.614791970968314949e-01,1.042942715554821209e+00
-4.476900706133333685e+00,9.815353223721176024e-01,1.057741077464420698e+00
-4.474402435650000065e+00,1.001625281269112433e+00,1.072539439374030623e+00
-4.471904165166666445e+00,1.021700937443856816e+00,1.087337801283630112e+00
-4.469405894683333713e+00,1.041710236541832035e+00,1.097144187397790738e+00
-4.466907624200000093e+00,1.061597251171739753e+00,1.106950573511951363e+00
-4.464409353716666473e+00,1.081302283053119151e+00,1.116756959626119095e+00
-4.461911083233333741e+00,1.100762027309143409e+00,1.126563345740279720e+00
-4.459412812750000121e+00,1.119909805665854741e+00,1.136369731854447451e+00
-4.456914542266666501e+00,1.138675872047496318e+00,1.146176117968608077e+00
-4.454416271783333769e+00,1.156987795248009210e+00,1.155982504082768703e+00
-4.451918001300000149e+00,1.174770919450779827e+00,1.165788890196929328e+00
-4.449419730816666529e+00,1.191948903927444015e+00,1.175595276311097059e+00
-4.446921460333332909e+00,1.208444338729753875e+00,1.185401662425260128e+00
-4.444423189850000178e+00,1.224179433214363621e+00,1.188905553623032629e+00
-4.441924919366666558e+00,1.239076769293641522e+00,1.192409444820804909e+00
-4.439426648883332938e+00,1.253060111062245685e+00,1.195913336018577189e+00
-4.436928378400000206e+00,1.266055257419953284e+00,1.199417227216349691e+00
-4.434430107916666586e+00,1.277990924222376590e+00,1.202921118414124413e+00
-4.431931837433332966e+00,1.288799637864382008e+00,1.206425009611899357e+00
-4.429433566950000234e+00,1.298418622790103116e+00,1.209928900809671637e+00
-4.426935296466666614e+00,1.306790661731442205e+00,1.213432792007443917e+00
-4.424437025983332994e+00,1.313864909250388902e+00,1.216936683205216418e+00
-4.421938755500000262e+00,1.319597636845741162e+00,1.220440574402988698e+00
-4.419440485016666642e+00,1.323952891183387326e+00,1.217331160510164656e+00
-4.416942214533333022e+00,1.326903046276744158e+00,1.214221746617340836e+00
-4.414443944050000290e+00,1.328429235310162770e+00,1.211112332724519014e+00
-4.411945673566666670e+00,1.328521648511713726e+00,1.208002918831697192e+00
-4.409447403083333050e+00,1.327179689598325441e+00,1.204893504938875592e+00
-4.406949132600000318e+00,1.324411984989170454e+00,1.201784091046053771e+00
-4.404450862116666698e+00,1.320236246719701079e+00,1.198674677153229728e+00
-4.401952591633333078e+00,1.314678991885620096e+00,1.195565263260405686e+00
-4.399454321150000347e+00,1.307775128010442600e+00,1.192455849367584086e+00
-4.396956050666666727e+00,1.299567415055514319e+00,1.189346435474762265e+00
-4.394457780183333107e+00,1.290105820438067985e+00,1.180354701335183165e+00
-4.391959509700000375e+00,1.279446783530090670e+00,1.171362967195603844e+00
-4.389461239216666755e+00,1.267652410332706703e+00,1.162371233056018305e+00
-4.386962968733333135e+00,1.254789617569784133e+00,1.153379498916432766e+00
-4.384464698250000403e+00,1.240929248082129899e+00,1.144387764776853444e+00
-4.381966427766666783e+00,1.226145176414502824e+00,1.135396030637274345e+00
-4.379468157283333163e+00,1.210513424726355813e+00,1.126404296497695245e+00
-4.376969886800000431e+00,1.194111304954972308e+00,1.117412562358115924e+00
-4.374471616316666811e+00,1.177016603430798947e+00,1.108420828218530385e+00
-4.371973345833333191e+00,1.159306819229703134e+00,1.099429094078944846e+00
-4.369475075350000459e+00,1.141058467381606656e+00,1.086144136864099830e+00
-4.366976804866666839e+00,1.122346452953401297e+00,1.072859179649254813e+00
-4.364478534383333219e+00,1.103243521913690239e+00,1.059574222434409796e+00
-4.361980263899999599e+00,1.083819789831521163e+00,1.046289265219555453e+00
-4.359481993416666867e+00,1.064142349763705919e+00,1.033004308004710214e+00
-4.356983722933333247e+00,1.044274956350741412e+00,1.019719350789855872e+00
-4.354485452449999627e+00,1.024277784046242035e+00,1.006434393575010855e+00
-4.351987181966666896e+00,1.004207253699719748e+00,9.931494363601658382e-01
-4.349488911483333275e+00,9.841159232560805492e-01,9.798644791453208214e-01
-4.346990640999999655e+00,9.640524352344278514e-01,9.665795219304648134e-01
-4.344492370516666924e+00,9.440615157571391469e-01,9.510849598800293903e-01
-4.341994100033333304e+00,9.241840172942661358e-01,9.355903978295830870e-01
-4.339495829549999684e+00,9.044569998289201385e-01,9.200958357791476638e-01
-4.336997559066666952e+00,8.849138428934518741e-01,9.046012737287123517e-01
-4.334499288583333332e+00,8.655843837514942685e-01,8.891067116782769286e-01
-4.332001018099999712e+00,8.464950749521108486e-01,8.736121496278305143e-01
-4.329502747616666980e+00,8.276691574592798251e-01,8.581175875773952022e-01
-4.327004477133333360e+00,8.091268435989424912e-01,8.426230255269487879e-01
-4.324506206649999740e+00,7.908855070912967911e-01,8.271284634765134758e-01
-4.322007936166667008e+00,7.729598754762720958e-01,8.116339014260780527e-01
-4.319509665683333388e+00,7.553622232440325712e-01,7.960562213084261263e-01
-4.317011395199999768e+00,7.381025619694308038e-01,7.804785411907630976e-01
-4.314513124716667036e+00,7.211888266914535661e-01,7.649008610731112823e-01
-4.312014854233333416e+00,7.046270556847811228e-01,7.493231809554482536e-01
-4.309516583749999796e+00,6.884215636336652455e-01,7.337455008377963273e-01
-4.307018313266667064e+00,6.725751060348832411e-01,7.181678207201444009e-01
-4.304520042783333444e+00,6.570890354390578336e-01,7.025901406024924745e-01
-4.302021772299999824e+00,6.419634478704505653e-01,6.870124604848295569e-01
-4.299523501816667093e+00,6.271973204751091213e-01,6.714347803671776305e-01
-4.297025231333333473e+00,6.127886391028267710e-01,6.558571002495146018e-01
-4.294526960849999853e+00,5.987345171776518038e-01,6.419394681365524491e-01
-4.292028690366667121e+00,5.850313048051799525e-01,6.280218360235902963e-01
-4.289530419883333501e+00,5.716746896671078826e-01,6.141042039106282546e-01
-4.287032149399999881e+00,5.586597887981754607e-01,6.001865717976562209e-01
-4.284533878916666261e+00,5.459812329085573790e-01,5.862689396846841872e-01
-4.282035608433333529e+00,5.336332424224456972e-01,5.723513075717220344e-01
-4.279537337949999909e+00,5.216096969481509582e-01,5.584336754587598817e-01
-4.277039067466666289e+00,5.099041973756855972e-01,5.445160433457978399e-01
-4.274540796983333557e+00,4.985101223279186367e-01,5.305984112328356872e-01
-4.272042526499999937e+00,4.874206781527875565e-01,5.166807791198636535e-01
-4.269544256016666317e+00,4.766289441665734206e-01,5.054861901957542480e-01
-4.267045985533333585e+00,4.661279123062816443e-01,4.942916012716527252e-01
-4.264547715049999965e+00,4.559105228691391898e-01,4.830970123475512579e-01
-4.262049444566666345e+00,4.459696954561360172e-01,4.719024234234497905e-01
-4.259551174083333613e+00,4.362983567575114963e-01,4.607078344993483232e-01
-4.257052903599999993e+00,4.268894642508214710e-01,4.495132455752389178e-01
-4.254554633116666373e+00,4.177360274066130308e-01,4.383186566511294568e-01
-4.252056362633333642e+00,4.088311254251858484e-01,4.271240677270279895e-01
-4.249558092150000022e+00,4.001679230572859347e-01,4.159294788029265222e-01
-4.247059821666666402e+00,3.917396834869139588e-01,4.047348898788250549e-01
-4.244561551183333670e+00,3.835397797896861194e-01,3.965439372297830389e-01
-4.242063280700000050e+00,3.755617039030552107e-01,3.883529845807351943e-01
-4.239565010216666430e+00,3.677990745863176647e-01,3.801620319316872942e-01
-4.237066739733333698e+00,3.602456432690199772e-01,3.719710792826452783e-01
-4.234568469250000078e+00,3.528952992345452122e-01,3.637801266336032624e-01
-4.232070198766666458e+00,3.457420730042105039e-01,3.555891739845612465e-01
-4.229571928283333726e+00,3.387801393419256901e-01,3.473982213355192306e-01
-4.227073657800000106e+00,3.320038187157698384e-01,3.392072686864713305e-01
-4.224575387316666486e+00,3.254075786140037674e-01,3.310163160374234859e-01
-4.222077116833333754e+00,3.189860335269252278e-01,3.228253633883814699e-01
-4.219578846350000134e+00,3.127339449733916310e-01,3.172377668763710634e-01
-4.217080575866666514e+00,3.066462203620877736e-01,3.116501703643606569e-01
-4.214582305383333782e+00,3.007179120510996562e-01,3.060625738523502504e-01
-4.212084034900000162e+00,2.949442153777307452e-01,3.004749773403358470e-01
-4.209585764416666542e+00,2.893204670098475373e-01,2.948873808283214992e-01
-4.207087493933332922e+00,2.838421423753049178e-01,2.892997843163110927e-01
-4.204589223450000190e+00,2.785048535110376533e-01,2.837121878043006862e-01
-4.202090952966666570e+00,2.733043460753371012e-01,2.781245912922902797e-01
-4.199592682483332950e+00,2.682364968573726083e-01,2.725369947802758763e-01
-4.197094412000000219e+00,2.632973105164361782e-01,2.669493982682654698e-01
-4.194596141516666599e+00,2.584829168792727727e-01,2.631417066367366386e-01
-4.192097871033332979e+00,2.537895675185917188e-01,2.593340150052104720e-01
-4.189599600550000247e+00,2.492136329369607772e-01,2.555263233736843609e-01
-4.187101330066666627e+00,2.447515990711558176e-01,2.517186317421582498e-01
-4.184603059583333007e+00,2.404000644382784102e-01,2.479109401106293908e-01
-4.182104789100000275e+00,2.361557366318328410e-01,2.441032484791032520e-01
-4.179606518616666655e+00,2.320154294872114609e-01,2.402955568475744208e-01
-4.177108248133333035e+00,2.279760596188331045e-01,2.364878652160482819e-01
-4.174609977650000303e+00,2.240346436473751590e-01,2.326801735845221430e-01
-4.172111707166666683e+00,2.201882948141458407e-01,2.288724819529960042e-01
-4.169613436683333063e+00,2.164342203007293131e-01,2.259241391215410788e-01
-4.167115166200000331e+00,2.127697179463585164e-01,2.229757962900882351e-01
-4.164616895716666711e+00,2.091921736814105204e-01,2.200274534586332820e-01
-4.162118625233333091e+00,2.056990583653773852e-01,2.170791106271804383e-01
-4.159620354750000359e+00,2.022879253484271278e-01,2.141307677957275946e-01
-4.157122084266666739e+00,1.989564074412004946e-01,2.111824249642747786e-01
-4.154623813783333119e+00,1.957022146130480145e-01,2.082340821328198255e-01
-4.152125543300000388e+00,1.925231310999622192e-01,2.052857393013669818e-01
-4.149627272816666768e+00,1.894170132437947018e-01,2.023373964699120564e-01
-4.147129002333333148e+00,1.863817867408710249e-01,1.993890536384592127e-01
-4.144630731850000416e+00,1.834154446232198477e-01,1.965769951278287797e-01
-4.142132461366666796e+00,1.805160446475841118e-01,1.937649366171983745e-01
-4.139634190883333176e+00,1.776817074172456490e-01,1.909528781065659431e-01
-4.137135920400000444e+00,1.749106139090422507e-01,1.881408195959355378e-01
-4.134637649916666824e+00,1.722010037325769349e-01,1.853287610853031064e-01
-4.132139379433333204e+00,1.695511727913263655e-01,1.825167025746726734e-01
-4.129641108949999584e+00,1.669594716747422602e-01,1.797046440640422682e-01
-4.127142838466666852e+00,1.644243034484685062e-01,1.768925855534118352e-01
-4.124644567983333232e+00,1.619441221739599535e-01,1.740805270427794316e-01
-4.122146297499999612e+00,1.595174308221121162e-01,1.712684685321468614e-01
-4.119648027016666880e+00,1.571427799144561044e-01,1.682490624385561129e-01
-4.117149756533333260e+00,1.548187655540655960e-01,1.652296563449653644e-01
-4.114651486049999640e+00,1.525440281820586164e-01,1.622102502513746158e-01
-4.112153215566666908e+00,1.503172507194167618e-01,1.591908441577838673e-01
-4.109654945083333288e+00,1.481371574323845641e-01,1.561714380641909816e-01
-4.107156674599999668e+00,1.460025121787672520e-01,1.531520319705980959e-01
-4.104658404116666937e+00,1.439121173758104999e-01,1.501326258770073474e-01
-4.102160133633333317e+00,1.418648123445964138e-01,1.471132197834165989e-01
-4.099661863149999697e+00,1.398594723740869683e-01,1.440938136898258504e-01
-4.097163592666666965e+00,1.378950071573734337e-01,1.410744075962351018e-01
-4.094665322183333345e+00,1.359703599457394718e-01,1.379134297357327843e-01
-4.092167051699999725e+00,1.340845060707231140e-01,1.347524518752304667e-01
-4.089668781216666993e+00,1.322364521822798900e-01,1.315914740147303974e-01
-4.087170510733333373e+00,1.304252348508605497e-01,1.284304961542303281e-01
-4.084672240249999753e+00,1.286499198840151126e-01,1.252695182937302310e-01
-4.082173969766667021e+00,1.269096010029617250e-01,1.221085404332301755e-01
-4.079675699283333401e+00,1.252033992322562905e-01,1.189475625727278579e-01
-4.077177428799999781e+00,1.235304616456159715e-01,1.157865847122255265e-01
-4.074679158316667049e+00,1.218899608235718690e-01,1.126256068517254572e-01
-4.072180887833333429e+00,1.202810936636081324e-01,1.094646289912253878e-01
-4.069682617349999809e+00,1.187030809010120591e-01,1.065264327902793462e-01
-4.067184346866667077e+00,1.171551659786878447e-01,1.035882365893332907e-01
-4.064686076383333457e+00,1.156366146267133882e-01,1.006500403883851535e-01
-4.062187805899999837e+00,1.141467137874801752e-01,9.771184418743703026e-02
-4.059689535416667105e+00,1.126847712497558024e-01,9.477364798649097477e-02
-4.057191264933333485e+00,1.112501146250856748e-01,9.183545178554493316e-02
-4.054692994449999865e+00,1.098420910324417882e-01,8.889725558459887766e-02
-4.052194723966666245e+00,1.084600661220956330e-01,8.595905938365075438e-02
-4.049696453483333514e+00,1.071034238072015032e-01,8.302086318270469889e-02
-4.047198182999999894e+00,1.057715653316134430e-01,8.008266698175656173e-02
-4.044699912516666274e+00,1.044639090450069779e-01,7.783218491464337363e-02
-4.042201642033333542e+00,1.031798895113622827e-01,7.558170284753018553e-02
-4.039703371549999922e+00,1.019189573244697194e-01,7.333122078041698355e-02
-4.037205101066666302e+00,1.006805782540378252e-01,7.108073871330219951e-02
-4.034706830583333570e+00,9.946423309865694284e-02,6.883025664618899753e-02
-4.032208560099999950e+00,9.826941686670946641e-02,6.657977457907421348e-02
-4.029710289616666330e+00,9.709563866408274513e-02,6.432929251196102538e-02
-4.027212019133333598e+00,9.594242090726730343e-02,6.207881044484783034e-02
-4.024713748649999978e+00,9.480929924330802616e-02,5.982832837773463530e-02
-4.022215478166666358e+00,9.369582179267121891e-02,5.757784631062058678e-02
-4.019717207683333626e+00,9.260154909911205712e-02,5.637070804984146977e-02
-4.017218937200000006e+00,9.152605340007065327e-02,5.516356978906149233e-02
-4.014720666716666386e+00,9.046891860430844590e-02,5.395643152828237532e-02
-4.012222396233333654e+00,8.942973958776199994e-02,5.274929326750325831e-02
-4.009724125750000034e+00,8.840812219696132790e-02,5.154215500672414130e-02
-4.007225855266666414e+00,8.740368256842956374e-02,5.033501674594416386e-02
-4.004727584783333683e+00,8.641604715604646325e-02,4.912787848516504685e-02
-4.002229314300000063e+00,8.544485207222253520e-02,4.792074022438506942e-02
-3.999731043816666887e+00,8.448974313751353438e-02,4.671360196360595241e-02
-3.997232773333333267e+00,8.355037524193406617e-02,4.550646370282683539e-02
-3.994734502850000091e+00,8.262641241525535418e-02,4.543829064580098831e-02
-3.992236232366666471e+00,8.171752720694627770e-02,4.537011758877509265e-02
-3.989737961883333295e+00,8.082340077570687731e-02,4.530194453174924557e-02
-3.987239691400000119e+00,7.994372228664196889e-02,4.523377147472334991e-02
-3.984741420916666499e+00,7.907818901869177741e-02,4.516559841769750283e-02
-3.982243150433333323e+00,7.822650577774602210e-02,4.509742536067165575e-02
-3.979744879950000147e+00,7.738838502073902559e-02,4.502925230364580866e-02
-3.977246609466666527e+00,7.656354628351060010e-02,4.496107924661991301e-02
-3.974748338983333351e+00,7.575171632042246306e-02,4.489290618959406592e-02
-3.972250068500000175e+00,7.495262854586529078e-02,4.482473313256817027e-02
-3.969751798016666555e+00,7.416602318834153440e-02,4.568429108503802710e-02
-3.967253527533333379e+00,7.339164674459851267e-02,4.654384903750788394e-02
-3.964755257050000203e+00,7.262925214720347689e-02,4.740340698997774771e-02
-3.962256986566666583e+00,7.187859823036088502e-02,4.826296494244821517e-02
-3.959758716083333407e+00,7.113944991007740970e-02,4.912252289491807200e-02
-3.957260445600000232e+00,7.041157766079275682e-02,4.998208084738853946e-02
-3.954762175116666612e+00,6.969475770730179653e-02,5.084163879985839629e-02
-3.952263904633333436e+00,6.898877151139176656e-02,5.170119675232826006e-02
-3.949765634149999816e+00,6.829340597475240526e-02,5.256075470479872752e-02
-3.947267363666666640e+00,6.760845293487255381e-02,5.342031265726858436e-02
-3.944769093183333464e+00,6.693370937822605560e-02,5.475309408967136277e-02
-3.942270822699999844e+00,6.626897694473669886e-02,5.608587552207509180e-02
-3.939772552216666668e+00,6.561406215058233904e-02,5.741865695447787021e-02
-3.937274281733333492e+00,6.496877590058725005e-02,5.875143838688065556e-02
-3.934776011249999872e+00,6.433293372003409671e-02,6.008421981928437766e-02
-3.932277740766666696e+00,6.370635527439229284e-02,6.141700125168715607e-02
-3.929779470283333520e+00,6.308886460957288667e-02,6.274978268408994142e-02
-3.927281199799999900e+00,6.248028967844492659e-02,6.408256411649367046e-02
-3.924782929316666724e+00,6.188046258900795765e-02,6.541534554889644193e-02
-3.922284658833333548e+00,6.128921913718956421e-02,6.674812698129922728e-02
-3.919786388349999928e+00,6.070639906245108713e-02,6.800023247588356246e-02
-3.917288117866666752e+00,6.013184558639331906e-02,6.925233797046702333e-02
-3.914789847383333132e+00,5.956540567534803626e-02,7.050444346505135851e-02
-3.912291576899999956e+00,5.900692958435253821e-02,7.175654895963480551e-02
-3.909793306416666780e+00,5.845627112631247152e-02,7.300865445421825251e-02
-3.907295035933333160e+00,5.791328722093852521e-02,7.426075994880171338e-02
-3.904796765449999985e+00,5.737783817009371734e-02,7.551286544338604856e-02
-3.902298494966666809e+00,5.684978721131696278e-02,7.676497093796949556e-02
-3.899800224483333189e+00,5.632900079899574863e-02,7.801707643255384461e-02
-3.897301954000000013e+00,5.581534816212618821e-02,7.926918192713729161e-02
-3.894803683516666837e+00,5.530870159097969058e-02,7.995760827191733533e-02
-3.892305413033333217e+00,5.480893599877346978e-02,8.064603461669739293e-02
-3.889807142550000041e+00,5.431592921352366987e-02,8.133446096147792237e-02
-3.887308872066666865e+00,5.382956154332321774e-02,8.202288730625797997e-02
-3.884810601583333245e+00,5.334971607309473007e-02,8.271131365103850941e-02
-3.882312331100000069e+00,5.287627823319494824e-02,8.339973999581856701e-02
-3.879814060616666893e+00,5.240913610080230600e-02,8.408816634059861073e-02
-3.877315790133333273e+00,5.194817997158407419e-02,8.477659268537865445e-02
-3.874817519650000097e+00,5.149330266547302859e-02,8.546501903015919777e-02
-3.872319249166666477e+00,5.104439910115360357e-02,8.615344537493924149e-02
-3.869820978683333301e+00,5.060136660599705988e-02,8.600460057910387646e-02
-3.867322708200000125e+00,5.016410449314080006e-02,8.585575578326862245e-02
-3.864824437716666505e+00,4.973251437536705538e-02,8.570691098743336844e-02
-3.862326167233333329e+00,4.930649974456448315e-02,8.555806619159811444e-02
-3.859827896750000154e+00,4.888596628935317628e-02,8.540922139576274941e-02
-3.857329626266666533e+00,4.847082147672936853e-02,8.526037659992749540e-02
-3.854831355783333358e+00,4.806097487325213663e-02,8.511153180409213037e-02
-3.852333085300000182e+00,4.765633772868772128e-02,8.496268700825687636e-02
-3.849834814816666562e+00,4.725682330058663533e-02,8.481384221242162236e-02
-3.847336544333333386e+00,4.686234643975512731e-02,8.466499741658636835e-02
-3.844838273850000210e+00,4.647282391806210194e-02,8.367833922052204942e-02
-3.842340003366666590e+00,4.608817401557856880e-02,8.269168102445842439e-02
-3.839841732883333414e+00,4.570831685146441864e-02,8.170502282839410546e-02
-3.837343462399999794e+00,4.533317397262556780e-02,8.071836463233049430e-02
-3.834845191916666618e+00,4.496266868754419249e-02,7.973170643626686926e-02
-3.832346921433333442e+00,4.459672565631113417e-02,7.874504824020324423e-02
-3.829848650949999822e+00,4.423527122726943900e-02,7.775839004413892530e-02
-3.827350380466666646e+00,4.387823302829382127e-02,7.677173184807531414e-02
-3.824852109983333470e+00,4.352554030612600100e-02,7.578507365201099522e-02
-3.822353839499999850e+00,4.317712351877803917e-02,7.479841545594737018e-02
-3.819855569016666674e+00,4.283291467744671649e-02,7.322019907284026130e-02
-3.817357298533333498e+00,4.249284693992686629e-02,7.164198268973313855e-02
-3.814859028049999878e+00,4.215685495499978119e-02,7.006376630662490557e-02
-3.812360757566666702e+00,4.182487445674847731e-02,6.848554992351778281e-02
-3.809862487083333527e+00,4.149684261132400437e-02,6.690733354040954983e-02
-3.807364216599999907e+00,4.117269761206011208e-02,6.532911715730244095e-02
-3.804865946116666731e+00,4.085237902852616870e-02,6.375090077419531820e-02
-3.802367675633333555e+00,4.053582740234813048e-02,6.217268439108820932e-02
-3.799869405149999935e+00,4.022298459846262997e-02,6.059446800797996940e-02
-3.797371134666666759e+00,3.991379340155511157e-02,5.901625162487285359e-02
-3.794872864183333139e+00,3.960819786943516746e-02,5.723922989263836164e-02
-3.792374593699999963e+00,3.930614293000958548e-02,5.546220816040513951e-02
-3.789876323216666787e+00,3.900757473670459635e-02,5.368518642817191044e-02
-3.787378052733333167e+00,3.871244026589548692e-02,5.190816469593741850e-02
-3.784879782249999991e+00,3.842068767430655701e-02,5.013114296370418943e-02
-3.782381511766666815e+00,3.813226589682335715e-02,4.835412123147096730e-02
-3.779883241283333195e+00,3.784712500580630912e-02,4.657709949923647536e-02
-3.777384970800000019e+00,3.756521580921638737e-02,4.480007776700324629e-02
-3.774886700316666843e+00,3.728649021178209733e-02,4.302305603477002416e-02
-3.772388429833333223e+00,3.701090081337284066e-02,4.124603430253567793e-02
-3.769890159350000047e+00,3.673840127196353195e-02,3.967404810285390243e-02
-3.767391888866666871e+00,3.646894590219498800e-02,3.810206190317213387e-02
-3.764893618383333251e+00,3.620249004008148364e-02,3.653007570348924121e-02
-3.762395347900000075e+00,3.593898964170219590e-02,3.495808950380747265e-02
-3.759897077416666900e+00,3.567840164960248139e-02,3.338610330412569716e-02
-3.757398806933333280e+00,3.542068359156107932e-02,3.181411710444281143e-02
-3.754900536450000104e+00,3.516579394864000757e-02,3.024213090476103594e-02
-3.752402265966666484e+00,3.491369175397519842e-02,2.867014470507814675e-02
-3.749903995483333308e+00,3.466433696243209628e-02,2.709815850539637472e-02
-3.747405725000000132e+00,3.441769004937342280e-02,2.552617230571460269e-02
-3.744907454516666512e+00,3.417371238187773275e-02,2.445072970773630450e-02
-3.742409184033333336e+00,3.393236581743899749e-02,2.337528710975723956e-02
-3.739910913550000160e+00,3.369361307671217554e-02,2.229984451177894136e-02
-3.737412643066666540e+00,3.345741734209969898e-02,2.122440191379987989e-02
-3.734914372583333364e+00,3.322374263198996786e-02,2.014895931582157823e-02
-3.732416102100000188e+00,3.299255339918948787e-02,1.907351671784328004e-02
-3.729917831616666568e+00,3.276381490662125945e-02,1.799807411986498185e-02
-3.727419561133333392e+00,3.253749282556460398e-02,1.692263152188591691e-02
-3.724921290650000216e+00,3.231355361278220872e-02,1.584718892390761871e-02
-3.722423020166666596e+00,3.209196410853176057e-02,1.477174632592855551e-02
-3.719924749683333420e+00,3.187269191509214949e-02,1.429940133210188223e-02
-3.717426479199999800e+00,3.165570499451221542e-02,1.382705633827520895e-02
-3.714928208716666624e+00,3.144097204851035998e-02,1.335471134444853568e-02
-3.712429938233333448e+00,3.122846211592709281e-02,1.288236635062152760e-02
-3.709931667749999828e+00,3.101814495397269694e-02,1.241002135679485432e-02
-3.707433397266666653e+00,3.080999063535237378e-02,1.193767636296784451e-02
-3.704935126783333477e+00,3.060396993083929276e-02,1.146533136914117124e-02
-3.702436856299999857e+00,3.040005390604257063e-02,1.099298637531449796e-02
-3.699938585816666681e+00,3.019821430528304290e-02,1.052064138148782468e-02
-3.697440315333333505e+00,2.999842314797701234e-02,1.004829638766081661e-02
-3.694942044849999885e+00,2.980065311379463677e-02,1.009711788797993531e-02
-3.692443774366666709e+00,2.960487713863124704e-02,1.014593938829908698e-02
-3.689945503883333533e+00,2.941106880103015395e-02,1.019476088861820569e-02
-3.687447233399999913e+00,2.921920191771736411e-02,1.024358238893732440e-02
-3.684948962916666737e+00,2.902925093126925565e-02,1.029240388925644137e-02
-3.682450692433333561e+00,2.884119050518676314e-02,1.034122538957559477e-02
-3.679952421949999941e+00,2.865499591279285080e-02,1.039004688989471348e-02
-3.677454151466666765e+00,2.847064263182162713e-02,1.043886839021386688e-02
-3.674955880983333145e+00,2.828810673453097460e-02,1.048768989053298385e-02
-3.672457610499999969e+00,2.810736448178450392e-02,1.053651139085210256e-02
-3.669959340016666793e+00,2.792839271436439730e-02,1.089510791692391289e-02
-3.667461069533333173e+00,2.775116844652640233e-02,1.125370444299597997e-02
-3.664962799049999997e+00,2.757566925849911504e-02,1.161230096906779030e-02
-3.662464528566666822e+00,2.740187288949126956e-02,1.197089749513985564e-02
-3.659966258083333202e+00,2.722975763136586611e-02,1.232949402121166771e-02
-3.657467987600000026e+00,2.705930192108081667e-02,1.268809054728347804e-02
-3.654969717116666850e+00,2.689048473552556329e-02,1.304668707335528838e-02
-3.652471446633333230e+00,2.672328518337719477e-02,1.340528359942735545e-02
-3.649973176150000054e+00,2.655768290108966381e-02,1.376388012549916579e-02
-3.647474905666666878e+00,2.639365764414657381e-02,1.412247665157123112e-02
-3.644976635183333258e+00,2.623118968419358918e-02,1.454449307741818506e-02
-3.642478364700000082e+00,2.607025939967175590e-02,1.496650950326513900e-02
-3.639980094216666462e+00,2.591084767408306094e-02,1.538852592911239478e-02
-3.637481823733333286e+00,2.575293548598818483e-02,1.581054235495934698e-02
-3.634983553250000110e+00,2.559650430839814292e-02,1.623255878080630266e-02
-3.632485282766666490e+00,2.544153569811943502e-02,1.665457520665355670e-02
-3.629987012283333314e+00,2.528801169626435433e-02,1.707659163250051237e-02
-3.627488741800000138e+00,2.513591441692940645e-02,1.749860805834746458e-02
-3.624990471316666518e+00,2.498522644881614671e-02,1.792062448419471862e-02
-3.622492200833333342e+00,2.483593044322947307e-02,1.834264091004167430e-02
-3.619993930350000166e+00,2.468800951680216044e-02,1.863979586201972016e-02
-3.617495659866666546e+00,2.454144683879858416e-02,1.893695081399798114e-02
-3.614997389383333370e+00,2.439622603493784431e-02,1.923410576597602700e-02
-3.612499118900000195e+00,2.425233077398961448e-02,1.953126071795407634e-02
-3.610000848416666575e+00,2.410974517268988163e-02,1.982841566993233384e-02
-3.607502577933333399e+00,2.396845338161613867e-02,2.012557062191037971e-02
-3.605004307450000223e+00,2.382843999119129558e-02,2.042272557388842905e-02
-3.602506036966666603e+00,2.368968961682570498e-02,2.071988052586668655e-02
-3.600007766483333427e+00,2.355218730600462315e-02,2.101703547784473242e-02
-3.597509495999999807e+00,2.341591812268409289e-02,2.131419042982278175e-02
-3.595011225516666631e+00,2.328086755546079217e-02,2.141434301334637844e-02
-3.592512955033333455e+00,2.314702110120804915e-02,2.151449559686990226e-02
-3.590014684549999835e+00,2.301436467432284652e-02,2.161464818039349547e-02
-3.587516414066666659e+00,2.288288418959479043e-02,2.171480076391701930e-02
-3.585018143583333483e+00,2.275256597252466040e-02,2.181495334744054312e-02
-3.582519873099999863e+00,2.262339634141546582e-02,2.191510593096406695e-02
-3.580021602616666687e+00,2.249536201876061250e-02,2.201525851448766363e-02
-3.577523332133333511e+00,2.236844971254545525e-02,2.211541109801118399e-02
-3.575025061649999891e+00,2.224264652870342959e-02,2.221556368153478067e-02
-3.572526791166666715e+00,2.211793955161785522e-02,2.231571626505830450e-02
-3.570028520683333539e+00,2.199431625764392342e-02,2.226740593664061976e-02
-3.567530250199999919e+00,2.187176409480012448e-02,2.221909560822293503e-02
-3.565031979716666743e+00,2.175027089735478980e-02,2.217078527980521560e-02
-3.562533709233333568e+00,2.162982446469798731e-02,2.212247495138753087e-02
-3.560035438749999948e+00,2.151041297699054014e-02,2.207416462296981144e-02
-3.557537168266666772e+00,2.139202457320655421e-02,2.202585429455212324e-02
-3.555038897783333152e+00,2.127464776784463579e-02,2.197754396613443850e-02
-3.552540627299999976e+00,2.115827102813199606e-02,2.192923363771675377e-02
-3.550042356816666800e+00,2.104288319179613981e-02,2.188092330929903434e-02
-3.547544086333333180e+00,2.092847304342138406e-02,2.183261298088134961e-02
-3.545045815850000004e+00,2.081502973328160089e-02,2.175861998175224188e-02
-3.542547545366666828e+00,2.070254235283986236e-02,2.168462698262318966e-02
-3.540049274883333208e+00,2.059100035464136655e-02,2.161063398349413398e-02
-3.537551004400000032e+00,2.048039312694810779e-02,2.153664098436508176e-02
-3.535052733916666856e+00,2.037071041469213847e-02,2.146264798523597403e-02
-3.532554463433333236e+00,2.026194189323638623e-02,2.138865498610692181e-02
-3.530056192950000060e+00,2.015407759038830710e-02,2.131466198697781408e-02
-3.527557922466666884e+00,2.004710745927936258e-02,2.124066898784876187e-02
-3.525059651983333264e+00,1.994102180143873804e-02,2.116667598871970618e-02
-3.522561381500000088e+00,1.983581083878341658e-02,2.109268298959065396e-02
-3.520063111016666468e+00,1.973146513775297928e-02,2.111490770420482166e-02
-3.517564840533333292e+00,1.962797518040203942e-02,2.113713241881897201e-02
-3.515066570050000117e+00,1.952533178959715843e-02,2.115935713343313970e-02
-3.512568299566666497e+00,1.942352569920373015e-02,2.118158184804729352e-02
-3.510070029083333321e+00,1.932254798034550164e-02,2.120380656266144387e-02
-3.507571758600000145e+00,1.922238961067904497e-02,2.122603127727559422e-02
-3.505073488116666525e+00,1.912304190171705900e-02,2.124825599188976191e-02
-3.502575217633333349e+00,1.902449606718197017e-02,2.127048070650391573e-02
-3.500076947150000173e+00,1.892674365139514550e-02,2.129270542111808343e-02
-3.497578676666666553e+00,1.882977609670222902e-02,2.131493013573223377e-02
-3.495080406183333377e+00,1.873358517292960518e-02,2.148397033239601156e-02
-3.492582135700000201e+00,1.863816254387412608e-02,2.165301052905978935e-02
-3.490083865216666581e+00,1.854350019782802575e-02,2.182205072572368856e-02
-3.487585594733333405e+00,1.844959001312691110e-02,2.199109092238746635e-02
-3.485087324250000229e+00,1.835642418974451837e-02,2.216013111905136210e-02
-3.482589053766666609e+00,1.826399481389141474e-02,2.232917131571513988e-02
-3.480090783283333433e+00,1.817229429068172725e-02,2.249821151237891767e-02
-3.477592512799999813e+00,1.808131490777610192e-02,2.266725170904281689e-02
-3.475094242316666637e+00,1.799104926912247632e-02,2.283629190570659467e-02
-3.472595971833333461e+00,1.790148985763525061e-02,2.300533210237037246e-02
-3.470097701349999841e+00,1.781262947001346214e-02,2.326603878729448238e-02
-3.467599430866666665e+00,1.772446077844948634e-02,2.352674547221840495e-02
-3.465101160383333490e+00,1.763697676652620575e-02,2.378745215714233099e-02
-3.462602889899999870e+00,1.755017028994882225e-02,2.404815884206644092e-02
-3.460104619416666694e+00,1.746403451352345274e-02,2.430886552699036349e-02
-3.457606348933333518e+00,1.737856247090549880e-02,2.456957221191428606e-02
-3.455108078449999898e+00,1.729374750266270827e-02,2.483027889683839598e-02
-3.452609807966666722e+00,1.720958281503244883e-02,2.509098558176232202e-02
-3.450111537483333546e+00,1.712606191907239256e-02,2.535169226668624459e-02
-3.447613266999999926e+00,1.704317818842105217e-02,2.561239895161035451e-02
-3.445114996516666750e+00,1.696092529953769495e-02,2.582175300951254984e-02
-3.442616726033333130e+00,1.687929678845982370e-02,2.603110706741489089e-02
-3.440118455549999954e+00,1.679828649213603239e-02,2.624046112531708622e-02
-3.437620185066666778e+00,1.671788810417372192e-02,2.644981518321928154e-02
-3.435121914583333158e+00,1.663809561726704161e-02,2.665916924112147340e-02
-3.432623644099999982e+00,1.655890287792952109e-02,2.686852329902381792e-02
-3.430125373616666806e+00,1.648030403002023053e-02,2.707787735692601325e-02
-3.427627103133333186e+00,1.640229306845398388e-02,2.728723141482835429e-02
-3.425128832650000010e+00,1.632486428383005117e-02,2.749658547273054962e-02
-3.422630562166666834e+00,1.624801181511312601e-02,2.770593953063274495e-02
-3.420132291683333214e+00,1.617173009536778533e-02,2.769734387840885881e-02
-3.417634021200000038e+00,1.609601340340448272e-02,2.768874822618496920e-02
-3.415135750716666863e+00,1.602085631062263524e-02,2.768015257396108306e-02
-3.412637480233333243e+00,1.594625323161573405e-02,2.767155692173719345e-02
-3.410139209750000067e+00,1.587219887212659719e-02,2.766296126951330731e-02
-3.407640939266666891e+00,1.579868777860515480e-02,2.765436561728942116e-02
-3.405142668783333271e+00,1.572571478727938926e-02,2.764576996506553849e-02
-3.402644398300000095e+00,1.565327457265999755e-02,2.763717431284164541e-02
-3.400146127816666475e+00,1.558136209773083695e-02,2.762857866061775927e-02
-3.397647857333333299e+00,1.550997216139373379e-02,2.761998300839386966e-02
-3.395149586850000123e+00,1.543909984978242278e-02,2.728731455440372780e-02
-3.392651316366666503e+00,1.536874008264159028e-02,2.695464610041358594e-02
-3.390153045883333327e+00,1.529888806576777671e-02,2.662197764642344061e-02
-3.387654775400000151e+00,1.522953883631711185e-02,2.628930919243306283e-02
-3.385156504916666531e+00,1.516068771637663765e-02,2.595664073844292097e-02
-3.382658234433333355e+00,1.509232985719451484e-02,2.562397228445253972e-02
-3.380159963950000179e+00,1.502446069388630595e-02,2.529130383046239786e-02
-3.377661693466666559e+00,1.495707548858121218e-02,2.495863537647225600e-02
-3.375163422983333383e+00,1.489016978626741400e-02,2.462596692248211067e-02
-3.372665152500000207e+00,1.482373895684830148e-02,2.429329846849173288e-02
-3.370166882016666587e+00,1.475777865213116075e-02,2.365726000393914702e-02
-3.367668611533333412e+00,1.469228434678718220e-02,2.302122153938610666e-02
-3.365170341050000236e+00,1.462725179648767873e-02,2.238518307483352079e-02
-3.362672070566666616e+00,1.456267657776201888e-02,2.174914461028093493e-02
-3.360173800083333440e+00,1.449855454728500928e-02,2.111310614572834560e-02
-3.357675529599999820e+00,1.443488138062764582e-02,2.047706768117530524e-02
-3.355177259116666644e+00,1.437165303270057128e-02,1.984102921662271937e-02
-3.352678988633333468e+00,1.430886527538891007e-02,1.920499075206968248e-02
-3.350180718149999848e+00,1.424651415915803056e-02,1.856895228751709315e-02
-3.347682447666666672e+00,1.418459554956787681e-02,1.793291382296450728e-02
-3.345184177183333496e+00,1.412310559004271819e-02,1.715573268492585207e-02
-3.342685906699999876e+00,1.406204023726053201e-02,1.637855154688664175e-02
-3.340187636216666700e+00,1.400139572509108074e-02,1.560137040884798654e-02
-3.337689365733333524e+00,1.394116809885365647e-02,1.482418927080877795e-02
-3.335191095249999904e+00,1.388135368042901947e-02,1.404700813277012274e-02
-3.332692824766666728e+00,1.382194860137918486e-02,1.326982699473146579e-02
-3.330194554283333552e+00,1.376294926923742057e-02,1.249264585669281058e-02
-3.327696283799999932e+00,1.370435189948432907e-02,1.171546471865360026e-02
-3.325198013316666756e+00,1.364615298302100481e-02,1.093828358061494505e-02
-3.322699742833333136e+00,1.358834881699461615e-02,1.016110244257573646e-02
-3.320201472349999960e+00,1.353093597346013283e-02,9.491777619258796872e-03
-3.317703201866666785e+00,1.347391082904896183e-02,8.822452795941855552e-03
-3.315204931383333165e+00,1.341727003482450463e-02,8.153127972624438918e-03
-3.312706660899999989e+00,1.336101004478733659e-02,7.483803149307499333e-03
-3.310208390416666813e+00,1.330512758692932278e-02,6.814478325990559748e-03
-3.307710119933333193e+00,1.324961919057065368e-02,6.145153502673143114e-03
-3.305211849450000017e+00,1.319448165861527786e-02,5.475828679356202662e-03
-3.302713578966666841e+00,1.313971159371505465e-02,4.806503856039263077e-03
-3.300215308483333221e+00,1.308530587173250583e-02,4.137179032721846443e-03
-3.297717038000000045e+00,1.303126116672335445e-02,3.467854209404905991e-03
-3.295218767516666869e+00,1.297757442561318399e-02,3.122176280661967569e-03
-3.292720497033333249e+00,1.292424239199356506e-02,2.776498351918783684e-03
-3.290222226550000073e+00,1.287126208201506972e-02,2.430820423175845263e-03
-3.287723956066666897e+00,1.281863030699219481e-02,2.085142494432906841e-03
-3.285225685583333277e+00,1.276634415051856354e-02,1.739464565689722957e-03
-3.282727415100000101e+00,1.271440048987325898e-02,1.393786636946784535e-03
-3.280229144616666481e+00,1.266279647436378136e-02,1.048108708203600650e-03
-3.277730874133333305e+00,1.261152904552813835e-02,7.024307794606622288e-04
-3.275232603650000129e+00,1.256059541671139534e-02,3.567528507177238073e-04
-3.272734333166666509e+00,1.250999259205465286e-02,1.107492197478576867e-05
-3.270236062683333333e+00,1.245971784731279494e-02,9.967429777306719500e-06
-3.267737792200000158e+00,1.240976824762518409e-02,8.859937579828458068e-06
-3.265239521716666538e+00,1.236014112957696184e-02,7.752445382349408895e-06
-3.262741251233333362e+00,1.231083361774702734e-02,6.644953184871146616e-06
-3.260242980750000186e+00,1.226184310801858336e-02,5.537460987392884337e-06
-3.257744710266666566e+00,1.221316678289719598e-02,4.429968789914622904e-06
-3.255246439783333390e+00,1.216480209607662469e-02,3.322476592435573731e-06
-3.252748169300000214e+00,1.211674628652085334e-02,2.214984394957312299e-06
-3.250249898816666594e+00,1.206899686429007724e-02,1.107492197478261432e-06
-3.247751628333333418e+00,1.202155112338114049e-02,0.000000000000000000e+00
-3.245253357849999798e+00,1.197440662881898987e-02,0.000000000000000000e+00
-3.242755087366666622e+00,1.192756072824885730e-02,0.000000000000000000e+00
-3.240256816883333446e+00,1.188101104029936489e-02,0.000000000000000000e+00
-3.237758546399999826e+00,1.183475496491995932e-02,0.000000000000000000e+00
-3.235260275916666650e+00,1.178879017302130253e-02,0.000000000000000000e+00
-3.232762005433333474e+00,1.174311411555108847e-02,0.000000000000000000e+00
-3.230263734949999854e+00,1.169772451441859588e-02,0.000000000000000000e+00
-3.227765464466666678e+00,1.165261887030212377e-02,0.000000000000000000e+00
-3.225267193983333502e+00,1.160779495486215923e-02,0.000000000000000000e+00
-3.222768923499999882e+00,1.156325031727555366e-02,0.000000000000000000e+00
-3.220270653016666706e+00,1.151898277774309094e-02,0.000000000000000000e+00
-3.217772382533333531e+00,1.147498993274377599e-02,0.000000000000000000e+00
-3.215274112049999911e+00,1.143126964984152172e-02,0.000000000000000000e+00
-3.212775841566666735e+00,1.138781957165417753e-02,0.000000000000000000e+00
-3.210277571083333559e+00,1.134463761196590099e-02,0.000000000000000000e+00
-3.207779300599999939e+00,1.130172145840321711e-02,0.000000000000000000e+00
-3.205281030116666763e+00,1.125906906985969270e-02,0.000000000000000000e+00
-3.202782759633333143e+00,1.121667817787177189e-02,0.000000000000000000e+00
-3.200284489149999967e+00,1.117454678536257580e-02,0.000000000000000000e+00
-3.197786218666666791e+00,1.113267266671132995e-02,0.000000000000000000e+00
-3.195287948183333171e+00,1.109105386782102166e-02,0.000000000000000000e+00
-3.192789677699999995e+00,1.104968820487537383e-02,0.000000000000000000e+00
-3.190291407216666819e+00,1.100857376573742899e-02,0.000000000000000000e+00
-3.187793136733333199e+00,1.096770840738643150e-02,0.000000000000000000e+00
-3.185294866250000023e+00,1.092709025865335089e-02,0.000000000000000000e+00
-3.182796595766666847e+00,1.088671721633212471e-02,0.000000000000000000e+00
-3.180298325283333227e+00,1.084658744925721258e-02,0.000000000000000000e+00
-3.177800054800000051e+00,1.080669889308321155e-02,0.000000000000000000e+00
-3.175301784316666875e+00,1.076704975571025381e-02,0.000000000000000000e+00
-3.172803513833333255e+00,1.072763801072563160e-02,0.000000000000000000e+00
-3.170305243350000080e+00,1.068846190418325237e-02,2.975897849140720180e-05
-3.167806972866666460e+00,1.064951944670042283e-02,5.951795698283556587e-05
-3.165308702383333284e+00,1.061080892159850693e-02,8.927693547424276428e-05
-3.162810431900000108e+00,1.057232837564634625e-02,1.190359139656499627e-04
-3.160312161416666488e+00,1.053407612857005550e-02,1.487948924570783166e-04
-3.157813890933333312e+00,1.049605026243594259e-02,1.785538709484855286e-04
-3.155315620450000136e+00,1.045824913253555651e-02,2.083128494398927405e-04
-3.152817349966666516e+00,1.042067085540176845e-02,2.380718279313210944e-04
-3.150319079483333340e+00,1.038331382107485906e-02,2.678308064227282793e-04
-3.147820809000000164e+00,1.034617617974568395e-02,2.975897849141354913e-04
-3.145322538516666544e+00,1.030925635540867573e-02,7.956853883217876715e-04
-3.142824268033333368e+00,1.027255253112569280e-02,1.293780991729085589e-03
-3.140325997550000192e+00,1.023606316407231313e-02,1.791876595136383506e-03
-3.137827727066666572e+00,1.019978646941537351e-02,2.289972198544035741e-03
-3.135329456583333396e+00,1.016372093675923377e-02,2.788067801951333875e-03
-3.132831186100000220e+00,1.012786481262998965e-02,3.286163405358631575e-03
-3.130332915616666600e+00,1.009221661832837048e-02,3.784259008766284026e-03
-3.127834645133333424e+00,1.005677463101393131e-02,4.282354612173582160e-03
-3.125336374649999804e+00,1.002153740297142756e-02,4.780450215580879861e-03
-3.122838104166666628e+00,9.986503241286873167e-03,5.278545818988532312e-03
-3.120339833683333453e+00,9.951670728534783850e-03,6.211158460473714324e-03
-3.117841563199999833e+00,9.917038201039857920e-03,7.143771101959559000e-03
-3.115343292716666657e+00,9.882604270990998432e-03,8.076383743444741012e-03
-3.112845022233333481e+00,9.848367303281214610e-03,9.008996384929923024e-03
-3.110346751749999861e+00,9.814325939056255110e-03,9.941609026415103301e-03
-3.107848481266666685e+00,9.780478571124811074e-03,1.087422166790094971e-02
-3.105350210783333509e+00,9.746823868948378475e-03,1.180683430938612999e-02
-3.102851940299999889e+00,9.713360252616180454e-03,1.273944695087197640e-02
-3.100353669816666713e+00,9.680086419282019766e-03,1.367205959235715668e-02
-3.097855399333333537e+00,9.647000815695997919e-03,1.460467223384233869e-02
-3.095357128849999917e+00,9.614102166096772858e-03,1.563605200238885051e-02
-3.092858858366666741e+00,9.581388943292457744e-03,1.666743177093609266e-02
-3.090360587883333565e+00,9.548859898014468162e-03,1.769881153948260274e-02
-3.087862317399999945e+00,9.516513528541091851e-03,1.873019130802984489e-02
-3.085364046916666769e+00,9.484348611520556499e-03,1.976157107657635498e-02
-3.082865776433333149e+00,9.452363670128433731e-03,2.079295084512286507e-02
-3.080367505949999973e+00,9.420557506367959258e-03,2.182433061366937516e-02
-3.077869235466666797e+00,9.388928667754573368e-03,2.285571038221662077e-02
-3.075370964983333177e+00,9.357475981098963003e-03,2.388709015076313086e-02
-3.072872694500000001e+00,9.326198017712230073e-03,2.491846991931037300e-02
-3.070374424016666826e+00,9.295093628680136527e-03,2.561768104297296872e-02
-3.067876153533333206e+00,9.264161408579350832e-03,2.631689216663556097e-02
-3.065377883050000030e+00,9.233400232250280754e-03,2.701610329029815322e-02
-3.062879612566666854e+00,9.202808717019072410e-03,2.771531441396124507e-02
-3.060381342083333234e+00,9.172385760974807387e-03,2.841452553762384078e-02
-3.057883071600000058e+00,9.142130003688905132e-03,2.911373666128692916e-02
-3.055384801116666882e+00,9.112040366005580080e-03,2.981294778494952488e-02
-3.052886530633333262e+00,9.082115509250879293e-03,3.051215890861212060e-02
-3.050388260150000086e+00,9.052354376542819797e-03,3.121137003227471285e-02
-3.047889989666666466e+00,9.022755650483065340e-03,3.191058115593780470e-02
-3.045391719183333290e+00,8.993318295994937039e-03,3.195844689490950213e-02
-3.042893448700000114e+00,8.964041016488665317e-03,3.200631263388123426e-02
-3.040395178216666494e+00,8.934922798235538088e-03,3.205417837285293864e-02
-3.037896907733333318e+00,8.905962364999242542e-03,3.210204411182463607e-02
-3.035398637250000142e+00,8.877158723953185171e-03,3.214990985079633351e-02
-3.032900366766666522e+00,8.848510618770403374e-03,3.219777558976806564e-02
-3.030402096283333346e+00,8.820017077091594701e-03,3.224564132873976308e-02
-3.027903825800000170e+00,8.791676862066390499e-03,3.229350706771150215e-02
-3.025405555316666550e+00,8.763489021378779997e-03,3.234137280668319958e-02
-3.022907284833333375e+00,8.735452337232193012e-03,3.238923854565489702e-02
-3.020409014350000199e+00,8.707565876940857180e-03,3.173601812166144259e-02
-3.017910743866666579e+00,8.679828441349683038e-03,3.108279769766752326e-02
-3.015412473383333403e+00,8.652239116999903626e-03,3.042957727367406884e-02
-3.012914202900000227e+00,8.624796722975950486e-03,2.977635684968014951e-02
-3.010415932416666607e+00,8.597500364652512286e-03,2.912313642568669508e-02
-3.007917661933333431e+00,8.570348878960984060e-03,2.846991600169324066e-02
-3.005419391449999811e+00,8.543341389726408566e-03,2.781669557769932133e-02
-3.002921120966666635e+00,8.516476751343827686e-03,2.716347515370586690e-02
-3.000422850483333459e+00,8.489754105715133226e-03,2.651025472971241248e-02
-2.997924579999999839e+00,8.463172324324521809e-03,2.585703430571849315e-02
-2.995426309516666663e+00,8.436730566783751800e-03,2.477565105927587510e-02
-2.992928039033333487e+00,8.410427721304751872e-03,2.369426781283325359e-02
-2.990429768549999867e+00,8.384262964852721989e-03,2.261288456638986533e-02
-2.987931498066666691e+00,8.358235202008618484e-03,2.153150131994724728e-02
-2.985433227583333515e+00,8.332343626745081916e-03,2.045011807350462923e-02
-2.982934957099999895e+00,8.306587159664631168e-03,1.936873482706123750e-02
-2.980436686616666719e+00,8.280965011407537615e-03,1.828735158061861946e-02
-2.977938416133333543e+00,8.255476118258957621e-03,1.720596833417600141e-02
-2.975440145649999923e+00,8.230119707195155884e-03,1.612458508773260968e-02
-2.972941875166666748e+00,8.204894729853117949e-03,1.504320184128999163e-02
-2.970443604683333128e+00,8.179800429222207347e-03,1.403116274230947758e-02
-2.967945334199999952e+00,8.154835771967072766e-03,1.301912364332968169e-02
-2.965447063716666776e+00,8.130000016775018948e-03,1.200708454434988755e-02
-2.962948793233333156e+00,8.105292145022357023e-03,1.099504544537009167e-02
-2.960450522749999980e+00,8.080711430786513202e-03,9.983006346389577609e-03
-2.957952252266666804e+00,8.056256869847214577e-03,8.970967247409783463e-03
-2.955453981783333184e+00,8.031927751370885118e-03,7.958928148429267671e-03
-2.952955711300000008e+00,8.007723085239610086e-03,6.946889049449471790e-03
-2.950457440816666832e+00,7.983642175415443451e-03,5.934849950469677643e-03
-2.947959170333333212e+00,7.959684045588171983e-03,4.922810851489881762e-03
-2.945460899850000036e+00,7.935848014229055988e-03,4.430529766340683510e-03
-2.942962629366666860e+00,7.912133118548204253e-03,3.938248681191835673e-03
-2.940464358883333240e+00,7.888538691246338441e-03,3.445967596042637422e-03
-2.937966088400000064e+00,7.865063782772683740e-03,2.953686510893789152e-03
-2.935467817916666888e+00,7.841707739784185144e-03,2.461405425744940881e-03
-2.932969547433333268e+00,7.818469625695228034e-03,1.969124340596092610e-03
-2.930471276950000092e+00,7.795348800851686737e-03,1.476843255446894359e-03
-2.927973006466666472e+00,7.772344341364857863e-03,9.845621702980460882e-04
-2.925474735983333296e+00,7.749455621009510888e-03,4.922810851488478370e-04
-2.922976465500000121e+00,7.726681728331260754e-03,0.000000000000000000e+00
-2.920478195016666501e+00,7.704022050279108608e-03,0.000000000000000000e+00
-2.917979924533333325e+00,7.681475687577740512e-03,0.000000000000000000e+00
-2.915481654050000149e+00,7.659042040101233552e-03,0.000000000000000000e+00
-2.912983383566666529e+00,7.636720220502394608e-03,0.000000000000000000e+00
-2.910485113083333353e+00,7.614509641338182422e-03,0.000000000000000000e+00
-2.907986842600000177e+00,7.592409426945188021e-03,0.000000000000000000e+00
-2.905488572116666557e+00,7.570419002325728258e-03,0.000000000000000000e+00
-2.902990301633333381e+00,7.548537503260708409e-03,0.000000000000000000e+00
-2.900492031150000205e+00,7.526764366965935961e-03,0.000000000000000000e+00
-2.897993760666666585e+00,7.505098740433195637e-03,0.000000000000000000e+00
-2.895495490183333409e+00,7.483540072865173427e-03,0.000000000000000000e+00
-2.892997219700000233e+00,7.462087522236105115e-03,0.000000000000000000e+00
-2.890498949216666613e+00,7.440740549513998915e-03,0.000000000000000000e+00
-2.888000678733333437e+00,7.419498323431829127e-03,0.000000000000000000e+00
-2.885502408249999817e+00,7.398360316507308736e-03,0.000000000000000000e+00
-2.883004137766666641e+00,7.377325708013277895e-03,0.000000000000000000e+00
-2.880505867283333465e+00,7.356393981805337684e-03,0.000000000000000000e+00
-2.878007596799999845e+00,7.335564327483408593e-03,0.000000000000000000e+00
-2.875509326316666669e+00,7.314836240034123561e-03,0.000000000000000000e+00
-2.873011055833333494e+00,7.294208919174816064e-03,0.000000000000000000e+00
-2.870512785349999874e+00,7.273681870821878739e-03,0.000000000000000000e+00
-2.868014514866666698e+00,7.253254304605554967e-03,0.000000000000000000e+00
-2.865516244383333522e+00,7.232925737174701782e-03,0.000000000000000000e+00
-2.863017973899999902e+00,7.212695387872396398e-03,0.000000000000000000e+00
-2.860519703416666726e+00,7.192562783887071140e-03,0.000000000000000000e+00
-2.858021432933333550e+00,7.172527154079105099e-03,0.000000000000000000e+00
-2.855523162449999930e+00,7.152588035987985683e-03,0.000000000000000000e+00
-2.853024891966666754e+00,7.132744667800189169e-03,0.000000000000000000e+00
-2.850526621483333134e+00,7.112996597221445810e-03,0.000000000000000000e+00
-2.848028350999999958e+00,7.093343071577352769e-03,0.000000000000000000e+00
-2.845530080516666782e+00,7.073783648560015742e-03,0.000000000000000000e+00
-2.843031810033333162e+00,7.054317584450397853e-03,0.000000000000000000e+00
-2.840533539549999986e+00,7.034944446750945705e-03,0.000000000000000000e+00
-2.838035269066666810e+00,7.015663500519047323e-03,0.000000000000000000e+00
-2.835536998583333190e+00,6.996474322894929466e-03,0.000000000000000000e+00
-2.833038728100000014e+00,6.977376187536848441e-03,0.000000000000000000e+00
-2.830540457616666838e+00,6.958368681054568142e-03,0.000000000000000000e+00
-2.828042187133333218e+00,6.939451085535678493e-03,0.000000000000000000e+00
-2.825543916650000043e+00,6.920622996894366941e-03,0.000000000000000000e+00
-2.823045646166666867e+00,6.901883705479598501e-03,0.000000000000000000e+00
-2.820547375683333247e+00,6.883232816349178773e-03,0.000000000000000000e+00
-2.818049105200000071e+00,6.864669627948550255e-03,0.000000000000000000e+00
-2.815550834716666895e+00,6.846193754321649831e-03,0.000000000000000000e+00
-2.813052564233333275e+00,6.827804501849691829e-03,0.000000000000000000e+00
-2.810554293750000099e+00,6.809501493408354027e-03,0.000000000000000000e+00
-2.808056023266666479e+00,6.791284043157048977e-03,0.000000000000000000e+00
-2.805557752783333303e+00,6.773151782652445281e-03,0.000000000000000000e+00
-2.803059482300000127e+00,6.755104033677869144e-03,0.000000000000000000e+00
-2.800561211816666507e+00,6.737140436323578799e-03,0.000000000000000000e+00
-2.798062941333333331e+00,6.719260319845244377e-03,0.000000000000000000e+00
-2.795564670850000155e+00,6.701463332723135886e-03,0.000000000000000000e+00
-2.793066400366666535e+00,6.683748811537195723e-03,0.000000000000000000e+00
-2.790568129883333359e+00,6.666116413015967489e-03,0.000000000000000000e+00
-2.788069859400000183e+00,6.648565480919283940e-03,0.000000000000000000e+00
-2.785571588916666563e+00,6.631095680086088184e-03,0.000000000000000000e+00
-2.783073318433333387e+00,6.613706361313772750e-03,0.000000000000000000e+00
-2.780575047950000211e+00,6.596397197416747384e-03,0.000000000000000000e+00
-2.778076777466666591e+00,6.579167546090938443e-03,0.000000000000000000e+00
-2.775578506983333416e+00,6.562017087994085826e-03,0.000000000000000000e+00
-2.773080236499999796e+00,6.544945187584680357e-03,0.000000000000000000e+00
-2.770581966016666620e+00,6.527951533234337481e-03,0.000000000000000000e+00
-2.768083695533333444e+00,6.511035496030364439e-03,0.000000000000000000e+00
-2.765585425049999824e+00,6.494196771932312165e-03,0.000000000000000000e+00
-2.763087154566666648e+00,6.477434738525814084e-03,0.000000000000000000e+00
-2.760588884083333472e+00,6.460749099233938780e-03,0.000000000000000000e+00
-2.758090613599999852e+00,6.444139238012388214e-03,0.000000000000000000e+00
-2.755592343116666676e+00,6.427604865627232177e-03,0.000000000000000000e+00
-2.753094072633333500e+00,6.411145372279093875e-03,0.000000000000000000e+00
-2.750595802149999880e+00,6.394760475957690996e-03,0.000000000000000000e+00
-2.748097531666666704e+00,6.378449572985626405e-03,0.000000000000000000e+00
-2.745599261183333528e+00,6.362212388460885756e-03,0.000000000000000000e+00
-2.743100990699999908e+00,6.346048324707221147e-03,0.000000000000000000e+00
-2.740602720216666732e+00,6.329957113817452630e-03,0.000000000000000000e+00
-2.738104449733333556e+00,6.313938163998090124e-03,0.000000000000000000e+00
-2.735606179249999936e+00,6.297991214225727614e-03,0.000000000000000000e+00
-2.733107908766666760e+00,6.282115678474424654e-03,0.000000000000000000e+00
-2.730609638283333140e+00,6.266311302495223418e-03,0.000000000000000000e+00
-2.728111367799999964e+00,6.250577505916162478e-03,0.000000000000000000e+00
-2.725613097316666789e+00,6.234914041156858558e-03,0.000000000000000000e+00
-2.723114826833333169e+00,6.219320333387746633e-03,0.000000000000000000e+00
-2.720616556349999993e+00,6.203796141592738539e-03,2.881117174444499524e-04
-2.718118285866666817e+00,6.188340896375537671e-03,5.762234348891048189e-04
-2.715620015383333197e+00,6.172954363182618989e-03,8.643351523335547713e-04
-2.713121744900000021e+00,6.157635977944274017e-03,1.152446869778004724e-03
-2.710623474416666845e+00,6.142385512469001468e-03,1.440558587222454676e-03
-2.708125203933333225e+00,6.127202407909078039e-03,1.728670304667109543e-03
-2.705626933450000049e+00,6.112086442337536472e-03,2.016782022111559495e-03
-2.703128662966666873e+00,6.097037062025678460e-03,2.304893739556214145e-03
-2.700630392483333253e+00,6.082054051215153578e-03,2.593005457000664097e-03
-2.698132122000000077e+00,6.067136861195645062e-03,2.881117174445114049e-03
-2.695633851516666457e+00,6.052285282284026145e-03,3.586868763409723024e-03
-2.693135581033333281e+00,6.037498770688821438e-03,4.292620352373830231e-03
-2.690637310550000105e+00,6.022777122710766019e-03,4.998371941337937004e-03
-2.688139040066666485e+00,6.008119799380386671e-03,5.704123530302545979e-03
-2.685640769583333309e+00,5.993526602892083367e-03,6.409875119266652752e-03
-2.683142499100000133e+00,5.978996999003592834e-03,7.115626708230760392e-03
-2.680644228616666513e+00,5.964530795714820428e-03,7.821378297195369367e-03
-2.678145958133333338e+00,5.950127463417033413e-03,8.527129886159477007e-03
-2.675647687650000162e+00,5.935786815830197856e-03,9.232881475123582912e-03
-2.673149417166666542e+00,5.921508327887388054e-03,9.938633064088191887e-03
-2.670651146683333366e+00,5.907291818943928574e-03,1.068834663133519554e-02
-2.668152876200000190e+00,5.893136768385241926e-03,1.143806019858219919e-02
-2.665654605716666570e+00,5.879043001119320377e-03,1.218777376582973714e-02
-2.663156335233333394e+00,5.865010000895591255e-03,1.293748733307674079e-02
-2.660658064750000218e+00,5.851037598094122744e-03,1.368720090032374444e-02
-2.658159794266666598e+00,5.837125280741527547e-03,1.443691446757128238e-02
-2.655661523783333422e+00,5.823272884610921837e-03,1.518662803481828603e-02
-2.653163253299999802e+00,5.809479901921493425e-03,1.593634160206528969e-02
-2.650664982816666626e+00,5.795746173761472282e-03,1.668605516931282590e-02
-2.648166712333333450e+00,5.782071196459303425e-03,1.743576873655983128e-02
-2.645668441849999830e+00,5.768454816342551833e-03,1.779509594199595035e-02
-2.643170171366666654e+00,5.754896533767110169e-03,1.815442314743181615e-02
-2.640671900883333478e+00,5.741396200225543783e-03,1.851375035286768195e-02
-2.638173630399999858e+00,5.727953320020547426e-03,1.887307755830354428e-02
-2.635675359916666682e+00,5.714567749737262115e-03,1.923240476373966681e-02
-2.633177089433333506e+00,5.701238997546362319e-03,1.959173196917553261e-02
-2.630678818949999886e+00,5.687966925053731561e-03,1.995105917461165168e-02
-2.628180548466666711e+00,5.674751044221102922e-03,2.031038638004751748e-02
-2.625682277983333535e+00,5.661591221605220825e-03,2.066971358548337981e-02
-2.623184007499999915e+00,5.648486972882713064e-03,2.102904079091924561e-02
-2.620685737016666739e+00,5.635438169492897574e-03,2.079507796850148249e-02
-2.618187466533333563e+00,5.622444330752369816e-03,2.056111514608388591e-02
-2.615689196049999943e+00,5.609505332916384437e-03,2.032715232366612279e-02
-2.613190925566666767e+00,5.596620698868163060e-03,2.009318950124852621e-02
-2.610692655083333147e+00,5.583790309612858722e-03,1.985922667883092962e-02
-2.608194384599999971e+00,5.571013691528698547e-03,1.962526385641332957e-02
-2.605696114116666795e+00,5.558290730306471999e-03,1.939130103399556646e-02
-2.603197843633333175e+00,5.545620955748567331e-03,1.915733821157796987e-02
-2.600699573149999999e+00,5.533004258168722732e-03,1.892337538916020676e-02
-2.598201302666666823e+00,5.520440170723545266e-03,1.868941256674261017e-02
-2.595703032183333203e+00,5.507928588288152176e-03,1.799742338130300157e-02
-2.593204761700000027e+00,5.495469047305695173e-03,1.730543419586339296e-02
-2.590706491216666851e+00,5.483061447151764412e-03,1.661344501042329169e-02
-2.588208220733333231e+00,5.470705327488980564e-03,1.592145582498368309e-02
-2.585709950250000055e+00,5.458400592134355842e-03,1.522946663954358182e-02
-2.583211679766666879e+00,5.446146783904234727e-03,1.453747745410397321e-02
-2.580713409283333259e+00,5.433943810999147285e-03,1.384548826866436461e-02
-2.578215138800000084e+00,5.421791219324091464e-03,1.315349908322475600e-02
-2.575716868316666464e+00,5.409688921406485135e-03,1.246150989778465473e-02
-2.573218597833333288e+00,5.397636466176559088e-03,1.176952071234504613e-02
-2.570720327350000112e+00,5.385633770432944785e-03,1.101100871848212023e-02
-2.568222056866666492e+00,5.373680386068545659e-03,1.025249672461973210e-02
-2.565723786383333316e+00,5.361776234098746853e-03,9.493984730757345711e-03
-2.563225515900000140e+00,5.349920869317614618e-03,8.735472736894959317e-03
-2.560727245416666520e+00,5.338114216903864367e-03,7.976960743032033424e-03
-2.558228974933333344e+00,5.326355834492572765e-03,7.218448749169645295e-03
-2.555730704450000168e+00,5.314645651373636238e-03,6.459936755306719403e-03
-2.553232433966666548e+00,5.302983227963408396e-03,5.701424761444332141e-03
-2.550734163483333372e+00,5.291368497611847847e-03,4.942912767581944880e-03
-2.548235893000000196e+00,5.279801023458300172e-03,4.184400773719558486e-03
-2.545737622516666576e+00,5.268280742862694287e-03,3.765960696347424221e-03
-2.543239352033333400e+00,5.256807221629905026e-03,3.347520618975587461e-03
-2.540741081550000224e+00,5.245380401080843892e-03,2.929080541603452763e-03
-2.538242811066666604e+00,5.233999849629274517e-03,2.510640464231616003e-03
-2.535744540583333428e+00,5.222665512508943737e-03,2.092200386859779243e-03
-2.533246270099999808e+00,5.211376960687336309e-03,1.673760309487644544e-03
-2.530747999616666633e+00,5.200134143263670378e-03,1.255320232115807785e-03
-2.528249729133333457e+00,5.188936633704576556e-03,8.368801547439710248e-04
-2.525751458649999837e+00,5.177784384928790611e-03,4.184400773718367599e-04
-2.523253188166666661e+00,5.166676972848110484e-03,0.000000000000000000e+00
-2.520754917683333485e+00,5.155614354155760477e-03,0.000000000000000000e+00
-2.518256647199999865e+00,5.144596107155581695e-03,0.000000000000000000e+00
-2.515758376716666689e+00,5.133622192271270965e-03,0.000000000000000000e+00
-2.513260106233333513e+00,5.122692190147605865e-03,0.000000000000000000e+00
-2.510761835749999893e+00,5.111806064894035447e-03,0.000000000000000000e+00
-2.508263565266666717e+00,5.100963399445177480e-03,0.000000000000000000e+00
-2.505765294783333541e+00,5.090164161554761209e-03,0.000000000000000000e+00
-2.503267024299999921e+00,5.079407936396473575e-03,0.000000000000000000e+00
-2.500768753816666745e+00,5.068694695326561410e-03,0.000000000000000000e+00
-2.498270483333333125e+00,5.058024025708242333e-03,0.000000000000000000e+00
-2.495772212849999949e+00,5.047395902460009159e-03,0.000000000000000000e+00
-2.493273942366666773e+00,5.036809915085586897e-03,0.000000000000000000e+00
-2.490775671883333153e+00,5.026266042025565040e-03,0.000000000000000000e+00
-2.488277401399999977e+00,5.015763874876733031e-03,0.000000000000000000e+00
-2.485779130916666801e+00,5.005303395562563616e-03,0.000000000000000000e+00
-2.483280860433333181e+00,4.994884197725488542e-03,0.000000000000000000e+00
-2.480782589950000006e+00,4.984506266733621828e-03,0.000000000000000000e+00
-2.478284319466666830e+00,4.974169198228705659e-03,0.000000000000000000e+00
-2.475786048983333210e+00,4.963872980986229130e-03,0.000000000000000000e+00
-2.473287778500000034e+00,4.953617212601207041e-03,0.000000000000000000e+00
-2.470789508016666858e+00,4.943401885219770794e-03,0.000000000000000000e+00
-2.468291237533333238e+00,4.933226598345464078e-03,0.000000000000000000e+00
-2.465792967050000062e+00,4.923091347458981824e-03,0.000000000000000000e+00
-2.463294696566666886e+00,4.912995733927877536e-03,0.000000000000000000e+00
-2.460796426083333266e+00,4.902939756532352644e-03,0.000000000000000000e+00
-2.458298155600000090e+00,4.892923018460465338e-03,0.000000000000000000e+00
-2.455799885116666470e+00,4.882945521757542200e-03,0.000000000000000000e+00
-2.453301614633333294e+00,4.873006871388614082e-03,0.000000000000000000e+00
-2.450803344150000118e+00,4.863107072630701994e-03,0.000000000000000000e+00
-2.448305073666666498e+00,4.853245732183668684e-03,0.000000000000000000e+00
-2.445806803183333322e+00,4.843422858523095502e-03,0.000000000000000000e+00
-2.443308532700000146e+00,4.833638060041768776e-03,0.000000000000000000e+00
-2.440810262216666526e+00,4.823891348381215659e-03,0.000000000000000000e+00
-2.438311991733333350e+00,4.814182333586530978e-03,0.000000000000000000e+00
-2.435813721250000174e+00,4.804511030434032923e-03,0.000000000000000000e+00
-2.433315450766666554e+00,4.794877050579710032e-03,0.000000000000000000e+00
-2.430817180283333379e+00,4.785280411903597431e-03,0.000000000000000000e+00
-2.428318909800000203e+00,4.775720727633183532e-03,0.000000000000000000e+00
-2.425820639316666583e+00,4.766198018721899167e-03,0.000000000000000000e+00
-2.423322368833333407e+00,4.756711899929356134e-03,0.000000000000000000e+00
-2.420824098350000231e+00,4.747262395252485612e-03,0.000000000000000000e+00
-2.418325827866666611e+00,4.737849120944104264e-03,0.000000000000000000e+00
-2.415827557383333435e+00,4.728472104016186346e-03,0.000000000000000000e+00
-2.413329286899999815e+00,4.719130962176175739e-03,0.000000000000000000e+00
-2.410831016416666639e+00,4.709825725422400917e-03,0.000000000000000000e+00
-2.408332745933333463e+00,4.700556012879739641e-03,0.000000000000000000e+00
-2.405834475449999843e+00,4.691321857505138110e-03,0.000000000000000000e+00
-2.403336204966666667e+00,4.682122879803084052e-03,0.000000000000000000e+00
-2.400837934483333491e+00,4.672959115662407570e-03,0.000000000000000000e+00
-2.398339663999999871e+00,4.663830186930944567e-03,0.000000000000000000e+00
-2.395841393516666695e+00,4.654736132401900671e-03,0.000000000000000000e+00
-2.393343123033333519e+00,4.645676575230280568e-03,0.000000000000000000e+00
-2.390844852549999899e+00,4.636651557088733965e-03,0.000000000000000000e+00
-2.388346582066666723e+00,4.627660702403496931e-03,0.000000000000000000e+00
-2.385848311583333548e+00,4.618704055700393468e-03,0.000000000000000000e+00
-2.383350041099999927e+00,4.609781242642133244e-03,0.000000000000000000e+00
-2.380851770616666752e+00,4.600892310583171683e-03,0.000000000000000000e+00
-2.378353500133333132e+00,4.592036886387632424e-03,0.000000000000000000e+00
-2.375855229649999956e+00,4.583215020214568593e-03,0.000000000000000000e+00
-2.373356959166666780e+00,4.574426340094871028e-03,0.000000000000000000e+00
-2.370858688683333160e+00,4.565670898968345916e-03,0.000000000000000000e+00
-2.368360418199999984e+00,4.556948325999441753e-03,0.000000000000000000e+00
-2.365862147716666808e+00,4.548258676885281668e-03,0.000000000000000000e+00
-2.363363877233333188e+00,4.539601581890145322e-03,0.000000000000000000e+00
-2.360865606750000012e+00,4.530977099445915313e-03,0.000000000000000000e+00
-2.358367336266666836e+00,4.522384860883789555e-03,0.000000000000000000e+00
-2.355869065783333216e+00,4.513824927348332287e-03,0.000000000000000000e+00
-2.353370795300000040e+00,4.505296931205403366e-03,0.000000000000000000e+00
-2.350872524816666864e+00,4.496800936289980892e-03,0.000000000000000000e+00
-2.348374254333333244e+00,4.488336575970443970e-03,0.000000000000000000e+00
-2.345875983850000068e+00,4.479903916751543959e-03,3.203170355196200986e-04
-2.343377713366666892e+00,4.471502592972253359e-03,6.406340710392401973e-04
-2.340879442883333272e+00,4.463132673786220257e-03,9.609511065590879784e-04
-2.338381172400000096e+00,4.454793794471741293e-03,1.281268142078708077e-03
-2.335882901916666476e+00,4.446486026811551605e-03,1.601585177598555858e-03
-2.333384631433333301e+00,4.438209006991981030e-03,1.921902213118175957e-03
-2.330886360950000125e+00,4.429962809404953614e-03,2.242219248637795839e-03
-2.328388090466666505e+00,4.421747071114452178e-03,2.562536284157416154e-03
-2.325889819983333329e+00,4.413561869102516390e-03,2.882853319677264152e-03
-2.323391549500000153e+00,4.405406841280660318e-03,3.203170355196884034e-03
-2.320893279016666533e+00,4.397282067201678871e-03,3.735424235998330462e-03
-2.318395008533333357e+00,4.389187185595236351e-03,4.267678116799398721e-03
-2.315896738050000181e+00,4.381122278566674383e-03,4.799931997600466113e-03
-2.313398467566666561e+00,4.373086985633784646e-03,5.332185878401533505e-03
-2.310900197083333385e+00,4.365081391436880995e-03,5.864439759202980801e-03
-2.308401926600000209e+00,4.357105136252840613e-03,6.396693640004048192e-03
-2.305903656116666589e+00,4.349158307239205969e-03,6.928947520805493754e-03
-2.303405385633333413e+00,4.341240545403446914e-03,7.461201401606562013e-03
-2.300907115149999793e+00,4.333351940403317760e-03,7.993455282407630272e-03
-2.298408844666666617e+00,4.325492133947941506e-03,8.525709163208697663e-03
-2.295910574183333441e+00,4.317661218179058569e-03,8.979158467589551385e-03
-2.293412303699999821e+00,4.309858835479384205e-03,9.432607771970084182e-03
-2.290914033216666645e+00,4.302085080458045371e-03,9.886057076350937903e-03
-2.288415762733333469e+00,4.294339596143827327e-03,1.033950638073146897e-02
-2.285917492249999849e+00,4.286622479597580748e-03,1.079295568511200176e-02
-2.283419221766666674e+00,4.278933374466498997e-03,1.124640498949253282e-02
-2.280920951283333498e+00,4.271272380247569979e-03,1.169985429387338655e-02
-2.278422680799999878e+00,4.263639141179113162e-03,1.215330359825391761e-02
-2.275924410316666702e+00,4.256033759179840732e-03,1.260675290263477133e-02
-2.273426139833333526e+00,4.248455879052038565e-03,1.306020220701530413e-02
-2.270927869349999906e+00,4.240905605121200218e-03,1.318684672055970945e-02
-2.268429598866666730e+00,4.233382582727101759e-03,1.331349123410411478e-02
-2.265931328383333554e+00,4.225886918588031907e-03,1.344013574764861205e-02
-2.263433057899999934e+00,4.218418258554935962e-03,1.356678026119301737e-02
-2.260934787416666758e+00,4.210976711724745934e-03,1.369342477473751291e-02
-2.258436516933333138e+00,4.203561924433485246e-03,1.382006928828191823e-02
-2.255938246449999962e+00,4.196174008143697953e-03,1.394671380182632356e-02
-2.253439975966666786e+00,4.188812609650495108e-03,1.407335831537073062e-02
-2.250941705483333166e+00,4.181477842768619932e-03,1.420000282891522615e-02
-2.248443434999999990e+00,4.174169354727008327e-03,1.432664734245963148e-02
-2.245945164516666814e+00,4.166887261680071904e-03,1.405987209763576162e-02
-2.243446894033333194e+00,4.159631211265019807e-03,1.379309685281208085e-02
-2.240948623550000018e+00,4.152401321963474987e-03,1.352632160798840008e-02
-2.238450353066666842e+00,4.145197241796103743e-03,1.325954636316471931e-02
-2.235952082583333222e+00,4.138019091559685773e-03,1.299277111834084772e-02
-2.233453812100000047e+00,4.130866519633277778e-03,1.272599587351716695e-02
-2.230955541616666871e+00,4.123739649117586469e-03,1.245922062869329709e-02
-2.228457271133333251e+00,4.116638128725199491e-03,1.219244538386961632e-02
-2.225959000650000075e+00,4.109562083849753293e-03,1.192567013904593555e-02
-2.223460730166666455e+00,4.102511163512925080e-03,1.165889489422189222e-02
-2.220962459683333279e+00,4.095485495389732979e-03,1.114801199625528247e-02
-2.218464189200000103e+00,4.088484728787273453e-03,1.063712909828867445e-02
-2.215965918716666483e+00,4.081508993651890120e-03,1.012624620032170214e-02
-2.213467648233333307e+00,4.074557939551573180e-03,9.615363302355094122e-03
-2.210969377750000131e+00,4.067631698693363086e-03,9.104480404388486103e-03
-2.208471107266666511e+00,4.060729920882893279e-03,8.593597506421513793e-03
-2.205972836783333335e+00,4.053852740578337520e-03,8.082714608454905775e-03
-2.203474566300000159e+00,4.046999807799224122e-03,7.571831710488296022e-03
-2.200976295816666539e+00,4.040171259244525540e-03,7.060948812521324579e-03
-2.198478025333333363e+00,4.033366745124857683e-03,6.550065914554715693e-03
-2.195979754850000187e+00,4.026586404371454257e-03,6.082346513346024303e-03
-2.193481484366666567e+00,4.019829887361870552e-03,5.614627112136999845e-03
-2.190983213883333391e+00,4.013097335250683309e-03,5.146907710928307587e-03
-2.188484943400000216e+00,4.006388398560088195e-03,4.679188309719616197e-03
-2.185986672916666596e+00,3.999703220659140551e-03,4.211468908510591740e-03
-2.183488402433333420e+00,3.993041452191855266e-03,3.743749507301899915e-03
-2.180990131949999800e+00,3.986403238733128226e-03,3.276030106093208091e-03
-2.178491861466666624e+00,3.979788231026308055e-03,2.808310704884183634e-03
-2.175993590983333448e+00,3.973196576844801979e-03,2.340591303675492243e-03
-2.173495320499999828e+00,3.966627927008547529e-03,1.872871902466666629e-03
-2.170997050016666652e+00,3.960082431481000420e-03,1.685584712220039843e-03
-2.168498779533333476e+00,3.953559741137003050e-03,1.498297521973413274e-03
-2.166000509049999856e+00,3.947060008123019249e-03,1.311010331726786488e-03
-2.163502238566666680e+00,3.940582883346506818e-03,1.123723141480026562e-03
-2.161003968083333504e+00,3.934128521129664872e-03,9.364359512333998844e-04
-2.158505697599999884e+00,3.927696572390542568e-03,7.491487609866400669e-04
-2.156007427116666708e+00,3.921287193620540470e-03,5.618615707400132810e-04
-2.153509156633333532e+00,3.914900035726054731e-03,3.745743804933864950e-04
-2.151010886149999912e+00,3.908535257361516087e-03,1.872871902467599260e-04
-2.148512615666666736e+00,3.902192509400512731e-03,0.000000000000000000e+00
-2.146014345183333560e+00,3.895871952653831224e-03,0.000000000000000000e+00
-2.143516074699999940e+00,3.889573237940553013e-03,0.000000000000000000e+00
-2.141017804216666764e+00,3.883296528221873416e-03,0.000000000000000000e+00
-2.138519533733333144e+00,3.877041474241412107e-03,0.000000000000000000e+00
-2.136021263249999969e+00,3.870808241105267149e-03,0.000000000000000000e+00
-2.133522992766666793e+00,3.864596479459865997e-03,0.000000000000000000e+00
-2.131024722283333173e+00,3.858406356550575077e-03,0.000000000000000000e+00
-2.128526451799999997e+00,3.852237522906416627e-03,0.000000000000000000e+00
-2.126028181316666821e+00,3.846090147906715880e-03,0.000000000000000000e+00
-2.123529910833333201e+00,3.839963881941725870e-03,0.000000000000000000e+00
-2.121031640350000025e+00,3.833858896520268063e-03,0.000000000000000000e+00
-2.118533369866666849e+00,3.827774841872837869e-03,0.000000000000000000e+00
-2.116035099383333229e+00,3.821711891633159438e-03,0.000000000000000000e+00
-2.113536828900000053e+00,3.815669695851205481e-03,0.000000000000000000e+00
-2.111038558416666877e+00,3.809648430281616874e-03,0.000000000000000000e+00
-2.108540287933333257e+00,3.803647744773307540e-03,0.000000000000000000e+00
-2.106042017450000081e+00,3.797667817197389415e-03,0.000000000000000000e+00
-2.103543746966666461e+00,3.791708297181466472e-03,0.000000000000000000e+00
-2.101045476483333285e+00,3.785769364709277128e-03,0.000000000000000000e+00
-2.098547206000000109e+00,3.779850669166886796e-03,0.000000000000000000e+00
-2.096048935516666489e+00,3.773952392647400827e-03,0.000000000000000000e+00
-2.093550665033333313e+00,3.768074184274674675e-03,0.000000000000000000e+00
-2.091052394550000137e+00,3.762216228247709012e-03,0.000000000000000000e+00
-2.088554124066666517e+00,3.756378173408505758e-03,0.000000000000000000e+00
-2.086055853583333342e+00,3.750560206059053939e-03,0.000000000000000000e+00
-2.083557583100000166e+00,3.744761974739028304e-03,0.000000000000000000e+00
-2.081059312616666546e+00,3.738983667850710475e-03,0.000000000000000000e+00
-2.078561042133333370e+00,3.733224933611640518e-03,0.000000000000000000e+00
-2.076062771650000194e+00,3.727485962522173076e-03,0.000000000000000000e+00
-2.073564501166666574e+00,3.721766402457333568e-03,0.000000000000000000e+00
-2.071066230683333398e+00,3.716066446013363035e-03,0.000000000000000000e+00
-2.068567960200000222e+00,3.710385740703313426e-03,0.000000000000000000e+00
-2.066069689716666602e+00,3.704724481217119055e-03,0.000000000000000000e+00
-2.063571419233333426e+00,3.699082314686289417e-03,0.000000000000000000e+00
-2.061073148749999806e+00,3.693459437892685285e-03,0.000000000000000000e+00
-2.058574878266666630e+00,3.687855497566365146e-03,0.000000000000000000e+00
-2.056076607783333454e+00,3.682270692579818223e-03,0.000000000000000000e+00
-2.053578337299999834e+00,3.676704669242278171e-03,0.000000000000000000e+00
-2.051080066816666658e+00,3.671157628515259348e-03,0.000000000000000000e+00
-2.048581796333333482e+00,3.665629216267907338e-03,0.000000000000000000e+00
-2.046083525849999862e+00,3.660119635549823579e-03,0.000000000000000000e+00
-2.043585255366666686e+00,3.654628531770264584e-03,0.000000000000000000e+00
-2.041086984883333511e+00,3.649156110066611829e-03,0.000000000000000000e+00
-2.038588714399999891e+00,3.643702015368646858e-03,0.000000000000000000e+00
-2.036090443916666715e+00,3.638266454901030716e-03,0.000000000000000000e+00
-2.033592173433333539e+00,3.632849073094821489e-03,0.000000000000000000e+00
-2.031093902949999919e+00,3.627450079261432432e-03,0.000000000000000000e+00
-2.028595632466666743e+00,3.622069117314111446e-03,0.000000000000000000e+00
-2.026097361983333123e+00,3.616706398651187062e-03,0.000000000000000000e+00
-2.023599091499999947e+00,3.611361566648706254e-03,0.000000000000000000e+00
-2.021100821016666771e+00,3.606034834791914997e-03,0.000000000000000000e+00
-2.018602550533333151e+00,3.600725845900651541e-03,0.000000000000000000e+00
-2.016104280049999975e+00,3.595434815547789674e-03,0.000000000000000000e+00
-2.013606009566666799e+00,3.590161385977519611e-03,0.000000000000000000e+00
-2.011107739083333179e+00,3.584905774851059393e-03,0.000000000000000000e+00
-2.008609468600000003e+00,3.579667623817938196e-03,0.000000000000000000e+00
-2.006111198116666827e+00,3.574447152628564429e-03,0.000000000000000000e+00
-2.003612927633333207e+00,3.569244002318724702e-03,0.000000000000000000e+00
-2.001114657150000031e+00,3.564058394729277199e-03,0.000000000000000000e+00
-1.998616386666666633e+00,3.558889970263217403e-03,0.000000000000000000e+00
-1.996118116183333235e+00,3.553738952853172095e-03,3.084308881412561225e-04
-1.993619845700000059e+00,3.548604982250330893e-03,6.168617762822929109e-04
-1.991121575216666661e+00,3.543488284480725888e-03,9.252926644233298078e-04
-1.988623304733333264e+00,3.538388498624937730e-03,1.233723552564366596e-03
-1.986125034250000088e+00,3.533305852804009741e-03,1.542154440705622827e-03
-1.983626763766666690e+00,3.528239985409220222e-03,1.850585328846659616e-03
-1.981128493283333292e+00,3.523191126658554908e-03,2.159016216987915630e-03
-1.978630222800000116e+00,3.518158914234733019e-03,2.467447105128952635e-03
-1.976131952316666718e+00,3.513143580455706759e-03,2.775877993269989207e-03
-1.973633681833333320e+00,3.508144762276347011e-03,3.084308881411026212e-03
-1.971135411349999922e+00,3.503162694116595567e-03,3.636947861147230097e-03
-1.968637140866666746e+00,3.498197012185351451e-03,4.189586840883040633e-03
-1.966138870383333348e+00,3.493247953007314662e-03,4.742225820619244518e-03
-1.963640599899999950e+00,3.488315152025971751e-03,5.294864800355055488e-03
-1.961142329416666774e+00,3.483398847874075600e-03,5.847503780090865591e-03
-1.958644058933333376e+00,3.478498675210767947e-03,6.400142759826676561e-03
-1.956145788449999978e+00,3.473614874780213847e-03,6.952781739562881314e-03
-1.953647517966666580e+00,3.468747080438126969e-03,7.505420719298692284e-03
-1.951149247483333404e+00,3.463895535043468553e-03,8.058059699034895301e-03
-1.948650977000000006e+00,3.459059871629908012e-03,8.610698678770706271e-03
-1.946152706516666608e+00,3.454240335174778905e-03,9.027725990021877311e-03
-1.943654436033333432e+00,3.449436557870853848e-03,9.444753301273050086e-03
-1.941156165550000035e+00,3.444648786817617811e-03,9.861780612524517764e-03
-1.938657895066666637e+00,3.439876653348084533e-03,1.027880792377569054e-02
-1.936159624583333239e+00,3.435120406688062841e-03,1.069583523502715822e-02
-1.933661354100000063e+00,3.430379677291990181e-03,1.111286254627832926e-02
-1.931163083616666665e+00,3.425654716516215049e-03,1.152988985752950203e-02
-1.928664813133333267e+00,3.420945153917708328e-03,1.194691716878096971e-02
-1.926166542650000091e+00,3.416251242988064055e-03,1.236394448003214075e-02
-1.923668272166666693e+00,3.411572612367505097e-03,1.278097179128331352e-02
-1.921170001683333295e+00,3.406909517688197497e-03,1.275932477540040431e-02
-1.918671731199999897e+00,3.402261586654205857e-03,1.273767775951751245e-02
-1.916173460716666721e+00,3.397629077043410814e-03,1.271603074363461885e-02
-1.913675190233333323e+00,3.393011615605321957e-03,1.269438372775171138e-02
-1.911176919749999925e+00,3.388409462267901254e-03,1.267273671186881778e-02
-1.908678649266666749e+00,3.383822242807368267e-03,1.265108969598592419e-02
-1.906180378783333351e+00,3.379250219307756726e-03,1.262944268010301671e-02
-1.903682108299999953e+00,3.374693016552409407e-03,1.260779566422012311e-02
-1.901183837816666777e+00,3.370150898787215368e-03,1.258614864833723125e-02
-1.898685567333333379e+00,3.365623489783989286e-03,1.256450163245432204e-02
-1.896187296849999981e+00,3.361111055956149830e-03,1.211504291045313250e-02
-1.893689026366666583e+00,3.356613220044540793e-03,1.166558418845194470e-02
-1.891190755883333408e+00,3.352130250636644292e-03,1.121612546645043597e-02
-1.888692485400000010e+00,3.347661769423461615e-03,1.076666674444924816e-02
-1.886194214916666612e+00,3.343208047172506209e-03,1.031720802244805862e-02
-1.883695944433333436e+00,3.338768704505635457e-03,9.867749300446549895e-03
-1.881197673950000038e+00,3.334344014377416728e-03,9.418290578445362091e-03
-1.878699403466666640e+00,3.329933596321393505e-03,8.968831856444172551e-03
-1.876201132983333242e+00,3.325537725485912602e-03,8.519373134442665557e-03
-1.873702862500000066e+00,3.321156020296504516e-03,8.069914412441476018e-03
-1.871204592016666668e+00,3.316788758102656373e-03,7.521152055530567690e-03
-1.868706321533333270e+00,3.312435556203057428e-03,6.972389698619269049e-03
-1.866208051050000094e+00,3.308096694155252329e-03,6.423627341708359854e-03
-1.863709780566666696e+00,3.303771788111445947e-03,5.874864984797450659e-03
-1.861211510083333298e+00,3.299461119845035866e-03,5.326102627886152019e-03
-1.858713239599999900e+00,3.295164304342335787e-03,4.777340270975243691e-03
-1.856214969116666724e+00,3.290881625600460166e-03,4.228577914064335364e-03
-1.853716698633333326e+00,3.286612697420264288e-03,3.679815557153036723e-03
-1.851218428149999928e+00,3.282357806030563978e-03,3.131053200242127528e-03
-1.848720157666666752e+00,3.278116564027115567e-03,2.582290843331219200e-03
-1.846221887183333354e+00,3.273889259878669678e-03,2.324061758997986952e-03
-1.843723616699999956e+00,3.269675504956433103e-03,2.065832674664938584e-03
-1.841225346216666781e+00,3.265475589977404926e-03,1.807603590331890216e-03
-1.838727075733333383e+00,3.261289125068555887e-03,1.549374505998657968e-03
-1.836228805249999985e+00,3.257116403204121137e-03,1.291145421665609600e-03
-1.833730534766666587e+00,3.252957033246867830e-03,1.032916337332377569e-03
-1.831232264283333411e+00,3.248811310436996308e-03,7.746872529993289840e-04
-1.828733993800000013e+00,3.244678842353410520e-03,5.164581686662806162e-04
-1.826235723316666615e+00,3.240559926511576289e-03,2.582290843332318148e-04
-1.823737452833333439e+00,3.236454169186479216e-03,0.000000000000000000e+00
-1.821239182350000041e+00,3.232361870178274057e-03,0.000000000000000000e+00
-1.818740911866666643e+00,3.228282634438088290e-03,0.000000000000000000e+00
-1.816242641383333245e+00,3.224216764060273185e-03,0.000000000000000000e+00
-1.813744370900000069e+00,3.220163862652026480e-03,0.000000000000000000e+00
-1.811246100416666671e+00,3.216124234612075319e-03,0.000000000000000000e+00
-1.808747829933333273e+00,3.212097482183274774e-03,0.000000000000000000e+00
-1.806249559450000097e+00,3.208083912078710763e-03,0.000000000000000000e+00
-1.803751288966666699e+00,3.204083125156823638e-03,0.000000000000000000e+00
-1.801253018483333301e+00,3.200095430455619089e-03,0.000000000000000000e+00
-1.798754747999999903e+00,3.196120427428727172e-03,0.000000000000000000e+00
-1.796256477516666727e+00,3.192158427449086604e-03,0.000000000000000000e+00
-1.793758207033333330e+00,3.188209028545073865e-03,0.000000000000000000e+00
-1.791259936549999932e+00,3.184272544436530291e-03,0.000000000000000000e+00
-1.788761666066666756e+00,3.180348571705469800e-03,0.000000000000000000e+00
-1.786263395583333358e+00,3.176437426429153978e-03,0.000000000000000000e+00
-1.783765125099999960e+00,3.172538703722776587e-03,0.000000000000000000e+00
-1.781266854616666784e+00,3.168652722032767009e-03,0.000000000000000000e+00
-1.778768584133333386e+00,3.164779074986863883e-03,0.000000000000000000e+00
-1.776270313649999988e+00,3.160918083411804348e-03,0.000000000000000000e+00
-1.773772043166666590e+00,3.157069339426895205e-03,0.000000000000000000e+00
-1.771273772683333414e+00,3.153233166251298829e-03,0.000000000000000000e+00
-1.768775502200000016e+00,3.149409154474886591e-03,0.000000000000000000e+00
-1.766277231716666618e+00,3.145597629721331480e-03,0.000000000000000000e+00
-1.763778961233333442e+00,3.141798181030095762e-03,0.000000000000000000e+00
-1.761280690750000044e+00,3.138011136441243298e-03,0.000000000000000000e+00
-1.758782420266666646e+00,3.134236083422847936e-03,0.000000000000000000e+00
-1.756284149783333248e+00,3.130473352444404327e-03,0.000000000000000000e+00
-1.753785879300000072e+00,3.126722529380438539e-03,0.000000000000000000e+00
-1.751287608816666674e+00,3.122983947143173102e-03,0.000000000000000000e+00
-1.748789338333333276e+00,3.119257189992346354e-03,0.000000000000000000e+00
-1.746291067850000100e+00,3.115542593295561775e-03,0.000000000000000000e+00
-1.743792797366666703e+00,3.111839739676109783e-03,0.000000000000000000e+00
-1.741294526883333305e+00,3.108148966970751114e-03,0.000000000000000000e+00
-1.738796256399999907e+00,3.104469856144496335e-03,0.000000000000000000e+00
-1.736297985916666731e+00,3.100802747516829844e-03,0.000000000000000000e+00
-1.733799715433333333e+00,3.097147220372352058e-03,0.000000000000000000e+00
-1.731301444949999935e+00,3.093503617527197831e-03,0.000000000000000000e+00
-1.728803174466666759e+00,3.089871516564073745e-03,0.000000000000000000e+00
-1.726304903983333361e+00,3.086251262809691035e-03,0.000000000000000000e+00
-1.723806633499999963e+00,3.082642432122201757e-03,0.000000000000000000e+00
-1.721308363016666565e+00,3.079045372353910598e-03,0.000000000000000000e+00
-1.718810092533333389e+00,3.075459657615573113e-03,0.000000000000000000e+00
-1.716311822049999991e+00,3.071885638300049862e-03,0.000000000000000000e+00
-1.713813551566666593e+00,3.068322886748628148e-03,0.000000000000000000e+00
-1.711315281083333417e+00,3.064771755909182025e-03,0.000000000000000000e+00
-1.708817010600000019e+00,3.061231816331043756e-03,0.000000000000000000e+00
-1.706318740116666621e+00,3.057703423532477909e-03,0.000000000000000000e+00
-1.703820469633333445e+00,3.054186146247633328e-03,0.000000000000000000e+00
-1.701322199150000047e+00,3.050680342581163582e-03,0.000000000000000000e+00
-1.698823928666666649e+00,3.047185579429192992e-03,0.000000000000000000e+00
-1.696325658183333251e+00,3.043702217497932117e-03,0.000000000000000000e+00
-1.693827387700000076e+00,3.040229821822609292e-03,0.000000000000000000e+00
-1.691329117216666678e+00,3.036768755727701791e-03,0.000000000000000000e+00
-1.688830846733333280e+00,3.033318582363543799e-03,0.000000000000000000e+00
-1.686332576250000104e+00,3.029879667689292823e-03,0.000000000000000000e+00
-1.683834305766666706e+00,3.026451572947399474e-03,0.000000000000000000e+00
-1.681336035283333308e+00,3.023034666747935473e-03,0.000000000000000000e+00
-1.678837764799999910e+00,3.019628508401233768e-03,0.000000000000000000e+00
-1.676339494316666734e+00,3.016233469186886066e-03,0.000000000000000000e+00
-1.673841223833333336e+00,3.012849106458931683e-03,0.000000000000000000e+00
-1.671342953349999938e+00,3.009475794182007655e-03,0.000000000000000000e+00
-1.668844682866666762e+00,3.006113087730633449e-03,0.000000000000000000e+00
-1.666346412383333364e+00,3.002761363773272414e-03,0.000000000000000000e+00
-1.663848141899999966e+00,2.999420175679741191e-03,0.000000000000000000e+00
-1.661349871416666568e+00,2.996089902840107320e-03,0.000000000000000000e+00
-1.658851600933333392e+00,2.992770096595309508e-03,0.000000000000000000e+00
-1.656353330449999994e+00,2.989461139075090534e-03,0.000000000000000000e+00
-1.653855059966666596e+00,2.986162579566921035e-03,0.000000000000000000e+00
-1.651356789483333420e+00,2.982874802958766260e-03,0.000000000000000000e+00
-1.648858519000000022e+00,2.979597356459623165e-03,0.000000000000000000e+00
-1.646360248516666624e+00,2.976330627734462622e-03,0.000000000000000000e+00
-1.643861978033333449e+00,2.973074161888804474e-03,0.000000000000000000e+00
-1.641363707550000051e+00,2.969828349384295678e-03,0.000000000000000000e+00
-1.638865437066666653e+00,2.966592733197085611e-03,0.000000000000000000e+00
-1.636367166583333255e+00,2.963367706605051985e-03,0.000000000000000000e+00
-1.633868896100000079e+00,2.960152810429612057e-03,0.000000000000000000e+00
-1.631370625616666681e+00,2.956948440784013497e-03,0.000000000000000000e+00
-1.628872355133333283e+00,2.953754136310055966e-03,0.000000000000000000e+00
-1.626374084650000107e+00,2.950570295976975583e-03,0.000000000000000000e+00
-1.623875814166666709e+00,2.947396456219580473e-03,0.000000000000000000e+00
-1.621377543683333311e+00,2.944233018883715865e-03,0.000000000000000000e+00
-1.618879273199999913e+00,2.941079518171778144e-03,0.000000000000000000e+00
-1.616381002716666737e+00,2.937936358826959398e-03,0.000000000000000000e+00
-1.613882732233333339e+00,2.934803072792462747e-03,0.000000000000000000e+00
-1.611384461749999941e+00,2.931680067730159465e-03,0.000000000000000000e+00
-1.608886191266666765e+00,2.928566873296919223e-03,0.000000000000000000e+00
-1.606387920783333367e+00,2.925463900095098390e-03,0.000000000000000000e+00
-1.603889650299999969e+00,2.922370675468333266e-03,0.000000000000000000e+00
-1.601391379816666571e+00,2.919287612981150224e-03,0.000000000000000000e+00
-1.598893109333333395e+00,2.916214237637290360e-03,0.000000000000000000e+00
-1.596394838849999998e+00,2.913150965985254227e-03,1.213592951546820143e-04
-1.593896568366666600e+00,2.910097320660801241e-03,2.427185903092777262e-04
-1.591398297883333424e+00,2.907053721219515687e-03,3.640778854638734787e-04
-1.588900027400000026e+00,2.904019687901799197e-03,4.854371806185554523e-04
-1.586401756916666628e+00,2.900995643293429339e-03,6.067964757731511777e-04
-1.583903486433333230e+00,2.897981105210535157e-03,7.281557709277469573e-04
-1.581405215950000054e+00,2.894976499292195322e-03,8.495150660824289310e-04
-1.578906945466666656e+00,2.891981340902891918e-03,9.708743612370246022e-04
-1.576408674983333258e+00,2.888996058758705378e-03,1.092233656391620273e-03
-1.573910404500000082e+00,2.886020165743317933e-03,1.213592951546302355e-03
-1.571412134016666684e+00,2.883054093674342934e-03,1.552135313836365375e-03
-1.568913863533333286e+00,2.880097352925392335e-03,1.890677676126428178e-03
-1.566415593050000110e+00,2.877150378440025170e-03,2.229220038416732108e-03
-1.563917322566666712e+00,2.874212678052984974e-03,2.567762400706794911e-03
-1.561419052083333314e+00,2.871284689858661938e-03,2.906304762996857714e-03
-1.558920781599999916e+00,2.868365919122950383e-03,3.244847125287161210e-03
-1.556422511116666740e+00,2.865456807116551711e-03,3.583389487577224447e-03
-1.553924240633333342e+00,2.862556856507238005e-03,3.921931849867287684e-03
-1.551425970149999944e+00,2.859666511766789394e-03,4.260474212157591180e-03
-1.548927699666666769e+00,2.856785272935231414e-03,4.599016574447653549e-03
-1.546429429183333371e+00,2.853913587712085184e-03,4.940417766215196224e-03
-1.543931158699999973e+00,2.851050953478462355e-03,5.281818957982981760e-03
-1.541432888216666575e+00,2.848197821187815892e-03,5.623220149750525303e-03
-1.538934617733333399e+00,2.845353685531887018e-03,5.964621341518067978e-03
-1.536436347250000001e+00,2.842519000745198556e-03,6.306022533285853514e-03
-1.533938076766666603e+00,2.839693258799546802e-03,6.647423725053397056e-03
-1.531439806283333427e+00,2.836876917237305968e-03,6.988824916820939731e-03
-1.528941535800000029e+00,2.834069465278331746e-03,7.330226108588725267e-03
-1.526443265316666631e+00,2.831271363801172569e-03,7.671627300356267942e-03
-1.523944994833333233e+00,2.828482099241865812e-03,8.013028492123900823e-03
-1.521446724350000057e+00,2.825702135843693747e-03,8.140623804777046696e-03
-1.518948453866666659e+00,2.822930957226699785e-03,8.268219117430192569e-03
-1.516450183383333261e+00,2.820169031027164753e-03,8.395814430083340177e-03
-1.513951912900000085e+00,2.817415838016846218e-03,8.523409742736576256e-03
-1.511453642416666687e+00,2.814671849254174723e-03,8.651005055389722129e-03
-1.508955371933333289e+00,2.811936542630033044e-03,8.778600368042958207e-03
-1.506457101450000113e+00,2.809210392654272297e-03,8.906195680696104081e-03
-1.503958830966666715e+00,2.806492874303245094e-03,9.033790993349249954e-03
-1.501460560483333317e+00,2.803784465568917323e-03,9.161386306002397562e-03
-1.498962289999999919e+00,2.801084638479809080e-03,9.288981618655633640e-03
-1.496464019516666744e+00,2.798393874539746324e-03,9.138582155089332998e-03
-1.493965749033333346e+00,2.795711642795644606e-03,8.988182691522926537e-03
-1.491467478549999948e+00,2.793038428294355134e-03,8.837783227956625895e-03
-1.488969208066666772e+00,2.790373697066940266e-03,8.687383764390326987e-03
-1.486470937583333374e+00,2.787717937734800720e-03,8.536984300824026345e-03
-1.483972667099999976e+00,2.785070613277771182e-03,8.386584837257619884e-03
-1.481474396616666578e+00,2.782432215923974494e-03,8.236185373691319242e-03
-1.478976126133333402e+00,2.779802205567652364e-03,8.085785910124912781e-03
-1.476477855650000004e+00,2.777181078075292853e-03,7.935386446558612139e-03
-1.473979585166666606e+00,2.774568290219930813e-03,7.784986982992312364e-03
-1.471481314683333430e+00,2.771964341540074893e-03,7.460965197629194218e-03
-1.468983044200000032e+00,2.769368685651054512e-03,7.136943412265845353e-03
-1.466484773716666634e+00,2.766781825796877335e-03,6.812921626902726339e-03
-1.463986503233333236e+00,2.764203212399023082e-03,6.488899841539377475e-03
-1.461488232750000060e+00,2.761633352440829876e-03,6.164878056176259329e-03
-1.458989962266666662e+00,2.759071693113251348e-03,5.840856270813141182e-03
-1.456491691783333264e+00,2.756518745172908957e-03,5.516834485449791450e-03
-1.453993421300000088e+00,2.753973952543434158e-03,5.192812700086674171e-03
-1.451495150816666690e+00,2.751437829790282300e-03,4.868790914723555158e-03
-1.448996880333333293e+00,2.748909817531810813e-03,4.544769129360206293e-03
-1.446498609850000117e+00,2.746390434177386781e-03,4.236636850583538720e-03
-1.444000339366666719e+00,2.743879117001729335e-03,3.928504571806870280e-03
-1.441502068883333321e+00,2.741376388294882588e-03,3.620372293029984131e-03
-1.439003798399999923e+00,2.738881681949233930e-03,3.312240014253316125e-03
-1.436505527916666747e+00,2.736395524172687867e-03,3.004107735476648118e-03
-1.434007257433333349e+00,2.733917345435569243e-03,2.695975456699761536e-03
-1.431508986949999951e+00,2.731447675900172765e-03,2.387843177923093963e-03
-1.429010716466666775e+00,2.728985942576662299e-03,2.079710899146425956e-03
-1.426512445983333377e+00,2.726532679619525414e-03,1.771578620369538941e-03
-1.424014175499999979e+00,2.724087310537612154e-03,1.463446341592871151e-03
-1.421515905016666581e+00,2.721650373516415651e-03,1.317101707433615369e-03
-1.419017634533333405e+00,2.719221288523891809e-03,1.170757073274255287e-03
-1.416519364050000007e+00,2.716800597814547549e-03,1.024412439114999289e-03
-1.414021093566666609e+00,2.714387717774058035e-03,8.780678049557435073e-04
-1.411522823083333433e+00,2.711983194767006184e-03,7.317231707963835338e-04
-1.409024552600000035e+00,2.709586441554686850e-03,5.853785366371276437e-04
-1.406526282116666637e+00,2.707198008651400412e-03,4.390339024778716452e-04
-1.404028011633333239e+00,2.704817305152257181e-03,2.926892683185117802e-04
-1.401529741150000063e+00,2.702444885762721009e-03,1.463446341592557817e-04
-1.399031470666666666e+00,2.700080155868791066e-03,0.000000000000000000e+00
-1.396533200183333268e+00,2.697723674408543295e-03,0.000000000000000000e+00
-1.394034929700000092e+00,2.695374843015282962e-03,0.000000000000000000e+00
-1.391536659216666694e+00,2.693034224902566588e-03,0.000000000000000000e+00
-1.389038388733333296e+00,2.690701217907694263e-03,0.000000000000000000e+00
-1.386540118249999898e+00,2.688376389561238870e-03,0.000000000000000000e+00
-1.384041847766666722e+00,2.686059133861239123e-03,0.000000000000000000e+00
-1.381543577283333324e+00,2.683750022699191856e-03,0.000000000000000000e+00
-1.379045306799999926e+00,2.681448446187598925e-03,0.000000000000000000e+00
-1.376547036316666750e+00,2.679154980623822593e-03,0.000000000000000000e+00
-1.374048765833333352e+00,2.676869012190061584e-03,0.000000000000000000e+00
-1.371550495349999954e+00,2.674591121633867075e-03,1.704621272124274363e-04
-1.369052224866666778e+00,2.672320691160917291e-03,3.409242544248548726e-04
-1.366553954383333380e+00,2.670058306014990585e-03,5.113863816374034955e-04
-1.364055683899999982e+00,2.667803344378316070e-03,6.818485088498309589e-04
-1.361557413416666584e+00,2.665556396037354302e-03,8.523106360623795277e-04
-1.359059142933333408e+00,2.663316835103913312e-03,1.022772763274806991e-03
-1.356560872450000010e+00,2.661085255954196739e-03,1.193234890487234346e-03
-1.354062601966666612e+00,2.658861028581017971e-03,1.363697017699661918e-03
-1.351564331483333437e+00,2.656644751999104152e-03,1.534159144912210487e-03
-1.349066061000000039e+00,2.654435792033658838e-03,1.704621272124637842e-03
-1.346567790516666641e+00,2.652234752385615457e-03,1.985065058564139916e-03
-1.344069520033333243e+00,2.650040994664096955e-03,2.265508845003442497e-03
-1.341571249550000067e+00,2.647855127306269433e-03,2.545952631442745077e-03
-1.339072979066666669e+00,2.645676507654291885e-03,2.826396417882048092e-03
-1.336574708583333271e+00,2.643505748931718712e-03,3.106840204321550166e-03
-1.334076438100000095e+00,2.641342204164003494e-03,3.387283990760852747e-03
-1.331578167616666697e+00,2.639186491412047302e-03,3.667727777200354821e-03
-1.329079897133333299e+00,2.637037959332958620e-03,3.948171563639657836e-03
-1.326581626649999901e+00,2.634897230876816123e-03,4.228615350078960416e-03
-1.324083356166666725e+00,2.632763650280344099e-03,4.509059136518262997e-03
-1.321585085683333327e+00,2.630637845436305071e-03,4.726785457574323758e-03
-1.319086815199999929e+00,2.628519156107770975e-03,4.944511778630230128e-03
-1.316588544716666753e+00,2.626408215183396490e-03,5.162238099686290022e-03
-1.314090274233333355e+00,2.624304357899659174e-03,5.379964420742196392e-03
-1.311592003749999957e+00,2.622208222195869780e-03,5.597690741798102762e-03
-1.309093733266666781e+00,2.620119138727414285e-03,5.815417062854008265e-03
-1.306595462783333383e+00,2.618037750539365174e-03,6.033143383910069026e-03
-1.304097192299999985e+00,2.615963383651013965e-03,6.250869704965975396e-03
-1.301598921816666588e+00,2.613896686270226512e-03,6.468596026022035289e-03
-1.299100651333333412e+00,2.611836979724058583e-03,6.686322347077941659e-03
-1.296602380850000014e+00,2.609784917439991574e-03,6.689100962788460843e-03
-1.294104110366666616e+00,2.607739815996836918e-03,6.691879578498982628e-03
-1.291605839883333440e+00,2.605702334099775294e-03,6.694658194209501811e-03
-1.289107569400000042e+00,2.603671783521763206e-03,6.697436809920020995e-03
-1.286609298916666644e+00,2.601648828305082751e-03,6.700215425630541913e-03
-1.284111028433333246e+00,2.599632775358487642e-03,6.702994041341061096e-03
-1.281612757950000070e+00,2.597624294121575819e-03,6.705772657051580279e-03
-1.279114487466666672e+00,2.595622686579882044e-03,6.708551272762102065e-03
-1.276616216983333274e+00,2.593628627631720199e-03,6.711329888472621248e-03
-1.274117946500000098e+00,2.591641414278865550e-03,6.714108504183140431e-03
-1.271619676016666700e+00,2.589661726940682609e-03,6.487248791838913162e-03
-1.269121405533333302e+00,2.587688857575148361e-03,6.260389079494848089e-03
-1.266623135049999904e+00,2.585723492185352211e-03,6.033529367150782148e-03
-1.264124864566666728e+00,2.583764917623435683e-03,5.806669654806554878e-03
-1.261626594083333330e+00,2.581813825540969862e-03,5.579809942462489805e-03
-1.259128323599999932e+00,2.579869497621776944e-03,5.352950230118423865e-03
-1.256630053116666756e+00,2.577932631231036418e-03,5.126090517774196595e-03
-1.254131782633333358e+00,2.576002502820762437e-03,4.899230805430131522e-03
-1.251633512149999961e+00,2.574079815536416994e-03,4.672371093086064714e-03
-1.249135241666666563e+00,2.572163840533472825e-03,4.445511380741838312e-03
-1.246636971183333387e+00,2.570255286805547650e-03,4.147260849735098960e-03
-1.244138700699999989e+00,2.568353420145906129e-03,3.849010318728358741e-03
-1.241640430216666591e+00,2.566458955465106967e-03,3.550759787721407320e-03
-1.239142159733333415e+00,2.564571153128191849e-03,3.252509256714667535e-03
-1.236643889250000017e+00,2.562690734032385502e-03,2.954258725707927750e-03
-1.234145618766666619e+00,2.560816953046855457e-03,2.656008194700976328e-03
-1.231647348283333443e+00,2.558950537126989527e-03,2.357757663694236543e-03
-1.229149077800000045e+00,2.557090735577500530e-03,2.059507132687496758e-03
-1.226650807316666647e+00,2.555238281484229629e-03,1.761256601680544903e-03
-1.224152536833333249e+00,2.553392418517946676e-03,1.463006070673805118e-03
-1.221654266350000073e+00,2.551553885968847139e-03,1.316705463606466196e-03
-1.219155995866666675e+00,2.549721921803182849e-03,1.170404856539023191e-03
-1.216657725383333277e+00,2.547897271590316565e-03,1.024104249471684269e-03
-1.214159454900000101e+00,2.546079167520233066e-03,8.778036424043454558e-04
-1.211661184416666703e+00,2.544268361517775055e-03,7.315030353369025590e-04
-1.209162913933333305e+00,2.542464079924104149e-03,5.852024282695636372e-04
-1.206664643449999907e+00,2.540667081097148887e-03,4.389018212022247154e-04
-1.204166372966666732e+00,2.538876585454937374e-03,2.926012141347817102e-04
-1.201668102483333334e+00,2.537093357867550077e-03,1.463006070674427884e-04
-1.199169831999999936e+00,2.535316612755533945e-03,0.000000000000000000e+00
-1.196671561516666760e+00,2.533547121580423389e-03,0.000000000000000000e+00
-1.194173291033333362e+00,2.531784092689033129e-03,0.000000000000000000e+00
-1.191675020549999964e+00,2.530028304217980372e-03,0.000000000000000000e+00
-1.189176750066666566e+00,2.528278958361119318e-03,0.000000000000000000e+00
-1.186678479583333390e+00,2.526536840013310446e-03,0.000000000000000000e+00
-1.184180209099999992e+00,2.524801145137796007e-03,0.000000000000000000e+00
-1.181681938616666594e+00,2.523072665471901444e-03,0.000000000000000000e+00
-1.179183668133333418e+00,2.521350590668510524e-03,0.000000000000000000e+00
-1.176685397650000020e+00,2.519635719393447260e-03,0.000000000000000000e+00
-1.174187127166666622e+00,2.517927234908224482e-03,0.000000000000000000e+00
-1.171688856683333446e+00,2.516225942894851578e-03,0.000000000000000000e+00
-1.169190586200000048e+00,2.514531020140908443e-03,0.000000000000000000e+00
-1.166692315716666650e+00,2.512843279434299332e-03,0.000000000000000000e+00
-1.164194045233333252e+00,2.511161891004672422e-03,0.000000000000000000e+00
-1.161695774750000076e+00,2.509487674836788362e-03,0.000000000000000000e+00
-1.159197504266666678e+00,2.507819794517208642e-03,0.000000000000000000e+00
-1.156699233783333280e+00,2.506159077320280378e-03,0.000000000000000000e+00
-1.154200963300000105e+00,2.504504680102792938e-03,0.000000000000000000e+00
-1.151702692816666707e+00,2.502857437523329023e-03,0.000000000000000000e+00
-1.149204422333333309e+00,2.501216499620855221e-03,0.000000000000000000e+00
-1.146706151849999911e+00,2.499582708533964765e-03,0.000000000000000000e+00
-1.144207881366666735e+00,2.497955207394597643e-03,0.000000000000000000e+00
-1.141709610883333337e+00,2.496334845919404629e-03,0.000000000000000000e+00
-1.139211340399999939e+00,2.494720760242360568e-03,0.000000000000000000e+00
-1.136713069916666763e+00,2.493113807757661032e-03,0.000000000000000000e+00
-1.134214799433333365e+00,2.491513117508894429e-03,0.000000000000000000e+00
-1.131716528949999967e+00,2.489919554669591233e-03,0.000000000000000000e+00
-1.129218258466666569e+00,2.488332241099141737e-03,0.000000000000000000e+00
-1.126719987983333393e+00,2.486752049853746625e-03,0.000000000000000000e+00
-1.124221717499999995e+00,2.485178095512697791e-03,0.000000000000000000e+00
-1.121723447016666597e+00,2.483611259120685564e-03,0.000000000000000000e+00
-1.119225176533333421e+00,2.482050647879973163e-03,0.000000000000000000e+00
-1.116726906050000023e+00,2.480497150930578709e-03,0.000000000000000000e+00
-1.114228635566666625e+00,2.478949867999229607e-03,0.000000000000000000e+00
-1.111730365083333227e+00,2.477409696431136146e-03,0.000000000000000000e+00
-1.109232094600000051e+00,2.475875728376688168e-03,0.000000000000000000e+00
-1.106733824116666653e+00,2.474348869497656946e-03,0.000000000000000000e+00
-1.104235553633333256e+00,2.472828204266139425e-03,0.000000000000000000e+00
-1.101737283150000080e+00,2.471314646774271356e-03,0.000000000000000000e+00
-1.099239012666666682e+00,2.469807273711964197e-03,0.000000000000000000e+00
-1.096740742183333284e+00,2.468307007717349209e-03,0.000000000000000000e+00
-1.094242471700000108e+00,2.466812917592711967e-03,0.000000000000000000e+00
-1.091744201216666710e+00,2.465325934640039823e-03,0.000000000000000000e+00
-1.089245930733333312e+00,2.463845119666887608e-03,0.000000000000000000e+00
-1.086747660249999914e+00,2.462371412759367575e-03,0.000000000000000000e+00
-1.084249389766666738e+00,2.460903866620716123e-03,0.000000000000000000e+00
-1.081751119283333340e+00,2.459443430244267256e-03,0.000000000000000000e+00
-1.079252848799999942e+00,2.457989148117321627e-03,0.000000000000000000e+00
-1.076754578316666766e+00,2.456541978265592251e-03,0.000000000000000000e+00
-1.074256307833333368e+00,2.455100956847759003e-03,0.000000000000000000e+00
-1.071758037349999970e+00,2.453667051049452947e-03,0.000000000000000000e+00
-1.069259766866666572e+00,2.452239288585413533e-03,0.000000000000000000e+00
-1.066761496383333396e+00,2.450818645930835735e-03,0.000000000000000000e+00
-1.064263225899999998e+00,2.449404142239820260e-03,0.000000000000000000e+00
-1.061764955416666600e+00,2.447996763410115965e-03,0.000000000000000000e+00
-1.059266684933333424e+00,2.446595519915749535e-03,0.000000000000000000e+00
-1.056768414450000027e+00,2.445201407212015988e-03,0.000000000000000000e+00
-1.054270143966666629e+00,2.443813426971717506e-03,0.000000000000000000e+00
-1.051771873483333231e+00,2.442432584345992190e-03,0.000000000000000000e+00
-1.049273603000000055e+00,2.441057872082917548e-03,0.000000000000000000e+00
-1.046775332516666657e+00,2.439690305170205513e-03,0.000000000000000000e+00
-1.044277062033333259e+00,2.438328867305519093e-03,0.000000000000000000e+00
-1.041778791550000083e+00,2.436974583456707599e-03,0.000000000000000000e+00
-1.039280521066666685e+00,2.435626428143242844e-03,0.000000000000000000e+00
-1.036782250583333287e+00,2.434285436459764605e-03,0.000000000000000000e+00
-1.034283980100000111e+00,2.432950573617288781e-03,0.000000000000000000e+00
-1.031785709616666713e+00,2.431622884986842092e-03,0.000000000000000000e+00
-1.029287439133333315e+00,2.430301326338272106e-03,0.000000000000000000e+00
-1.026789168649999917e+00,2.428986953471942191e-03,0.000000000000000000e+00
-1.024290898166666741e+00,2.427678712581652059e-03,0.000000000000000000e+00
-1.021792627683333343e+00,2.426377670052545961e-03,0.000000000000000000e+00
-1.019294357199999945e+00,2.425082762364785729e-03,0.000000000000000000e+00
-1.016796086716666769e+00,2.423795066647863733e-03,0.000000000000000000e+00
-1.014297816233333371e+00,2.422513509528450952e-03,0.000000000000000000e+00
-1.011799545749999973e+00,2.421239179042143901e-03,0.000000000000000000e+00
-1.009301275266666575e+00,2.419970991820044517e-03,0.000000000000000000e+00
-1.006803004783333400e+00,2.418710046970034763e-03,0.000000000000000000e+00
-1.004304734300000002e+00,2.417455250981871782e-03,0.000000000000000000e+00
-1.001806463816666604e+00,2.416207714204999038e-03,0.000000000000000000e+00
-9.993081933333333167e-01,2.414966332840263758e-03,0.000000000000000000e+00
-9.968099228500000297e-01,2.413732228651538272e-03,0.000000000000000000e+00
-9.943116523666666318e-01,2.412504287400549317e-03,0.000000000000000000e+00
-9.918133818833333448e-01,2.411283642441769230e-03,0.000000000000000000e+00
-9.893151114000000579e-01,2.410069168944171079e-03,0.000000000000000000e+00
-9.868168409166666599e-01,2.408862012033681239e-03,0.000000000000000000e+00
-9.843185704333333730e-01,2.407661036130142890e-03,0.000000000000000000e+00
-9.818202999499999750e-01,2.406467398315044384e-03,0.000000000000000000e+00
-9.793220294666666881e-01,2.405279952100109874e-03,0.000000000000000000e+00
-9.768237589833332901e-01,2.404099866710666163e-03,0.000000000000000000e+00
-9.743254885000000032e-01,2.402925984588038903e-03,0.000000000000000000e+00
-9.718272180166667162e-01,2.401759487293569049e-03,0.000000000000000000e+00
-9.693289475333333183e-01,2.400599206033116571e-03,0.000000000000000000e+00
-9.668306770500000313e-01,2.399446334901010960e-03,0.000000000000000000e+00
-9.643324065666666334e-01,2.398299693698484076e-03,0.000000000000000000e+00
-9.618341360833333464e-01,2.397160489254124803e-03,0.000000000000000000e+00
-9.593358655999999485e-01,2.396027529793480580e-03,0.000000000000000000e+00
-9.568375951166666615e-01,2.394902035083782636e-03,0.000000000000000000e+00
-9.543393246333333746e-01,2.393782801599878170e-03,0.000000000000000000e+00
-9.518410541499999766e-01,2.392671062258962169e-03,0.000000000000000000e+00
-9.493427836666666897e-01,2.391565601606058383e-03,0.000000000000000000e+00
-9.468445131833332917e-01,2.390467665922638499e-03,0.000000000000000000e+00
-9.443462427000000048e-01,2.389376027642854498e-03,0.000000000000000000e+00
-9.418479722166667178e-01,2.388291946631769351e-03,0.000000000000000000e+00
-9.393497017333333199e-01,2.387214183027101637e-03,0.000000000000000000e+00
-9.368514312500000329e-01,2.386144010502481462e-03,0.000000000000000000e+00
-9.343531607666666350e-01,2.385080176710208024e-03,0.000000000000000000e+00
-9.318548902833333480e-01,2.384023969361870592e-03,0.000000000000000000e+00
-9.293566197999999501e-01,2.382974123431846718e-03,0.000000000000000000e+00
-9.268583493166666631e-01,2.381931940904999205e-03,0.000000000000000000e+00
-9.243600788333333762e-01,2.380896143880950524e-03,0.000000000000000000e+00
-9.218618083499999782e-01,2.379868048858568928e-03,0.000000000000000000e+00
-9.193635378666666913e-01,2.378846364862372519e-03,0.000000000000000000e+00
-9.168652673833332933e-01,2.377832423151121644e-03,0.000000000000000000e+00
-9.143669969000000064e-01,2.376824919470205306e-03,0.000000000000000000e+00
-9.118687264166667195e-01,2.375825200090061519e-03,0.000000000000000000e+00
-9.093704559333333215e-01,2.374831947268224788e-03,0.000000000000000000e+00
-9.068721854500000346e-01,2.373846522545164459e-03,0.000000000000000000e+00
-9.043739149666666366e-01,2.372867594477918139e-03,0.000000000000000000e+00
-9.018756444833333497e-01,2.371896540140657535e-03,0.000000000000000000e+00
-8.993773739999999517e-01,2.370932014173192208e-03,0.000000000000000000e+00
-8.968791035166666648e-01,2.369975409453703441e-03,4.591895472954600206e-04
-8.943808330333333778e-01,2.369025366483712598e-03,9.183790945912464945e-04
-8.918825625499999799e-01,2.368083294222150543e-03,1.377568641886706569e-03
-8.893842920666666929e-01,2.367147818806342608e-03,1.836758189182166427e-03
-8.868860215833332949e-01,2.366220365559754818e-03,2.295947736477952847e-03
-8.843877511000000080e-01,2.365299546025086217e-03,2.755137283773413139e-03
-8.818894806166667211e-01,2.364386802181056395e-03,3.214326831068872996e-03
-8.793912101333333231e-01,2.363480730740493124e-03,3.673516378364659416e-03
-8.768929396500000362e-01,2.362582790634656059e-03,4.132705925660119274e-03
-8.743946691666666382e-01,2.361691563507288538e-03,4.591895472956102585e-03
-8.718963986833333513e-01,2.360808525547054924e-03,5.328016290252379078e-03
-8.693981281999999533e-01,2.359932243083590932e-03,6.064137107548655571e-03
-8.668998577166666664e-01,2.359064209875705916e-03,6.800257924844932064e-03
-8.644015872333333794e-01,2.358202976689008964e-03,7.536378742141731576e-03
-8.619033167499999815e-01,2.357350055173088564e-03,8.272499559438007202e-03
-8.594050462666666945e-01,2.356503980274577900e-03,9.008620376734806715e-03
-8.569067757833332966e-01,2.355666281861926344e-03,9.744741194031084075e-03
-8.544085053000000096e-01,2.354835478803022839e-03,1.048086201132735970e-02
-8.519102348166667227e-01,2.354013119521762131e-03,1.121698282862363533e-02
-8.494119643333333247e-01,2.353197706541378803e-03,1.195310364592043484e-02
-8.469136938500000378e-01,2.352390807187351458e-03,1.238635703645923208e-02
-8.444154233666666398e-01,2.351590907366509810e-03,1.281961042699833811e-02
-8.419171528833333529e-01,2.350799593660310785e-03,1.325286381753713709e-02
-8.394188823999999549e-01,2.350015335082527267e-03,1.368611720807593433e-02
-8.369206119166666680e-01,2.349239737833685136e-03,1.411937059861504036e-02
-8.344223414333333810e-01,2.348471253752121291e-03,1.455262398915383761e-02
-8.319240709499999831e-01,2.347711509030926506e-03,1.498587737969263659e-02
-8.294258004666666961e-01,2.346958938043347976e-03,1.541913077023174261e-02
-8.269275299833332982e-01,2.346215187358313779e-03,1.585238416077053986e-02
-8.244292595000000112e-01,2.345478673589501684e-03,1.628563755130933710e-02
-8.219309890166667243e-01,2.344751064074214204e-03,1.606423154884639368e-02
-8.194327185333333263e-01,2.344030757365552203e-03,1.584282554638360638e-02
-8.169344480500000394e-01,2.343319441973172428e-03,1.562141954392082255e-02
-8.144361775666666414e-01,2.342615498081815524e-03,1.540001354145787912e-02
-8.119379070833333545e-01,2.341920635787408337e-03,1.517860753899509182e-02
-8.094396365999999565e-01,2.341233216592948294e-03,1.495720153653230626e-02
-8.069413661166666696e-01,2.340554972606128780e-03,1.473579553406936284e-02
-8.044430956333333826e-01,2.339884246326695127e-03,1.451438953160657727e-02
-8.019448251499999847e-01,2.339222792312659234e-03,1.429298352914379171e-02
-7.994465546666666977e-01,2.338568933732197101e-03,1.407157752668084828e-02
-7.969482841833332998e-01,2.337924448041887784e-03,1.335881828020522508e-02
-7.944500137000000128e-01,2.337287638744599706e-03,1.264605903372960360e-02
-7.919517432166666149e-01,2.336660306657981079e-03,1.193329978725347386e-02
-7.894534727333333279e-01,2.336040735276248906e-03,1.122054054077785065e-02
-7.869552022500000410e-01,2.335430749253116899e-03,1.050778129430222918e-02
-7.844569317666666430e-01,2.334828611724969888e-03,9.795022047826097700e-03
-7.819586612833333561e-01,2.334236171669514057e-03,9.082262801350476228e-03
-7.794603907999999581e-01,2.333651671508100815e-03,8.369503554874854756e-03
-7.769621203166666712e-01,2.333076985044625629e-03,7.656744308398724143e-03
-7.744638498333333843e-01,2.332510333620296198e-03,6.943985061923100936e-03
-7.719655793499999863e-01,2.331953616381898103e-03,6.314610635394399436e-03
-7.694673088666666994e-01,2.331405033217537597e-03,5.685236208865250378e-03
-7.669690383833333014e-01,2.330866509147662413e-03,5.055861782336548878e-03
-7.644707679000000144e-01,2.330336222226541548e-03,4.426487355807848245e-03
-7.619724974166666165e-01,2.329816123895526395e-03,3.797112929278698753e-03
-7.594742269333333295e-01,2.329304369984803568e-03,3.167738502749997253e-03
-7.569759564500000426e-01,2.328802938919594025e-03,2.538364076221295319e-03
-7.544776859666666446e-01,2.328309963908685269e-03,1.908989649692147128e-03
-7.519794154833333577e-01,2.327827450940244108e-03,1.279615223163445628e-03
-7.494811449999999597e-01,2.327353510194158509e-03,6.502407966347439113e-04
-7.469828745166666728e-01,2.326890175819248344e-03,5.852167169712417646e-04
-7.444846040333333859e-01,2.326435534550395662e-03,5.201926373077859133e-04
-7.419863335499999879e-01,2.325991649311792610e-03,4.551685576443299536e-04
-7.394880630666667010e-01,2.325556582968340592e-03,3.901444779808278611e-04
-7.369897925833333030e-01,2.325132427852888688e-03,3.251203983173719557e-04
-7.344915221000000161e-01,2.324717222526013257e-03,2.600963186539160502e-04
-7.319932516166666181e-01,2.324313089382351507e-03,1.950722389904139035e-04
-7.294949811333333312e-01,2.323918042233764567e-03,1.300481593269579980e-04
-7.269967106500000442e-01,2.323534234209639025e-03,6.502407966350214671e-05
-7.244984401666666463e-01,2.323159653919026988e-03,0.000000000000000000e+00
-7.220001696833333593e-01,2.322796485920604771e-03,0.000000000000000000e+00
-7.195018991999999614e-01,2.322442693156184877e-03,0.000000000000000000e+00
-7.170036287166666744e-01,2.322100492329544873e-03,0.000000000000000000e+00
-7.145053582333333875e-01,2.321767820241299116e-03,0.000000000000000000e+00
-7.120070877499999895e-01,2.321446926478219677e-03,0.000000000000000000e+00
-7.095088172666667026e-01,2.321135721214760434e-03,0.000000000000000000e+00
-7.070105467833333046e-01,2.320836487683631058e-03,0.000000000000000000e+00
-7.045122763000000177e-01,2.320547108936827502e-03,0.000000000000000000e+00
-7.020140058166666197e-01,2.320269902639823367e-03,0.000000000000000000e+00
-6.995157353333333328e-01,2.320002724215609186e-03,0.000000000000000000e+00
-6.970174648500000458e-01,2.319747926575086230e-03,0.000000000000000000e+00
-6.945191943666666479e-01,2.319503336993727297e-03,0.000000000000000000e+00
-6.920209238833333609e-01,2.319271344467097994e-03,0.000000000000000000e+00
-6.895226533999999630e-01,2.319049747593942157e-03,0.000000000000000000e+00
-6.870243829166666760e-01,2.318840972321628124e-03,0.000000000000000000e+00
-6.845261124333333891e-01,2.318642788030366754e-03,0.000000000000000000e+00
-6.820278419499999911e-01,2.318457658515871937e-03,0.000000000000000000e+00
-6.795295714666667042e-01,2.318283323386705844e-03,0.000000000000000000e+00
-6.770313009833333062e-01,2.318122285213475818e-03,0.000000000000000000e+00
-6.745330305000000193e-01,2.317972253267206427e-03,0.000000000000000000e+00
-6.720347600166666213e-01,2.317835769851727800e-03,0.000000000000000000e+00
-6.695364895333333344e-01,2.317710513322758167e-03,0.000000000000000000e+00
-6.670382190500000474e-01,2.317599066708799557e-03,0.000000000000000000e+00
-6.645399485666666495e-01,2.317499076859078772e-03,0.000000000000000000e+00
-6.620416780833333625e-01,2.317413168553159649e-03,0.000000000000000000e+00
-6.595434075999999646e-01,2.317338956529954586e-03,0.000000000000000000e+00
-6.570451371166666776e-01,2.317279108382014948e-03,0.000000000000000000e+00
-6.545468666333333907e-01,2.317231206121506473e-03,0.000000000000000000e+00
-6.520485961499999927e-01,2.317197961253551590e-03,0.000000000000000000e+00
-6.495503256666667058e-01,2.317176922433571151e-03,0.000000000000000000e+00
-6.470520551833333078e-01,2.317170846218513137e-03,0.000000000000000000e+00
-6.445537847000000209e-01,2.317177247263034392e-03,0.000000000000000000e+00
-6.420555142166666229e-01,2.317198928357517510e-03,0.000000000000000000e+00
-6.395572437333333360e-01,2.317233369497372509e-03,0.000000000000000000e+00
-6.370589732500000490e-01,2.317283420931037265e-03,0.000000000000000000e+00
-6.345607027666666511e-01,2.317346527323442366e-03,0.000000000000000000e+00
-6.320624322833333641e-01,2.317425587649761878e-03,0.000000000000000000e+00
-6.295641617999999662e-01,2.317518010558965776e-03,0.000000000000000000e+00
-6.270658913166666792e-01,2.317626745070711872e-03,0.000000000000000000e+00
-6.245676208333332813e-01,2.317749163117428877e-03,0.000000000000000000e+00
-6.220693503499999943e-01,2.317888265130322797e-03,0.000000000000000000e+00
-6.195710798666667074e-01,2.318041385610864705e-03,0.000000000000000000e+00
-6.170728093833333094e-01,2.318211577821266238e-03,0.000000000000000000e+00
-6.145745389000000225e-01,2.318396138102745297e-03,0.000000000000000000e+00
-6.120762684166666245e-01,2.318598174022801651e-03,0.000000000000000000e+00
-6.095779979333333376e-01,2.318814943018774385e-03,0.000000000000000000e+00
-6.070797274500000507e-01,2.319049608495639403e-03,0.000000000000000000e+00
-6.045814569666666527e-01,2.319299388227947113e-03,0.000000000000000000e+00
-6.020831864833333658e-01,2.319567503051663503e-03,0.000000000000000000e+00
-5.995849159999999678e-01,2.319851130304130277e-03,0.000000000000000000e+00
-5.970866455166666809e-01,2.320153549909260635e-03,0.000000000000000000e+00
-5.945883750333332829e-01,2.320471897980098865e-03,0.000000000000000000e+00
-5.920901045499999960e-01,2.320809515250582718e-03,0.000000000000000000e+00
-5.895918340666667090e-01,2.321163495806529732e-03,0.000000000000000000e+00
-5.870935635833333111e-01,2.321537242987633740e-03,0.000000000000000000e+00
-5.845952931000000241e-01,2.321927808034118020e-03,0.000000000000000000e+00
-5.820970226166666261e-01,2.322338658760299962e-03,0.000000000000000000e+00
-5.795987521333333392e-01,2.322766802728482623e-03,0.000000000000000000e+00
-5.771004816500000523e-01,2.323215774175096428e-03,0.000000000000000000e+00
-5.746022111666666543e-01,2.323682536137953135e-03,0.000000000000000000e+00
-5.721039406833333674e-01,2.324170691305327621e-03,0.000000000000000000e+00
-5.696056701999999694e-01,2.324677157330254113e-03,0.000000000000000000e+00
-5.671073997166666825e-01,2.325205607470249344e-03,0.000000000000000000e+00
-5.646091292333332845e-01,2.325752913119120621e-03,0.000000000000000000e+00
-5.621108587499999976e-01,2.326322820313279569e-03,0.000000000000000000e+00
-5.596125882666667106e-01,2.326912153299534082e-03,0.000000000000000000e+00
-5.571143177833333127e-01,2.327524733200073224e-03,0.000000000000000000e+00
-5.546160473000000257e-01,2.328157336214877523e-03,0.000000000000000000e+00
-5.521177768166666278e-01,2.328813860961478650e-03,0.000000000000000000e+00
-5.496195063333333408e-01,2.329491034680707898e-03,0.000000000000000000e+00
-5.471212358500000539e-01,2.330192836004530386e-03,0.000000000000000000e+00
-5.446229653666666559e-01,2.330915942290759987e-03,0.000000000000000000e+00
-5.421246948833333690e-01,2.331664414819999316e-03,0.000000000000000000e+00
-5.396264243999999710e-01,2.332434880133565838e-03,0.000000000000000000e+00
-5.371281539166666841e-01,2.333231484916565082e-03,0.000000000000000000e+00
-5.346298834333332861e-01,2.334050803951097375e-03,0.000000000000000000e+00
-5.321316129499999992e-01,2.334897072212537006e-03,0.000000000000000000e+00
-5.296333424666667122e-01,2.335766811772983873e-03,0.000000000000000000e+00
-5.271350719833333143e-01,2.336664348920986303e-03,0.000000000000000000e+00
-5.246368015000000273e-01,2.337586152061662311e-03,0.000000000000000000e+00
-5.221385310166666294e-01,2.338536641965636900e-03,0.000000000000000000e+00
-5.196402605333333424e-01,2.339512232409132926e-03,0.000000000000000000e+00
-5.171419900500000555e-01,2.340517441969156009e-03,0.000000000000000000e+00
-5.146437195666666575e-01,2.341548628828397493e-03,0.000000000000000000e+00
-5.121454490833333706e-01,2.342610412858787700e-03,0.000000000000000000e+00
-5.096471785999999726e-01,2.343699095684961993e-03,0.000000000000000000e+00
-5.071489081166666857e-01,2.344819402138124172e-03,0.000000000000000000e+00
-5.046506376333332877e-01,2.345967576321911652e-03,0.000000000000000000e+00
-5.021523671500000008e-01,2.347148451877623717e-03,0.000000000000000000e+00
-4.996540966666666583e-01,2.348358214430903198e-03,0.000000000000000000e+00
-4.971558261833333159e-01,2.349601810483547236e-03,0.000000000000000000e+00
-4.946575557000000289e-01,2.350875366233974237e-03,0.000000000000000000e+00
-4.921592852166666865e-01,2.352183945306977105e-03,0.000000000000000000e+00
-4.896610147333333440e-01,2.353523613538008319e-03,0.000000000000000000e+00
-4.871627442500000016e-01,2.354899556164146996e-03,0.000000000000000000e+00
-4.846644737666666591e-01,2.356307777738502265e-03,0.000000000000000000e+00
-4.821662032833333167e-01,2.357753589842695712e-03,0.000000000000000000e+00
-4.796679327999999742e-01,2.359232934849461900e-03,0.000000000000000000e+00
-4.771696623166666873e-01,2.360751255676614771e-03,0.000000000000000000e+00
-4.746713918333333448e-01,2.362304431646791193e-03,0.000000000000000000e+00
-4.721731213500000024e-01,2.363898042283075172e-03,0.000000000000000000e+00
-4.696748508666666599e-01,2.365527903021513983e-03,0.000000000000000000e+00
-4.671765803833333175e-01,2.367199735557653367e-03,0.000000000000000000e+00
-4.646783098999999750e-01,2.368909290646340968e-03,0.000000000000000000e+00
-4.621800394166666881e-01,2.370662438041468492e-03,0.000000000000000000e+00
-4.596817689333333457e-01,2.372454863071103270e-03,0.000000000000000000e+00
-4.571834984500000032e-01,2.374292589777077071e-03,0.000000000000000000e+00
-4.546852279666666607e-01,2.376171237373398120e-03,0.000000000000000000e+00
-4.521869574833333183e-01,2.378096990787890216e-03,0.000000000000000000e+00
-4.496886869999999758e-01,2.380065402502779155e-03,0.000000000000000000e+00
-4.471904165166666889e-01,2.382082825326652716e-03,0.000000000000000000e+00
-4.446921460333333465e-01,2.384144744472988832e-03,0.000000000000000000e+00
-4.421938755500000040e-01,2.386257688053131966e-03,0.000000000000000000e+00
-4.396956050666666616e-01,2.388417073569271652e-03,0.000000000000000000e+00
-4.371973345833333191e-01,2.390629612318789874e-03,0.000000000000000000e+00
-4.346990640999999767e-01,2.392890653759928519e-03,0.000000000000000000e+00
-4.322007936166666897e-01,2.395207100756312907e-03,0.000000000000000000e+00
-4.297025231333333473e-01,2.397574234515399694e-03,0.000000000000000000e+00
-4.272042526500000048e-01,2.399999158386629215e-03,0.000000000000000000e+00
-4.247059821666666624e-01,2.402477085266090714e-03,0.000000000000000000e+00
-4.222077116833333199e-01,2.405015328489098266e-03,0.000000000000000000e+00
-4.197094411999999775e-01,2.407609032748220593e-03,0.000000000000000000e+00
-4.172111707166666905e-01,2.410265731495889446e-03,0.000000000000000000e+00
-4.147129002333333481e-01,2.412980501521323502e-03,0.000000000000000000e+00
-4.122146297500000056e-01,2.415761107209409529e-03,0.000000000000000000e+00
-4.097163592666666632e-01,2.418602557966999158e-03,0.000000000000000000e+00
-4.072180887833333207e-01,2.421512860669628679e-03,0.000000000000000000e+00
-4.047198182999999783e-01,2.424486958115165767e-03,0.000000000000000000e+00
-4.022215478166666913e-01,2.427533112036216623e-03,0.000000000000000000e+00
-3.997232773333333489e-01,2.430646199683832685e-03,0.000000000000000000e+00
-3.972250068500000064e-01,2.433834750893500761e-03,0.000000000000000000e+00
-3.947267363666666640e-01,2.437093578761273267e-03,0.000000000000000000e+00
-3.922284658833333215e-01,2.440431495430689813e-03,0.000000000000000000e+00
-3.897301953999999791e-01,2.443843251609955757e-03,0.000000000000000000e+00
-3.872319249166666921e-01,2.447337957004682481e-03,0.000000000000000000e+00
-3.847336544333333497e-01,2.450910302130313544e-03,0.000000000000000000e+00
-3.822353839500000072e-01,2.454569710653028806e-03,0.000000000000000000e+00
-3.797371134666666648e-01,2.458310815580207111e-03,0.000000000000000000e+00
-3.772388429833333223e-01,2.462143372191501981e-03,0.000000000000000000e+00
-3.747405724999999799e-01,2.466061959226261650e-03,0.000000000000000000e+00
-3.722423020166666929e-01,2.470076682607223219e-03,0.000000000000000000e+00
-3.697440315333333505e-01,2.474182070679778987e-03,0.000000000000000000e+00
-3.672457610500000080e-01,2.478388600550472404e-03,0.000000000000000000e+00
-3.647474905666666656e-01,2.482690754766927847e-03,0.000000000000000000e+00
-3.622492200833333231e-01,2.487099403822276393e-03,0.000000000000000000e+00
-3.597509495999999807e-01,2.491608989886233503e-03,0.000000000000000000e+00
-3.572526791166666937e-01,2.496230800874027142e-03,0.000000000000000000e+00
-3.547544086333333513e-01,2.500959244934909242e-03,0.000000000000000000e+00
-3.522561381500000088e-01,2.505806053463217106e-03,0.000000000000000000e+00
-3.497578676666666664e-01,2.510765608015705797e-03,0.000000000000000000e+00
-3.472595971833333239e-01,2.515850111759772908e-03,0.000000000000000000e+00
-3.447613266999999815e-01,2.521053928308068098e-03,0.000000000000000000e+00
-3.422630562166666945e-01,2.526389763369883776e-03,0.000000000000000000e+00
-3.397647857333333521e-01,2.531851972656678617e-03,0.000000000000000000e+00
-3.372665152500000096e-01,2.537453797936542205e-03,0.000000000000000000e+00
-3.347682447666666672e-01,2.543189598656106411e-03,0.000000000000000000e+00
-3.322699742833333247e-01,2.549073189212213396e-03,0.000000000000000000e+00
-3.297717037999999823e-01,2.555098946243858880e-03,0.000000000000000000e+00
-3.272734333166666953e-01,2.561281296749051001e-03,0.000000000000000000e+00
-3.247751628333333529e-01,2.567614650101592098e-03,0.000000000000000000e+00
-3.222768923500000104e-01,2.574114089666653619e-03,0.000000000000000000e+00
-3.197786218666666680e-01,2.580774075484200143e-03,0.000000000000000000e+00
-3.172803513833333255e-01,2.587610395297282925e-03,0.000000000000000000e+00
-3.147820808999999831e-01,2.594617580483303803e-03,0.000000000000000000e+00
-3.122838104166666406e-01,2.601812175926405176e-03,0.000000000000000000e+00
-3.097855399333333537e-01,2.609188808160389870e-03,0.000000000000000000e+00
-3.072872694500000113e-01,2.616764837312717147e-03,0.000000000000000000e+00
-3.047889989666666688e-01,2.624535012509615628e-03,0.000000000000000000e+00
-3.022907284833333263e-01,2.632517573229384983e-03,0.000000000000000000e+00
-2.997924579999999839e-01,2.640707422794993844e-03,0.000000000000000000e+00
-2.972941875166666414e-01,2.649123750915759450e-03,0.000000000000000000e+00
-2.947959170333333545e-01,2.657761651520667515e-03,0.000000000000000000e+00
-2.922976465500000121e-01,2.666641343087052668e-03,0.000000000000000000e+00
-2.897993760666666696e-01,2.675758152107921613e-03,0.000000000000000000e+00
-2.873011055833333272e-01,2.685133413040844286e-03,0.000000000000000000e+00
-2.848028350999999847e-01,2.694762733322991592e-03,0.000000000000000000e+00
-2.823045646166666423e-01,2.704668660456772955e-03,0.000000000000000000e+00
-2.798062941333333553e-01,2.714847138645456060e-03,0.000000000000000000e+00
-2.773080236500000129e-01,2.725322036721967989e-03,0.000000000000000000e+00
-2.748097531666666704e-01,2.736089700120118273e-03,0.000000000000000000e+00
-2.723114826833333280e-01,2.747175440097802523e-03,0.000000000000000000e+00
-2.698132121999999855e-01,2.758576077838144781e-03,0.000000000000000000e+00
-2.673149417166666431e-01,2.770318502786399666e-03,0.000000000000000000e+00
-2.648166712333333561e-01,2.782400098116124577e-03,0.000000000000000000e+00
-2.623184007500000137e-01,2.794849484057660999e-03,0.000000000000000000e+00
-2.598201302666666712e-01,2.807664705715498272e-03,0.000000000000000000e+00
-2.573218597833333288e-01,2.820876286088300558e-03,0.000000000000000000e+00
-2.548235892999999863e-01,2.834483048194993624e-03,0.000000000000000000e+00
-2.523253188166666439e-01,2.848517612172554031e-03,0.000000000000000000e+00
-2.498270483333333292e-01,2.862979713773746143e-03,0.000000000000000000e+00
-2.473287778500000145e-01,2.877904290577075995e-03,0.000000000000000000e+00
-2.448305073666666720e-01,2.893292148060784118e-03,0.000000000000000000e+00
-2.423322368833333296e-01,2.909180791685362592e-03,0.000000000000000000e+00
-2.398339663999999871e-01,2.925572279814363501e-03,0.000000000000000000e+00
-2.373356959166666724e-01,2.942506971373493908e-03,0.000000000000000000e+00
-2.348374254333333300e-01,2.959988391744321212e-03,0.000000000000000000e+00
-2.323391549499999875e-01,2.978060080020706463e-03,0.000000000000000000e+00
-2.298408844666666728e-01,2.996727279503974030e-03,0.000000000000000000e+00
-2.273426139833333304e-01,3.016037084446424304e-03,0.000000000000000000e+00
-2.248443434999999879e-01,3.035996750759109401e-03,0.000000000000000000e+00
-2.223460730166666732e-01,3.056657359759187668e-03,0.000000000000000000e+00
-2.198478025333333308e-01,3.078028526974943731e-03,0.000000000000000000e+00
-2.173495320499999883e-01,3.100165820046763780e-03,0.000000000000000000e+00
-2.148512615666666736e-01,3.123081623854273570e-03,0.000000000000000000e+00
-2.123529910833333312e-01,3.146836571641449098e-03,0.000000000000000000e+00
-2.098547205999999887e-01,3.171446302853495828e-03,0.000000000000000000e+00
-2.073564501166666740e-01,3.196977191101809009e-03,0.000000000000000000e+00
-2.048581796333333316e-01,3.223448706789730760e-03,0.000000000000000000e+00
-2.023599091499999891e-01,3.250933753091735795e-03,0.000000000000000000e+00
-1.998616386666666744e-01,3.279456318348958344e-03,0.000000000000000000e+00
-1.973633681833333320e-01,3.309096762276845464e-03,0.000000000000000000e+00
-1.948650976999999895e-01,3.339884412834613278e-03,0.000000000000000000e+00
-1.923668272166666748e-01,3.371908179952437783e-03,0.000000000000000000e+00
-1.898685567333333324e-01,3.405203717700653124e-03,0.000000000000000000e+00
-1.873702862499999899e-01,3.439869782607436668e-03,0.000000000000000000e+00
-1.848720157666666752e-01,3.475949543964370388e-03,0.000000000000000000e+00
-1.823737452833333328e-01,3.513553149090422722e-03,0.000000000000000000e+00
-1.798754747999999903e-01,3.552732721957347489e-03,0.000000000000000000e+00
-1.773772043166666756e-01,3.593611649516578136e-03,0.000000000000000000e+00
-1.748789338333333332e-01,3.636252760850545301e-03,0.000000000000000000e+00
-1.723806633499999907e-01,3.680794908115739544e-03,0.000000000000000000e+00
-1.698823928666666760e-01,3.727313764391598522e-03,0.000000000000000000e+00
-1.673841223833333336e-01,3.775966341375500742e-03,0.000000000000000000e+00
-1.648858518999999911e-01,3.826843783185205836e-03,0.000000000000000000e+00
-1.623875814166666764e-01,3.880124542500034031e-03,0.000000000000000000e+00
-1.598893109333333340e-01,3.935918478859490310e-03,0.000000000000000000e+00
-1.573910404499999915e-01,3.994429507792320207e-03,0.000000000000000000e+00
-1.548927699666666769e-01,4.055790234644795003e-03,0.000000000000000000e+00
-1.523944994833333344e-01,4.120235000312630867e-03,0.000000000000000000e+00
-1.498962289999999919e-01,4.187924194288207037e-03,0.000000000000000000e+00
-1.473979585166666773e-01,4.259128749695055213e-03,0.000000000000000000e+00
-1.448996880333333348e-01,4.334043181038665059e-03,0.000000000000000000e+00
-1.424014175499999924e-01,4.412982735284734330e-03,0.000000000000000000e+00
-1.399031470666666777e-01,4.496184089856815856e-03,0.000000000000000000e+00
-1.374048765833333352e-01,4.584016552060824791e-03,0.000000000000000000e+00
-1.349066060999999928e-01,4.676769230671131393e-03,0.000000000000000000e+00
-1.324083356166666781e-01,4.774877901939071460e-03,0.000000000000000000e+00
-1.299100651333333356e-01,4.878697333903929227e-03,0.000000000000000000e+00
-1.274117946499999932e-01,4.988745715692061329e-03,0.000000000000000000e+00
-1.249135241666666646e-01,5.105460669194950354e-03,0.000000000000000000e+00
-1.224152536833333360e-01,5.229463486416527883e-03,9.377703622361765676e-03
-1.199169831999999936e-01,5.361297212791068731e-03,1.875540724473019963e-02
-1.174187127166666650e-01,5.501713379404860049e-03,2.813311086709196357e-02
-1.149204422333333364e-01,5.651390395236447796e-03,3.751081448945373098e-02
-1.124221717499999940e-01,5.811246033002243246e-03,4.688851811182215973e-02
-1.099239012666666654e-01,5.982134241945852304e-03,5.626622173418392714e-02
-1.074256307833333368e-01,6.165187401777604166e-03,6.564392535654568761e-02
-1.049273602999999944e-01,6.361489596794559637e-03,7.502162897891412330e-02
-1.024290898166666658e-01,6.572453675337615493e-03,8.439933260127588377e-02
-9.993081933333333722e-02,6.799469071529396814e-03,9.377703622363765812e-02
-9.743254884999999477e-02,7.044320130737437118e-03,1.147977618610154793e-01
-9.493427836666666619e-02,7.308806839876917302e-03,1.358184874983783264e-01
-9.243600788333333762e-02,7.595212920882943308e-03,1.568392131357412012e-01
-8.993773739999999517e-02,7.905898542520736413e-03,1.778599387731190085e-01
-8.743946691666666660e-02,8.243829714721571250e-03,1.988806644104818833e-01
-8.494119643333333802e-02,8.612143593719253504e-03,2.199013900478447581e-01
-8.244292594999999557e-02,9.014755383198002139e-03,2.409221156852225931e-01
-7.994465546666666700e-02,9.455899953937750221e-03,2.619428413225854402e-01
-7.744638498333333843e-02,9.940839967358653176e-03,2.829635669599632752e-01
-7.494811449999999597e-02,1.047539366749170725e-02,3.039842925973261223e-01
-7.244984401666666740e-02,1.106678056603443462e-02,3.298794869006106967e-01
-6.995157353333333883e-02,1.172315737504339879e-02,3.557746812039136453e-01
-6.745330304999999638e-02,1.245465987504874861e-02,3.816698755071982196e-01
-6.495503256666666780e-02,1.327299323572066723e-02,4.075650698104827385e-01
-6.245676208333333229e-02,1.419277017089033872e-02,4.334602641137856871e-01
-5.995849159999999678e-02,1.523125197577887904e-02,4.593554584170702615e-01
-5.746022111666666821e-02,1.641016495716137932e-02,4.852506527203548359e-01
-5.496195063333333269e-02,1.775579610158780838e-02,5.111458470236578400e-01
-5.246368014999999718e-02,1.930164235091797950e-02,5.370410413269423033e-01
-4.996540966666666861e-02,2.108930863682531576e-02,5.629362356302268777e-01
-4.746713918333333310e-02,2.317273664371596181e-02,5.839377530707277053e-01
-4.496886869999999758e-02,2.562094483052875654e-02,6.049392705112136559e-01
-4.247059821666666901e-02,2.852555644685039055e-02,6.259407879516994955e-01
-3.997232773333333350e-02,3.200799076445921126e-02,6.469423053922003231e-01
-3.747405724999999799e-02,3.623470249003361149e-02,6.679438228326862736e-01
-3.497578676666666941e-02,4.143610912511310612e-02,6.889453402731722242e-01
-3.247751628333333390e-02,4.794253109908857419e-02,7.099468577136730518e-01
-2.997924579999999839e-02,5.623851467515348507e-02,7.309483751541590024e-01
-2.748097531666666635e-02,6.706592527215501920e-02,7.519498925946448420e-01
-2.498270483333333430e-02,8.161181969663444669e-02,7.729514100351456696e-01
-2.248443434999999879e-02,1.019172186274395209e-01,7.810560687793691725e-01
-1.998616386666666675e-02,1.319233956847619960e-01,7.891607275235925645e-01
-1.748789338333333471e-02,1.810006431714966113e-01,7.972653862678218406e-01
-1.498962289999999919e-02,2.772317066771645688e-01,8.053700450120452325e-01
-1.249135241666666715e-02,5.093725164868917465e-01,8.134747037562687355e-01
-9.993081933333333375e-03,1.105578578310211668e+00,8.215793625004980116e-01
-7.494811449999999597e-03,2.433530736274762241e+00,8.296840212447214036e-01
-4.996540966666666687e-03,4.637670397359237029e+00,8.377886799889449065e-01
-2.498270483333333344e-03,7.000232739590813935e+00,8.458933387331740716e-01
0.000000000000000000e+00,8.057311530734812877e+00,8.539979974773975746e-01
2.498270483333333344e-03,7.000232739590813935e+00,8.460776674204328884e-01
4.996540966666666687e-03,4.637670397359236141e+00,8.381573373634683133e-01
7.494811449999999597e-03,2.433530736274763129e+00,8.302370073065036271e-01
9.993081933333333375e-03,1.105578578310211668e+00,8.223166772495390520e-01
1.249135241666666715e-02,5.093725164868919686e-01,8.143963471925743658e-01
1.498962289999999919e-02,2.772317066771646799e-01,8.064760171356096796e-01
1.748789338333333471e-02,1.810006431714965558e-01,7.985556870786451045e-01
1.998616386666666675e-02,1.319233956847620237e-01,7.906353570216804183e-01
2.248443434999999879e-02,1.019172186274393405e-01,7.827150269647158431e-01
2.498270483333333430e-02,8.161181969663443281e-02,7.747946969077511570e-01
2.748097531666666635e-02,6.706592527215514410e-02,7.537637366771324787e-01
2.997924579999999839e-02,5.623851467515347813e-02,7.327327764465138005e-01
3.247751628333333390e-02,4.794253109908869215e-02,7.117018162158950112e-01
3.497578676666666941e-02,4.143610912511302979e-02,6.906708559852763329e-01
3.747405724999999799e-02,3.623470249003364618e-02,6.696398957546576547e-01
3.997232773333333350e-02,3.200799076445916963e-02,6.486089355240388654e-01
4.247059821666666901e-02,2.852555644685038361e-02,6.275779752934201872e-01
4.496886869999999758e-02,2.562094483052867327e-02,6.065470150628015089e-01
4.746713918333333310e-02,2.317273664371599998e-02,5.855160548321827196e-01
4.996540966666666861e-02,2.108930863682538862e-02,5.644850946015640414e-01
5.246368014999999718e-02,1.930164235091805236e-02,5.383620260692844051e-01
5.496195063333333269e-02,1.775579610158785349e-02,5.122389575370046577e-01
5.746022111666666821e-02,1.641016495716136198e-02,4.861158890047249104e-01
5.995849159999999678e-02,1.523125197577887210e-02,4.599928204724452740e-01
6.245676208333333229e-02,1.419277017089027627e-02,4.338697519401655267e-01
6.495503256666666780e-02,1.327299323572064815e-02,4.077466834078858349e-01
6.745330304999999638e-02,1.245465987504879371e-02,3.816236148756061430e-01
6.995157353333333883e-02,1.172315737504340399e-02,3.555005463433263957e-01
7.244984401666666740e-02,1.106678056603438952e-02,3.293774778110467039e-01
7.494811449999999597e-02,1.047539366749158929e-02,3.032544092787670675e-01
7.744638498333333843e-02,9.940839967358632359e-03,2.820963356140695488e-01
7.994465546666666700e-02,9.455899953937765834e-03,2.609382619493721411e-01
8.244292594999999557e-02,9.014755383197903260e-03,2.397801882846747612e-01
8.494119643333333802e-02,8.612143593719281259e-03,2.186221146199772425e-01
8.743946691666666660e-02,8.243829714721619822e-03,1.974640409552798626e-01
8.993773739999999517e-02,7.905898542520736413e-03,1.763059672905824549e-01
9.243600788333333762e-02,7.595212920882847031e-03,1.551478936258849362e-01
9.493427836666666619e-02,7.308806839876936384e-03,1.339898199611875285e-01
9.743254884999999477e-02,7.044320130737446659e-03,1.128317462964901485e-01
9.993081933333333722e-02,6.799469071529437580e-03,9.167367263179262982e-02
1.024290898166666658e-01,6.572453675337599013e-03,8.250630536861339182e-02
1.049273602999999944e-01,6.361489596794542289e-03,7.333893810543413994e-02
1.074256307833333368e-01,6.165187401777648402e-03,6.417157084225484642e-02
1.099239012666666654e-01,5.982134241945936438e-03,5.500420357907560842e-02
1.124221717499999940e-01,5.811246033002328247e-03,4.583683631589636348e-02
1.149204422333333364e-01,5.651390395236466010e-03,3.666946905271706997e-02
1.174187127166666650e-01,5.501713379404954592e-03,2.750210178953782503e-02
1.199169831999999936e-01,5.361297212791043577e-03,1.833473452635858703e-02
1.224152536833333360e-01,5.229463486416520944e-03,9.167367263179293513e-03
1.249135241666666646e-01,5.105460669194786423e-03,4.163336342344337027e-17
1.274117946499999932e-01,4.988745715692175821e-03,0.000000000000000000e+00
1.299100651333333356e-01,4.878697333903942238e-03,0.000000000000000000e+00
1.324083356166666781e-01,4.774877901939029827e-03,0.000000000000000000e+00
1.349066060999999928e-01,4.676769230671103637e-03,0.000000000000000000e+00
1.374048765833333352e-01,4.584016552060815250e-03,0.000000000000000000e+00
1.399031470666666777e-01,4.496184089856836673e-03,0.000000000000000000e+00
1.424014175499999924e-01,4.412982735284718717e-03,0.000000000000000000e+00
1.448996880333333348e-01,4.334043181038645109e-03,0.000000000000000000e+00
1.473979585166666773e-01,4.259128749695069958e-03,0.000000000000000000e+00
1.498962289999999919e-01,4.187924194288224385e-03,0.000000000000000000e+00
1.523944994833333344e-01,4.120235000312493824e-03,0.000000000000000000e+00
1.548927699666666769e-01,4.055790234644742094e-03,0.000000000000000000e+00
1.573910404499999915e-01,3.994429507792316737e-03,0.000000000000000000e+00
1.598893109333333340e-01,3.935918478859477300e-03,0.000000000000000000e+00
1.623875814166666764e-01,3.880124542500063087e-03,0.000000000000000000e+00
1.648858518999999911e-01,3.826843783185175912e-03,0.000000000000000000e+00
1.673841223833333336e-01,3.775966341375522426e-03,0.000000000000000000e+00
1.698823928666666760e-01,3.727313764391626278e-03,0.000000000000000000e+00
1.723806633499999907e-01,3.680794908115740845e-03,0.000000000000000000e+00
1.748789338333333332e-01,3.636252760850581297e-03,0.000000000000000000e+00
1.773772043166666756e-01,3.593611649516528263e-03,0.000000000000000000e+00
1.798754747999999903e-01,3.552732721957321035e-03,0.000000000000000000e+00
1.823737452833333328e-01,3.513553149090396267e-03,0.000000000000000000e+00
1.848720157666666752e-01,3.475949543964296229e-03,0.000000000000000000e+00
1.873702862499999899e-01,3.439869782607459219e-03,0.000000000000000000e+00
1.898685567333333324e-01,3.405203717700586337e-03,0.000000000000000000e+00
1.923668272166666748e-01,3.371908179952373165e-03,0.000000000000000000e+00
1.948650976999999895e-01,3.339884412834517868e-03,0.000000000000000000e+00
1.973633681833333320e-01,3.309096762276845464e-03,0.000000000000000000e+00
1.998616386666666744e-01,3.279456318349059391e-03,0.000000000000000000e+00
2.023599091499999891e-01,3.250933753091707172e-03,0.000000000000000000e+00
2.048581796333333316e-01,3.223448706789659637e-03,0.000000000000000000e+00
2.073564501166666740e-01,3.196977191101881433e-03,0.000000000000000000e+00
2.098547205999999887e-01,3.171446302853528788e-03,0.000000000000000000e+00
2.123529910833333312e-01,3.146836571641443026e-03,0.000000000000000000e+00
2.148512615666666736e-01,3.123081623854249717e-03,0.000000000000000000e+00
2.173495320499999883e-01,3.100165820046737325e-03,0.000000000000000000e+00
2.198478025333333308e-01,3.078028526974960644e-03,0.000000000000000000e+00
2.223460730166666732e-01,3.056657359759149071e-03,0.000000000000000000e+00
2.248443434999999879e-01,3.035996750759117641e-03,0.000000000000000000e+00
2.273426139833333304e-01,3.016037084446507137e-03,0.000000000000000000e+00
2.298408844666666728e-01,2.996727279503945407e-03,0.000000000000000000e+00
2.323391549499999875e-01,2.978060080020611920e-03,0.000000000000000000e+00
2.348374254333333300e-01,2.959988391744215394e-03,0.000000000000000000e+00
2.373356959166666724e-01,2.942506971373573706e-03,0.000000000000000000e+00
2.398339663999999871e-01,2.925572279814337481e-03,0.000000000000000000e+00
2.423322368833333296e-01,2.909180791685272386e-03,0.000000000000000000e+00
2.448305073666666720e-01,2.893292148060820981e-03,0.000000000000000000e+00
2.473287778500000145e-01,2.877904290577144517e-03,0.000000000000000000e+00
2.498270483333333292e-01,2.862979713773753515e-03,0.000000000000000000e+00
2.523253188166666439e-01,2.848517612172501556e-03,0.000000000000000000e+00
2.548235892999999863e-01,2.834483048195014440e-03,0.000000000000000000e+00
2.573218597833333288e-01,2.820876286088334385e-03,0.000000000000000000e+00
2.598201302666666712e-01,2.807664705715514752e-03,0.000000000000000000e+00
2.623184007500000137e-01,2.794849484057611994e-03,0.000000000000000000e+00
2.648166712333333561e-01,2.782400098116131516e-03,0.000000000000000000e+00
2.673149417166666431e-01,2.770318502786426555e-03,0.000000000000000000e+00
2.698132121999999855e-01,2.758576077838091872e-03,0.000000000000000000e+00
2.723114826833333280e-01,2.747175440097720123e-03,0.000000000000000000e+00
2.748097531666666704e-01,2.736089700119959112e-03,0.000000000000000000e+00
2.773080236500000129e-01,2.725322036721863038e-03,0.000000000000000000e+00
2.798062941333333553e-01,2.714847138645396646e-03,0.000000000000000000e+00
2.823045646166666423e-01,2.704668660456618131e-03,0.000000000000000000e+00
2.848028350999999847e-01,2.694762733323054042e-03,0.000000000000000000e+00
2.873011055833333272e-01,2.685133413040874210e-03,0.000000000000000000e+00
2.897993760666666696e-01,2.675758152107925083e-03,0.000000000000000000e+00
2.922976465500000121e-01,2.666641343087092567e-03,0.000000000000000000e+00
2.947959170333333545e-01,2.657761651520646699e-03,0.000000000000000000e+00
2.972941875166666414e-01,2.649123750915847054e-03,0.000000000000000000e+00
2.997924579999999839e-01,2.640707422794999482e-03,0.000000000000000000e+00
3.022907284833333263e-01,2.632517573229328604e-03,0.000000000000000000e+00
3.047889989666666688e-01,2.624535012509573995e-03,0.000000000000000000e+00
3.072872694500000113e-01,2.616764837312643855e-03,0.000000000000000000e+00
3.097855399333333537e-01,2.609188808160387268e-03,0.000000000000000000e+00
3.122838104166666406e-01,2.601812175926385660e-03,0.000000000000000000e+00
3.147820808999999831e-01,2.594617580483245690e-03,0.000000000000000000e+00
3.172803513833333255e-01,2.587610395297282057e-03,0.000000000000000000e+00
3.197786218666666680e-01,2.580774075484324175e-03,0.000000000000000000e+00
3.222768923500000104e-01,2.574114089666661859e-03,0.000000000000000000e+00
3.247751628333333529e-01,2.567614650101631563e-03,0.000000000000000000e+00
3.272734333166666953e-01,2.561281296749204957e-03,0.000000000000000000e+00
3.297717037999999823e-01,2.555098946243936943e-03,0.000000000000000000e+00
3.322699742833333247e-01,2.549073189212181737e-03,0.000000000000000000e+00
3.347682447666666672e-01,2.543189598656144575e-03,0.000000000000000000e+00
3.372665152500000096e-01,2.537453797936501439e-03,0.000000000000000000e+00
3.397647857333333521e-01,2.531851972656683821e-03,0.000000000000000000e+00
3.422630562166666945e-01,2.526389763369758876e-03,0.000000000000000000e+00
3.447613266999999815e-01,2.521053928308115370e-03,0.000000000000000000e+00
3.472595971833333239e-01,2.515850111759897374e-03,0.000000000000000000e+00
3.497578676666666664e-01,2.510765608015740925e-03,0.000000000000000000e+00
3.522561381500000088e-01,2.505806053463279122e-03,0.000000000000000000e+00
3.547544086333333513e-01,2.500959244935009422e-03,0.000000000000000000e+00
3.572526791166666937e-01,2.496230800874190206e-03,0.000000000000000000e+00
3.597509495999999807e-01,2.491608989886280774e-03,0.000000000000000000e+00
3.622492200833333231e-01,2.487099403822242132e-03,0.000000000000000000e+00
3.647474905666666656e-01,2.482690754766959506e-03,0.000000000000000000e+00
3.672457610500000080e-01,2.478388600550491053e-03,0.000000000000000000e+00
3.697440315333333505e-01,2.474182070679827126e-03,0.000000000000000000e+00
3.722423020166666929e-01,2.470076682607170310e-03,0.000000000000000000e+00
3.747405724999999799e-01,2.466061959226274660e-03,0.000000000000000000e+00
3.772388429833333223e-01,2.462143372191532772e-03,0.000000000000000000e+00
3.797371134666666648e-01,2.458310815580207979e-03,0.000000000000000000e+00
3.822353839500000072e-01,2.454569710653024036e-03,0.000000000000000000e+00
3.847336544333333497e-01,2.450910302130320049e-03,0.000000000000000000e+00
3.872319249166666921e-01,2.447337957004588806e-03,0.000000000000000000e+00
3.897301953999999791e-01,2.443843251609824352e-03,0.000000000000000000e+00
3.922284658833333215e-01,2.440431495430557540e-03,0.000000000000000000e+00
3.947267363666666640e-01,2.437093578761168316e-03,0.000000000000000000e+00
3.972250068500000064e-01,2.433834750893562777e-03,0.000000000000000000e+00
3.997232773333333489e-01,2.430646199683726000e-03,0.000000000000000000e+00
4.022215478166666913e-01,2.427533112036096927e-03,0.000000000000000000e+00
4.047198182999999783e-01,2.424486958115167502e-03,0.000000000000000000e+00
4.072180887833333207e-01,2.421512860669579239e-03,0.000000000000000000e+00
4.097163592666666632e-01,2.418602557966903748e-03,0.000000000000000000e+00
4.122146297500000056e-01,2.415761107209376569e-03,0.000000000000000000e+00
4.147129002333333481e-01,2.412980501521294879e-03,0.000000000000000000e+00
4.172111707166666905e-01,2.410265731495846945e-03,0.000000000000000000e+00
4.197094411999999775e-01,2.407609032748218424e-03,0.000000000000000000e+00
4.222077116833333199e-01,2.405015328489050128e-03,0.000000000000000000e+00
4.247059821666666624e-01,2.402477085266072933e-03,0.000000000000000000e+00
4.272042526500000048e-01,2.399999158386657838e-03,0.000000000000000000e+00
4.297025231333333473e-01,2.397574234515361096e-03,0.000000000000000000e+00
4.322007936166666897e-01,2.395207100756210124e-03,0.000000000000000000e+00
4.346990640999999767e-01,2.392890653759865635e-03,0.000000000000000000e+00
4.371973345833333191e-01,2.390629612318903065e-03,0.000000000000000000e+00
4.396956050666666616e-01,2.388417073569279458e-03,0.000000000000000000e+00
4.421938755500000040e-01,2.386257688052968035e-03,0.000000000000000000e+00
4.446921460333333465e-01,2.384144744472956306e-03,0.000000000000000000e+00
4.471904165166666889e-01,2.382082825326695217e-03,0.000000000000000000e+00
4.496886869999999758e-01,2.380065402502810814e-03,0.000000000000000000e+00
4.521869574833333183e-01,2.378096990787865062e-03,0.000000000000000000e+00
4.546852279666666607e-01,2.376171237373395952e-03,0.000000000000000000e+00
4.571834984500000032e-01,2.374292589777054520e-03,0.000000000000000000e+00
4.596817689333333457e-01,2.372454863071069876e-03,0.000000000000000000e+00
4.621800394166666881e-01,2.370662438041511427e-03,0.000000000000000000e+00
4.646783098999999750e-01,2.368909290646288059e-03,0.000000000000000000e+00
4.671765803833333175e-01,2.367199735557619974e-03,0.000000000000000000e+00
4.696748508666666599e-01,2.365527903021496202e-03,0.000000000000000000e+00
4.721731213500000024e-01,2.363898042283009253e-03,0.000000000000000000e+00
4.746713918333333448e-01,2.362304431646869256e-03,0.000000000000000000e+00
4.771696623166666873e-01,2.360751255676825106e-03,0.000000000000000000e+00
4.796679327999999742e-01,2.359232934849443252e-03,0.000000000000000000e+00
4.821662032833333167e-01,2.357753589842622420e-03,0.000000000000000000e+00
4.846644737666666591e-01,2.356307777738469306e-03,0.000000000000000000e+00
4.871627442500000016e-01,2.354899556164196869e-03,0.000000000000000000e+00
4.896610147333333440e-01,2.353523613538010054e-03,0.000000000000000000e+00
4.921592852166666865e-01,2.352183945306940242e-03,0.000000000000000000e+00
4.946575557000000289e-01,2.350875366233998523e-03,0.000000000000000000e+00
4.971558261833333159e-01,2.349601810483544200e-03,0.000000000000000000e+00
4.996540966666666583e-01,2.348358214430907101e-03,0.000000000000000000e+00
5.021523671500000008e-01,2.347148451877678361e-03,0.000000000000000000e+00
5.046506376333332877e-01,2.345967576321879994e-03,0.000000000000000000e+00
5.071489081166666857e-01,2.344819402138129377e-03,0.000000000000000000e+00
5.096471785999999726e-01,2.343699095684977172e-03,0.000000000000000000e+00
5.121454490833333706e-01,2.342610412858758210e-03,0.000000000000000000e+00
5.146437195666666575e-01,2.341548628828333742e-03,0.000000000000000000e+00
5.171419900500000555e-01,2.340517441969113942e-03,0.000000000000000000e+00
5.196402605333333424e-01,2.339512232409123819e-03,0.000000000000000000e+00
5.221385310166666294e-01,2.338536641965709758e-03,0.000000000000000000e+00
5.246368015000000273e-01,2.337586152061664480e-03,0.000000000000000000e+00
5.271350719833333143e-01,2.336664348921020564e-03,0.000000000000000000e+00
5.296333424666667122e-01,2.335766811773005557e-03,0.000000000000000000e+00
5.321316129499999992e-01,2.334897072212517490e-03,0.000000000000000000e+00
5.346298834333332861e-01,2.334050803951123396e-03,0.000000000000000000e+00
5.371281539166666841e-01,2.333231484916560312e-03,0.000000000000000000e+00
5.396264243999999710e-01,2.332434880133588823e-03,0.000000000000000000e+00
5.421246948833333690e-01,2.331664414820028806e-03,0.000000000000000000e+00
5.446229653666666559e-01,2.330915942290759987e-03,0.000000000000000000e+00
5.471212358500000539e-01,2.330192836004532121e-03,0.000000000000000000e+00
5.496195063333333408e-01,2.329491034680721776e-03,0.000000000000000000e+00
5.521177768166666278e-01,2.328813860961566253e-03,0.000000000000000000e+00
5.546160473000000257e-01,2.328157336214852803e-03,0.000000000000000000e+00
5.571143177833333127e-01,2.327524733200096209e-03,0.000000000000000000e+00
5.596125882666667106e-01,2.326912153299554465e-03,0.000000000000000000e+00
5.621108587499999976e-01,2.326322820313229695e-03,0.000000000000000000e+00
5.646091292333332845e-01,2.325752913119141004e-03,0.000000000000000000e+00
5.671073997166666825e-01,2.325205607470303987e-03,0.000000000000000000e+00
5.696056701999999694e-01,2.324677157330267991e-03,0.000000000000000000e+00
5.721039406833333674e-01,2.324170691305260834e-03,0.000000000000000000e+00
5.746022111666666543e-01,2.323682536137927114e-03,0.000000000000000000e+00
5.771004816500000523e-01,2.323215774175069540e-03,0.000000000000000000e+00
5.795987521333333392e-01,2.322766802728484792e-03,0.000000000000000000e+00
5.820970226166666261e-01,2.322338658760315575e-03,0.000000000000000000e+00
5.845952931000000241e-01,2.321927808034054269e-03,0.000000000000000000e+00
5.870935635833333111e-01,2.321537242987632872e-03,0.000000000000000000e+00
5.895918340666667090e-01,2.321163495806519324e-03,0.000000000000000000e+00
5.920901045499999960e-01,2.320809515250499885e-03,0.000000000000000000e+00
5.945883750333332829e-01,2.320471897980165652e-03,0.000000000000000000e+00
5.970866455166666809e-01,2.320153549909247191e-03,0.000000000000000000e+00
5.995849159999999678e-01,2.319851130304131145e-03,0.000000000000000000e+00
6.020831864833333658e-01,2.319567503051441892e-03,0.000000000000000000e+00
6.045814569666666527e-01,2.319299388228030379e-03,0.000000000000000000e+00
6.070797274500000507e-01,2.319049608495707057e-03,0.000000000000000000e+00
6.095779979333333376e-01,2.318814943018761808e-03,0.000000000000000000e+00
6.120762684166666245e-01,2.318598174022812059e-03,0.000000000000000000e+00
6.145745389000000225e-01,2.318396138102770451e-03,0.000000000000000000e+00
6.170728093833333094e-01,2.318211577821229375e-03,0.000000000000000000e+00
6.195710798666667074e-01,2.318041385610875981e-03,0.000000000000000000e+00
6.220693503499999943e-01,2.317888265130315425e-03,0.000000000000000000e+00
6.245676208333332813e-01,2.317749163117421504e-03,0.000000000000000000e+00
6.270658913166666792e-01,2.317626745070669372e-03,0.000000000000000000e+00
6.295641617999999662e-01,2.317518010558947128e-03,0.000000000000000000e+00
6.320624322833333641e-01,2.317425587649721112e-03,0.000000000000000000e+00
6.345607027666666511e-01,2.317346527323435861e-03,0.000000000000000000e+00
6.370589732500000490e-01,2.317283420931168670e-03,0.000000000000000000e+00
6.395572437333333360e-01,2.317233369497407637e-03,0.000000000000000000e+00
6.420555142166666229e-01,2.317198928357461132e-03,0.000000000000000000e+00
6.445537847000000209e-01,2.317177247262948089e-03,0.000000000000000000e+00
6.470520551833333078e-01,2.317170846218451121e-03,0.000000000000000000e+00
6.495503256666667058e-01,2.317176922433481379e-03,0.000000000000000000e+00
6.520485961499999927e-01,2.317197961253604933e-03,0.000000000000000000e+00
6.545468666333333907e-01,2.317231206121515581e-03,0.000000000000000000e+00
6.570451371166666776e-01,2.317279108382000203e-03,0.000000000000000000e+00
6.595434075999999646e-01,2.317338956529982341e-03,0.000000000000000000e+00
6.620416780833333625e-01,2.317413168553128858e-03,0.000000000000000000e+00
6.645399485666666495e-01,2.317499076859076603e-03,0.000000000000000000e+00
6.670382190500000474e-01,2.317599066708779607e-03,0.000000000000000000e+00
6.695364895333333344e-01,2.317710513322795030e-03,0.000000000000000000e+00
6.720347600166666213e-01,2.317835769851738642e-03,0.000000000000000000e+00
6.745330305000000193e-01,2.317972253267256300e-03,0.000000000000000000e+00
6.770313009833333062e-01,2.318122285213484925e-03,3.534523447897657791e-04
6.795295714666667042e-01,2.318283323386713217e-03,7.069046895795472792e-04
6.820278419499999911e-01,2.318457658515819895e-03,1.060357034369313004e-03
6.845261124333333891e-01,2.318642788030352876e-03,1.413809379159094558e-03
6.870243829166666760e-01,2.318840972321566107e-03,1.767261723948860283e-03
6.895226533999999630e-01,2.319049747593890549e-03,2.120714068738626008e-03
6.920209238833333609e-01,2.319271344467101897e-03,2.474166413528407563e-03
6.945191943666666479e-01,2.319503336993723394e-03,2.827618758318173071e-03
6.970174648500000458e-01,2.319747926575078858e-03,3.181071103107954625e-03
6.995157353333333328e-01,2.320002724215588803e-03,3.534523447897720567e-03
7.020140058166666197e-01,2.320269902639851122e-03,4.302166804096552860e-03
7.045122763000000177e-01,2.320547108936773725e-03,5.069810160295419414e-03
7.070105467833333046e-01,2.320836487683552996e-03,5.837453516494252141e-03
7.095088172666667026e-01,2.321135721214800766e-03,6.605096872693118695e-03
7.120070877499999895e-01,2.321446926478243963e-03,7.372740228891951422e-03
7.145053582333333875e-01,2.321767820241400163e-03,8.140383585090817109e-03
7.170036287166666744e-01,2.322100492329623369e-03,8.908026941289649836e-03
7.195018991999999614e-01,2.322442693156214367e-03,9.675670297488482563e-03
7.220001696833333593e-01,2.322796485920524973e-03,1.044331365368734998e-02
7.244984401666666463e-01,2.323159653918968007e-03,1.121095700988618098e-02
7.269967106500000442e-01,2.323534234209626015e-03,1.159032871283737810e-02
7.294949811333333312e-01,2.323918042233719464e-03,1.196970041578855962e-02
7.319932516166666181e-01,2.324313089382406584e-03,1.234907211873974113e-02
7.344915221000000161e-01,2.324717222526005884e-03,1.272844382169093826e-02
7.369897925833333030e-01,2.325132427852879147e-03,1.310781552464211977e-02
7.394880630666667010e-01,2.325556582968348399e-03,1.348718722759331690e-02
7.419863335499999879e-01,2.325991649311857229e-03,1.386655893054449841e-02
7.444846040333333859e-01,2.326435534550421683e-03,1.424593063349569554e-02
7.469828745166666728e-01,2.326890175819230130e-03,1.462530233644687705e-02
7.494811449999999597e-01,2.327353510194211852e-03,1.500467403939805683e-02
7.519794154833333577e-01,2.327827450940277067e-03,1.461527149959534859e-02
7.544776859666666446e-01,2.328309963908672259e-03,1.422586895979262474e-02
7.569759564500000426e-01,2.328802938919683364e-03,1.383646641998988180e-02
7.594742269333333295e-01,2.329304369984783185e-03,1.344706388018715795e-02
7.619724974166666165e-01,2.329816123895446598e-03,1.305766134038443237e-02
7.644707679000000144e-01,2.330336222226502517e-03,1.266825880058169117e-02
7.669690383833333014e-01,2.330866509147647668e-03,1.227885626077896558e-02
7.694673088666666994e-01,2.331405033217465606e-03,1.188945372097622438e-02
7.719655793499999863e-01,2.331953616381900272e-03,1.150005118117349880e-02
7.744638498333333843e-01,2.332510333620318749e-03,1.111064864137075760e-02
7.769621203166666712e-01,2.333076985044545831e-03,1.036055125719805362e-02
7.794603907999999581e-01,2.333651671508041835e-03,9.610453873025347898e-03
7.819586612833333561e-01,2.334236171669482399e-03,8.860356488852610957e-03
7.844569317666666430e-01,2.334828611725006751e-03,8.110259104679906975e-03
7.869552022500000410e-01,2.335430749253172410e-03,7.360161720507168298e-03
7.894534727333333279e-01,2.336040735276326535e-03,6.610064336334464316e-03
7.919517432166666149e-01,2.336660306658056973e-03,5.859966952161759467e-03
7.944500137000000128e-01,2.337287638744616185e-03,5.109869567989021658e-03
7.969482841833332998e-01,2.337924448041941560e-03,4.359772183816317676e-03
7.994465546666666977e-01,2.338568933732173248e-03,3.609674799643579866e-03
8.019448251499999847e-01,2.339222792312590712e-03,3.248707319679228385e-03
8.044430956333333826e-01,2.339884246326737628e-03,2.887739839714860857e-03
8.069413661166666696e-01,2.340554972606114469e-03,2.526772359750508942e-03
8.094396365999999565e-01,2.341233216592887145e-03,2.165804879786157461e-03
8.119379070833333545e-01,2.341920635787410072e-03,1.804837399821789933e-03
8.144361775666666414e-01,2.342615498081807718e-03,1.443869919857438452e-03
8.169344480500000394e-01,2.343319441973109978e-03,1.082902439893070924e-03
8.194327185333333263e-01,2.344030757365577790e-03,7.219349599287194427e-04
8.219309890166667243e-01,2.344751064074190351e-03,3.609674799643519151e-04
8.244292595000000112e-01,2.345478673589447907e-03,0.000000000000000000e+00
8.269275299833332982e-01,2.346215187358237884e-03,0.000000000000000000e+00
8.294258004666666961e-01,2.346958938043436447e-03,0.000000000000000000e+00
8.319240709499999831e-01,2.347711509030908292e-03,0.000000000000000000e+00
8.344223414333333810e-01,2.348471253752282620e-03,0.000000000000000000e+00
8.369206119166666680e-01,2.349239737833809169e-03,0.000000000000000000e+00
8.394188823999999549e-01,2.350015335082551119e-03,0.000000000000000000e+00
8.419171528833333529e-01,2.350799593660262646e-03,0.000000000000000000e+00
8.444154233666666398e-01,2.351590907366454299e-03,0.000000000000000000e+00
8.469136938500000378e-01,2.352390807187393958e-03,0.000000000000000000e+00
8.494119643333333247e-01,2.353197706541376635e-03,0.000000000000000000e+00
8.519102348166667227e-01,2.354013119521832387e-03,0.000000000000000000e+00
8.544085053000000096e-01,2.354835478802992915e-03,0.000000000000000000e+00
8.569067757833332966e-01,2.355666281862048642e-03,0.000000000000000000e+00
8.594050462666666945e-01,2.356503980274606089e-03,0.000000000000000000e+00
8.619033167499999815e-01,2.357350055173066013e-03,0.000000000000000000e+00
8.644015872333333794e-01,2.358202976689042357e-03,0.000000000000000000e+00
8.668998577166666664e-01,2.359064209875613109e-03,0.000000000000000000e+00
8.693981281999999533e-01,2.359932243083604376e-03,0.000000000000000000e+00
8.718963986833333513e-01,2.360808525547104797e-03,0.000000000000000000e+00
8.743946691666666382e-01,2.361691563507269890e-03,0.000000000000000000e+00
8.768929396500000362e-01,2.362582790634679911e-03,0.000000000000000000e+00
8.793912101333333231e-01,2.363480730740481848e-03,0.000000000000000000e+00
8.818894806166667211e-01,2.364386802181020833e-03,0.000000000000000000e+00
8.843877511000000080e-01,2.365299546025141728e-03,0.000000000000000000e+00
8.868860215833332949e-01,2.366220365559756553e-03,0.000000000000000000e+00
8.893842920666666929e-01,2.367147818806333501e-03,0.000000000000000000e+00
8.918825625499999799e-01,2.368083294222211258e-03,0.000000000000000000e+00
8.943808330333333778e-01,2.369025366483686577e-03,0.000000000000000000e+00
8.968791035166666648e-01,2.369975409453794080e-03,0.000000000000000000e+00
8.993773739999999517e-01,2.370932014173225601e-03,0.000000000000000000e+00
9.018756444833333497e-01,2.371896540140599856e-03,0.000000000000000000e+00
9.043739149666666366e-01,2.372867594477877373e-03,0.000000000000000000e+00
9.068721854500000346e-01,2.373846522545164459e-03,0.000000000000000000e+00
9.093704559333333215e-01,2.374831947268263386e-03,0.000000000000000000e+00
9.118687264166667195e-01,2.375825200090042871e-03,0.000000000000000000e+00
9.143669969000000064e-01,2.376824919470120305e-03,0.000000000000000000e+00
9.168652673833332933e-01,2.377832423151162410e-03,0.000000000000000000e+00
9.193635378666666913e-01,2.378846364862444943e-03,0.000000000000000000e+00
9.218618083499999782e-01,2.379868048858596683e-03,0.000000000000000000e+00
9.243600788333333762e-01,2.380896143880987387e-03,0.000000000000000000e+00
9.268583493166666631e-01,2.381931940905091579e-03,0.000000000000000000e+00
9.293566197999999501e-01,2.382974123431832406e-03,0.000000000000000000e+00
9.318548902833333480e-01,2.384023969361885771e-03,0.000000000000000000e+00
9.343531607666666350e-01,2.385080176710234045e-03,0.000000000000000000e+00
9.368514312500000329e-01,2.386144010502468885e-03,0.000000000000000000e+00
9.393497017333333199e-01,2.387214183027079519e-03,0.000000000000000000e+00
9.418479722166667178e-01,2.388291946631754172e-03,0.000000000000000000e+00
9.443462427000000048e-01,2.389376027642861437e-03,0.000000000000000000e+00
9.468445131833332917e-01,2.390467665922605105e-03,0.000000000000000000e+00
9.493427836666666897e-01,2.391565601606095246e-03,0.000000000000000000e+00
9.518410541499999766e-01,2.392671062258999466e-03,0.000000000000000000e+00
9.543393246333333746e-01,2.393782801599959702e-03,0.000000000000000000e+00
9.568375951166666615e-01,2.394902035083834244e-03,0.000000000000000000e+00
9.593358655999999485e-01,2.396027529793495325e-03,0.000000000000000000e+00
9.618341360833333464e-01,2.397160489254339475e-03,0.000000000000000000e+00
9.643324065666666334e-01,2.398299693698672727e-03,0.000000000000000000e+00
9.668306770500000313e-01,2.399446334901029609e-03,0.000000000000000000e+00
9.693289475333333183e-01,2.400599206033197670e-03,0.000000000000000000e+00
9.718272180166667162e-01,2.401759487293657954e-03,0.000000000000000000e+00
9.743254885000000032e-01,2.402925984588057118e-03,0.000000000000000000e+00
9.768237589833332901e-01,2.404099866710684812e-03,0.000000000000000000e+00
9.793220294666666881e-01,2.405279952100173192e-03,0.000000000000000000e+00
9.818202999499999750e-01,2.406467398315010990e-03,0.000000000000000000e+00
9.843185704333333730e-01,2.407661036130176284e-03,0.000000000000000000e+00
9.868168409166666599e-01,2.408862012033629631e-03,0.000000000000000000e+00
9.893151114000000579e-01,2.410069168944226591e-03,0.000000000000000000e+00
9.918133818833333448e-01,2.411283642441739740e-03,0.000000000000000000e+00
9.943116523666666318e-01,2.412504287400522862e-03,0.000000000000000000e+00
9.968099228500000297e-01,2.413732228651601589e-03,0.000000000000000000e+00
9.993081933333333167e-01,2.414966332840263758e-03,0.000000000000000000e+00
1.001806463816666604e+00,2.416207714204884113e-03,0.000000000000000000e+00
1.004304734300000002e+00,2.417455250981897369e-03,0.000000000000000000e+00
1.006803004783333400e+00,2.418710046970001804e-03,0.000000000000000000e+00
1.009301275266666575e+00,2.419970991820085283e-03,0.000000000000000000e+00
1.011799545749999973e+00,2.421239179042136529e-03,0.000000000000000000e+00
1.014297816233333371e+00,2.422513509528432737e-03,0.000000000000000000e+00
1.016796086716666769e+00,2.423795066647800849e-03,0.000000000000000000e+00
1.019294357199999945e+00,2.425082762364848613e-03,0.000000000000000000e+00
1.021792627683333343e+00,2.426377670052586293e-03,0.000000000000000000e+00
1.024290898166666741e+00,2.427678712581641217e-03,0.000000000000000000e+00
1.026789168649999917e+00,2.428986953472005075e-03,0.000000000000000000e+00
1.029287439133333315e+00,2.430301326338279479e-03,0.000000000000000000e+00
1.031785709616666713e+00,2.431622884986864210e-03,0.000000000000000000e+00
1.034283980100000111e+00,2.432950573617233270e-03,0.000000000000000000e+00
1.036782250583333287e+00,2.434285436459838331e-03,0.000000000000000000e+00
1.039280521066666685e+00,2.435626428143250650e-03,0.000000000000000000e+00
1.041778791550000083e+00,2.436974583456670302e-03,0.000000000000000000e+00
1.044277062033333259e+00,2.438328867305441031e-03,0.000000000000000000e+00
1.046775332516666657e+00,2.439690305170231534e-03,0.000000000000000000e+00
1.049273603000000055e+00,2.441057872082939666e-03,0.000000000000000000e+00
1.051771873483333231e+00,2.442432584345955327e-03,0.000000000000000000e+00
1.054270143966666629e+00,2.443813426971721409e-03,0.000000000000000000e+00
1.056768414450000027e+00,2.445201407212045479e-03,0.000000000000000000e+00
1.059266684933333424e+00,2.446595519915705300e-03,0.000000000000000000e+00
1.061764955416666600e+00,2.447996763410178848e-03,0.000000000000000000e+00
1.064263225899999998e+00,2.449404142239886614e-03,0.000000000000000000e+00
1.066761496383333396e+00,2.450818645930813184e-03,0.000000000000000000e+00
1.069259766866666572e+00,2.452239288585398354e-03,0.000000000000000000e+00
1.071758037349999970e+00,2.453667051049415650e-03,0.000000000000000000e+00
1.074256307833333368e+00,2.455100956847706961e-03,0.000000000000000000e+00
1.076754578316666766e+00,2.456541978265603526e-03,0.000000000000000000e+00
1.079252848799999942e+00,2.457989148117280861e-03,0.000000000000000000e+00
1.081751119283333340e+00,2.459443430244167075e-03,0.000000000000000000e+00
1.084249389766666738e+00,2.460903866620675791e-03,0.000000000000000000e+00
1.086747660249999914e+00,2.462371412759433928e-03,0.000000000000000000e+00
1.089245930733333312e+00,2.463845119666891511e-03,0.000000000000000000e+00
1.091744201216666710e+00,2.465325934640084059e-03,0.000000000000000000e+00
1.094242471700000108e+00,2.466812917592734085e-03,0.000000000000000000e+00
1.096740742183333284e+00,2.468307007717326657e-03,0.000000000000000000e+00
1.099239012666666682e+00,2.469807273711994121e-03,0.000000000000000000e+00
1.101737283150000080e+00,2.471314646774290004e-03,0.000000000000000000e+00
1.104235553633333256e+00,2.472828204266139425e-03,0.000000000000000000e+00
1.106733824116666653e+00,2.474348869497649140e-03,0.000000000000000000e+00
1.109232094600000051e+00,2.475875728376713755e-03,0.000000000000000000e+00
1.111730365083333227e+00,2.477409696431157830e-03,0.000000000000000000e+00
1.114228635566666625e+00,2.478949867999244352e-03,0.000000000000000000e+00
1.116726906050000023e+00,2.480497150930534040e-03,0.000000000000000000e+00
1.119225176533333421e+00,2.482050647880002653e-03,0.000000000000000000e+00
1.121723447016666597e+00,2.483611259120700309e-03,0.000000000000000000e+00
1.124221717499999995e+00,2.485178095512705597e-03,0.000000000000000000e+00
1.126719987983333393e+00,2.486752049853746625e-03,0.000000000000000000e+00
1.129218258466666569e+00,2.488332241099141737e-03,0.000000000000000000e+00
1.131716528949999967e+00,2.489919554669658020e-03,0.000000000000000000e+00
1.134214799433333365e+00,2.491513117508887057e-03,0.000000000000000000e+00
1.136713069916666763e+00,2.493113807757646287e-03,0.000000000000000000e+00
1.139211340399999939e+00,2.494720760242301154e-03,0.000000000000000000e+00
1.141709610883333337e+00,2.496334845919493967e-03,0.000000000000000000e+00
1.144207881366666735e+00,2.497955207394641879e-03,0.000000000000000000e+00
1.146706151849999911e+00,2.499582708533957393e-03,0.000000000000000000e+00
1.149204422333333309e+00,2.501216499620870400e-03,0.000000000000000000e+00
1.151702692816666707e+00,2.502857437523380631e-03,0.000000000000000000e+00
1.154200963300000105e+00,2.504504680102815056e-03,0.000000000000000000e+00
1.156699233783333280e+00,2.506159077320302495e-03,0.000000000000000000e+00
1.159197504266666678e+00,2.507819794517208642e-03,0.000000000000000000e+00
1.161695774750000076e+00,2.509487674836817853e-03,0.000000000000000000e+00
1.164194045233333252e+00,2.511161891004628187e-03,0.000000000000000000e+00
1.166692315716666650e+00,2.512843279434366119e-03,0.000000000000000000e+00
1.169190586200000048e+00,2.514531020140945306e-03,0.000000000000000000e+00
1.171688856683333446e+00,2.516225942894873696e-03,0.000000000000000000e+00
1.174187127166666622e+00,2.517927234908217109e-03,0.000000000000000000e+00
1.176685397650000020e+00,2.519635719393462005e-03,0.000000000000000000e+00
1.179183668133333418e+00,2.521350590668554759e-03,0.000000000000000000e+00
1.181681938616666594e+00,2.523072665471938307e-03,0.000000000000000000e+00
1.184180209099999992e+00,2.524801145137818559e-03,0.000000000000000000e+00
1.186678479583333390e+00,2.526536840013273583e-03,0.000000000000000000e+00
1.189176750066666566e+00,2.528278958361112379e-03,0.000000000000000000e+00
1.191675020549999964e+00,2.530028304217987745e-03,0.000000000000000000e+00
1.194173291033333362e+00,2.531784092689173642e-03,0.000000000000000000e+00
1.196671561516666760e+00,2.533547121580579081e-03,0.000000000000000000e+00
1.199169831999999936e+00,2.535316612755541318e-03,0.000000000000000000e+00
1.201668102483333334e+00,2.537093357867579568e-03,0.000000000000000000e+00
1.204166372966666732e+00,2.538876585454974237e-03,0.000000000000000000e+00
1.206664643449999907e+00,2.540667081097260343e-03,0.000000000000000000e+00
1.209162913933333305e+00,2.542464079924185681e-03,0.000000000000000000e+00
1.211661184416666703e+00,2.544268361517900822e-03,0.000000000000000000e+00
1.214159454900000101e+00,2.546079167520240438e-03,0.000000000000000000e+00
1.216657725383333277e+00,2.547897271590360800e-03,0.000000000000000000e+00
1.219155995866666675e+00,2.549721921803167670e-03,0.000000000000000000e+00
1.221654266350000073e+00,2.551553885968862317e-03,0.000000000000000000e+00
1.224152536833333249e+00,2.553392418517961421e-03,0.000000000000000000e+00
1.226650807316666647e+00,2.555238281484207511e-03,3.148709903662456899e-04
1.229149077800000045e+00,2.557090735577471040e-03,6.297419807325193523e-04
1.231647348283333443e+00,2.558950537127026824e-03,9.446129710987930146e-04
1.234145618766666619e+00,2.560816953046922244e-03,1.259483961465038705e-03
1.236643889250000017e+00,2.562690734032444916e-03,1.574354951831312367e-03
1.239142159733333415e+00,2.564571153128258636e-03,1.889225942197586029e-03
1.241640430216666591e+00,2.566458955465151202e-03,2.204096932563831719e-03
1.244138700699999989e+00,2.568353420145906129e-03,2.518967922930105165e-03
1.246636971183333387e+00,2.570255286805473490e-03,2.833838913296379044e-03
1.249135241666666563e+00,2.572163840533532239e-03,3.148709903662624734e-03
1.251633512149999961e+00,2.574079815536505899e-03,3.730266914117366314e-03
1.254131782633333358e+00,2.576002502820725574e-03,4.311823924572131747e-03
1.256630053116666756e+00,2.577932631231073281e-03,4.893380935026897180e-03
1.259128323599999932e+00,2.579869497621754826e-03,5.474937945481610571e-03
1.261626594083333330e+00,2.581813825540962490e-03,6.056494955936375137e-03
1.264124864566666728e+00,2.583764917623435683e-03,6.638051966391140570e-03
1.266623135049999904e+00,2.585723492185352211e-03,7.219608976845853961e-03
1.269121405533333302e+00,2.587688857575178285e-03,7.801165987300619394e-03
1.271619676016666700e+00,2.589661726940712099e-03,8.382722997755383959e-03
1.274117946500000098e+00,2.591641414278909785e-03,8.964280008210149392e-03
1.276616216983333274e+00,2.593628627631720199e-03,9.432166276915092060e-03
1.279114487466666672e+00,2.595622686579911968e-03,9.900052545620078095e-03
1.281612757950000070e+00,2.597624294121709393e-03,1.036793881432506240e-02
1.284111028433333246e+00,2.599632775358532745e-03,1.083582508303000680e-02
1.286609298916666644e+00,2.601648828305171655e-03,1.130371135173499110e-02
1.289107569400000042e+00,2.603671783521837365e-03,1.177159762043997540e-02
1.291605839883333440e+00,2.605702334099908434e-03,1.223948388914496144e-02
1.294104110366666616e+00,2.607739815996881153e-03,1.270737015784990410e-02
1.296602380850000014e+00,2.609784917440065733e-03,1.317525642655488841e-02
1.299100651333333412e+00,2.611836979724103253e-03,1.364314269525987444e-02
1.301598921816666588e+00,2.613896686270241691e-03,1.371669767769029095e-02
1.304097192299999985e+00,2.615963383651073379e-03,1.379025266012071267e-02
1.306595462783333383e+00,2.618037750539320505e-03,1.386380764255113612e-02
1.309093733266666781e+00,2.620119138727370050e-03,1.393736262498155958e-02
1.311592003749999957e+00,2.622208222195914016e-03,1.401091760741197609e-02
1.314090274233333355e+00,2.624304357899718589e-03,1.408447258984239780e-02
1.316588544716666753e+00,2.626408215183530064e-03,1.415802757227282126e-02
1.319086815199999929e+00,2.628519156107786154e-03,1.423158255470323777e-02
1.321585085683333327e+00,2.630637845436334995e-03,1.430513753713365949e-02
1.324083356166666725e+00,2.632763650280448182e-03,1.437869251956408294e-02
1.326581626649999901e+00,2.634897230876875537e-03,1.404319684384014444e-02
1.329079897133333299e+00,2.637037959332943875e-03,1.370770116811617471e-02
1.331578167616666697e+00,2.639186491412284525e-03,1.337220549239220672e-02
1.334076438100000095e+00,2.641342204164121889e-03,1.303670981666823700e-02
1.336574708583333271e+00,2.643505748931792437e-03,1.270121414094429850e-02
1.339072979066666669e+00,2.645676507654276706e-03,1.236571846522032878e-02
1.341571249550000067e+00,2.647855127306224764e-03,1.203022278949636079e-02
1.344069520033333243e+00,2.650040994664230529e-03,1.169472711377242229e-02
1.346567790516666641e+00,2.652234752385659693e-03,1.135923143804845256e-02
1.349066061000000039e+00,2.654435792033732998e-03,1.102373576232448457e-02
1.351564331483333437e+00,2.656644751999163567e-03,1.049656845457743078e-02
1.354062601966666612e+00,2.658861028581195347e-03,9.969401146830422084e-03
1.356560872450000010e+00,2.661085255954226229e-03,9.442233839083368288e-03
1.359059142933333408e+00,2.663316835103987472e-03,8.915066531336314493e-03
1.361557413416666584e+00,2.665556396037443206e-03,8.387899223589305800e-03
1.364055683899999982e+00,2.667803344378286146e-03,7.860731915842252004e-03
1.366553954383333380e+00,2.670058306014931170e-03,7.333564608095198209e-03
1.369052224866666778e+00,2.672320691160976706e-03,6.806397300348143546e-03
1.371550495349999954e+00,2.674591121633985470e-03,6.279229992601135721e-03
1.374048765833333352e+00,2.676869012190239393e-03,5.752062684854081058e-03
1.376547036316666750e+00,2.679154980624029892e-03,5.327219575894720158e-03
1.379045306799999926e+00,2.681448446187806225e-03,4.902376466935397421e-03
1.381543577283333324e+00,2.683750022699162366e-03,4.477533357976036521e-03
1.384041847766666722e+00,2.686059133861328028e-03,4.052690249016675621e-03
1.386540118249999898e+00,2.688376389561357264e-03,3.627847140057352451e-03
1.389038388733333296e+00,2.690701217907634848e-03,3.203004031097991550e-03
1.391536659216666694e+00,2.693034224902655493e-03,2.778160922138630650e-03
1.394034929700000092e+00,2.695374843015401357e-03,2.353317813179269750e-03
1.396533200183333268e+00,2.697723674408424900e-03,1.928474704219946580e-03
1.399031470666666666e+00,2.700080155868820990e-03,1.503631595260585463e-03
1.401529741150000063e+00,2.702444885762987723e-03,1.353268435734522818e-03
1.404028011633333239e+00,2.704817305152346085e-03,1.202905276208473834e-03
1.406526282116666637e+00,2.707198008651637202e-03,1.052542116682411190e-03
1.409024552600000035e+00,2.709586441554835169e-03,9.021789571563486538e-04
1.411522823083333433e+00,2.711983194767154069e-03,7.518157976302861176e-04
1.414021093566666609e+00,2.714387717774058035e-03,6.014526381042369172e-04
1.416519364050000007e+00,2.716800597814665943e-03,4.510894785781742727e-04
1.419017634533333405e+00,2.719221288523802904e-03,3.007263190521118450e-04
1.421515905016666581e+00,2.721650373516504556e-03,1.503631595260626445e-04
1.424014175499999979e+00,2.724087310537671568e-03,0.000000000000000000e+00
1.426512445983333377e+00,2.726532679619495490e-03,0.000000000000000000e+00
1.429010716466666775e+00,2.728985942576780694e-03,0.000000000000000000e+00
1.431508986949999951e+00,2.731447675900232179e-03,0.000000000000000000e+00
1.434007257433333349e+00,2.733917345435569243e-03,0.000000000000000000e+00
1.436505527916666747e+00,2.736395524172895600e-03,0.000000000000000000e+00
1.439003798399999923e+00,2.738881681949381815e-03,0.000000000000000000e+00
1.441502068883333321e+00,2.741376388295060831e-03,0.000000000000000000e+00
1.444000339366666719e+00,2.743879117001758825e-03,0.000000000000000000e+00
1.446498609850000117e+00,2.746390434177475685e-03,0.000000000000000000e+00
1.448996880333333293e+00,2.748909817531899284e-03,0.000000000000000000e+00
1.451495150816666690e+00,2.751437829790578504e-03,0.000000000000000000e+00
1.453993421300000088e+00,2.753973952543375178e-03,0.000000000000000000e+00
1.456491691783333264e+00,2.756518745172790563e-03,0.000000000000000000e+00
1.458989962266666662e+00,2.759071693113251348e-03,0.000000000000000000e+00
1.461488232750000060e+00,2.761633352440829876e-03,0.000000000000000000e+00
1.463986503233333236e+00,2.764203212399082496e-03,0.000000000000000000e+00
1.466484773716666634e+00,2.766781825796877335e-03,0.000000000000000000e+00
1.468983044200000032e+00,2.769368685651173341e-03,0.000000000000000000e+00
1.471481314683333430e+00,2.771964341540074893e-03,0.000000000000000000e+00
1.473979585166666606e+00,2.774568290219960737e-03,0.000000000000000000e+00
1.476477855650000004e+00,2.777181078075322343e-03,0.000000000000000000e+00
1.478976126133333402e+00,2.779802205567652364e-03,0.000000000000000000e+00
1.481474396616666578e+00,2.782432215924093323e-03,0.000000000000000000e+00
1.483972667099999976e+00,2.785070613277800672e-03,0.000000000000000000e+00
1.486470937583333374e+00,2.787717937734770796e-03,0.000000000000000000e+00
1.488969208066666772e+00,2.790373697066999680e-03,0.000000000000000000e+00
1.491467478549999948e+00,2.793038428294562434e-03,0.000000000000000000e+00
1.493965749033333346e+00,2.795711642795644606e-03,0.000000000000000000e+00
1.496464019516666744e+00,2.798393874539687343e-03,0.000000000000000000e+00
1.498962289999999919e+00,2.801084638479868494e-03,0.000000000000000000e+00
1.501460560483333317e+00,2.803784465569006228e-03,1.192229202129528663e-04
1.503958830966666715e+00,2.806492874303363489e-03,2.384458404259163307e-04
1.506457101450000113e+00,2.809210392654272297e-03,3.576687606388797951e-04
1.508955371933333289e+00,2.811936542630062534e-03,4.768916808518326614e-04
1.511453642416666687e+00,2.814671849254323042e-03,5.961146010647961528e-04
1.513951912900000085e+00,2.817415838016890887e-03,7.153375212777595901e-04
1.516450183383333261e+00,2.820169031027224167e-03,8.345604414907124022e-04
1.518948453866666659e+00,2.822930957226774378e-03,9.537833617036759479e-04
1.521446724350000057e+00,2.825702135843752728e-03,1.073006281916639385e-03
1.523944994833333233e+00,2.828482099241925226e-03,1.192229202129592306e-03
1.526443265316666631e+00,2.831271363801187747e-03,1.369009566974660388e-03
1.528941535800000029e+00,2.834069465278302256e-03,1.545789931819733457e-03
1.531439806283333427e+00,2.836876917237587427e-03,1.722570296664806527e-03
1.533938076766666603e+00,2.839693258799695121e-03,1.899350661509863767e-03
1.536436347250000001e+00,2.842519000745576292e-03,2.076131026354936619e-03
1.538934617733333399e+00,2.845353685531931687e-03,2.252911391200009689e-03
1.541432888216666575e+00,2.848197821187771223e-03,2.429691756045067146e-03
1.543931158699999973e+00,2.851050953478440671e-03,2.606472120890140215e-03
1.546429429183333371e+00,2.853913587712107302e-03,2.783252485735213284e-03
1.548927699666666769e+00,2.856785272935342870e-03,2.960032850580286354e-03
1.551425970149999944e+00,2.859666511766770745e-03,3.064733163865077797e-03
1.553924240633333342e+00,2.862556856507201142e-03,3.169433477149878348e-03
1.556422511116666740e+00,2.865456807116369999e-03,3.274133790434679333e-03
1.558920781599999916e+00,2.868365919122969031e-03,3.378834103719470777e-03
1.561419052083333314e+00,2.871284689858571298e-03,3.483534417004271327e-03
1.563917322566666712e+00,2.874212678053179263e-03,3.588234730289072312e-03
1.566415593050000110e+00,2.877150378440132723e-03,3.692935043573872863e-03
1.568913863533333286e+00,2.880097352925507261e-03,3.797635356858664307e-03
1.571412134016666684e+00,2.883054093674483880e-03,3.902335670143465291e-03
1.573910404500000082e+00,2.886020165743432425e-03,4.007035983428265842e-03
1.576408674983333258e+00,2.888996058758835049e-03,3.962363018305182019e-03
1.578906945466666656e+00,2.891981340902907097e-03,3.917690053182093859e-03
1.581405215950000054e+00,2.894976499292284660e-03,3.873017088059006133e-03
1.583903486433333230e+00,2.897981105210476176e-03,3.828344122935921877e-03
1.586401756916666628e+00,2.900995643293451456e-03,3.783671157812834151e-03
1.588900027400000026e+00,2.904019687901858177e-03,3.738998192689746425e-03
1.591398297883333424e+00,2.907053721219604592e-03,3.694325227566658265e-03
1.593896568366666600e+00,2.910097320660675040e-03,3.649652262443574442e-03
1.596394838849999998e+00,2.913150965985187874e-03,3.604979297320486283e-03
1.598893109333333395e+00,2.916214237637253064e-03,3.560306332197398557e-03
1.601391379816666571e+00,2.919287612981328033e-03,3.399954119890027764e-03
1.603889650299999969e+00,2.922370675468370128e-03,3.239601907582642226e-03
1.606387920783333367e+00,2.925463900095023797e-03,3.079249695275257121e-03
1.608886191266666765e+00,2.928566873296808201e-03,2.918897482967871583e-03
1.611384461749999941e+00,2.931680067730114796e-03,2.758545270660500790e-03
1.613882732233333339e+00,2.934803072792581576e-03,2.598193058353115686e-03
1.616381002716666737e+00,2.937936358827107717e-03,2.437840846045730148e-03
1.618879273199999913e+00,2.941079518171718730e-03,2.277488633738359355e-03
1.621377543683333311e+00,2.944233018883649078e-03,2.117136421430973817e-03
1.623875814166666709e+00,2.947396456219462078e-03,1.956784209123588712e-03
1.626374084650000107e+00,2.950570295976990328e-03,1.802592289225040398e-03
1.628872355133333283e+00,2.953754136310114947e-03,1.648400369326505745e-03
1.631370625616666681e+00,2.956948440784146637e-03,1.494208449427957431e-03
1.633868896100000079e+00,2.960152810429560449e-03,1.340016529529408900e-03
1.636367166583333255e+00,2.963367706605096220e-03,1.185824609630874247e-03
1.638865437066666653e+00,2.966592733197204439e-03,1.031632689732326150e-03
1.641363707550000051e+00,2.969828349384414073e-03,8.774407698337776187e-04
1.643861978033333449e+00,2.973074161888878634e-03,7.232488499352293047e-04
1.646360248516666624e+00,2.976330627734462622e-03,5.690569300366946515e-04
1.648858519000000022e+00,2.979597356459623165e-03,4.148650101381463375e-04
1.651356789483333420e+00,2.982874802958781005e-03,3.733785091243305870e-04
1.653855059966666596e+00,2.986162579567069354e-03,3.318920081105185228e-04
1.656353330449999994e+00,2.989461139075097907e-03,2.904055070967028265e-04
1.658851600933333392e+00,2.992770096595450020e-03,2.489190060828870761e-04
1.661349871416666568e+00,2.996089902840122499e-03,2.074325050690750119e-04
1.663848141899999966e+00,2.999420175679830096e-03,1.659460040552592614e-04
1.666346412383333364e+00,3.002761363773272414e-03,1.244595030414435109e-04
1.668844682866666762e+00,3.006113087730781768e-03,8.297300202762781466e-05
1.671342953349999938e+00,3.009475794182007655e-03,4.148650101381575047e-05
1.673841223833333336e+00,3.012849106458798543e-03,0.000000000000000000e+00
1.676339494316666734e+00,3.016233469186955889e-03,0.000000000000000000e+00
1.678837764799999910e+00,3.019628508401281906e-03,0.000000000000000000e+00
1.681336035283333308e+00,3.023034666747742918e-03,0.000000000000000000e+00
1.683834305766666706e+00,3.026451572947307100e-03,0.000000000000000000e+00
1.686332576250000104e+00,3.029879667689426397e-03,0.000000000000000000e+00
1.688830846733333280e+00,3.033318582363554641e-03,0.000000000000000000e+00
1.691329117216666678e+00,3.036768755727753399e-03,0.000000000000000000e+00
1.693827387700000076e+00,3.040229821822668706e-03,0.000000000000000000e+00
1.696325658183333251e+00,3.043702217498021022e-03,0.000000000000000000e+00
1.698823928666666649e+00,3.047185579429159599e-03,0.000000000000000000e+00
1.701322199150000047e+00,3.050680342581174858e-03,0.000000000000000000e+00
1.703820469633333445e+00,3.054186146247707921e-03,0.000000000000000000e+00
1.706318740116666621e+00,3.057703423532470537e-03,0.000000000000000000e+00
1.708817010600000019e+00,3.061231816331081053e-03,0.000000000000000000e+00
1.711315281083333417e+00,3.064771755909223225e-03,0.000000000000000000e+00
1.713813551566666593e+00,3.068322886748609500e-03,0.000000000000000000e+00
1.716311822049999991e+00,3.071885638299953585e-03,0.000000000000000000e+00
1.718810092533333389e+00,3.075459657615583955e-03,0.000000000000000000e+00
1.721308363016666565e+00,3.079045372353832535e-03,0.000000000000000000e+00
1.723806633499999963e+00,3.082642432122158823e-03,0.000000000000000000e+00
1.726304903983333361e+00,3.086251262809694938e-03,0.000000000000000000e+00
1.728803174466666759e+00,3.089871516564079382e-03,0.000000000000000000e+00
1.731301444949999935e+00,3.093503617527226888e-03,0.000000000000000000e+00
1.733799715433333333e+00,3.097147220372352058e-03,0.000000000000000000e+00
1.736297985916666731e+00,3.100802747516748746e-03,0.000000000000000000e+00
1.738796256399999907e+00,3.104469856144477253e-03,0.000000000000000000e+00
1.741294526883333305e+00,3.108148966970773232e-03,0.000000000000000000e+00
1.743792797366666703e+00,3.111839739676147080e-03,0.000000000000000000e+00
1.746291067850000100e+00,3.115542593295590832e-03,0.000000000000000000e+00
1.748789338333333276e+00,3.119257189992322502e-03,0.000000000000000000e+00
1.751287608816666674e+00,3.122983947143256802e-03,0.000000000000000000e+00
1.753785879300000072e+00,3.126722529380458922e-03,0.000000000000000000e+00
1.756284149783333248e+00,3.130473352444422541e-03,0.000000000000000000e+00
1.758782420266666646e+00,3.134236083422831890e-03,0.000000000000000000e+00
1.761280690750000044e+00,3.138011136441345647e-03,0.000000000000000000e+00
1.763778961233333442e+00,3.141798181030062802e-03,0.000000000000000000e+00
1.766277231716666618e+00,3.145597629721341021e-03,0.000000000000000000e+00
1.768775502200000016e+00,3.149409154474968556e-03,0.000000000000000000e+00
1.771273772683333414e+00,3.153233166251268906e-03,0.000000000000000000e+00
1.773772043166666590e+00,3.157069339427006228e-03,0.000000000000000000e+00
1.776270313649999988e+00,3.160918083411817358e-03,0.000000000000000000e+00
1.778768584133333386e+00,3.164779074986947584e-03,0.000000000000000000e+00
1.781266854616666784e+00,3.168652722032799969e-03,0.000000000000000000e+00
1.783765125099999960e+00,3.172538703722823858e-03,0.000000000000000000e+00
1.786263395583333358e+00,3.176437426429130993e-03,0.000000000000000000e+00
1.788761666066666756e+00,3.180348571705536153e-03,0.000000000000000000e+00
1.791259936549999932e+00,3.184272544436594042e-03,0.000000000000000000e+00
1.793758207033333330e+00,3.188209028545245603e-03,0.000000000000000000e+00
1.796256477516666727e+00,3.192158427449095278e-03,0.000000000000000000e+00
1.798754747999999903e+00,3.196120427428730641e-03,0.000000000000000000e+00
1.801253018483333301e+00,3.200095430455791694e-03,2.759977238923077441e-04
1.803751288966666699e+00,3.204083125156856164e-03,5.519954477846399912e-04
1.806249559450000097e+00,3.208083912078771478e-03,8.279931716769722925e-04
1.808747829933333273e+00,3.212097482183268269e-03,1.103990895569279982e-03
1.811246100416666671e+00,3.216124234612097003e-03,1.379988619461612175e-03
1.813744370900000069e+00,3.220163862652026480e-03,1.655986343353944585e-03
1.816242641383333245e+00,3.224216764060261475e-03,1.931984067246252275e-03
1.818740911866666643e+00,3.228282634438032778e-03,2.207981791138584685e-03
1.821239182350000041e+00,3.232361870178310920e-03,2.483979515030916661e-03
1.823737452833333439e+00,3.236454169186476614e-03,2.759977238923249070e-03
1.826235723316666615e+00,3.240559926511606213e-03,3.224895952290952883e-03
1.828733993800000013e+00,3.244678842353385367e-03,3.689814665658698329e-03
1.831232264283333411e+00,3.248811310437018859e-03,4.154733379026443775e-03
1.833730534766666587e+00,3.252957033246854385e-03,4.619652092394148021e-03
1.836228805249999985e+00,3.257116403204081238e-03,5.084570805761893034e-03
1.838727075733333383e+00,3.261289125068602725e-03,5.549489519129638046e-03
1.841225346216666781e+00,3.265475589977430079e-03,6.014408232497383058e-03
1.843723616699999956e+00,3.269675504956441776e-03,6.479326945865087305e-03
1.846221887183333354e+00,3.273889259878703072e-03,6.944245659232833184e-03
1.848720157666666752e+00,3.278116564027147226e-03,7.409164372600578197e-03
1.851218428149999928e+00,3.282357806030547932e-03,7.807646516774030369e-03
1.853716698633333326e+00,3.286612697420289442e-03,8.206128660947518971e-03
1.856214969116666724e+00,3.290881625600516544e-03,8.604610805121004971e-03
1.858713239599999900e+00,3.295164304342340558e-03,9.003092949294458011e-03
1.861211510083333298e+00,3.299461119845076632e-03,9.401575093467945746e-03
1.863709780566666696e+00,3.303771788111451151e-03,9.800057237641433480e-03
1.866208051050000094e+00,3.308096694155238018e-03,1.019853938181492121e-02
1.868706321533333270e+00,3.312435556203096459e-03,1.059702152598837252e-02
1.871204592016666668e+00,3.316788758102662878e-03,1.099550367016186025e-02
1.873702862500000066e+00,3.321156020296524899e-03,1.139398581433534799e-02
1.876201132983333242e+00,3.325537725485811554e-03,1.149945819953427165e-02
1.878699403466666640e+00,3.329933596321422561e-03,1.160493058473320398e-02
1.881197673950000038e+00,3.334344014377579792e-03,1.171040296993213804e-02
1.883695944433333436e+00,3.338768704505702678e-03,1.181587535513107037e-02
1.886194214916666612e+00,3.343208047172528761e-03,1.192134774032999403e-02
1.888692485400000010e+00,3.347661769423474626e-03,1.202682012552892636e-02
1.891190755883333408e+00,3.352130250636692430e-03,1.213229251072785869e-02
1.893689026366666583e+00,3.356613220044569416e-03,1.223776489592678235e-02
1.896187296849999981e+00,3.361111055956076104e-03,1.234323728112571641e-02
1.898685567333333379e+00,3.365623489784025715e-03,1.244870966632464875e-02
1.901183837816666777e+00,3.370150898787331161e-03,1.220053758624077209e-02
1.903682108299999953e+00,3.374693016552404636e-03,1.195236550615691798e-02
1.906180378783333351e+00,3.379250219307715526e-03,1.170419342607304132e-02
1.908678649266666749e+00,3.383822242807423778e-03,1.145602134598916466e-02
1.911176919749999925e+00,3.388409462268001434e-03,1.120784926590530882e-02
1.913675190233333323e+00,3.393011615605279890e-03,1.095967718582143216e-02
1.916173460716666721e+00,3.397629077043420355e-03,1.071150510573755550e-02
1.918671731199999897e+00,3.402261586654224072e-03,1.046333302565370139e-02
1.921170001683333295e+00,3.406909517688087776e-03,1.021516094556982474e-02
1.923668272166666693e+00,3.411572612367463897e-03,9.966988865485948076e-03
1.926166542650000091e+00,3.416251242987991196e-03,9.508577015646202044e-03
1.928664813133333267e+00,3.420945153917617255e-03,9.050165165806495909e-03
1.931163083616666665e+00,3.425654716516281402e-03,8.591753315966749877e-03
1.933661354100000063e+00,3.430379677291950716e-03,8.133341466127003844e-03
1.936159624583333239e+00,3.435120406688047228e-03,7.674929616287297710e-03
1.938657895066666637e+00,3.439876653348097977e-03,7.216517766447551677e-03
1.941156165550000035e+00,3.444648786817603066e-03,6.758105916607805644e-03
1.943654436033333432e+00,3.449436557870800505e-03,6.299694066768058744e-03
1.946152706516666608e+00,3.454240335174741609e-03,5.841282216928353477e-03
1.948650977000000006e+00,3.459059871629911048e-03,5.382870367088606577e-03
1.951149247483333404e+00,3.463895535043357531e-03,4.982487133707555298e-03
1.953647517966666580e+00,3.468747080438176842e-03,4.582103900326539581e-03
1.956145788449999978e+00,3.473614874780186091e-03,4.181720666945488302e-03
1.958644058933333376e+00,3.478498675210796569e-03,3.781337433564437890e-03
1.961142329416666774e+00,3.483398847874155831e-03,3.380954200183386611e-03
1.963640599899999950e+00,3.488315152025984762e-03,2.980570966802370894e-03
1.966138870383333348e+00,3.493247953007327239e-03,2.580187733421320049e-03
1.968637140866666746e+00,3.498197012185314154e-03,2.179804500040268770e-03
1.971135411349999922e+00,3.503162694116597736e-03,1.779421266659253053e-03
1.973633681833333320e+00,3.508144762276295403e-03,1.379038033278202208e-03
1.976131952316666718e+00,3.513143580455665559e-03,1.241134229950379558e-03
1.978630222800000116e+00,3.518158914234750367e-03,1.103230426622556909e-03
1.981128493283333292e+00,3.523191126658572255e-03,9.653266232947464026e-04
1.983626763766666690e+00,3.528239985409183793e-03,8.274228199669237532e-04
1.986125034250000088e+00,3.533305852804015379e-03,6.895190166391011038e-04
1.988623304733333264e+00,3.538388498624890459e-03,5.516152133112905975e-04
1.991121575216666661e+00,3.543488284480685556e-03,4.137114099834679481e-04
1.993619845700000059e+00,3.548604982250312678e-03,2.758076066556452988e-04
1.996118116183333235e+00,3.553738952853219366e-03,1.379038033278347924e-04
1.998616386666666633e+00,3.558889970263167529e-03,1.214306433183764966e-17
2.001114657150000031e+00,3.564058394729363501e-03,0.000000000000000000e+00
2.003612927633333207e+00,3.569244002318747687e-03,0.000000000000000000e+00
2.006111198116666827e+00,3.574447152628527132e-03,0.000000000000000000e+00
2.008609468600000003e+00,3.579667623817883986e-03,0.000000000000000000e+00
2.011107739083333179e+00,3.584905774851062862e-03,0.000000000000000000e+00
2.013606009566666799e+00,3.590161385977519177e-03,0.000000000000000000e+00
2.016104280049999975e+00,3.595434815547752377e-03,0.000000000000000000e+00
2.018602550533333151e+00,3.600725845900621183e-03,0.000000000000000000e+00
2.021100821016666771e+00,3.606034834791791398e-03,0.000000000000000000e+00
2.023599091499999947e+00,3.611361566648625156e-03,0.000000000000000000e+00
2.026097361983333123e+00,3.616706398651116806e-03,0.000000000000000000e+00
2.028595632466666743e+00,3.622069117314039022e-03,0.000000000000000000e+00
2.031093902949999919e+00,3.627450079261427228e-03,0.000000000000000000e+00
2.033592173433333539e+00,3.632849073094822790e-03,0.000000000000000000e+00
2.036090443916666715e+00,3.638266454901043726e-03,0.000000000000000000e+00
2.038588714399999891e+00,3.643702015368667241e-03,0.000000000000000000e+00
2.041086984883333511e+00,3.649156110066665605e-03,0.000000000000000000e+00
2.043585255366666686e+00,3.654628531770236395e-03,0.000000000000000000e+00
2.046083525849999862e+00,3.660119635549785415e-03,0.000000000000000000e+00
2.048581796333333482e+00,3.665629216267832745e-03,0.000000000000000000e+00
2.051080066816666658e+00,3.671157628515291874e-03,0.000000000000000000e+00
2.053578337299999834e+00,3.676704669242295085e-03,0.000000000000000000e+00
2.056076607783333454e+00,3.682270692579782227e-03,0.000000000000000000e+00
2.058574878266666630e+00,3.687855497566326548e-03,0.000000000000000000e+00
2.061073148749999806e+00,3.693459437892646687e-03,0.000000000000000000e+00
2.063571419233333426e+00,3.699082314686213523e-03,0.000000000000000000e+00
2.066069689716666602e+00,3.704724481217088264e-03,0.000000000000000000e+00
2.068567960200000222e+00,3.710385740703229292e-03,0.000000000000000000e+00
2.071066230683333398e+00,3.716066446013231630e-03,0.000000000000000000e+00
2.073564501166666574e+00,3.721766402457318823e-03,0.000000000000000000e+00
2.076062771650000194e+00,3.727485962522083737e-03,0.000000000000000000e+00
2.078561042133333370e+00,3.733224933611629676e-03,0.000000000000000000e+00
2.081059312616666546e+00,3.738983667850746470e-03,0.000000000000000000e+00
2.083557583100000166e+00,3.744761974739030472e-03,0.000000000000000000e+00
2.086055853583333342e+00,3.750560206059143278e-03,0.000000000000000000e+00
2.088554124066666517e+00,3.756378173408525707e-03,0.000000000000000000e+00
2.091052394550000137e+00,3.762216228247745441e-03,0.000000000000000000e+00
2.093550665033333313e+00,3.768074184274675976e-03,0.000000000000000000e+00
2.096048935516666489e+00,3.773952392647421644e-03,0.000000000000000000e+00
2.098547206000000109e+00,3.779850669166911949e-03,0.000000000000000000e+00
2.101045476483333285e+00,3.785769364709274960e-03,0.000000000000000000e+00
2.103543746966666461e+00,3.791708297181396650e-03,0.000000000000000000e+00
2.106042017450000081e+00,3.797667817197347348e-03,0.000000000000000000e+00
2.108540287933333257e+00,3.803647744773271545e-03,0.000000000000000000e+00
2.111038558416666877e+00,3.809648430281625982e-03,0.000000000000000000e+00
2.113536828900000053e+00,3.815669695851138261e-03,0.000000000000000000e+00
2.116035099383333229e+00,3.821711891633080508e-03,0.000000000000000000e+00
2.118533369866666849e+00,3.827774841872777587e-03,0.000000000000000000e+00
2.121031640350000025e+00,3.833858896520304059e-03,0.000000000000000000e+00
2.123529910833333201e+00,3.839963881941722400e-03,0.000000000000000000e+00
2.126028181316666821e+00,3.846090147906761417e-03,1.768790793215736947e-05
2.128526451799999997e+00,3.852237522906482112e-03,3.537581586431159475e-05
2.131024722283333173e+00,3.858406356550634058e-03,5.306372379646582003e-05
2.133522992766666793e+00,3.864596479459863829e-03,7.075163172862318950e-05
2.136021263249999969e+00,3.870808241105265848e-03,8.843953966077740801e-05
2.138519533733333144e+00,3.877041474241491904e-03,1.061274475929316401e-04
2.141017804216666764e+00,3.883296528221896835e-03,1.238153555250889892e-04
2.143516074699999940e+00,3.889573237940540870e-03,1.415032634572432348e-04
2.146014345183333560e+00,3.895871952653818214e-03,1.591911713894005975e-04
2.148512615666666736e+00,3.902192509400497986e-03,1.768790793215548160e-04
2.151010886149999912e+00,3.908535257361376442e-03,5.670882998327413061e-04
2.153509156633333532e+00,3.914900035725950647e-03,9.572975203439972394e-04
2.156007427116666708e+00,3.921287193620455469e-03,1.347506740855183459e-03
2.158505697599999884e+00,3.927696572390552976e-03,1.737715961366370111e-03
2.161003968083333504e+00,3.934128521129873907e-03,2.127925181877625936e-03
2.163502238566666680e+00,3.940582883346507685e-03,2.518134402388812372e-03
2.166000509049999856e+00,3.947060008123154558e-03,2.908343622899999242e-03
2.168498779533333476e+00,3.953559741137015193e-03,3.298552843411255067e-03
2.170997050016666652e+00,3.960082431480962256e-03,3.688762063922441502e-03
2.173495320499999828e+00,3.966627927008515436e-03,4.078971284433627505e-03
2.175993590983333448e+00,3.973196576844821928e-03,4.697878901017644993e-03
2.178491861466666624e+00,3.979788231026245605e-03,5.316786517601592224e-03
2.180990131949999800e+00,3.986403238733180268e-03,5.935694134185539456e-03
2.183488402433333420e+00,3.993041452191858735e-03,6.554601750769597709e-03
2.185986672916666596e+00,3.999703220659132745e-03,7.173509367353544941e-03
2.188484943400000216e+00,4.006388398560127226e-03,7.792416983937603195e-03
2.190983213883333391e+00,4.013097335250622594e-03,8.411324600521550426e-03
2.193481484366666567e+00,4.019829887361826316e-03,9.030232217105497658e-03
2.195979754850000187e+00,4.026586404371343235e-03,9.649139833689555912e-03
2.198478025333333363e+00,4.033366745124811713e-03,1.026804745027350314e-02
2.200976295816666539e+00,4.040171259244647838e-03,1.077561580843686834e-02
2.203474566300000159e+00,4.046999807799143457e-03,1.128318416660032374e-02
2.205972836783333335e+00,4.053852740578380888e-03,1.179075252476368893e-02
2.208471107266666511e+00,4.060729920882984352e-03,1.229832088292705586e-02
2.210969377750000131e+00,4.067631698693335331e-03,1.280588924109050952e-02
2.213467648233333307e+00,4.074557939551581853e-03,1.331345759925387645e-02
2.215965918716666483e+00,4.081508993651858028e-03,1.382102595741724164e-02
2.218464189200000103e+00,4.088484728787251769e-03,1.432859431558069704e-02
2.220962459683333279e+00,4.095485495389791092e-03,1.483616267374406224e-02
2.223460730166666455e+00,4.102511163512918141e-03,1.534373103190742743e-02
2.225959000650000075e+00,4.109562083849754160e-03,1.546085093368552987e-02
2.228457271133333251e+00,4.116638128725172603e-03,1.557797083546354211e-02
2.230955541616666871e+00,4.123739649117569121e-03,1.569509073724157516e-02
2.233453812100000047e+00,4.130866519633249155e-03,1.581221063901958740e-02
2.235952082583333222e+00,4.138019091559664089e-03,1.592933054079759964e-02
2.238450353066666842e+00,4.145197241796024813e-03,1.604645044257563616e-02
2.240948623550000018e+00,4.152401321963561723e-03,1.616357034435364839e-02
2.243446894033333194e+00,4.159631211265077920e-03,1.628069024613166063e-02
2.245945164516666814e+00,4.166887261680053689e-03,1.639781014790969368e-02
2.248443434999999990e+00,4.174169354727023939e-03,1.651493004968770592e-02
2.250941705483333166e+00,4.181477842768599983e-03,1.618240826932915502e-02
2.253439975966666786e+00,4.188812609650443934e-03,1.584988648897054514e-02
2.255938246449999962e+00,4.196174008143671932e-03,1.551736470861199597e-02
2.258436516933333138e+00,4.203561924433491317e-03,1.518484292825344507e-02
2.260934787416666758e+00,4.210976711724743332e-03,1.485232114789483693e-02
2.263433057899999934e+00,4.218418258554913411e-03,1.451979936753628603e-02
2.265931328383333554e+00,4.225886918588045785e-03,1.418727758717767615e-02
2.268429598866666730e+00,4.233382582727119973e-03,1.385475580681912525e-02
2.270927869349999906e+00,4.240905605121126493e-03,1.352223402646057608e-02
2.273426139833333526e+00,4.248455879051999534e-03,1.318971224610196620e-02
2.275924410316666702e+00,4.256033759179839865e-03,1.259673191809450830e-02
2.278422680799999878e+00,4.263639141179107091e-03,1.200375159008704867e-02
2.280920951283333498e+00,4.271272380247527478e-03,1.141077126207948669e-02
2.283419221766666674e+00,4.278933374466441751e-03,1.081779093407202706e-02
2.285917492249999849e+00,4.286622479597686566e-03,1.022481060606456917e-02
2.288415762733333469e+00,4.294339596143814317e-03,9.631830278057005451e-03
2.290914033216666645e+00,4.302085080458014146e-03,9.038849950049547555e-03
2.293412303699999821e+00,4.309858835479339970e-03,8.445869622042089658e-03
2.295910574183333441e+00,4.317661218179018670e-03,7.852889294034524209e-03
2.298408844666666617e+00,4.325492133947909414e-03,7.259908966027067180e-03
2.300907115149999793e+00,4.333351940403335975e-03,6.736693642266420798e-03
2.303405385633333413e+00,4.341240545403473802e-03,6.213478318505680741e-03
2.305903656116666589e+00,4.349158307239187754e-03,5.690262994745034358e-03
2.308401926600000209e+00,4.357105136252825868e-03,5.167047670984294301e-03
2.310900197083333385e+00,4.365081391436855841e-03,4.643832347223647919e-03
2.313398467566666561e+00,4.373086985633774237e-03,4.120617023463000669e-03
2.315896738050000181e+00,4.381122278566646627e-03,3.597401699702261046e-03
2.318395008533333357e+00,4.389187185595297067e-03,3.074186375941614230e-03
2.320893279016666533e+00,4.397282067201752596e-03,2.550971052180966980e-03
2.323391549500000153e+00,4.405406841280734044e-03,2.027755728420227790e-03
2.325889819983333329e+00,4.413561869102556288e-03,1.824980155578215810e-03
2.328388090466666505e+00,4.421747071114492944e-03,1.622204582736203830e-03
2.330886360950000125e+00,4.429962809404899837e-03,1.419429009894155854e-03
2.333384631433333301e+00,4.438209006991998377e-03,1.216653437052143873e-03
2.335882901916666476e+00,4.446486026811568085e-03,1.013877864210131893e-03
2.338381172400000096e+00,4.454793794471741293e-03,8.111022913680839171e-04
2.340879442883333272e+00,4.463132673786224594e-03,6.083267185260719367e-04
2.343377713366666892e+00,4.471502592972263768e-03,4.055511456840239608e-04
2.345875983850000068e+00,4.479903916751514469e-03,2.027755728420119804e-04
2.348374254333333244e+00,4.488336575970406674e-03,0.000000000000000000e+00
2.350872524816666864e+00,4.496800936289991300e-03,0.000000000000000000e+00
2.353370795300000040e+00,4.505296931205428519e-03,0.000000000000000000e+00
2.355869065783333216e+00,4.513824927348357441e-03,0.000000000000000000e+00
2.358367336266666836e+00,4.522384860883758330e-03,0.000000000000000000e+00
2.360865606750000012e+00,4.530977099445828576e-03,0.000000000000000000e+00
2.363363877233333188e+00,4.539601581890135781e-03,0.000000000000000000e+00
2.365862147716666808e+00,4.548258676885285137e-03,0.000000000000000000e+00
2.368360418199999984e+00,4.556948325999449559e-03,0.000000000000000000e+00
2.370858688683333160e+00,4.565670898968355457e-03,0.000000000000000000e+00
2.373356959166666780e+00,4.574426340094799037e-03,0.000000000000000000e+00
2.375855229649999956e+00,4.583215020214478387e-03,0.000000000000000000e+00
2.378353500133333132e+00,4.592036886387633292e-03,0.000000000000000000e+00
2.380851770616666752e+00,4.600892310583216786e-03,0.000000000000000000e+00
2.383350041099999927e+00,4.609781242642117631e-03,0.000000000000000000e+00
2.385848311583333548e+00,4.618704055700367447e-03,0.000000000000000000e+00
2.388346582066666723e+00,4.627660702403441420e-03,0.000000000000000000e+00
2.390844852549999899e+00,4.636651557088731362e-03,0.000000000000000000e+00
2.393343123033333519e+00,4.645676575229993471e-03,0.000000000000000000e+00
2.395841393516666695e+00,4.654736132401621380e-03,0.000000000000000000e+00
2.398339663999999871e+00,4.663830186930943700e-03,0.000000000000000000e+00
2.400837934483333491e+00,4.672959115662585379e-03,0.000000000000000000e+00
2.403336204966666667e+00,4.682122879803229769e-03,0.000000000000000000e+00
2.405834475449999843e+00,4.691321857505193621e-03,0.000000000000000000e+00
2.408332745933333463e+00,4.700556012879820306e-03,0.000000000000000000e+00
2.410831016416666639e+00,4.709825725422464235e-03,0.000000000000000000e+00
2.413329286899999815e+00,4.719130962176169668e-03,0.000000000000000000e+00
2.415827557383333435e+00,4.728472104016102212e-03,0.000000000000000000e+00
2.418325827866666611e+00,4.737849120944078243e-03,0.000000000000000000e+00
2.420824098350000231e+00,4.747262395252529847e-03,0.000000000000000000e+00
2.423322368833333407e+00,4.756711899929388226e-03,0.000000000000000000e+00
2.425820639316666583e+00,4.766198018721943402e-03,0.000000000000000000e+00
2.428318909800000203e+00,4.775720727633185267e-03,0.000000000000000000e+00
2.430817180283333379e+00,4.785280411903561001e-03,0.000000000000000000e+00
2.433315450766666554e+00,4.794877050579688348e-03,0.000000000000000000e+00
2.435813721250000174e+00,4.804511030433975677e-03,0.000000000000000000e+00
2.438311991733333350e+00,4.814182333586560468e-03,0.000000000000000000e+00
2.440810262216666526e+00,4.823891348381242547e-03,0.000000000000000000e+00
2.443308532700000146e+00,4.833638060041747959e-03,0.000000000000000000e+00
2.445806803183333322e+00,4.843422858523107645e-03,0.000000000000000000e+00
2.448305073666666498e+00,4.853245732183722461e-03,0.000000000000000000e+00
2.450803344150000118e+00,4.863107072630705463e-03,0.000000000000000000e+00
2.453301614633333294e+00,4.873006871388621888e-03,0.000000000000000000e+00
2.455799885116666470e+00,4.882945521757497964e-03,0.000000000000000000e+00
2.458298155600000090e+00,4.892923018460428909e-03,0.000000000000000000e+00
2.460796426083333266e+00,4.902939756532405553e-03,0.000000000000000000e+00
2.463294696566666886e+00,4.912995733927890546e-03,0.000000000000000000e+00
2.465792967050000062e+00,4.923091347458947130e-03,0.000000000000000000e+00
2.468291237533333238e+00,4.933226598345396424e-03,0.000000000000000000e+00
2.470789508016666858e+00,4.943401885219845387e-03,0.000000000000000000e+00
2.473287778500000034e+00,4.953617212601247807e-03,0.000000000000000000e+00
2.475786048983333210e+00,4.963872980986219589e-03,0.000000000000000000e+00
2.478284319466666830e+00,4.974169198228697852e-03,0.000000000000000000e+00
2.480782589950000006e+00,4.984506266733631369e-03,0.000000000000000000e+00
2.483280860433333181e+00,4.994884197725465991e-03,0.000000000000000000e+00
2.485779130916666801e+00,5.005303395562602647e-03,0.000000000000000000e+00
2.488277401399999977e+00,5.015763874876770327e-03,0.000000000000000000e+00
2.490775671883333153e+00,5.026266042025563305e-03,0.000000000000000000e+00
2.493273942366666773e+00,5.036809915085573019e-03,0.000000000000000000e+00
2.495772212849999949e+00,5.047395902459953648e-03,0.000000000000000000e+00
2.498270483333333125e+00,5.058024025708276160e-03,0.000000000000000000e+00
2.500768753816666745e+00,5.068694695326579625e-03,7.183549089499174731e-06
2.503267024299999921e+00,5.079407936396477044e-03,1.436709817899834946e-05
2.505765294783333541e+00,5.090164161554788097e-03,2.155064726849880067e-05
2.508263565266666717e+00,5.100963399445179215e-03,2.873419635799797625e-05
2.510761835749999893e+00,5.111806064894063202e-03,3.591774544749715522e-05
2.513260106233333513e+00,5.122692190147588517e-03,4.310129453699760134e-05
2.515758376716666689e+00,5.133622192271332547e-03,5.028484362649678031e-05
2.518256647199999865e+00,5.144596107155543531e-03,5.746839271599595250e-05
2.520754917683333485e+00,5.155614354155526290e-03,6.465194180549641218e-05
2.523253188166666661e+00,5.166676972848113086e-03,7.183549089499558437e-05
2.525751458649999837e+00,5.177784384928790611e-03,3.691378209596946612e-04
2.528249729133333457e+00,5.188936633704561811e-03,6.664401510244465521e-04
2.530747999616666633e+00,5.200134143263636551e-03,9.637424810891455883e-04
2.533246270099999808e+00,5.211376960687345850e-03,1.261044811153844624e-03
2.535744540583333428e+00,5.222665512508928125e-03,1.558347141218596570e-03
2.538242811066666604e+00,5.233999849629261507e-03,1.855649471283295606e-03
2.540741081550000224e+00,5.245380401080828280e-03,2.152951801348047985e-03
2.543239352033333400e+00,5.256807221629947527e-03,2.450254131412746804e-03
2.545737622516666576e+00,5.268280742862724644e-03,2.747556461477446057e-03
2.548235893000000196e+00,5.279801023458302774e-03,3.044858791542197785e-03
2.550734163483333372e+00,5.291368497611901624e-03,3.540248260337795338e-03
2.553232433966666548e+00,5.302983227963404059e-03,4.035637729133392457e-03
2.555730704450000168e+00,5.314645651373670066e-03,4.531027197929078480e-03
2.558228974933333344e+00,5.326355834492517254e-03,5.026416666724676033e-03
2.560727245416666520e+00,5.338114216903889521e-03,5.521806135520272718e-03
2.563225515900000140e+00,5.349920869317625893e-03,6.017195604315958742e-03
2.565723786383333316e+00,5.361776234098713026e-03,6.512585073111556294e-03
2.568222056866666492e+00,5.373680386068593363e-03,7.007974541907154714e-03
2.570720327350000112e+00,5.385633770432993357e-03,7.503364010702839870e-03
2.573218597833333288e+00,5.397636466176558220e-03,7.998753479498436555e-03
2.575716868316666464e+00,5.409688921406499880e-03,8.455423204911414331e-03
2.578215138800000084e+00,5.421791219324104474e-03,8.912092930324475373e-03
2.580713409283333259e+00,5.433943810999182847e-03,9.368762655737453149e-03
2.583211679766666879e+00,5.446146783904200032e-03,9.825432381150512456e-03
2.585709950250000055e+00,5.458400592134345433e-03,1.028210210656349197e-02
2.588208220733333231e+00,5.470705327488937196e-03,1.073877183197646974e-02
2.590706491216666851e+00,5.483061447151710635e-03,1.119544155738952905e-02
2.593204761700000027e+00,5.495469047305779307e-03,1.165211128280250683e-02
2.595703032183333203e+00,5.507928588288179064e-03,1.210878100821548634e-02
2.598201302666666823e+00,5.520440170723600777e-03,1.256545073362854564e-02
2.600699573149999999e+00,5.533004258168692374e-03,1.277509193139597828e-02
2.603197843633333175e+00,5.545620955748679221e-03,1.298473312916341091e-02
2.605696114116666795e+00,5.558290730306585624e-03,1.319437432693088171e-02
2.608194384599999971e+00,5.571013691528735844e-03,1.340401552469831434e-02
2.610692655083333147e+00,5.583790309612833569e-03,1.361365672246574871e-02
2.613190925566666767e+00,5.596620698868159591e-03,1.382329792023321777e-02
2.615689196049999943e+00,5.609505332916363621e-03,1.403293911800065213e-02
2.618187466533333563e+00,5.622444330752423593e-03,1.424258031576812120e-02
2.620685737016666739e+00,5.635438169492881094e-03,1.445222151353555556e-02
2.623184007499999915e+00,5.648486972882729544e-03,1.466186271130298820e-02
2.625682277983333535e+00,5.661591221605282408e-03,1.454329171560928176e-02
2.628180548466666711e+00,5.674751044221141086e-03,1.442472071991559787e-02
2.630678818949999886e+00,5.687966925053717683e-03,1.430614972422191399e-02
2.633177089433333506e+00,5.701238997546458596e-03,1.418757872852820755e-02
2.635675359916666682e+00,5.714567749737374004e-03,1.406900773283452366e-02
2.638173630399999858e+00,5.727953320020533548e-03,1.395043673714083804e-02
2.640671900883333478e+00,5.741396200225594090e-03,1.383186574144713160e-02
2.643170171366666654e+00,5.754896533767126648e-03,1.371329474575344771e-02
2.645668441849999830e+00,5.768454816342641171e-03,1.359472375005976383e-02
2.648166712333333450e+00,5.782071196459325976e-03,1.347615275436605739e-02
2.650664982816666626e+00,5.795746173761437588e-03,1.309720986191824192e-02
2.653163253299999802e+00,5.809479901921437046e-03,1.271826696947042645e-02
2.655661523783333422e+00,5.823272884610967808e-03,1.233932407702254506e-02
2.658159794266666598e+00,5.837125280741569180e-03,1.196038118457472960e-02
2.660658064750000218e+00,5.851037598094064630e-03,1.158143829212684647e-02
2.663156335233333394e+00,5.865010000895649368e-03,1.120249539967903274e-02
2.665654605716666570e+00,5.879043001119388032e-03,1.082355250723121727e-02
2.668152876200000190e+00,5.893136768385242794e-03,1.044460961478333588e-02
2.670651146683333366e+00,5.907291818944003167e-03,1.006566672233552041e-02
2.673149417166666542e+00,5.921508327887421881e-03,9.686723829887704945e-03
2.675647687650000162e+00,5.935786815830191784e-03,9.221164724988602582e-03
2.678145958133333338e+00,5.950127463417003056e-03,8.755605620089567873e-03
2.680644228616666513e+00,5.964530795714810020e-03,8.290046515190533163e-03
2.683142499100000133e+00,5.978996999003651815e-03,7.824487410291415188e-03
2.685640769583333309e+00,5.993526602892196124e-03,7.358928305392380478e-03
2.688139040066666485e+00,6.008119799380441314e-03,6.893369200493345769e-03
2.690637310550000105e+00,6.022777122710763417e-03,6.427810095594228661e-03
2.693135581033333281e+00,6.037498770688803224e-03,5.962250990695193952e-03
2.695633851516666457e+00,6.052285282284142372e-03,5.496691885796159242e-03
2.698132122000000077e+00,6.067136861195667613e-03,5.031132780897041266e-03
2.700630392483333253e+00,6.082054051215229039e-03,4.672040234609960499e-03
2.703128662966666873e+00,6.097037062025677592e-03,4.312947688322816414e-03
2.705626933450000049e+00,6.112086442337601525e-03,3.953855142035735647e-03
2.708125203933333225e+00,6.127202407909116202e-03,3.594762595748654879e-03
2.710623474416666845e+00,6.142385512469004070e-03,3.235670049461510794e-03
2.713121744900000021e+00,6.157635977944403254e-03,2.876577503174430027e-03
2.715620015383333197e+00,6.172954363182665827e-03,2.517484956887349259e-03
2.718118285866666817e+00,6.188340896375645224e-03,2.158392410600204741e-03
2.720616556349999993e+00,6.203796141592650935e-03,1.799299864313124407e-03
2.723114826833333169e+00,6.219320333387824695e-03,1.440207318026043640e-03
2.725613097316666789e+00,6.234914041156889783e-03,1.296186586223389663e-03
2.728111367799999964e+00,6.250577505916232735e-03,1.152165854420799220e-03
2.730609638283333140e+00,6.266311302495256377e-03,1.008145122618208994e-03
2.733107908766666760e+00,6.282115678474419450e-03,8.641243908155930723e-04
2.735606179249999936e+00,6.297991214225895015e-03,7.201036590130027379e-04
2.738104449733333556e+00,6.313938163998149972e-03,5.760829272103868163e-04
2.740602720216666732e+00,6.329957113817469977e-03,4.320621954077964819e-04
2.743100990699999908e+00,6.346048324707295740e-03,2.880414636052062560e-04
2.745599261183333528e+00,6.362212388460994177e-03,1.440207318025902260e-04
2.748097531666666704e+00,6.378449572985607323e-03,0.000000000000000000e+00
2.750595802149999880e+00,6.394760475957821100e-03,0.000000000000000000e+00
2.753094072633333500e+00,6.411145372279200561e-03,0.000000000000000000e+00
2.755592343116666676e+00,6.427604865627427333e-03,0.000000000000000000e+00
2.758090613599999852e+00,6.444139238012432450e-03,0.000000000000000000e+00
2.760588884083333472e+00,6.460749099233831227e-03,0.000000000000000000e+00
2.763087154566666648e+00,6.477434738525874799e-03,0.000000000000000000e+00
2.765585425049999824e+00,6.494196771932398901e-03,0.000000000000000000e+00
2.768083695533333444e+00,6.511035496030386123e-03,0.000000000000000000e+00
2.770581966016666620e+00,6.527951533234243806e-03,0.000000000000000000e+00
2.773080236499999796e+00,6.544945187584654336e-03,0.000000000000000000e+00
2.775578506983333416e+00,6.562017087994191644e-03,0.000000000000000000e+00
2.778076777466666591e+00,6.579167546090956657e-03,0.000000000000000000e+00
2.780575047950000211e+00,6.596397197416845395e-03,0.000000000000000000e+00
2.783073318433333387e+00,6.613706361313849078e-03,0.000000000000000000e+00
2.785571588916666563e+00,6.631095680086229564e-03,0.000000000000000000e+00
2.788069859400000183e+00,6.648565480919395830e-03,0.000000000000000000e+00
2.790568129883333359e+00,6.666116413016160043e-03,0.000000000000000000e+00
2.793066400366666535e+00,6.683748811537292868e-03,0.000000000000000000e+00
2.795564670850000155e+00,6.701463332723324104e-03,0.000000000000000000e+00
2.798062941333333331e+00,6.719260319845310296e-03,0.000000000000000000e+00
2.800561211816666507e+00,6.737140436323588340e-03,1.073055418672122231e-04
2.803059482300000127e+00,6.755104033677916849e-03,2.146110837344435010e-04
2.805557752783333303e+00,6.773151782652522476e-03,3.219166256016557106e-04
2.808056023266666479e+00,6.791284043157073264e-03,4.292221674688679201e-04
2.810554293750000099e+00,6.809501493408370507e-03,5.365277093360992658e-04
2.813052564233333275e+00,6.827804501849730860e-03,6.438332512033114212e-04
2.815550834716666895e+00,6.846193754321767792e-03,7.511387930705427669e-04
2.818049105200000071e+00,6.864669627948634389e-03,8.584443349377549222e-04
2.820547375683333247e+00,6.883232816349149283e-03,9.657498768049671859e-04
2.823045646166666867e+00,6.901883705479664420e-03,1.073055418672198532e-03
2.825543916650000043e+00,6.920622996894463218e-03,1.411692580863377778e-03
2.828042187133333218e+00,6.939451085535742678e-03,1.750329743054557241e-03
2.830540457616666838e+00,6.958368681054690440e-03,2.088966905245796552e-03
2.833038728100000014e+00,6.977376187536982882e-03,2.427604067436976015e-03
2.835536998583333190e+00,6.996474322894932069e-03,2.766241229628155045e-03
2.838035269066666810e+00,7.015663500519095895e-03,3.104878391819394789e-03
2.840533539549999986e+00,7.034944446751007288e-03,3.443515554010573819e-03
2.843031810033333162e+00,7.054317584450462905e-03,3.782152716201752848e-03
2.845530080516666782e+00,7.073783648559996660e-03,4.120789878392992593e-03
2.848028350999999958e+00,7.093343071577346698e-03,4.459427040584171623e-03
2.850526621483333134e+00,7.112996597221481372e-03,4.967437073467351021e-03
2.853024891966666754e+00,7.132744667800212587e-03,5.475447106350621491e-03
2.855523162449999930e+00,7.152588035988055072e-03,5.983457139233800889e-03
2.858021432933333550e+00,7.172527154079158009e-03,6.491467172117071360e-03
2.860519703416666726e+00,7.192562783887080681e-03,6.999477205000250758e-03
2.863017973899999902e+00,7.212695387872408541e-03,7.507487237883430156e-03
2.865516244383333522e+00,7.232925737174720864e-03,8.015497270766700627e-03
2.868014514866666698e+00,7.253254304605594865e-03,8.523507303649879158e-03
2.870512785349999874e+00,7.273681870821950730e-03,9.031517336533059423e-03
2.873011055833333494e+00,7.294208919174979128e-03,9.539527369416329894e-03
2.875509326316666669e+00,7.314836240034179940e-03,1.005304749256033872e-02
2.878007596799999845e+00,7.335564327483423339e-03,1.056656761570434755e-02
2.880505867283333465e+00,7.356393981805427890e-03,1.108008773884844658e-02
2.883004137766666641e+00,7.377325708013268354e-03,1.159360786199245541e-02
2.885502408249999817e+00,7.398360316507261031e-03,1.210712798513646424e-02
2.888000678733333437e+00,7.419498323431809178e-03,1.262064810828056501e-02
2.890498949216666613e+00,7.440740549513975496e-03,1.313416823142457210e-02
2.892997219700000233e+00,7.462087522236105115e-03,1.364768835456867287e-02
2.895495490183333409e+00,7.483540072865264500e-03,1.416120847771268169e-02
2.897993760666666585e+00,7.505098740433195637e-03,1.467472860085669052e-02
2.900492031150000205e+00,7.526764366965912542e-03,1.501625245157022642e-02
2.902990301633333381e+00,7.548537503260730093e-03,1.535777630228370334e-02
2.905488572116666557e+00,7.570419002325692696e-03,1.569930015299717679e-02
2.907986842600000177e+00,7.592409426945278227e-03,1.604082400371071443e-02
2.910485113083333353e+00,7.614509641338265689e-03,1.638234785442418961e-02
2.912983383566666529e+00,7.636720220502398945e-03,1.672387170513766480e-02
2.915481654050000149e+00,7.659042040101109519e-03,1.706539555585120244e-02
2.917979924533333325e+00,7.681475687577769135e-03,1.740691940656467762e-02
2.920478195016666501e+00,7.704022050279275141e-03,1.774844325727815281e-02
2.922976465500000121e+00,7.726681728331294581e-03,1.808996710799169044e-02
2.925474735983333296e+00,7.749455621009439764e-03,1.814114113288576788e-02
2.927973006466666472e+00,7.772344341364870006e-03,1.819231515777984531e-02
2.930471276950000092e+00,7.795348800851698012e-03,1.824348918267392969e-02
2.932969547433333268e+00,7.818469625695224565e-03,1.829466320756800712e-02
2.935467817916666888e+00,7.841707739784195552e-03,1.834583723246209497e-02
2.937966088400000064e+00,7.865063782772694148e-03,1.839701125735617240e-02
2.940464358883333240e+00,7.888538691246262113e-03,1.844818528225024984e-02
2.942962629366666860e+00,7.912133118548226804e-03,1.849935930714433421e-02
2.945460899850000036e+00,7.935848014229095887e-03,1.855053333203841165e-02
2.947959170333333212e+00,7.959684045588201473e-03,1.860170735693248908e-02
2.950457440816666832e+00,7.983642175415452125e-03,1.834531451813809638e-02
2.952955711300000008e+00,8.007723085239663863e-03,1.808892167934369327e-02
2.955453981783333184e+00,8.031927751370845220e-03,1.783252884054929016e-02
2.957952252266666804e+00,8.056256869847240598e-03,1.757613600175484195e-02
2.960450522749999980e+00,8.080711430786480243e-03,1.731974316296044231e-02
2.962948793233333156e+00,8.105292145022407330e-03,1.706335032416603920e-02
2.965447063716666776e+00,8.130000016774930477e-03,1.680695748537159098e-02
2.967945334199999952e+00,8.154835771967045011e-03,1.655056464657718787e-02
2.970443604683333128e+00,8.179800429222207347e-03,1.629417180778278476e-02
2.972941875166666748e+00,8.204894729853133561e-03,1.603777896898833655e-02
2.975440145649999923e+00,8.230119707195190579e-03,1.556149162095666130e-02
2.977938416133333543e+00,8.255476118258966295e-03,1.508520427292490279e-02
2.980436686616666719e+00,8.280965011407523738e-03,1.460891692489322755e-02
2.982934957099999895e+00,8.306587159664714434e-03,1.413262957686155404e-02
2.985433227583333515e+00,8.332343626745061099e-03,1.365634222882979379e-02
2.987931498066666691e+00,8.358235202008653178e-03,1.318005488079812028e-02
2.990429768549999867e+00,8.384262964852624844e-03,1.270376753276644677e-02
2.992928039033333487e+00,8.410427721304652993e-03,1.222748018473468652e-02
2.995426309516666663e+00,8.436730566783569654e-03,1.175119283670301301e-02
2.997924579999999839e+00,8.463172324324521809e-03,1.127490548867133777e-02
3.000422850483333459e+00,8.489754105714831384e-03,1.073912126537837457e-02
3.002921120966666635e+00,8.516476751344322083e-03,1.020333704208549637e-02
3.005419391449999811e+00,8.543341389726519589e-03,9.667552818792618172e-03
3.007917661933333431e+00,8.570348878961046510e-03,9.131768595499644564e-03
3.010415932416666607e+00,8.597500364652489735e-03,8.595984372206766366e-03
3.012914202900000227e+00,8.624796722975860280e-03,8.060200148913792759e-03
3.015412473383333403e+00,8.652239116999934851e-03,7.524415925620914561e-03
3.017910743866666579e+00,8.679828441349698651e-03,6.988631702328036363e-03
3.020409014350000199e+00,8.707565876940782587e-03,6.452847479035062755e-03
3.022907284833333375e+00,8.735452337232187808e-03,5.917063255742184558e-03
3.025405555316666550e+00,8.763489021378736629e-03,5.498253573508781952e-03
3.027903825800000170e+00,8.791676862066397438e-03,5.079443891275305621e-03
3.030402096283333346e+00,8.820017077091681437e-03,4.660634209041903016e-03
3.032900366766666522e+00,8.848510618770410313e-03,4.241824526808501278e-03
3.035398637250000142e+00,8.877158723953136599e-03,3.823014844575024079e-03
3.037896907733333318e+00,8.905962364999252950e-03,3.404205162341621474e-03
3.040395178216666494e+00,8.934922798235581456e-03,2.985395480108219302e-03
3.042893448700000114e+00,8.964041016488680930e-03,2.566585797874742537e-03
3.045391719183333290e+00,8.993318295994902345e-03,2.147776115641339932e-03
3.047889989666666466e+00,9.022755650483075748e-03,1.728966433407938194e-03
3.050388260150000086e+00,9.052354376542819797e-03,1.556069790067086175e-03
3.052886530633333262e+00,9.082115509250842864e-03,1.383173146726309182e-03
3.055384801116666882e+00,9.112040366005590489e-03,1.210276503385501398e-03
3.057883071600000058e+00,9.142130003688951970e-03,1.037379860044724189e-03
3.060381342083333234e+00,9.172385760974788305e-03,8.644832167039470877e-04
3.062879612566666854e+00,9.202808717019110574e-03,6.915865733631391954e-04
3.065377883050000030e+00,9.233400232250294631e-03,5.186899300223622028e-04
3.067876153533333206e+00,9.264161408579333484e-03,3.457932866815849934e-04
3.070374424016666826e+00,9.295093628680202447e-03,1.728966433407772094e-04
3.072872694500000001e+00,9.326198017712311605e-03,0.000000000000000000e+00
3.075370964983333177e+00,9.357475981098867593e-03,1.027832252509179291e-04
3.077869235466666797e+00,9.388928667754588980e-03,2.055664505018541270e-04
3.080367505949999973e+00,9.420557506368045994e-03,3.083496757527720697e-04
3.082865776433333149e+00,9.452363670128473630e-03,4.111329010036899852e-04
3.085364046916666769e+00,9.484348611520487110e-03,5.139161262546262238e-04
3.087862317399999945e+00,9.516513528541097056e-03,6.166993515055441393e-04
3.090360587883333565e+00,9.548859898014488978e-03,7.194825767564803779e-04
3.092858858366666741e+00,9.581388943292447335e-03,8.222658020073982934e-04
3.095357128849999917e+00,9.614102166096817961e-03,9.250490272583162090e-04
3.097855399333333537e+00,9.647000815696025675e-03,1.027832252509252448e-03
3.100353669816666713e+00,9.680086419281962520e-03,1.419852125742276060e-03
3.102851940299999889e+00,9.713360252616211679e-03,1.811871998975299889e-03
3.105350210783333509e+00,9.746823868948420108e-03,2.203891872208393540e-03
3.107848481266666685e+00,9.780478571124771175e-03,2.595911745441417152e-03
3.110346751749999861e+00,9.814325939056305417e-03,2.987931618674440765e-03
3.112845022233333481e+00,9.848367303281283999e-03,3.379951491907534199e-03
3.115343292716666657e+00,9.882604270990979350e-03,3.771971365140557812e-03
3.117841563199999833e+00,9.917038201039837103e-03,4.163991238373581857e-03
3.120339833683333453e+00,9.951670728534697113e-03,4.556011111606674858e-03
3.122838104166666628e+00,9.986503241286680613e-03,4.948030984839698471e-03
3.125336374649999804e+00,1.002153740297136685e-02,5.528870252975241414e-03
3.127834645133333424e+00,1.005677463101389141e-02,6.109709521110888442e-03
3.130332915616666600e+00,1.009221661832836701e-02,6.690548789246432253e-03
3.132831186100000220e+00,1.012786481262990292e-02,7.271388057382078413e-03
3.135329456583333396e+00,1.016372093675924418e-02,7.852227325517623091e-03
3.137827727066666572e+00,1.019978646941533708e-02,8.433066593653166035e-03
3.140325997550000192e+00,1.023606316407225242e-02,9.013905861788813062e-03
3.142824268033333368e+00,1.027255253112573097e-02,9.594745129924356006e-03
3.145322538516666544e+00,1.030925635540854389e-02,1.017558439805989895e-02
3.147820809000000164e+00,1.034617617974562150e-02,1.075642366619554598e-02
3.150319079483333340e+00,1.038331382107486600e-02,1.135284641881619851e-02
3.152817349966666516e+00,1.042067085540171467e-02,1.194926917143684930e-02
3.155315620450000136e+00,1.045824913253551314e-02,1.254569192405760765e-02
3.157813890933333312e+00,1.049605026243585586e-02,1.314211467667825844e-02
3.160312161416666488e+00,1.053407612857005550e-02,1.373853742929891097e-02
3.162810431900000108e+00,1.057232837564624738e-02,1.433496018191966759e-02
3.165308702383333284e+00,1.061080892159851040e-02,1.493138293454032012e-02
3.167806972866666460e+00,1.064951944670043844e-02,1.552780568716097265e-02
3.170305243350000080e+00,1.068846190418325237e-02,1.612422843978172926e-02
3.172803513833333255e+00,1.072763801072555527e-02,1.672065119240238179e-02
3.175301784316666875e+00,1.076704975571030759e-02,1.714716331577585337e-02
3.177800054800000051e+00,1.080669889308318032e-02,1.757367543914925209e-02
3.180298325283333227e+00,1.084658744925729931e-02,1.800018756252265081e-02
3.182796595766666847e+00,1.088671721633213164e-02,1.842669968589612239e-02
3.185294866250000023e+00,1.092709025865327976e-02,1.885321180926952112e-02
3.187793136733333199e+00,1.096770840738635691e-02,1.927972393264291637e-02
3.190291407216666819e+00,1.100857376573741511e-02,1.970623605601638795e-02
3.192789677699999995e+00,1.104968820487544322e-02,2.013274817938978667e-02
3.195287948183333171e+00,1.109105386782091064e-02,2.055926030276318539e-02
3.197786218666666791e+00,1.113267266671128485e-02,2.098577242613665697e-02
3.200284489149999967e+00,1.117454678536257580e-02,2.110680615419290376e-02
3.202782759633333143e+00,1.121667817787173026e-02,2.122783988224915055e-02
3.205281030116666763e+00,1.125906906985955566e-02,2.134887361030542163e-02
3.207779300599999939e+00,1.130172145840313211e-02,2.146990733836166843e-02
3.210277571083333559e+00,1.134463761196586457e-02,2.159094106641793603e-02
3.212775841566666735e+00,1.138781957165410294e-02,2.171197479447418630e-02
3.215274112049999911e+00,1.143126964984147141e-02,2.183300852253043309e-02
3.217772382533333531e+00,1.147498993274369099e-02,2.195404225058670070e-02
3.220270653016666706e+00,1.151898277774315339e-02,2.207507597864295096e-02
3.222768923499999882e+00,1.156325031727563520e-02,2.219610970669919775e-02
3.225267193983333502e+00,1.160779495486206556e-02,2.197137044856827329e-02
3.227765464466666678e+00,1.165261887030217235e-02,2.174663119043732454e-02
3.230263734949999854e+00,1.169772451441858721e-02,2.152189193230637926e-02
3.232762005433333474e+00,1.174311411555120817e-02,2.129715267417539235e-02
3.235260275916666650e+00,1.178879017302115161e-02,2.107241341604444707e-02
3.237758546399999826e+00,1.183475496491995411e-02,2.084767415791349832e-02
3.240256816883333446e+00,1.188101104029940132e-02,2.062293489978251487e-02
3.242755087366666622e+00,1.192756072824877230e-02,2.039819564165156612e-02
3.245253357849999798e+00,1.197440662881891008e-02,2.017345638352062084e-02
3.247751628333333418e+00,1.202155112338106416e-02,1.994871712538963393e-02
3.250249898816666594e+00,1.206899686429000786e-02,1.944782129722869013e-02
3.252748169300000214e+00,1.211674628652069201e-02,1.894692546906765612e-02
3.255246439783333390e+00,1.216480209607649632e-02,1.844602964090670885e-02
3.257744710266666566e+00,1.221316678289716476e-02,1.794513381274576505e-02
3.260242980750000186e+00,1.226184310801850183e-02,1.744423798458473104e-02
3.262741251233333362e+00,1.231083361774704295e-02,1.694334215642378724e-02
3.265239521716666538e+00,1.236014112957689592e-02,1.644244632826283997e-02
3.267737792200000158e+00,1.240976824762514592e-02,1.594155050010180596e-02
3.270236062683333333e+00,1.245971784731283137e-02,1.544065467194086216e-02
3.272734333166666509e+00,1.250999259205463378e-02,1.493975884377991663e-02
3.275232603650000129e+00,1.256059541671130514e-02,1.432081769776693408e-02
3.277730874133333305e+00,1.261152904552810539e-02,1.370187655175404001e-02
3.280229144616666481e+00,1.266279647436383514e-02,1.308293540574114421e-02
3.282727415100000101e+00,1.271440048987313928e-02,1.246399425972814085e-02
3.285225685583333277e+00,1.276634415051853058e-02,1.184505311371524504e-02
3.287723956066666897e+00,1.281863030699218614e-02,1.122611196770224168e-02
3.290222226550000073e+00,1.287126208201505584e-02,1.060717082168934761e-02
3.292720497033333249e+00,1.292424239199354077e-02,9.988229675676451799e-03
3.295218767516666869e+00,1.297757442561321868e-02,9.369288529663448439e-03
3.297717038000000045e+00,1.303126116672333537e-02,8.750347383650552632e-03
3.300215308483333221e+00,1.308530587173244684e-02,8.207143709159408357e-03
3.302713578966666841e+00,1.313971159371512230e-02,7.663940034668166937e-03
3.305211849450000017e+00,1.319448165861520673e-02,7.120736360177022661e-03
3.307710119933333193e+00,1.324961919057061899e-02,6.577532685685878386e-03
3.310208390416666813e+00,1.330512758692931931e-02,6.034329011194637833e-03
3.312706660899999989e+00,1.336101004478736087e-02,5.491125336703493558e-03
3.315204931383333165e+00,1.341727003482440055e-02,4.947921662212348415e-03
3.317703201866666785e+00,1.347391082904898958e-02,4.404717987721107862e-03
3.320201472349999960e+00,1.353093597346012068e-02,3.861514313229963587e-03
3.322699742833333136e+00,1.358834881699461442e-02,3.318310638738819311e-03
3.325198013316666756e+00,1.364615298302087817e-02,3.009304403601858070e-03
3.327696283799999932e+00,1.370435189948431519e-02,2.700298168464993105e-03
3.330194554283333552e+00,1.376294926923740149e-02,2.391291933328073931e-03
3.332692824766666728e+00,1.382194860137911548e-02,2.082285698191208966e-03
3.335191095249999904e+00,1.388135368042900039e-02,1.773279463054344435e-03
3.337689365733333524e+00,1.394116809885362872e-02,1.464273227917424827e-03
3.340187636216666700e+00,1.400139572509102870e-02,1.155266992780559863e-03
3.342685906699999876e+00,1.406204023726056324e-02,8.462607576436953320e-04
3.345184177183333496e+00,1.412310559004272513e-02,5.372545225067757238e-04
3.347682447666666672e+00,1.418459554956790110e-02,2.282482873699112744e-04
3.350180718149999848e+00,1.424651415915797505e-02,2.054234586329217759e-04
3.352678988633333468e+00,1.430886527538895690e-02,1.825986298959282118e-04
3.355177259116666644e+00,1.437165303270043597e-02,1.597738011589387133e-04
3.357675529599999820e+00,1.443488138062769266e-02,1.369489724219491878e-04
3.360173800083333440e+00,1.449855454728500928e-02,1.141241436849556507e-04
3.362672070566666616e+00,1.456267657776180897e-02,9.129931494796615231e-05
3.365170341050000236e+00,1.462725179648763536e-02,6.847448621097258813e-05
3.367668611533333412e+00,1.469228434678709547e-02,4.564965747398308971e-05
3.370166882016666587e+00,1.475777865213104452e-02,2.282482873699356418e-05
3.372665152500000207e+00,1.482373895684821301e-02,0.000000000000000000e+00
3.375163422983333383e+00,1.489016978626733594e-02,1.552873721914129358e-04
3.377661693466666559e+00,1.495707548858112891e-02,3.105747443828258715e-04
3.380159963950000179e+00,1.502446069388634932e-02,4.658621165742664002e-04
3.382658234433333355e+00,1.509232985719448014e-02,6.211494887656793902e-04
3.385156504916666531e+00,1.516068771637665152e-02,7.764368609570923259e-04
3.387654775400000151e+00,1.522953883631709103e-02,9.317242331485328004e-04
3.390153045883333327e+00,1.529888806576780967e-02,1.087011605339945845e-03
3.392651316366666503e+00,1.536874008264151395e-02,1.242298977531358780e-03
3.395149586850000123e+00,1.543909984978237074e-02,1.397586349722799255e-03
3.397647857333333299e+00,1.550997216139372685e-02,1.552873721914212191e-03
3.400146127816666475e+00,1.558136209773082308e-02,2.048638286694617894e-03
3.402644398300000095e+00,1.565327457265998368e-02,2.544402851475112068e-03
3.405142668783333271e+00,1.572571478727936845e-02,3.040167416255518205e-03
3.407640939266666891e+00,1.579868777860515133e-02,3.535931981036012379e-03
3.410139209750000067e+00,1.587219887212661454e-02,4.031696545816417648e-03
3.412637480233333243e+00,1.594625323161575139e-02,4.527461110596824219e-03
3.415135750716666863e+00,1.602085631062260748e-02,5.023225675377318393e-03
3.417634021200000038e+00,1.609601340340442027e-02,5.518990240157724096e-03
3.420132291683333214e+00,1.617173009536771941e-02,6.014754804938129799e-03
3.422630562166666834e+00,1.624801181511311213e-02,6.510519369718623973e-03
3.425128832650000010e+00,1.632486428382998872e-02,7.337170479449737354e-03
3.427627103133333186e+00,1.640229306845402205e-02,8.163821589180851601e-03
3.430125373616666806e+00,1.648030403002029992e-02,8.990472698912111565e-03
3.432623644099999982e+00,1.655890287792956966e-02,9.817123808643225813e-03
3.435121914583333158e+00,1.663809561726702080e-02,1.064377491837433833e-02
3.437620185066666778e+00,1.671788810417369764e-02,1.147042602810560002e-02
3.440118455549999954e+00,1.679828649213596301e-02,1.229707713783671254e-02
3.442616726033333130e+00,1.687929678845980982e-02,1.312372824756782505e-02
3.445114996516666750e+00,1.696092529953761169e-02,1.395037935729908675e-02
3.447613266999999926e+00,1.704317818842096890e-02,1.477703046703020100e-02
3.450111537483333546e+00,1.712606191907230235e-02,1.579484506818587888e-02
3.452609807966666722e+00,1.720958281503237250e-02,1.681265966934137462e-02
3.455108078449999898e+00,1.729374750266260419e-02,1.783047427049687383e-02
3.457606348933333518e+00,1.737856247090543635e-02,1.884828887165254999e-02
3.460104619416666694e+00,1.746403451352339029e-02,1.986610347280804573e-02
3.462602889899999870e+00,1.755017028994868347e-02,2.088391807396354494e-02
3.465101160383333490e+00,1.763697676652614330e-02,2.190173267511922109e-02
3.467599430866666665e+00,1.772446077844947246e-02,2.291954727627471683e-02
3.470097701349999841e+00,1.781262947001348643e-02,2.393736187743021604e-02
3.472595971833333461e+00,1.790148985763521244e-02,2.495517647858589219e-02
3.475094242316666637e+00,1.799104926912239305e-02,2.595518043267704134e-02
3.477592512799999813e+00,1.808131490777610539e-02,2.695518438676818701e-02
3.480090783283333433e+00,1.817229429068176541e-02,2.795518834085951310e-02
3.482589053766666609e+00,1.826399481389131760e-02,2.895519229495066224e-02
3.485087324250000229e+00,1.835642418974443510e-02,2.995519624904198486e-02
3.487585594733333405e+00,1.844959001312685212e-02,3.095520020313313400e-02
3.490083865216666581e+00,1.854350019782790432e-02,3.195520415722428315e-02
3.492582135700000201e+00,1.863816254387412955e-02,3.295520811131560923e-02
3.495080406183333377e+00,1.873358517292959824e-02,3.395521206540675491e-02
3.497578676666666553e+00,1.882977609670219432e-02,3.495521601949790058e-02
3.500076947150000173e+00,1.892674365139505877e-02,3.572436454728783461e-02
3.502575217633333349e+00,1.902449606718191466e-02,3.649351307507758824e-02
3.505073488116666525e+00,1.912304190171701043e-02,3.726266160286734880e-02
3.507571758600000145e+00,1.922238961067906232e-02,3.803181013065723426e-02
3.510070029083333321e+00,1.932254798034550164e-02,3.880095865844699482e-02
3.512568299566666497e+00,1.942352569920369892e-02,3.957010718623674844e-02
3.515066570050000117e+00,1.952533178959717924e-02,4.033925571402664084e-02
3.517564840533333292e+00,1.962797518040201514e-02,4.110840424181639446e-02
3.520063111016666468e+00,1.973146513775296193e-02,4.187755276960614809e-02
3.522561381500000088e+00,1.983581083878340270e-02,4.264670129739604049e-02
3.525059651983333264e+00,1.994102180143873110e-02,4.302329337819574273e-02
3.527557922466666884e+00,2.004710745927934176e-02,4.339988545899551436e-02
3.530056192950000060e+00,2.015407759038824811e-02,4.377647753979521661e-02
3.532554463433333236e+00,2.026194189323642092e-02,4.415306962059491885e-02
3.535052733916666856e+00,2.037071041469212807e-02,4.452966170139468355e-02
3.537551004400000032e+00,2.048039312694810779e-02,4.490625378219438579e-02
3.540049274883333208e+00,2.059100035464141165e-02,4.528284586299409498e-02
3.542547545366666828e+00,2.070254235283985889e-02,4.565943794379385967e-02
3.545045815850000004e+00,2.081502973328159395e-02,4.603603002459356192e-02
3.547544086333333180e+00,2.092847304342146039e-02,4.641262210539326416e-02
3.550042356816666800e+00,2.104288319179616409e-02,4.632195615043425280e-02
3.552540627299999976e+00,2.115827102813202382e-02,4.623129019547516511e-02
3.555038897783333152e+00,2.127464776784472600e-02,4.614062424051608435e-02
3.557537168266666772e+00,2.139202457320651604e-02,4.604995828555698278e-02
3.560035438749999948e+00,2.151041297699042565e-02,4.595929233059790203e-02
3.562533709233333568e+00,2.162982446469792139e-02,4.586862637563880046e-02
3.565031979716666743e+00,2.175027089735474123e-02,4.577796042067971971e-02
3.567530250199999919e+00,2.187176409480007591e-02,4.568729446572063202e-02
3.570028520683333539e+00,2.199431625764382975e-02,4.559662851076153045e-02
3.572526791166666715e+00,2.211793955161787256e-02,4.550596255580244970e-02
3.575025061649999891e+00,2.224264652870336714e-02,4.497208313116210499e-02
3.577523332133333511e+00,2.236844971254546913e-02,4.443820370652165619e-02
3.580021602616666687e+00,2.249536201876059169e-02,4.390432428188131148e-02
3.582519873099999863e+00,2.262339634141546582e-02,4.337044485724096676e-02
3.585018143583333483e+00,2.275256597252460836e-02,4.283656543260051797e-02
3.587516414066666659e+00,2.288288418959481818e-02,4.230268600796017325e-02
3.590014684549999835e+00,2.301436467432289856e-02,4.176880658331982854e-02
3.592512955033333455e+00,2.314702110120797976e-02,4.123492715867938668e-02
3.595011225516666631e+00,2.328086755546076095e-02,4.070104773403903503e-02
3.597509495999999807e+00,2.341591812268408943e-02,4.016716830939869032e-02
3.600007766483333427e+00,2.355218730600442886e-02,3.930230221175781691e-02
3.602506036966666603e+00,2.368968961682561825e-02,3.843743611411704758e-02
3.605004307450000223e+00,2.382843999119129211e-02,3.757257001647611866e-02
3.607502577933333399e+00,2.396845338161608663e-02,3.670770391883534239e-02
3.610000848416666575e+00,2.410974517268980530e-02,3.584283782119457307e-02
3.612499118900000195e+00,2.425233077398957285e-02,3.497797172355364415e-02
3.614997389383333370e+00,2.439622603493787206e-02,3.411310562591286788e-02
3.617495659866666546e+00,2.454144683879856334e-02,3.324823952827209161e-02
3.619993930350000166e+00,2.468800951680212921e-02,3.238337343063116963e-02
3.622492200833333342e+00,2.483593044322943491e-02,3.151850733299039337e-02
3.624990471316666518e+00,2.498522644881607385e-02,3.049594475129179666e-02
3.627488741800000138e+00,2.513591441692936829e-02,2.947338216959301954e-02
3.629987012283333314e+00,2.528801169626432657e-02,2.845081958789442284e-02
3.632485282766666490e+00,2.544153569811946278e-02,2.742825700619582960e-02
3.634983553250000110e+00,2.559650430839811516e-02,2.640569442449704901e-02
3.637481823733333286e+00,2.575293548598816748e-02,2.538313184279845577e-02
3.639980094216666462e+00,2.591084767408306094e-02,2.436056926109985907e-02
3.642478364700000082e+00,2.607025939967173855e-02,2.333800667940108195e-02
3.644976635183333258e+00,2.623118968419363428e-02,2.231544409770248871e-02
3.647474905666666878e+00,2.639365764414655299e-02,2.129288151600370813e-02
3.649973176150000054e+00,2.655768290108959095e-02,2.031089737212196655e-02
3.652471446633333230e+00,2.672328518337719477e-02,1.932891322824022498e-02
3.654969717116666850e+00,2.689048473552553553e-02,1.834692908435830994e-02
3.657467987600000026e+00,2.705930192108083748e-02,1.736494494047656836e-02
3.659966258083333202e+00,2.722975763136591468e-02,1.638296079659482679e-02
3.662464528566666822e+00,2.740187288949122793e-02,1.540097665271291175e-02
3.664962799049999997e+00,2.757566925849902831e-02,1.441899250883117017e-02
3.667461069533333173e+00,2.775116844652640233e-02,1.343700836494943034e-02
3.669959340016666793e+00,2.792839271436437648e-02,1.245502422106751529e-02
3.672457610499999969e+00,2.810736448178455249e-02,1.147304007718577372e-02
3.674955880983333145e+00,2.828810673453094685e-02,1.071709301967465472e-02
3.677454151466666765e+00,2.847064263182158897e-02,9.961145962163400411e-03
3.679952421949999941e+00,2.865499591279277447e-02,9.205198904652281411e-03
3.682450692433333561e+00,2.884119050518672150e-02,8.449251847141027102e-03
3.684948962916666737e+00,2.902925093126916198e-02,7.693304789629907235e-03
3.687447233399999913e+00,2.921920191771730860e-02,6.937357732118788235e-03
3.689945503883333533e+00,2.941106880103016435e-02,6.181410674607533927e-03
3.692443774366666709e+00,2.960487713863119846e-02,5.425463617096414060e-03
3.694942044849999885e+00,2.980065311379458820e-02,4.669516559585295060e-03
3.697440315333333505e+00,2.999842314797701234e-02,3.913569502074041619e-03
3.699938585816666681e+00,3.019821430528301168e-02,3.522212551866658534e-03
3.702436856299999857e+00,3.040005390604252206e-02,3.130855601659275015e-03
3.704935126783333477e+00,3.060396993083923725e-02,2.739498651451822107e-03
3.707433397266666653e+00,3.080999063535238072e-02,2.348141701244439022e-03
3.709931667749999828e+00,3.101814495397266225e-02,1.956784751037055504e-03
3.712429938233333448e+00,3.122846211592703730e-02,1.565427800829602596e-03
3.714928208716666624e+00,3.144097204851040162e-02,1.174070850622219511e-03
3.717426479199999800e+00,3.165570499451216685e-02,7.827139004148364262e-04
3.719924749683333420e+00,3.187269191509202459e-02,3.913569502073835187e-04
3.722423020166666596e+00,3.209196410853165649e-02,0.000000000000000000e+00
3.724921290650000216e+00,3.231355361278215321e-02,3.768677829115415139e-05
3.727419561133333392e+00,3.253749282556447214e-02,7.537355658230160784e-05
3.729917831616666568e+00,3.276381490662109292e-02,1.130603348734490575e-04
3.732416102100000188e+00,3.299255339918943236e-02,1.507471131646032157e-04
3.734914372583333364e+00,3.322374263198997479e-02,1.884338914557506653e-04
3.737412643066666540e+00,3.345741734209960183e-02,2.261206697468981150e-04
3.739910913550000160e+00,3.369361307671215472e-02,2.638074480380522596e-04
3.742409184033333336e+00,3.393236581743892810e-02,3.014942263291997093e-04
3.744907454516666512e+00,3.417371238187768417e-02,3.391810046203471590e-04
3.747405725000000132e+00,3.441769004937329096e-02,3.768677829115013307e-04
3.749903995483333308e+00,3.466433696243202689e-02,9.780224567396246863e-04
3.752402265966666484e+00,3.491369175397508046e-02,1.579177130567747988e-03
3.754900536450000104e+00,3.516579394863986879e-02,2.180331804395977974e-03
3.757398806933333280e+00,3.542068359156099605e-02,2.781486478224101493e-03
3.759897077416666900e+00,3.567840164960236343e-02,3.382641152052331696e-03
3.762395347900000075e+00,3.593898964170207794e-02,3.983795825880455214e-03
3.764893618383333251e+00,3.620249004008133792e-02,4.584950499708578299e-03
3.767391888866666871e+00,3.646894590219489779e-02,5.186105173536808936e-03
3.769890159350000047e+00,3.673840127196348337e-02,5.787259847364932021e-03
3.772388429833333223e+00,3.701090081337279902e-02,6.388414521193055973e-03
3.774886700316666843e+00,3.728649021178193079e-02,7.584130006279036010e-03
3.777384970800000019e+00,3.756521580921629716e-02,8.779845491364908494e-03
3.779883241283333195e+00,3.784712500580618422e-02,9.975560976450780978e-03
3.782381511766666815e+00,3.813226589682327389e-02,1.117127646153686683e-02
3.784879782249999991e+00,3.842068767430645987e-02,1.236699194662273932e-02
3.787378052733333167e+00,3.871244026589541060e-02,1.356270743170861354e-02
3.789876323216666787e+00,3.900757473670449921e-02,1.475842291679469939e-02
3.792374593699999963e+00,3.930614293000953691e-02,1.595413840188057014e-02
3.794872864183333139e+00,3.960819786943511889e-02,1.714985388696644436e-02
3.797371134666666759e+00,3.991379340155502831e-02,1.834556937205253022e-02
3.799869405149999935e+00,4.022298459846255364e-02,2.006234756061036836e-02
3.802367675633333555e+00,4.053582740234802639e-02,2.177912574916851529e-02
3.804865946116666731e+00,4.085237902852588421e-02,2.349590393772635344e-02
3.807364216599999907e+00,4.117269761205992473e-02,2.521268212628419159e-02
3.809862487083333527e+00,4.149684261132392804e-02,2.692946031484233504e-02
3.812360757566666702e+00,4.182487445674838711e-02,2.864623850340017319e-02
3.814859028049999878e+00,4.215685495499954527e-02,3.036301669195801481e-02
3.817357298533333498e+00,4.249284693992667200e-02,3.207979488051615480e-02
3.819855569016666674e+00,4.283291467744668179e-02,3.379657306907399988e-02
3.822353839499999850e+00,4.317712351877794896e-02,3.551335125763183803e-02
3.824852109983333470e+00,4.352554030612584834e-02,3.758169343009978847e-02
3.827350380466666646e+00,4.387823302829377964e-02,3.965003560256743359e-02
3.829848650949999822e+00,4.423527122726923083e-02,4.171837777503507178e-02
3.832346921433333442e+00,4.459672565631115498e-02,4.378671994750308466e-02
3.834845191916666618e+00,4.496266868754422025e-02,4.585506211997072978e-02
3.837343462399999794e+00,4.533317397262554699e-02,4.792340429243837491e-02
3.839841732883333414e+00,4.570831685146421047e-02,4.999174646490638085e-02
3.842340003366666590e+00,4.608817401557846472e-02,5.206008863737403292e-02
3.844838273850000210e+00,4.647282391806211582e-02,5.412843080984203886e-02
3.847336544333333386e+00,4.686234643975509262e-02,5.619677298230968399e-02
3.849834814816666562e+00,4.725682330058663533e-02,5.837080946186216229e-02
3.852333085300000182e+00,4.765633772868767964e-02,6.054484594141502918e-02
3.854831355783333358e+00,4.806097487325205336e-02,6.271888242096751442e-02
3.857329626266666533e+00,4.847082147672932689e-02,6.489291890051998579e-02
3.859827896750000154e+00,4.888596628935319016e-02,6.706695538007285962e-02
3.862326167233333329e+00,4.930649974456443457e-02,6.924099185962534486e-02
3.864824437716666505e+00,4.973251437536688191e-02,7.141502833917781623e-02
3.867322708200000125e+00,5.016410449314068903e-02,7.358906481873069005e-02
3.869820978683333301e+00,5.060136660599708069e-02,7.576310129828317530e-02
3.872319249166666477e+00,5.104439910115360357e-02,7.793713777783564667e-02
3.874817519650000097e+00,5.149330266547289675e-02,7.992617487563218048e-02
3.877315790133333273e+00,5.194817997158404643e-02,8.191521197342832572e-02
3.879814060616666893e+00,5.240913610080225743e-02,8.390424907122481790e-02
3.882312331100000069e+00,5.287627823319499681e-02,8.589328616902094926e-02
3.884810601583333245e+00,5.334971607309476477e-02,8.788232326681709450e-02
3.887308872066666865e+00,5.382956154332319693e-02,8.987136036461360056e-02
3.889807142550000041e+00,5.431592921352367681e-02,9.186039746240973192e-02
3.892305413033333217e+00,5.480893599877351835e-02,9.384943456020587715e-02
3.894803683516666837e+00,5.530870159097962813e-02,9.583847165800236934e-02
3.897301954000000013e+00,5.581534816212618821e-02,9.782750875579851457e-02
3.899800224483333189e+00,5.632900079899585272e-02,9.933902248717275951e-02
3.902298494966666809e+00,5.684978721131695584e-02,1.008505362185472820e-01
3.904796765449999985e+00,5.737783817009366877e-02,1.023620499499215269e-01
3.907295035933333160e+00,5.791328722093844888e-02,1.038735636812957719e-01
3.909793306416666780e+00,5.845627112631237438e-02,1.053850774126702944e-01
3.912291576899999956e+00,5.900692958435255209e-02,1.068965911440445393e-01
3.914789847383333132e+00,5.956540567534790442e-02,1.084081048754187981e-01
3.917288117866666752e+00,6.013184558639324273e-02,1.099196186067933068e-01
3.919786388349999928e+00,6.070639906245114958e-02,1.114311323381675517e-01
3.922284658833333548e+00,6.128921913718956421e-02,1.129426460695420742e-01
3.924782929316666724e+00,6.188046258900798541e-02,1.137338746341752665e-01
3.927281199799999900e+00,6.248028967844494047e-02,1.145251031988084728e-01
3.929779470283333520e+00,6.308886460957287279e-02,1.153163317634418178e-01
3.932277740766666696e+00,6.370635527439232060e-02,1.161075603280750101e-01
3.934776011249999872e+00,6.433293372003390242e-02,1.168987888927082025e-01
3.937274281733333492e+00,6.496877590058723617e-02,1.176900174573415475e-01
3.939772552216666668e+00,6.561406215058236679e-02,1.184812460219747399e-01
3.942270822699999844e+00,6.626897694473674050e-02,1.192724745866079461e-01
3.944769093183333464e+00,6.693370937822594458e-02,1.200637031512412911e-01
3.947267363666666640e+00,6.760845293487255381e-02,1.208549317158744835e-01
3.949765634149999816e+00,6.829340597475254404e-02,1.207872464945211471e-01
3.952263904633333436e+00,6.898877151139169717e-02,1.207195612731677969e-01
3.954762175116666612e+00,6.969475770730171327e-02,1.206518760518144606e-01
3.957260445600000232e+00,7.041157766079272906e-02,1.205841908304611104e-01
3.959758716083333407e+00,7.113944991007736807e-02,1.205165056091077741e-01
3.962256986566666583e+00,7.187859823036078788e-02,1.204488203877544378e-01
3.964755257050000203e+00,7.262925214720354627e-02,1.203811351664010876e-01
3.967253527533333379e+00,7.339164674459849880e-02,1.203134499450477513e-01
3.969751798016666555e+00,7.416602318834143726e-02,1.202457647236944149e-01
3.972250068500000175e+00,7.495262854586529078e-02,1.201780795023410647e-01
3.974748338983333351e+00,7.575171632042235204e-02,1.192655431383739389e-01
3.977246609466666527e+00,7.656354628351060010e-02,1.183530067744068132e-01
3.979744879950000147e+00,7.738838502073905334e-02,1.174404704104395347e-01
3.982243150433333323e+00,7.822650577774602210e-02,1.165279340464724089e-01
3.984741420916666499e+00,7.907818901869169415e-02,1.156153976825052832e-01
3.987239691400000119e+00,7.994372228664191338e-02,1.147028613185380047e-01
3.989737961883333295e+00,8.082340077570689119e-02,1.137903249545708789e-01
3.992236232366666471e+00,8.171752720694615280e-02,1.128777885906037531e-01
3.994734502850000091e+00,8.262641241525532643e-02,1.119652522266364747e-01
3.997232773333333267e+00,8.355037524193399678e-02,1.110527158626693489e-01
3.999731043816666887e+00,8.448974313751343723e-02,1.094946357647112456e-01
4.002229314300000063e+00,8.544485207222257683e-02,1.079365556667533227e-01
4.004727584783333683e+00,8.641604715604653264e-02,1.063784755687951084e-01
4.007225855266666414e+00,8.740368256842964700e-02,1.048203954708374630e-01
4.009724125750000034e+00,8.840812219696125851e-02,1.032623153728792487e-01
4.012222396233333654e+00,8.942973958776198606e-02,1.017042352749210343e-01
4.014720666716666386e+00,9.046891860430836263e-02,1.001461551769633890e-01
4.017218937200000006e+00,9.152605340007068102e-02,9.858807507900517464e-02
4.019717207683333626e+00,9.260154909911211263e-02,9.702999498104697418e-02
4.022215478166666358e+00,9.369582179267121891e-02,9.547191488308931495e-02
4.024713748649999978e+00,9.480929924330808167e-02,9.365963497235901825e-02
4.027212019133333598e+00,9.594242090726731731e-02,9.184735506162862440e-02
4.029710289616666330e+00,9.709563866408275901e-02,9.003507515089886892e-02
4.032208560099999950e+00,9.826941686670942477e-02,8.822279524016847507e-02
4.034706830583333570e+00,9.946423309865694284e-02,8.641051532943808122e-02
4.037205101066666302e+00,1.006805782540377697e-01,8.459823541870833963e-02
4.039703371549999922e+00,1.019189573244697194e-01,8.278595550797794578e-02
4.042201642033333542e+00,1.031798895113622133e-01,8.097367559724755193e-02
4.044699912516666274e+00,1.044639090450070057e-01,7.916139568651781033e-02
4.047198182999999894e+00,1.057715653316134846e-01,7.734911577578741648e-02
4.049696453483333514e+00,1.071034238072014338e-01,7.584021405832513940e-02
4.052194723966666245e+00,1.084600661220956330e-01,7.433131234086340355e-02
4.054692994449999865e+00,1.098420910324416633e-01,7.282241062340112647e-02
4.057191264933333485e+00,1.112501146250855916e-01,7.131350890593884939e-02
4.059689535416667105e+00,1.126847712497557608e-01,6.980460718847658619e-02
4.062187805899999837e+00,1.141467137874801613e-01,6.829570547101485034e-02
4.064686076383333457e+00,1.156366146267133882e-01,6.678680375355257326e-02
4.067184346866667077e+00,1.171551659786878030e-01,6.527790203609029618e-02
4.069682617349999809e+00,1.187030809010120036e-01,6.376900031862856033e-02
4.072180887833333429e+00,1.202810936636081185e-01,6.226009860116628325e-02
4.074679158316667049e+00,1.218899608235718690e-01,6.171839289629081626e-02
4.077177428799999781e+00,1.235304616456159993e-01,6.117668719141554357e-02
4.079675699283333401e+00,1.252033992322562628e-01,6.063498148654007658e-02
4.082173969766667021e+00,1.269096010029617805e-01,6.009327578166460959e-02
4.084672240249999753e+00,1.286499198840151126e-01,5.955157007678933689e-02
4.087170510733333373e+00,1.304252348508605497e-01,5.900986437191387685e-02
4.089668781216666993e+00,1.322364521822798900e-01,5.846815866703840986e-02
4.092167051699999725e+00,1.340845060707231140e-01,5.792645296216313716e-02
4.094665322183333345e+00,1.359703599457395273e-01,5.738474725728767017e-02
4.097163592666666965e+00,1.378950071573734337e-01,5.684304155241220319e-02
4.099661863149999697e+00,1.398594723740870238e-01,5.794947180006603665e-02
4.102160133633333317e+00,1.418648123445964693e-01,5.905590204772026564e-02
4.104658404116666937e+00,1.439121173758104444e-01,6.016233229537449462e-02
4.107156674599999668e+00,1.460025121787671964e-01,6.126876254302832808e-02
4.109654945083333288e+00,1.481371574323845364e-01,6.237519279068255706e-02
4.112153215566666908e+00,1.503172507194168173e-01,6.348162303833679299e-02
4.114651486049999640e+00,1.525440281820586164e-01,6.458805328599062645e-02
4.117149756533333260e+00,1.548187655540656238e-01,6.569448353364484849e-02
4.119648027016666880e+00,1.571427799144562709e-01,6.680091378129907054e-02
4.122146297499999612e+00,1.595174308221121995e-01,6.790734402895291788e-02
4.124644567983333232e+00,1.619441221739600645e-01,7.125347046089484937e-02
4.127142838466666852e+00,1.644243034484685895e-01,7.459959689283758577e-02
4.129641108949999584e+00,1.669594716747423158e-01,7.794572332477914256e-02
4.132139379433333204e+00,1.695511727913264211e-01,8.129184975672187896e-02
4.134637649916666824e+00,1.722010037325769072e-01,8.463797618866461536e-02
4.137135920400000444e+00,1.749106139090422507e-01,8.798410262060735176e-02
4.139634190883333176e+00,1.776817074172457600e-01,9.133022905254889467e-02
4.142132461366666796e+00,1.805160446475841951e-01,9.467635548449163108e-02
4.144630731850000416e+00,1.834154446232199032e-01,9.802248191643438135e-02
4.147129002333333148e+00,1.863817867408709972e-01,1.013686083483759243e-01
4.149627272816666768e+00,1.894170132437947018e-01,1.073495089274498632e-01
4.152125543300000388e+00,1.925231310999623857e-01,1.133304095065238160e-01
4.154623813783333119e+00,1.957022146130480977e-01,1.193113100855956316e-01
4.157122084266666739e+00,1.989564074412004946e-01,1.252922106646695843e-01
4.159620354750000359e+00,2.022879253484271278e-01,1.312731112437435232e-01
4.162118625233333091e+00,2.056990583653773852e-01,1.372540118228153527e-01
4.164616895716666711e+00,2.091921736814105481e-01,1.432349124018892916e-01
4.167115166200000331e+00,2.127697179463585164e-01,1.492158129809632305e-01
4.169613436683333063e+00,2.164342203007293963e-01,1.551967135600350600e-01
4.172111707166666683e+00,2.201882948141459517e-01,1.611776141391089989e-01
4.174609977650000303e+00,2.240346436473751590e-01,1.699029902904611311e-01
4.177108248133333035e+00,2.279760596188330490e-01,1.786283664418101547e-01
4.179606518616666655e+00,2.320154294872115164e-01,1.873537425931622868e-01
4.182104789100000275e+00,2.361557366318328410e-01,1.960791187445144190e-01
4.184603059583333007e+00,2.404000644382784102e-01,2.048044948958634426e-01
4.187101330066666627e+00,2.447515990711558176e-01,2.135298710472155748e-01
4.189599600550000247e+00,2.492136329369606940e-01,2.222552471985677069e-01
4.192097871033332979e+00,2.537895675185918853e-01,2.309806233499167305e-01
4.194596141516666599e+00,2.584829168792724952e-01,2.397059995012688627e-01
4.197094412000000219e+00,2.632973105164361227e-01,2.484313756526209949e-01
4.199592682483332950e+00,2.682364968573729413e-01,2.596719417552107445e-01
4.202090952966666570e+00,2.733043460753369902e-01,2.709125078578045187e-01
4.204589223450000190e+00,2.785048535110375978e-01,2.821530739603982929e-01
4.207087493933332922e+00,2.838421423753049178e-01,2.933936400629880703e-01
4.209585764416666542e+00,2.893204670098475373e-01,3.046342061655818445e-01
4.212084034900000162e+00,2.949442153777309117e-01,3.158747722681756187e-01
4.214582305383333782e+00,3.007179120510996007e-01,3.271153383707693929e-01
4.217080575866666514e+00,3.066462203620877736e-01,3.383559044733591703e-01
4.219578846350000134e+00,3.127339449733916865e-01,3.495964705759529445e-01
4.222077116833333754e+00,3.189860335269252278e-01,3.608370366785467187e-01
4.224575387316666486e+00,3.254075786140037674e-01,3.740179304536883631e-01
4.227073657800000106e+00,3.320038187157698384e-01,3.871988242288347259e-01
4.229571928283333726e+00,3.387801393419258011e-01,4.003797180039810333e-01
4.232070198766666458e+00,3.457420730042106150e-01,4.135606117791227332e-01
4.234568469250000078e+00,3.528952992345452122e-01,4.267415055542690405e-01
4.237066739733333698e+00,3.602456432690200328e-01,4.399223993294154034e-01
4.239565010216666430e+00,3.677990745863178867e-01,4.531032931045570478e-01
4.242063280700000050e+00,3.755617039030553217e-01,4.662841868797034106e-01
4.244561551183333670e+00,3.835397797896862859e-01,4.794650806548497179e-01
4.247059821666666402e+00,3.917396834869139588e-01,4.926459744299913623e-01
4.249558092150000022e+00,4.001679230572860457e-01,5.068910238304050742e-01
4.252056362633333642e+00,4.088311254251859039e-01,5.211360732308188970e-01
4.254554633116666373e+00,4.177360274066130863e-01,5.353811226312276128e-01
4.257052903599999993e+00,4.268894642508214710e-01,5.496261720316413246e-01
4.259551174083333613e+00,4.362983567575116073e-01,5.638712214320551475e-01
4.262049444566666345e+00,4.459696954561361282e-01,5.781162708324638633e-01
4.264547715049999965e+00,4.559105228691391898e-01,5.923613202328775751e-01
4.267045985533333585e+00,4.661279123062814778e-01,6.066063696332913979e-01
4.269544256016666317e+00,4.766289441665734206e-01,6.208514190337000027e-01
4.272042526499999937e+00,4.874206781527878340e-01,6.350964684341138256e-01
4.274540796983333557e+00,4.985101223279186367e-01,6.493183516981615444e-01
4.277039067466666289e+00,5.099041973756855972e-01,6.635402349622041562e-01
4.279537337949999909e+00,5.216096969481510692e-01,6.777621182262518751e-01
4.282035608433333529e+00,5.336332424224459192e-01,6.919840014902995939e-01
4.284533878916666261e+00,5.459812329085574900e-01,7.062058847543422058e-01
4.287032149399999881e+00,5.586597887981751276e-01,7.204277680183899246e-01
4.289530419883333501e+00,5.716746896671078826e-01,7.346496512824375325e-01
4.292028690366667121e+00,5.850313048051800635e-01,7.488715345464852513e-01
4.294526960849999853e+00,5.987345171776518038e-01,7.630934178105278631e-01
4.297025231333333473e+00,6.127886391028267710e-01,7.773153010745755820e-01
4.299523501816667093e+00,6.271973204751091213e-01,7.903387931058741822e-01
4.302021772299999824e+00,6.419634478704506764e-01,8.033622851371682305e-01
4.304520042783333444e+00,6.570890354390578336e-01,8.163857771684668307e-01
4.307018313266667064e+00,6.725751060348831301e-01,8.294092691997655420e-01
4.309516583749999796e+00,6.884215636336651345e-01,8.424327612310594793e-01
4.312014854233333416e+00,7.046270556847809008e-01,8.554562532623581905e-01
4.314513124716667036e+00,7.211888266914535661e-01,8.684797452936567907e-01
4.317011395199999768e+00,7.381025619694308038e-01,8.815032373249507280e-01
4.319509665683333388e+00,7.553622232440326822e-01,8.945267293562494393e-01
4.322007936166667008e+00,7.729598754762720958e-01,9.075502213875480395e-01
4.324506206649999740e+00,7.908855070912967911e-01,9.182503963890487064e-01
4.327004477133333360e+00,8.091268435989427132e-01,9.289505713905531481e-01
4.329502747616666980e+00,8.276691574592798251e-01,9.396507463920577008e-01
4.332001018099999712e+00,8.464950749521108486e-01,9.503509213935583677e-01
4.334499288583333332e+00,8.655843837514941574e-01,9.610510963950628094e-01
4.336997559066666952e+00,8.849138428934518741e-01,9.717512713965673621e-01
4.339495829549999684e+00,9.044569998289201385e-01,9.824514463980680290e-01
4.341994100033333304e+00,9.241840172942660248e-01,9.931516213995724707e-01
4.344492370516666924e+00,9.440615157571391469e-01,1.003851796401076912e+00
4.346990640999999655e+00,9.640524352344278514e-01,1.014551971402577690e+00
4.349488911483333275e+00,9.841159232560805492e-01,1.021987336054829276e+00
4.351987181966666896e+00,1.004207253699719526e+00,1.029422700707079752e+00
4.354485452449999627e+00,1.024277784046242035e+00,1.036858065359327341e+00
4.356983722933333247e+00,1.044274956350741412e+00,1.044293430011577817e+00
4.359481993416666867e+00,1.064142349763705919e+00,1.051728794663828292e+00
4.361980263899999599e+00,1.083819789831521163e+00,1.059164159316076104e+00
4.364478534383333219e+00,1.103243521913690239e+00,1.066599523968326579e+00
4.366976804866666839e+00,1.122346452953401297e+00,1.074034888620576833e+00
4.369475075350000459e+00,1.141058467381606434e+00,1.081470253272827309e+00
4.371973345833333191e+00,1.159306819229703134e+00,1.088905617925075120e+00
4.374471616316666811e+00,1.177016603430798725e+00,1.092427768294794932e+00
4.376969886800000431e+00,1.194111304954972308e+00,1.095949918664514966e+00
4.379468157283333163e+00,1.210513424726355813e+00,1.099472069034233668e+00
4.381966427766666783e+00,1.226145176414502602e+00,1.102994219403953480e+00
4.384464698250000403e+00,1.240929248082129899e+00,1.106516369773673514e+00
4.386962968733333135e+00,1.254789617569784133e+00,1.110038520143392216e+00
4.389461239216666755e+00,1.267652410332706481e+00,1.113560670513112028e+00
4.391959509700000375e+00,1.279446783530090670e+00,1.117082820882832062e+00
4.394457780183333107e+00,1.290105820438067985e+00,1.120604971252550541e+00
4.396956050666666727e+00,1.299567415055514097e+00,1.124127121622270575e+00
4.399454321150000347e+00,1.307775128010442600e+00,1.123452988655284424e+00
4.401952591633333078e+00,1.314678991885620096e+00,1.122778855688298494e+00
4.404450862116666698e+00,1.320236246719701079e+00,1.122104722721312342e+00
4.406949132600000318e+00,1.324411984989170454e+00,1.121430589754326190e+00
4.409447403083333050e+00,1.327179689598325441e+00,1.120756456787340261e+00
4.411945673566666670e+00,1.328521648511713948e+00,1.120082323820354109e+00
4.414443944050000290e+00,1.328429235310163214e+00,1.119408190853367957e+00
4.416942214533333022e+00,1.326903046276744158e+00,1.118734057886382027e+00
4.419440485016666642e+00,1.323952891183387326e+00,1.118059924919395876e+00
4.421938755500000262e+00,1.319597636845741384e+00,1.117385791952409724e+00
4.424437025983332994e+00,1.313864909250388902e+00,1.112624712869416888e+00
4.426935296466666614e+00,1.306790661731441983e+00,1.107863633786422497e+00
4.429433566950000234e+00,1.298418622790103116e+00,1.103102554703428106e+00
4.431931837433332966e+00,1.288799637864381786e+00,1.098341475620435270e+00
4.434430107916666586e+00,1.277990924222376590e+00,1.093580396537440880e+00
4.436928378400000206e+00,1.266055257419953284e+00,1.088819317454446489e+00
4.439426648883332938e+00,1.253060111062245685e+00,1.084058238371453653e+00
4.441924919366666558e+00,1.239076769293641522e+00,1.079297159288459262e+00
4.444423189850000178e+00,1.224179433214363399e+00,1.074536080205464650e+00
4.446921460333332909e+00,1.208444338729754097e+00,1.069775001122472036e+00
4.449419730816666529e+00,1.191948903927444015e+00,1.061409431768199241e+00
4.451918001300000149e+00,1.174770919450779827e+00,1.053043862413925336e+00
4.454416271783333769e+00,1.156987795248009210e+00,1.044678293059651208e+00
4.456914542266666501e+00,1.138675872047496318e+00,1.036312723705380190e+00
4.459412812750000121e+00,1.119909805665854741e+00,1.027947154351106285e+00
4.461911083233333741e+00,1.100762027309143409e+00,1.019581584996832380e+00
4.464409353716666473e+00,1.081302283053119151e+00,1.011216015642561361e+00
4.466907624200000093e+00,1.061597251171739753e+00,1.002850446288287234e+00
4.469405894683333713e+00,1.041710236541832035e+00,9.944848769340133288e-01
4.471904165166666445e+00,1.021700937443856816e+00,9.861193075797423102e-01
4.474402435650000065e+00,1.001625281269112433e+00,9.749438585433102267e-01
4.476900706133333685e+00,9.815353223721179354e-01,9.637684095068781431e-01
4.479398976616666417e+00,9.614791970968314949e-01,9.525929604704499454e-01
4.481897247100000037e+00,9.415011282909724333e-01,9.414175114340178618e-01
4.484395517583333657e+00,9.216414738990887923e-01,9.302420623975857783e-01
4.486893788066666389e+00,9.019368119330301026e-01,9.190666133611576916e-01
4.489392058550000009e+00,8.824200567357015634e-01,9.078911643247256080e-01
4.491890329033333629e+00,8.631205994370019230e-01,8.967157152882934135e-01
4.494388599516666361e+00,8.440644683169299389e-01,8.855402662518653267e-01
4.496886869999999981e+00,8.252745029175290181e-01,8.743648172154332432e-01
4.499385140483333601e+00,8.067705386430796821e-01,8.613927338450539928e-01
4.501883410966666332e+00,7.885695967571404452e-01,8.484206504746794053e-01
4.504381681449999952e+00,7.706860775800610242e-01,8.354485671043001549e-01
4.506879951933333572e+00,7.531319528343176639e-01,8.224764837339209045e-01
4.509378222416666304e+00,7.359169559248452952e-01,8.095044003635463170e-01
4.511876492899999924e+00,7.190487670212448723e-01,7.965323169931670666e-01
4.514374763383333544e+00,7.025331925670206257e-01,7.835602336227878162e-01
4.516873033866666276e+00,6.863743368406663992e-01,7.705881502524132287e-01
4.519371304349999896e+00,6.705747658626345364e-01,7.576160668820339783e-01
4.521869574833333516e+00,6.551356618610685301e-01,7.446439835116547279e-01
4.524367845316666248e+00,6.400569690937574219e-01,7.309929357834992203e-01
4.526866115799999868e+00,6.253375296699679176e-01,7.173418880553388277e-01
4.529364386283333488e+00,6.109752105265527922e-01,7.036908403271785462e-01
4.531862656766667108e+00,5.969670204986862183e-01,6.900397925990181536e-01
4.534360927249999840e+00,5.833092188757308394e-01,6.763887448708626460e-01
4.536859197733333460e+00,5.699974145718790242e-01,6.627376971427023644e-01
4.539357468216667080e+00,5.570266574439990404e-01,6.490866494145419718e-01
4.541855738699999812e+00,5.443915209940216604e-01,6.354356016863864642e-01
4.544354009183333432e+00,5.320861780604253521e-01,6.217845539582261827e-01
4.546852279666667052e+00,5.201044687848728199e-01,6.081335062300657901e-01
4.549350550149999783e+00,5.084399624815013619e-01,5.949037317664140900e-01
4.551848820633333403e+00,4.970860127031808684e-01,5.816739573027576160e-01
4.554347091116667023e+00,4.860358071224464283e-01,5.684441828391011420e-01
4.556845361599999755e+00,4.752824115036295982e-01,5.552144083754494419e-01
4.559343632083333375e+00,4.648188093538466181e-01,5.419846339117929679e-01
4.561841902566666995e+00,4.546379364962442327e-01,5.287548594481366049e-01
4.564340173049999727e+00,4.447327121119389881e-01,5.155250849844847938e-01
4.566838443533333347e+00,4.350960654532284866e-01,5.022953105208283198e-01
4.569336714016666967e+00,4.257209597284612457e-01,4.890655360571719568e-01
4.571834984499999699e+00,4.166004123177968199e-01,4.758357615935202012e-01
4.574333254983333319e+00,4.077275127735828786e-01,4.639935524734092320e-01
4.576831525466666939e+00,3.990954377220811700e-01,4.521513433532987625e-01
4.579329795949999671e+00,3.906974640756026296e-01,4.403091342331925118e-01
4.581828066433333291e+00,3.825269796321515425e-01,4.284669251130820977e-01
4.584326336916666911e+00,3.745774924304768327e-01,4.166247159929716282e-01
4.586824607399999643e+00,3.668426379019215644e-01,4.047825068728653775e-01
4.589322877883333263e+00,3.593161851500359383e-01,3.929402977527549079e-01
4.591821148366666883e+00,3.519920413680009963e-01,3.810980886326444939e-01
4.594319418849999614e+00,3.448642556923219860e-01,3.692558795125382431e-01
4.596817689333333234e+00,3.379270214758851032e-01,3.574136703924277736e-01
4.599315959816666854e+00,3.311746782506436171e-01,3.476922706980827837e-01
4.601814230299999586e+00,3.246017123402401006e-01,3.379708710037412356e-01
4.604312500783333206e+00,3.182027573686429522e-01,3.282494713093962457e-01
4.606810771266666826e+00,3.119725936061210070e-01,3.185280716150512559e-01
4.609309041750000446e+00,3.059061473780595453e-01,3.088066719207062660e-01
4.611807312233333178e+00,2.999984894623413667e-01,2.990852722263647734e-01
4.614305582716666798e+00,2.942448336833923261e-01,2.893638725320197835e-01
4.616803853200000418e+00,2.886405346159638396e-01,2.796424728376747937e-01
4.619302123683333150e+00,2.831810855920987580e-01,2.699210731433332455e-01
4.621800394166666770e+00,2.778621159142214969e-01,2.601996734489882557e-01
4.624298664650000390e+00,2.726793884554982728e-01,2.530280827267654686e-01
4.626796935133333122e+00,2.676287965424151705e-01,2.458564920045452074e-01
4.629295205616666742e+00,2.627063612903885459e-01,2.386849012823223926e-01
4.631793476100000362e+00,2.579082282811741011e-01,2.315133105600995778e-01
4.634291746583333094e+00,2.532306647441998626e-01,2.243417198378793165e-01
4.636790017066666714e+00,2.486700561259054532e-01,2.171701291156565294e-01
4.639288287550000334e+00,2.442229032019014867e-01,2.099985383934337146e-01
4.641786558033333066e+00,2.398858186125729930e-01,2.028269476712134534e-01
4.644284828516666686e+00,2.356555239707694149e-01,1.956553569489906663e-01
4.646783099000000306e+00,2.315288464197585439e-01,1.884837662267678515e-01
4.649281369483333037e+00,2.275027157848394099e-01,1.839517420461161956e-01
4.651779639966666657e+00,2.235741611951796437e-01,1.794197178654629021e-01
4.654277910450000277e+00,2.197403083147814740e-01,1.748876936848096364e-01
4.656776180933333009e+00,2.159983760581988266e-01,1.703556695041579527e-01
4.659274451416666629e+00,2.123456739260373982e-01,1.658236453235046870e-01
4.661772721900000249e+00,2.087795988354627930e-01,1.612916211428513935e-01
4.664270992383332981e+00,2.052976325773754052e-01,1.567595969621997098e-01
4.666769262866666601e+00,2.018973387755147453e-01,1.522275727815464441e-01
4.669267533350000221e+00,1.985763604761815460e-01,1.476955486008931784e-01
4.671765803833332953e+00,1.953324172442329476e-01,1.431635244202414947e-01
4.674264074316666573e+00,1.921633028913892205e-01,1.410280958064638601e-01
4.676762344800000193e+00,1.890668827131791185e-01,1.388926671926870582e-01
4.679260615283332925e+00,1.860410913581765913e-01,1.367572385789110057e-01
4.681758885766666545e+00,1.830839302067417407e-01,1.346218099651342037e-01
4.684257156250000165e+00,1.801934653807474862e-01,1.324863813513574295e-01
4.686755426733333785e+00,1.773678252625650875e-01,1.303509527375806276e-01
4.689253697216666517e+00,1.746051986427780978e-01,1.282155241238045751e-01
4.691751967700000137e+00,1.719038323761006293e-01,1.260800955100277732e-01
4.694250238183333757e+00,1.692620296630885091e-01,1.239446668962509851e-01
4.696748508666666488e+00,1.666781478384230242e-01,1.218092382824749464e-01
4.699246779150000108e+00,1.641505967815854727e-01,1.215440966308625331e-01
4.701745049633333728e+00,1.616778368320845871e-01,1.212789549792501337e-01
4.704243320116666460e+00,1.592583773233652022e-01,1.210138133276378175e-01
4.706741590600000080e+00,1.568907746190060237e-01,1.207486716760254181e-01
4.709239861083333700e+00,1.545736307637093632e-01,1.204835300244130047e-01
4.711738131566666432e+00,1.523055916341848337e-01,1.202183883728006886e-01
4.714236402050000052e+00,1.500853457008492209e-01,1.199532467211882891e-01
4.716734672533333672e+00,1.479116222869766850e-01,1.196881050695758758e-01
4.719232943016666404e+00,1.457831904346814922e-01,1.194229634179635735e-01
4.721731213500000024e+00,1.436988572659168018e-01,1.191578217663511602e-01
4.724229483983333644e+00,1.416574669463696035e-01,1.200420077342936875e-01
4.726727754466666376e+00,1.396578991419975269e-01,1.209261937022358957e-01
4.729226024949999996e+00,1.376990680746055240e-01,1.218103796701784092e-01
4.731724295433333616e+00,1.357799210677869406e-01,1.226945656381209365e-01
4.734222565916666348e+00,1.338994376881593174e-01,1.235787516060631447e-01
4.736720836399999968e+00,1.320566283748019210e-01,1.244629375740056720e-01
4.739219106883333588e+00,1.302505336603736741e-01,1.253471235419481855e-01
4.741717377366666319e+00,1.284802228784032163e-01,1.262313095098903937e-01
4.744215647849999939e+00,1.267447934587873359e-01,1.271154954778329349e-01
4.746713918333333559e+00,1.250433697075707951e-01,1.279996814457754484e-01
4.749212188816666291e+00,1.233751021716122109e-01,1.292363044784723691e-01
4.751710459299999911e+00,1.217391664857871147e-01,1.304729275111697340e-01
4.754208729783333531e+00,1.201347628019052011e-01,1.317095505438670988e-01
4.756707000266666263e+00,1.185611146985665609e-01,1.329461735765640196e-01
4.759205270749999883e+00,1.170174686697112026e-01,1.341827966092613844e-01
4.761703541233333503e+00,1.155030930926531640e-01,1.354194196419587215e-01
4.764201811716667123e+00,1.140172777719367786e-01,1.366560426746560863e-01
4.766700082199999855e+00,1.125593329613625154e-01,1.378926657073530071e-01
4.769198352683333475e+00,1.111285889591067944e-01,1.391292887400503719e-01
4.771696623166667095e+00,1.097243951798330397e-01,1.403659117727477368e-01
4.774194893649999827e+00,1.083461197973079881e-01,1.412158806328684124e-01
4.776693164133333447e+00,1.069931488629581734e-01,1.420658494929893934e-01
4.779191434616667067e+00,1.056648859924742972e-01,1.429158183531103743e-01
4.781689705099999799e+00,1.043607515274316000e-01,1.437657872132310499e-01
4.784187975583333419e+00,1.030801822626232211e-01,1.446157560733520309e-01
4.786686246066667039e+00,1.018226306476010395e-01,1.454657249334730396e-01
4.789184516549999771e+00,1.005875645517140954e-01,1.463156937935937152e-01
4.791682787033333391e+00,9.937446650265552295e-02,1.471656626537146961e-01
4.794181057516667011e+00,9.818283348640310937e-02,1.480156315138356771e-01
4.796679327999999742e+00,9.701217622006907959e-02,1.488656003739563527e-01
4.799177598483333362e+00,9.586201898414721534e-02,1.487765052990471515e-01
4.801675868966666982e+00,9.473189892716499250e-02,1.486874102241379503e-01
4.804174139449999714e+00,9.362136592783125433e-02,1.485983151492287768e-01
4.806672409933333334e+00,9.252998192917681608e-02,1.485092200743195756e-01
4.809170680416666954e+00,9.145732082837926269e-02,1.484201249994103744e-01
4.811668950899999686e+00,9.040296783825078897e-02,1.483310299245012009e-01
4.814167221383333306e+00,8.936651940268361405e-02,1.482419348495919997e-01
4.816665491866666926e+00,8.834758258350457194e-02,1.481528397746827985e-01
4.819163762349999658e+00,8.734577499964080172e-02,1.480637446997736251e-01
4.821662032833333278e+00,8.636072423751110783e-02,1.479746496248644239e-01
4.824160303316666898e+00,8.539206781215515074e-02,1.466821750158216198e-01
4.826658573799999630e+00,8.443945259947013837e-02,1.453897004067792598e-01
4.829156844283333250e+00,8.350253481768001029e-02,1.440972257977364279e-01
4.831655114766666870e+00,8.258097947985498788e-02,1.428047511886936238e-01
4.834153385249999602e+00,8.167446039422045223e-02,1.415122765796512638e-01
4.836651655733333222e+00,8.078265963551591045e-02,1.402198019706084597e-01
4.839149926216666842e+00,7.990526756275805054e-02,1.389273273615656557e-01
4.841648196700000462e+00,7.904198230810323411e-02,1.376348527525228238e-01
4.844146467183333193e+00,7.819250981078586238e-02,1.363423781434804638e-01
4.846644737666666813e+00,7.735656332225167298e-02,1.350499035344376597e-01
4.849143008150000433e+00,7.653386345508687849e-02,1.326295042064759844e-01
4.851641278633333165e+00,7.572413770328446925e-02,1.302091048785151417e-01
4.854139549116666785e+00,7.492712050507099875e-02,1.277887055505534664e-01
4.856637819600000405e+00,7.414255277725087523e-02,1.253683062225917633e-01
4.859136090083333137e+00,7.337018199092194826e-02,1.229479068946309483e-01
4.861634360566666757e+00,7.260976171892434550e-02,1.205275075666692591e-01
4.864132631050000377e+00,7.186105172351074655e-02,1.181071082387075699e-01
4.866630901533333109e+00,7.112381751599951285e-02,1.156867089107467411e-01
4.869129172016666729e+00,7.039783045553553442e-02,1.132663095827850519e-01
4.871627442500000349e+00,6.968286732011599871e-02,1.108459102548233627e-01
4.874125712983333081e+00,6.897871041564365702e-02,1.076965842731713863e-01
4.876623983466666701e+00,6.828514715755398812e-02,1.045472582915182858e-01
4.879122253950000321e+00,6.760197018942291913e-02,1.013979323098651852e-01
4.881620524433333053e+00,6.692897697448238481e-02,9.824860632821319495e-02
4.884118794916666673e+00,6.626596992309970180e-02,9.509928034656009443e-02
4.886617065400000293e+00,6.561275599352139887e-02,9.194995436490699392e-02
4.889115335883333024e+00,6.496914682759144521e-02,8.880062838325501751e-02
4.891613606366666644e+00,6.433495836011281221e-02,8.565130240160191699e-02
4.894111876850000264e+00,6.371001096221960702e-02,8.250197641994881648e-02
4.896610147333332996e+00,6.309412905879002720e-02,7.935265043829684006e-02
4.899108417816666616e+00,6.248714127892937564e-02,7.610247587585276807e-02
4.901606688300000236e+00,6.188888008091072285e-02,7.285230131340866833e-02
4.904104958783332968e+00,6.129918190926750970e-02,6.960212675096572044e-02
4.906603229266666588e+00,6.071788682677523724e-02,6.635195218852162069e-02
4.909101499750000208e+00,6.014483867768657954e-02,6.310177762607752094e-02
4.911599770233332940e+00,5.957988472630511984e-02,5.985160306363457999e-02
4.914098040716666560e+00,5.902287582593156168e-02,5.660142850119048025e-02
4.916596311200000180e+00,5.847366606361040914e-02,5.335125393874638050e-02
4.919094581683332912e+00,5.793211293438835230e-02,5.010107937630343261e-02
4.921592852166666532e+00,5.739807699184461959e-02,4.685090481385933286e-02
4.924091122650000152e+00,5.687142202729020962e-02,4.418481926668350185e-02
4.926589393133333772e+00,5.635201472572345938e-02,4.151873371950767083e-02
4.929087663616666504e+00,5.583972484962378136e-02,3.885264817233279044e-02
4.931585934100000124e+00,5.533442489999855496e-02,3.618656262515695943e-02
4.934084204583333744e+00,5.483599030445179129e-02,3.352047707798112841e-02
4.936582475066666476e+00,5.434429908301105505e-02,3.085439153080624455e-02
4.939080745550000096e+00,5.385923204017412091e-02,2.818830598363041701e-02
4.941579016033333716e+00,5.338067243522683081e-02,2.552222043645458599e-02
4.944077286516666447e+00,5.290850617799200406e-02,2.285613488927970213e-02
4.946575557000000067e+00,5.244262150336943817e-02,2.019004934210387112e-02
4.949073827483333687e+00,5.198290917053062510e-02,1.861269053679926941e-02
4.951572097966666419e+00,5.152926214143052630e-02,1.703533173149522975e-02
4.954070368450000039e+00,5.108157578320934866e-02,1.545797292619062978e-02
4.956568638933333659e+00,5.063974755044482745e-02,1.388061412088602981e-02
4.959066909416666391e+00,5.020367719053788619e-02,1.230325531558199015e-02
4.961565179900000011e+00,4.977326642948848301e-02,1.072589651027738844e-02
4.964063450383333631e+00,4.934841918005999223e-02,9.148537704972788467e-03
4.966561720866666363e+00,4.892904123087610940e-02,7.571178899668748810e-03
4.969059991349999983e+00,4.851504045717115049e-02,5.993820094364148837e-03
4.971558261833333603e+00,4.810632651302093610e-02,4.416461289059548864e-03
4.974056532316666335e+00,4.770281104449976273e-02,3.974815160153704133e-03
4.976554802799999955e+00,4.730440738486939301e-02,3.533169031247701975e-03
4.979053073283333575e+00,4.691103076997633903e-02,3.091522902341699817e-03
4.981551343766666307e+00,4.652259803623580436e-02,2.649876773435855086e-03
4.984049614249999927e+00,4.613902783811254377e-02,2.208230644529852928e-03
4.986547884733333547e+00,4.576024034874833640e-02,1.766584515623850771e-03
4.989046155216666278e+00,4.538615747938197498e-02,1.324938386718005606e-03
4.991544425699999898e+00,4.501670258247610773e-02,8.832922578120038816e-04
4.994042696183333518e+00,4.465180067294179100e-02,4.416461289060017240e-04
4.996540966666666250e+00,4.429137813363260429e-02,1.569924745759010420e-16
4.999039237149999870e+00,4.393536293824692324e-02,0.000000000000000000e+00
5.001537507633333490e+00,4.358368435906449789e-02,0.000000000000000000e+00
5.004035778116667110e+00,4.323627319140898456e-02,0.000000000000000000e+00
5.006534048599999842e+00,4.289306146351224563e-02,0.000000000000000000e+00
5.009032319083333462e+00,4.255398266242536864e-02,0.000000000000000000e+00
5.011530589566667082e+00,4.221897144590128215e-02,0.000000000000000000e+00
5.014028860049999814e+00,4.188796386965421698e-02,0.000000000000000000e+00
5.016527130533333434e+00,4.156089710115833114e-02,0.000000000000000000e+00
5.019025401016667054e+00,4.123770964815740014e-02,0.000000000000000000e+00
5.021523671499999786e+00,4.091834107428589384e-02,0.000000000000000000e+00
5.024021941983333406e+00,4.060273222873964083e-02,0.000000000000000000e+00
5.026520212466667026e+00,4.029082496363017157e-02,0.000000000000000000e+00
5.029018482949999758e+00,3.998256236473116121e-02,0.000000000000000000e+00
5.031516753433333378e+00,3.967788847048295958e-02,0.000000000000000000e+00
5.034015023916666998e+00,3.937674850373831109e-02,0.000000000000000000e+00
5.036513294399999729e+00,3.907908859233597682e-02,0.000000000000000000e+00
5.039011564883333349e+00,3.878485600177334486e-02,0.000000000000000000e+00
5.041509835366666969e+00,3.849399885727716047e-02,0.000000000000000000e+00
5.044008105849999701e+00,3.820646637733230572e-02,0.000000000000000000e+00
5.046506376333333321e+00,3.792220859718187925e-02,0.000000000000000000e+00
5.049004646816666941e+00,3.764117660314716257e-02,0.000000000000000000e+00
5.051502917299999673e+00,3.736332225749307290e-02,0.000000000000000000e+00
5.054001187783333293e+00,3.708859843347907248e-02,0.000000000000000000e+00
5.056499458266666913e+00,3.681695874152835640e-02,0.000000000000000000e+00
5.058997728749999645e+00,3.654835776495427013e-02,0.000000000000000000e+00
5.061495999233333265e+00,3.628275078737569492e-02,0.000000000000000000e+00
5.063994269716666885e+00,3.602009402906605068e-02,0.000000000000000000e+00
5.066492540199999617e+00,3.576034437556199069e-02,0.000000000000000000e+00
5.068990810683333237e+00,3.550345961458421101e-02,0.000000000000000000e+00
5.071489081166666857e+00,3.524939816578993856e-02,0.000000000000000000e+00
5.073987351649999589e+00,3.499811931821922989e-02,0.000000000000000000e+00
5.076485622133333209e+00,3.474958296114241674e-02,0.000000000000000000e+00
5.078983892616666829e+00,3.450374982198996243e-02,0.000000000000000000e+00
5.081482163100000449e+00,3.426058119824999804e-02,0.000000000000000000e+00
5.083980433583333181e+00,3.402003919583915237e-02,0.000000000000000000e+00
5.086478704066666801e+00,3.378208646201021070e-02,0.000000000000000000e+00
5.088976974550000421e+00,3.354668642412451246e-02,0.000000000000000000e+00
5.091475245033333152e+00,3.331380302353034034e-02,0.000000000000000000e+00
5.093973515516666772e+00,3.308340095470103936e-02,0.000000000000000000e+00
5.096471786000000392e+00,3.285544540004599334e-02,0.000000000000000000e+00
5.098970056483333124e+00,3.262990226938158878e-02,4.194273617470333101e-04
5.101468326966666744e+00,3.240673793563970950e-02,8.388547234942156979e-04
5.103966597450000364e+00,3.218591947463849551e-02,1.258282085241398248e-03
5.106464867933333096e+00,3.196741440165649234e-02,1.677709446988431396e-03
5.108963138416666716e+00,3.175119091147286798e-02,2.097136808735613946e-03
5.111461408900000336e+00,3.153721761577538141e-02,2.516564170482796497e-03
5.113959679383333068e+00,3.132546378344312765e-02,2.935991532229829861e-03
5.116457949866666688e+00,3.111589907875756886e-02,3.355418893977011978e-03
5.118956220350000308e+00,3.090849380190222040e-02,3.774846255724194528e-03
5.121454490833333040e+00,3.070321862794903392e-02,4.194273617471227893e-03
5.123952761316666660e+00,3.050004484754901407e-02,5.605285418516800858e-03
5.126451031800000280e+00,3.029894410666885210e-02,7.016297219562726839e-03
5.128949302283333012e+00,3.009988864744834666e-02,8.427309020608151485e-03
5.131447572766666632e+00,2.990285104866268265e-02,9.838320821654075732e-03
5.133945843250000252e+00,2.970780446672513161e-02,1.124933262270000345e-02
5.136444113733332983e+00,2.951472237685052666e-02,1.266034442374542809e-02
5.138942384216666603e+00,2.932357881418314050e-02,1.407135622479135234e-02
5.141440654700000223e+00,2.913434811563910334e-02,1.548236802583727659e-02
5.143938925183332955e+00,2.894700516113912422e-02,1.689337982688270123e-02
5.146437195666666575e+00,2.876152511611045764e-02,1.830439162792862895e-02
5.148935466150000195e+00,2.857788367280509126e-02,2.049987670863235786e-02
5.151433736633332927e+00,2.839605679344078121e-02,2.269536178933530615e-02
5.153932007116666547e+00,2.821602095158837198e-02,2.489084687003903507e-02
5.156430277600000167e+00,2.803775287593279417e-02,2.708633195074276051e-02
5.158928548083333787e+00,2.786122979171404626e-02,2.928181703144649289e-02
5.161426818566666519e+00,2.768642916508786897e-02,3.147730211214944118e-02
5.163925089050000139e+00,2.751332894460645564e-02,3.367278719285316663e-02
5.166423359533333759e+00,2.734190730616408924e-02,3.586827227355689207e-02
5.168921630016666491e+00,2.717214289449952982e-02,3.806375735425984730e-02
5.171419900500000111e+00,2.700401456871193498e-02,4.025924243496357274e-02
5.173918170983333731e+00,2.683750164377230601e-02,4.258055936414227582e-02
5.176416441466666463e+00,2.667258363659296902e-02,4.490187629332016012e-02
5.178914711950000083e+00,2.650924050753569391e-02,4.722319322249886320e-02
5.181412982433333703e+00,2.634745240702119143e-02,4.954451015167757322e-02
5.183911252916666434e+00,2.618719991702066208e-02,5.186582708085545057e-02
5.186409523400000054e+00,2.602846379819142783e-02,5.418714401003416059e-02
5.188907793883333675e+00,2.587122523134193983e-02,5.650846093921286367e-02
5.191406064366666406e+00,2.571546556507925407e-02,5.882977786839074102e-02
5.193904334850000026e+00,2.556116655723689526e-02,6.115109479756944411e-02
5.196402605333333646e+00,2.540831012302216529e-02,6.347241172674815413e-02
5.198900875816666378e+00,2.525687857639666301e-02,6.515156116285562848e-02
5.201399146299999998e+00,2.510685437871127898e-02,6.683071059896369959e-02
5.203897416783333618e+00,2.495822038002997942e-02,6.850986003507177069e-02
5.206395687266666350e+00,2.481095956824174581e-02,7.018900947117924505e-02
5.208893957749999970e+00,2.466505531031780094e-02,7.186815890728731615e-02
5.211392228233333590e+00,2.452049110189030712e-02,7.354730834339537338e-02
5.213890498716666322e+00,2.437725080843463482e-02,7.522645777950284773e-02
5.216388769199999942e+00,2.423531841530414746e-02,7.690560721561091884e-02
5.218887039683333562e+00,2.409467826882984165e-02,7.858475665171898994e-02
5.221385310166666294e+00,2.395531482680188923e-02,8.026390608782646430e-02
5.223883580649999914e+00,2.381721289947860004e-02,8.072447190456834287e-02
5.226381851133333534e+00,2.368035740050514204e-02,8.118503772130979124e-02
5.228880121616666266e+00,2.354473358782562323e-02,8.164560353805107307e-02
5.231378392099999886e+00,2.341032681502934823e-02,8.210616935479250755e-02
5.233876662583333506e+00,2.327712277215982298e-02,8.256673517153395592e-02
5.236374933066667126e+00,2.314510723748059232e-02,8.302730098827540428e-02
5.238873203549999857e+00,2.301426631817313564e-02,8.348786680501668611e-02
5.241371474033333477e+00,2.288458620251602321e-02,8.394843262175812060e-02
5.243869744516667097e+00,2.275605340046540914e-02,8.440899843849956896e-02
5.246368014999999829e+00,2.262865449623866973e-02,8.486956425524085079e-02
5.248866285483333449e+00,2.250237638877300092e-02,8.393381753401854550e-02
5.251364555966667069e+00,2.237720604470633604e-02,8.299807081279622634e-02
5.253862826449999801e+00,2.225313073870822597e-02,8.206232409157424024e-02
5.256361096933333421e+00,2.213013780685083032e-02,8.112657737035193495e-02
5.258859367416667041e+00,2.200821488680777122e-02,8.019083064912962966e-02
5.261357637899999773e+00,2.188734967160764142e-02,7.925508392790764356e-02
5.263855908383333393e+00,2.176753014969701888e-02,7.831933720668532439e-02
5.266354178866667013e+00,2.164874435906996228e-02,7.738359048546301910e-02
5.268852449349999745e+00,2.153098062718997868e-02,7.644784376424104688e-02
5.271350719833333365e+00,2.141422732548993110e-02,7.551209704301872772e-02
5.273848990316666985e+00,2.129847310914923311e-02,7.347366749439354638e-02
5.276347260799999717e+00,2.118370667195748278e-02,7.143523794576910058e-02
5.278845531283333337e+00,2.106991698594254392e-02,6.939680839714391924e-02
5.281343801766666957e+00,2.095709305659427743e-02,6.735837884851873791e-02
5.283842072249999688e+00,2.084522416233832581e-02,6.531994929989427823e-02
5.286340342733333308e+00,2.073429961011378359e-02,6.328151975126911077e-02
5.288838613216666928e+00,2.062430897469088448e-02,6.124309020264392944e-02
5.291336883699999660e+00,2.051524185459674757e-02,5.920466065401946976e-02
5.293835154183333280e+00,2.040708811127365727e-02,5.716623110539428843e-02
5.296333424666666900e+00,2.029983762534784755e-02,5.512780155676911403e-02
5.298831695149999632e+00,2.019348053562521061e-02,5.266869911577793523e-02
5.301329965633333252e+00,2.008800699569878584e-02,5.020959667478588906e-02
5.303828236116666872e+00,1.998340741277866012e-02,4.775049423379383595e-02
5.306326506599999604e+00,1.987967220463346743e-02,4.529139179280266408e-02
5.308824777083333224e+00,1.977679203825219792e-02,4.283228935181061098e-02
5.311323047566666844e+00,1.967475758711494452e-02,4.037318691081856481e-02
5.313821318050000464e+00,1.957355976968429626e-02,3.791408446982651170e-02
5.316319588533333196e+00,1.947318950700085982e-02,3.545498202883533290e-02
5.318817859016666816e+00,1.937363796100149624e-02,3.299587958784328673e-02
5.321316129500000436e+00,1.927489629243688690e-02,3.053677714685123709e-02
5.323814399983333168e+00,1.917695589901322745e-02,2.849125795805247316e-02
5.326312670466666788e+00,1.907980817362738696e-02,2.644573876925298064e-02
5.328810940950000408e+00,1.898344474233178147e-02,2.440021958045348813e-02
5.331309211433333139e+00,1.888785722288188057e-02,2.235470039165472073e-02
5.333807481916666760e+00,1.879303746252226903e-02,2.030918120285522821e-02
5.336305752400000380e+00,1.869897729684383628e-02,1.826366201405573569e-02
5.338804022883333111e+00,1.860566878738869126e-02,1.621814282525697176e-02
5.341302293366666731e+00,1.851310398081336059e-02,1.417262363645748272e-02
5.343800563850000351e+00,1.842127514631043683e-02,1.212710444765799020e-02
5.346298834333333083e+00,1.833017453507528732e-02,1.008158525885922280e-02
5.348797104816666703e+00,1.823979461754297524e-02,9.073426732972861980e-03
5.351295375300000323e+00,1.815012784315394798e-02,8.065268207086868923e-03
5.353793645783333055e+00,1.806116687740554061e-02,7.057109681201234955e-03
5.356291916266666675e+00,1.797290436191357338e-02,6.048951155315241898e-03
5.358790186750000295e+00,1.788533315127675480e-02,5.040792629429248842e-03
5.361288457233333027e+00,1.779844607343163132e-02,4.032634103543614006e-03
5.363786727716666647e+00,1.771223616632780148e-02,3.024475577657620949e-03
5.366284998200000267e+00,1.762669643857351157e-02,2.016317051771627025e-03
5.368783268683332999e+00,1.754182010592103547e-02,1.008158525885993057e-03
5.371281539166666619e+00,1.745760035219964812e-02,0.000000000000000000e+00
5.373779809650000239e+00,1.737403056560999498e-02,0.000000000000000000e+00
5.376278080133332971e+00,1.729110409994134151e-02,0.000000000000000000e+00
5.378776350616666591e+00,1.720881451067491838e-02,0.000000000000000000e+00
5.381274621100000211e+00,1.712715531648191167e-02,0.000000000000000000e+00
5.383772891583332942e+00,1.704612023513488173e-02,0.000000000000000000e+00
5.386271162066666562e+00,1.696570294528454426e-02,0.000000000000000000e+00
5.388769432550000182e+00,1.688589732217763914e-02,0.000000000000000000e+00
5.391267703033332914e+00,1.680669719971026113e-02,0.000000000000000000e+00
5.393765973516666534e+00,1.672809660595123843e-02,0.000000000000000000e+00
5.396264244000000154e+00,1.665008952547017765e-02,0.000000000000000000e+00
5.398762514483333774e+00,1.657267013466576927e-02,0.000000000000000000e+00
5.401260784966666506e+00,1.649583256436417539e-02,0.000000000000000000e+00
5.403759055450000126e+00,1.641957113495276163e-02,0.000000000000000000e+00
5.406257325933333746e+00,1.634388011924803319e-02,0.000000000000000000e+00
5.408755596416666478e+00,1.626875397743298216e-02,0.000000000000000000e+00
5.411253866900000098e+00,1.619418712019221954e-02,0.000000000000000000e+00
5.413752137383333718e+00,1.612017414345161270e-02,0.000000000000000000e+00
5.416250407866666450e+00,1.604670959177915274e-02,0.000000000000000000e+00
5.418748678350000070e+00,1.597378819292752383e-02,0.000000000000000000e+00
5.421246948833333690e+00,1.590140462149727818e-02,0.000000000000000000e+00
5.423745219316666422e+00,1.582955373328179954e-02,0.000000000000000000e+00
5.426243489800000042e+00,1.575823032919133893e-02,0.000000000000000000e+00
5.428741760283333662e+00,1.568742938940002885e-02,0.000000000000000000e+00
5.431240030766666393e+00,1.561714583752812045e-02,0.000000000000000000e+00
5.433738301250000013e+00,1.554737477459155678e-02,0.000000000000000000e+00
5.436236571733333633e+00,1.547811124343971730e-02,0.000000000000000000e+00
5.438734842216666365e+00,1.540935046250732632e-02,0.000000000000000000e+00
5.441233112699999985e+00,1.534108759050685153e-02,0.000000000000000000e+00
5.443731383183333605e+00,1.527331795998091053e-02,0.000000000000000000e+00
5.446229653666666337e+00,1.520603684224864152e-02,0.000000000000000000e+00
5.448727924149999957e+00,1.513923968075801645e-02,0.000000000000000000e+00
5.451226194633333577e+00,1.507292185628367545e-02,0.000000000000000000e+00
5.453724465116666309e+00,1.500707892008065758e-02,0.000000000000000000e+00
5.456222735599999929e+00,1.494170635933081762e-02,0.000000000000000000e+00
5.458721006083333549e+00,1.487679983009762910e-02,0.000000000000000000e+00
5.461219276566666281e+00,1.481235492301967611e-02,0.000000000000000000e+00
5.463717547049999901e+00,1.474836739606649044e-02,0.000000000000000000e+00
5.466215817533333521e+00,1.468483294047824919e-02,0.000000000000000000e+00
5.468714088016666253e+00,1.462174741332170069e-02,0.000000000000000000e+00
5.471212358499999873e+00,1.455910660367379893e-02,0.000000000000000000e+00
5.473710628983333493e+00,1.449690646497888043e-02,0.000000000000000000e+00
5.476208899466667113e+00,1.443514288147466559e-02,0.000000000000000000e+00
5.478707169949999845e+00,1.437381190034988168e-02,0.000000000000000000e+00
5.481205440433333465e+00,1.431290949841111659e-02,0.000000000000000000e+00
5.483703710916667085e+00,1.425243181404159398e-02,0.000000000000000000e+00
5.486201981399999816e+00,1.419237491410723674e-02,0.000000000000000000e+00
5.488700251883333436e+00,1.413273502571576676e-02,0.000000000000000000e+00
5.491198522366667056e+00,1.407350830336115237e-02,0.000000000000000000e+00
5.493696792849999788e+00,1.401469106048372666e-02,0.000000000000000000e+00
5.496195063333333408e+00,1.395627953685035436e-02,0.000000000000000000e+00
5.498693333816667028e+00,1.389827012991618274e-02,0.000000000000000000e+00
5.501191604299999760e+00,1.384065916243913154e-02,0.000000000000000000e+00
5.503689874783333380e+00,1.378344311364347076e-02,0.000000000000000000e+00
5.506188145266667000e+00,1.372661838706757537e-02,0.000000000000000000e+00
5.508686415749999732e+00,1.367018154152831351e-02,0.000000000000000000e+00
5.511184686233333352e+00,1.361412905920147791e-02,0.000000000000000000e+00
5.513682956716666972e+00,1.355845757638777724e-02,0.000000000000000000e+00
5.516181227199999704e+00,1.350316365182317561e-02,0.000000000000000000e+00
5.518679497683333324e+00,1.344824399724777776e-02,0.000000000000000000e+00
5.521177768166666944e+00,1.339369524594453964e-02,0.000000000000000000e+00
5.523676038649999676e+00,1.333951418311058075e-02,0.000000000000000000e+00
5.526174309133333296e+00,1.328569751462393631e-02,0.000000000000000000e+00
5.528672579616666916e+00,1.323224209721696534e-02,0.000000000000000000e+00
5.531170850099999647e+00,1.317914470747001861e-02,0.000000000000000000e+00
5.533669120583333267e+00,1.312640227178688175e-02,0.000000000000000000e+00
5.536167391066666887e+00,1.307401163561465809e-02,0.000000000000000000e+00
5.538665661549999619e+00,1.302196979322161122e-02,0.000000000000000000e+00
5.541163932033333239e+00,1.297027365714066918e-02,0.000000000000000000e+00
5.543662202516666859e+00,1.291892028775117919e-02,0.000000000000000000e+00
5.546160472999999591e+00,1.286790666294534285e-02,0.000000000000000000e+00
5.548658743483333211e+00,1.281722990751318382e-02,0.000000000000000000e+00
5.551157013966666831e+00,1.276688706303002324e-02,0.000000000000000000e+00
5.553655284450000451e+00,1.271687531704654602e-02,0.000000000000000000e+00
5.556153554933333183e+00,1.266719177319588184e-02,0.000000000000000000e+00
5.558651825416666803e+00,1.261783368018811434e-02,0.000000000000000000e+00
5.561150095900000423e+00,1.256879820213633800e-02,0.000000000000000000e+00
5.563648366383333155e+00,1.252008264735610978e-02,0.000000000000000000e+00
5.566146636866666775e+00,1.247168423890964231e-02,0.000000000000000000e+00
5.568644907350000395e+00,1.242360034321000894e-02,0.000000000000000000e+00
5.571143177833333127e+00,1.237582824078184603e-02,0.000000000000000000e+00
5.573641448316666747e+00,1.232836535467196973e-02,1.736754515700588862e-04
5.576139718800000367e+00,1.228120902142514417e-02,3.473509031401177723e-04
5.578637989283333098e+00,1.223435671930017329e-02,5.210263547101148590e-04
5.581136259766666718e+00,1.218780583946104182e-02,6.947018062801737451e-04
5.583634530250000338e+00,1.214155391399911015e-02,8.683772578502326313e-04
5.586132800733333070e+00,1.209559838733720478e-02,1.042052709420229718e-03
5.588631071216666690e+00,1.204993684405944107e-02,1.215728160990288713e-03
5.591129341700000310e+00,1.200456678052655608e-02,1.389403612560347490e-03
5.593627612183333042e+00,1.195948583251359686e-02,1.563079064130344685e-03
5.596125882666666662e+00,1.191469154703670916e-02,1.736754515700403463e-03
5.598624153150000282e+00,1.187018160979811873e-02,2.438211202719359552e-03
5.601122423633333014e+00,1.182595361722304714e-02,3.139667889738065841e-03
5.603620694116666634e+00,1.178200530371277532e-02,3.841124576757022364e-03
5.606118964600000254e+00,1.173833431389096141e-02,4.542581263775978019e-03
5.608617235083332986e+00,1.169493842966572161e-02,5.244037950794684308e-03
5.611115505566666606e+00,1.165181534268266289e-02,5.945494637813641264e-03
5.613613776050000226e+00,1.160896288119732736e-02,6.646951324832596486e-03
5.616112046533332958e+00,1.156637878273487560e-02,7.348408011851303642e-03
5.618610317016666578e+00,1.152406092077183641e-02,8.049864698870260599e-03
5.621108587500000198e+00,1.148200707760214066e-02,8.751321385889215820e-03
5.623606857983332930e+00,1.144021517082864300e-02,9.783338639666381426e-03
5.626105128466666550e+00,1.139868302643474648e-02,1.081535589344391479e-02
5.628603398950000170e+00,1.135740860508592520e-02,1.184737314722144816e-02
5.631101669433333790e+00,1.131638977540568199e-02,1.287939040099898153e-02
5.633599939916666521e+00,1.127562454008771732e-02,1.391140765477614887e-02
5.636098210400000141e+00,1.123511080937539784e-02,1.494342490855368223e-02
5.638596480883333761e+00,1.119484662698610848e-02,1.597544216233121733e-02
5.641094751366666493e+00,1.115482994379072418e-02,1.700745941610838294e-02
5.643593021850000113e+00,1.111505884355243334e-02,1.803947666988591630e-02
5.646091292333333733e+00,1.107553131680615206e-02,1.907149392366344967e-02
5.648589562816666465e+00,1.103624548640984304e-02,2.001925752695483604e-02
5.651087833300000085e+00,1.099719938162473966e-02,2.096702113024655548e-02
5.653586103783333705e+00,1.095839116347920375e-02,2.191478473353827838e-02
5.656084374266666437e+00,1.091981889904874298e-02,2.286254833682966128e-02
5.658582644750000057e+00,1.088148078663330950e-02,2.381031194012138419e-02
5.661080915233333677e+00,1.084337493023528574e-02,2.475807554341310709e-02
5.663579185716666409e+00,1.080549956455149202e-02,2.570583914670448999e-02
5.666077456200000029e+00,1.076785282964851098e-02,2.665360274999621290e-02
5.668575726683333649e+00,1.073043299576961068e-02,2.760136635328793581e-02
5.671073997166666381e+00,1.069323823820571631e-02,2.854912995657931871e-02
5.673572267650000001e+00,1.065626686191850463e-02,2.903493687154159661e-02
5.676070538133333621e+00,1.061951707660666391e-02,2.952074378650370798e-02
5.678568808616666352e+00,1.058298722114518059e-02,3.000655070146564934e-02
5.681067079099999972e+00,1.054667553884540247e-02,3.049235761642776071e-02
5.683565349583333592e+00,1.051058040171143522e-02,3.097816453138987555e-02
5.686063620066666324e+00,1.047470008589438534e-02,3.146397144635181692e-02
5.688561890549999944e+00,1.043903299576481696e-02,3.194977836131392829e-02
5.691060161033333564e+00,1.040357743956016844e-02,3.243558527627603966e-02
5.693558431516666296e+00,1.036833185327536155e-02,3.292139219123798449e-02
5.696056701999999916e+00,1.033329457650140198e-02,3.340719910620009586e-02
5.698554972483333536e+00,1.029846407613465263e-02,3.324883607405811764e-02
5.701053242966666268e+00,1.026383872240660411e-02,3.309047304191619493e-02
5.703551513449999888e+00,1.022941701241144620e-02,3.293211000977421671e-02
5.706049783933333508e+00,1.019519734632632312e-02,3.277374697763223849e-02
5.708548054416667128e+00,1.016117825075862902e-02,3.261538394549025333e-02
5.711046324899999860e+00,1.012735815515497691e-02,3.245702091334833062e-02
5.713544595383333480e+00,1.009373561496871609e-02,3.229865788120635239e-02
5.716042865866667100e+00,1.006030908825735620e-02,3.214029484906437417e-02
5.718541136349999832e+00,1.002707715867109592e-02,3.198193181692245146e-02
5.721039406833333452e+00,9.994038312236955268e-03,3.182356878478047324e-02
5.723537677316667072e+00,9.961191160168988631e-03,3.109192306301638425e-02
5.726035947799999803e+00,9.928534215839432409e-03,3.036027734125255201e-02
5.728534218283333423e+00,9.896066117410338633e-03,2.962863161948846302e-02
5.731032488766667043e+00,9.863785404990594793e-03,2.889698589772437057e-02
5.733530759249999775e+00,9.831690743089991150e-03,2.816534017596054179e-02
5.736029029733333395e+00,9.799780697961217590e-03,2.743369445419645281e-02
5.738527300216667015e+00,9.768053959877611922e-03,2.670204873243236035e-02
5.741025570699999747e+00,9.736509120658284541e-03,2.597040301066853157e-02
5.743523841183333367e+00,9.705144895769939745e-03,2.523875728890443912e-02
5.746022111666666987e+00,9.673959902035801292e-03,2.450711156714035013e-02
5.748520382149999719e+00,9.642952879561276017e-03,2.348971051181148254e-02
5.751018652633333339e+00,9.612122469625256072e-03,2.247230945648225411e-02
5.753516923116666959e+00,9.581467436430794044e-03,2.145490840115302222e-02
5.756015193599999691e+00,9.550986445178377693e-03,2.043750734582415463e-02
5.758513464083333311e+00,9.520678283642105763e-03,1.942010629049492620e-02
5.761011734566666931e+00,9.490541640422626296e-03,1.840270523516569778e-02
5.763510005049999663e+00,9.460575326351252159e-03,1.738530417983683019e-02
5.766008275533333283e+00,9.430778052922365179e-03,1.636790312450760176e-02
5.768506546016666903e+00,9.401148653523212773e-03,1.535050206917837161e-02
5.771004816499999635e+00,9.371685862046900267e-03,1.433310101384950401e-02
5.773503086983333255e+00,9.342388533948718654e-03,1.341899284449844625e-02
5.776001357466666875e+00,9.313255425038271390e-03,1.250488467514742491e-02
5.778499627949999606e+00,9.284285412363250944e-03,1.159077650579672797e-02
5.780997898433333226e+00,9.255477273179166589e-03,1.067666833644570837e-02
5.783496168916666846e+00,9.226829905662077211e-03,9.762560167094687033e-03
5.785994439400000466e+00,9.198342108055061403e-03,8.848451997743665698e-03
5.788492709883333198e+00,9.170012799210562268e-03,7.934343828392970491e-03
5.790990980366666818e+00,9.141840797911842537e-03,7.020235659041949156e-03
5.793489250850000438e+00,9.113825043246183422e-03,6.106127489690927820e-03
5.795987521333333170e+00,9.085964374101486093e-03,5.192019320340233481e-03
5.798485791816666790e+00,9.058257749369221304e-03,4.699598950047666548e-03
5.800984062300000410e+00,9.030704027617224988e-03,4.207178579755098749e-03
5.803482332783333142e+00,9.003302187121486194e-03,3.714758209462707024e-03
5.805980603266666762e+00,8.976051105714128939e-03,3.222337839170139658e-03
5.808478873750000382e+00,8.948949780647018695e-03,2.729917468877572292e-03
5.810977144233333114e+00,8.921997108612016170e-03,2.237497098585180134e-03
5.813475414716666734e+00,8.895192105437354710e-03,1.745076728292613202e-03
5.815973685200000354e+00,8.868533686280034162e-03,1.252656358000045836e-03
5.818471955683333086e+00,8.842020885154821749e-03,7.602359877076532435e-04
5.820970226166666706e+00,8.815652635299129486e-03,2.678156174150863114e-04
5.823468496650000326e+00,8.789427988533968922e-03,2.410340556735748234e-04
5.825966767133333057e+00,8.763345895800762203e-03,2.142524939320728493e-04
5.828465037616666677e+00,8.737405426356962060e-03,1.874709321905613612e-04
5.830963308100000297e+00,8.711605548481151859e-03,1.606893704490499003e-04
5.833461578583333029e+00,8.685945348504633609e-03,1.339078087075479262e-04
5.835959849066666649e+00,8.660423811685745085e-03,1.071262469660364382e-04
5.838458119550000269e+00,8.635040041076250117e-03,8.034468522452495017e-05
5.840956390033333001e+00,8.609793038565126053e-03,5.356312348302297603e-05
5.843454660516666621e+00,8.584681923579928070e-03,2.678156174151148801e-05
5.845952931000000241e+00,8.559705714299184823e-03,0.000000000000000000e+00
5.848451201483332973e+00,8.534863546190133224e-03,0.000000000000000000e+00
5.850949471966666593e+00,8.510154453387734283e-03,0.000000000000000000e+00
5.853447742450000213e+00,8.485577587070303185e-03,0.000000000000000000e+00
5.855946012933332945e+00,8.461131997004751534e-03,0.000000000000000000e+00
5.858444283416666565e+00,8.436816849759847317e-03,0.000000000000000000e+00
5.860942553900000185e+00,8.412631210417187422e-03,0.000000000000000000e+00
5.863440824383332917e+00,8.388574260622632187e-03,0.000000000000000000e+00
5.865939094866666537e+00,8.364645080462970034e-03,0.000000000000000000e+00
5.868437365350000157e+00,8.340842866355840587e-03,0.000000000000000000e+00
5.870935635833333777e+00,8.317166713090554456e-03,0.000000000000000000e+00
5.873433906316666508e+00,8.293615831558064436e-03,0.000000000000000000e+00
5.875932176800000128e+00,8.270189330954731341e-03,0.000000000000000000e+00
5.878430447283333748e+00,8.246886436353515967e-03,0.000000000000000000e+00
5.880928717766666480e+00,8.223706271069986667e-03,0.000000000000000000e+00
5.883426988250000100e+00,8.200648074073620120e-03,0.000000000000000000e+00
5.885925258733333720e+00,8.177710982517559860e-03,0.000000000000000000e+00
5.888423529216666452e+00,8.154894248990386674e-03,0.000000000000000000e+00
5.890921799700000072e+00,8.132197024207289682e-03,0.000000000000000000e+00
5.893420070183333692e+00,8.109618574104405370e-03,0.000000000000000000e+00
5.895918340666666424e+00,8.087158062690493962e-03,0.000000000000000000e+00
5.898416611150000044e+00,8.064814768983645868e-03,0.000000000000000000e+00
5.900914881633333664e+00,8.042587870023695795e-03,0.000000000000000000e+00
5.903413152116666396e+00,8.020476657651622737e-03,0.000000000000000000e+00
5.905911422600000016e+00,7.998480321681610689e-03,0.000000000000000000e+00
5.908409693083333636e+00,7.976598166524751995e-03,0.000000000000000000e+00
5.910907963566666368e+00,7.954829394518652189e-03,0.000000000000000000e+00
5.913406234049999988e+00,7.933173322396892130e-03,0.000000000000000000e+00
5.915904504533333608e+00,7.911629164776300127e-03,0.000000000000000000e+00
5.918402775016666340e+00,7.890196250470561321e-03,0.000000000000000000e+00
5.920901045499999960e+00,7.868873806136562205e-03,0.000000000000000000e+00
5.923399315983333580e+00,7.847661172432143784e-03,0.000000000000000000e+00
5.925897586466666311e+00,7.826557587819912148e-03,0.000000000000000000e+00
5.928395856949999931e+00,7.805562404571339367e-03,0.000000000000000000e+00
5.930894127433333551e+00,7.784674872725953244e-03,0.000000000000000000e+00
5.933392397916666283e+00,7.763894355943274338e-03,0.000000000000000000e+00
5.935890668399999903e+00,7.743220115616579989e-03,0.000000000000000000e+00
5.938388938883333523e+00,7.722651526572473640e-03,0.000000000000000000e+00
5.940887209366666255e+00,7.702187861339787785e-03,0.000000000000000000e+00
5.943385479849999875e+00,7.681828505696608640e-03,0.000000000000000000e+00
5.945883750333333495e+00,7.661572743093664033e-03,0.000000000000000000e+00
5.948382020816667115e+00,7.641419970050002987e-03,0.000000000000000000e+00
5.950880291299999847e+00,7.621369480729520661e-03,0.000000000000000000e+00
5.953378561783333467e+00,7.601420682185888733e-03,0.000000000000000000e+00
5.955876832266667087e+00,7.581572879092228663e-03,0.000000000000000000e+00
5.958375102749999819e+00,7.561825488835705739e-03,0.000000000000000000e+00
5.960873373233333439e+00,7.542177826398746912e-03,0.000000000000000000e+00
5.963371643716667059e+00,7.522629319304753939e-03,0.000000000000000000e+00
5.965869914199999791e+00,7.503179292650897017e-03,0.000000000000000000e+00
5.968368184683333411e+00,7.483827183904184603e-03,0.000000000000000000e+00
5.970866455166667031e+00,7.464572328085278610e-03,0.000000000000000000e+00
5.973364725649999762e+00,7.445414172416679917e-03,0.000000000000000000e+00
5.975862996133333382e+00,7.426352061655959631e-03,0.000000000000000000e+00
5.978361266616667002e+00,7.407385452596741172e-03,0.000000000000000000e+00
5.980859537099999734e+00,7.388513699551141171e-03,0.000000000000000000e+00
5.983357807583333354e+00,7.369736268703595827e-03,0.000000000000000000e+00
5.985856078066666974e+00,7.351052523742339709e-03,0.000000000000000000e+00
5.988354348549999706e+00,7.332461940066491851e-03,0.000000000000000000e+00
5.990852619033333326e+00,7.313963890565459633e-03,0.000000000000000000e+00
5.993350889516666946e+00,7.295557859680354071e-03,0.000000000000000000e+00
5.995849159999999678e+00,7.277243229331400304e-03,0.000000000000000000e+00
5.998347430483333298e+00,7.259019492833968315e-03,5.878955660980038768e-05
6.000845700966666918e+00,7.240886040970743488e-03,1.175791132196216869e-04
6.003343971449999650e+00,7.222842375765568118e-03,1.763686698294220610e-04
6.005842241933333270e+00,7.204887896702017423e-03,2.351582264392433738e-04
6.008340512416666890e+00,7.187022114350207630e-03,2.939477830490646324e-04
6.010838782899999622e+00,7.169244436733697781e-03,3.527373396588650472e-04
6.013337053383333242e+00,7.151554382812021736e-03,4.115268962686863328e-04
6.015835323866666862e+00,7.133951368991986626e-03,4.703164528785076185e-04
6.018333594349999593e+00,7.116434922467799670e-03,5.291060094883080333e-04
6.020831864833333213e+00,7.099004467876422406e-03,5.878955660981292648e-04
6.023330135316666833e+00,7.081659540495180427e-03,9.742738932313102073e-04
6.025828405800000453e+00,7.064399573041376355e-03,1.360652220364490933e-03
6.028326676283333185e+00,7.047224108727718171e-03,1.747030547497534616e-03
6.030824946766666805e+00,7.030132588205024319e-03,2.133408874630715341e-03
6.033323217250000425e+00,7.013124562476291159e-03,2.519787201763896284e-03
6.035821487733333157e+00,6.996199479982097291e-03,2.906165528896939750e-03
6.038319758216666777e+00,6.979356899374445505e-03,3.292543856030120258e-03
6.040818028700000397e+00,6.962596276742920830e-03,3.678922183163301635e-03
6.043316299183333129e+00,6.945917178249278422e-03,4.065300510296345100e-03
6.045814569666666749e+00,6.929319067494860152e-03,4.451678837429525609e-03
6.048312840150000369e+00,6.912801518015540721e-03,5.089016283786227182e-03
6.050811110633333101e+00,6.896364000789387098e-03,5.726353730142702374e-03
6.053309381116666721e+00,6.880006096593117328e-03,6.363691176499403947e-03
6.055807651600000341e+00,6.863727283650053988e-03,7.001028622856104652e-03
6.058305922083333073e+00,6.847527149847584815e-03,7.638366069212580711e-03
6.060804192566666693e+00,6.831405180524900179e-03,8.275703515569282284e-03
6.063302463050000313e+00,6.815360970552616048e-03,8.913040961925983857e-03
6.065800733533333045e+00,6.799394012259246840e-03,9.550378408282458181e-03
6.068299004016666665e+00,6.783503907373884118e-03,1.018771585463915975e-02
6.070797274500000285e+00,6.767690155090854039e-03,1.082505330099586133e-02
6.073295544983333016e+00,6.751952363875153400e-03,1.147516410639461658e-02
6.075793815466666636e+00,6.736290039665491190e-03,1.212527491179360428e-02
6.078292085950000256e+00,6.720702797543458631e-03,1.277538571719259025e-02
6.080790356433332988e+00,6.705190150073232248e-03,1.342549652259134550e-02
6.083288626916666608e+00,6.689751718835658389e-03,1.407560732799033147e-02
6.085786897400000228e+00,6.674387022904222297e-03,1.472571813338931918e-02
6.088285167883332960e+00,6.659095690244262213e-03,1.537582893878807269e-02
6.090783438366666580e+00,6.643877246324572140e-03,1.602593974418706213e-02
6.093281708850000200e+00,6.628731325382570400e-03,1.667605054958604810e-02
6.095779979333332932e+00,6.613657459170737239e-03,1.732616135498480162e-02
6.098278249816666552e+00,6.598655288088266929e-03,1.774308235033121919e-02
6.100776520300000172e+00,6.583724350062315940e-03,1.816000334567755350e-02
6.103274790783333792e+00,6.568864291546122093e-03,1.857692434102389129e-02
6.105773061266666524e+00,6.554074656533992113e-03,1.899384533637007641e-02
6.108271331750000144e+00,6.539355097427527151e-03,1.941076633171641072e-02
6.110769602233333764e+00,6.524705164183798069e-03,1.982768732706274503e-02
6.113267872716666496e+00,6.510124515048801297e-03,2.024460832240893016e-02
6.115766143200000116e+00,6.495612705839193951e-03,2.066152931775526794e-02
6.118264413683333736e+00,6.481169400544998377e-03,2.107845031310160225e-02
6.120762684166666467e+00,6.466794160741507445e-03,2.149537130844778737e-02
6.123260954650000087e+00,6.452486656062505870e-03,2.153113186571849538e-02
6.125759225133333707e+00,6.438246453743666671e-03,2.156689242298919992e-02
6.128257495616666439e+00,6.424073228965487825e-03,2.160265298025989406e-02
6.130755766100000059e+00,6.409966554527407948e-03,2.163841353753060207e-02
6.133254036583333679e+00,6.395926111060768783e-03,2.167417409480131008e-02
6.135752307066666411e+00,6.381951476834241653e-03,2.170993465207200421e-02
6.138250577550000031e+00,6.368042337836533028e-03,2.174569520934271222e-02
6.140748848033333651e+00,6.354198277712462539e-03,2.178145576661341676e-02
6.143247118516666383e+00,6.340418987716691865e-03,2.181721632388411089e-02
6.145745389000000003e+00,6.326704056779051781e-03,2.185297688115481890e-02
6.148243659483333623e+00,6.313053181330508662e-03,2.150595242450222683e-02
6.150741929966666355e+00,6.299465955496675457e-03,2.115892796784975965e-02
6.153240200449999975e+00,6.285942080796591731e-03,2.081190351119717105e-02
6.155738470933333595e+00,6.272481156464054276e-03,2.046487905454457898e-02
6.158236741416666327e+00,6.259082889020514337e-03,2.011785459789211181e-02
6.160735011899999947e+00,6.245746882722299706e-03,1.977083014123952320e-02
6.163233282383333567e+00,6.232472849007789605e-03,1.942380568458693113e-02
6.165731552866666298e+00,6.219260397072302014e-03,1.907678122793446396e-02
6.168229823349999918e+00,6.206109243188559152e-03,1.872975677128187189e-02
6.170728093833333538e+00,6.193019001408143695e-03,1.838273231462928328e-02
6.173226364316666270e+00,6.179989392756893296e-03,1.778874895218524044e-02
6.175724634799999890e+00,6.167020036061963799e-03,1.719476558974098249e-02
6.178222905283333510e+00,6.154110657022707036e-03,1.660078222729672801e-02
6.180721175766667130e+00,6.141260879162421631e-03,1.600679886485247352e-02
6.183219446249999862e+00,6.128470432776021194e-03,1.541281550240842894e-02
6.185717716733333482e+00,6.115738946005485656e-03,1.481883213996417273e-02
6.188215987216667102e+00,6.103066153664325061e-03,1.422484877751991825e-02
6.190714257699999834e+00,6.090451688437316900e-03,1.363086541507587367e-02
6.193212528183333454e+00,6.077895289581543466e-03,1.303688205263161745e-02
6.195710798666667074e+00,6.065396594249689195e-03,1.244289869018736297e-02
6.198209069149999806e+00,6.052955346068649052e-03,1.181824434186413281e-02
6.200707339633333426e+00,6.040571186586175118e-03,1.119358999354067886e-02
6.203205610116667046e+00,6.028243863726908541e-03,1.056893564521722666e-02
6.205703880599999778e+00,6.015973023361243475e-03,9.944281296893996494e-03
6.208202151083333398e+00,6.003758417641030798e-03,9.319626948570542552e-03
6.210700421566667018e+00,5.991599696689112013e-03,8.694972600247090344e-03
6.213198692049999750e+00,5.979496616814888171e-03,8.070318251923860181e-03
6.215696962533333370e+00,5.967448832324655575e-03,7.445663903600407106e-03
6.218195233016666990e+00,5.955456103617113618e-03,6.821009555276954031e-03
6.220693503499999721e+00,5.943518089114314083e-03,6.196355206953723868e-03
6.223191773983333341e+00,5.931634553237513825e-03,5.748807211198555915e-03
6.225690044466666961e+00,5.919805158457946623e-03,5.301259215443450412e-03
6.228188314949999693e+00,5.908029673153936644e-03,4.853711219688503636e-03
6.230686585433333313e+00,5.896307763780916922e-03,4.406163223933398133e-03
6.233184855916666933e+00,5.884639202609754163e-03,3.958615228178292630e-03
6.235683126399999665e+00,5.873023660015935787e-03,3.511067232423346722e-03
6.238181396883333285e+00,5.861460912100126958e-03,3.063519236668241219e-03
6.240679667366666905e+00,5.849950633095363922e-03,2.615971240913135716e-03
6.243177937849999637e+00,5.838492602869883169e-03,2.168423245158189808e-03
6.245676208333333257e+00,5.827086499452436424e-03,1.720875249403084088e-03
6.248174478816666877e+00,5.815732106418418021e-03,1.548787724462757399e-03
6.250672749299999609e+00,5.804429105532070768e-03,1.376700199522491643e-03
6.253171019783333229e+00,5.793177284016288835e-03,1.204612674582164955e-03
6.255669290266666849e+00,5.781976327311436070e-03,1.032525149641838266e-03
6.258167560750000469e+00,5.770826026229544312e-03,8.604376247015114694e-04
6.260665831233333201e+00,5.759726069828913220e-03,6.883500997612458216e-04
6.263164101716666821e+00,5.748676252453318106e-03,5.162625748209191331e-04
6.265662372200000441e+00,5.737676266721937653e-03,3.441750498805922279e-04
6.268160642683333172e+00,5.726725910454207903e-03,1.720875249403266884e-04
6.270658913166666792e+00,5.715824879774190556e-03,0.000000000000000000e+00
6.273157183650000412e+00,5.704972975921473836e-03,0.000000000000000000e+00
6.275655454133333144e+00,5.694169898470031674e-03,0.000000000000000000e+00
6.278153724616666764e+00,5.683415452025804629e-03,0.000000000000000000e+00
6.280651995100000384e+00,5.672709339558604062e-03,0.000000000000000000e+00
6.283150265583333116e+00,5.662051368987180630e-03,0.000000000000000000e+00
6.285648536066666736e+00,5.651441246624695595e-03,0.000000000000000000e+00
6.288146806550000356e+00,5.640878783650284632e-03,0.000000000000000000e+00
6.290645077033333088e+00,5.630363689668381640e-03,0.000000000000000000e+00
6.293143347516666708e+00,5.619895779067674707e-03,0.000000000000000000e+00
6.295641618000000328e+00,5.609474764692678680e-03,0.000000000000000000e+00
6.298139888483333060e+00,5.599100464091308002e-03,0.000000000000000000e+00
6.300638158966666680e+00,5.588772593297699695e-03,0.000000000000000000e+00
6.303136429450000300e+00,5.578490972970101373e-03,0.000000000000000000e+00
6.305634699933333032e+00,5.568255322283372118e-03,0.000000000000000000e+00
6.308132970416666652e+00,5.558065464957057285e-03,0.000000000000000000e+00
6.310631240900000272e+00,5.547921123258648009e-03,0.000000000000000000e+00
6.313129511383333003e+00,5.537822123921587805e-03,0.000000000000000000e+00
6.315627781866666624e+00,5.527768192258439815e-03,0.000000000000000000e+00
6.318126052350000244e+00,5.517759157969944969e-03,0.000000000000000000e+00
6.320624322833332975e+00,5.507794749367257367e-03,0.000000000000000000e+00
6.323122593316666595e+00,5.497874799072602174e-03,0.000000000000000000e+00
6.325620863800000215e+00,5.487999038349755145e-03,0.000000000000000000e+00
6.328119134283332947e+00,5.478167302697557056e-03,0.000000000000000000e+00
6.330617404766666567e+00,5.468379326288016345e-03,0.000000000000000000e+00
6.333115675250000187e+00,5.458634947451744199e-03,0.000000000000000000e+00
6.335613945733332919e+00,5.448933903224985678e-03,0.000000000000000000e+00
6.338112216216666539e+00,5.439276034727216595e-03,0.000000000000000000e+00
6.340610486700000159e+00,5.429661081815487234e-03,0.000000000000000000e+00
6.343108757183333779e+00,5.420088888355268676e-03,0.000000000000000000e+00
6.345607027666666511e+00,5.410559196981926978e-03,0.000000000000000000e+00
6.348105298150000131e+00,5.401071854265620392e-03,1.831475451170210347e-04
6.350603568633333751e+00,5.391626605577908189e-03,3.662950902340420694e-04
6.353101839116666483e+00,5.382223300152186307e-03,5.494426353509979707e-04
6.355600109600000103e+00,5.372861686055839352e-03,7.325901804680189783e-04
6.358098380083333723e+00,5.363541615145525979e-03,9.157377255850399859e-04
6.360596650566666455e+00,5.354262838143380478e-03,1.098885270701995941e-03
6.363094921050000075e+00,5.345025209489468083e-03,1.282032815819016949e-03
6.365593191533333695e+00,5.335828482522123745e-03,1.465180360936037957e-03
6.368091462016666426e+00,5.326672514225450593e-03,1.648327906052993912e-03
6.370589732500000046e+00,5.317557060515015407e-03,1.831475451170014920e-03
6.373088002983333666e+00,5.308481980880838669e-03,2.182024569084316419e-03
6.375586273466666398e+00,5.299447033777474406e-03,2.532573686998493018e-03
6.378084543950000018e+00,5.290452081163812825e-03,2.883122804912794518e-03
6.380582814433333638e+00,5.281496883995505376e-03,3.233671922827096017e-03
6.383081084916666370e+00,5.272581306663162888e-03,3.584221040741272617e-03
6.385579355399999990e+00,5.263705112587137996e-03,3.934770158655573682e-03
6.388077625883333610e+00,5.254868168553718071e-03,4.285319276569875616e-03
6.390575896366666342e+00,5.246070240411477431e-03,4.635868394484052649e-03
6.393074166849999962e+00,5.237311197306651622e-03,4.986417512398354582e-03
6.395572437333333582e+00,5.228590807480813958e-03,5.336966630312655648e-03
6.398070707816666314e+00,5.219908942405268072e-03,5.708152418572884010e-03
6.400568978299999934e+00,5.211265372679360110e-03,6.079338206833244211e-03
6.403067248783333554e+00,5.202659972065038808e-03,6.450523995093604412e-03
6.405565519266666286e+00,5.194092513485461596e-03,6.821709783353831907e-03
6.408063789749999906e+00,5.185562872959547862e-03,7.192895571614192976e-03
6.410562060233333526e+00,5.177070825700362880e-03,7.564081359874552310e-03
6.413060330716666257e+00,5.168616249950466583e-03,7.935267148134781540e-03
6.415558601199999877e+00,5.160198923179981634e-03,8.306452936395140874e-03
6.418056871683333497e+00,5.151818725822658769e-03,8.677638724655500208e-03
6.420555142166667117e+00,5.143475437572890031e-03,9.048824512915861276e-03
6.423053412649999849e+00,5.135168941023633866e-03,9.265032303128171304e-03
6.425551683133333469e+00,5.126899018061435893e-03,9.481240093340559394e-03
6.428049953616667089e+00,5.118665553407308368e-03,9.697447883552947484e-03
6.430548224099999821e+00,5.110468331108649134e-03,9.913655673765257512e-03
6.433046494583333441e+00,5.102307237983224643e-03,1.012986346397764387e-02
6.435544765066667061e+00,5.094182060208493623e-03,1.034607125419003196e-02
6.438043035549999793e+00,5.086092686668704926e-03,1.056227904440234198e-02
6.440541306033333413e+00,5.078038905640945046e-03,1.077848683461473007e-02
6.443039576516667033e+00,5.070020608046386414e-03,1.099469462482711643e-02
6.445537846999999765e+00,5.062037584231575578e-03,1.121090241503942819e-02
6.448036117483333385e+00,5.054089727125147744e-03,1.116120917840425150e-02
6.450534387966667005e+00,5.046176829114227234e-03,1.111151594176898114e-02
6.453032658449999737e+00,5.038298785105956024e-03,1.106182270513372812e-02
6.455530928933333357e+00,5.030455389499035104e-03,1.101212946849845602e-02
6.458029199416666977e+00,5.022646539150779979e-03,1.096243623186318565e-02
6.460527469899999709e+00,5.014872030443548803e-03,1.091274299522793263e-02
6.463025740383333329e+00,5.007131762156653496e-03,1.086304975859266227e-02
6.465524010866666949e+00,4.999425532627784809e-03,1.081335652195739017e-02
6.468022281349999680e+00,4.991753242531724553e-03,1.076366328532213715e-02
6.470520551833333300e+00,4.984114692134174185e-03,1.071397004868686678e-02
6.473018822316666920e+00,4.976509783977664525e-03,1.041304768275765590e-02
6.475517092799999652e+00,4.968938320229372534e-03,1.011212531682855256e-02
6.478015363283333272e+00,4.961400205273352494e-03,9.811202950899341677e-03
6.480513633766666892e+00,4.953895243151326157e-03,9.510280584970130791e-03
6.483011904249999624e+00,4.946423340063555579e-03,9.209358219041025723e-03
6.485510174733333244e+00,4.938984301900008894e-03,8.908435853111814837e-03
6.488008445216666864e+00,4.931578036651114265e-03,8.607513487182603951e-03
6.490506715699999596e+00,4.924204352030104453e-03,8.306591121253500618e-03
6.493004986183333216e+00,4.916863157792264113e-03,8.005668755324289732e-03
6.495503256666666836e+00,4.909554263448788827e-03,7.704746389395078845e-03
6.498001527150000456e+00,4.902277580495438200e-03,7.298644116737055751e-03
6.500499797633333188e+00,4.895032920216654294e-03,6.892541844079177506e-03
6.502998068116666808e+00,4.887820195823966603e-03,6.486439571421154411e-03
6.505496338600000428e+00,4.880639220350728100e-03,6.080337298763132184e-03
6.507994609083333160e+00,4.873489908700931288e-03,5.674235026105253071e-03
6.510492879566666780e+00,4.866372075632926023e-03,5.268132753447229977e-03
6.512991150050000400e+00,4.859285637719029140e-03,4.862030480789206882e-03
6.515489420533333131e+00,4.852230411419352490e-03,4.455928208131328637e-03
6.517987691016666751e+00,4.845206314951927724e-03,4.049825935473306410e-03
6.520485961500000371e+00,4.838213166455002621e-03,3.643723662815282881e-03
6.522984231983333103e+00,4.831250885769679433e-03,3.343536034488982234e-03
6.525482502466666723e+00,4.824319292689821688e-03,3.043348406162574901e-03
6.527980772950000343e+00,4.817418308657067313e-03,2.743160777836167567e-03
6.530479043433333075e+00,4.810547755098728423e-03,2.442973149509867353e-03
6.532977313916666695e+00,4.803707555035090747e-03,2.142785521183459586e-03
6.535475584400000315e+00,4.796897531504498886e-03,1.842597892857052470e-03
6.537973854883333047e+00,4.790117609084565756e-03,1.542410264530752039e-03
6.540472125366666667e+00,4.783367612403437164e-03,1.242222636204344706e-03
6.542970395850000287e+00,4.776647467574461972e-03,9.420350078779373727e-04
6.545468666333333019e+00,4.769957000793858051e-03,6.418473795516367250e-04
6.547966936816666639e+00,4.763296139690530173e-03,5.776626415963907616e-04
6.550465207300000259e+00,4.756664712008003629e-03,5.134779036412286069e-04
6.552963477783332991e+00,4.750062646869446237e-03,4.492931656860892748e-04
6.555461748266666611e+00,4.743489773545410057e-03,3.851084277309271744e-04
6.557960018750000231e+00,4.736946022633546638e-03,3.209236897757650198e-04
6.560458289233332962e+00,4.730431224910788997e-03,2.567389518206257418e-04
6.562956559716666582e+00,4.723945312429520850e-03,1.925542138654635872e-04
6.565454830200000202e+00,4.717488117453161496e-03,1.283694759103014326e-04
6.567953100683332934e+00,4.711059573469217505e-03,6.418473795516215462e-05
6.570451371166666554e+00,4.704659514208127391e-03,0.000000000000000000e+00
6.572949641650000174e+00,4.698287874573370965e-03,0.000000000000000000e+00
6.575447912133333794e+00,4.691944489742983122e-03,0.000000000000000000e+00
6.577946182616666526e+00,4.685629296017357510e-03,0.000000000000000000e+00
6.580444453100000146e+00,4.679342130003700910e-03,0.000000000000000000e+00
6.582942723583333766e+00,4.673082929380514665e-03,0.000000000000000000e+00
6.585440994066666498e+00,4.666851532165082472e-03,0.000000000000000000e+00
6.587939264550000118e+00,4.660647877396266285e-03,0.000000000000000000e+00
6.590437535033333738e+00,4.654471804483114976e-03,0.000000000000000000e+00
6.592935805516666470e+00,4.648323253806533294e-03,0.000000000000000000e+00
6.595434076000000090e+00,4.642202066149251662e-03,0.000000000000000000e+00
6.597932346483333710e+00,4.636108183217158354e-03,0.000000000000000000e+00
6.600430616966666442e+00,4.630041447148559169e-03,0.000000000000000000e+00
6.602928887450000062e+00,4.624001800956446112e-03,0.000000000000000000e+00
6.605427157933333682e+00,4.617989088117324496e-03,0.000000000000000000e+00
6.607925428416666414e+00,4.612003252934604620e-03,0.000000000000000000e+00
6.610423698900000034e+00,4.606044140206378736e-03,0.000000000000000000e+00
6.612921969383333654e+00,4.600111695508656354e-03,0.000000000000000000e+00
6.615420239866666385e+00,4.594205764943974993e-03,0.000000000000000000e+00
6.617918510350000005e+00,4.588326295345284030e-03,0.000000000000000000e+00
6.620416780833333625e+00,4.582473134102703002e-03,0.000000000000000000e+00
6.622915051316666357e+00,4.576646229289411429e-03,0.000000000000000000e+00
6.625413321799999977e+00,4.570845429566711658e-03,0.000000000000000000e+00
6.627911592283333597e+00,4.565070684232423390e-03,0.000000000000000000e+00
6.630409862766666329e+00,4.559321843203072329e-03,0.000000000000000000e+00
6.632908133249999949e+00,4.553598856984745168e-03,0.000000000000000000e+00
6.635406403733333569e+00,4.547901576733426668e-03,0.000000000000000000e+00
6.637904674216666301e+00,4.542229954148370615e-03,0.000000000000000000e+00
6.640402944699999921e+00,4.536583841609050094e-03,0.000000000000000000e+00
6.642901215183333541e+00,4.530963191992607407e-03,0.000000000000000000e+00
6.645399485666666273e+00,4.525367858886841614e-03,0.000000000000000000e+00
6.647897756149999893e+00,4.519797796331725265e-03,0.000000000000000000e+00
6.650396026633333513e+00,4.514252859108214971e-03,0.000000000000000000e+00
6.652894297116667133e+00,4.508733002404369250e-03,0.000000000000000000e+00
6.655392567599999865e+00,4.503238082179230120e-03,0.000000000000000000e+00
6.657890838083333485e+00,4.497768054754621922e-03,0.000000000000000000e+00
6.660389108566667105e+00,4.492322777253201019e-03,0.000000000000000000e+00
6.662887379049999836e+00,4.486902207115766456e-03,0.000000000000000000e+00
6.665385649533333456e+00,4.481506202614160377e-03,0.000000000000000000e+00
6.667883920016667076e+00,4.476134722294602269e-03,0.000000000000000000e+00
6.670382190499999808e+00,4.470787625563877980e-03,0.000000000000000000e+00
6.672880460983333428e+00,4.465464872059369747e-03,0.000000000000000000e+00
6.675378731466667048e+00,4.460166322308920656e-03,0.000000000000000000e+00
6.677877001949999780e+00,4.454891937027589954e-03,0.000000000000000000e+00
6.680375272433333400e+00,4.449641577850551102e-03,0.000000000000000000e+00
6.682873542916667020e+00,4.444415206557121405e-03,0.000000000000000000e+00
6.685371813399999752e+00,4.439212685875952059e-03,0.000000000000000000e+00
6.687870083883333372e+00,4.434033978637708616e-03,0.000000000000000000e+00
6.690368354366666992e+00,4.428878948651415043e-03,0.000000000000000000e+00
6.692866624849999724e+00,4.423747559785862205e-03,0.000000000000000000e+00
6.695364895333333344e+00,4.418639676917168399e-03,0.000000000000000000e+00
6.697863165816666964e+00,4.413555264939503057e-03,0.000000000000000000e+00
6.700361436299999696e+00,4.408494189783519410e-03,0.000000000000000000e+00
6.702859706783333316e+00,4.403456417355933704e-03,0.000000000000000000e+00
6.705357977266666936e+00,4.398441814628993064e-03,0.000000000000000000e+00
6.707856247749999667e+00,4.393450348509818359e-03,0.000000000000000000e+00
6.710354518233333287e+00,4.388481887000106677e-03,0.000000000000000000e+00
6.712852788716666907e+00,4.383536397994922118e-03,0.000000000000000000e+00
6.715351059199999639e+00,4.378613750512406512e-03,0.000000000000000000e+00
6.717849329683333259e+00,4.373713913424234247e-03,0.000000000000000000e+00
6.720347600166666879e+00,4.368836756753389193e-03,0.000000000000000000e+00
6.722845870649999611e+00,4.363982250335791784e-03,0.000000000000000000e+00
6.725344141133333231e+00,4.359150265186854251e-03,0.000000000000000000e+00
6.727842411616666851e+00,4.354340772095517675e-03,0.000000000000000000e+00
6.730340682100000471e+00,4.349553643058205570e-03,0.000000000000000000e+00
6.732838952583333203e+00,4.344788849805266556e-03,0.000000000000000000e+00
6.735337223066666823e+00,4.340046265302460737e-03,0.000000000000000000e+00
6.737835493550000443e+00,4.335325862210154084e-03,0.000000000000000000e+00
6.740333764033333175e+00,4.330627514452236974e-03,0.000000000000000000e+00
6.742832034516666795e+00,4.325951195608150959e-03,0.000000000000000000e+00
6.745330305000000415e+00,4.321296780548524764e-03,0.000000000000000000e+00
6.747828575483333147e+00,4.316664243760824464e-03,0.000000000000000000e+00
6.750326845966666767e+00,4.312053461051734704e-03,0.000000000000000000e+00
6.752825116450000387e+00,4.307464407806120034e-03,0.000000000000000000e+00
6.755323386933333119e+00,4.302896960754966534e-03,0.000000000000000000e+00
6.757821657416666739e+00,4.298351096170552159e-03,0.000000000000000000e+00
6.760319927900000359e+00,4.293826691698010220e-03,0.000000000000000000e+00
6.762818198383333090e+00,4.289323724485899492e-03,0.000000000000000000e+00
6.765316468866666710e+00,4.284842073083101714e-03,0.000000000000000000e+00
6.767814739350000330e+00,4.280381715504301410e-03,0.000000000000000000e+00
6.770313009833333062e+00,4.275942531191653621e-03,0.000000000000000000e+00
6.772811280316666682e+00,4.271524499016131869e-03,3.532423154654181418e-04
6.775309550800000302e+00,4.267127499302914018e-03,7.064846309309618343e-04
6.777807821283333034e+00,4.262751511769139606e-03,1.059726946396379868e-03
6.780306091766666654e+00,4.258396417613019048e-03,1.412969261861923669e-03
6.782804362250000274e+00,4.254062197388123502e-03,1.766211577327467253e-03
6.785302632733333006e+00,4.249748733155818414e-03,2.119453892792885503e-03
6.787800903216666626e+00,4.245456006296511806e-03,2.472696208258429087e-03
6.790299173700000246e+00,4.241183899724795467e-03,2.825938523723972671e-03
6.792797444183332978e+00,4.236932395638655195e-03,3.179180839189390921e-03
6.795295714666666598e+00,4.232701377796372483e-03,3.532423154654934505e-03
6.797793985150000218e+00,4.228490829204041915e-03,4.242228344012052149e-03
6.800292255633332950e+00,4.224300634454150084e-03,4.952033533368916524e-03
6.802790526116666570e+00,4.220130777351929242e-03,5.661838722726034168e-03
6.805288796600000190e+00,4.215981143314539645e-03,6.371643912083150944e-03
6.807787067083332921e+00,4.211851716937378351e-03,7.081449101440016186e-03
6.810285337566666541e+00,4.207742384453361066e-03,7.791254290797132963e-03
6.812783608050000161e+00,4.203653131238912870e-03,8.501059480154251474e-03
6.815281878533333781e+00,4.199583844333664405e-03,9.210864669511367384e-03
6.817780149016666513e+00,4.195534509886294540e-03,9.920669858868233493e-03
6.820278419500000133e+00,4.191505015734479575e-03,1.063047504822534940e-02
6.822776689983333753e+00,4.187495348790657226e-03,1.132542678051485542e-02
6.825274960466666485e+00,4.183505397681427408e-03,1.202037851280411337e-02
6.827773230950000105e+00,4.179535150074446641e-03,1.271533024509361939e-02
6.830271501433333725e+00,4.175584495377033210e-03,1.341028197738312541e-02
6.832769771916666457e+00,4.171653422003469489e-03,1.410523370967238337e-02
6.835268042400000077e+00,4.167741820133357908e-03,1.480018544196188938e-02
6.837766312883333697e+00,4.163849678919636504e-03,1.549513717425139367e-02
6.840264583366666429e+00,4.159976889305115784e-03,1.619008890654065336e-02
6.842762853850000049e+00,4.156123441174223304e-03,1.688504063883015938e-02
6.845261124333333669e+00,4.152289226224380354e-03,1.757999237111966540e-02
6.847759394816666401e+00,4.148474235063163464e-03,1.786346868652667966e-02
6.850257665300000021e+00,4.144678360135079474e-03,1.814694500193379800e-02
6.852755935783333641e+00,4.140901592762482979e-03,1.843042131734091288e-02
6.855254206266666372e+00,4.137143826129304966e-03,1.871389763274792714e-02
6.857752476749999992e+00,4.133405052265302047e-03,1.899737394815504202e-02
6.860250747233333612e+00,4.129685165085581616e-03,1.928085026356216036e-02
6.862749017716666344e+00,4.125984157319419719e-03,1.956432657896917462e-02
6.865247288199999964e+00,4.122301923605732783e-03,1.984780289437628950e-02
6.867745558683333584e+00,4.118638457365857847e-03,2.013127920978340785e-02
6.870243829166666316e+00,4.114993653954895393e-03,2.041475552519042211e-02
6.872742099649999936e+00,4.111367507479090320e-03,2.011852415523931320e-02
6.875240370133333556e+00,4.107759914001711879e-03,1.982229278528799613e-02
6.877738640616666288e+00,4.104170868306785715e-03,1.952606141533678313e-02
6.880236911099999908e+00,4.100600267158756307e-03,1.922983004538546953e-02
6.882735181583333528e+00,4.097048106011983749e-03,1.893359867543415245e-02
6.885233452066666260e+00,4.093514282324792371e-03,1.863736730548294293e-02
6.887731722549999880e+00,4.089998792215183282e-03,1.834113593553162586e-02
6.890229993033333500e+00,4.086501533827904820e-03,1.804490456558030878e-02
6.892728263516667120e+00,4.083022503937716596e-03,1.774867319562899171e-02
6.895226533999999852e+00,4.079561601368848593e-03,1.745244182567778218e-02
6.897724804483333472e+00,4.076118823545877429e-03,1.674030381239348733e-02
6.900223074966667092e+00,4.072694069965675581e-03,1.602816579910919595e-02
6.902721345449999824e+00,4.069287338696042991e-03,1.531602778582515437e-02
6.905219615933333444e+00,4.065898529899523647e-03,1.460388977254086125e-02
6.907717886416667064e+00,4.062527642280471668e-03,1.389175175925656813e-02
6.910216156899999795e+00,4.059174576660475042e-03,1.317961374597252655e-02
6.912714427383333415e+00,4.055839332374087773e-03,1.246747573268823170e-02
6.915212697866667035e+00,4.052521810895248419e-03,1.175533771940394032e-02
6.917710968349999767e+00,4.049222012182092031e-03,1.104319970611989873e-02
6.920209238833333387e+00,4.045939838354360892e-03,1.033106169283560562e-02
6.922707509316667007e+00,4.042675289988066460e-03,9.618165215921115757e-03
6.925205779799999739e+00,4.039428269841845338e-03,8.905268739006879167e-03
6.927704050283333359e+00,4.036198779103249319e-03,8.192372262092389307e-03
6.930202320766666979e+00,4.032986721164084735e-03,7.479475785177898579e-03
6.932700591249999711e+00,4.029792097817087686e-03,6.766579308263661989e-03
6.935198861733333331e+00,4.026614813080648357e-03,6.053682831349172129e-03
6.937697132216666951e+00,4.023454869346846340e-03,5.340786354434681402e-03
6.940195402699999683e+00,4.020312171254989200e-03,4.627889877520444811e-03
6.942693673183333303e+00,4.017186721790267159e-03,3.914993400605954951e-03
6.945191943666666923e+00,4.014078426206753834e-03,3.202096923691464658e-03
6.947690214149999655e+00,4.010987288077030692e-03,2.881887231322397946e-03
6.950188484633333275e+00,4.007913213263910972e-03,2.561677538953217176e-03
6.952686755116666895e+00,4.004856205922121583e-03,2.241467846584036840e-03
6.955185025599999626e+00,4.001816172516932217e-03,1.921258154214969911e-03
6.957683296083333246e+00,3.998793117779475895e-03,1.601048461845789358e-03
6.960181566566666866e+00,3.995786948771998769e-03,1.280838769476608805e-03
6.962679837049999598e+00,3.992797670796659724e-03,9.606290771075418761e-04
6.965178107533333218e+00,3.989825191506686172e-03,6.404193847383615398e-04
6.967676378016666838e+00,3.986869516769592919e-03,3.202096923691807699e-04
6.970174648500000458e+00,3.983930554824538853e-03,0.000000000000000000e+00
6.972672918983333190e+00,3.981008312099008385e-03,0.000000000000000000e+00
6.975171189466666810e+00,3.978102697412296170e-03,0.000000000000000000e+00
6.977669459950000430e+00,3.975213717746820322e-03,0.000000000000000000e+00
6.980167730433333162e+00,3.972341282496389021e-03,0.000000000000000000e+00
6.982666000916666782e+00,3.969485399193122162e-03,0.000000000000000000e+00
6.985164271400000402e+00,3.966645977800471214e-03,0.000000000000000000e+00
6.987662541883333134e+00,3.963823026394736222e-03,0.000000000000000000e+00
6.990160812366666754e+00,3.961016455503678542e-03,0.000000000000000000e+00
6.992659082850000374e+00,3.958226273743275028e-03,0.000000000000000000e+00
6.995157353333333106e+00,3.955452392199978150e-03,0.000000000000000000e+00
6.997655623816666726e+00,3.952694820024696236e-03,0.000000000000000000e+00
7.000153894300000346e+00,3.949953468857332270e-03,0.000000000000000000e+00
7.002652164783333077e+00,3.947228348378934749e-03,0.000000000000000000e+00
7.005150435266666697e+00,3.944519370778214185e-03,0.000000000000000000e+00
7.007648705750000317e+00,3.941826546261066599e-03,0.000000000000000000e+00
7.010146976233333049e+00,3.939149787560333217e-03,0.000000000000000000e+00
7.012645246716666669e+00,3.936489105402227358e-03,0.000000000000000000e+00
7.015143517200000289e+00,3.933844413058409234e-03,0.000000000000000000e+00
7.017641787683333021e+00,3.931215721770956427e-03,0.000000000000000000e+00
7.020140058166666641e+00,3.928602945345842194e-03,0.000000000000000000e+00
7.022638328650000261e+00,3.926006095536329829e-03,0.000000000000000000e+00
7.025136599133332993e+00,3.923425086678054841e-03,0.000000000000000000e+00
7.027634869616666613e+00,3.920859931030734775e-03,0.000000000000000000e+00
7.030133140100000233e+00,3.918310543455027009e-03,0.000000000000000000e+00
7.032631410583332965e+00,3.915776936713341594e-03,0.000000000000000000e+00
7.035129681066666585e+00,3.913259026186378248e-03,0.000000000000000000e+00
7.037627951550000205e+00,3.910756825134541897e-03,0.000000000000000000e+00
7.040126222033332937e+00,3.908270249454530096e-03,0.000000000000000000e+00
7.042624492516666557e+00,3.905799312900866838e-03,0.000000000000000000e+00
7.045122763000000177e+00,3.903343931881127910e-03,0.000000000000000000e+00
7.047621033483333797e+00,3.900904120639862860e-03,0.000000000000000000e+00
7.050119303966666529e+00,3.898479796091815566e-03,0.000000000000000000e+00
7.052617574450000149e+00,3.896070972966909039e-03,0.000000000000000000e+00
7.055115844933333769e+00,3.893677568682781757e-03,0.000000000000000000e+00
7.057614115416666500e+00,3.891299598450874333e-03,0.000000000000000000e+00
7.060112385900000120e+00,3.888936980187608985e-03,0.000000000000000000e+00
7.062610656383333740e+00,3.886589729581898123e-03,0.000000000000000000e+00
7.065108926866666472e+00,3.884257765044564926e-03,0.000000000000000000e+00
7.067607197350000092e+00,3.881941102738308176e-03,0.000000000000000000e+00
7.070105467833333712e+00,3.879639661564469270e-03,0.000000000000000000e+00
7.072603738316666444e+00,3.877353458155552175e-03,0.000000000000000000e+00
7.075102008800000064e+00,3.875082411898904487e-03,0.000000000000000000e+00
7.077600279283333684e+00,3.872826539893917119e-03,0.000000000000000000e+00
7.080098549766666416e+00,3.870585762010100590e-03,0.000000000000000000e+00
7.082596820250000036e+00,3.868360095809004334e-03,0.000000000000000000e+00
7.085095090733333656e+00,3.866149461638968519e-03,0.000000000000000000e+00
7.087593361216666388e+00,3.863953877520410335e-03,0.000000000000000000e+00
7.090091631700000008e+00,3.861773264276317612e-03,0.000000000000000000e+00
7.092589902183333628e+00,3.859607640382460743e-03,0.000000000000000000e+00
7.095088172666666360e+00,3.857456927132698297e-03,0.000000000000000000e+00
7.097586443149999980e+00,3.855321143454749910e-03,0.000000000000000000e+00
7.100084713633333600e+00,3.853200211109698067e-03,0.000000000000000000e+00
7.102582984116666331e+00,3.851094149473684083e-03,0.000000000000000000e+00
7.105081254599999951e+00,3.849002880771454707e-03,0.000000000000000000e+00
7.107579525083333571e+00,3.846926424823993770e-03,0.000000000000000000e+00
7.110077795566666303e+00,3.844864704316362965e-03,0.000000000000000000e+00
7.112576066049999923e+00,3.842817739511248786e-03,0.000000000000000000e+00
7.115074336533333543e+00,3.840785453550112170e-03,0.000000000000000000e+00
7.117572607016666275e+00,3.838767867134182041e-03,0.000000000000000000e+00
7.120070877499999895e+00,3.836764903858021734e-03,0.000000000000000000e+00
7.122569147983333515e+00,3.834776584858231967e-03,0.000000000000000000e+00
7.125067418466667135e+00,3.832802834178992979e-03,0.000000000000000000e+00
7.127565688949999867e+00,3.830843673389055896e-03,0.000000000000000000e+00
7.130063959433333487e+00,3.828899026979156080e-03,0.000000000000000000e+00
7.132562229916667107e+00,3.826968916946965008e-03,0.000000000000000000e+00
7.135060500399999839e+00,3.825053268226305016e-03,0.000000000000000000e+00
7.137558770883333459e+00,3.823152103240926893e-03,0.000000000000000000e+00
7.140057041366667079e+00,3.821265347364738441e-03,0.000000000000000000e+00
7.142555311849999811e+00,3.819393023444379604e-03,0.000000000000000000e+00
7.145053582333333431e+00,3.817535057290732427e-03,0.000000000000000000e+00
7.147551852816667051e+00,3.815691472170414274e-03,0.000000000000000000e+00
7.150050123299999782e+00,3.813862194327786830e-03,0.000000000000000000e+00
7.152548393783333402e+00,3.812047247447265634e-03,0.000000000000000000e+00
7.155046664266667023e+00,3.810246558203633695e-03,0.000000000000000000e+00
7.157544934749999754e+00,3.808460150695535968e-03,0.000000000000000000e+00
7.160043205233333374e+00,3.806687952025747303e-03,0.000000000000000000e+00
7.162541475716666994e+00,3.804929986704689605e-03,0.000000000000000000e+00
7.165039746199999726e+00,3.803186182259669663e-03,0.000000000000000000e+00
7.167538016683333346e+00,3.801456563610213554e-03,0.000000000000000000e+00
7.170036287166666966e+00,3.799741058705553582e-03,0.000000000000000000e+00
7.172534557649999698e+00,3.798039692871416941e-03,0.000000000000000000e+00
7.175032828133333318e+00,3.796352394476256581e-03,0.000000000000000000e+00
7.177531098616666938e+00,3.794679189249571764e-03,0.000000000000000000e+00
7.180029369099999670e+00,3.793020005976044124e-03,0.000000000000000000e+00
7.182527639583333290e+00,3.791374870786574057e-03,0.000000000000000000e+00
7.185025910066666910e+00,3.789743712879125887e-03,0.000000000000000000e+00
7.187524180549999642e+00,3.788126558783533934e-03,0.000000000000000000e+00
7.190022451033333262e+00,3.786523338108785299e-03,0.000000000000000000e+00
7.192520721516666882e+00,3.784934077780538735e-03,0.000000000000000000e+00
7.195018991999999614e+00,3.783358707816438828e-03,0.000000000000000000e+00
7.197517262483333234e+00,3.781797255536253118e-03,2.877302520985107795e-04
7.200015532966666854e+00,3.780249651362670247e-03,5.754605041971237993e-04
7.202513803450000474e+00,3.778715923007933738e-03,8.631907562957368734e-04
7.205012073933333205e+00,3.777196001297594002e-03,1.150921008394247599e-03
7.207510344416666825e+00,3.775689914332694668e-03,1.438651260492860781e-03
7.210008614900000445e+00,3.774197593340048503e-03,1.726381512591473747e-03
7.212506885383333177e+00,3.772719066807606221e-03,2.014111764689984364e-03
7.215005155866666797e+00,3.771254266360410650e-03,2.301842016788597546e-03
7.217503426350000417e+00,3.769803220871408359e-03,2.589572268887210729e-03
7.220001696833333149e+00,3.768365862361488291e-03,2.877302520985721562e-03
7.222499967316666769e+00,3.766942220086385434e-03,3.444449175140153283e-03
7.224998237800000389e+00,3.765532226460479963e-03,4.011595829294684751e-03
7.227496508283333121e+00,3.764135911120378413e-03,4.578742483449015424e-03
7.229994778766666741e+00,3.762753206871498422e-03,5.145889137603546458e-03
7.232493049250000361e+00,3.761384143729264596e-03,5.713035791758077492e-03
7.234991319733333093e+00,3.760028654887944115e-03,6.280182445912408165e-03
7.237489590216666713e+00,3.758686770739697123e-03,6.847329100066940066e-03
7.239987860700000333e+00,3.757358424865852708e-03,7.414475754221471968e-03
7.242486131183333065e+00,3.756043648032939084e-03,7.981622408375800906e-03
7.244984401666666685e+00,3.754742374207206169e-03,8.548769062530332807e-03
7.247482672150000305e+00,3.753454634527920043e-03,8.953305314761249994e-03
7.249980942633333036e+00,3.752180363343838448e-03,9.357841566992024934e-03
7.252479213116666656e+00,3.750919592165283083e-03,9.762377819222942121e-03
7.254977483600000276e+00,3.749672255721489024e-03,1.016691407145385931e-02
7.257475754083333008e+00,3.748438385891886358e-03,1.057145032368463425e-02
7.259974024566666628e+00,3.747217917784358664e-03,1.097598657591555144e-02
7.262472295050000248e+00,3.746010883645615585e-03,1.138052282814646862e-02
7.264970565533332980e+00,3.744817218960270165e-03,1.178505908037724356e-02
7.267468836016666600e+00,3.743636956340577748e-03,1.218959533260816075e-02
7.269967106500000220e+00,3.742470031645496031e-03,1.259413158483907794e-02
7.272465376983332952e+00,3.741316477851597006e-03,1.249825720736983878e-02
7.274963647466666572e+00,3.740176231190569297e-03,1.240238282990056666e-02
7.277461917950000192e+00,3.739049325001300543e-03,1.230650845243129454e-02
7.279960188433332924e+00,3.737935695886254826e-03,1.221063407496205712e-02
7.282458458916666544e+00,3.736835377545302730e-03,1.211475969749278327e-02
7.284956729400000164e+00,3.735748306950009787e-03,1.201888532002351115e-02
7.287454999883333784e+00,3.734674518159333476e-03,1.192301094255423903e-02
7.289953270366666516e+00,3.733613948512207355e-03,1.182713656508499987e-02
7.292451540850000136e+00,3.732566632425284980e-03,1.173126218761572775e-02
7.294949811333333756e+00,3.731532507603532202e-03,1.163538781014645564e-02
7.297448081816666487e+00,3.730511608819314130e-03,1.110259894643669115e-02
7.299946352300000108e+00,3.729503874141854719e-03,1.056981008272673758e-02
7.302444622783333728e+00,3.728509338698529803e-03,1.003702121901678228e-02
7.304942893266666459e+00,3.727527940920748878e-03,9.504232355307017793e-03
7.307441163750000079e+00,3.726559716289153373e-03,8.971443491597064224e-03
7.309939434233333699e+00,3.725604603596415453e-03,8.438654627887108919e-03
7.312437704716666431e+00,3.724662638674830582e-03,7.905865764177344435e-03
7.314935975200000051e+00,3.723733760676334759e-03,7.373076900467389998e-03
7.317434245683333671e+00,3.722818005784577812e-03,6.840288036757436428e-03
7.319932516166666403e+00,3.721915313508939414e-03,6.307499173047671076e-03
7.322430786650000023e+00,3.721025720382512090e-03,5.777427501211126332e-03
7.324929057133333643e+00,3.720149166271053201e-03,5.247355829374583322e-03
7.327427327616666375e+00,3.719285688056136064e-03,4.717284157538227662e-03
7.329925598099999995e+00,3.718435225958384351e-03,4.187212485701683785e-03
7.332423868583333615e+00,3.717597817206339927e-03,3.657140813865139908e-03
7.334922139066666347e+00,3.716773402374307089e-03,3.127069142028784682e-03
7.337420409549999967e+00,3.715962019036659139e-03,2.596997470192240805e-03
7.339918680033333587e+00,3.715163608120237819e-03,2.066925798355697362e-03
7.342416950516666319e+00,3.714378207544314150e-03,1.536854126519341703e-03
7.344915220999999939e+00,3.713605758586417237e-03,1.006782454682798259e-03
7.347413491483333559e+00,3.712846299509737005e-03,9.061042092145077213e-04
7.349911761966666290e+00,3.712099771941394875e-03,8.054259637462529622e-04
7.352410032449999910e+00,3.711366214487669176e-03,7.047477182779624243e-04
7.354908302933333530e+00,3.710645569123926634e-03,6.040694728096717781e-04
7.357406573416666262e+00,3.709937874798288453e-03,5.033912273414170189e-04
7.359904843899999882e+00,3.709243073833491926e-03,4.027129818731264811e-04
7.362403114383333502e+00,3.708561205518423002e-03,3.020347364048358348e-04
7.364901384866667122e+00,3.707892212522358611e-03,2.013564909365452970e-04
7.367399655349999854e+00,3.707236134473955013e-03,1.006782454682905378e-04
7.369897925833333474e+00,3.706592914387356070e-03,0.000000000000000000e+00
7.372396196316667094e+00,3.705962592230588933e-03,0.000000000000000000e+00
7.374894466799999826e+00,3.705345111361687312e-03,0.000000000000000000e+00
7.377392737283333446e+00,3.704740512086684458e-03,0.000000000000000000e+00
7.379891007766667066e+00,3.704148738107371219e-03,0.000000000000000000e+00
7.382389278249999798e+00,3.703569830066841522e-03,0.000000000000000000e+00
7.384887548733333418e+00,3.703003732008832306e-03,0.000000000000000000e+00
7.387385819216667038e+00,3.702450484913499904e-03,0.000000000000000000e+00
7.389884089699999770e+00,3.701910033165195079e-03,0.000000000000000000e+00
7.392382360183333390e+00,3.701382418080364188e-03,0.000000000000000000e+00
7.394880630666667010e+00,3.700867584383707269e-03,0.000000000000000000e+00
7.397378901149999741e+00,3.700365573726952396e-03,0.000000000000000000e+00
7.399877171633333361e+00,3.699876331173814446e-03,0.000000000000000000e+00
7.402375442116666981e+00,3.699399898711216040e-03,0.000000000000000000e+00
7.404873712599999713e+00,3.698936221741117546e-03,0.000000000000000000e+00
7.407371983083333333e+00,3.698485342584093526e-03,0.000000000000000000e+00
7.409870253566666953e+00,3.698047206980557139e-03,0.000000000000000000e+00
7.412368524049999685e+00,3.697621857584676344e-03,0.000000000000000000e+00
7.414866794533333305e+00,3.697209240473363356e-03,0.000000000000000000e+00
7.417365065016666925e+00,3.696809398633843936e-03,0.000000000000000000e+00
7.419863335499999657e+00,3.696422278479469508e-03,0.000000000000000000e+00
7.422361605983333277e+00,3.696047923329875279e-03,0.000000000000000000e+00
7.424859876466666897e+00,3.695686279934019217e-03,0.000000000000000000e+00
7.427358146949999629e+00,3.695337391943738677e-03,0.000000000000000000e+00
7.429856417433333249e+00,3.695001206442801063e-03,0.000000000000000000e+00
7.432354687916666869e+00,3.694677767414592320e-03,0.000000000000000000e+00
7.434852958399999601e+00,3.694367022277242167e-03,0.000000000000000000e+00
7.437351228883333221e+00,3.694069015345807869e-03,0.000000000000000000e+00
7.439849499366666841e+00,3.693783694371656056e-03,0.000000000000000000e+00
7.442347769850000461e+00,3.693511104001096813e-03,0.000000000000000000e+00
7.444846040333333193e+00,3.693251192318735415e-03,0.000000000000000000e+00
7.447344310816666813e+00,3.693004004301245289e-03,0.000000000000000000e+00
7.449842581300000433e+00,3.692769488366233564e-03,0.000000000000000000e+00
7.452340851783333164e+00,3.692547689820828514e-03,0.000000000000000000e+00
7.454839122266666784e+00,3.692338557414600458e-03,0.000000000000000000e+00
7.457337392750000404e+00,3.692142136784834147e-03,0.000000000000000000e+00
7.459835663233333136e+00,3.691958377013272990e-03,0.000000000000000000e+00
7.462333933716666756e+00,3.691787324066704654e-03,0.000000000000000000e+00
7.464832204200000376e+00,3.691628927358927680e-03,0.000000000000000000e+00
7.467330474683333108e+00,3.691483233186175841e-03,0.000000000000000000e+00
7.469828745166666728e+00,3.691350191293055107e-03,0.000000000000000000e+00
7.472327015650000348e+00,3.691229848305898915e-03,0.000000000000000000e+00
7.474825286133333080e+00,3.691122154300120663e-03,0.000000000000000000e+00
7.477323556616666700e+00,3.691027156231619592e-03,0.000000000000000000e+00
7.479821827100000320e+00,3.690944804505846312e-03,0.000000000000000000e+00
7.482320097583333052e+00,3.690875146409035214e-03,0.000000000000000000e+00
7.484818368066666672e+00,3.690818132676498484e-03,0.000000000000000000e+00
7.487316638550000292e+00,3.690773810923797353e-03,0.000000000000000000e+00
7.489814909033333024e+00,3.690742132216756968e-03,0.000000000000000000e+00
7.492313179516666644e+00,3.690723144500029050e-03,0.000000000000000000e+00
